model,method,role,metric,mean,std,median,minimum,maximum,lo,hi,replicates,interval_scope,observed
CodeBERT_partial_s2026,format_platt,same_period,AP,0.98353684872318836,0.00037812307324998622,0.98357615690808786,0.98225068367312518,0.98415708719508599,0.9824897621157086,0.9840941303270675,200,calibration_resampling_fixed_trained_models_threshold_and_evaluation_cohorts,0.98363104806123547
CodeBERT_partial_s2026,format_platt,same_period,Accuracy,0.93937483333333338,0.00012523556809211454,0.93940000000000001,0.93893333333333329,0.93966666666666665,0.93899999999999995,0.93956666666666666,200,calibration_resampling_fixed_trained_models_threshold_and_evaluation_cohorts,0.9395
CodeBERT_partial_s2026,format_platt,same_period,Brier,0.048861571431683438,9.3371458966952874e-05,0.048862962080773696,0.048601100965107301,0.049114954244811708,0.048688111137680526,0.049058817557012628,200,calibration_resampling_fixed_trained_models_threshold_and_evaluation_cohorts,0.048831827611872061
CodeBERT_partial_s2026,format_platt,same_period,ECE,0.029104951583540699,0.0010363872195225244,0.029073241610650877,0.025751511896535514,0.032042423597804272,0.02716486115990914,0.031031309740036123,200,calibration_resampling_fixed_trained_models_threshold_and_evaluation_cohorts,0.029676436985667728
CodeBERT_partial_s2026,format_platt,same_period,F1,0.93938386112060257,0.00010814828552369847,0.93939595973064871,0.93900652550273001,0.93966666666666665,0.93907706750301656,0.93954550192292241,200,calibration_resampling_fixed_trained_models_threshold_and_evaluation_cohorts,0.93949798326610889
CodeBERT_partial_s2026,format_platt,same_period,LogLoss,0.17535544654857355,0.00024890019206080864,0.17533269142947483,0.1747779303870316,0.1762053642153413,0.17491863956761849,0.17589070782721281,200,calibration_resampling_fixed_trained_models_threshold_and_evaluation_cohorts,0.17516821872678126
CodeBERT_partial_s2026,format_platt,same_period,ROC_AUC,0.9832681619163991,0.00019742661756449521,0.98328771531261705,0.98269109618029316,0.98368503843218336,0.98281638042022579,0.9836075958354551,200,calibration_resampling_fixed_trained_models_threshold_and_evaluation_cohorts,0.98335585178422957
CodeBERT_partial_s2026,format_platt,same_period,deployed_per_format_FPR_0.001,0.0012044161927065907,0,0.0012044161927065907,0.0012044161927065907,0.0012044161927065907,0.0012044161927065907,0.0012044161927065907,200,calibration_resampling_fixed_trained_models_threshold_and_evaluation_cohorts,0.0012044161927065907
CodeBERT_partial_s2026,format_platt,same_period,deployed_per_format_FPR_0.005,0.0050184008029441288,0,0.0050184008029441288,0.0050184008029441288,0.0050184008029441288,0.0050184008029441288,0.0050184008029441288,200,calibration_resampling_fixed_trained_models_threshold_and_evaluation_cohorts,0.0050184008029441288
CodeBERT_partial_s2026,format_platt,same_period,deployed_per_format_FPR_0.01,0.010237537638006023,0,0.010237537638006023,0.010237537638006023,0.010237537638006023,0.010237537638006023,0.010237537638006023,200,calibration_resampling_fixed_trained_models_threshold_and_evaluation_cohorts,0.010237537638006023
CodeBERT_partial_s2026,format_platt,same_period,deployed_per_format_FPR_0.05,0.047574439611910338,0,0.047574439611910338,0.047574439611910338,0.047574439611910338,0.047574439611910338,0.047574439611910338,200,calibration_resampling_fixed_trained_models_threshold_and_evaluation_cohorts,0.047574439611910338
CodeBERT_partial_s2026,format_platt,same_period,deployed_per_format_TPR_0.001,0.4633676519428761,0,0.4633676519428761,0.4633676519428761,0.4633676519428761,0.4633676519428761,0.4633676519428761,200,calibration_resampling_fixed_trained_models_threshold_and_evaluation_cohorts,0.4633676519428761
CodeBERT_partial_s2026,format_platt,same_period,deployed_per_format_TPR_0.005,0.67758219860511459,0,0.67758219860511459,0.67758219860511459,0.67758219860511459,0.67758219860511459,0.67758219860511459,200,calibration_resampling_fixed_trained_models_threshold_and_evaluation_cohorts,0.67758219860511459
CodeBERT_partial_s2026,format_platt,same_period,deployed_per_format_TPR_0.01,0.78498837595483228,0,0.78498837595483228,0.78498837595483228,0.78498837595483228,0.78498837595483228,0.78498837595483228,200,calibration_resampling_fixed_trained_models_threshold_and_evaluation_cohorts,0.78498837595483228
CodeBERT_partial_s2026,format_platt,same_period,deployed_per_format_TPR_0.05,0.92348057123879113,0,0.92348057123879113,0.92348057123879113,0.92348057123879113,0.92348057123879113,0.92348057123879113,200,calibration_resampling_fixed_trained_models_threshold_and_evaluation_cohorts,0.92348057123879113
CodeBERT_partial_s2026,format_platt,same_period,deployed_pooled_FPR_0.001,0.0011903646704583472,0.00018741486391360353,0.0011375041820006692,0.00073603211776513886,0.0015389762462361995,0.00073603211776513886,0.0014737370357979262,200,calibration_resampling_fixed_trained_models_threshold_and_evaluation_cohorts,0.0011375041820006692
CodeBERT_partial_s2026,format_platt,same_period,deployed_pooled_FPR_0.005,0.0052626296420207434,0.00017450451677609107,0.0052860488457678149,0.0047507527601204419,0.0056206088992974239,0.0048829039812646373,0.0055536968885915019,200,calibration_resampling_fixed_trained_models_threshold_and_evaluation_cohorts,0.0052860488457678149
CodeBERT_partial_s2026,format_platt,same_period,deployed_pooled_FPR_0.01,0.010140180662428906,0.00014875983864131575,0.0101706256273001,0.0095684175309468048,0.010705921712947474,0.0098360655737704927,0.010371361659417865,200,calibration_resampling_fixed_trained_models_threshold_and_evaluation_cohorts,0.010304449648711944
CodeBERT_partial_s2026,format_platt,same_period,deployed_pooled_FPR_0.05,0.048289729006356641,0.00014204321693071914,0.048310471729675473,0.047842087654734022,0.048578119772499165,0.047975911676145871,0.04851120776179324,200,calibration_resampling_fixed_trained_models_threshold_and_evaluation_cohorts,0.048377383740381398
CodeBERT_partial_s2026,format_platt,same_period,deployed_pooled_TPR_0.001,0.36848820989704412,0.051904957759943707,0.36778478910660911,0.20092992361341747,0.47778146795084692,0.21848057123879111,0.47369478578545332,200,calibration_resampling_fixed_trained_models_threshold_and_evaluation_cohorts,0.36851544337429426
CodeBERT_partial_s2026,format_platt,same_period,deployed_pooled_TPR_0.005,0.67391298571903024,0.010014891467209677,0.67774825639322489,0.61760212553968785,0.68535370308867483,0.65220856858186649,0.68455828628362669,200,calibration_resampling_fixed_trained_models_threshold_and_evaluation_cohorts,0.67884423779475256
CodeBERT_partial_s2026,format_platt,same_period,deployed_pooled_TPR_0.01,0.77607539023580197,0.0037447457232325288,0.77651942876120894,0.76233809365659244,0.7861175689139821,0.7684390567917635,0.78355363666555966,200,calibration_resampling_fixed_trained_models_threshold_and_evaluation_cohorts,0.77814679508468942
CodeBERT_partial_s2026,format_platt,same_period,deployed_pooled_TPR_0.05,0.9229315841912985,0.00028011103750873043,0.92288276320159413,0.92241780139488538,0.92407837927598802,0.92248422451012957,0.92354865493191629,200,calibration_resampling_fixed_trained_models_threshold_and_evaluation_cohorts,0.92268349385586179
CodeBERT_partial_s2026,format_platt,test,AP,0.98275394077102829,0.0003496550194883456,0.98278486079485983,0.98170032189986867,0.9837663025015827,0.98200974860942403,0.98331378872052622,200,calibration_resampling_fixed_trained_models_threshold_and_evaluation_cohorts,0.98279319064397808
CodeBERT_partial_s2026,format_platt,test,Accuracy,0.93877366666666662,0.0001045898105730773,0.93879999999999997,0.93843333333333334,0.93899999999999995,0.93856499999999998,0.9389008333333333,200,calibration_resampling_fixed_trained_models_threshold_and_evaluation_cohorts,0.93886666666666663
CodeBERT_partial_s2026,format_platt,test,Brier,0.049442487921943397,0.00013682160533485369,0.049441499482284934,0.049123881337811419,0.049914139888145061,0.049186258336547578,0.049707836789268475,200,calibration_resampling_fixed_trained_models_threshold_and_evaluation_cohorts,0.049423658737042693
CodeBERT_partial_s2026,format_platt,test,ECE,0.030449864058631287,0.0013154732773807782,0.030525070821862926,0.027248311917524616,0.034675997837717853,0.028127330377573003,0.033006628608548236,200,calibration_resampling_fixed_trained_models_threshold_and_evaluation_cohorts,0.031109831628351757
CodeBERT_partial_s2026,format_platt,test,F1,0.93846474413820724,0.00011197187919797417,0.93848215774631449,0.93810943939952418,0.93870168151671463,0.93821448925542261,0.93862380713209448,200,calibration_resampling_fixed_trained_models_threshold_and_evaluation_cohorts,0.93855122964551363
CodeBERT_partial_s2026,format_platt,test,LogLoss,0.17698834722389814,0.00042354214764242216,0.1769965391888482,0.17598061237035073,0.17883514532452233,0.1762068742981337,0.17774106551790006,200,calibration_resampling_fixed_trained_models_threshold_and_evaluation_cohorts,0.1768294865751309
CodeBERT_partial_s2026,format_platt,test,ROC_AUC,0.98337243370458849,0.00022063727253666425,0.98338930142132674,0.98271967551390682,0.98389666650407093,0.98294291326137129,0.98378420528118815,200,calibration_resampling_fixed_trained_models_threshold_and_evaluation_cohorts,0.98342691546096805
CodeBERT_partial_s2026,format_platt,test,deployed_per_format_FPR_0.001,0.0011382658185470371,0,0.0011382658185470371,0.0011382658185470371,0.0011382658185470371,0.0011382658185470371,0.0011382658185470371,200,calibration_resampling_fixed_trained_models_threshold_and_evaluation_cohorts,0.0011382658185470371
CodeBERT_partial_s2026,format_platt,test,deployed_per_format_FPR_0.005,0.0050217609641781055,0,0.0050217609641781055,0.0050217609641781055,0.0050217609641781055,0.0050217609641781055,0.0050217609641781055,200,calibration_resampling_fixed_trained_models_threshold_and_evaluation_cohorts,0.0050217609641781055
CodeBERT_partial_s2026,format_platt,test,deployed_per_format_FPR_0.01,0.010311349179779043,0,0.010311349179779043,0.010311349179779043,0.010311349179779043,0.010311349179779043,0.010311349179779043,200,calibration_resampling_fixed_trained_models_threshold_and_evaluation_cohorts,0.010311349179779043
CodeBERT_partial_s2026,format_platt,test,deployed_per_format_FPR_0.05,0.046401071309005691,0,0.046401071309005691,0.046401071309005691,0.046401071309005691,0.046401071309005691,0.046401071309005691,200,calibration_resampling_fixed_trained_models_threshold_and_evaluation_cohorts,0.046401071309005691
CodeBERT_partial_s2026,format_platt,test,deployed_per_format_TPR_0.001,0.40165947560570858,0,0.40165947560570858,0.40165947560570858,0.40165947560570858,0.40165947560570858,0.40165947560570858,200,calibration_resampling_fixed_trained_models_threshold_and_evaluation_cohorts,0.40165947560570858
CodeBERT_partial_s2026,format_platt,test,deployed_per_format_TPR_0.005,0.65940922668436774,0,0.65940922668436774,0.65940922668436774,0.65940922668436774,0.65940922668436774,0.65940922668436774,200,calibration_resampling_fixed_trained_models_threshold_and_evaluation_cohorts,0.65940922668436774
CodeBERT_partial_s2026,format_platt,test,deployed_per_format_TPR_0.01,0.77112512446067039,0,0.77112512446067039,0.77112512446067039,0.77112512446067039,0.77112512446067039,0.77112512446067039,200,calibration_resampling_fixed_trained_models_threshold_and_evaluation_cohorts,0.77112512446067039
CodeBERT_partial_s2026,format_platt,test,deployed_per_format_TPR_0.05,0.91417192167275152,0,0.91417192167275141,0.91417192167275141,0.91417192167275141,0.91417192167275141,0.91417192167275141,200,calibration_resampling_fixed_trained_models_threshold_and_evaluation_cohorts,0.91417192167275141
CodeBERT_partial_s2026,format_platt,test,deployed_pooled_FPR_0.001,0.0013883495145631071,0.00014759490525061473,0.0014060930699698695,0.00087043856712420487,0.0016069635085369936,0.0010696350853699364,0.0016069635085369936,200,calibration_resampling_fixed_trained_models_threshold_and_evaluation_cohorts,0.0013391362571141614
CodeBERT_partial_s2026,format_platt,test,deployed_pooled_FPR_0.005,0.0050341479745564114,0.00016277980145737873,0.0050217609641781055,0.0045530632741881483,0.0055574154670237699,0.0047539337127552725,0.0052895882156009377,200,calibration_resampling_fixed_trained_models_threshold_and_evaluation_cohorts,0.0052895882156009377
CodeBERT_partial_s2026,format_platt,test,deployed_pooled_FPR_0.01,0.0098972212922664882,0.00023359804322950362,0.0099096083026447949,0.0093069969869434208,0.010913960495480416,0.0094409106126548369,0.010512219618346167,200,calibration_resampling_fixed_trained_models_threshold_and_evaluation_cohorts,0.0099096083026447949
CodeBERT_partial_s2026,format_platt,test,deployed_pooled_FPR_0.05,0.044907934382323406,0.00034567660864037459,0.044994978239035824,0.044057582859055908,0.045530632741881488,0.044256779377301644,0.045463675929025775,200,calibration_resampling_fixed_trained_models_threshold_and_evaluation_cohorts,0.044928021426180111
CodeBERT_partial_s2026,format_platt,test,deployed_pooled_TPR_0.001,0.32705210753401931,0.044914220691364137,0.32300033189512112,0.19017590441420512,0.42309990043146367,0.20916030534351146,0.41908894789246598,200,calibration_resampling_fixed_trained_models_threshold_and_evaluation_cohorts,0.32313308994357781
CodeBERT_partial_s2026,format_platt,test,deployed_pooled_TPR_0.005,0.65881281115167611,0.0057245092043489848,0.65987387985396617,0.62243611018918021,0.66817125788250908,0.64731828742117492,0.66571855293727178,200,calibration_resampling_fixed_trained_models_threshold_and_evaluation_cohorts,0.66053767009624964
CodeBERT_partial_s2026,format_platt,test,deployed_pooled_TPR_0.01,0.76358148025224026,0.0035806781153422591,0.76425489545303682,0.74795884500497845,0.77112512446067039,0.75618652505808159,0.76986890142714903,200,calibration_resampling_fixed_trained_models_threshold_and_evaluation_cohorts,0.76574842349817462
CodeBERT_partial_s2026,format_platt,test,deployed_pooled_TPR_0.05,0.91458778625954196,0.00034285370571250276,0.91463657484234984,0.91364088947892463,0.91530036508463331,0.91397278460006637,0.91523398606040496,200,calibration_resampling_fixed_trained_models_threshold_and_evaluation_cohorts,0.91463657484234984
CodeBERT_partial_s2026,fusion_AP,same_period,AP,0.99628253495127794,2.620915364630101e-05,0.99626743608029567,0.99626743608029567,0.99633345332292178,0.99626743608029567,0.99633345332292178,200,calibration_resampling_fixed_trained_models_threshold_and_evaluation_cohorts,0.99626743608029567
CodeBERT_partial_s2026,fusion_AP,same_period,Accuracy,0.97250383333333335,2.8974179382847925e-05,0.97250000000000003,0.97240000000000004,0.97256666666666669,0.9724666666666667,0.97256666666666669,200,calibration_resampling_fixed_trained_models_threshold_and_evaluation_cohorts,0.97250000000000003
CodeBERT_partial_s2026,fusion_AP,same_period,Brier,0.022009000702654755,6.4967521929968635e-05,0.022042397235661104,0.021763388829000169,0.022042397235661104,0.021849114508476868,0.022042397235661104,200,calibration_resampling_fixed_trained_models_threshold_and_evaluation_cohorts,0.022042397235661104
CodeBERT_partial_s2026,fusion_AP,same_period,ECE,0.01205580151598994,0.00051048491545656609,0.012313381697618562,0.0099331345329929412,0.012313381697618562,0.010894443952254865,0.012313381697618562,200,calibration_resampling_fixed_trained_models_threshold_and_evaluation_cohorts,0.012313381697618562
CodeBERT_partial_s2026,fusion_AP,same_period,F1,0.97250518485854354,2.9247104963259712e-05,0.97250091663611216,0.97240367950939877,0.97256940972569406,0.97246845621403022,0.97256940972569406,200,calibration_resampling_fixed_trained_models_threshold_and_evaluation_cohorts,0.97250091663611216
CodeBERT_partial_s2026,fusion_AP,same_period,LogLoss,0.086280087922585694,0.0011824082905400888,0.086949544475327697,0.082979853264375153,0.086949544475327697,0.083631965420322127,0.086949544475327697,200,calibration_resampling_fixed_trained_models_threshold_and_evaluation_cohorts,0.086949544475327697
CodeBERT_partial_s2026,fusion_AP,same_period,ROC_AUC,0.99590557475272723,3.6693406913107094e-05,0.99588410021956963,0.99588410021956963,0.99597299474804057,0.99588410021956963,0.99597299474804057,200,calibration_resampling_fixed_trained_models_threshold_and_evaluation_cohorts,0.99588410021956963
CodeBERT_partial_s2026,fusion_AP,same_period,deployed_per_format_FPR_0.001,0.0013974573435931751,0.0001285377136022833,0.0014720642355302777,0.0011375041820006692,0.0014720642355302777,0.0011375041820006692,0.0014720642355302777,200,calibration_resampling_fixed_trained_models_threshold_and_evaluation_cohorts,0.0014720642355302777
CodeBERT_partial_s2026,fusion_AP,same_period,deployed_per_format_FPR_0.005,0.0051451990632318499,9.4484514953467114e-05,0.0051522248243559719,0.0049514887922382069,0.0054198728671796589,0.0049514887922382069,0.0054198728671796589,200,calibration_resampling_fixed_trained_models_threshold_and_evaluation_cohorts,0.0051522248243559719
CodeBERT_partial_s2026,fusion_AP,same_period,deployed_per_format_FPR_0.01,0.010082970893275343,5.5878016811016937e-05,0.010103713616594179,0.0097022415523586487,0.010103713616594179,0.0099029775844764138,0.010103713616594179,200,calibration_resampling_fixed_trained_models_threshold_and_evaluation_cohorts,0.010103713616594179
CodeBERT_partial_s2026,fusion_AP,same_period,deployed_per_format_FPR_0.05,0.051853797256607569,0.00024667700271519818,0.051722984275677487,0.051722984275677487,0.052927400468384074,0.051722984275677487,0.052201405152224829,200,calibration_resampling_fixed_trained_models_threshold_and_evaluation_cohorts,0.051722984275677487
CodeBERT_partial_s2026,fusion_AP,same_period,deployed_per_format_TPR_0.001,0.80486150780471599,0.0052700699038219128,0.80777150448356028,0.79442045831949515,0.80777150448356028,0.79442045831949515,0.80777150448356028,200,calibration_resampling_fixed_trained_models_threshold_and_evaluation_cohorts,0.80777150448356028
CodeBERT_partial_s2026,fusion_AP,same_period,deployed_per_format_TPR_0.005,0.91246263699767527,0.00064237372025936366,0.91252075722351378,0.90953171703752911,0.91305214214546659,0.91026237130521426,0.91305214214546659,200,calibration_resampling_fixed_trained_models_threshold_and_evaluation_cohorts,0.91252075722351378
CodeBERT_partial_s2026,fusion_AP,same_period,deployed_per_format_TPR_0.01,0.94493424111590829,0.00020070804820721805,0.94493523746263697,0.943673198272999,0.9451345068083693,0.94478910660909998,0.9451345068083693,200,calibration_resampling_fixed_trained_models_threshold_and_evaluation_cohorts,0.94493523746263697
CodeBERT_partial_s2026,fusion_AP,same_period,deployed_per_format_TPR_0.05,0.982533045499834,0.00012321407130457234,0.98246429757555631,0.98246429757555631,0.98292925938226505,0.98246429757555631,0.98279973430753897,200,calibration_resampling_fixed_trained_models_threshold_and_evaluation_cohorts,0.98246429757555631
CodeBERT_partial_s2026,fusion_AP,same_period,deployed_pooled_FPR_0.001,0.001345265975242556,0.00010269966522811656,0.001405152224824356,0.0011375041820006692,0.001405152224824356,0.0011375041820006692,0.001405152224824356,200,calibration_resampling_fixed_trained_models_threshold_and_evaluation_cohorts,0.001405152224824356
CodeBERT_partial_s2026,fusion_AP,same_period,deployed_pooled_FPR_0.005,0.0053693542990966882,8.8610899444879803e-05,0.0053529608564737369,0.0050184008029441288,0.0055536968885915019,0.0052174640347942463,0.0055536968885915019,200,calibration_resampling_fixed_trained_models_threshold_and_evaluation_cohorts,0.0053529608564737369
CodeBERT_partial_s2026,fusion_AP,same_period,deployed_pooled_FPR_0.01,0.010360321177651389,4.230690764684564e-05,0.010371361659417865,0.0101706256273001,0.010438273670123788,0.0101706256273001,0.010373034459685513,200,calibration_resampling_fixed_trained_models_threshold_and_evaluation_cohorts,0.010371361659417865
CodeBERT_partial_s2026,fusion_AP,same_period,deployed_pooled_FPR_0.05,0.052241217798594849,0.00012441426648893857,0.052191368350618939,0.052191368350618939,0.052726664436266307,0.052191368350618939,0.052726664436266307,200,calibration_resampling_fixed_trained_models_threshold_and_evaluation_cohorts,0.052191368350618939
CodeBERT_partial_s2026,fusion_AP,same_period,deployed_pooled_TPR_0.001,0.79764696114247757,0.0029400315056940787,0.79887080704085023,0.78997010959814018,0.8018598472268349,0.78997010959814018,0.79943540352042508,200,calibration_resampling_fixed_trained_models_threshold_and_evaluation_cohorts,0.79887080704085023
CodeBERT_partial_s2026,fusion_AP,same_period,deployed_pooled_TPR_0.005,0.91379873796081046,0.0011759132443808242,0.91431418133510467,0.90787113915642648,0.91431418133510467,0.91187645300564601,0.91431418133510467,200,calibration_resampling_fixed_trained_models_threshold_and_evaluation_cohorts,0.91431418133510467
CodeBERT_partial_s2026,fusion_AP,same_period,deployed_pooled_TPR_0.01,0.94395350381932919,0.00011362491075823927,0.94393889073397541,0.94354035204251074,0.94420458319495182,0.94354035204251074,0.94420458319495182,200,calibration_resampling_fixed_trained_models_threshold_and_evaluation_cohorts,0.94393889073397541
CodeBERT_partial_s2026,fusion_AP,same_period,deployed_pooled_TPR_0.05,0.98287346396545994,0.00010432307288239956,0.98292925938226505,0.98259714380604446,0.98292925938226505,0.98259714380604446,0.98292925938226505,200,calibration_resampling_fixed_trained_models_threshold_and_evaluation_cohorts,0.98292925938226505
CodeBERT_partial_s2026,fusion_AP,test,AP,0.99595280866830449,1.2545225239734127e-05,0.99594655259609399,0.99593115580126768,0.99597949830631405,0.99594655259609399,0.99597949830631405,200,calibration_resampling_fixed_trained_models_threshold_and_evaluation_cohorts,0.99594655259609399
CodeBERT_partial_s2026,fusion_AP,test,Accuracy,0.96843466666666667,6.4956283886188164e-05,0.96840000000000004,0.96836666666666671,0.96856666666666669,0.96840000000000004,0.96856666666666669,200,calibration_resampling_fixed_trained_models_threshold_and_evaluation_cohorts,0.96840000000000004
CodeBERT_partial_s2026,fusion_AP,test,Brier,0.024510567030525534,7.9866762232067554e-05,0.024551240025592905,0.024200481987739948,0.024551240025592905,0.024314757023126955,0.024551240025592905,200,calibration_resampling_fixed_trained_models_threshold_and_evaluation_cohorts,0.024551240025592905
CodeBERT_partial_s2026,fusion_AP,test,ECE,0.015134285264537228,0.00045207344823518805,0.015355826404235631,0.013166339554379019,0.015355826404235631,0.014123271153208704,0.015355826404235631,200,calibration_resampling_fixed_trained_models_threshold_and_evaluation_cohorts,0.015355826404235631
CodeBERT_partial_s2026,fusion_AP,test,F1,0.96843098150045381,6.5977061195059649e-05,0.96839578610481403,0.96836139356559425,0.96856561885396175,0.96839578610481403,0.96856561885396175,200,calibration_resampling_fixed_trained_models_threshold_and_evaluation_cohorts,0.96839578610481403
CodeBERT_partial_s2026,fusion_AP,test,LogLoss,0.094359009822622492,0.001247275486382603,0.095059589184649143,0.09071954211096242,0.095059589184649143,0.09153013216734554,0.095059589184649143,200,calibration_resampling_fixed_trained_models_threshold_and_evaluation_cohorts,0.095059589184649143
CodeBERT_partial_s2026,fusion_AP,test,ROC_AUC,0.99568064533656242,2.5098527187437438e-05,0.99566611417481066,0.99566611417481066,0.9957269508727441,0.99566611417481066,0.9957269508727441,200,calibration_resampling_fixed_trained_models_threshold_and_evaluation_cohorts,0.99566611417481066
CodeBERT_partial_s2026,fusion_AP,test,deployed_per_format_FPR_0.001,0.0014804151322397054,3.3421158193112551e-05,0.0014730498828255775,0.0014730498828255775,0.0016739203213927017,0.0014730498828255775,0.0015433545363240718,200,calibration_resampling_fixed_trained_models_threshold_and_evaluation_cohorts,0.0014730498828255775
CodeBERT_partial_s2026,fusion_AP,test,deployed_per_format_FPR_0.005,0.0060880482089052564,4.0795943514985811e-05,0.0060930699698694343,0.0060261131570137263,0.0062939404084365585,0.0060261131570137263,0.0060980917308336132,200,calibration_resampling_fixed_trained_models_threshold_and_evaluation_cohorts,0.0060930699698694343
CodeBERT_partial_s2026,fusion_AP,test,deployed_per_format_FPR_0.01,0.011847003682624709,0.00013120759178318357,0.011918312688316036,0.011315701372614664,0.011918312688316036,0.011578506863073318,0.011918312688316036,200,calibration_resampling_fixed_trained_models_threshold_and_evaluation_cohorts,0.011918312688316036
CodeBERT_partial_s2026,fusion_AP,test,deployed_per_format_FPR_0.05,0.051613993973886843,6.4172711648143201e-05,0.051623702711750923,0.051489789086039503,0.051891529963173755,0.051489789086039503,0.051824573150318042,200,calibration_resampling_fixed_trained_models_threshold_and_evaluation_cohorts,0.051623702711750923
CodeBERT_partial_s2026,fusion_AP,test,deployed_per_format_TPR_0.001,0.79678128111516766,0.0055270193974255675,0.79986724195154335,0.78572850979090603,0.79986724195154335,0.78572850979090603,0.79986724195154335,200,calibration_resampling_fixed_trained_models_threshold_and_evaluation_cohorts,0.79986724195154335
CodeBERT_partial_s2026,fusion_AP,test,deployed_per_format_TPR_0.005,0.90395121141719215,0.0005018101699309094,0.90394955194158644,0.9018918021905078,0.90481247925655495,0.90235645536010622,0.90481247925655495,200,calibration_resampling_fixed_trained_models_threshold_and_evaluation_cohorts,0.90394955194158644
CodeBERT_partial_s2026,fusion_AP,test,deployed_per_format_TPR_0.01,0.93606505144374386,0.00026607922111927384,0.93614337869233322,0.93448390308662466,0.93614337869233322,0.93565881181546628,0.93614337869233322,200,calibration_resampling_fixed_trained_models_threshold_and_evaluation_cohorts,0.93614337869233322
CodeBERT_partial_s2026,fusion_AP,test,deployed_per_format_TPR_0.05,0.98131828742117488,0.00018377190344493911,0.98121473614337873,0.98121473614337873,0.98194490540989043,0.98121473614337873,0.98161964819117165,200,calibration_resampling_fixed_trained_models_threshold_and_evaluation_cohorts,0.98121473614337873
CodeBERT_partial_s2026,fusion_AP,test,deployed_pooled_FPR_0.001,0.0015882156009373954,4.7540308605108701e-05,0.0016069635085369936,0.0014730498828255775,0.0016739203213927017,0.0014730498828255775,0.0016739203213927017,200,calibration_resampling_fixed_trained_models_threshold_and_evaluation_cohorts,0.0016069635085369936
CodeBERT_partial_s2026,fusion_AP,test,deployed_pooled_FPR_0.005,0.0061657181118178776,0.0001376922469789122,0.0062269835955808504,0.0057582859055908941,0.0062269835955808504,0.0057582859055908941,0.0062269835955808504,200,calibration_resampling_fixed_trained_models_threshold_and_evaluation_cohorts,0.0062269835955808504
CodeBERT_partial_s2026,fusion_AP,test,deployed_pooled_FPR_0.01,0.012431536658855038,4.4665765196271404e-05,0.012453967191161701,0.012253096752594577,0.012453967191161701,0.012253096752594577,0.012453967191161701,200,calibration_resampling_fixed_trained_models_threshold_and_evaluation_cohorts,0.012453967191161701
CodeBERT_partial_s2026,fusion_AP,test,deployed_pooled_FPR_0.05,0.051234683629059259,0.0002593130646517044,0.05135587546032809,0.049949782390358216,0.05135587546032809,0.050679611650485436,0.05135587546032809,200,calibration_resampling_fixed_trained_models_threshold_and_evaluation_cohorts,0.05135587546032809
CodeBERT_partial_s2026,fusion_AP,test,deployed_pooled_TPR_0.001,0.79024161964819117,0.0035912741154065504,0.79196813806837041,0.78121473614337866,0.79322933952870889,0.78121473614337866,0.79197145701958183,200,calibration_resampling_fixed_trained_models_threshold_and_evaluation_cohorts,0.79196813806837041
CodeBERT_partial_s2026,fusion_AP,test,deployed_pooled_TPR_0.005,0.90493196150016597,0.0012125184773776972,0.90547626949883842,0.89870560902754726,0.90547626949883842,0.90304679721208103,0.90547626949883842,200,calibration_resampling_fixed_trained_models_threshold_and_evaluation_cohorts,0.90547626949883842
CodeBERT_partial_s2026,fusion_AP,test,deployed_pooled_TPR_0.01,0.9347341520079655,0.0001300127943011685,0.9346830401593097,0.93448390308662466,0.93508131430467967,0.9346830401593097,0.93508131430467967,200,calibration_resampling_fixed_trained_models_threshold_and_evaluation_cohorts,0.9346830401593097
CodeBERT_partial_s2026,fusion_AP,test,deployed_pooled_TPR_0.05,0.98135645536010629,8.0593696067681378e-05,0.98134749419183542,0.98121473614337873,0.98154663126452046,0.98121473614337873,0.98154663126452046,200,calibration_resampling_fixed_trained_models_threshold_and_evaluation_cohorts,0.98134749419183542
CodeBERT_partial_s2026,fusion_ROC_AUC,same_period,AP,0.996277160110143,2.2699211861574759e-05,0.99626743608029567,0.99626743608029567,0.99633345332292178,0.99626743608029567,0.99633345332292178,200,calibration_resampling_fixed_trained_models_threshold_and_evaluation_cohorts,0.99626743608029567
CodeBERT_partial_s2026,fusion_ROC_AUC,same_period,Accuracy,0.97250333333333328,2.3629373500285073e-05,0.97250000000000003,0.97240000000000004,0.97256666666666669,0.9724666666666667,0.97256666666666669,200,calibration_resampling_fixed_trained_models_threshold_and_evaluation_cohorts,0.97250000000000003
CodeBERT_partial_s2026,fusion_ROC_AUC,same_period,Brier,0.022024647184791912,4.6370635073901811e-05,0.022042397235661104,0.021763388829000169,0.022042397235661104,0.021906105495362066,0.022042397235661104,200,calibration_resampling_fixed_trained_models_threshold_and_evaluation_cohorts,0.022042397235661104
CodeBERT_partial_s2026,fusion_ROC_AUC,same_period,ECE,0.012175755199448692,0.00036781711334818521,0.012313381697618562,0.0099331345329929412,0.012313381697618562,0.011270363591370409,0.012313381697618562,200,calibration_resampling_fixed_trained_models_threshold_and_evaluation_cohorts,0.012313381697618562
CodeBERT_partial_s2026,fusion_ROC_AUC,same_period,F1,0.97250450623556961,2.3896332796396455e-05,0.97250091663611216,0.97240367950939877,0.97256940972569406,0.97246850209986002,0.97256940972569406,200,calibration_resampling_fixed_trained_models_threshold_and_evaluation_cohorts,0.97250091663611216
CodeBERT_partial_s2026,fusion_ROC_AUC,same_period,LogLoss,0.08656837203136776,0.00090722872870425877,0.086949544475327697,0.082979853264375153,0.086949544475327697,0.084190527746007937,0.086949544475327697,200,calibration_resampling_fixed_trained_models_threshold_and_evaluation_cohorts,0.086949544475327697
CodeBERT_partial_s2026,fusion_ROC_AUC,same_period,ROC_AUC,0.99589767526874529,3.1387148511917719e-05,0.99588410021956963,0.99588410021956963,0.99597299474804057,0.99588410021956963,0.99597299474804057,200,calibration_resampling_fixed_trained_models_threshold_and_evaluation_cohorts,0.99588410021956963
CodeBERT_partial_s2026,fusion_ROC_AUC,same_period,deployed_per_format_FPR_0.001,0.0014235530277684843,0.00011243393149121298,0.0014720642355302777,0.0011375041820006692,0.0014720642355302777,0.0011375041820006692,0.0014720642355302777,200,calibration_resampling_fixed_trained_models_threshold_and_evaluation_cohorts,0.0014720642355302777
CodeBERT_partial_s2026,fusion_ROC_AUC,same_period,deployed_per_format_FPR_0.005,0.0051381733021077279,6.7277515400348864e-05,0.0051522248243559719,0.0049514887922382069,0.0054198728671796589,0.0049514887922382069,0.0051522248243559719,200,calibration_resampling_fixed_trained_models_threshold_and_evaluation_cohorts,0.0051522248243559719
CodeBERT_partial_s2026,fusion_ROC_AUC,same_period,deployed_per_format_FPR_0.01,0.01009468049514888,3.050292978290403e-05,0.010103713616594179,0.0099029775844764138,0.010103713616594179,0.010036801605888258,0.010103713616594179,200,calibration_resampling_fixed_trained_models_threshold_and_evaluation_cohorts,0.010103713616594179
CodeBERT_partial_s2026,fusion_ROC_AUC,same_period,deployed_per_format_FPR_0.05,0.051799263967882238,0.00019115305862280754,0.051722984275677487,0.051722984275677487,0.052927400468384074,0.051722984275677487,0.052191368350618939,200,calibration_resampling_fixed_trained_models_threshold_and_evaluation_cohorts,0.051722984275677487
CodeBERT_partial_s2026,fusion_ROC_AUC,same_period,deployed_per_format_TPR_0.001,0.80582530720690793,0.0046286807854121446,0.80777150448356028,0.79442045831949515,0.80777150448356028,0.79442045831949515,0.80777150448356028,200,calibration_resampling_fixed_trained_models_threshold_and_evaluation_cohorts,0.80777150448356028
CodeBERT_partial_s2026,fusion_ROC_AUC,same_period,deployed_per_format_TPR_0.005,0.91254566589173036,0.00038267051720626761,0.91252075722351378,0.90953171703752911,0.91305214214546659,0.91252075722351378,0.91305214214546659,200,calibration_resampling_fixed_trained_models_threshold_and_evaluation_cohorts,0.91252075722351378
CodeBERT_partial_s2026,fusion_ROC_AUC,same_period,deployed_per_format_TPR_0.01,0.94494486881434736,0.00014069173217519168,0.94493523746263697,0.943673198272999,0.9451345068083693,0.94493523746263697,0.9451345068083693,200,calibration_resampling_fixed_trained_models_threshold_and_evaluation_cohorts,0.94493523746263697
CodeBERT_partial_s2026,fusion_ROC_AUC,same_period,deployed_per_format_TPR_0.05,0.98250315509797415,9.3291689600797118e-05,0.98246429757555631,0.98246429757555631,0.98292925938226505,0.98246429757555631,0.98272999003653272,200,calibration_resampling_fixed_trained_models_threshold_and_evaluation_cohorts,0.98246429757555631
CodeBERT_partial_s2026,fusion_ROC_AUC,same_period,deployed_pooled_FPR_0.001,0.0013670123787219808,8.8614073176330395e-05,0.001405152224824356,0.0011375041820006692,0.001405152224824356,0.0011375041820006692,0.001405152224824356,200,calibration_resampling_fixed_trained_models_threshold_and_evaluation_cohorts,0.001405152224824356
CodeBERT_partial_s2026,fusion_ROC_AUC,same_period,deployed_pooled_FPR_0.005,0.0053706925393108059,6.9218385155596232e-05,0.0053529608564737369,0.0050184008029441288,0.0055536968885915019,0.0053529608564737369,0.0055536968885915019,200,calibration_resampling_fixed_trained_models_threshold_and_evaluation_cohorts,0.0053529608564737369
CodeBERT_partial_s2026,fusion_ROC_AUC,same_period,deployed_pooled_FPR_0.01,0.01036734693877551,2.1880807946321158e-05,0.010371361659417865,0.0101706256273001,0.010438273670123788,0.010304449648711944,0.010371361659417865,200,calibration_resampling_fixed_trained_models_threshold_and_evaluation_cohorts,0.010371361659417865
CodeBERT_partial_s2026,fusion_ROC_AUC,same_period,deployed_pooled_FPR_0.05,0.052212111073937778,6.7876792514399428e-05,0.052191368350618939,0.052191368350618939,0.052726664436266307,0.052191368350618939,0.052325192372030781,200,calibration_resampling_fixed_trained_models_threshold_and_evaluation_cohorts,0.052191368350618939
CodeBERT_partial_s2026,fusion_ROC_AUC,same_period,deployed_pooled_TPR_0.001,0.79791564264364001,0.002616678810993334,0.79887080704085023,0.78997010959814018,0.80073065426768519,0.78997010959814018,0.79887080704085023,200,calibration_resampling_fixed_trained_models_threshold_and_evaluation_cohorts,0.79887080704085023
CodeBERT_partial_s2026,fusion_ROC_AUC,same_period,deployed_pooled_TPR_0.005,0.91404417137163729,0.00084836232859247622,0.91431418133510467,0.90787113915642648,0.91431418133510467,0.91198937230156096,0.91431418133510467,200,calibration_resampling_fixed_trained_models_threshold_and_evaluation_cohorts,0.91431418133510467
CodeBERT_partial_s2026,fusion_ROC_AUC,same_period,deployed_pooled_TPR_0.01,0.9439541680504816,7.193855901384986e-05,0.94393889073397541,0.94354035204251074,0.94420458319495182,0.94393889073397541,0.94420458319495182,200,calibration_resampling_fixed_trained_models_threshold_and_evaluation_cohorts,0.94393889073397541
CodeBERT_partial_s2026,fusion_ROC_AUC,same_period,deployed_pooled_TPR_0.05,0.9828960478246429,8.4754976354385682e-05,0.98292925938226505,0.98259714380604446,0.98292925938226505,0.98259714380604446,0.98292925938226505,200,calibration_resampling_fixed_trained_models_threshold_and_evaluation_cohorts,0.98292925938226505
CodeBERT_partial_s2026,fusion_ROC_AUC,test,AP,0.99595086437529512,1.0953441859957472e-05,0.99594655259609399,0.99593115580126768,0.99597949830631405,0.99594655259609399,0.99597949830631405,200,calibration_resampling_fixed_trained_models_threshold_and_evaluation_cohorts,0.99594655259609399
CodeBERT_partial_s2026,fusion_ROC_AUC,test,Accuracy,0.96842166666666674,5.3126693489604039e-05,0.96840000000000004,0.96836666666666671,0.96856666666666669,0.96840000000000004,0.96856666666666669,200,calibration_resampling_fixed_trained_models_threshold_and_evaluation_cohorts,0.96840000000000004
CodeBERT_partial_s2026,fusion_ROC_AUC,test,Brier,0.024529712444462878,5.679196326408617e-05,0.024551240025592905,0.024200481987739948,0.024551240025592905,0.024386458434419878,0.024551240025592905,200,calibration_resampling_fixed_trained_models_threshold_and_evaluation_cohorts,0.024551240025592905
CodeBERT_partial_s2026,fusion_ROC_AUC,test,ECE,0.015239136988948146,0.0003212375031515625,0.015355826404235631,0.013166339554379019,0.015355826404235631,0.014469919524515007,0.015355826404235631,200,calibration_resampling_fixed_trained_models_threshold_and_evaluation_cohorts,0.015355826404235631
CodeBERT_partial_s2026,fusion_ROC_AUC,test,F1,0.9684178121031749,5.4032584592724855e-05,0.96839578610481403,0.96836139356559425,0.96856561885396175,0.96839578610481403,0.96856561885396175,200,calibration_resampling_fixed_trained_models_threshold_and_evaluation_cohorts,0.96839578610481403
CodeBERT_partial_s2026,fusion_ROC_AUC,test,LogLoss,0.094663430056352874,0.00094950708845411744,0.095059589184649143,0.09071954211096242,0.095059589184649143,0.092175855258215006,0.095059589184649143,200,calibration_resampling_fixed_trained_models_threshold_and_evaluation_cohorts,0.095059589184649143
CodeBERT_partial_s2026,fusion_ROC_AUC,test,ROC_AUC,0.99567534268143476,2.1489668200273593e-05,0.99566611417481066,0.99566611417481066,0.9957269508727441,0.99566611417481066,0.9957269508727441,200,calibration_resampling_fixed_trained_models_threshold_and_evaluation_cohorts,0.99566611417481066
CodeBERT_partial_s2026,fusion_ROC_AUC,test,deployed_per_format_FPR_0.001,0.0014753933712755274,2.0555439601513508e-05,0.0014730498828255775,0.0014730498828255775,0.0016739203213927017,0.0014730498828255775,0.0014730498828255775,200,calibration_resampling_fixed_trained_models_threshold_and_evaluation_cohorts,0.0014730498828255775
CodeBERT_partial_s2026,fusion_ROC_AUC,test,deployed_per_format_FPR_0.005,0.0060887177770338127,2.8539898075753303e-05,0.0060930699698694343,0.0060261131570137263,0.0062939404084365585,0.0060261131570137263,0.0060930699698694343,200,calibration_resampling_fixed_trained_models_threshold_and_evaluation_cohorts,0.0060930699698694343
CodeBERT_partial_s2026,fusion_ROC_AUC,test,deployed_per_format_FPR_0.01,0.011878473384666889,9.7295706282916804e-05,0.011918312688316036,0.011382658185470372,0.011918312688316036,0.011650485436893204,0.011918312688316036,200,calibration_resampling_fixed_trained_models_threshold_and_evaluation_cohorts,0.011918312688316036
CodeBERT_partial_s2026,fusion_ROC_AUC,test,deployed_per_format_FPR_0.05,0.051611315701372618,4.3021468924227566e-05,0.051623702711750923,0.051489789086039503,0.051824573150318042,0.051489789086039503,0.051623702711750923,200,calibration_resampling_fixed_trained_models_threshold_and_evaluation_cohorts,0.051623702711750923
CodeBERT_partial_s2026,fusion_ROC_AUC,test,deployed_per_format_TPR_0.001,0.79781778957849325,0.0048513517132908156,0.79986724195154335,0.78572850979090603,0.79986724195154335,0.78572850979090603,0.79986724195154335,200,calibration_resampling_fixed_trained_models_threshold_and_evaluation_cohorts,0.79986724195154335
CodeBERT_partial_s2026,fusion_ROC_AUC,test,deployed_per_format_TPR_0.005,0.90399236641221381,0.00031781340274654972,0.90394955194158644,0.9018918021905078,0.90481247925655495,0.90394955194158644,0.90481247925655495,200,calibration_resampling_fixed_trained_models_threshold_and_evaluation_cohorts,0.90394955194158644
CodeBERT_partial_s2026,fusion_ROC_AUC,test,deployed_per_format_TPR_0.01,0.93610985728509788,0.00017756548747658519,0.93614337869233322,0.93448390308662466,0.93614337869233322,0.93587786259541983,0.93614337869233322,200,calibration_resampling_fixed_trained_models_threshold_and_evaluation_cohorts,0.93614337869233322
CodeBERT_partial_s2026,fusion_ROC_AUC,test,deployed_per_format_TPR_0.05,0.98127779621639566,0.00014950560935769801,0.98121473614337873,0.98121473614337873,0.98194490540989043,0.98121473614337873,0.98161301028874881,200,calibration_resampling_fixed_trained_models_threshold_and_evaluation_cohorts,0.98121473614337873
CodeBERT_partial_s2026,fusion_ROC_AUC,test,deployed_pooled_FPR_0.001,0.0015915634415801807,4.0670117295175182e-05,0.0016069635085369936,0.0014730498828255775,0.0016739203213927017,0.0014730498828255775,0.0016069635085369936,200,calibration_resampling_fixed_trained_models_threshold_and_evaluation_cohorts,0.0016069635085369936
CodeBERT_partial_s2026,fusion_ROC_AUC,test,deployed_pooled_FPR_0.005,0.006192500836960161,0.00010906030011768038,0.0062269835955808504,0.0057582859055908941,0.0062269835955808504,0.0057582859055908941,0.0062269835955808504,200,calibration_resampling_fixed_trained_models_threshold_and_evaluation_cohorts,0.0062269835955808504
CodeBERT_partial_s2026,fusion_ROC_AUC,test,deployed_pooled_FPR_0.01,0.01244258453297623,2.7765675100029698e-05,0.012453967191161701,0.012253096752594577,0.012453967191161701,0.012387010378305993,0.012453967191161701,200,calibration_resampling_fixed_trained_models_threshold_and_evaluation_cohorts,0.012453967191161701
CodeBERT_partial_s2026,fusion_ROC_AUC,test,deployed_pooled_FPR_0.05,0.051292266488115162,0.00018293826796428295,0.05135587546032809,0.049949782390358216,0.05135587546032809,0.050954134583193839,0.05135587546032809,200,calibration_resampling_fixed_trained_models_threshold_and_evaluation_cohorts,0.05135587546032809
CodeBERT_partial_s2026,fusion_ROC_AUC,test,deployed_pooled_TPR_0.001,0.79069996681048793,0.0032324135553097187,0.79196813806837041,0.78121473614337866,0.7921008961168271,0.78121473614337866,0.79196813806837041,200,calibration_resampling_fixed_trained_models_threshold_and_evaluation_cohorts,0.79196813806837041
CodeBERT_partial_s2026,fusion_ROC_AUC,test,deployed_pooled_TPR_0.005,0.90518221042150682,0.00089060560402994069,0.90547626949883842,0.89870560902754726,0.90547626949883842,0.90308662462661804,0.90547626949883842,200,calibration_resampling_fixed_trained_models_threshold_and_evaluation_cohorts,0.90547626949883842
CodeBERT_partial_s2026,fusion_ROC_AUC,test,deployed_pooled_TPR_0.01,0.93471058745436453,9.672660578090475e-05,0.9346830401593097,0.93448390308662466,0.93508131430467967,0.9346830401593097,0.93508131430467967,200,calibration_resampling_fixed_trained_models_threshold_and_evaluation_cohorts,0.9346830401593097
CodeBERT_partial_s2026,fusion_ROC_AUC,test,deployed_pooled_TPR_0.05,0.98134882177231997,6.4846968249433155e-05,0.98134749419183542,0.98121473614337873,0.98154663126452046,0.98121473614337873,0.98154663126452046,200,calibration_resampling_fixed_trained_models_threshold_and_evaluation_cohorts,0.98134749419183542
CodeBERT_partial_s2026,fusion_TPR_0.001,same_period,AP,0.99595945428805843,0.00084481683557976876,0.99629192558149604,0.99282452287906076,0.99633345332292178,0.99313132251082192,0.99633345332292178,200,calibration_resampling_fixed_trained_models_threshold_and_evaluation_cohorts,0.99633345332292178
CodeBERT_partial_s2026,fusion_TPR_0.001,same_period,Accuracy,0.96934633333333342,0.0087743355709963191,0.97250000000000003,0.94010000000000005,0.97256666666666669,0.9402666666666667,0.97256666666666669,200,calibration_resampling_fixed_trained_models_threshold_and_evaluation_cohorts,0.97256666666666669
CodeBERT_partial_s2026,fusion_TPR_0.001,same_period,Brier,0.023625323118572985,0.0046787203580274141,0.021970136635905805,0.021690116902628093,0.045279415641708558,0.021761557030840865,0.042266640363747929,200,calibration_resampling_fixed_trained_models_threshold_and_evaluation_cohorts,0.021970136635905805
CodeBERT_partial_s2026,fusion_TPR_0.001,same_period,ECE,0.01366096488537076,0.0065222314612982651,0.011764404024165752,0.0088091403227022955,0.043205771559784084,0.009401783306688935,0.040153041637373335,200,calibration_resampling_fixed_trained_models_threshold_and_evaluation_cohorts,0.011764404024165752
CodeBERT_partial_s2026,fusion_TPR_0.001,same_period,F1,0.9693562415642778,0.0087585337827962885,0.97250091663611216,0.94012993503248377,0.97256940972569406,0.94029055044648802,0.97256940972569406,200,calibration_resampling_fixed_trained_models_threshold_and_evaluation_cohorts,0.97256940972569406
CodeBERT_partial_s2026,fusion_TPR_0.001,same_period,LogLoss,0.089096712759845029,0.011741495399152336,0.085025211229538017,0.082566793081231632,0.14714982491440126,0.082969526759796561,0.13595772597074623,200,calibration_resampling_fixed_trained_models_threshold_and_evaluation_cohorts,0.085025211229538017
CodeBERT_partial_s2026,fusion_TPR_0.001,same_period,ROC_AUC,0.99557608254510976,0.0008884704613584981,0.99593591424951378,0.99225534921080594,0.99597299474804057,0.99258811368463939,0.99597299474804057,200,calibration_resampling_fixed_trained_models_threshold_and_evaluation_cohorts,0.99597299474804057
CodeBERT_partial_s2026,fusion_TPR_0.001,same_period,deployed_per_format_FPR_0.001,0.0012760120441619271,0.00013458010955341799,0.0012044161927065907,0.0011375041820006692,0.0014720642355302777,0.0011375041820006692,0.0014720642355302777,200,calibration_resampling_fixed_trained_models_threshold_and_evaluation_cohorts,0.0011375041820006692
CodeBERT_partial_s2026,fusion_TPR_0.001,same_period,deployed_per_format_FPR_0.005,0.0050431582469053189,0.00023795035894670595,0.0051522248243559719,0.004349280695884911,0.0054198728671796589,0.0044831047172967549,0.0054198728671796589,200,calibration_resampling_fixed_trained_models_threshold_and_evaluation_cohorts,0.0049514887922382069
CodeBERT_partial_s2026,fusion_TPR_0.001,same_period,deployed_per_format_FPR_0.01,0.010008364001338241,0.00024995147717624556,0.010103713616594179,0.0091669454667112748,0.010772833723653397,0.0094345935095349609,0.010639009702241553,200,calibration_resampling_fixed_trained_models_threshold_and_evaluation_cohorts,0.010036801605888258
CodeBERT_partial_s2026,fusion_TPR_0.001,same_period,deployed_per_format_FPR_0.05,0.051571428571428574,0.0012837785551828374,0.052124456339913014,0.048042823686851789,0.052927400468384074,0.048109735697557714,0.052927400468384074,200,calibration_resampling_fixed_trained_models_threshold_and_evaluation_cohorts,0.052124456339913014
CodeBERT_partial_s2026,fusion_TPR_0.001,same_period,deployed_per_format_TPR_0.001,0.7978518764530057,0.010124081425382642,0.7951511125871803,0.75602789770840251,0.80777150448356028,0.76479574892062441,0.80777150448356028,200,calibration_resampling_fixed_trained_models_threshold_and_evaluation_cohorts,0.79442045831949515
CodeBERT_partial_s2026,fusion_TPR_0.001,same_period,deployed_per_format_TPR_0.005,0.90769445366987711,0.0098859063929261758,0.91252075722351378,0.87446031218864162,0.91305214214546659,0.87798073729657922,0.91305214214546659,200,calibration_resampling_fixed_trained_models_threshold_and_evaluation_cohorts,0.91305214214546659
CodeBERT_partial_s2026,fusion_TPR_0.001,same_period,deployed_per_format_TPR_0.01,0.9392573895715709,0.011747993636099104,0.94493523746263697,0.90627698439056792,0.9451345068083693,0.90913317834606444,0.9451345068083693,200,calibration_resampling_fixed_trained_models_threshold_and_evaluation_cohorts,0.94506808369312523
CodeBERT_partial_s2026,fusion_TPR_0.001,same_period,deployed_per_format_TPR_0.05,0.97814181335104622,0.012177819428348802,0.98266356692128864,0.93271338425772166,0.98319495184324146,0.93424111590833614,0.98293590169378942,200,calibration_resampling_fixed_trained_models_threshold_and_evaluation_cohorts,0.98266356692128864
CodeBERT_partial_s2026,fusion_TPR_0.001,same_period,deployed_pooled_FPR_0.001,0.0012562730010036802,0.00011352917385906823,0.0012044161927065907,0.0010036801605888257,0.001405152224824356,0.0011375041820006692,0.001405152224824356,200,calibration_resampling_fixed_trained_models_threshold_and_evaluation_cohorts,0.0011375041820006692
CodeBERT_partial_s2026,fusion_TPR_0.001,same_period,deployed_pooled_FPR_0.005,0.0052863834058213439,0.00025157183786749291,0.0053529608564737369,0.0046169287387085979,0.0055536968885915019,0.0047507527601204419,0.0055536968885915019,200,calibration_resampling_fixed_trained_models_threshold_and_evaluation_cohorts,0.0055536968885915019
CodeBERT_partial_s2026,fusion_TPR_0.001,same_period,deployed_pooled_FPR_0.01,0.010346269655403145,8.4434810061368879e-05,0.010371361659417865,0.0099029775844764138,0.010438273670123788,0.010168952827032451,0.010438273670123788,200,calibration_resampling_fixed_trained_models_threshold_and_evaluation_cohorts,0.010371361659417865
CodeBERT_partial_s2026,fusion_TPR_0.001,same_period,deployed_pooled_FPR_0.05,0.051797591167614593,0.0012034664503898767,0.052258280361324856,0.048243559718969556,0.052726664436266307,0.048509534961525595,0.052726664436266307,200,calibration_resampling_fixed_trained_models_threshold_and_evaluation_cohorts,0.052258280361324856
CodeBERT_partial_s2026,fusion_TPR_0.001,same_period,deployed_pooled_TPR_0.001,0.79450581202258386,0.0084562630532618501,0.79568249750913322,0.75489870474925269,0.80471604118233142,0.76360013284623052,0.80316174028561949,200,calibration_resampling_fixed_trained_models_threshold_and_evaluation_cohorts,0.78997010959814018
CodeBERT_partial_s2026,fusion_TPR_0.001,same_period,deployed_pooled_TPR_0.005,0.90753968781135841,0.010878427464116273,0.91358352706741941,0.87266688807705084,0.91431418133510467,0.87718365991364999,0.91431418133510467,200,calibration_resampling_fixed_trained_models_threshold_and_evaluation_cohorts,0.91358352706741941
CodeBERT_partial_s2026,fusion_TPR_0.001,same_period,deployed_pooled_TPR_0.01,0.93880139488542014,0.011158105006683561,0.94393889073397541,0.90813683161740288,0.94420458319495182,0.90979740949850552,0.94420458319495182,200,calibration_resampling_fixed_trained_models_threshold_and_evaluation_cohorts,0.94393889073397541
CodeBERT_partial_s2026,fusion_TPR_0.001,same_period,deployed_pooled_TPR_0.05,0.97765061441381607,0.013726328319628193,0.98279641315177679,0.93178346064430417,0.98292925938226505,0.93264696114247758,0.98292925938226505,200,calibration_resampling_fixed_trained_models_threshold_and_evaluation_cohorts,0.98279641315177679
CodeBERT_partial_s2026,fusion_TPR_0.001,test,AP,0.99562886675950768,0.00080825194103479269,0.99594655259609399,0.99258754091316503,0.99597949830631405,0.9929104801016474,0.99597949830631405,200,calibration_resampling_fixed_trained_models_threshold_and_evaluation_cohorts,0.99597949830631405
CodeBERT_partial_s2026,fusion_TPR_0.001,test,Accuracy,0.96571583333333333,0.0078777042187224422,0.96840000000000004,0.93930000000000002,0.96909999999999996,0.93943333333333334,0.96863583333333336,200,calibration_resampling_fixed_trained_models_threshold_and_evaluation_cohorts,0.96853333333333336
CodeBERT_partial_s2026,fusion_TPR_0.001,test,Brier,0.025954814340591659,0.0043411365776791326,0.024464769500667751,0.024053710416819012,0.04633051288484772,0.02410949494042983,0.043417487451788306,200,calibration_resampling_fixed_trained_models_threshold_and_evaluation_cohorts,0.024464769500667751
CodeBERT_partial_s2026,fusion_TPR_0.001,test,ECE,0.016582060378281277,0.0060009802054404975,0.014911696969625694,0.011971781326294654,0.043999007973037497,0.012429834322186807,0.041334992181937043,200,calibration_resampling_fixed_trained_models_threshold_and_evaluation_cohorts,0.014911696969625694
CodeBERT_partial_s2026,fusion_TPR_0.001,test,F1,0.96568440972472269,0.0079527124750673941,0.96839578610481403,0.939009277556352,0.96907422852376979,0.93913917266789482,0.96862859151511049,200,calibration_resampling_fixed_trained_models_threshold_and_evaluation_cohorts,0.96853123541569441
CodeBERT_partial_s2026,fusion_TPR_0.001,test,LogLoss,0.096666767138978982,0.010971992890912368,0.093097761149683572,0.089956783125719364,0.15204423632912481,0.090170598413198105,0.14089945194569342,200,calibration_resampling_fixed_trained_models_threshold_and_evaluation_cohorts,0.093097761149683572
CodeBERT_partial_s2026,fusion_TPR_0.001,test,ROC_AUC,0.99537038126604815,0.00081156771032805377,0.99569025685037849,0.99231602015637854,0.9957269508727441,0.99263794175690623,0.9957269508727441,200,calibration_resampling_fixed_trained_models_threshold_and_evaluation_cohorts,0.9957269508727441
CodeBERT_partial_s2026,fusion_TPR_0.001,test,deployed_per_format_FPR_0.001,0.0015544024104452627,0.00013100138632655251,0.0014730498828255775,0.0014730498828255775,0.00207566119852695,0.0014730498828255775,0.0019417475728155339,200,calibration_resampling_fixed_trained_models_threshold_and_evaluation_cohorts,0.0014730498828255775
CodeBERT_partial_s2026,fusion_TPR_0.001,test,deployed_per_format_FPR_0.005,0.0061827920990960824,0.0001809185538303168,0.0060930699698694343,0.0060261131570137263,0.0066287244727150987,0.0060261131570137263,0.0065634415801807833,200,calibration_resampling_fixed_trained_models_threshold_and_evaluation_cohorts,0.0060261131570137263
CodeBERT_partial_s2026,fusion_TPR_0.001,test,deployed_per_format_FPR_0.01,0.011545363240709743,0.00037580976670203092,0.011717442249748912,0.010579176431201875,0.011918312688316036,0.010579176431201875,0.011918312688316036,200,calibration_resampling_fixed_trained_models_threshold_and_evaluation_cohorts,0.011717442249748912
CodeBERT_partial_s2026,fusion_TPR_0.001,test,deployed_per_format_FPR_0.05,0.050773016404419148,0.001870324827695821,0.051623702711750923,0.045530632741881488,0.051891529963173755,0.045987612989621694,0.051891529963173755,200,calibration_resampling_fixed_trained_models_threshold_and_evaluation_cohorts,0.051489789086039503
CodeBERT_partial_s2026,fusion_TPR_0.001,test,deployed_per_format_TPR_0.001,0.78879721208098241,0.011223988991444429,0.78692333222701627,0.74384334550282116,0.79986724195154335,0.75180882841022234,0.79986724195154335,200,calibration_resampling_fixed_trained_models_threshold_and_evaluation_cohorts,0.78572850979090603
CodeBERT_partial_s2026,fusion_TPR_0.001,test,deployed_per_format_TPR_0.005,0.8985847992034518,0.011216158678348685,0.90394955194158644,0.86166611350813138,0.90481247925655495,0.86558247593760373,0.90481247925655495,200,calibration_resampling_fixed_trained_models_threshold_and_evaluation_cohorts,0.90421506803849983
CodeBERT_partial_s2026,fusion_TPR_0.001,test,deployed_per_format_TPR_0.01,0.93017192167275142,0.011995047943670876,0.93614337869233322,0.89684699634915366,0.93614337869233322,0.89903750414868899,0.93614337869233322,200,calibration_resampling_fixed_trained_models_threshold_and_evaluation_cohorts,0.93614337869233322
CodeBERT_partial_s2026,fusion_TPR_0.001,test,deployed_per_format_TPR_0.05,0.97616428808496525,0.014099923391505304,0.98154663126452046,0.9230003318951211,0.98194490540989043,0.92631928310653833,0.98194490540989043,200,calibration_resampling_fixed_trained_models_threshold_and_evaluation_cohorts,0.98161301028874881
CodeBERT_partial_s2026,fusion_TPR_0.001,test,deployed_pooled_FPR_0.001,0.0016086374288583863,0.00012831865188762354,0.0016069635085369936,0.0014730498828255775,0.0020087043856712419,0.0014730498828255775,0.0018747907599598258,200,calibration_resampling_fixed_trained_models_threshold_and_evaluation_cohorts,0.0014730498828255775
CodeBERT_partial_s2026,fusion_TPR_0.001,test,deployed_pooled_FPR_0.005,0.0061114830934047536,0.00026195354072114911,0.0061600267827251424,0.0057582859055908941,0.0070974221627050551,0.0057582859055908941,0.007030465349849347,200,calibration_resampling_fixed_trained_models_threshold_and_evaluation_cohorts,0.0061600267827251424
CodeBERT_partial_s2026,fusion_TPR_0.001,test,deployed_pooled_FPR_0.01,0.012313692668228992,0.0001950779254614751,0.012387010378305993,0.011382658185470372,0.012453967191161701,0.011851355875460328,0.012453967191161701,200,calibration_resampling_fixed_trained_models_threshold_and_evaluation_cohorts,0.012387010378305993
CodeBERT_partial_s2026,fusion_TPR_0.001,test,deployed_pooled_FPR_0.05,0.049977569467693342,0.002190217415321626,0.051088048208905258,0.044593237361901572,0.05135587546032809,0.044660194174757278,0.05135587546032809,200,calibration_resampling_fixed_trained_models_threshold_and_evaluation_cohorts,0.051088048208905258
CodeBERT_partial_s2026,fusion_TPR_0.001,test,deployed_pooled_TPR_0.001,0.78545403252572188,0.0096543228769810432,0.78659143710587454,0.74098904746100236,0.7939595087952207,0.7507467640225689,0.79383006969797543,200,calibration_resampling_fixed_trained_models_threshold_and_evaluation_cohorts,0.78121473614337866
CodeBERT_partial_s2026,fusion_TPR_0.001,test,deployed_pooled_TPR_0.005,0.89821938267507473,0.011675868103113208,0.90454696315964156,0.86219714570195816,0.90547626949883842,0.86617988715565886,0.90547626949883842,200,calibration_resampling_fixed_trained_models_threshold_and_evaluation_cohorts,0.90454696315964156
CodeBERT_partial_s2026,fusion_TPR_0.001,test,deployed_pooled_TPR_0.01,0.9293282442748092,0.011732485250117174,0.9346830401593097,0.89711251244606705,0.93508131430467967,0.89936939926983073,0.93508131430467967,200,calibration_resampling_fixed_trained_models_threshold_and_evaluation_cohorts,0.93474941918353804
CodeBERT_partial_s2026,fusion_TPR_0.001,test,deployed_pooled_TPR_0.05,0.97551775638898108,0.015468173524538041,0.98134749419183542,0.9238632592100896,0.98187852638566209,0.92519083969465654,0.98174576833720539,200,calibration_resampling_fixed_trained_models_threshold_and_evaluation_cohorts,0.98121473614337873
CodeBERT_partial_s2026,fusion_TPR_0.005,same_period,AP,0.99628228017988918,0.00020421195326662629,0.99630354826646728,0.99351243217420193,0.99633345332292178,0.99626743608029567,0.99633345332292178,200,calibration_resampling_fixed_trained_models_threshold_and_evaluation_cohorts,0.99632719122652147
CodeBERT_partial_s2026,fusion_TPR_0.005,same_period,Accuracy,0.97234883333333344,0.0022473556083979014,0.97250000000000003,0.94073333333333331,0.97256666666666669,0.97240000000000004,0.97256666666666669,200,calibration_resampling_fixed_trained_models_threshold_and_evaluation_cohorts,0.9724666666666667
CodeBERT_partial_s2026,fusion_TPR_0.005,same_period,Brier,0.022055135647187876,0.0010692852174781354,0.021970136635905805,0.021763388829000169,0.036858299248693209,0.021763388829000169,0.022042397235661104,200,calibration_resampling_fixed_trained_models_threshold_and_evaluation_cohorts,0.021906105495362066
CodeBERT_partial_s2026,fusion_TPR_0.005,same_period,ECE,0.011881925195917213,0.0018041595378053992,0.011764404024165752,0.0099331345329929412,0.035114230946171304,0.0099331345329929412,0.012313381697618562,200,calibration_resampling_fixed_trained_models_threshold_and_evaluation_cohorts,0.011270363591370409
CodeBERT_partial_s2026,fusion_TPR_0.005,same_period,F1,0.97235090900372911,0.0022458087092732454,0.97250091663611216,0.94075703052112492,0.97256940972569406,0.97240367950939877,0.97256940972569406,200,calibration_resampling_fixed_trained_models_threshold_and_evaluation_cohorts,0.97246850209986002
CodeBERT_partial_s2026,fusion_TPR_0.005,same_period,LogLoss,0.085686585167205218,0.0028087041677502017,0.085025211229538017,0.082979853264375153,0.11970466575536218,0.082979853264375153,0.086949544475327697,200,calibration_resampling_fixed_trained_models_threshold_and_evaluation_cohorts,0.084190527746007937
CodeBERT_partial_s2026,fusion_TPR_0.005,same_period,ROC_AUC,0.99591189959331672,0.00021593507847554475,0.99594774996419388,0.9930040303875195,0.99597299474804057,0.99588410021956963,0.99597299474804057,200,calibration_resampling_fixed_trained_models_threshold_and_evaluation_cohorts,0.9959690924733543
CodeBERT_partial_s2026,fusion_TPR_0.005,same_period,deployed_per_format_FPR_0.001,0.0013101371696219472,0.00014747822237781778,0.0012713282034125125,0.0011375041820006692,0.0014720642355302777,0.0011375041820006692,0.0014720642355302777,200,calibration_resampling_fixed_trained_models_threshold_and_evaluation_cohorts,0.0012044161927065907
CodeBERT_partial_s2026,fusion_TPR_0.005,same_period,deployed_per_format_FPR_0.005,0.0051375041820006691,0.00015254746802577745,0.0051522248243559719,0.0046169287387085979,0.0054198728671796589,0.0049514887922382069,0.0054198728671796589,200,calibration_resampling_fixed_trained_models_threshold_and_evaluation_cohorts,0.0051522248243559719
CodeBERT_partial_s2026,fusion_TPR_0.005,same_period,deployed_per_format_FPR_0.01,0.010048845767815324,9.9214808303513101e-05,0.010103713616594179,0.0095015055202408837,0.010438273670123788,0.0097022415523586487,0.010103713616594179,200,calibration_resampling_fixed_trained_models_threshold_and_evaluation_cohorts,0.010103713616594179
CodeBERT_partial_s2026,fusion_TPR_0.005,same_period,deployed_per_format_FPR_0.05,0.051987621278019411,0.0004339660021493569,0.052124456339913014,0.048042823686851789,0.052927400468384074,0.051722984275677487,0.052927400468384074,200,calibration_resampling_fixed_trained_models_threshold_and_evaluation_cohorts,0.052191368350618939
CodeBERT_partial_s2026,fusion_TPR_0.005,same_period,deployed_per_format_TPR_0.001,0.80155562935901681,0.0065160367141331504,0.80544669545001657,0.77196944536698775,0.80777150448356028,0.79442045831949515,0.80777150448356028,200,calibration_resampling_fixed_trained_models_threshold_and_evaluation_cohorts,0.7951511125871803
CodeBERT_partial_s2026,fusion_TPR_0.005,same_period,deployed_per_format_TPR_0.005,0.91210195948189965,0.0025455791264222985,0.91252075722351378,0.88395881766854867,0.91305214214546659,0.90953171703752911,0.91305214214546659,200,calibration_resampling_fixed_trained_models_threshold_and_evaluation_cohorts,0.91285287279973426
CodeBERT_partial_s2026,fusion_TPR_0.005,same_period,deployed_per_format_TPR_0.01,0.94462935901693779,0.0028222520810952676,0.94493523746263697,0.91278644968449019,0.9451345068083693,0.943673198272999,0.9451345068083693,200,calibration_resampling_fixed_trained_models_threshold_and_evaluation_cohorts,0.9451345068083693
CodeBERT_partial_s2026,fusion_TPR_0.005,same_period,deployed_per_format_TPR_0.05,0.9823766190634341,0.0030787522321852629,0.98266356692128864,0.93935569578213218,0.98292925938226505,0.98246429757555631,0.98292925938226505,200,calibration_resampling_fixed_trained_models_threshold_and_evaluation_cohorts,0.98272999003653272
CodeBERT_partial_s2026,fusion_TPR_0.005,same_period,deployed_pooled_FPR_0.001,0.0012746738039478088,0.00011805875466317781,0.0012044161927065907,0.0011375041820006692,0.001405152224824356,0.0011375041820006692,0.001405152224824356,200,calibration_resampling_fixed_trained_models_threshold_and_evaluation_cohorts,0.0012044161927065907
CodeBERT_partial_s2026,fusion_TPR_0.005,same_period,deployed_pooled_FPR_0.005,0.005377049180327869,0.00014589535773887647,0.0053529608564737369,0.0047507527601204419,0.0055536968885915019,0.0050184008029441288,0.0055536968885915019,200,calibration_resampling_fixed_trained_models_threshold_and_evaluation_cohorts,0.0054198728671796589
CodeBERT_partial_s2026,fusion_TPR_0.005,same_period,deployed_pooled_FPR_0.01,0.010349280695884911,6.4028829638093621e-05,0.010371361659417865,0.010103713616594179,0.010438273670123788,0.0101706256273001,0.010438273670123788,200,calibration_resampling_fixed_trained_models_threshold_and_evaluation_cohorts,0.010304449648711944
CodeBERT_partial_s2026,fusion_TPR_0.005,same_period,deployed_pooled_FPR_0.05,0.05227868852459016,0.00034902176499416868,0.052258280361324856,0.048778855804616932,0.052726664436266307,0.052191368350618939,0.052726664436266307,200,calibration_resampling_fixed_trained_models_threshold_and_evaluation_cohorts,0.052325192372030781
CodeBERT_partial_s2026,fusion_TPR_0.005,same_period,deployed_pooled_TPR_0.001,0.79621122550647627,0.0041946754967907675,0.79887080704085023,0.77821321819993361,0.8018598472268349,0.78997010959814018,0.80075888409166396,200,calibration_resampling_fixed_trained_models_threshold_and_evaluation_cohorts,0.79568249750913322
CodeBERT_partial_s2026,fusion_TPR_0.005,same_period,deployed_pooled_TPR_0.005,0.91291232148787782,0.0030266465991081815,0.91358352706741941,0.88468947193623382,0.91431418133510467,0.90787113915642648,0.91431418133510467,200,calibration_resampling_fixed_trained_models_threshold_and_evaluation_cohorts,0.91198937230156096
CodeBERT_partial_s2026,fusion_TPR_0.005,same_period,deployed_pooled_TPR_0.01,0.94367784789106612,0.0028389325658131183,0.94393889073397541,0.913317834606443,0.94420458319495182,0.94354035204251074,0.94420458319495182,200,calibration_resampling_fixed_trained_models_threshold_and_evaluation_cohorts,0.94420458319495182
CodeBERT_partial_s2026,fusion_TPR_0.005,same_period,deployed_pooled_TPR_0.05,0.98255064762537359,0.0034266517571376375,0.98279641315177679,0.93457323148455662,0.98292925938226505,0.98259714380604446,0.98292925938226505,200,calibration_resampling_fixed_trained_models_threshold_and_evaluation_cohorts,0.98259714380604446
CodeBERT_partial_s2026,fusion_TPR_0.005,test,AP,0.99594288060950864,0.00019331131277531459,0.99594683928811401,0.99331311042842452,0.99597949830631405,0.99593115580126768,0.99597949830631405,200,calibration_resampling_fixed_trained_models_threshold_and_evaluation_cohorts,0.99597232131154567
CodeBERT_partial_s2026,fusion_TPR_0.005,test,Accuracy,0.96833049999999998,0.0020078983556972708,0.96840000000000004,0.94010000000000005,0.96886666666666665,0.96836666666666671,0.96856666666666669,200,calibration_resampling_fixed_trained_models_threshold_and_evaluation_cohorts,0.96856666666666669
CodeBERT_partial_s2026,fusion_TPR_0.005,test,Brier,0.024539335402372454,0.00098582778519476673,0.024464769500667751,0.024200481987739948,0.03820339598646557,0.024200481987739948,0.024551240025592905,200,calibration_resampling_fixed_trained_models_threshold_and_evaluation_cohorts,0.024386458434419878
CodeBERT_partial_s2026,fusion_TPR_0.005,test,ECE,0.014979253391658258,0.0016170292164975134,0.014911696969625694,0.013166339554379019,0.035981175547533641,0.013166339554379019,0.015355826404235631,200,calibration_resampling_fixed_trained_models_threshold_and_evaluation_cohorts,0.014469919524515007
CodeBERT_partial_s2026,fusion_TPR_0.005,test,F1,0.9683257432323541,0.0020279473948303767,0.96839578610481403,0.93981310915363236,0.96883134218781286,0.96836139356559425,0.96856561885396175,200,calibration_resampling_fixed_trained_models_threshold_and_evaluation_cohorts,0.96856561885396175
CodeBERT_partial_s2026,fusion_TPR_0.005,test,LogLoss,0.093702322332577512,0.0026695602821361739,0.093097761149683572,0.09071954211096242,0.1248343204792095,0.09071954211096242,0.095059589184649143,200,calibration_resampling_fixed_trained_models_threshold_and_evaluation_cohorts,0.092175855258215006
CodeBERT_partial_s2026,fusion_TPR_0.005,test,ROC_AUC,0.99568038566501971,0.00019515398790629322,0.99570411044385165,0.99303915373522011,0.9957269508727441,0.99566611417481066,0.9957269508727441,200,calibration_resampling_fixed_trained_models_threshold_and_evaluation_cohorts,0.99572518195063886
CodeBERT_partial_s2026,fusion_TPR_0.005,test,deployed_per_format_FPR_0.001,0.0014954804151322398,5.7460388069621741e-05,0.0014730498828255775,0.0014730498828255775,0.0016739203213927017,0.0014730498828255775,0.0016739203213927017,200,calibration_resampling_fixed_trained_models_threshold_and_evaluation_cohorts,0.0014730498828255775
CodeBERT_partial_s2026,fusion_TPR_0.005,test,deployed_per_format_FPR_0.005,0.0060887177770338127,7.6556897195052251e-05,0.0060930699698694343,0.0060261131570137263,0.0065617676598593907,0.0060261131570137263,0.0062939404084365585,200,calibration_resampling_fixed_trained_models_threshold_and_evaluation_cohorts,0.0060930699698694343
CodeBERT_partial_s2026,fusion_TPR_0.005,test,deployed_per_format_FPR_0.01,0.011748577167726816,0.00019313735187234812,0.011717442249748912,0.010713090056913292,0.011918312688316036,0.011315701372614664,0.011918312688316036,200,calibration_resampling_fixed_trained_models_threshold_and_evaluation_cohorts,0.011650485436893204
CodeBERT_partial_s2026,fusion_TPR_0.005,test,deployed_per_format_FPR_0.05,0.051569132909273521,0.00041018039255905358,0.051623702711750923,0.046267157683294279,0.051891529963173755,0.051489789086039503,0.051826247070639438,200,calibration_resampling_fixed_trained_models_threshold_and_evaluation_cohorts,0.051623702711750923
CodeBERT_partial_s2026,fusion_TPR_0.005,test,deployed_per_format_TPR_0.001,0.79321374045801529,0.0068743404392076161,0.79641553269166943,0.75970793229339528,0.79986724195154335,0.78572850979090603,0.79986724195154335,200,calibration_resampling_fixed_trained_models_threshold_and_evaluation_cohorts,0.78692333222701627
CodeBERT_partial_s2026,fusion_TPR_0.005,test,deployed_per_format_TPR_0.005,0.90361732492532354,0.0027912407352707297,0.90394955194158644,0.87228675738466643,0.90481247925655495,0.9018918021905078,0.90481247925655495,200,calibration_resampling_fixed_trained_models_threshold_and_evaluation_cohorts,0.90481247925655495
CodeBERT_partial_s2026,fusion_TPR_0.005,test,deployed_per_format_TPR_0.01,0.93566445403252574,0.0029570730573741694,0.93614337869233322,0.90155990706936606,0.93614337869233322,0.93448390308662466,0.93614337869233322,200,calibration_resampling_fixed_trained_models_threshold_and_evaluation_cohorts,0.93587786259541983
CodeBERT_partial_s2026,fusion_TPR_0.005,test,deployed_per_format_TPR_0.05,0.98117125788250914,0.0034612705405920319,0.98154663126452046,0.93302356455360103,0.98194490540989043,0.98121473614337873,0.98194490540989043,200,calibration_resampling_fixed_trained_models_threshold_and_evaluation_cohorts,0.98154663126452046
CodeBERT_partial_s2026,fusion_TPR_0.005,test,deployed_pooled_FPR_0.001,0.0015701372614663541,6.9027702821960327e-05,0.0016069635085369936,0.0014730498828255775,0.0018747907599598258,0.0014730498828255775,0.0016739203213927017,200,calibration_resampling_fixed_trained_models_threshold_and_evaluation_cohorts,0.0015400066956812856
CodeBERT_partial_s2026,fusion_TPR_0.005,test,deployed_pooled_FPR_0.005,0.0061084700368262464,0.00016683053739264229,0.0061600267827251424,0.0057582859055908941,0.0064948108470036826,0.0057582859055908941,0.0062269835955808504,200,calibration_resampling_fixed_trained_models_threshold_and_evaluation_cohorts,0.0057582859055908941
CodeBERT_partial_s2026,fusion_TPR_0.005,test,deployed_pooled_FPR_0.01,0.012399732172748576,7.0844531832576487e-05,0.012387010378305993,0.011918312688316036,0.012453967191161701,0.012253096752594577,0.012453967191161701,200,calibration_resampling_fixed_trained_models_threshold_and_evaluation_cohorts,0.012387010378305993
CodeBERT_partial_s2026,fusion_TPR_0.005,test,deployed_pooled_FPR_0.05,0.051031469702042177,0.00061616421582095994,0.051088048208905258,0.044727150987612992,0.05135587546032809,0.049949782390358216,0.05135587546032809,200,calibration_resampling_fixed_trained_models_threshold_and_evaluation_cohorts,0.050954134583193839
CodeBERT_partial_s2026,fusion_TPR_0.005,test,deployed_pooled_TPR_0.001,0.78819083969465653,0.0049463552748867491,0.79196813806837041,0.76296050448058417,0.79322933952870889,0.78121473614337866,0.79212910720212415,200,calibration_resampling_fixed_trained_models_threshold_and_evaluation_cohorts,0.78659143710587454
CodeBERT_partial_s2026,fusion_TPR_0.005,test,deployed_pooled_TPR_0.005,0.90399568536342512,0.0032056554753143091,0.90454696315964156,0.87328244274809164,0.90547626949883842,0.89870560902754726,0.90547626949883842,200,calibration_resampling_fixed_trained_models_threshold_and_evaluation_cohorts,0.90308662462661804
CodeBERT_partial_s2026,fusion_TPR_0.005,test,deployed_pooled_TPR_0.01,0.93448058413541313,0.0030448573875538044,0.93474941918353804,0.90122801194822433,0.93508131430467967,0.93448390308662466,0.93508131430467967,200,calibration_resampling_fixed_trained_models_threshold_and_evaluation_cohorts,0.93508131430467967
CodeBERT_partial_s2026,fusion_TPR_0.005,test,deployed_pooled_TPR_0.05,0.9810614005974112,0.003819232561328159,0.98134749419183542,0.9277132426153335,0.98154663126452046,0.98121473614337873,0.98154663126452046,200,calibration_resampling_fixed_trained_models_threshold_and_evaluation_cohorts,0.98154663126452046
CodeBERT_partial_s2026,isotonic_probability,same_period,AP,0.98198903877225585,0.00030257361343573433,0.98199012638265426,0.98108900447521141,0.98264010165315407,0.98142687538940532,0.98253587266468245,200,calibration_resampling_fixed_trained_models_threshold_and_evaluation_cohorts,0.98270899747619034
CodeBERT_partial_s2026,isotonic_probability,same_period,Accuracy,0.93848016666666667,0.00082116134005362452,0.93899999999999995,0.93689999999999996,0.93963333333333332,0.93689999999999996,0.93953333333333333,200,calibration_resampling_fixed_trained_models_threshold_and_evaluation_cohorts,0.93923333333333336
CodeBERT_partial_s2026,isotonic_probability,same_period,Brier,0.047072682474733486,0.00011671140244716595,0.04706620861519864,0.046828109851045317,0.047457057612225961,0.046885150205908388,0.047351786019897632,200,calibration_resampling_fixed_trained_models_threshold_and_evaluation_cohorts,0.046889859536050016
CodeBERT_partial_s2026,isotonic_probability,same_period,ECE,0.006415584543020653,0.0013268707870633676,0.0063510709315709414,0.0026566278342363579,0.011244959919603163,0.0040717765227602154,0.0089388787414799147,200,calibration_resampling_fixed_trained_models_threshold_and_evaluation_cohorts,0.0046600676411594766
CodeBERT_partial_s2026,isotonic_probability,same_period,F1,0.93876558423723566,0.00044411722678587448,0.93890503390453284,0.93782230251272791,0.9396272960629396,0.93782230251272791,0.93954955419641073,200,calibration_resampling_fixed_trained_models_threshold_and_evaluation_cohorts,0.93915829523078465
CodeBERT_partial_s2026,isotonic_probability,same_period,LogLoss,0.17176574214419404,0.005041003696687002,0.17020248083702344,0.16598244849482441,0.18482307829879113,0.16610643479809456,0.18228502031174976,200,calibration_resampling_fixed_trained_models_threshold_and_evaluation_cohorts,0.16591255230257024
CodeBERT_partial_s2026,isotonic_probability,same_period,ROC_AUC,0.98337133919244923,6.9479169054024567e-05,0.98337534649076952,0.98310674621292138,0.98352382959815365,0.98322919774810302,0.98349145021838635,200,calibration_resampling_fixed_trained_models_threshold_and_evaluation_cohorts,0.98351654061126825
CodeBERT_partial_s2026,isotonic_probability,same_period,deployed_per_format_FPR_0.001,0.00096520575443292066,0.00014733742293754403,0.0010036801605888257,0.00046838407494145199,0.0012044161927065907,0.00060220809635329537,0.0012044161927065907,200,calibration_resampling_fixed_trained_models_threshold_and_evaluation_cohorts,0.00093676814988290398
CodeBERT_partial_s2026,isotonic_probability,same_period,deployed_per_format_FPR_0.005,0.004165941786550686,0.00073293032834494511,0.0044831047172967549,0.0018066242890598862,0.0049514887922382069,0.0023385747741719639,0.0049514887922382069,200,calibration_resampling_fixed_trained_models_threshold_and_evaluation_cohorts,0.004817664770826363
CodeBERT_partial_s2026,isotonic_probability,same_period,deployed_per_format_FPR_0.01,0.0089913014386082298,0.00068832750791439194,0.0091000334560053537,0.0066242890598862498,0.010036801605888258,0.0075610572097691538,0.0097691535630645698,200,calibration_resampling_fixed_trained_models_threshold_and_evaluation_cohorts,0.0097022415523586487
CodeBERT_partial_s2026,isotonic_probability,same_period,deployed_per_format_FPR_0.05,0.044695884911341591,0.0022912380004885156,0.045332887253261962,0.035262629642020746,0.047172967547674804,0.038405821344931416,0.046972231515557045,200,calibration_resampling_fixed_trained_models_threshold_and_evaluation_cohorts,0.046570759451321511
CodeBERT_partial_s2026,isotonic_probability,same_period,deployed_per_format_TPR_0.001,0.41406575888409164,0.037755766933782763,0.42716705413483891,0.26821653935569578,0.4499501826635669,0.28402524078379277,0.44443706409830619,200,calibration_resampling_fixed_trained_models_threshold_and_evaluation_cohorts,0.42716705413483891
CodeBERT_partial_s2026,isotonic_probability,same_period,deployed_per_format_TPR_0.005,0.64318033875788772,0.032512937599675988,0.65719030222517438,0.49784124875456659,0.67505812022583855,0.56555297243440716,0.6743274659581534,200,calibration_resampling_fixed_trained_models_threshold_and_evaluation_cohorts,0.67120557954168047
CodeBERT_partial_s2026,isotonic_probability,same_period,deployed_per_format_TPR_0.01,0.76496512786449689,0.013401204363759132,0.767718365991365,0.71903022251743609,0.78272999003653276,0.73995516439721021,0.78027565592826298,200,calibration_resampling_fixed_trained_models_threshold_and_evaluation_cohorts,0.78013948854201265
CodeBERT_partial_s2026,isotonic_probability,same_period,deployed_per_format_TPR_0.05,0.91906144138160073,0.0049304874179403706,0.92022583859182994,0.89405513118565261,0.92341414812354694,0.90564596479574888,0.92308369312520755,200,calibration_resampling_fixed_trained_models_threshold_and_evaluation_cohorts,0.92281634008635005
CodeBERT_partial_s2026,isotonic_probability,same_period,deployed_pooled_FPR_0.001,0.00089762462361993973,0.00027757453133375862,0.00086985613917698224,0.00013382402141184343,0.0014720642355302777,0.00066912010705921711,0.0014720642355302777,200,calibration_resampling_fixed_trained_models_threshold_and_evaluation_cohorts,0.00066912010705921711
CodeBERT_partial_s2026,isotonic_probability,same_period,deployed_pooled_FPR_0.005,0.0045460020073603211,0.0004867636312495171,0.0044831047172967549,0.002074272331883573,0.0052191368350618939,0.002989294078287053,0.0049514887922382069,200,calibration_resampling_fixed_trained_models_threshold_and_evaluation_cohorts,0.0044831047172967549
CodeBERT_partial_s2026,isotonic_probability,same_period,deployed_pooled_FPR_0.01,0.0087082636333221802,0.00060848541373773567,0.0088323854131816659,0.0058882569421211109,0.010036801605888258,0.0066242890598862498,0.0097022415523586487,200,calibration_resampling_fixed_trained_models_threshold_and_evaluation_cohorts,0.0088992974238875887
CodeBERT_partial_s2026,isotonic_probability,same_period,deployed_pooled_FPR_0.05,0.036182669789227163,0.0030939463570500126,0.036801605888256941,0.028103044496487119,0.044964871194379391,0.029556707929073268,0.041888591502174638,200,calibration_resampling_fixed_trained_models_threshold_and_evaluation_cohorts,0.036801605888256941
CodeBERT_partial_s2026,isotonic_probability,same_period,deployed_pooled_TPR_0.001,0.40010893390900032,0.037371045021766115,0.40916638990368648,0.25014945200929922,0.45612753238126869,0.36984390567917635,0.45612753238126869,200,calibration_resampling_fixed_trained_models_threshold_and_evaluation_cohorts,0.36984390567917635
CodeBERT_partial_s2026,isotonic_probability,same_period,deployed_pooled_TPR_0.005,0.65535968116904686,0.023692633073852689,0.65719030222517438,0.51849883759548321,0.67545665891730322,0.57478910660909999,0.67253404184656262,200,calibration_resampling_fixed_trained_models_threshold_and_evaluation_cohorts,0.65719030222517438
CodeBERT_partial_s2026,isotonic_probability,same_period,deployed_pooled_TPR_0.01,0.7533271338425771,0.010880205433759086,0.75569578213218203,0.69810694121554306,0.77017602125539686,0.71903022251743609,0.76698771172367985,200,calibration_resampling_fixed_trained_models_threshold_and_evaluation_cohorts,0.75828628362670214
CodeBERT_partial_s2026,isotonic_probability,same_period,deployed_pooled_TPR_0.05,0.90109897044171372,0.0066572093020040753,0.90322152108933906,0.88103620059780807,0.9168382597143806,0.8860727333111923,0.91186648953835936,200,calibration_resampling_fixed_trained_models_threshold_and_evaluation_cohorts,0.90322152108933906
CodeBERT_partial_s2026,isotonic_probability,test,AP,0.98195812015961725,0.00030034728385326697,0.98197463427484677,0.98078196124112571,0.98256994031951028,0.9813768239501266,0.98249529721525464,200,calibration_resampling_fixed_trained_models_threshold_and_evaluation_cohorts,0.98269568686174191
CodeBERT_partial_s2026,isotonic_probability,test,Accuracy,0.93855633333333333,0.00033552695290402099,0.9385,0.9371666666666667,0.93923333333333336,0.93804500000000002,0.93920000000000003,200,calibration_resampling_fixed_trained_models_threshold_and_evaluation_cohorts,0.93856666666666666
CodeBERT_partial_s2026,isotonic_probability,test,Brier,0.047347676949481526,0.00021365770907342643,0.047335261084568203,0.046962223877461441,0.048031780597284336,0.047011345700542426,0.047795783558305154,200,calibration_resampling_fixed_trained_models_threshold_and_evaluation_cohorts,0.047206843109194485
CodeBERT_partial_s2026,isotonic_probability,test,ECE,0.011225761974712698,0.0014423801187024991,0.011296389512435976,0.0065052700216948027,0.014976039728045745,0.0085459669736908037,0.014074501389398156,200,calibration_resampling_fixed_trained_models_threshold_and_evaluation_cohorts,0.01022032033879024
CodeBERT_partial_s2026,isotonic_probability,test,F1,0.93846000168300603,0.00055039064361958427,0.93859296475520315,0.93654694179822939,0.93940904709675277,0.93751803760718899,0.93938185443668998,200,calibration_resampling_fixed_trained_models_threshold_and_evaluation_cohorts,0.93817303498943272
CodeBERT_partial_s2026,isotonic_probability,test,LogLoss,0.17055651965631319,0.0049683098308442534,0.16888150669017368,0.16415896308812958,0.18464104406425924,0.1645827965934388,0.18157085112724891,200,calibration_resampling_fixed_trained_models_threshold_and_evaluation_cohorts,0.16494393241275715
CodeBERT_partial_s2026,isotonic_probability,test,ROC_AUC,0.98378919958608113,7.8029233949942204e-05,0.98379669018229343,0.98344454690315841,0.98391660687850679,0.98357877631257751,0.98390454465200516,200,calibration_resampling_fixed_trained_models_threshold_and_evaluation_cohorts,0.98392053806343682
CodeBERT_partial_s2026,isotonic_probability,test,deployed_per_format_FPR_0.001,0.0010374958151991964,0.00011818499152983514,0.001071309005691329,0.00066956812855708072,0.0011382658185470371,0.00073652494141278877,0.0011382658185470371,200,calibration_resampling_fixed_trained_models_threshold_and_evaluation_cohorts,0.001071309005691329
CodeBERT_partial_s2026,isotonic_probability,test,deployed_per_format_FPR_0.005,0.0038510210913960492,0.00075437019488427764,0.0040174087713424839,0.0015400066956812856,0.0048878473384666886,0.0021392701707398727,0.0048208905256109805,200,calibration_resampling_fixed_trained_models_threshold_and_evaluation_cohorts,0.0047539337127552725
CodeBERT_partial_s2026,isotonic_probability,test,deployed_per_format_FPR_0.01,0.0090093739537997989,0.00064999226043072132,0.0092735185805155676,0.007030465349849347,0.010177435554067627,0.0077669902912621356,0.0098443254101104796,200,calibration_resampling_fixed_trained_models_threshold_and_evaluation_cohorts,0.0097087378640776691
CodeBERT_partial_s2026,isotonic_probability,test,deployed_per_format_FPR_0.05,0.043698024774020752,0.0023566200882107133,0.044492802142618013,0.034482758620689655,0.045865416806160027,0.037815533980582523,0.045731503180448607,200,calibration_resampling_fixed_trained_models_threshold_and_evaluation_cohorts,0.045463675929025775
CodeBERT_partial_s2026,isotonic_probability,test,deployed_per_format_TPR_0.001,0.35427646863591106,0.026378696721478842,0.36302688350481249,0.269498838367076,0.38579488881513441,0.28629273149684697,0.38068370394955192,200,calibration_resampling_fixed_trained_models_threshold_and_evaluation_cohorts,0.36568204447394626
CodeBERT_partial_s2026,isotonic_probability,test,deployed_per_format_TPR_0.005,0.61761267839362755,0.042726638888640332,0.6371058745436442,0.43770328576169931,0.6574842349817458,0.51233820112844342,0.65682044473946233,200,calibration_resampling_fixed_trained_models_threshold_and_evaluation_cohorts,0.65330235645536006
CodeBERT_partial_s2026,isotonic_probability,test,deployed_per_format_TPR_0.01,0.75013939595087953,0.01363347908197074,0.75187520743445069,0.70288748755393293,0.76946564885496183,0.72245934284766011,0.76628443411881841,200,calibration_resampling_fixed_trained_models_threshold_and_evaluation_cohorts,0.7660139395950879
CodeBERT_partial_s2026,isotonic_probability,test,deployed_per_format_TPR_0.05,0.90917590441420515,0.0054423130531987387,0.91052107534019244,0.88237636906737471,0.91403916362429471,0.89457683372054431,0.91377364752738133,200,calibration_resampling_fixed_trained_models_threshold_and_evaluation_cohorts,0.91357451045469629
CodeBERT_partial_s2026,isotonic_probability,test,deployed_pooled_FPR_0.001,0.00083327753598928691,0.00016049680051743098,0.00080348175426849682,0.00020087043856712421,0.0011382658185470371,0.00073652494141278877,0.0011382658185470371,200,calibration_resampling_fixed_trained_models_threshold_and_evaluation_cohorts,0.00073652494141278877
CodeBERT_partial_s2026,isotonic_probability,test,deployed_pooled_FPR_0.005,0.0040261131570137262,0.00047108580475527126,0.0040174087713424839,0.0016069635085369936,0.0048878473384666886,0.0023937060595915637,0.0046200200870438564,200,calibration_resampling_fixed_trained_models_threshold_and_evaluation_cohorts,0.0040174087713424839
CodeBERT_partial_s2026,isotonic_probability,test,deployed_pooled_FPR_0.01,0.0083237361901573482,0.00046860527278620257,0.0084365584198192161,0.0060261131570137263,0.0094409106126548369,0.0070974221627050551,0.0093069969869434208,200,calibration_resampling_fixed_trained_models_threshold_and_evaluation_cohorts,0.0085035152326749242
CodeBERT_partial_s2026,isotonic_probability,test,deployed_pooled_FPR_0.05,0.034266488115165722,0.002219109997862706,0.034750585872112487,0.028054904586541682,0.040977569467693341,0.029768998995647809,0.038975560763307666,200,calibration_resampling_fixed_trained_models_threshold_and_evaluation_cohorts,0.034750585872112487
CodeBERT_partial_s2026,isotonic_probability,test,deployed_pooled_TPR_0.001,0.34032857616993034,0.036751245409815884,0.34855625622303354,0.19814138732160638,0.39741121805509461,0.31018918021905079,0.39741121805509461,200,calibration_resampling_fixed_trained_models_threshold_and_evaluation_cohorts,0.31018918021905079
CodeBERT_partial_s2026,isotonic_probability,test,deployed_pooled_TPR_0.005,0.63499037504148692,0.02796317499290496,0.63863259210089607,0.47002987056090273,0.65536010620643881,0.54038001991370732,0.65170925987387984,200,calibration_resampling_fixed_trained_models_threshold_and_evaluation_cohorts,0.63863259210089607
CodeBERT_partial_s2026,isotonic_probability,test,deployed_pooled_TPR_0.01,0.74074610023232668,0.011827212832860489,0.74337869233322273,0.67998672419515438,0.75818121473614342,0.70288748755393293,0.75545967474278131,200,calibration_resampling_fixed_trained_models_threshold_and_evaluation_cohorts,0.74616661135081319
CodeBERT_partial_s2026,isotonic_probability,test,deployed_pooled_TPR_0.05,0.89168138068370395,0.0067057716142286793,0.89392631928310651,0.87022900763358779,0.90673747095917689,0.87644208430136072,0.90216727514105544,200,calibration_resampling_fixed_trained_models_threshold_and_evaluation_cohorts,0.89392631928310651
CodeBERT_partial_s2026,isotonic_tiebreak,same_period,AP,0.98424155450090889,0,0.984241554500909,0.984241554500909,0.984241554500909,0.984241554500909,0.984241554500909,200,calibration_resampling_fixed_trained_models_threshold_and_evaluation_cohorts,0.984241554500909
CodeBERT_partial_s2026,isotonic_tiebreak,same_period,Accuracy,0.93848016666666667,0.00082116134005362452,0.93899999999999995,0.93689999999999996,0.93963333333333332,0.93689999999999996,0.93953333333333333,200,calibration_resampling_fixed_trained_models_threshold_and_evaluation_cohorts,0.93923333333333336
CodeBERT_partial_s2026,isotonic_tiebreak,same_period,Brier,0.047072682474733486,0.00011671140244716595,0.04706620861519864,0.046828109851045317,0.047457057612225961,0.046885150205908388,0.047351786019897632,200,calibration_resampling_fixed_trained_models_threshold_and_evaluation_cohorts,0.046889859536050016
CodeBERT_partial_s2026,isotonic_tiebreak,same_period,ECE,0.006415584543020653,0.0013268707870633676,0.0063510709315709414,0.0026566278342363579,0.011244959919603163,0.0040717765227602154,0.0089388787414799147,200,calibration_resampling_fixed_trained_models_threshold_and_evaluation_cohorts,0.0046600676411594766
CodeBERT_partial_s2026,isotonic_tiebreak,same_period,F1,0.93876558423723566,0.00044411722678587448,0.93890503390453284,0.93782230251272791,0.9396272960629396,0.93782230251272791,0.93954955419641073,200,calibration_resampling_fixed_trained_models_threshold_and_evaluation_cohorts,0.93915829523078465
CodeBERT_partial_s2026,isotonic_tiebreak,same_period,LogLoss,0.17176574214419404,0.005041003696687002,0.17020248083702344,0.16598244849482441,0.18482307829879113,0.16610643479809456,0.18228502031174976,200,calibration_resampling_fixed_trained_models_threshold_and_evaluation_cohorts,0.16591255230257024
CodeBERT_partial_s2026,isotonic_tiebreak,same_period,ROC_AUC,0.98357705475818069,0,0.98357705475818069,0.98357705475818069,0.98357705475818069,0.98357705475818069,0.98357705475818069,200,calibration_resampling_fixed_trained_models_threshold_and_evaluation_cohorts,0.98357705475818069
CodeBERT_partial_s2026,isotonic_tiebreak,same_period,deployed_per_format_FPR_0.001,0.0012044161927065907,0,0.0012044161927065907,0.0012044161927065907,0.0012044161927065907,0.0012044161927065907,0.0012044161927065907,200,calibration_resampling_fixed_trained_models_threshold_and_evaluation_cohorts,0.0012044161927065907
CodeBERT_partial_s2026,isotonic_tiebreak,same_period,deployed_per_format_FPR_0.005,0.0050184008029441288,0,0.0050184008029441288,0.0050184008029441288,0.0050184008029441288,0.0050184008029441288,0.0050184008029441288,200,calibration_resampling_fixed_trained_models_threshold_and_evaluation_cohorts,0.0050184008029441288
CodeBERT_partial_s2026,isotonic_tiebreak,same_period,deployed_per_format_FPR_0.01,0.010237537638006023,0,0.010237537638006023,0.010237537638006023,0.010237537638006023,0.010237537638006023,0.010237537638006023,200,calibration_resampling_fixed_trained_models_threshold_and_evaluation_cohorts,0.010237537638006023
CodeBERT_partial_s2026,isotonic_tiebreak,same_period,deployed_per_format_FPR_0.05,0.047574439611910338,0,0.047574439611910338,0.047574439611910338,0.047574439611910338,0.047574439611910338,0.047574439611910338,200,calibration_resampling_fixed_trained_models_threshold_and_evaluation_cohorts,0.047574439611910338
CodeBERT_partial_s2026,isotonic_tiebreak,same_period,deployed_per_format_TPR_0.001,0.4633676519428761,0,0.4633676519428761,0.4633676519428761,0.4633676519428761,0.4633676519428761,0.4633676519428761,200,calibration_resampling_fixed_trained_models_threshold_and_evaluation_cohorts,0.4633676519428761
CodeBERT_partial_s2026,isotonic_tiebreak,same_period,deployed_per_format_TPR_0.005,0.67758219860511459,0,0.67758219860511459,0.67758219860511459,0.67758219860511459,0.67758219860511459,0.67758219860511459,200,calibration_resampling_fixed_trained_models_threshold_and_evaluation_cohorts,0.67758219860511459
CodeBERT_partial_s2026,isotonic_tiebreak,same_period,deployed_per_format_TPR_0.01,0.78498837595483228,0,0.78498837595483228,0.78498837595483228,0.78498837595483228,0.78498837595483228,0.78498837595483228,200,calibration_resampling_fixed_trained_models_threshold_and_evaluation_cohorts,0.78498837595483228
CodeBERT_partial_s2026,isotonic_tiebreak,same_period,deployed_per_format_TPR_0.05,0.92348057123879113,0,0.92348057123879113,0.92348057123879113,0.92348057123879113,0.92348057123879113,0.92348057123879113,200,calibration_resampling_fixed_trained_models_threshold_and_evaluation_cohorts,0.92348057123879113
CodeBERT_partial_s2026,isotonic_tiebreak,same_period,deployed_pooled_FPR_0.001,0.0015389762462361995,0,0.0015389762462361995,0.0015389762462361995,0.0015389762462361995,0.0015389762462361995,0.0015389762462361995,200,calibration_resampling_fixed_trained_models_threshold_and_evaluation_cohorts,0.0015389762462361995
CodeBERT_partial_s2026,isotonic_tiebreak,same_period,deployed_pooled_FPR_0.005,0.0052191368350618939,0,0.0052191368350618939,0.0052191368350618939,0.0052191368350618939,0.0052191368350618939,0.0052191368350618939,200,calibration_resampling_fixed_trained_models_threshold_and_evaluation_cohorts,0.0052191368350618939
CodeBERT_partial_s2026,isotonic_tiebreak,same_period,deployed_pooled_FPR_0.01,0.010036801605888258,0,0.010036801605888258,0.010036801605888258,0.010036801605888258,0.010036801605888258,0.010036801605888258,200,calibration_resampling_fixed_trained_models_threshold_and_evaluation_cohorts,0.010036801605888258
CodeBERT_partial_s2026,isotonic_tiebreak,same_period,deployed_pooled_FPR_0.05,0.04831047172967548,0,0.048310471729675473,0.048310471729675473,0.048310471729675473,0.048310471729675473,0.048310471729675473,200,calibration_resampling_fixed_trained_models_threshold_and_evaluation_cohorts,0.048310471729675473
CodeBERT_partial_s2026,isotonic_tiebreak,same_period,deployed_pooled_TPR_0.001,0.46423115244104951,0,0.46423115244104951,0.46423115244104951,0.46423115244104951,0.46423115244104951,0.46423115244104951,200,calibration_resampling_fixed_trained_models_threshold_and_evaluation_cohorts,0.46423115244104951
CodeBERT_partial_s2026,isotonic_tiebreak,same_period,deployed_pooled_TPR_0.005,0.67545665891730322,0,0.67545665891730322,0.67545665891730322,0.67545665891730322,0.67545665891730322,0.67545665891730322,200,calibration_resampling_fixed_trained_models_threshold_and_evaluation_cohorts,0.67545665891730322
CodeBERT_partial_s2026,isotonic_tiebreak,same_period,deployed_pooled_TPR_0.01,0.77177017602125542,0,0.77177017602125542,0.77177017602125542,0.77177017602125542,0.77177017602125542,0.77177017602125542,200,calibration_resampling_fixed_trained_models_threshold_and_evaluation_cohorts,0.77177017602125542
CodeBERT_partial_s2026,isotonic_tiebreak,same_period,deployed_pooled_TPR_0.05,0.92294918631683831,0,0.92294918631683831,0.92294918631683831,0.92294918631683831,0.92294918631683831,0.92294918631683831,200,calibration_resampling_fixed_trained_models_threshold_and_evaluation_cohorts,0.92294918631683831
CodeBERT_partial_s2026,isotonic_tiebreak,test,AP,0.98409983511102295,0,0.98409983511102295,0.98409983511102295,0.98409983511102295,0.98409983511102295,0.98409983511102295,200,calibration_resampling_fixed_trained_models_threshold_and_evaluation_cohorts,0.98409983511102295
CodeBERT_partial_s2026,isotonic_tiebreak,test,Accuracy,0.93855633333333333,0.00033552695290402099,0.9385,0.9371666666666667,0.93923333333333336,0.93804500000000002,0.93920000000000003,200,calibration_resampling_fixed_trained_models_threshold_and_evaluation_cohorts,0.93856666666666666
CodeBERT_partial_s2026,isotonic_tiebreak,test,Brier,0.047347676949481526,0.00021365770907342643,0.047335261084568203,0.046962223877461441,0.048031780597284336,0.047011345700542426,0.047795783558305154,200,calibration_resampling_fixed_trained_models_threshold_and_evaluation_cohorts,0.047206843109194485
CodeBERT_partial_s2026,isotonic_tiebreak,test,ECE,0.011225761974712698,0.0014423801187024991,0.011296389512435976,0.0065052700216948027,0.014976039728045745,0.0085459669736908037,0.014074501389398156,200,calibration_resampling_fixed_trained_models_threshold_and_evaluation_cohorts,0.01022032033879024
CodeBERT_partial_s2026,isotonic_tiebreak,test,F1,0.93846000168300603,0.00055039064361958427,0.93859296475520315,0.93654694179822939,0.93940904709675277,0.93751803760718899,0.93938185443668998,200,calibration_resampling_fixed_trained_models_threshold_and_evaluation_cohorts,0.93817303498943272
CodeBERT_partial_s2026,isotonic_tiebreak,test,LogLoss,0.17055651965631319,0.0049683098308442534,0.16888150669017368,0.16415896308812958,0.18464104406425924,0.1645827965934388,0.18157085112724891,200,calibration_resampling_fixed_trained_models_threshold_and_evaluation_cohorts,0.16494393241275715
CodeBERT_partial_s2026,isotonic_tiebreak,test,ROC_AUC,0.98395792320989139,0,0.98395792320989139,0.98395792320989139,0.98395792320989139,0.98395792320989139,0.98395792320989139,200,calibration_resampling_fixed_trained_models_threshold_and_evaluation_cohorts,0.98395792320989139
CodeBERT_partial_s2026,isotonic_tiebreak,test,deployed_per_format_FPR_0.001,0.0011382658185470371,0,0.0011382658185470371,0.0011382658185470371,0.0011382658185470371,0.0011382658185470371,0.0011382658185470371,200,calibration_resampling_fixed_trained_models_threshold_and_evaluation_cohorts,0.0011382658185470371
CodeBERT_partial_s2026,isotonic_tiebreak,test,deployed_per_format_FPR_0.005,0.0050217609641781055,0,0.0050217609641781055,0.0050217609641781055,0.0050217609641781055,0.0050217609641781055,0.0050217609641781055,200,calibration_resampling_fixed_trained_models_threshold_and_evaluation_cohorts,0.0050217609641781055
CodeBERT_partial_s2026,isotonic_tiebreak,test,deployed_per_format_FPR_0.01,0.010311349179779043,0,0.010311349179779043,0.010311349179779043,0.010311349179779043,0.010311349179779043,0.010311349179779043,200,calibration_resampling_fixed_trained_models_threshold_and_evaluation_cohorts,0.010311349179779043
CodeBERT_partial_s2026,isotonic_tiebreak,test,deployed_per_format_FPR_0.05,0.046401071309005691,0,0.046401071309005691,0.046401071309005691,0.046401071309005691,0.046401071309005691,0.046401071309005691,200,calibration_resampling_fixed_trained_models_threshold_and_evaluation_cohorts,0.046401071309005691
CodeBERT_partial_s2026,isotonic_tiebreak,test,deployed_per_format_TPR_0.001,0.40165947560570858,0,0.40165947560570858,0.40165947560570858,0.40165947560570858,0.40165947560570858,0.40165947560570858,200,calibration_resampling_fixed_trained_models_threshold_and_evaluation_cohorts,0.40165947560570858
CodeBERT_partial_s2026,isotonic_tiebreak,test,deployed_per_format_TPR_0.005,0.65940922668436774,0,0.65940922668436774,0.65940922668436774,0.65940922668436774,0.65940922668436774,0.65940922668436774,200,calibration_resampling_fixed_trained_models_threshold_and_evaluation_cohorts,0.65940922668436774
CodeBERT_partial_s2026,isotonic_tiebreak,test,deployed_per_format_TPR_0.01,0.77112512446067039,0,0.77112512446067039,0.77112512446067039,0.77112512446067039,0.77112512446067039,0.77112512446067039,200,calibration_resampling_fixed_trained_models_threshold_and_evaluation_cohorts,0.77112512446067039
CodeBERT_partial_s2026,isotonic_tiebreak,test,deployed_per_format_TPR_0.05,0.91417192167275152,0,0.91417192167275141,0.91417192167275141,0.91417192167275141,0.91417192167275141,0.91417192167275141,200,calibration_resampling_fixed_trained_models_threshold_and_evaluation_cohorts,0.91417192167275141
CodeBERT_partial_s2026,isotonic_tiebreak,test,deployed_pooled_FPR_0.001,0.0012052226314027451,0,0.0012052226314027451,0.0012052226314027451,0.0012052226314027451,0.0012052226314027451,0.0012052226314027451,200,calibration_resampling_fixed_trained_models_threshold_and_evaluation_cohorts,0.0012052226314027451
CodeBERT_partial_s2026,isotonic_tiebreak,test,deployed_pooled_FPR_0.005,0.0048878473384666886,0,0.0048878473384666886,0.0048878473384666886,0.0048878473384666886,0.0048878473384666886,0.0048878473384666886,200,calibration_resampling_fixed_trained_models_threshold_and_evaluation_cohorts,0.0048878473384666886
CodeBERT_partial_s2026,isotonic_tiebreak,test,deployed_pooled_FPR_0.01,0.009574824238366253,0,0.009574824238366253,0.009574824238366253,0.009574824238366253,0.009574824238366253,0.009574824238366253,200,calibration_resampling_fixed_trained_models_threshold_and_evaluation_cohorts,0.009574824238366253
CodeBERT_partial_s2026,isotonic_tiebreak,test,deployed_pooled_FPR_0.05,0.045128891864747243,0,0.045128891864747236,0.045128891864747236,0.045128891864747236,0.045128891864747236,0.045128891864747236,200,calibration_resampling_fixed_trained_models_threshold_and_evaluation_cohorts,0.045128891864747236
CodeBERT_partial_s2026,isotonic_tiebreak,test,deployed_pooled_TPR_0.001,0.40477928974444077,0,0.40477928974444077,0.40477928974444077,0.40477928974444077,0.40477928974444077,0.40477928974444077,200,calibration_resampling_fixed_trained_models_threshold_and_evaluation_cohorts,0.40477928974444077
CodeBERT_partial_s2026,isotonic_tiebreak,test,deployed_pooled_TPR_0.005,0.65536010620643881,0,0.65536010620643881,0.65536010620643881,0.65536010620643881,0.65536010620643881,0.65536010620643881,200,calibration_resampling_fixed_trained_models_threshold_and_evaluation_cohorts,0.65536010620643881
CodeBERT_partial_s2026,isotonic_tiebreak,test,deployed_pooled_TPR_0.01,0.75984069034185198,0,0.75984069034185198,0.75984069034185198,0.75984069034185198,0.75984069034185198,0.75984069034185198,200,calibration_resampling_fixed_trained_models_threshold_and_evaluation_cohorts,0.75984069034185198
CodeBERT_partial_s2026,isotonic_tiebreak,test,deployed_pooled_TPR_0.05,0.91523398606040507,0,0.91523398606040496,0.91523398606040496,0.91523398606040496,0.91523398606040496,0.91523398606040496,200,calibration_resampling_fixed_trained_models_threshold_and_evaluation_cohorts,0.91523398606040496
CodeBERT_partial_s2026,stack,same_period,AP,0.99636349119552903,1.9987513239793835e-05,0.99636590461374985,0.99629602153500318,0.99639521592078562,0.99631626693034991,0.99639232313940662,200,calibration_resampling_fixed_trained_models_threshold_and_evaluation_cohorts,0.99636669393136046
CodeBERT_partial_s2026,stack,same_period,Accuracy,0.97222883333333332,0.00012180833174190549,0.97223333333333328,0.97199999999999998,0.97253333333333336,0.97203249999999997,0.9724666666666667,200,calibration_resampling_fixed_trained_models_threshold_and_evaluation_cohorts,0.97213333333333329
CodeBERT_partial_s2026,stack,same_period,Brier,0.021205141473888359,4.5241204918909026e-05,0.021198809235942286,0.021142193903174462,0.02137330849381245,0.021147221242237661,0.021308387663394997,200,calibration_resampling_fixed_trained_models_threshold_and_evaluation_cohorts,0.021180608846684164
CodeBERT_partial_s2026,stack,same_period,ECE,0.00375964431238558,0.00037498840805392657,0.003677033022123093,0.0031171349759426753,0.0053267149892079722,0.0032475505473401295,0.0047774640358959741,200,calibration_resampling_fixed_trained_models_threshold_and_evaluation_cohorts,0.0033622892889685735
CodeBERT_partial_s2026,stack,same_period,F1,0.97226701456107245,0.00011155424373224039,0.97226704731514113,0.97204844935445234,0.97255894498468098,0.97208167982357441,0.97247588724146017,200,calibration_resampling_fixed_trained_models_threshold_and_evaluation_cohorts,0.9721778487752929
CodeBERT_partial_s2026,stack,same_period,LogLoss,0.076828912855527204,0.00019725231184005492,0.076786659242447333,0.076515890659613034,0.07763808791836295,0.076556309491317601,0.077284318655318054,200,calibration_resampling_fixed_trained_models_threshold_and_evaluation_cohorts,0.076718733690941524
CodeBERT_partial_s2026,stack,same_period,ROC_AUC,0.99599501431074799,2.3654967296385728e-05,0.99599760174553453,0.99591671399137705,0.99603571114678313,0.99593980830186712,0.99603020562832023,200,calibration_resampling_fixed_trained_models_threshold_and_evaluation_cohorts,0.99599848397961777
CodeBERT_partial_s2026,stack,same_period,deployed_per_format_FPR_0.001,0.0013941117430578789,2.4898761780703033e-05,0.001405152224824356,0.0013382402141184342,0.001405152224824356,0.0013382402141184342,0.001405152224824356,200,calibration_resampling_fixed_trained_models_threshold_and_evaluation_cohorts,0.001405152224824356
CodeBERT_partial_s2026,stack,same_period,deployed_per_format_FPR_0.005,0.0053271997323519572,5.0944318180450024e-05,0.0053529608564737369,0.0051522248243559719,0.0054198728671796589,0.0051522248243559719,0.0054198728671796589,200,calibration_resampling_fixed_trained_models_threshold_and_evaluation_cohorts,0.0053529608564737369
CodeBERT_partial_s2026,stack,same_period,deployed_per_format_FPR_0.01,0.0097062562730010037,0.00011197324672031384,0.0097022415523586487,0.0095684175309468048,0.0101706256273001,0.0095684175309468048,0.010038474406155906,200,calibration_resampling_fixed_trained_models_threshold_and_evaluation_cohorts,0.0097022415523586487
CodeBERT_partial_s2026,stack,same_period,deployed_per_format_FPR_0.05,0.052273335563733696,0.00017134127635279255,0.052258280361324856,0.051923720307795247,0.052726664436266307,0.051923720307795247,0.052661425225828035,200,calibration_resampling_fixed_trained_models_threshold_and_evaluation_cohorts,0.052191368350618939
CodeBERT_partial_s2026,stack,same_period,deployed_per_format_TPR_0.001,0.80799601461308546,0.0013207219901461172,0.80783792759880435,0.80584523414148124,0.81049485220856854,0.80604118233145139,0.81036366655596148,200,calibration_resampling_fixed_trained_models_threshold_and_evaluation_cohorts,0.80783792759880435
CodeBERT_partial_s2026,stack,same_period,deployed_per_format_TPR_0.005,0.91552773165061441,0.00058385660271048992,0.91570906675523078,0.91345068083693126,0.91630687479242778,0.91378113583527065,0.91630687479242778,200,calibration_resampling_fixed_trained_models_threshold_and_evaluation_cohorts,0.91590833610096312
CodeBERT_partial_s2026,stack,same_period,deployed_per_format_TPR_0.01,0.9446157422783128,0.00044041940901740149,0.94473596811690463,0.94334108269677852,0.94559946861507804,0.94354035204251074,0.94540019926934571,200,calibration_resampling_fixed_trained_models_threshold_and_evaluation_cohorts,0.94486881434739289
CodeBERT_partial_s2026,stack,same_period,deployed_per_format_TPR_0.05,0.98284456991032887,0.00011319041576982924,0.98286283626702098,0.98266356692128864,0.9830621056127532,0.98266356692128864,0.9830621056127532,200,calibration_resampling_fixed_trained_models_threshold_and_evaluation_cohorts,0.9830621056127532
CodeBERT_partial_s2026,stack,same_period,deployed_pooled_FPR_0.001,0.0013499498159919706,2.5488163178197348e-05,0.0013382402141184342,0.0013382402141184342,0.001405152224824356,0.0013382402141184342,0.001405152224824356,200,calibration_resampling_fixed_trained_models_threshold_and_evaluation_cohorts,0.0013382402141184342
CodeBERT_partial_s2026,stack,same_period,deployed_pooled_FPR_0.005,0.0053767146202743392,7.0321228106355968e-05,0.0053529608564737369,0.0051522248243559719,0.0054867848778855808,0.0052860488457678149,0.0054867848778855808,200,calibration_resampling_fixed_trained_models_threshold_and_evaluation_cohorts,0.0053529608564737369
CodeBERT_partial_s2026,stack,same_period,deployed_pooled_FPR_0.01,0.010260622281699565,0.00012861120722656937,0.010237537638006023,0.010103713616594179,0.010705921712947474,0.010103713616594179,0.01057209769153563,200,calibration_resampling_fixed_trained_models_threshold_and_evaluation_cohorts,0.010103713616594179
CodeBERT_partial_s2026,stack,same_period,deployed_pooled_FPR_0.05,0.053053864168618264,0.00028235706788415859,0.053128136500501841,0.052459016393442623,0.053596520575443292,0.052525928404148547,0.053529608564737367,200,calibration_resampling_fixed_trained_models_threshold_and_evaluation_cohorts,0.053128136500501841
CodeBERT_partial_s2026,stack,same_period,deployed_pooled_TPR_0.001,0.80228462304882098,0.0012320893844013814,0.8020259050149452,0.79907007638658256,0.80657588840916639,0.7992693457323149,0.80458983726336764,200,calibration_resampling_fixed_trained_models_threshold_and_evaluation_cohorts,0.80212553968781131
CodeBERT_partial_s2026,stack,same_period,deployed_pooled_TPR_0.005,0.91447857854533376,0.00040092022118359138,0.91451345068083689,0.91291929591497845,0.91524410494852204,0.91351710395217534,0.91504483560278982,200,calibration_resampling_fixed_trained_models_threshold_and_evaluation_cohorts,0.91424775821986048
CodeBERT_partial_s2026,stack,same_period,deployed_pooled_TPR_0.01,0.94463865825307214,0.00024726949523023886,0.94466954500166056,0.94380604450348726,0.9451345068083693,0.94407173696446367,0.94506974427100632,200,calibration_resampling_fixed_trained_models_threshold_and_evaluation_cohorts,0.94480239123214882
CodeBERT_partial_s2026,stack,same_period,deployed_pooled_TPR_0.05,0.98297077382929254,0.00010642656061850756,0.98299568249750913,0.98272999003653272,0.98312852872799739,0.98279641315177679,0.98312852872799739,200,calibration_resampling_fixed_trained_models_threshold_and_evaluation_cohorts,0.9830621056127532
CodeBERT_partial_s2026,stack,test,AP,0.99605031237862252,2.1885722922316669e-05,0.99605397771873228,0.9959777944480448,0.99608753310938258,0.99599853895822965,0.99608146414743193,200,calibration_resampling_fixed_trained_models_threshold_and_evaluation_cohorts,0.99605445074157251
CodeBERT_partial_s2026,stack,test,Accuracy,0.96859533333333336,0.00012868965521367607,0.96860000000000002,0.96830000000000005,0.96889999999999998,0.96836666666666671,0.96886666666666665,200,calibration_resampling_fixed_trained_models_threshold_and_evaluation_cohorts,0.96853333333333336
CodeBERT_partial_s2026,stack,test,Brier,0.023153575179516658,7.7517426207423626e-05,0.023144965940240528,0.022996169253682107,0.023346800439591663,0.023026652987635836,0.023328341570780297,200,calibration_resampling_fixed_trained_models_threshold_and_evaluation_cohorts,0.023127971295868677
CodeBERT_partial_s2026,stack,test,ECE,0.0054686407136353629,0.00069465990378690364,0.0054229565297279946,0.0034690397233291398,0.0070058531871084366,0.0041236540210299573,0.00671347004486184,200,calibration_resampling_fixed_trained_models_threshold_and_evaluation_cohorts,0.0056571909210507924
CodeBERT_partial_s2026,stack,test,F1,0.96862420624344825,0.00013632356932990488,0.96862001264516984,0.96827991061005303,0.96891968420000663,0.968377892347008,0.96887916686460618,200,calibration_resampling_fixed_trained_models_threshold_and_evaluation_cohorts,0.96856058082994734
CodeBERT_partial_s2026,stack,test,LogLoss,0.08163993436173167,0.00030470609379133377,0.081602348323462831,0.081022652043688637,0.082471723252298082,0.081121749943827856,0.082313230145070693,200,calibration_resampling_fixed_trained_models_threshold_and_evaluation_cohorts,0.081517682812308326
CodeBERT_partial_s2026,stack,test,ROC_AUC,0.99578900141569315,2.6825593096724725e-05,0.99579283655437534,0.99570239041155317,0.99583800184692362,0.99572662064432094,0.99582874556199996,200,calibration_resampling_fixed_trained_models_threshold_and_evaluation_cohorts,0.99579345878828174
CodeBERT_partial_s2026,stack,test,deployed_per_format_FPR_0.001,0.0016330766655507198,0.00011025445751989026,0.0015400066956812856,0.0015400066956812856,0.0018747907599598258,0.0015400066956812856,0.0018078339471041178,200,calibration_resampling_fixed_trained_models_threshold_and_evaluation_cohorts,0.0016069635085369936
CodeBERT_partial_s2026,stack,test,deployed_per_format_FPR_0.005,0.0063163709407432211,9.546782347459022e-05,0.0063274188148644125,0.0060930699698694343,0.0065617676598593907,0.0061600267827251424,0.0064278540341479746,200,calibration_resampling_fixed_trained_models_threshold_and_evaluation_cohorts,0.0063608972212922665
CodeBERT_partial_s2026,stack,test,deployed_per_format_FPR_0.01,0.011225644459323735,0.00014264580269479244,0.011181787746903248,0.011047874121191832,0.01178439906260462,0.011047874121191832,0.011717442249748912,200,calibration_resampling_fixed_trained_models_threshold_and_evaluation_cohorts,0.01111483093404754
CodeBERT_partial_s2026,stack,test,deployed_per_format_FPR_0.05,0.051328088382992972,0.0002817866285010372,0.05135587546032809,0.050820220957482426,0.051958486776029461,0.050820220957482426,0.051891529963173755,200,calibration_resampling_fixed_trained_models_threshold_and_evaluation_cohorts,0.05135587546032809
CodeBERT_partial_s2026,stack,test,deployed_per_format_TPR_0.001,0.80162794556920014,0.0014552798939006218,0.80185861267839365,0.79907069366080319,0.80404912047792898,0.79920345170925988,0.80391636242947229,200,calibration_resampling_fixed_trained_models_threshold_and_evaluation_cohorts,0.80185861267839365
CodeBERT_partial_s2026,stack,test,deployed_per_format_TPR_0.005,0.90651742449385997,0.00064831866147746031,0.90663790242283437,0.90501161632923999,0.90733488217723202,0.90514437437769668,0.90726850315300367,200,calibration_resampling_fixed_trained_models_threshold_and_evaluation_cohorts,0.90713574510454698
CodeBERT_partial_s2026,stack,test,deployed_per_format_TPR_0.01,0.9352207102555592,0.00056540265632761487,0.93538001991370723,0.93408562894125458,0.93667441088615999,0.93415200796548292,0.93647693328908066,200,calibration_resampling_fixed_trained_models_threshold_and_evaluation_cohorts,0.9354132094258214
CodeBERT_partial_s2026,stack,test,deployed_per_format_TPR_0.05,0.98201393959508787,0.00022770265743431403,0.98207766345834713,0.98141387321606377,0.98240955857948886,0.98148025224029212,0.98234317955526052,200,calibration_resampling_fixed_trained_models_threshold_and_evaluation_cohorts,0.98207766345834713
CodeBERT_partial_s2026,stack,test,deployed_pooled_FPR_0.001,0.0016457984599933043,6.0917405977128617e-05,0.0016069635085369936,0.0015400066956812856,0.0018078339471041178,0.0015400066956812856,0.0017408771342484097,200,calibration_resampling_fixed_trained_models_threshold_and_evaluation_cohorts,0.0016739203213927017
CodeBERT_partial_s2026,stack,test,deployed_pooled_FPR_0.005,0.0060083696016069634,7.1189519251061838e-05,0.0060261131570137263,0.0058921995313023102,0.0062269835955808504,0.0058921995313023102,0.0062269835955808504,200,calibration_resampling_fixed_trained_models_threshold_and_evaluation_cohorts,0.0058921995313023102
CodeBERT_partial_s2026,stack,test,deployed_pooled_FPR_0.01,0.01200033478406428,0.00017263451913799606,0.011918312688316036,0.011717442249748912,0.012320053565450285,0.011717442249748912,0.012254770672915969,200,calibration_resampling_fixed_trained_models_threshold_and_evaluation_cohorts,0.011851355875460328
CodeBERT_partial_s2026,stack,test,deployed_pooled_FPR_0.05,0.049569802477402079,0.00051401749295362277,0.049414127887512552,0.048342818881821223,0.051088048208905258,0.048610646133244055,0.05055406762638099,200,calibration_resampling_fixed_trained_models_threshold_and_evaluation_cohorts,0.049347171074656845
CodeBERT_partial_s2026,stack,test,deployed_pooled_TPR_0.001,0.79603484898771981,0.0016684173866408517,0.7958181214736143,0.79263192831065388,0.80019913707268508,0.79296216395618979,0.79913707268503154,200,calibration_resampling_fixed_trained_models_threshold_and_evaluation_cohorts,0.7958181214736143
CodeBERT_partial_s2026,stack,test,deployed_pooled_TPR_0.005,0.90550879522071026,0.00043631740844400429,0.90574178559575169,0.90401593096581478,0.90607368071689343,0.90454364420843014,0.90607368071689343,200,calibration_resampling_fixed_trained_models_threshold_and_evaluation_cohorts,0.90540989047461007
CodeBERT_partial_s2026,stack,test,deployed_pooled_TPR_0.01,0.93498075008297377,0.00015477789108136813,0.93494855625622308,0.93474941918353804,0.93547958845004975,0.93474941918353804,0.93528045137736471,200,calibration_resampling_fixed_trained_models_threshold_and_evaluation_cohorts,0.93481579820776639
CodeBERT_partial_s2026,stack,test,deployed_pooled_TPR_0.05,0.98172950547626958,0.00021995282766054084,0.98161301028874881,0.98141387321606377,0.98207766345834713,0.98141387321606377,0.98207766345834713,200,calibration_resampling_fixed_trained_models_threshold_and_evaluation_cohorts,0.98154663126452046
CodeBERT_partial_s2026,temperature,same_period,AP,0.98424155450090889,0,0.984241554500909,0.984241554500909,0.984241554500909,0.984241554500909,0.984241554500909,200,calibration_resampling_fixed_trained_models_threshold_and_evaluation_cohorts,0.984241554500909
CodeBERT_partial_s2026,temperature,same_period,Accuracy,0.93936666666666668,0,0.93936666666666668,0.93936666666666668,0.93936666666666668,0.93936666666666668,0.93936666666666668,200,calibration_resampling_fixed_trained_models_threshold_and_evaluation_cohorts,0.93936666666666668
CodeBERT_partial_s2026,temperature,same_period,Brier,0.04893357827983974,7.340717179112623e-05,0.048928769027601238,0.048715324575797886,0.049107800359224983,0.048803059179179563,0.04908046020317746,200,calibration_resampling_fixed_trained_models_threshold_and_evaluation_cohorts,0.048930027063663027
CodeBERT_partial_s2026,temperature,same_period,ECE,0.029239073765740448,0.00083651130380850956,0.029168580771064205,0.027113843296886448,0.031755781419502194,0.027353433811005846,0.030723670056023937,200,calibration_resampling_fixed_trained_models_threshold_and_evaluation_cohorts,0.029114532423400698
CodeBERT_partial_s2026,temperature,same_period,F1,0.93940100609654531,0,0.93940100609654531,0.93940100609654531,0.93940100609654531,0.93940100609654531,0.93940100609654531,200,calibration_resampling_fixed_trained_models_threshold_and_evaluation_cohorts,0.93940100609654531
CodeBERT_partial_s2026,temperature,same_period,LogLoss,0.17597142901608506,0.00013547797949946467,0.17594358616802269,0.17581838925768151,0.17672874955473677,0.17581958878228932,0.17627979569637975,200,calibration_resampling_fixed_trained_models_threshold_and_evaluation_cohorts,0.17594147928799025
CodeBERT_partial_s2026,temperature,same_period,ROC_AUC,0.98357705475818069,0,0.98357705475818069,0.98357705475818069,0.98357705475818069,0.98357705475818069,0.98357705475818069,200,calibration_resampling_fixed_trained_models_threshold_and_evaluation_cohorts,0.98357705475818069
CodeBERT_partial_s2026,temperature,same_period,deployed_per_format_FPR_0.001,0.0012044161927065907,0,0.0012044161927065907,0.0012044161927065907,0.0012044161927065907,0.0012044161927065907,0.0012044161927065907,200,calibration_resampling_fixed_trained_models_threshold_and_evaluation_cohorts,0.0012044161927065907
CodeBERT_partial_s2026,temperature,same_period,deployed_per_format_FPR_0.005,0.0050184008029441288,0,0.0050184008029441288,0.0050184008029441288,0.0050184008029441288,0.0050184008029441288,0.0050184008029441288,200,calibration_resampling_fixed_trained_models_threshold_and_evaluation_cohorts,0.0050184008029441288
CodeBERT_partial_s2026,temperature,same_period,deployed_per_format_FPR_0.01,0.010237537638006023,0,0.010237537638006023,0.010237537638006023,0.010237537638006023,0.010237537638006023,0.010237537638006023,200,calibration_resampling_fixed_trained_models_threshold_and_evaluation_cohorts,0.010237537638006023
CodeBERT_partial_s2026,temperature,same_period,deployed_per_format_FPR_0.05,0.047574439611910338,0,0.047574439611910338,0.047574439611910338,0.047574439611910338,0.047574439611910338,0.047574439611910338,200,calibration_resampling_fixed_trained_models_threshold_and_evaluation_cohorts,0.047574439611910338
CodeBERT_partial_s2026,temperature,same_period,deployed_per_format_TPR_0.001,0.4633676519428761,0,0.4633676519428761,0.4633676519428761,0.4633676519428761,0.4633676519428761,0.4633676519428761,200,calibration_resampling_fixed_trained_models_threshold_and_evaluation_cohorts,0.4633676519428761
CodeBERT_partial_s2026,temperature,same_period,deployed_per_format_TPR_0.005,0.67758219860511459,0,0.67758219860511459,0.67758219860511459,0.67758219860511459,0.67758219860511459,0.67758219860511459,200,calibration_resampling_fixed_trained_models_threshold_and_evaluation_cohorts,0.67758219860511459
CodeBERT_partial_s2026,temperature,same_period,deployed_per_format_TPR_0.01,0.78498837595483228,0,0.78498837595483228,0.78498837595483228,0.78498837595483228,0.78498837595483228,0.78498837595483228,200,calibration_resampling_fixed_trained_models_threshold_and_evaluation_cohorts,0.78498837595483228
CodeBERT_partial_s2026,temperature,same_period,deployed_per_format_TPR_0.05,0.92348057123879113,0,0.92348057123879113,0.92348057123879113,0.92348057123879113,0.92348057123879113,0.92348057123879113,200,calibration_resampling_fixed_trained_models_threshold_and_evaluation_cohorts,0.92348057123879113
CodeBERT_partial_s2026,temperature,same_period,deployed_pooled_FPR_0.001,0.0015389762462361995,0,0.0015389762462361995,0.0015389762462361995,0.0015389762462361995,0.0015389762462361995,0.0015389762462361995,200,calibration_resampling_fixed_trained_models_threshold_and_evaluation_cohorts,0.0015389762462361995
CodeBERT_partial_s2026,temperature,same_period,deployed_pooled_FPR_0.005,0.0052191368350618939,0,0.0052191368350618939,0.0052191368350618939,0.0052191368350618939,0.0052191368350618939,0.0052191368350618939,200,calibration_resampling_fixed_trained_models_threshold_and_evaluation_cohorts,0.0052191368350618939
CodeBERT_partial_s2026,temperature,same_period,deployed_pooled_FPR_0.01,0.010036801605888258,0,0.010036801605888258,0.010036801605888258,0.010036801605888258,0.010036801605888258,0.010036801605888258,200,calibration_resampling_fixed_trained_models_threshold_and_evaluation_cohorts,0.010036801605888258
CodeBERT_partial_s2026,temperature,same_period,deployed_pooled_FPR_0.05,0.04831047172967548,0,0.048310471729675473,0.048310471729675473,0.048310471729675473,0.048310471729675473,0.048310471729675473,200,calibration_resampling_fixed_trained_models_threshold_and_evaluation_cohorts,0.048310471729675473
CodeBERT_partial_s2026,temperature,same_period,deployed_pooled_TPR_0.001,0.46423115244104951,0,0.46423115244104951,0.46423115244104951,0.46423115244104951,0.46423115244104951,0.46423115244104951,200,calibration_resampling_fixed_trained_models_threshold_and_evaluation_cohorts,0.46423115244104951
CodeBERT_partial_s2026,temperature,same_period,deployed_pooled_TPR_0.005,0.67545665891730322,0,0.67545665891730322,0.67545665891730322,0.67545665891730322,0.67545665891730322,0.67545665891730322,200,calibration_resampling_fixed_trained_models_threshold_and_evaluation_cohorts,0.67545665891730322
CodeBERT_partial_s2026,temperature,same_period,deployed_pooled_TPR_0.01,0.77177017602125542,0,0.77177017602125542,0.77177017602125542,0.77177017602125542,0.77177017602125542,0.77177017602125542,200,calibration_resampling_fixed_trained_models_threshold_and_evaluation_cohorts,0.77177017602125542
CodeBERT_partial_s2026,temperature,same_period,deployed_pooled_TPR_0.05,0.92294918631683831,0,0.92294918631683831,0.92294918631683831,0.92294918631683831,0.92294918631683831,0.92294918631683831,200,calibration_resampling_fixed_trained_models_threshold_and_evaluation_cohorts,0.92294918631683831
CodeBERT_partial_s2026,temperature,test,AP,0.98409983511102295,0,0.98409983511102295,0.98409983511102295,0.98409983511102295,0.98409983511102295,0.98409983511102295,200,calibration_resampling_fixed_trained_models_threshold_and_evaluation_cohorts,0.98409983511102295
CodeBERT_partial_s2026,temperature,test,Accuracy,0.93886666666666652,0,0.93886666666666663,0.93886666666666663,0.93886666666666663,0.93886666666666663,0.93886666666666663,200,calibration_resampling_fixed_trained_models_threshold_and_evaluation_cohorts,0.93886666666666663
CodeBERT_partial_s2026,temperature,test,Brier,0.049421711398766242,8.6645432927986234e-05,0.04941677165927847,0.049156020056788347,0.049624414792334058,0.049265905479527174,0.04959309188763443,200,calibration_resampling_fixed_trained_models_threshold_and_evaluation_cohorts,0.049418255332482168
CodeBERT_partial_s2026,temperature,test,ECE,0.030039520086780507,0.00081074972821988515,0.02996885820119119,0.027955282711738971,0.033319119188384351,0.028522838836706255,0.031457890416042272,200,calibration_resampling_fixed_trained_models_threshold_and_evaluation_cohorts,0.029923637360083286
CodeBERT_partial_s2026,temperature,test,F1,0.93858826680953655,0,0.93858826680953655,0.93858826680953655,0.93858826680953655,0.93858826680953655,0.93858826680953655,200,calibration_resampling_fixed_trained_models_threshold_and_evaluation_cohorts,0.93858826680953655
CodeBERT_partial_s2026,temperature,test,LogLoss,0.17712504771017823,6.669370338146949e-05,0.17710505816307459,0.17707843331890302,0.17761610822084986,0.17707845110462481,0.1772866822477101,200,calibration_resampling_fixed_trained_models_threshold_and_evaluation_cohorts,0.17709418658009141
CodeBERT_partial_s2026,temperature,test,ROC_AUC,0.98395792320989139,0,0.98395792320989139,0.98395792320989139,0.98395792320989139,0.98395792320989139,0.98395792320989139,200,calibration_resampling_fixed_trained_models_threshold_and_evaluation_cohorts,0.98395792320989139
CodeBERT_partial_s2026,temperature,test,deployed_per_format_FPR_0.001,0.0011382658185470371,0,0.0011382658185470371,0.0011382658185470371,0.0011382658185470371,0.0011382658185470371,0.0011382658185470371,200,calibration_resampling_fixed_trained_models_threshold_and_evaluation_cohorts,0.0011382658185470371
CodeBERT_partial_s2026,temperature,test,deployed_per_format_FPR_0.005,0.0050217609641781055,0,0.0050217609641781055,0.0050217609641781055,0.0050217609641781055,0.0050217609641781055,0.0050217609641781055,200,calibration_resampling_fixed_trained_models_threshold_and_evaluation_cohorts,0.0050217609641781055
CodeBERT_partial_s2026,temperature,test,deployed_per_format_FPR_0.01,0.010311349179779043,0,0.010311349179779043,0.010311349179779043,0.010311349179779043,0.010311349179779043,0.010311349179779043,200,calibration_resampling_fixed_trained_models_threshold_and_evaluation_cohorts,0.010311349179779043
CodeBERT_partial_s2026,temperature,test,deployed_per_format_FPR_0.05,0.046401071309005691,0,0.046401071309005691,0.046401071309005691,0.046401071309005691,0.046401071309005691,0.046401071309005691,200,calibration_resampling_fixed_trained_models_threshold_and_evaluation_cohorts,0.046401071309005691
CodeBERT_partial_s2026,temperature,test,deployed_per_format_TPR_0.001,0.40165947560570858,0,0.40165947560570858,0.40165947560570858,0.40165947560570858,0.40165947560570858,0.40165947560570858,200,calibration_resampling_fixed_trained_models_threshold_and_evaluation_cohorts,0.40165947560570858
CodeBERT_partial_s2026,temperature,test,deployed_per_format_TPR_0.005,0.65940922668436774,0,0.65940922668436774,0.65940922668436774,0.65940922668436774,0.65940922668436774,0.65940922668436774,200,calibration_resampling_fixed_trained_models_threshold_and_evaluation_cohorts,0.65940922668436774
CodeBERT_partial_s2026,temperature,test,deployed_per_format_TPR_0.01,0.77112512446067039,0,0.77112512446067039,0.77112512446067039,0.77112512446067039,0.77112512446067039,0.77112512446067039,200,calibration_resampling_fixed_trained_models_threshold_and_evaluation_cohorts,0.77112512446067039
CodeBERT_partial_s2026,temperature,test,deployed_per_format_TPR_0.05,0.91417192167275152,0,0.91417192167275141,0.91417192167275141,0.91417192167275141,0.91417192167275141,0.91417192167275141,200,calibration_resampling_fixed_trained_models_threshold_and_evaluation_cohorts,0.91417192167275141
CodeBERT_partial_s2026,temperature,test,deployed_pooled_FPR_0.001,0.0012052226314027451,0,0.0012052226314027451,0.0012052226314027451,0.0012052226314027451,0.0012052226314027451,0.0012052226314027451,200,calibration_resampling_fixed_trained_models_threshold_and_evaluation_cohorts,0.0012052226314027451
CodeBERT_partial_s2026,temperature,test,deployed_pooled_FPR_0.005,0.0048878473384666886,0,0.0048878473384666886,0.0048878473384666886,0.0048878473384666886,0.0048878473384666886,0.0048878473384666886,200,calibration_resampling_fixed_trained_models_threshold_and_evaluation_cohorts,0.0048878473384666886
CodeBERT_partial_s2026,temperature,test,deployed_pooled_FPR_0.01,0.009574824238366253,0,0.009574824238366253,0.009574824238366253,0.009574824238366253,0.009574824238366253,0.009574824238366253,200,calibration_resampling_fixed_trained_models_threshold_and_evaluation_cohorts,0.009574824238366253
CodeBERT_partial_s2026,temperature,test,deployed_pooled_FPR_0.05,0.045128891864747243,0,0.045128891864747236,0.045128891864747236,0.045128891864747236,0.045128891864747236,0.045128891864747236,200,calibration_resampling_fixed_trained_models_threshold_and_evaluation_cohorts,0.045128891864747236
CodeBERT_partial_s2026,temperature,test,deployed_pooled_TPR_0.001,0.40477928974444077,0,0.40477928974444077,0.40477928974444077,0.40477928974444077,0.40477928974444077,0.40477928974444077,200,calibration_resampling_fixed_trained_models_threshold_and_evaluation_cohorts,0.40477928974444077
CodeBERT_partial_s2026,temperature,test,deployed_pooled_TPR_0.005,0.65536010620643881,0,0.65536010620643881,0.65536010620643881,0.65536010620643881,0.65536010620643881,0.65536010620643881,200,calibration_resampling_fixed_trained_models_threshold_and_evaluation_cohorts,0.65536010620643881
CodeBERT_partial_s2026,temperature,test,deployed_pooled_TPR_0.01,0.75984069034185198,0,0.75984069034185198,0.75984069034185198,0.75984069034185198,0.75984069034185198,0.75984069034185198,200,calibration_resampling_fixed_trained_models_threshold_and_evaluation_cohorts,0.75984069034185198
CodeBERT_partial_s2026,temperature,test,deployed_pooled_TPR_0.05,0.91523398606040507,0,0.91523398606040496,0.91523398606040496,0.91523398606040496,0.91523398606040496,0.91523398606040496,200,calibration_resampling_fixed_trained_models_threshold_and_evaluation_cohorts,0.91523398606040496
CodeBERT_partial_s2027,format_platt,same_period,AP,0.98351305882384199,0.00038396119381363354,0.98350068447530314,0.98219235236191893,0.98461377256827176,0.98271195875154371,0.98424322534492703,200,calibration_resampling_fixed_trained_models_threshold_and_evaluation_cohorts,0.98362208824744291
CodeBERT_partial_s2027,format_platt,same_period,Accuracy,0.93821600000000005,7.6345917053963165e-05,0.93820000000000003,0.93799999999999994,0.93843333333333334,0.93810000000000004,0.93836750000000002,200,calibration_resampling_fixed_trained_models_threshold_and_evaluation_cohorts,0.9381666666666667
CodeBERT_partial_s2027,format_platt,same_period,Brier,0.048886105887743031,9.2449774613840663e-05,0.048879514804782906,0.048640011104762279,0.04923282677388411,0.048726449198843044,0.049066265911558216,200,calibration_resampling_fixed_trained_models_threshold_and_evaluation_cohorts,0.048850153198047093
CodeBERT_partial_s2027,format_platt,same_period,ECE,0.025679344607230457,0.001586547245907355,0.025695758816623608,0.02110773189001405,0.029688120902621393,0.022678189701100297,0.028652111161212506,200,calibration_resampling_fixed_trained_models_threshold_and_evaluation_cohorts,0.025950038738623879
CodeBERT_partial_s2027,format_platt,same_period,F1,0.938716027633823,8.1570265932178019e-05,0.93870466485844894,0.93850833112933085,0.93895627458108866,0.93858517710090283,0.93889064709293424,200,calibration_resampling_fixed_trained_models_threshold_and_evaluation_cohorts,0.93866349237840163
CodeBERT_partial_s2027,format_platt,same_period,LogLoss,0.17710572264692626,0.00025417101130515964,0.17709163665291083,0.17665861012199785,0.1779448996355161,0.17671788424819496,0.17770268610113327,200,calibration_resampling_fixed_trained_models_threshold_and_evaluation_cohorts,0.17691535897016436
CodeBERT_partial_s2027,format_platt,same_period,ROC_AUC,0.98270047875088096,0.00033025844872600757,0.98267899601761299,0.98180281757121401,0.98357591252060161,0.98202002638035457,0.98329540063816401,200,calibration_resampling_fixed_trained_models_threshold_and_evaluation_cohorts,0.98283126695370004
CodeBERT_partial_s2027,format_platt,same_period,deployed_per_format_FPR_0.001,0.001405152224824356,0,0.001405152224824356,0.001405152224824356,0.001405152224824356,0.001405152224824356,0.001405152224824356,200,calibration_resampling_fixed_trained_models_threshold_and_evaluation_cohorts,0.001405152224824356
CodeBERT_partial_s2027,format_platt,same_period,deployed_per_format_FPR_0.005,0.0054198728671796589,0,0.0054198728671796589,0.0054198728671796589,0.0054198728671796589,0.0054198728671796589,0.0054198728671796589,200,calibration_resampling_fixed_trained_models_threshold_and_evaluation_cohorts,0.0054198728671796589
CodeBERT_partial_s2027,format_platt,same_period,deployed_per_format_FPR_0.01,0.010103713616594179,0,0.010103713616594179,0.010103713616594179,0.010103713616594179,0.010103713616594179,0.010103713616594179,200,calibration_resampling_fixed_trained_models_threshold_and_evaluation_cohorts,0.010103713616594179
CodeBERT_partial_s2027,format_platt,same_period,deployed_per_format_FPR_0.05,0.049180327868852458,0,0.049180327868852458,0.049180327868852458,0.049180327868852458,0.049180327868852458,0.049180327868852458,200,calibration_resampling_fixed_trained_models_threshold_and_evaluation_cohorts,0.049180327868852458
CodeBERT_partial_s2027,format_platt,same_period,deployed_per_format_TPR_0.001,0.52627034207904355,0,0.52627034207904355,0.52627034207904355,0.52627034207904355,0.52627034207904355,0.52627034207904355,200,calibration_resampling_fixed_trained_models_threshold_and_evaluation_cohorts,0.52627034207904355
CodeBERT_partial_s2027,format_platt,same_period,deployed_per_format_TPR_0.005,0.71816672201926268,0,0.71816672201926268,0.71816672201926268,0.71816672201926268,0.71816672201926268,0.71816672201926268,200,calibration_resampling_fixed_trained_models_threshold_and_evaluation_cohorts,0.71816672201926268
CodeBERT_partial_s2027,format_platt,same_period,deployed_per_format_TPR_0.01,0.79182995682497515,0,0.79182995682497515,0.79182995682497515,0.79182995682497515,0.79182995682497515,0.79182995682497515,200,calibration_resampling_fixed_trained_models_threshold_and_evaluation_cohorts,0.79182995682497515
CodeBERT_partial_s2027,format_platt,same_period,deployed_per_format_TPR_0.05,0.92281634008635005,0,0.92281634008635005,0.92281634008635005,0.92281634008635005,0.92281634008635005,0.92281634008635005,200,calibration_resampling_fixed_trained_models_threshold_and_evaluation_cohorts,0.92281634008635005
CodeBERT_partial_s2027,format_platt,same_period,deployed_pooled_FPR_0.001,0.00089896286383405811,0.00010074892708278967,0.00086985613917698224,0.00073603211776513886,0.001405152224824356,0.0008029441284710606,0.0012713282034125125,200,calibration_resampling_fixed_trained_models_threshold_and_evaluation_cohorts,0.00086985613917698224
CodeBERT_partial_s2027,format_platt,same_period,deployed_pooled_FPR_0.005,0.0053098026095684172,0.0001947511016916322,0.0053529608564737369,0.0046169287387085979,0.0057544329207092669,0.0048829039812646373,0.0056875209100033458,200,calibration_resampling_fixed_trained_models_threshold_and_evaluation_cohorts,0.0053529608564737369
CodeBERT_partial_s2027,format_platt,same_period,deployed_pooled_FPR_0.01,0.010303780528604884,0.00015731492835583644,0.010304449648711944,0.0098360655737704927,0.010772833723653397,0.0099698895951823348,0.01057209769153563,200,calibration_resampling_fixed_trained_models_threshold_and_evaluation_cohorts,0.010237537638006023
CodeBERT_partial_s2027,format_platt,same_period,deployed_pooled_FPR_0.05,0.049876547340247573,0.00026015401627763453,0.049849447975911676,0.049381063900970225,0.050786216125794578,0.049513215122114422,0.050386416861826697,200,calibration_resampling_fixed_trained_models_threshold_and_evaluation_cohorts,0.049715623954499834
CodeBERT_partial_s2027,format_platt,same_period,deployed_pooled_TPR_0.001,0.26174726004649618,0.082062978071024362,0.19953503819329127,0.19953503819329127,0.50760544669545005,0.19953503819329127,0.47461308535370311,200,calibration_resampling_fixed_trained_models_threshold_and_evaluation_cohorts,0.19953503819329127
CodeBERT_partial_s2027,format_platt,same_period,deployed_pooled_TPR_0.005,0.71485353703088672,0.0081566185134989248,0.71717037529060113,0.66954500166057784,0.72480903354367321,0.68803221521089342,0.72255396878113576,200,calibration_resampling_fixed_trained_models_threshold_and_evaluation_cohorts,0.71896379940219202
CodeBERT_partial_s2027,format_platt,same_period,deployed_pooled_TPR_0.01,0.79378678180006645,0.0022385450033902176,0.794287612089007,0.7869810694121554,0.79820657588840915,0.789432082364663,0.79714546662238461,200,calibration_resampling_fixed_trained_models_threshold_and_evaluation_cohorts,0.79528395881766856
CodeBERT_partial_s2027,format_platt,same_period,deployed_pooled_TPR_0.05,0.92351145798737955,0.0002796674419100276,0.92348057123879113,0.92294918631683831,0.92434407173696442,0.92308203254732646,0.9241448023912322,200,calibration_resampling_fixed_trained_models_threshold_and_evaluation_cohorts,0.92328130189305879
CodeBERT_partial_s2027,format_platt,test,AP,0.98067105144171951,0.00042516247185485123,0.98063892693413712,0.97958490251897512,0.98181621266324914,0.97988920921886036,0.98149293519390024,200,calibration_resampling_fixed_trained_models_threshold_and_evaluation_cohorts,0.98077169485046012
CodeBERT_partial_s2027,format_platt,test,Accuracy,0.93762933333333331,8.1345469616539478e-05,0.93759999999999999,0.93746666666666667,0.9378333333333333,0.9375,0.93780083333333331,200,calibration_resampling_fixed_trained_models_threshold_and_evaluation_cohorts,0.93759999999999999
CodeBERT_partial_s2027,format_platt,test,Brier,0.051096371474610942,0.00015256272061343266,0.051099259795467006,0.050686192487121556,0.051599629013768057,0.050828527053725765,0.05140391705227982,200,calibration_resampling_fixed_trained_models_threshold_and_evaluation_cohorts,0.051074521181462516
CodeBERT_partial_s2027,format_platt,test,ECE,0.026361280648477668,0.0017898931769073877,0.026238220435985886,0.021795742245706743,0.030581219199261912,0.02314439428800609,0.03028432270732126,200,calibration_resampling_fixed_trained_models_threshold_and_evaluation_cohorts,0.025771920836731924
CodeBERT_partial_s2027,format_platt,test,F1,0.93755667683043087,7.5240651982496547e-05,0.93753753753753755,0.93739153651047924,0.93774825594979805,0.93744369932939642,0.93771763453963586,200,calibration_resampling_fixed_trained_models_threshold_and_evaluation_cohorts,0.9375291997597277
CodeBERT_partial_s2027,format_platt,test,LogLoss,0.18431507144222695,0.00053185342318855971,0.18429073934924428,0.18311784499024694,0.18618659372327725,0.1834027318651614,0.18548240438483393,200,calibration_resampling_fixed_trained_models_threshold_and_evaluation_cohorts,0.18416458570465064
CodeBERT_partial_s2027,format_platt,test,ROC_AUC,0.98169092426291116,0.0003729890905319352,0.98168786058315982,0.98049715600215159,0.98265096089026571,0.98081354505434604,0.98236385327680043,200,calibration_resampling_fixed_trained_models_threshold_and_evaluation_cohorts,0.98182703430764429
CodeBERT_partial_s2027,format_platt,test,deployed_per_format_FPR_0.001,0.0017408771342484097,0,0.0017408771342484097,0.0017408771342484097,0.0017408771342484097,0.0017408771342484097,0.0017408771342484097,200,calibration_resampling_fixed_trained_models_threshold_and_evaluation_cohorts,0.0017408771342484097
CodeBERT_partial_s2027,format_platt,test,deployed_per_format_FPR_0.005,0.0057582859055908941,0,0.0057582859055908941,0.0057582859055908941,0.0057582859055908941,0.0057582859055908941,0.0057582859055908941,200,calibration_resampling_fixed_trained_models_threshold_and_evaluation_cohorts,0.0057582859055908941
CodeBERT_partial_s2027,format_platt,test,deployed_per_format_FPR_0.01,0.010512219618346167,0,0.010512219618346167,0.010512219618346167,0.010512219618346167,0.010512219618346167,0.010512219618346167,200,calibration_resampling_fixed_trained_models_threshold_and_evaluation_cohorts,0.010512219618346167
CodeBERT_partial_s2027,format_platt,test,deployed_per_format_FPR_0.05,0.049681955138935384,0,0.049681955138935384,0.049681955138935384,0.049681955138935384,0.049681955138935384,0.049681955138935384,200,calibration_resampling_fixed_trained_models_threshold_and_evaluation_cohorts,0.049681955138935384
CodeBERT_partial_s2027,format_platt,test,deployed_per_format_TPR_0.001,0.44049120477928982,0,0.44049120477928977,0.44049120477928977,0.44049120477928977,0.44049120477928977,0.44049120477928977,200,calibration_resampling_fixed_trained_models_threshold_and_evaluation_cohorts,0.44049120477928977
CodeBERT_partial_s2027,format_platt,test,deployed_per_format_TPR_0.005,0.65151012280119469,0,0.6515101228011948,0.6515101228011948,0.6515101228011948,0.6515101228011948,0.6515101228011948,200,calibration_resampling_fixed_trained_models_threshold_and_evaluation_cohorts,0.6515101228011948
CodeBERT_partial_s2027,format_platt,test,deployed_per_format_TPR_0.01,0.7372054430799867,0,0.7372054430799867,0.7372054430799867,0.7372054430799867,0.7372054430799867,0.7372054430799867,200,calibration_resampling_fixed_trained_models_threshold_and_evaluation_cohorts,0.7372054430799867
CodeBERT_partial_s2027,format_platt,test,deployed_per_format_TPR_0.05,0.91018918021905082,0,0.91018918021905082,0.91018918021905082,0.91018918021905082,0.91018918021905082,0.91018918021905082,200,calibration_resampling_fixed_trained_models_threshold_and_evaluation_cohorts,0.91018918021905082
CodeBERT_partial_s2027,format_platt,test,deployed_pooled_FPR_0.001,0.001606628724472715,0.00013162245680115262,0.0015400066956812856,0.0014060930699698695,0.00207566119852695,0.0014730498828255775,0.0019417475728155339,200,calibration_resampling_fixed_trained_models_threshold_and_evaluation_cohorts,0.0015400066956812856
CodeBERT_partial_s2027,format_platt,test,deployed_pooled_FPR_0.005,0.0052651489789086034,0.00028361156405319637,0.0052226314027452297,0.0048208905256109805,0.0058921995313023102,0.0048878473384666886,0.0058921995313023102,200,calibration_resampling_fixed_trained_models_threshold_and_evaluation_cohorts,0.0049548041513223975
CodeBERT_partial_s2027,format_platt,test,deployed_pooled_FPR_0.01,0.010739537997991296,0.00017451133977159299,0.010780046869769,0.010177435554067627,0.01111483093404754,0.010376632072313359,0.010982591228657516,200,calibration_resampling_fixed_trained_models_threshold_and_evaluation_cohorts,0.010847003682624708
CodeBERT_partial_s2027,format_platt,test,deployed_pooled_FPR_0.05,0.0484897890860395,0.00017279887026880176,0.048543689320388349,0.047874121191831272,0.048878473384666887,0.048141948443254104,0.048811516571811181,200,calibration_resampling_fixed_trained_models_threshold_and_evaluation_cohorts,0.048610646133244055
CodeBERT_partial_s2027,format_platt,test,deployed_pooled_TPR_0.001,0.25146963159641555,0.057907277680876973,0.21042150680384999,0.21042150680384999,0.4340524394291404,0.21042150680384999,0.40643876535014933,200,calibration_resampling_fixed_trained_models_threshold_and_evaluation_cohorts,0.21042150680384999
CodeBERT_partial_s2027,format_platt,test,deployed_pooled_TPR_0.005,0.64236674410886163,0.011177174406451027,0.6448058413541321,0.58300696979754396,0.65834716229671419,0.60731828742117488,0.65536840358446735,200,calibration_resampling_fixed_trained_models_threshold_and_evaluation_cohorts,0.64839030866246261
CodeBERT_partial_s2027,format_platt,test,deployed_pooled_TPR_0.01,0.73818851642880845,0.0045749620533994655,0.73876535014935285,0.71974775970793226,0.74702953866578159,0.7273597743113176,0.74524228343843346,200,calibration_resampling_fixed_trained_models_threshold_and_evaluation_cohorts,0.73886491868569537
CodeBERT_partial_s2027,format_platt,test,deployed_pooled_TPR_0.05,0.9126525058081647,0.00020797921086347681,0.91264520411549954,0.91191503484898773,0.91317623630932621,0.91224692997012946,0.91297875871224698,200,calibration_resampling_fixed_trained_models_threshold_and_evaluation_cohorts,0.91264520411549954
CodeBERT_partial_s2027,fusion_AP,same_period,AP,0.9963006223261951,3.2517156008838783e-05,0.99630972562035658,0.99626743608029567,0.99633517297209462,0.99626743608029567,0.99633517297209462,200,calibration_resampling_fixed_trained_models_threshold_and_evaluation_cohorts,0.99633517297209462
CodeBERT_partial_s2027,fusion_AP,same_period,Accuracy,0.97248750000000006,3.6213508558570297e-05,0.97250000000000003,0.97233333333333338,0.97250000000000003,0.97233333333333338,0.97250000000000003,200,calibration_resampling_fixed_trained_models_threshold_and_evaluation_cohorts,0.97250000000000003
CodeBERT_partial_s2027,fusion_AP,same_period,Brier,0.021990684568142366,6.293461255644535e-05,0.021972246661751051,0.021773101198423014,0.022042397235661104,0.0218106690394082,0.022042397235661104,200,calibration_resampling_fixed_trained_models_threshold_and_evaluation_cohorts,0.021972246661751051
CodeBERT_partial_s2027,fusion_AP,same_period,ECE,0.011901504217198251,0.00050897067673835446,0.011756305967000225,0.0099441125257763389,0.012313381697618562,0.010463780755533912,0.012313381697618562,200,calibration_resampling_fixed_trained_models_threshold_and_evaluation_cohorts,0.011756305967000225
CodeBERT_partial_s2027,fusion_AP,same_period,F1,0.97248844916808697,3.6195553326886834e-05,0.97250091663611216,0.97233333333333338,0.97250091663611216,0.97233333333333338,0.97250091663611216,200,calibration_resampling_fixed_trained_models_threshold_and_evaluation_cohorts,0.97250091663611216
CodeBERT_partial_s2027,fusion_AP,same_period,LogLoss,0.085792173420589035,0.0011896440693611276,0.085053984506207436,0.083096073586950703,0.086949544475327697,0.083364214882936299,0.086949544475327697,200,calibration_resampling_fixed_trained_models_threshold_and_evaluation_cohorts,0.085053984506207436
CodeBERT_partial_s2027,fusion_AP,same_period,ROC_AUC,0.99592192928371592,3.7396745628195023e-05,0.99592675857086521,0.99588410021956963,0.99596258127470372,0.99588410021956963,0.99596258127470372,200,calibration_resampling_fixed_trained_models_threshold_and_evaluation_cohorts,0.99596258127470372
CodeBERT_partial_s2027,fusion_AP,same_period,deployed_per_format_FPR_0.001,0.0013027768484442958,0.00016388792913474848,0.0012044161927065907,0.0011375041820006692,0.0014720642355302777,0.0011375041820006692,0.0014720642355302777,200,calibration_resampling_fixed_trained_models_threshold_and_evaluation_cohorts,0.0011375041820006692
CodeBERT_partial_s2027,fusion_AP,same_period,deployed_per_format_FPR_0.005,0.0051468718634994984,7.0787594007072613e-05,0.0051522248243559719,0.0050853128136500499,0.0053529608564737369,0.0050853128136500499,0.0053529608564737369,200,calibration_resampling_fixed_trained_models_threshold_and_evaluation_cohorts,0.0050853128136500499
CodeBERT_partial_s2027,fusion_AP,same_period,deployed_per_format_FPR_0.01,0.010092673134827701,5.8777285273895601e-05,0.010103713616594179,0.010036801605888258,0.010237537638006023,0.010036801605888258,0.010237537638006023,200,calibration_resampling_fixed_trained_models_threshold_and_evaluation_cohorts,0.010036801605888258
CodeBERT_partial_s2027,fusion_AP,same_period,deployed_per_format_FPR_0.05,0.052017731682837069,0.00033284739614866497,0.052191368350618939,0.051722984275677487,0.05346269655403145,0.051722984275677487,0.052927400468384074,200,calibration_resampling_fixed_trained_models_threshold_and_evaluation_cohorts,0.052191368350618939
CodeBERT_partial_s2027,fusion_AP,same_period,deployed_per_format_TPR_0.001,0.80012122218532056,0.0074656413409790222,0.797475921620724,0.79216207240119563,0.80777150448356028,0.79216207240119563,0.80777150448356028,200,calibration_resampling_fixed_trained_models_threshold_and_evaluation_cohorts,0.79216207240119563
CodeBERT_partial_s2027,fusion_AP,same_period,deployed_per_format_TPR_0.005,0.91365493191630687,0.0011568995342733505,0.91338425772168719,0.91252075722351378,0.91577548987047497,0.91252075722351378,0.91577548987047497,200,calibration_resampling_fixed_trained_models_threshold_and_evaluation_cohorts,0.91464629691132515
CodeBERT_partial_s2027,fusion_AP,same_period,deployed_per_format_TPR_0.01,0.94516306874792422,0.00023425132620001502,0.94533377615410163,0.94493523746263697,0.94579873796081038,0.94493523746263697,0.94579873796081038,200,calibration_resampling_fixed_trained_models_threshold_and_evaluation_cohorts,0.94533377615410163
CodeBERT_partial_s2027,fusion_AP,same_period,deployed_per_format_TPR_0.05,0.98258950514779142,0.00013254172036471497,0.98266356692128864,0.98246429757555631,0.98292925938226505,0.98246429757555631,0.98292925938226505,200,calibration_resampling_fixed_trained_models_threshold_and_evaluation_cohorts,0.98266356692128864
CodeBERT_partial_s2027,fusion_AP,same_period,deployed_pooled_FPR_0.001,0.0012930746068919371,0.00011142891529040578,0.0012044161927065907,0.0010705921712947475,0.001405152224824356,0.0010705921712947475,0.001405152224824356,200,calibration_resampling_fixed_trained_models_threshold_and_evaluation_cohorts,0.0012044161927065907
CodeBERT_partial_s2027,fusion_AP,same_period,deployed_pooled_FPR_0.005,0.0053415858146537301,0.00012039117251691912,0.0053529608564737369,0.0047507527601204419,0.0054198728671796589,0.0048845767815322849,0.0054198728671796589,200,calibration_resampling_fixed_trained_models_threshold_and_evaluation_cohorts,0.0054198728671796589
CodeBERT_partial_s2027,fusion_AP,same_period,deployed_pooled_FPR_0.01,0.010318166610906659,8.3324359690442406e-05,0.010304449648711944,0.0099698895951823348,0.010371361659417865,0.0099698895951823348,0.010371361659417865,200,calibration_resampling_fixed_trained_models_threshold_and_evaluation_cohorts,0.010304449648711944
CodeBERT_partial_s2027,fusion_AP,same_period,deployed_pooled_FPR_0.05,0.052303780528604883,0.00012144244875735655,0.052325192372030781,0.052191368350618939,0.05265975242556039,0.052191368350618939,0.05265975242556039,200,calibration_resampling_fixed_trained_models_threshold_and_evaluation_cohorts,0.052392104382736698
CodeBERT_partial_s2027,fusion_AP,same_period,deployed_pooled_TPR_0.001,0.80041547658585188,0.001892661978506166,0.79887080704085023,0.79794088342743275,0.80278977084025238,0.79794088342743275,0.80278977084025238,200,calibration_resampling_fixed_trained_models_threshold_and_evaluation_cohorts,0.80278977084025238
CodeBERT_partial_s2027,fusion_AP,same_period,deployed_pooled_TPR_0.005,0.91370508136831619,0.00069042125651969479,0.91431418133510467,0.91139156426436396,0.91431418133510467,0.91232148787778145,0.91431418133510467,200,calibration_resampling_fixed_trained_models_threshold_and_evaluation_cohorts,0.91325141149119893
CodeBERT_partial_s2027,fusion_AP,same_period,deployed_pooled_TPR_0.01,0.94406077715044834,0.00017078401006548523,0.94393889073397541,0.943673198272999,0.94440385254068415,0.943673198272999,0.94440385254068415,200,calibration_resampling_fixed_trained_models_threshold_and_evaluation_cohorts,0.94420458319495182
CodeBERT_partial_s2027,fusion_AP,same_period,deployed_pooled_TPR_0.05,0.98291597475921622,3.9953879012989026e-05,0.98292925938226505,0.98279641315177679,0.98292925938226505,0.98279641315177679,0.98292925938226505,200,calibration_resampling_fixed_trained_models_threshold_and_evaluation_cohorts,0.98292925938226505
CodeBERT_partial_s2027,fusion_AP,test,AP,0.99593500063329909,1.7684257020048787e-05,0.99593436621737275,0.99585471321434915,0.99594655259609399,0.99587711121762212,0.99594655259609399,200,calibration_resampling_fixed_trained_models_threshold_and_evaluation_cohorts,0.99593436621737275
CodeBERT_partial_s2027,fusion_AP,test,Accuracy,0.96844033333333346,5.2155118034943586e-05,0.96840000000000004,0.96830000000000005,0.96850000000000003,0.96833333333333338,0.96850000000000003,200,calibration_resampling_fixed_trained_models_threshold_and_evaluation_cohorts,0.96850000000000003
CodeBERT_partial_s2027,fusion_AP,test,Brier,0.024483780345754186,8.3386053417001295e-05,0.024460975342748506,0.024184519240125938,0.024551240025592905,0.024240942871468323,0.024551240025592905,200,calibration_resampling_fixed_trained_models_threshold_and_evaluation_cohorts,0.024460975342748506
CodeBERT_partial_s2027,fusion_AP,test,ECE,0.014996905045862626,0.00045364488939303828,0.014869769629437755,0.013066225297526733,0.015355826404235631,0.013596807241878081,0.015355826404235631,200,calibration_resampling_fixed_trained_models_threshold_and_evaluation_cohorts,0.014869769629437755
CodeBERT_partial_s2027,fusion_AP,test,F1,0.96843770054581513,5.3688507692325874e-05,0.96839578610481403,0.96829471578596438,0.96849894996499886,0.96832911054807302,0.96849894996499886,200,calibration_resampling_fixed_trained_models_threshold_and_evaluation_cohorts,0.96849894996499886
CodeBERT_partial_s2027,fusion_AP,test,LogLoss,0.09393143808558431,0.0011967427494954934,0.0932853876212138,0.090865028799795466,0.095059589184649143,0.091231498623350463,0.095059589184649143,200,calibration_resampling_fixed_trained_models_threshold_and_evaluation_cohorts,0.0932853876212138
CodeBERT_partial_s2027,fusion_AP,test,ROC_AUC,0.99566516493476387,1.1616666444413248e-05,0.99566611417481066,0.99560314854801157,0.995672412070849,0.99562354004202969,0.995672412070849,200,calibration_resampling_fixed_trained_models_threshold_and_evaluation_cohorts,0.995672412070849
CodeBERT_partial_s2027,fusion_AP,test,deployed_per_format_FPR_0.001,0.0014988282557750251,7.7898797868635789e-05,0.0014730498828255775,0.0014730498828255775,0.0018747907599598258,0.0014730498828255775,0.0018078339471041178,200,calibration_resampling_fixed_trained_models_threshold_and_evaluation_cohorts,0.0014730498828255775
CodeBERT_partial_s2027,fusion_AP,test,deployed_per_format_FPR_0.005,0.0060823568798125203,7.6369066992385259e-05,0.0060930699698694343,0.0060261131570137263,0.0064948108470036826,0.0060261131570137263,0.0063608972212922665,200,calibration_resampling_fixed_trained_models_threshold_and_evaluation_cohorts,0.0060261131570137263
CodeBERT_partial_s2027,fusion_AP,test,deployed_per_format_FPR_0.01,0.011897221292266488,5.5587105090672385e-05,0.011918312688316036,0.011650485436893204,0.011918312688316036,0.011717442249748912,0.011918312688316036,200,calibration_resampling_fixed_trained_models_threshold_and_evaluation_cohorts,0.011918312688316036
CodeBERT_partial_s2027,fusion_AP,test,deployed_per_format_FPR_0.05,0.051627050552393701,9.882408131514845e-05,0.051623702711750923,0.051088048208905258,0.051690659524606629,0.05135587546032809,0.051690659524606629,200,calibration_resampling_fixed_trained_models_threshold_and_evaluation_cohorts,0.051690659524606629
CodeBERT_partial_s2027,fusion_AP,test,deployed_per_format_TPR_0.001,0.79129704613342189,0.0082904084126431809,0.78632592100896115,0.78280783272485899,0.79986724195154335,0.78280783272485899,0.79986724195154335,200,calibration_resampling_fixed_trained_models_threshold_and_evaluation_cohorts,0.78280783272485899
CodeBERT_partial_s2027,fusion_AP,test,deployed_per_format_TPR_0.005,0.90528642548954519,0.001326897171821969,0.90527713242615337,0.90394955194158644,0.90733488217723202,0.90394955194158644,0.90733488217723202,200,calibration_resampling_fixed_trained_models_threshold_and_evaluation_cohorts,0.90647195486226351
CodeBERT_partial_s2027,fusion_AP,test,deployed_per_format_TPR_0.01,0.93621008961168273,7.3651727275951339e-05,0.93620975771656156,0.93601062064387652,0.93634251576501826,0.93614337869233322,0.93634251576501826,200,calibration_resampling_fixed_trained_models_threshold_and_evaluation_cohorts,0.93627613674078991
CodeBERT_partial_s2027,fusion_AP,test,deployed_per_format_TPR_0.05,0.98138201128443414,0.00017630941574447038,0.98148025224029212,0.98121473614337873,0.98194490540989043,0.98121473614337873,0.98167938931297705,200,calibration_resampling_fixed_trained_models_threshold_and_evaluation_cohorts,0.98148025224029212
CodeBERT_partial_s2027,fusion_AP,test,deployed_pooled_FPR_0.001,0.0017134248409775693,0.0001031606300156095,0.0018078339471041178,0.0016069635085369936,0.0018747907599598258,0.0016069635085369936,0.0018747907599598258,200,calibration_resampling_fixed_trained_models_threshold_and_evaluation_cohorts,0.0018078339471041178
CodeBERT_partial_s2027,fusion_AP,test,deployed_pooled_FPR_0.005,0.0060515567458988952,0.00020564315267846865,0.0060261131570137263,0.0054904586541680619,0.0062269835955808504,0.0054904586541680619,0.0062269835955808504,200,calibration_resampling_fixed_trained_models_threshold_and_evaluation_cohorts,0.0059591563441580182
CodeBERT_partial_s2027,fusion_AP,test,deployed_pooled_FPR_0.01,0.012367927686642115,0.00010054787234771022,0.012320053565450285,0.012052226314027453,0.012453967191161701,0.012052226314027453,0.012453967191161701,200,calibration_resampling_fixed_trained_models_threshold_and_evaluation_cohorts,0.012320053565450285
CodeBERT_partial_s2027,fusion_AP,test,deployed_pooled_FPR_0.05,0.051291931704050893,0.00018435484972478575,0.05135587546032809,0.050284566454636762,0.05135587546032809,0.050753264144626713,0.05135587546032809,200,calibration_resampling_fixed_trained_models_threshold_and_evaluation_cohorts,0.05135587546032809
CodeBERT_partial_s2027,fusion_AP,test,deployed_pooled_TPR_0.001,0.79212047792897433,0.0015904369419072906,0.79196813806837041,0.78592764686359107,0.79349485562562228,0.78679057417855958,0.79349485562562228,200,calibration_resampling_fixed_trained_models_threshold_and_evaluation_cohorts,0.79349485562562228
CodeBERT_partial_s2027,fusion_AP,test,deployed_pooled_TPR_0.005,0.90490474610023242,0.00069372914830120598,0.90487885828078329,0.90155990706936606,0.90547626949883842,0.90341851974775966,0.90547626949883842,200,calibration_resampling_fixed_trained_models_threshold_and_evaluation_cohorts,0.90461334218386991
CodeBERT_partial_s2027,fusion_AP,test,deployed_pooled_TPR_0.01,0.93471988051775634,0.00016187105258760564,0.9346830401593097,0.93408562894125458,0.93514769332890801,0.93448390308662466,0.93514769332890801,200,calibration_resampling_fixed_trained_models_threshold_and_evaluation_cohorts,0.9346830401593097
CodeBERT_partial_s2027,fusion_AP,test,deployed_pooled_TPR_0.05,0.98139595087952214,6.0152949743813403e-05,0.98141387321606377,0.98134749419183542,0.98154663126452046,0.98134749419183542,0.98154663126452046,200,calibration_resampling_fixed_trained_models_threshold_and_evaluation_cohorts,0.98141387321606377
CodeBERT_partial_s2027,fusion_ROC_AUC,same_period,AP,0.99627691944559404,2.3271177524984369e-05,0.99626743608029567,0.99626743608029567,0.99633517297209462,0.99626743608029567,0.99633517297209462,200,calibration_resampling_fixed_trained_models_threshold_and_evaluation_cohorts,0.99626743608029567
CodeBERT_partial_s2027,fusion_ROC_AUC,same_period,Accuracy,0.97249883333333331,1.2222349118678393e-05,0.97250000000000003,0.97233333333333338,0.97250000000000003,0.97250000000000003,0.97250000000000003,200,calibration_resampling_fixed_trained_models_threshold_and_evaluation_cohorts,0.97250000000000003
CodeBERT_partial_s2027,fusion_ROC_AUC,same_period,Brier,0.02203007103414624,3.4676168945779409e-05,0.022042397235661104,0.021773101198423014,0.022042397235661104,0.021972246661751051,0.022042397235661104,200,calibration_resampling_fixed_trained_models_threshold_and_evaluation_cohorts,0.022042397235661104
CodeBERT_partial_s2027,fusion_ROC_AUC,same_period,ECE,0.012213859245848608,0.00028669166714116794,0.012313381697618562,0.0099441125257763389,0.012313381697618562,0.011756305967000225,0.012313381697618562,200,calibration_resampling_fixed_trained_models_threshold_and_evaluation_cohorts,0.012313381697618562
CodeBERT_partial_s2027,fusion_ROC_AUC,same_period,F1,0.97249977301622126,1.2009496061901876e-05,0.97250091663611216,0.9723370217304359,0.97250091663611216,0.97250091663611216,0.97250091663611216,200,calibration_resampling_fixed_trained_models_threshold_and_evaluation_cohorts,0.97250091663611216
CodeBERT_partial_s2027,fusion_ROC_AUC,same_period,LogLoss,0.086651733924625635,0.0007474151532540275,0.086949544475327697,0.083096073586950703,0.086949544475327697,0.085053984506207436,0.086949544475327697,200,calibration_resampling_fixed_trained_models_threshold_and_evaluation_cohorts,0.086949544475327697
CodeBERT_partial_s2027,fusion_ROC_AUC,same_period,ROC_AUC,0.99589499941054771,2.6844549184159099e-05,0.99588410021956963,0.99588410021956963,0.99596258127470372,0.99588410021956963,0.99596258127470372,200,calibration_resampling_fixed_trained_models_threshold_and_evaluation_cohorts,0.99588410021956963
CodeBERT_partial_s2027,fusion_ROC_AUC,same_period,deployed_per_format_FPR_0.001,0.0014235530277684843,0.00011809448132602115,0.0014720642355302777,0.0011375041820006692,0.0014720642355302777,0.0011375041820006692,0.0014720642355302777,200,calibration_resampling_fixed_trained_models_threshold_and_evaluation_cohorts,0.0014720642355302777
CodeBERT_partial_s2027,fusion_ROC_AUC,same_period,deployed_per_format_FPR_0.005,0.0051465373034459685,3.4057513545040541e-05,0.0051522248243559719,0.0050853128136500499,0.0053529608564737369,0.0050853128136500499,0.0051522248243559719,200,calibration_resampling_fixed_trained_models_threshold_and_evaluation_cohorts,0.0051522248243559719
CodeBERT_partial_s2027,fusion_ROC_AUC,same_period,deployed_per_format_FPR_0.01,0.010096353295416527,2.6655301870197843e-05,0.010103713616594179,0.010036801605888258,0.010237537638006023,0.010036801605888258,0.010103713616594179,200,calibration_resampling_fixed_trained_models_threshold_and_evaluation_cohorts,0.010103713616594179
CodeBERT_partial_s2027,fusion_ROC_AUC,same_period,deployed_per_format_FPR_0.05,0.051799263967882238,0.00020621375748395727,0.051722984275677487,0.051722984275677487,0.05346269655403145,0.051722984275677487,0.052191368350618939,200,calibration_resampling_fixed_trained_models_threshold_and_evaluation_cohorts,0.051722984275677487
CodeBERT_partial_s2027,fusion_ROC_AUC,same_period,deployed_per_format_TPR_0.001,0.80557223513782805,0.0053768686754670234,0.80777150448356028,0.79216207240119563,0.80777150448356028,0.79216207240119563,0.80777150448356028,200,calibration_resampling_fixed_trained_models_threshold_and_evaluation_cohorts,0.80777150448356028
CodeBERT_partial_s2027,fusion_ROC_AUC,same_period,deployed_per_format_TPR_0.005,0.91281534373962148,0.00072746352766670549,0.91252075722351378,0.91252075722351378,0.91464629691132515,0.91252075722351378,0.91464629691132515,200,calibration_resampling_fixed_trained_models_threshold_and_evaluation_cohorts,0.91252075722351378
CodeBERT_partial_s2027,fusion_ROC_AUC,same_period,deployed_per_format_TPR_0.01,0.94499535038193283,0.00014749264541910929,0.94493523746263697,0.94493523746263697,0.94553304549983397,0.94493523746263697,0.94533377615410163,200,calibration_resampling_fixed_trained_models_threshold_and_evaluation_cohorts,0.94493523746263697
CodeBERT_partial_s2027,fusion_ROC_AUC,same_period,deployed_per_format_TPR_0.05,0.98249485220856858,7.5877314768312318e-05,0.98246429757555631,0.98246429757555631,0.98286283626702098,0.98246429757555631,0.98266356692128864,200,calibration_resampling_fixed_trained_models_threshold_and_evaluation_cohorts,0.98246429757555631
CodeBERT_partial_s2027,fusion_ROC_AUC,same_period,deployed_pooled_FPR_0.001,0.0013747072599531616,7.4936858554076481e-05,0.001405152224824356,0.0010705921712947475,0.001405152224824356,0.0012044161927065907,0.001405152224824356,200,calibration_resampling_fixed_trained_models_threshold_and_evaluation_cohorts,0.001405152224824356
CodeBERT_partial_s2027,fusion_ROC_AUC,same_period,deployed_pooled_FPR_0.005,0.005356641017062562,5.2902842145001272e-05,0.0053529608564737369,0.0047507527601204419,0.0054198728671796589,0.0053529608564737369,0.0054198728671796589,200,calibration_resampling_fixed_trained_models_threshold_and_evaluation_cohorts,0.0053529608564737369
CodeBERT_partial_s2027,fusion_ROC_AUC,same_period,deployed_pooled_FPR_0.01,0.010358982937437269,3.6788612454895983e-05,0.010371361659417865,0.010103713616594179,0.010371361659417865,0.010304449648711944,0.010371361659417865,200,calibration_resampling_fixed_trained_models_threshold_and_evaluation_cohorts,0.010371361659417865
CodeBERT_partial_s2027,fusion_ROC_AUC,same_period,deployed_pooled_FPR_0.05,0.052223820675811307,8.3507766015858639e-05,0.052191368350618939,0.052191368350618939,0.05265975242556039,0.052191368350618939,0.052392104382736698,200,calibration_resampling_fixed_trained_models_threshold_and_evaluation_cohorts,0.052191368350618939
CodeBERT_partial_s2027,fusion_ROC_AUC,same_period,deployed_pooled_TPR_0.001,0.79937827964131514,0.0013223406114222446,0.79887080704085023,0.79847226834938556,0.80278977084025238,0.79887080704085023,0.80278977084025238,200,calibration_resampling_fixed_trained_models_threshold_and_evaluation_cohorts,0.79887080704085023
CodeBERT_partial_s2027,fusion_ROC_AUC,same_period,deployed_pooled_TPR_0.005,0.91416140817004321,0.00040870082076933348,0.91431418133510467,0.91139156426436396,0.91431418133510467,0.91325141149119893,0.91431418133510467,200,calibration_resampling_fixed_trained_models_threshold_and_evaluation_cohorts,0.91431418133510467
CodeBERT_partial_s2027,fusion_ROC_AUC,same_period,deployed_pooled_TPR_0.01,0.94397276652274997,9.0078548268389538e-05,0.94393889073397541,0.94387246761873134,0.94420458319495182,0.94393889073397541,0.94420458319495182,200,calibration_resampling_fixed_trained_models_threshold_and_evaluation_cohorts,0.94393889073397541
CodeBERT_partial_s2027,fusion_ROC_AUC,same_period,deployed_pooled_TPR_0.05,0.98292925938226505,0,0.98292925938226505,0.98292925938226505,0.98292925938226505,0.98292925938226505,0.98292925938226505,200,calibration_resampling_fixed_trained_models_threshold_and_evaluation_cohorts,0.98292925938226505
CodeBERT_partial_s2027,fusion_ROC_AUC,test,AP,0.99594399896953489,9.0219060888089046e-06,0.99594655259609399,0.99585471321434915,0.99594655259609399,0.99593436621737275,0.99594655259609399,200,calibration_resampling_fixed_trained_models_threshold_and_evaluation_cohorts,0.99594655259609399
CodeBERT_partial_s2027,fusion_ROC_AUC,test,Accuracy,0.96841283333333339,3.4676055293532439e-05,0.96840000000000004,0.96830000000000005,0.96850000000000003,0.96840000000000004,0.96850000000000003,200,calibration_resampling_fixed_trained_models_threshold_and_evaluation_cohorts,0.96840000000000004
CodeBERT_partial_s2027,fusion_ROC_AUC,test,Brier,0.024535217880296729,4.5690579391728969e-05,0.024551240025592905,0.024184519240125938,0.024551240025592905,0.024460975342748506,0.024551240025592905,200,calibration_resampling_fixed_trained_models_threshold_and_evaluation_cohorts,0.024551240025592905
CodeBERT_partial_s2027,fusion_ROC_AUC,test,ECE,0.015269336507809778,0.0002526173732306512,0.015355826404235631,0.013066225297526733,0.015355826404235631,0.014869769629437755,0.015355826404235631,200,calibration_resampling_fixed_trained_models_threshold_and_evaluation_cohorts,0.015355826404235631
CodeBERT_partial_s2027,fusion_ROC_AUC,test,F1,0.96840905700475599,3.5752355328900959e-05,0.96839578610481403,0.96829471578596438,0.96849894996499886,0.96839578610481403,0.96849894996499886,200,calibration_resampling_fixed_trained_models_threshold_and_evaluation_cohorts,0.96839578610481403
CodeBERT_partial_s2027,fusion_ROC_AUC,test,LogLoss,0.094774508681097436,0.00072837730599925024,0.095059589184649143,0.090865028799795466,0.095059589184649143,0.0932853876212138,0.095059589184649143,200,calibration_resampling_fixed_trained_models_threshold_and_evaluation_cohorts,0.095059589184649143
CodeBERT_partial_s2027,fusion_ROC_AUC,test,ROC_AUC,0.99566636482396176,5.6113932742279748e-06,0.99566611417481066,0.99560314854801157,0.995672412070849,0.99566611417481066,0.995672412070849,200,calibration_resampling_fixed_trained_models_threshold_and_evaluation_cohorts,0.99566611417481066
CodeBERT_partial_s2027,fusion_ROC_AUC,test,deployed_per_format_FPR_0.001,0.0014770672915969199,3.4645779971267678e-05,0.0014730498828255775,0.0014730498828255775,0.0018747907599598258,0.0014730498828255775,0.0014730498828255775,200,calibration_resampling_fixed_trained_models_threshold_and_evaluation_cohorts,0.0014730498828255775
CodeBERT_partial_s2027,fusion_ROC_AUC,test,deployed_per_format_FPR_0.005,0.0060857047204553065,3.7246723685289478e-05,0.0060930699698694343,0.0060261131570137263,0.0064948108470036826,0.0060261131570137263,0.0060930699698694343,200,calibration_resampling_fixed_trained_models_threshold_and_evaluation_cohorts,0.0060930699698694343
CodeBERT_partial_s2027,fusion_ROC_AUC,test,deployed_per_format_FPR_0.01,0.011914964847673251,2.7472022807599156e-05,0.011918312688316036,0.011650485436893204,0.011918312688316036,0.011918312688316036,0.011918312688316036,200,calibration_resampling_fixed_trained_models_threshold_and_evaluation_cohorts,0.011918312688316036
CodeBERT_partial_s2027,fusion_ROC_AUC,test,deployed_per_format_FPR_0.05,0.051630398393036493,4.5028708369155146e-05,0.051623702711750923,0.051088048208905258,0.051690659524606629,0.051623702711750923,0.051690659524606629,200,calibration_resampling_fixed_trained_models_threshold_and_evaluation_cohorts,0.051623702711750923
CodeBERT_partial_s2027,fusion_ROC_AUC,test,deployed_per_format_TPR_0.001,0.79742847660139404,0.0059435584049397187,0.79986724195154335,0.78280783272485899,0.79986724195154335,0.78280783272485899,0.79986724195154335,200,calibration_resampling_fixed_trained_models_threshold_and_evaluation_cohorts,0.79986724195154335
CodeBERT_partial_s2027,fusion_ROC_AUC,test,deployed_per_format_TPR_0.005,0.90430467972120809,0.00087252798896257807,0.90394955194158644,0.90394955194158644,0.90673747095917689,0.90394955194158644,0.90647195486226351,200,calibration_resampling_fixed_trained_models_threshold_and_evaluation_cohorts,0.90394955194158644
CodeBERT_partial_s2027,fusion_ROC_AUC,test,deployed_per_format_TPR_0.01,0.93616063723863263,4.6219258437524892e-05,0.93614337869233322,0.93601062064387652,0.93627613674078991,0.93614337869233322,0.93627613674078991,200,calibration_resampling_fixed_trained_models_threshold_and_evaluation_cohorts,0.93614337869233322
CodeBERT_partial_s2027,fusion_ROC_AUC,test,deployed_per_format_TPR_0.05,0.98125688682376377,0.00010816013897227231,0.98121473614337873,0.98121473614337873,0.98194490540989043,0.98121473614337873,0.98148025224029212,200,calibration_resampling_fixed_trained_models_threshold_and_evaluation_cohorts,0.98121473614337873
CodeBERT_partial_s2027,fusion_ROC_AUC,test,deployed_pooled_FPR_0.001,0.0016360897221292267,7.0904132176125267e-05,0.0016069635085369936,0.0016069635085369936,0.0018078339471041178,0.0016069635085369936,0.0018078339471041178,200,calibration_resampling_fixed_trained_models_threshold_and_evaluation_cohorts,0.0016069635085369936
CodeBERT_partial_s2027,fusion_ROC_AUC,test,deployed_pooled_FPR_0.005,0.0061864747238031467,9.9539024129298464e-05,0.0062269835955808504,0.0058252427184466021,0.0062269835955808504,0.0059591563441580182,0.0062269835955808504,200,calibration_resampling_fixed_trained_models_threshold_and_evaluation_cohorts,0.0062269835955808504
CodeBERT_partial_s2027,fusion_ROC_AUC,test,deployed_pooled_FPR_0.01,0.012431871442919318,5.7785867751495561e-05,0.012453967191161701,0.012119183126883161,0.012453967191161701,0.012320053565450285,0.012453967191161701,200,calibration_resampling_fixed_trained_models_threshold_and_evaluation_cohorts,0.012453967191161701
CodeBERT_partial_s2027,fusion_ROC_AUC,test,deployed_pooled_FPR_0.05,0.051344492802142615,9.6367981917320423e-05,0.05135587546032809,0.050284566454636762,0.05135587546032809,0.05135587546032809,0.05135587546032809,200,calibration_resampling_fixed_trained_models_threshold_and_evaluation_cohorts,0.05135587546032809
CodeBERT_partial_s2027,fusion_ROC_AUC,test,deployed_pooled_TPR_0.001,0.79210321938267514,0.00076174734655864854,0.79196813806837041,0.78592764686359107,0.79349485562562228,0.79196813806837041,0.79349485562562228,200,calibration_resampling_fixed_trained_models_threshold_and_evaluation_cohorts,0.79196813806837041
CodeBERT_partial_s2027,fusion_ROC_AUC,test,deployed_pooled_TPR_0.005,0.9053385330235646,0.00039860409701717185,0.90547626949883842,0.90155990706936606,0.90547626949883842,0.90461334218386991,0.90547626949883842,200,calibration_resampling_fixed_trained_models_threshold_and_evaluation_cohorts,0.90547626949883842
CodeBERT_partial_s2027,fusion_ROC_AUC,test,deployed_pooled_TPR_0.01,0.93468469963491541,6.2933103497008546e-05,0.9346830401593097,0.93408562894125458,0.93514769332890801,0.9346830401593097,0.9346830401593097,200,calibration_resampling_fixed_trained_models_threshold_and_evaluation_cohorts,0.9346830401593097
CodeBERT_partial_s2027,fusion_ROC_AUC,test,deployed_pooled_TPR_0.05,0.98135745104546968,2.4675767677208969e-05,0.98134749419183542,0.98134749419183542,0.98148025224029212,0.98134749419183542,0.98141387321606377,200,calibration_resampling_fixed_trained_models_threshold_and_evaluation_cohorts,0.98134749419183542
CodeBERT_partial_s2027,fusion_TPR_0.001,same_period,AP,0.99606580740245609,0.00070994783548466837,0.99626743608029567,0.99124239241553569,0.99633517297209462,0.99353390856441659,0.99633517297209462,200,calibration_resampling_fixed_trained_models_threshold_and_evaluation_cohorts,0.99629759514077976
CodeBERT_partial_s2027,fusion_TPR_0.001,same_period,Accuracy,0.97064300000000003,0.0069276935492110789,0.97243333333333337,0.93826666666666669,0.97250000000000003,0.94073333333333331,0.97250000000000003,200,calibration_resampling_fixed_trained_models_threshold_and_evaluation_cohorts,0.97233333333333338
CodeBERT_partial_s2027,fusion_TPR_0.001,same_period,Brier,0.022936243598028497,0.0039890781037277461,0.021972246661751051,0.021707447241965331,0.051748568341586122,0.021707447241965331,0.036803682065344429,200,calibration_resampling_fixed_trained_models_threshold_and_evaluation_cohorts,0.021773101198423014
CodeBERT_partial_s2027,fusion_TPR_0.001,same_period,ECE,0.012218902271713772,0.0058423859600978305,0.011756305967000225,0.0079717700370927746,0.047706533066211754,0.0079717700370927746,0.034378722329596614,200,calibration_resampling_fixed_trained_models_threshold_and_evaluation_cohorts,0.0099441125257763389
CodeBERT_partial_s2027,fusion_TPR_0.001,same_period,F1,0.97067083928911502,0.0068280942377521312,0.97243425219159363,0.93881731086884701,0.97250091663611216,0.94120370370370365,0.97250091663611216,200,calibration_resampling_fixed_trained_models_threshold_and_evaluation_cohorts,0.9723370217304359
CodeBERT_partial_s2027,fusion_TPR_0.001,same_period,LogLoss,0.087114225921316665,0.011074418194564286,0.085053984506207436,0.08268684131098944,0.18288184600267615,0.08268684131098944,0.11925525901336491,200,calibration_resampling_fixed_trained_models_threshold_and_evaluation_cohorts,0.083096073586950703
CodeBERT_partial_s2027,fusion_TPR_0.001,same_period,ROC_AUC,0.99565803664693719,0.0007772055664902307,0.99588410021956963,0.99039937314712778,0.99596258127470372,0.99288984663016033,0.99596258127470372,200,calibration_resampling_fixed_trained_models_threshold_and_evaluation_cohorts,0.99591136725282636
CodeBERT_partial_s2027,fusion_TPR_0.001,same_period,deployed_per_format_FPR_0.001,0.0012234861157577786,0.00013588900258841002,0.0011375041820006692,0.00093676814988290398,0.0014720642355302777,0.0010689193710270994,0.0014720642355302777,200,calibration_resampling_fixed_trained_models_threshold_and_evaluation_cohorts,0.0011375041820006692
CodeBERT_partial_s2027,fusion_TPR_0.001,same_period,deployed_per_format_FPR_0.005,0.0052479089996654397,0.00017498861588018612,0.0052191368350618939,0.0049514887922382069,0.0055536968885915019,0.0049514887922382069,0.0055536968885915019,200,calibration_resampling_fixed_trained_models_threshold_and_evaluation_cohorts,0.0053529608564737369
CodeBERT_partial_s2027,fusion_TPR_0.001,same_period,deployed_per_format_FPR_0.01,0.010195048511207762,0.00044273649646767497,0.010103713616594179,0.0097691535630645698,0.012244897959183673,0.0097691535630645698,0.011441953830712613,200,calibration_resampling_fixed_trained_models_threshold_and_evaluation_cohorts,0.010103713616594179
CodeBERT_partial_s2027,fusion_TPR_0.001,same_period,deployed_per_format_FPR_0.05,0.052495483439277353,0.00084330952990600556,0.052291736366677818,0.049715623954499834,0.054131816661090668,0.050317832050853127,0.053542990966878555,200,calibration_resampling_fixed_trained_models_threshold_and_evaluation_cohorts,0.05346269655403145
CodeBERT_partial_s2027,fusion_TPR_0.001,same_period,deployed_per_format_TPR_0.001,0.79733975423447356,0.0072479615470675387,0.7966124211225506,0.7511125871803388,0.80777150448356028,0.78319495184324139,0.80777150448356028,200,calibration_resampling_fixed_trained_models_threshold_and_evaluation_cohorts,0.7966124211225506
CodeBERT_partial_s2027,fusion_TPR_0.001,same_period,deployed_per_format_TPR_0.005,0.91023181667220188,0.0081445253638972957,0.91305214214546659,0.8605114579873796,0.91577548987047497,0.88482231816672197,0.91577548987047497,200,calibration_resampling_fixed_trained_models_threshold_and_evaluation_cohorts,0.91444702756559282
CodeBERT_partial_s2027,fusion_TPR_0.001,same_period,deployed_per_format_TPR_0.01,0.94176851544337425,0.0080518960547993918,0.94493523746263697,0.89133178346064434,0.94579873796081038,0.91550979740949856,0.94553968781135833,200,calibration_resampling_fixed_trained_models_threshold_and_evaluation_cohorts,0.94553304549983397
CodeBERT_partial_s2027,fusion_TPR_0.001,same_period,deployed_per_format_TPR_0.05,0.98053238126868147,0.0080891772408277027,0.98266356692128864,0.92999003653271339,0.98292925938226505,0.94991697110594486,0.98286449684490207,200,calibration_resampling_fixed_trained_models_threshold_and_evaluation_cohorts,0.98286283626702098
CodeBERT_partial_s2027,fusion_TPR_0.001,same_period,deployed_pooled_FPR_0.001,0.0012147875543660088,0.00011755217816870138,0.0012044161927065907,0.00093676814988290398,0.001405152224824356,0.0010672465707594514,0.001405152224824356,200,calibration_resampling_fixed_trained_models_threshold_and_evaluation_cohorts,0.0010705921712947475
CodeBERT_partial_s2027,fusion_TPR_0.001,same_period,deployed_pooled_FPR_0.005,0.0050234192037470725,0.00036581243041459202,0.0051522248243559719,0.004349280695884911,0.0054198728671796589,0.0045483439277350293,0.0054198728671796589,200,calibration_resampling_fixed_trained_models_threshold_and_evaluation_cohorts,0.0047507527601204419
CodeBERT_partial_s2027,fusion_TPR_0.001,same_period,deployed_pooled_FPR_0.01,0.010346938775510205,0.00019362494477383679,0.010371361659417865,0.0096353295416527259,0.010772833723653397,0.0099698895951823348,0.010772833723653397,200,calibration_resampling_fixed_trained_models_threshold_and_evaluation_cohorts,0.0101706256273001
CodeBERT_partial_s2027,fusion_TPR_0.001,same_period,deployed_pooled_FPR_0.05,0.052401472064235531,0.00062812170582410808,0.052392104382736698,0.050050184008029443,0.05346269655403145,0.050518568082970894,0.05346269655403145,200,calibration_resampling_fixed_trained_models_threshold_and_evaluation_cohorts,0.052525928404148547
CodeBERT_partial_s2027,fusion_TPR_0.001,same_period,deployed_pooled_TPR_0.001,0.79817369644636327,0.0054161867594580406,0.79887080704085023,0.75350381932912658,0.80278977084025238,0.7825971438060445,0.80278977084025238,200,calibration_resampling_fixed_trained_models_threshold_and_evaluation_cohorts,0.79847226834938556
CodeBERT_partial_s2027,fusion_TPR_0.001,same_period,deployed_pooled_TPR_0.005,0.9072387910993025,0.0092073658079879824,0.91291929591497845,0.86230488209897049,0.91431418133510467,0.88542012620391897,0.91431418133510467,200,calibration_resampling_fixed_trained_models_threshold_and_evaluation_cohorts,0.91139156426436396
CodeBERT_partial_s2027,fusion_TPR_0.001,same_period,deployed_pooled_TPR_0.01,0.94117535702424449,0.0083717411062731849,0.94393889073397541,0.89226170707406183,0.94440385254068415,0.91590833610096312,0.94440385254068415,200,calibration_resampling_fixed_trained_models_threshold_and_evaluation_cohorts,0.94393889073397541
CodeBERT_partial_s2027,fusion_TPR_0.001,same_period,deployed_pooled_TPR_0.05,0.98040883427432746,0.0095852474640528602,0.98292925938226505,0.92886084357356358,0.9830621056127532,0.94148123546994356,0.9830621056127532,200,calibration_resampling_fixed_trained_models_threshold_and_evaluation_cohorts,0.98292925938226505
CodeBERT_partial_s2027,fusion_TPR_0.001,test,AP,0.995637145807442,0.00077340701468963941,0.99589553255443275,0.99039684477129042,0.99594655259609399,0.99293507550645721,0.99594655259609399,200,calibration_resampling_fixed_trained_models_threshold_and_evaluation_cohorts,0.99585471321434915
CodeBERT_partial_s2027,fusion_TPR_0.001,test,Accuracy,0.96690016666666667,0.0064613539950593929,0.9684666666666667,0.93756666666666666,0.96873333333333334,0.9388333333333333,0.96853333333333336,200,calibration_resampling_fixed_trained_models_threshold_and_evaluation_cohorts,0.96830000000000005
CodeBERT_partial_s2027,fusion_TPR_0.001,test,Brier,0.025304773273109777,0.0038738304069925707,0.024460975342748506,0.024029305026546575,0.053751168894499546,0.024029305026546575,0.038664247070826663,200,calibration_resampling_fixed_trained_models_threshold_and_evaluation_cohorts,0.024184519240125938
CodeBERT_partial_s2027,fusion_TPR_0.001,test,ECE,0.015102207259626712,0.0056149977439270363,0.014505930742865056,0.011213725507738146,0.049473881132522803,0.011213725507738146,0.036233136262969007,200,calibration_resampling_fixed_trained_models_threshold_and_evaluation_cohorts,0.013066225297526733
CodeBERT_partial_s2027,fusion_TPR_0.001,test,F1,0.96688961619402047,0.006476968638475549,0.9684666666666667,0.93752293271957032,0.96871873540985798,0.93876597590683086,0.96852284094698238,200,calibration_resampling_fixed_trained_models_threshold_and_evaluation_cohorts,0.96829471578596438
CodeBERT_partial_s2027,fusion_TPR_0.001,test,LogLoss,0.094835785244592796,0.011010230087206174,0.092902679228077073,0.090069052549191703,0.19180203158667536,0.090069052549191703,0.12589493292095424,200,calibration_resampling_fixed_trained_models_threshold_and_evaluation_cohorts,0.090865028799795466
CodeBERT_partial_s2027,fusion_TPR_0.001,test,ROC_AUC,0.99537642253504544,0.00077863710632033762,0.99564078925482036,0.99012976132551822,0.995672412070849,0.99263364389842423,0.995672412070849,200,calibration_resampling_fixed_trained_models_threshold_and_evaluation_cohorts,0.99560314854801157
CodeBERT_partial_s2027,fusion_TPR_0.001,test,deployed_per_format_FPR_0.001,0.0016578506863073317,0.00017545666680338656,0.0016739203213927017,0.0014730498828255775,0.00207566119852695,0.0014730498828255775,0.0019417475728155339,200,calibration_resampling_fixed_trained_models_threshold_and_evaluation_cohorts,0.0018747907599598258
CodeBERT_partial_s2027,fusion_TPR_0.001,test,deployed_per_format_FPR_0.005,0.0062986273853364583,0.00032529653671198571,0.0060930699698694343,0.0058921995313023102,0.0068965517241379309,0.0058921995313023102,0.0068965517241379309,200,calibration_resampling_fixed_trained_models_threshold_and_evaluation_cohorts,0.0064948108470036826
CodeBERT_partial_s2027,fusion_TPR_0.001,test,deployed_per_format_FPR_0.01,0.011804486106461334,0.00029755312110538488,0.011918312688316036,0.011181787746903248,0.012453967191161701,0.011248744559758956,0.012387010378305993,200,calibration_resampling_fixed_trained_models_threshold_and_evaluation_cohorts,0.011650485436893204
CodeBERT_partial_s2027,fusion_TPR_0.001,test,deployed_per_format_FPR_0.05,0.051163374623367924,0.00069112303746104488,0.051623702711750923,0.049146300636089719,0.051690659524606629,0.049213257448945433,0.051690659524606629,200,calibration_resampling_fixed_trained_models_threshold_and_evaluation_cohorts,0.051088048208905258
CodeBERT_partial_s2027,fusion_TPR_0.001,test,deployed_per_format_TPR_0.001,0.78335479588450052,0.0128726230199562,0.78280783272485899,0.69757716561566541,0.79986724195154335,0.75134417524062391,0.79986724195154335,200,calibration_resampling_fixed_trained_models_threshold_and_evaluation_cohorts,0.78420179223365416
CodeBERT_partial_s2027,fusion_TPR_0.001,test,deployed_per_format_TPR_0.005,0.90030600730169263,0.010669413030168702,0.90394955194158644,0.83524726186525056,0.90733488217723202,0.86983073348821771,0.90733488217723202,200,calibration_resampling_fixed_trained_models_threshold_and_evaluation_cohorts,0.90673747095917689
CodeBERT_partial_s2027,fusion_TPR_0.001,test,deployed_per_format_TPR_0.01,0.93223464985064719,0.0092301673492563296,0.93614337869233322,0.87361433786923337,0.93634251576501826,0.90195818121473614,0.93634251576501826,200,calibration_resampling_fixed_trained_models_threshold_and_evaluation_cohorts,0.93601062064387652
CodeBERT_partial_s2027,fusion_TPR_0.001,test,deployed_per_format_TPR_0.05,0.97893594424161956,0.0097732446310522091,0.98148025224029212,0.91954862263524728,0.98207766345834713,0.94211749087288421,0.98207766345834713,200,calibration_resampling_fixed_trained_models_threshold_and_evaluation_cohorts,0.98194490540989043
CodeBERT_partial_s2027,fusion_TPR_0.001,test,deployed_pooled_FPR_0.001,0.0017833947104117845,0.00010531916595668328,0.0018078339471041178,0.0016069635085369936,0.0021426180113826581,0.0016069635085369936,0.0020087043856712419,200,calibration_resampling_fixed_trained_models_threshold_and_evaluation_cohorts,0.0018078339471041178
CodeBERT_partial_s2027,fusion_TPR_0.001,test,deployed_pooled_FPR_0.005,0.0059772346836290593,0.00019988216087492918,0.0059591563441580182,0.0054904586541680619,0.0066956812855708068,0.0054904586541680619,0.0063608972212922665,200,calibration_resampling_fixed_trained_models_threshold_and_evaluation_cohorts,0.0058921995313023102
CodeBERT_partial_s2027,fusion_TPR_0.001,test,deployed_pooled_FPR_0.01,0.01214462671576833,0.00025237152750224098,0.012186139939738869,0.01111483093404754,0.012453967191161701,0.011717442249748912,0.012453967191161701,200,calibration_resampling_fixed_trained_models_threshold_and_evaluation_cohorts,0.012186139939738869
CodeBERT_partial_s2027,fusion_TPR_0.001,test,deployed_pooled_FPR_0.05,0.050591563441580181,0.00086721747671004773,0.050753264144626713,0.048141948443254104,0.05135587546032809,0.048141948443254104,0.05135587546032809,200,calibration_resampling_fixed_trained_models_threshold_and_evaluation_cohorts,0.050284566454636762
CodeBERT_partial_s2027,fusion_TPR_0.001,test,deployed_pooled_TPR_0.001,0.78395851310985731,0.012856070701521456,0.78864918685695318,0.69990043146365744,0.79349485562562228,0.74716229671423828,0.79349485562562228,200,calibration_resampling_fixed_trained_models_threshold_and_evaluation_cohorts,0.78592764686359107
CodeBERT_partial_s2027,fusion_TPR_0.001,test,deployed_pooled_TPR_0.005,0.89612977099236646,0.012442821403609049,0.90401593096581478,0.83511450381679386,0.90547626949883842,0.86538333886491869,0.90547626949883842,200,calibration_resampling_fixed_trained_models_threshold_and_evaluation_cohorts,0.90155990706936606
CodeBERT_partial_s2027,fusion_TPR_0.001,test,deployed_pooled_TPR_0.01,0.93091038831729178,0.010187139310293082,0.9346830401593097,0.87149020909392627,0.93514769332890801,0.90102887487553929,0.93514769332890801,200,calibration_resampling_fixed_trained_models_threshold_and_evaluation_cohorts,0.93408562894125458
CodeBERT_partial_s2027,fusion_TPR_0.001,test,deployed_pooled_TPR_0.05,0.97836541652837705,0.011803296124280497,0.98141387321606377,0.91689346166611352,0.98187852638566209,0.93030202456023892,0.98187852638566209,200,calibration_resampling_fixed_trained_models_threshold_and_evaluation_cohorts,0.98148025224029212
CodeBERT_partial_s2027,fusion_TPR_0.005,same_period,AP,0.99628422488002744,3.6663306771320523e-05,0.99626743608029567,0.99601602895768426,0.99633517297209462,0.99626743608029567,0.99633517297209462,200,calibration_resampling_fixed_trained_models_threshold_and_evaluation_cohorts,0.99626743608029567
CodeBERT_partial_s2027,fusion_TPR_0.005,same_period,Accuracy,0.97248216666666665,5.7674794404042159e-05,0.97250000000000003,0.97196666666666665,0.97250000000000003,0.97233333333333338,0.97250000000000003,200,calibration_resampling_fixed_trained_models_threshold_and_evaluation_cohorts,0.97250000000000003
CodeBERT_partial_s2027,fusion_TPR_0.005,same_period,Brier,0.022002617994076098,6.814466270213048e-05,0.022042397235661104,0.021773101198423014,0.022187065571391162,0.021856108883691185,0.022042397235661104,200,calibration_resampling_fixed_trained_models_threshold_and_evaluation_cohorts,0.022042397235661104
CodeBERT_partial_s2027,fusion_TPR_0.005,same_period,ECE,0.01197826555452425,0.00056282461335821975,0.012313381697618562,0.0096068966987679083,0.012313381697618562,0.01067965388698894,0.012313381697618562,200,calibration_resampling_fixed_trained_models_threshold_and_evaluation_cohorts,0.012313381697618562
CodeBERT_partial_s2027,fusion_TPR_0.005,same_period,F1,0.97248324617793702,5.6792167823112443e-05,0.97250091663611216,0.97197880918268753,0.97250091663611216,0.97233692952050832,0.97250091663611216,200,calibration_resampling_fixed_trained_models_threshold_and_evaluation_cohorts,0.97250091663611216
CodeBERT_partial_s2027,fusion_TPR_0.005,same_period,LogLoss,0.086122024189833279,0.0012547616617988445,0.086949544475327697,0.083096073586950703,0.086949544475327697,0.083728172208749146,0.086949544475327697,200,calibration_resampling_fixed_trained_models_threshold_and_evaluation_cohorts,0.086949544475327697
CodeBERT_partial_s2027,fusion_TPR_0.005,same_period,ROC_AUC,0.99590271949211773,4.2335693195396484e-05,0.99588410021956963,0.99558359840171184,0.99596258127470372,0.99588410021956963,0.99596258127470372,200,calibration_resampling_fixed_trained_models_threshold_and_evaluation_cohorts,0.99588410021956963
CodeBERT_partial_s2027,fusion_TPR_0.005,same_period,deployed_per_format_FPR_0.001,0.0013726998996319839,0.00014665479492734625,0.0014720642355302777,0.0010705921712947475,0.0014720642355302777,0.0011375041820006692,0.0014720642355302777,200,calibration_resampling_fixed_trained_models_threshold_and_evaluation_cohorts,0.0014720642355302777
CodeBERT_partial_s2027,fusion_TPR_0.005,same_period,deployed_per_format_FPR_0.005,0.0051709601873536305,6.7133563146131272e-05,0.0051522248243559719,0.0050853128136500499,0.0053529608564737369,0.0050853128136500499,0.0053529608564737369,200,calibration_resampling_fixed_trained_models_threshold_and_evaluation_cohorts,0.0051522248243559719
CodeBERT_partial_s2027,fusion_TPR_0.005,same_period,deployed_per_format_FPR_0.01,0.01011910337905654,5.9512404346855947e-05,0.010103713616594179,0.0099698895951823348,0.010237537638006023,0.010036801605888258,0.010237537638006023,200,calibration_resampling_fixed_trained_models_threshold_and_evaluation_cohorts,0.010103713616594179
CodeBERT_partial_s2027,fusion_TPR_0.005,same_period,deployed_per_format_FPR_0.05,0.051934091669454674,0.00036186477544453935,0.051722984275677487,0.051722984275677487,0.054064904650384743,0.051722984275677487,0.052927400468384074,200,calibration_resampling_fixed_trained_models_threshold_and_evaluation_cohorts,0.051722984275677487
CodeBERT_partial_s2027,fusion_TPR_0.005,same_period,deployed_per_format_TPR_0.001,0.80338525406841588,0.0064962209347836442,0.80777150448356028,0.79216207240119563,0.80777150448356028,0.79216207240119563,0.80777150448356028,200,calibration_resampling_fixed_trained_models_threshold_and_evaluation_cohorts,0.80777150448356028
CodeBERT_partial_s2027,fusion_TPR_0.005,same_period,deployed_per_format_TPR_0.005,0.91314048488874133,0.001433013543611213,0.91252075722351378,0.90428429093324481,0.91577548987047497,0.91252075722351378,0.91577548987047497,200,calibration_resampling_fixed_trained_models_threshold_and_evaluation_cohorts,0.91252075722351378
CodeBERT_partial_s2027,fusion_TPR_0.005,same_period,deployed_per_format_TPR_0.01,0.94502822982397872,0.0005393773666753207,0.94493523746263697,0.93928927266688811,0.94579873796081038,0.94493523746263697,0.94546662238458978,200,calibration_resampling_fixed_trained_models_threshold_and_evaluation_cohorts,0.94493523746263697
CodeBERT_partial_s2027,fusion_TPR_0.005,same_period,deployed_per_format_TPR_0.05,0.98254931916306876,0.00013502467122257953,0.98246429757555631,0.98239787446031224,0.98292925938226505,0.98246429757555631,0.98279641315177679,200,calibration_resampling_fixed_trained_models_threshold_and_evaluation_cohorts,0.98246429757555631
CodeBERT_partial_s2027,fusion_TPR_0.005,same_period,deployed_pooled_FPR_0.001,0.0013322181331549012,0.00011026233264242979,0.001405152224824356,0.00093676814988290398,0.001405152224824356,0.0011358313817330212,0.001405152224824356,200,calibration_resampling_fixed_trained_models_threshold_and_evaluation_cohorts,0.001405152224824356
CodeBERT_partial_s2027,fusion_TPR_0.005,same_period,deployed_pooled_FPR_0.005,0.005313817330210773,0.00013046613455974579,0.0053529608564737369,0.004349280695884911,0.0054198728671796589,0.0048845767815322849,0.0054198728671796589,200,calibration_resampling_fixed_trained_models_threshold_and_evaluation_cohorts,0.0053529608564737369
CodeBERT_partial_s2027,fusion_TPR_0.005,same_period,deployed_pooled_FPR_0.01,0.010333556373369019,8.7866374685487134e-05,0.010371361659417865,0.0099698895951823348,0.010772833723653397,0.010103713616594179,0.010371361659417865,200,calibration_resampling_fixed_trained_models_threshold_and_evaluation_cohorts,0.010371361659417865
CodeBERT_partial_s2027,fusion_TPR_0.005,same_period,deployed_pooled_FPR_0.05,0.052276346604215457,0.00016698858795836081,0.052191368350618939,0.052191368350618939,0.05346269655403145,0.052191368350618939,0.05265975242556039,200,calibration_resampling_fixed_trained_models_threshold_and_evaluation_cohorts,0.052191368350618939
CodeBERT_partial_s2027,fusion_TPR_0.005,same_period,deployed_pooled_TPR_0.001,0.79943374294254399,0.0013740904121414593,0.79887080704085023,0.79481899701095982,0.80278977084025238,0.79845898372633672,0.80278977084025238,200,calibration_resampling_fixed_trained_models_threshold_and_evaluation_cohorts,0.79887080704085023
CodeBERT_partial_s2027,fusion_TPR_0.005,same_period,deployed_pooled_TPR_0.005,0.91377216871471278,0.001761642397251265,0.91431418133510467,0.89644636333444039,0.91431418133510467,0.91232148787778145,0.91431418133510467,200,calibration_resampling_fixed_trained_models_threshold_and_evaluation_cohorts,0.91431418133510467
CodeBERT_partial_s2027,fusion_TPR_0.005,same_period,deployed_pooled_TPR_0.01,0.94398904018598473,0.00039967735611931088,0.94393889073397541,0.93889073397542344,0.94440385254068415,0.94387246761873134,0.94440385254068415,200,calibration_resampling_fixed_trained_models_threshold_and_evaluation_cohorts,0.94393889073397541
CodeBERT_partial_s2027,fusion_TPR_0.005,same_period,deployed_pooled_TPR_0.05,0.98291032879442042,5.4252298857954052e-05,0.98292925938226505,0.98246429757555631,0.98292925938226505,0.98279641315177679,0.98292925938226505,200,calibration_resampling_fixed_trained_models_threshold_and_evaluation_cohorts,0.98292925938226505
CodeBERT_partial_s2027,fusion_TPR_0.005,test,AP,0.99593323393825683,4.0023347067315174e-05,0.99594655259609399,0.99552741106572495,0.99594655259609399,0.99587711121762212,0.99594655259609399,200,calibration_resampling_fixed_trained_models_threshold_and_evaluation_cohorts,0.99594655259609399
CodeBERT_partial_s2027,fusion_TPR_0.005,test,Accuracy,0.96841999999999995,3.9113572837621226e-05,0.96840000000000004,0.96830000000000005,0.96853333333333336,0.9683991666666667,0.96850000000000003,200,calibration_resampling_fixed_trained_models_threshold_and_evaluation_cohorts,0.96840000000000004
CodeBERT_partial_s2027,fusion_TPR_0.005,test,Brier,0.024496174630866795,9.2279641877420846e-05,0.024551240025592905,0.024085597384854798,0.024551240025592905,0.024304204668330769,0.024551240025592905,200,calibration_resampling_fixed_trained_models_threshold_and_evaluation_cohorts,0.024551240025592905
CodeBERT_partial_s2027,fusion_TPR_0.005,test,ECE,0.015053697715116015,0.00056982127854354704,0.015355826404235631,0.011357014894238758,0.015355826404235631,0.013596807241878081,0.015355826404235631,200,calibration_resampling_fixed_trained_models_threshold_and_evaluation_cohorts,0.015355826404235631
CodeBERT_partial_s2027,fusion_TPR_0.005,test,F1,0.96841676626157436,4.0451081343199296e-05,0.96839578610481403,0.96829471578596438,0.96852284094698238,0.96839487354801601,0.96849894996499886,200,calibration_resampling_fixed_trained_models_threshold_and_evaluation_cohorts,0.96839578610481403
CodeBERT_partial_s2027,fusion_TPR_0.005,test,LogLoss,0.094219430597810655,0.0013004711091625764,0.095059589184649143,0.090291651525124125,0.095059589184649143,0.091231498623350463,0.095059589184649143,200,calibration_resampling_fixed_trained_models_threshold_and_evaluation_cohorts,0.095059589184649143
CodeBERT_partial_s2027,fusion_TPR_0.005,test,ROC_AUC,0.99566014692942573,3.4251399694105715e-05,0.99566611417481066,0.99528458701057843,0.995672412070849,0.99562354004202969,0.995672412070849,200,calibration_resampling_fixed_trained_models_threshold_and_evaluation_cohorts,0.99566611417481066
CodeBERT_partial_s2027,fusion_TPR_0.005,test,deployed_per_format_FPR_0.001,0.0015031804486106463,7.3761001095938255e-05,0.0014730498828255775,0.0014730498828255775,0.0018747907599598258,0.0014730498828255775,0.0017408771342484097,200,calibration_resampling_fixed_trained_models_threshold_and_evaluation_cohorts,0.0014730498828255775
CodeBERT_partial_s2027,fusion_TPR_0.005,test,deployed_per_format_FPR_0.005,0.0061001004352192831,8.0100350236371177e-05,0.0060930699698694343,0.0060261131570137263,0.0066956812855708068,0.0060261131570137263,0.0063608972212922665,200,calibration_resampling_fixed_trained_models_threshold_and_evaluation_cohorts,0.0060930699698694343
CodeBERT_partial_s2027,fusion_TPR_0.005,test,deployed_per_format_FPR_0.01,0.011885169065952461,8.2210112604190811e-05,0.011918312688316036,0.011181787746903248,0.012052226314027453,0.011717442249748912,0.011918312688316036,200,calibration_resampling_fixed_trained_models_threshold_and_evaluation_cohorts,0.011918312688316036
CodeBERT_partial_s2027,fusion_TPR_0.005,test,deployed_per_format_FPR_0.05,0.051595915634415804,0.00013939963395274895,0.051623702711750923,0.050217609641781048,0.051690659524606629,0.05135587546032809,0.051690659524606629,200,calibration_resampling_fixed_trained_models_threshold_and_evaluation_cohorts,0.051623702711750923
CodeBERT_partial_s2027,fusion_TPR_0.005,test,deployed_per_format_TPR_0.001,0.79472751410554265,0.0075683688576652216,0.79986724195154335,0.77557251908396951,0.79986724195154335,0.78280783272485899,0.79986724195154335,200,calibration_resampling_fixed_trained_models_threshold_and_evaluation_cohorts,0.79986724195154335
CodeBERT_partial_s2027,fusion_TPR_0.005,test,deployed_per_format_TPR_0.005,0.90462429472286754,0.001856643345706444,0.90394955194158644,0.89087288416860277,0.90733488217723202,0.90394955194158644,0.90733488217723202,200,calibration_resampling_fixed_trained_models_threshold_and_evaluation_cohorts,0.90394955194158644
CodeBERT_partial_s2027,fusion_TPR_0.005,test,deployed_per_format_TPR_0.01,0.93613408562894118,0.00053115893261829823,0.93614337869233322,0.92990375041486895,0.93634251576501826,0.93614337869233322,0.93634251576501826,200,calibration_resampling_fixed_trained_models_threshold_and_evaluation_cohorts,0.93614337869233322
CodeBERT_partial_s2027,fusion_TPR_0.005,test,deployed_per_format_TPR_0.05,0.98133089943577834,0.00019489454651571618,0.98121473614337873,0.98048456687686691,0.98194490540989043,0.98121473614337873,0.98167938931297705,200,calibration_resampling_fixed_trained_models_threshold_and_evaluation_cohorts,0.98121473614337873
CodeBERT_partial_s2027,fusion_TPR_0.005,test,deployed_pooled_FPR_0.001,0.0016719116170070306,9.5381060549741545e-05,0.0016069635085369936,0.0016069635085369936,0.0018747907599598258,0.0016069635085369936,0.0018078339471041178,200,calibration_resampling_fixed_trained_models_threshold_and_evaluation_cohorts,0.0016069635085369936
CodeBERT_partial_s2027,fusion_TPR_0.005,test,deployed_pooled_FPR_0.005,0.0060803481754268494,0.00024492655726868863,0.0062269835955808504,0.0054904586541680619,0.0062269835955808504,0.0054904586541680619,0.0062269835955808504,200,calibration_resampling_fixed_trained_models_threshold_and_evaluation_cohorts,0.0062269835955808504
CodeBERT_partial_s2027,fusion_TPR_0.005,test,deployed_pooled_FPR_0.01,0.01238968865082022,0.00011208842576393365,0.012453967191161701,0.011918312688316036,0.012453967191161701,0.012117509206561768,0.012453967191161701,200,calibration_resampling_fixed_trained_models_threshold_and_evaluation_cohorts,0.012453967191161701
CodeBERT_partial_s2027,fusion_TPR_0.005,test,deployed_pooled_FPR_0.05,0.051267827251422836,0.00021901399856027144,0.05135587546032809,0.049815868764646803,0.05135587546032809,0.050753264144626713,0.05135587546032809,200,calibration_resampling_fixed_trained_models_threshold_and_evaluation_cohorts,0.05135587546032809
CodeBERT_partial_s2027,fusion_TPR_0.005,test,deployed_pooled_TPR_0.001,0.79148788582807839,0.0022996195800090054,0.79196813806837041,0.77192167275141055,0.79349485562562228,0.78679057417855958,0.79349485562562228,200,calibration_resampling_fixed_trained_models_threshold_and_evaluation_cohorts,0.79196813806837041
CodeBERT_partial_s2027,fusion_TPR_0.005,test,deployed_pooled_TPR_0.005,0.90485595751742454,0.002219548523657475,0.90547626949883842,0.88323929638234322,0.90547626949883842,0.90341851974775966,0.90547626949883842,200,calibration_resampling_fixed_trained_models_threshold_and_evaluation_cohorts,0.90547626949883842
CodeBERT_partial_s2027,fusion_TPR_0.005,test,deployed_pooled_TPR_0.01,0.93471689346166609,0.00055124462016508248,0.9346830401593097,0.92751410554264857,0.93514769332890801,0.93448390308662466,0.93514769332890801,200,calibration_resampling_fixed_trained_models_threshold_and_evaluation_cohorts,0.9346830401593097
CodeBERT_partial_s2027,fusion_TPR_0.005,test,deployed_pooled_TPR_0.05,0.98138599402588778,7.3308968286452819e-05,0.98134749419183542,0.98114835711915038,0.98174576833720539,0.98134749419183542,0.98154663126452046,200,calibration_resampling_fixed_trained_models_threshold_and_evaluation_cohorts,0.98134749419183542
CodeBERT_partial_s2027,isotonic_probability,same_period,AP,0.98256508107892249,0.00031145665582336864,0.9825868400044997,0.98149461321616183,0.98328810296512492,0.98185147549044194,0.98306033372204582,200,calibration_resampling_fixed_trained_models_threshold_and_evaluation_cohorts,0.98305993613164788
CodeBERT_partial_s2027,isotonic_probability,same_period,Accuracy,0.93895583333333332,0.00050255558512093056,0.93916666666666671,0.93600000000000005,0.93943333333333334,0.93799999999999994,0.93936750000000002,200,calibration_resampling_fixed_trained_models_threshold_and_evaluation_cohorts,0.93920000000000003
CodeBERT_partial_s2027,isotonic_probability,same_period,Brier,0.046913723126403385,0.00011352036736776946,0.046915117942870496,0.046668390600502409,0.047285916920467533,0.046731257304030972,0.047186617371572204,200,calibration_resampling_fixed_trained_models_threshold_and_evaluation_cohorts,0.046751999566517752
CodeBERT_partial_s2027,isotonic_probability,same_period,ECE,0.0060688022959303955,0.001337140288592409,0.005986808894037055,0.0031498078162372901,0.0097971090219667132,0.0037227048721630318,0.0090562833851556678,200,calibration_resampling_fixed_trained_models_threshold_and_evaluation_cohorts,0.003992949771023574
CodeBERT_partial_s2027,isotonic_probability,same_period,F1,0.93931932848863542,0.00048756011665288917,0.93948738353393679,0.93490642799023593,0.93971666500779671,0.93859764954443414,0.93965909743696341,200,calibration_resampling_fixed_trained_models_threshold_and_evaluation_cohorts,0.93952254641909816
CodeBERT_partial_s2027,isotonic_probability,same_period,LogLoss,0.16422243837160355,0.00074051738777422039,0.16404980331734889,0.16305940899447274,0.16702178488864247,0.16329157230254052,0.16635563799055622,200,calibration_resampling_fixed_trained_models_threshold_and_evaluation_cohorts,0.1633039932332995
CodeBERT_partial_s2027,isotonic_probability,same_period,ROC_AUC,0.98356493132852119,0.00010686993284602552,0.98358715489397142,0.98319926301231375,0.98374967930124402,0.98330619128323826,0.98371314125445464,200,calibration_resampling_fixed_trained_models_threshold_and_evaluation_cohorts,0.98369699637072894
CodeBERT_partial_s2027,isotonic_probability,same_period,deployed_per_format_FPR_0.001,0.00063767146202743392,0.00039531136897878006,0.00073603211776513886,0,0.0012713282034125125,0.00020073603211776515,0.0012713282034125125,200,calibration_resampling_fixed_trained_models_threshold_and_evaluation_cohorts,0.0011375041820006692
CodeBERT_partial_s2027,isotonic_probability,same_period,deployed_per_format_FPR_0.005,0.0045868183338909334,0.00036629260781406465,0.0044831047172967549,0.0028772164603546335,0.0052191368350618939,0.0032117765138842424,0.0050853128136500499,200,calibration_resampling_fixed_trained_models_threshold_and_evaluation_cohorts,0.0044831047172967549
CodeBERT_partial_s2027,isotonic_probability,same_period,deployed_per_format_FPR_0.01,0.0077226497156239549,0.00046976435301148084,0.0078287052525928408,0.0062897290063566409,0.0091669454667112748,0.0065523586483773842,0.0085680829708932767,200,calibration_resampling_fixed_trained_models_threshold_and_evaluation_cohorts,0.0078287052525928408
CodeBERT_partial_s2027,isotonic_probability,same_period,deployed_per_format_FPR_0.05,0.041523251923720306,0.0014180793197087194,0.041518902643024422,0.037002341920374708,0.047106055536968887,0.037736701237872199,0.045369688859150221,200,calibration_resampling_fixed_trained_models_threshold_and_evaluation_cohorts,0.041753094680495151
CodeBERT_partial_s2027,isotonic_probability,same_period,deployed_per_format_TPR_0.001,0.42860445034872136,0.066511078655547159,0.46954500166057789,0.16193955496512785,0.50235802059116574,0.35370308867485883,0.50235802059116574,200,calibration_resampling_fixed_trained_models_threshold_and_evaluation_cohorts,0.49857190302225174
CodeBERT_partial_s2027,isotonic_probability,same_period,deployed_per_format_TPR_0.005,0.69383062105612747,0.012592057905170395,0.69166389903686487,0.62683493855861838,0.71537695117901035,0.64888741281966122,0.71011291929591491,200,calibration_resampling_fixed_trained_models_threshold_and_evaluation_cohorts,0.69166389903686487
CodeBERT_partial_s2027,isotonic_probability,same_period,deployed_per_format_TPR_0.01,0.75631119229491861,0.0072645883390816905,0.75695782132181999,0.73523746263699763,0.77615410162736631,0.73920956492859513,0.77312686815011622,200,calibration_resampling_fixed_trained_models_threshold_and_evaluation_cohorts,0.75556293590169377
CodeBERT_partial_s2027,isotonic_probability,same_period,deployed_per_format_TPR_0.05,0.91250581202258385,0.0035489703672867256,0.91291929591497845,0.89976751909664565,0.92082364662902694,0.9002922617070741,0.9174360677515776,200,calibration_resampling_fixed_trained_models_threshold_and_evaluation_cohorts,0.91338425772168719
CodeBERT_partial_s2027,isotonic_probability,same_period,deployed_pooled_FPR_0.001,0.00063767146202743392,0.00039531136897878006,0.00073603211776513886,0,0.0012713282034125125,0.00020073603211776515,0.0012713282034125125,200,calibration_resampling_fixed_trained_models_threshold_and_evaluation_cohorts,0.0011375041820006692
CodeBERT_partial_s2027,isotonic_probability,same_period,deployed_pooled_FPR_0.005,0.0046082301773168284,0.00040433726332812558,0.0044831047172967549,0.0028772164603546335,0.0055536968885915019,0.0032117765138842424,0.0055536968885915019,200,calibration_resampling_fixed_trained_models_threshold_and_evaluation_cohorts,0.0044831047172967549
CodeBERT_partial_s2027,isotonic_probability,same_period,deployed_pooled_FPR_0.01,0.0076751421880227495,0.00045321398071282865,0.0078287052525928408,0.0062897290063566409,0.0096353295416527259,0.0063549682167949153,0.0084325861492137843,200,calibration_resampling_fixed_trained_models_threshold_and_evaluation_cohorts,0.0078287052525928408
CodeBERT_partial_s2027,isotonic_probability,same_period,deployed_pooled_FPR_0.05,0.043448979591836731,0.0038865540899395107,0.043626630980260955,0.03011040481766477,0.049581799933087992,0.030177316828370694,0.049447975911676142,200,calibration_resampling_fixed_trained_models_threshold_and_evaluation_cohorts,0.044161927065908331
CodeBERT_partial_s2027,isotonic_probability,same_period,deployed_pooled_TPR_0.001,0.42860445034872136,0.066511078655547159,0.46954500166057789,0.16193955496512785,0.50235802059116574,0.35370308867485883,0.50235802059116574,200,calibration_resampling_fixed_trained_models_threshold_and_evaluation_cohorts,0.49857190302225174
CodeBERT_partial_s2027,isotonic_probability,same_period,deployed_pooled_TPR_0.005,0.69407705081368321,0.012984428620114332,0.69166389903686487,0.62683493855861838,0.7178346064430422,0.64888741281966122,0.7178346064430422,200,calibration_resampling_fixed_trained_models_threshold_and_evaluation_cohorts,0.69166389903686487
CodeBERT_partial_s2027,isotonic_probability,same_period,deployed_pooled_TPR_0.01,0.75527665227499174,0.0064637787729586111,0.75556293590169377,0.73523746263699763,0.78385918299568247,0.73607937562271675,0.7688923945533046,200,calibration_resampling_fixed_trained_models_threshold_and_evaluation_cohorts,0.75556293590169377
CodeBERT_partial_s2027,isotonic_probability,same_period,deployed_pooled_TPR_0.05,0.91451577548987051,0.0065293814390639752,0.91550979740949856,0.89040185984722686,0.92294918631683831,0.8908668216539356,0.92288276320159413,200,calibration_resampling_fixed_trained_models_threshold_and_evaluation_cohorts,0.91650614413816012
CodeBERT_partial_s2027,isotonic_probability,test,AP,0.98037415567295549,0.00027963283529513491,0.9804065244470237,0.97934873652531629,0.9810041322869274,0.97968930705130708,0.98080775371253903,200,calibration_resampling_fixed_trained_models_threshold_and_evaluation_cohorts,0.98077298567052174
CodeBERT_partial_s2027,isotonic_probability,test,Accuracy,0.93749166666666672,0.00068096681360281866,0.93763333333333332,0.92976666666666663,0.9378333333333333,0.93700000000000006,0.9378333333333333,200,calibration_resampling_fixed_trained_models_threshold_and_evaluation_cohorts,0.93763333333333332
CodeBERT_partial_s2027,isotonic_probability,test,Brier,0.048910178592025177,0.00027510737735774826,0.048882597047120606,0.048186542210447408,0.049937391050464727,0.048419715553396282,0.049476751534923445,200,calibration_resampling_fixed_trained_models_threshold_and_evaluation_cohorts,0.048739962943763954
CodeBERT_partial_s2027,isotonic_probability,test,ECE,0.014708035880427593,0.0017980663977120901,0.014781888331602374,0.0095750611301046173,0.020078901713423945,0.010818536749751086,0.01799502957380927,200,calibration_resampling_fixed_trained_models_threshold_and_evaluation_cohorts,0.014106982907817499
CodeBERT_partial_s2027,isotonic_probability,test,F1,0.93732644673186694,0.00079083304880412145,0.93744776169302269,0.92811572447204116,0.93774825594979805,0.93711086380343667,0.93774825594979805,200,calibration_resampling_fixed_trained_models_threshold_and_evaluation_cohorts,0.93744776169302269
CodeBERT_partial_s2027,isotonic_probability,test,LogLoss,0.17156794904310987,0.0014234099166653092,0.17129426908306858,0.16866989810145355,0.17919615915536302,0.16985367176416977,0.1751228110125011,200,calibration_resampling_fixed_trained_models_threshold_and_evaluation_cohorts,0.17006554164727661
CodeBERT_partial_s2027,isotonic_probability,test,ROC_AUC,0.98279053311112174,6.89267908298594e-05,0.98279573805330345,0.982597299882631,0.98294275748066839,0.98265096777928373,0.98290362385693686,200,calibration_resampling_fixed_trained_models_threshold_and_evaluation_cohorts,0.98286714494972183
CodeBERT_partial_s2027,isotonic_probability,test,deployed_per_format_FPR_0.001,0.001048878473384667,0.00029544670439233785,0.0011382658185470371,0.00020087043856712421,0.0014730498828255775,0.00073652494141278877,0.0014730498828255775,200,calibration_resampling_fixed_trained_models_threshold_and_evaluation_cohorts,0.0014060930699698695
CodeBERT_partial_s2027,isotonic_probability,test,deployed_per_format_FPR_0.005,0.0039785738198861737,0.00058233879905693353,0.0036826247070639436,0.0029460997656511551,0.0053565450284566458,0.0030800133913625712,0.0050903916973552062,200,calibration_resampling_fixed_trained_models_threshold_and_evaluation_cohorts,0.0036826247070639436
CodeBERT_partial_s2027,isotonic_probability,test,deployed_per_format_FPR_0.01,0.0078911951791094739,0.00042904257658511286,0.0078339471041178436,0.0068295949112822229,0.0095078674255105449,0.0068965517241379309,0.0089722129226648805,200,calibration_resampling_fixed_trained_models_threshold_and_evaluation_cohorts,0.0078339471041178436
CodeBERT_partial_s2027,isotonic_probability,test,deployed_per_format_FPR_0.05,0.042516906595246068,0.0018323234607951955,0.0427519250083696,0.036022765316370942,0.047070639437562775,0.0364914630063609,0.045396719116170069,200,calibration_resampling_fixed_trained_models_threshold_and_evaluation_cohorts,0.043254101104787411
CodeBERT_partial_s2027,isotonic_probability,test,deployed_per_format_TPR_0.001,0.3602210421506804,0.054480718146164502,0.39382675074676404,0.1616993030202456,0.42236973116495186,0.29950215731828744,0.42236973116495186,200,calibration_resampling_fixed_trained_models_threshold_and_evaluation_cohorts,0.41858612678393625
CodeBERT_partial_s2027,isotonic_probability,test,deployed_per_format_TPR_0.005,0.62301526717557254,0.014323792356541961,0.61991370726850314,0.54424161964819118,0.64825755061400603,0.57477597079322928,0.64306837039495524,200,calibration_resampling_fixed_trained_models_threshold_and_evaluation_cohorts,0.61991370726850314
CodeBERT_partial_s2027,isotonic_probability,test,deployed_per_format_TPR_0.01,0.69922037836043816,0.0074938304988289546,0.69976767341520074,0.67354795884500496,0.7169598406903418,0.67960670428144709,0.71524726186525056,200,calibration_resampling_fixed_trained_models_threshold_and_evaluation_cohorts,0.69857285097909061
CodeBERT_partial_s2027,isotonic_probability,test,deployed_per_format_TPR_0.05,0.89684367739794224,0.0035549910290301424,0.89701294390972452,0.88430136076999666,0.90733488217723202,0.88496183206106871,0.90229837371390642,200,calibration_resampling_fixed_trained_models_threshold_and_evaluation_cohorts,0.89757716561566547
CodeBERT_partial_s2027,isotonic_probability,test,deployed_pooled_FPR_0.001,0.001048878473384667,0.00029544670439233785,0.0011382658185470371,0.00020087043856712421,0.0014730498828255775,0.00073652494141278877,0.0014730498828255775,200,calibration_resampling_fixed_trained_models_threshold_and_evaluation_cohorts,0.0014060930699698695
CodeBERT_partial_s2027,isotonic_probability,test,deployed_pooled_FPR_0.005,0.0040033478406427854,0.00064137033645736083,0.0036826247070639436,0.0029460997656511551,0.0057582859055908941,0.0030800133913625712,0.0057582859055908941,200,calibration_resampling_fixed_trained_models_threshold_and_evaluation_cohorts,0.0036826247070639436
CodeBERT_partial_s2027,isotonic_probability,test,deployed_pooled_FPR_0.01,0.0078326079678607292,0.00038885852149743081,0.0078339471041178436,0.0068295949112822229,0.010177435554067627,0.0068948778038165383,0.0088399732172748571,200,calibration_resampling_fixed_trained_models_threshold_and_evaluation_cohorts,0.0078339471041178436
CodeBERT_partial_s2027,isotonic_probability,test,deployed_pooled_FPR_0.05,0.042840308001339131,0.0038365279293239209,0.043053230666220285,0.029795781720790091,0.048409775694676936,0.029929695346501507,0.048409775694676936,200,calibration_resampling_fixed_trained_models_threshold_and_evaluation_cohorts,0.043388014730498831
CodeBERT_partial_s2027,isotonic_probability,test,deployed_pooled_TPR_0.001,0.3602210421506804,0.054480718146164502,0.39382675074676404,0.1616993030202456,0.42236973116495186,0.29950215731828744,0.42236973116495186,200,calibration_resampling_fixed_trained_models_threshold_and_evaluation_cohorts,0.41858612678393625
CodeBERT_partial_s2027,isotonic_probability,test,deployed_pooled_TPR_0.005,0.62327182210421506,0.014754659799241693,0.61991370726850314,0.54424161964819118,0.65117822768005307,0.57477597079322928,0.65117822768005307,200,calibration_resampling_fixed_trained_models_threshold_and_evaluation_cohorts,0.61991370726850314
CodeBERT_partial_s2027,isotonic_probability,test,deployed_pooled_TPR_0.01,0.69833023564553598,0.0070769907642622022,0.69857285097909061,0.67354795884500496,0.72910720212412883,0.67510122801194827,0.71281944905409889,200,calibration_resampling_fixed_trained_models_threshold_and_evaluation_cohorts,0.69857285097909061
CodeBERT_partial_s2027,isotonic_probability,test,deployed_pooled_TPR_0.05,0.9010617324925323,0.0090274172965488612,0.90268835048124796,0.86843677397942254,0.9124460670428145,0.86863591105210758,0.91237968801858615,200,calibration_resampling_fixed_trained_models_threshold_and_evaluation_cohorts,0.90341851974775966
CodeBERT_partial_s2027,isotonic_tiebreak,same_period,AP,0.98496661170828181,0,0.98496661170828181,0.98496661170828181,0.98496661170828181,0.98496661170828181,0.98496661170828181,200,calibration_resampling_fixed_trained_models_threshold_and_evaluation_cohorts,0.98496661170828181
CodeBERT_partial_s2027,isotonic_tiebreak,same_period,Accuracy,0.93895583333333332,0.00050255558512093056,0.93916666666666671,0.93600000000000005,0.93943333333333334,0.93799999999999994,0.93936750000000002,200,calibration_resampling_fixed_trained_models_threshold_and_evaluation_cohorts,0.93920000000000003
CodeBERT_partial_s2027,isotonic_tiebreak,same_period,Brier,0.046913723126403385,0.00011352036736776946,0.046915117942870496,0.046668390600502409,0.047285916920467533,0.046731257304030972,0.047186617371572204,200,calibration_resampling_fixed_trained_models_threshold_and_evaluation_cohorts,0.046751999566517752
CodeBERT_partial_s2027,isotonic_tiebreak,same_period,ECE,0.0060688022959303955,0.001337140288592409,0.005986808894037055,0.0031498078162372901,0.0097971090219667132,0.0037227048721630318,0.0090562833851556678,200,calibration_resampling_fixed_trained_models_threshold_and_evaluation_cohorts,0.003992949771023574
CodeBERT_partial_s2027,isotonic_tiebreak,same_period,F1,0.93931932848863542,0.00048756011665288917,0.93948738353393679,0.93490642799023593,0.93971666500779671,0.93859764954443414,0.93965909743696341,200,calibration_resampling_fixed_trained_models_threshold_and_evaluation_cohorts,0.93952254641909816
CodeBERT_partial_s2027,isotonic_tiebreak,same_period,LogLoss,0.16422243837160355,0.00074051738777422039,0.16404980331734889,0.16305940899447274,0.16702178488864247,0.16329157230254052,0.16635563799055622,200,calibration_resampling_fixed_trained_models_threshold_and_evaluation_cohorts,0.1633039932332995
CodeBERT_partial_s2027,isotonic_tiebreak,same_period,ROC_AUC,0.98386334305161216,0,0.98386334305161216,0.98386334305161216,0.98386334305161216,0.98386334305161216,0.98386334305161216,200,calibration_resampling_fixed_trained_models_threshold_and_evaluation_cohorts,0.98386334305161216
CodeBERT_partial_s2027,isotonic_tiebreak,same_period,deployed_per_format_FPR_0.001,0.001405152224824356,0,0.001405152224824356,0.001405152224824356,0.001405152224824356,0.001405152224824356,0.001405152224824356,200,calibration_resampling_fixed_trained_models_threshold_and_evaluation_cohorts,0.001405152224824356
CodeBERT_partial_s2027,isotonic_tiebreak,same_period,deployed_per_format_FPR_0.005,0.0054198728671796589,0,0.0054198728671796589,0.0054198728671796589,0.0054198728671796589,0.0054198728671796589,0.0054198728671796589,200,calibration_resampling_fixed_trained_models_threshold_and_evaluation_cohorts,0.0054198728671796589
CodeBERT_partial_s2027,isotonic_tiebreak,same_period,deployed_per_format_FPR_0.01,0.010103713616594179,0,0.010103713616594179,0.010103713616594179,0.010103713616594179,0.010103713616594179,0.010103713616594179,200,calibration_resampling_fixed_trained_models_threshold_and_evaluation_cohorts,0.010103713616594179
CodeBERT_partial_s2027,isotonic_tiebreak,same_period,deployed_per_format_FPR_0.05,0.049180327868852458,0,0.049180327868852458,0.049180327868852458,0.049180327868852458,0.049180327868852458,0.049180327868852458,200,calibration_resampling_fixed_trained_models_threshold_and_evaluation_cohorts,0.049180327868852458
CodeBERT_partial_s2027,isotonic_tiebreak,same_period,deployed_per_format_TPR_0.001,0.52627034207904355,0,0.52627034207904355,0.52627034207904355,0.52627034207904355,0.52627034207904355,0.52627034207904355,200,calibration_resampling_fixed_trained_models_threshold_and_evaluation_cohorts,0.52627034207904355
CodeBERT_partial_s2027,isotonic_tiebreak,same_period,deployed_per_format_TPR_0.005,0.71816672201926268,0,0.71816672201926268,0.71816672201926268,0.71816672201926268,0.71816672201926268,0.71816672201926268,200,calibration_resampling_fixed_trained_models_threshold_and_evaluation_cohorts,0.71816672201926268
CodeBERT_partial_s2027,isotonic_tiebreak,same_period,deployed_per_format_TPR_0.01,0.79182995682497515,0,0.79182995682497515,0.79182995682497515,0.79182995682497515,0.79182995682497515,0.79182995682497515,200,calibration_resampling_fixed_trained_models_threshold_and_evaluation_cohorts,0.79182995682497515
CodeBERT_partial_s2027,isotonic_tiebreak,same_period,deployed_per_format_TPR_0.05,0.92281634008635005,0,0.92281634008635005,0.92281634008635005,0.92281634008635005,0.92281634008635005,0.92281634008635005,200,calibration_resampling_fixed_trained_models_threshold_and_evaluation_cohorts,0.92281634008635005
CodeBERT_partial_s2027,isotonic_tiebreak,same_period,deployed_pooled_FPR_0.001,0.0015389762462361995,0,0.0015389762462361995,0.0015389762462361995,0.0015389762462361995,0.0015389762462361995,0.0015389762462361995,200,calibration_resampling_fixed_trained_models_threshold_and_evaluation_cohorts,0.0015389762462361995
CodeBERT_partial_s2027,isotonic_tiebreak,same_period,deployed_pooled_FPR_0.005,0.0055536968885915019,0,0.0055536968885915019,0.0055536968885915019,0.0055536968885915019,0.0055536968885915019,0.0055536968885915019,200,calibration_resampling_fixed_trained_models_threshold_and_evaluation_cohorts,0.0055536968885915019
CodeBERT_partial_s2027,isotonic_tiebreak,same_period,deployed_pooled_FPR_0.01,0.010036801605888258,0,0.010036801605888258,0.010036801605888258,0.010036801605888258,0.010036801605888258,0.010036801605888258,200,calibration_resampling_fixed_trained_models_threshold_and_evaluation_cohorts,0.010036801605888258
CodeBERT_partial_s2027,isotonic_tiebreak,same_period,deployed_pooled_FPR_0.05,0.049849447975911676,0,0.049849447975911676,0.049849447975911676,0.049849447975911676,0.049849447975911676,0.049849447975911676,200,calibration_resampling_fixed_trained_models_threshold_and_evaluation_cohorts,0.049849447975911676
CodeBERT_partial_s2027,isotonic_tiebreak,same_period,deployed_pooled_TPR_0.001,0.52965792095649289,0,0.52965792095649289,0.52965792095649289,0.52965792095649289,0.52965792095649289,0.52965792095649289,200,calibration_resampling_fixed_trained_models_threshold_and_evaluation_cohorts,0.52965792095649289
CodeBERT_partial_s2027,isotonic_tiebreak,same_period,deployed_pooled_TPR_0.005,0.71889737628694794,0,0.71889737628694783,0.71889737628694783,0.71889737628694783,0.71889737628694783,0.71889737628694783,200,calibration_resampling_fixed_trained_models_threshold_and_evaluation_cohorts,0.71889737628694783
CodeBERT_partial_s2027,isotonic_tiebreak,same_period,deployed_pooled_TPR_0.01,0.78937230156094318,0,0.78937230156094318,0.78937230156094318,0.78937230156094318,0.78937230156094318,0.78937230156094318,200,calibration_resampling_fixed_trained_models_threshold_and_evaluation_cohorts,0.78937230156094318
CodeBERT_partial_s2027,isotonic_tiebreak,same_period,deployed_pooled_TPR_0.05,0.92328130189305879,0,0.92328130189305879,0.92328130189305879,0.92328130189305879,0.92328130189305879,0.92328130189305879,200,calibration_resampling_fixed_trained_models_threshold_and_evaluation_cohorts,0.92328130189305879
CodeBERT_partial_s2027,isotonic_tiebreak,test,AP,0.98286953466407734,0,0.98286953466407745,0.98286953466407745,0.98286953466407745,0.98286953466407745,0.98286953466407745,200,calibration_resampling_fixed_trained_models_threshold_and_evaluation_cohorts,0.98286953466407745
CodeBERT_partial_s2027,isotonic_tiebreak,test,Accuracy,0.93749166666666672,0.00068096681360281866,0.93763333333333332,0.92976666666666663,0.9378333333333333,0.93700000000000006,0.9378333333333333,200,calibration_resampling_fixed_trained_models_threshold_and_evaluation_cohorts,0.93763333333333332
CodeBERT_partial_s2027,isotonic_tiebreak,test,Brier,0.048910178592025177,0.00027510737735774826,0.048882597047120606,0.048186542210447408,0.049937391050464727,0.048419715553396282,0.049476751534923445,200,calibration_resampling_fixed_trained_models_threshold_and_evaluation_cohorts,0.048739962943763954
CodeBERT_partial_s2027,isotonic_tiebreak,test,ECE,0.014708035880427593,0.0017980663977120901,0.014781888331602374,0.0095750611301046173,0.020078901713423945,0.010818536749751086,0.01799502957380927,200,calibration_resampling_fixed_trained_models_threshold_and_evaluation_cohorts,0.014106982907817499
CodeBERT_partial_s2027,isotonic_tiebreak,test,F1,0.93732644673186694,0.00079083304880412145,0.93744776169302269,0.92811572447204116,0.93774825594979805,0.93711086380343667,0.93774825594979805,200,calibration_resampling_fixed_trained_models_threshold_and_evaluation_cohorts,0.93744776169302269
CodeBERT_partial_s2027,isotonic_tiebreak,test,LogLoss,0.17156794904310987,0.0014234099166653092,0.17129426908306858,0.16866989810145355,0.17919615915536302,0.16985367176416977,0.1751228110125011,200,calibration_resampling_fixed_trained_models_threshold_and_evaluation_cohorts,0.17006554164727661
CodeBERT_partial_s2027,isotonic_tiebreak,test,ROC_AUC,0.98301501217078391,0,0.98301501217078402,0.98301501217078402,0.98301501217078402,0.98301501217078402,0.98301501217078402,200,calibration_resampling_fixed_trained_models_threshold_and_evaluation_cohorts,0.98301501217078402
CodeBERT_partial_s2027,isotonic_tiebreak,test,deployed_per_format_FPR_0.001,0.0017408771342484097,0,0.0017408771342484097,0.0017408771342484097,0.0017408771342484097,0.0017408771342484097,0.0017408771342484097,200,calibration_resampling_fixed_trained_models_threshold_and_evaluation_cohorts,0.0017408771342484097
CodeBERT_partial_s2027,isotonic_tiebreak,test,deployed_per_format_FPR_0.005,0.0057582859055908941,0,0.0057582859055908941,0.0057582859055908941,0.0057582859055908941,0.0057582859055908941,0.0057582859055908941,200,calibration_resampling_fixed_trained_models_threshold_and_evaluation_cohorts,0.0057582859055908941
CodeBERT_partial_s2027,isotonic_tiebreak,test,deployed_per_format_FPR_0.01,0.010512219618346167,0,0.010512219618346167,0.010512219618346167,0.010512219618346167,0.010512219618346167,0.010512219618346167,200,calibration_resampling_fixed_trained_models_threshold_and_evaluation_cohorts,0.010512219618346167
CodeBERT_partial_s2027,isotonic_tiebreak,test,deployed_per_format_FPR_0.05,0.049681955138935384,0,0.049681955138935384,0.049681955138935384,0.049681955138935384,0.049681955138935384,0.049681955138935384,200,calibration_resampling_fixed_trained_models_threshold_and_evaluation_cohorts,0.049681955138935384
CodeBERT_partial_s2027,isotonic_tiebreak,test,deployed_per_format_TPR_0.001,0.44049120477928982,0,0.44049120477928977,0.44049120477928977,0.44049120477928977,0.44049120477928977,0.44049120477928977,200,calibration_resampling_fixed_trained_models_threshold_and_evaluation_cohorts,0.44049120477928977
CodeBERT_partial_s2027,isotonic_tiebreak,test,deployed_per_format_TPR_0.005,0.65151012280119469,0,0.6515101228011948,0.6515101228011948,0.6515101228011948,0.6515101228011948,0.6515101228011948,200,calibration_resampling_fixed_trained_models_threshold_and_evaluation_cohorts,0.6515101228011948
CodeBERT_partial_s2027,isotonic_tiebreak,test,deployed_per_format_TPR_0.01,0.7372054430799867,0,0.7372054430799867,0.7372054430799867,0.7372054430799867,0.7372054430799867,0.7372054430799867,200,calibration_resampling_fixed_trained_models_threshold_and_evaluation_cohorts,0.7372054430799867
CodeBERT_partial_s2027,isotonic_tiebreak,test,deployed_per_format_TPR_0.05,0.91018918021905082,0,0.91018918021905082,0.91018918021905082,0.91018918021905082,0.91018918021905082,0.91018918021905082,200,calibration_resampling_fixed_trained_models_threshold_and_evaluation_cohorts,0.91018918021905082
CodeBERT_partial_s2027,isotonic_tiebreak,test,deployed_pooled_FPR_0.001,0.0018078339471041178,0,0.0018078339471041178,0.0018078339471041178,0.0018078339471041178,0.0018078339471041178,0.0018078339471041178,200,calibration_resampling_fixed_trained_models_threshold_and_evaluation_cohorts,0.0018078339471041178
CodeBERT_partial_s2027,isotonic_tiebreak,test,deployed_pooled_FPR_0.005,0.0058252427184466013,0,0.0058252427184466021,0.0058252427184466021,0.0058252427184466021,0.0058252427184466021,0.0058252427184466021,200,calibration_resampling_fixed_trained_models_threshold_and_evaluation_cohorts,0.0058252427184466021
CodeBERT_partial_s2027,isotonic_tiebreak,test,deployed_pooled_FPR_0.01,0.010579176431201875,0,0.010579176431201875,0.010579176431201875,0.010579176431201875,0.010579176431201875,0.010579176431201875,200,calibration_resampling_fixed_trained_models_threshold_and_evaluation_cohorts,0.010579176431201875
CodeBERT_partial_s2027,isotonic_tiebreak,test,deployed_pooled_FPR_0.05,0.048543689320388349,0,0.048543689320388349,0.048543689320388349,0.048543689320388349,0.048543689320388349,0.048543689320388349,200,calibration_resampling_fixed_trained_models_threshold_and_evaluation_cohorts,0.048543689320388349
CodeBERT_partial_s2027,isotonic_tiebreak,test,deployed_pooled_TPR_0.001,0.44307998672419513,0,0.44307998672419513,0.44307998672419513,0.44307998672419513,0.44307998672419513,0.44307998672419513,200,calibration_resampling_fixed_trained_models_threshold_and_evaluation_cohorts,0.44307998672419513
CodeBERT_partial_s2027,isotonic_tiebreak,test,deployed_pooled_TPR_0.005,0.65224029206770662,0,0.65224029206770662,0.65224029206770662,0.65224029206770662,0.65224029206770662,0.65224029206770662,200,calibration_resampling_fixed_trained_models_threshold_and_evaluation_cohorts,0.65224029206770662
CodeBERT_partial_s2027,isotonic_tiebreak,test,deployed_pooled_TPR_0.01,0.73660803186193169,0,0.73660803186193158,0.73660803186193158,0.73660803186193158,0.73660803186193158,0.73660803186193158,200,calibration_resampling_fixed_trained_models_threshold_and_evaluation_cohorts,0.73660803186193158
CodeBERT_partial_s2027,isotonic_tiebreak,test,deployed_pooled_TPR_0.05,0.91284434118818458,0,0.91284434118818458,0.91284434118818458,0.91284434118818458,0.91284434118818458,0.91284434118818458,200,calibration_resampling_fixed_trained_models_threshold_and_evaluation_cohorts,0.91284434118818458
CodeBERT_partial_s2027,stack,same_period,AP,0.99636110766017938,1.8492609190679969e-05,0.99636485657816665,0.99629143715683965,0.99638661250029714,0.99632155495076546,0.9963846396372924,200,calibration_resampling_fixed_trained_models_threshold_and_evaluation_cohorts,0.99636428857070203
CodeBERT_partial_s2027,stack,same_period,Accuracy,0.97194816666666672,0.00016032133770427519,0.97189999999999999,0.97166666666666668,0.97240000000000004,0.97173333333333334,0.97233333333333338,200,calibration_resampling_fixed_trained_models_threshold_and_evaluation_cohorts,0.9718
CodeBERT_partial_s2027,stack,same_period,Brier,0.021228755829181437,4.1128824164647278e-05,0.021222643633150871,0.021168902612544904,0.021365322664197911,0.021176886701279377,0.021325012094602511,200,calibration_resampling_fixed_trained_models_threshold_and_evaluation_cohorts,0.02120388390988354
CodeBERT_partial_s2027,stack,same_period,ECE,0.0037645381399248191,0.00036627389140125334,0.0037102008997477866,0.0030436505725412008,0.0051500591957771786,0.0031834802167199213,0.0046753182652999143,200,calibration_resampling_fixed_trained_models_threshold_and_evaluation_cohorts,0.0033834081833814117
CodeBERT_partial_s2027,stack,same_period,F1,0.97198630648118756,0.00015041578460680923,0.97194832179075163,0.97173450385740889,0.97240367950939877,0.97178224411020897,0.97235729034836471,200,calibration_resampling_fixed_trained_models_threshold_and_evaluation_cohorts,0.97184317380017304
CodeBERT_partial_s2027,stack,same_period,LogLoss,0.076903191702923174,0.00016614353308807992,0.076867097355783454,0.076666482906980152,0.077461044164333775,0.076682810672915588,0.077294037884909711,200,calibration_resampling_fixed_trained_models_threshold_and_evaluation_cohorts,0.076792226923752135
CodeBERT_partial_s2027,stack,same_period,ROC_AUC,0.99598452512528224,1.9950971423461884e-05,0.99598842162211287,0.99590985167689472,0.99601260861396013,0.99594212966640994,0.99601039925092327,200,calibration_resampling_fixed_trained_models_threshold_and_evaluation_cohorts,0.99598783939206292
CodeBERT_partial_s2027,stack,same_period,deployed_per_format_FPR_0.001,0.0014503178320508531,4.0768646128893533e-05,0.0014720642355302777,0.0013382402141184342,0.0015389762462361995,0.001405152224824356,0.0015389762462361995,200,calibration_resampling_fixed_trained_models_threshold_and_evaluation_cohorts,0.0014720642355302777
CodeBERT_partial_s2027,stack,same_period,deployed_per_format_FPR_0.005,0.0053723653395784544,8.888785572314888e-05,0.0053529608564737369,0.0051522248243559719,0.0055536968885915019,0.0052191368350618939,0.0055536968885915019,200,calibration_resampling_fixed_trained_models_threshold_and_evaluation_cohorts,0.0053529608564737369
CodeBERT_partial_s2027,stack,same_period,deployed_per_format_FPR_0.01,0.0099936433589829371,0.00011903567709360939,0.0099698895951823348,0.0097691535630645698,0.010304449648711944,0.0098360655737704927,0.010237537638006023,200,calibration_resampling_fixed_trained_models_threshold_and_evaluation_cohorts,0.010036801605888258
CodeBERT_partial_s2027,stack,same_period,deployed_per_format_FPR_0.05,0.052699230511876881,0.00017209497125435743,0.05265975242556039,0.052124456339913014,0.052927400468384074,0.052323519571763136,0.052927400468384074,200,calibration_resampling_fixed_trained_models_threshold_and_evaluation_cohorts,0.052927400468384074
CodeBERT_partial_s2027,stack,same_period,deployed_per_format_TPR_0.001,0.80371537695117912,0.00090078739018735357,0.80338757887744938,0.80285619395549657,0.80677515775489872,0.80285619395549657,0.80558286283626701,200,calibration_resampling_fixed_trained_models_threshold_and_evaluation_cohorts,0.80285619395549657
CodeBERT_partial_s2027,stack,same_period,deployed_per_format_TPR_0.005,0.91716638990368649,0.00043628465056829102,0.9172700099634673,0.91371637329790767,0.91810029890401856,0.91650448356027903,0.91783460644304216,200,calibration_resampling_fixed_trained_models_threshold_and_evaluation_cohorts,0.91750249086682167
CodeBERT_partial_s2027,stack,same_period,deployed_per_format_TPR_0.01,0.94553802723347724,0.00046617317773498792,0.94566589173032212,0.94427100631019589,0.94619727665227504,0.94466954500166056,0.94619727665227504,200,calibration_resampling_fixed_trained_models_threshold_and_evaluation_cohorts,0.94559946861507804
CodeBERT_partial_s2027,stack,same_period,deployed_per_format_TPR_0.05,0.98290700763865824,0.0001436361399422046,0.98289604782464302,0.98266356692128864,0.98312852872799739,0.98266356692128864,0.98312852872799739,200,calibration_resampling_fixed_trained_models_threshold_and_evaluation_cohorts,0.98292925938226505
CodeBERT_partial_s2027,stack,same_period,deployed_pooled_FPR_0.001,0.0014322515891602545,3.2928999440894608e-05,0.001405152224824356,0.001405152224824356,0.0014720642355302777,0.001405152224824356,0.0014720642355302777,200,calibration_resampling_fixed_trained_models_threshold_and_evaluation_cohorts,0.001405152224824356
CodeBERT_partial_s2027,stack,same_period,deployed_pooled_FPR_0.005,0.0050799598527935764,6.7866847925303488e-05,0.0050853128136500499,0.0048845767815322849,0.0052860488457678149,0.0048845767815322849,0.0052191368350618939,200,calibration_resampling_fixed_trained_models_threshold_and_evaluation_cohorts,0.0050853128136500499
CodeBERT_partial_s2027,stack,same_period,deployed_pooled_FPR_0.01,0.010212111073937774,0.00028965479469621213,0.010237537638006023,0.0097691535630645698,0.010705921712947474,0.0097691535630645698,0.01057209769153563,200,calibration_resampling_fixed_trained_models_threshold_and_evaluation_cohorts,0.010237537638006023
CodeBERT_partial_s2027,stack,same_period,deployed_pooled_FPR_0.05,0.052724657075945133,0.00019727770158023595,0.052726664436266307,0.052325192372030781,0.053195048511207758,0.052392104382736698,0.053128136500501841,200,calibration_resampling_fixed_trained_models_threshold_and_evaluation_cohorts,0.052927400468384074
CodeBERT_partial_s2027,stack,same_period,deployed_pooled_TPR_0.001,0.80856094320823646,0.0020060023680208506,0.8090003321155762,0.80199269345732316,0.81095981401527728,0.80336765194287618,0.81076054466954495,200,calibration_resampling_fixed_trained_models_threshold_and_evaluation_cohorts,0.80983062105612758
CodeBERT_partial_s2027,stack,same_period,deployed_pooled_TPR_0.005,0.91399335768847567,0.0004447635272353895,0.91391564264364,0.91285287279973426,0.91504483560278982,0.91324809033543675,0.91497841248754563,200,calibration_resampling_fixed_trained_models_threshold_and_evaluation_cohorts,0.91398206575888408
CodeBERT_partial_s2027,stack,same_period,deployed_pooled_TPR_0.01,0.94445300564596479,0.00021238283533323929,0.94447027565592823,0.94393889073397541,0.94520092992361338,0.94400531384921949,0.94486881434739289,200,calibration_resampling_fixed_trained_models_threshold_and_evaluation_cohorts,0.94447027565592823
CodeBERT_partial_s2027,stack,same_period,deployed_pooled_TPR_0.05,0.98318332779807383,0.00011230552598212444,0.98319495184324146,0.98279641315177679,0.98332779807372961,0.98292759880438396,0.98332779807372961,200,calibration_resampling_fixed_trained_models_threshold_and_evaluation_cohorts,0.98332779807372961
CodeBERT_partial_s2027,stack,test,AP,0.99604234603975106,1.913089444815055e-05,0.9960464524833933,0.99597157145302373,0.99606962631089879,0.99600205609164005,0.99606765452556467,200,calibration_resampling_fixed_trained_models_threshold_and_evaluation_cohorts,0.99604568475110677
CodeBERT_partial_s2027,stack,test,Accuracy,0.96862366666666677,0.00011121329751101331,0.96863333333333335,0.96836666666666671,0.96896666666666664,0.96843333333333337,0.96886666666666665,200,calibration_resampling_fixed_trained_models_threshold_and_evaluation_cohorts,0.96856666666666669
CodeBERT_partial_s2027,stack,test,Brier,0.023128061486048717,8.235801874830445e-05,0.023122997090532012,0.022966199462782159,0.02337349176729835,0.022998872790923757,0.023301411681811181,200,calibration_resampling_fixed_trained_models_threshold_and_evaluation_cohorts,0.023102013540410173
CodeBERT_partial_s2027,stack,test,ECE,0.0051366449162738538,0.00072135869921949444,0.0051176011065965556,0.0036310038609628156,0.0070043216920124829,0.0039403753065413213,0.0066620152866860016,200,calibration_resampling_fixed_trained_models_threshold_and_evaluation_cohorts,0.0049461190812314293
CodeBERT_partial_s2027,stack,test,F1,0.9686488414590404,0.00013171056654477111,0.96864331952661054,0.96832548980341115,0.96906257269132356,0.96841743676280956,0.96889804937854684,200,calibration_resampling_fixed_trained_models_threshold_and_evaluation_cohorts,0.9685907470938947
CodeBERT_partial_s2027,stack,test,LogLoss,0.081608114658682535,0.00030976777439782068,0.081586416924501609,0.081026695964938583,0.082634739292492168,0.081101324239900963,0.082292742949575379,200,calibration_resampling_fixed_trained_models_threshold_and_evaluation_cohorts,0.081485203509320051
CodeBERT_partial_s2027,stack,test,ROC_AUC,0.99577467541334941,2.2228244334053249e-05,0.99577907407372424,0.99569410581154261,0.99580806795149834,0.99572833900992141,0.99580503067224257,200,calibration_resampling_fixed_trained_models_threshold_and_evaluation_cohorts,0.99577816961229604
CodeBERT_partial_s2027,stack,test,deployed_per_format_FPR_0.001,0.0016213592233009708,3.1396560884539357e-05,0.0016069635085369936,0.0015400066956812856,0.0017408771342484097,0.0016069635085369936,0.0016739203213927017,200,calibration_resampling_fixed_trained_models_threshold_and_evaluation_cohorts,0.0016069635085369936
CodeBERT_partial_s2027,stack,test,deployed_per_format_FPR_0.005,0.006372279879477737,6.9793691001425419e-05,0.0063608972212922665,0.0061600267827251424,0.0065617676598593907,0.0062939404084365585,0.0065617676598593907,200,calibration_resampling_fixed_trained_models_threshold_and_evaluation_cohorts,0.0064278540341479746
CodeBERT_partial_s2027,stack,test,deployed_per_format_FPR_0.01,0.011582524271844662,9.1170625614988182e-05,0.011583528624037496,0.011382658185470372,0.011851355875460328,0.011447941078004687,0.01178439906260462,200,calibration_resampling_fixed_trained_models_threshold_and_evaluation_cohorts,0.011583528624037496
CodeBERT_partial_s2027,stack,test,deployed_per_format_FPR_0.05,0.050895547371945099,0.00048904197076809737,0.051155005021760964,0.049748911951791097,0.051623702711750923,0.049949782390358216,0.051422832273183797,200,calibration_resampling_fixed_trained_models_threshold_and_evaluation_cohorts,0.051155005021760964
CodeBERT_partial_s2027,stack,test,deployed_per_format_TPR_0.001,0.7981121805509459,0.0009765583886874353,0.79767673415200802,0.79701294390972455,0.80112844341188183,0.79707932293395289,0.80053103219382671,200,calibration_resampling_fixed_trained_models_threshold_and_evaluation_cohorts,0.79707932293395289
CodeBERT_partial_s2027,stack,test,deployed_per_format_TPR_0.005,0.9080955857948888,0.00044995059986293543,0.90819780949220041,0.90574178559575169,0.90879522071025554,0.90720212412877532,0.90872884168602719,200,calibration_resampling_fixed_trained_models_threshold_and_evaluation_cohorts,0.90826418851642876
CodeBERT_partial_s2027,stack,test,deployed_per_format_TPR_0.01,0.93634483903086618,0.00032575938787687971,0.93647527381347495,0.93567872552273479,0.93680716893461669,0.93567872552273479,0.93674078991038834,200,calibration_resampling_fixed_trained_models_threshold_and_evaluation_cohorts,0.93581148357119148
CodeBERT_partial_s2027,stack,test,deployed_per_format_TPR_0.05,0.98202821108529703,0.00027299900177898918,0.98201128443411878,0.98148025224029212,0.9826086956521739,0.98154663126452046,0.98240955857948886,200,calibration_resampling_fixed_trained_models_threshold_and_evaluation_cohorts,0.98201128443411878
CodeBERT_partial_s2027,stack,test,deployed_pooled_FPR_0.001,0.0018098426514897891,7.1326257380139053e-05,0.0018078339471041178,0.0016069635085369936,0.0018747907599598258,0.0016069635085369936,0.0018747907599598258,200,calibration_resampling_fixed_trained_models_threshold_and_evaluation_cohorts,0.0018078339471041178
CodeBERT_partial_s2027,stack,test,deployed_pooled_FPR_0.005,0.0056648811516571817,0.00011873650990559516,0.005624372279879478,0.0055574154670237699,0.0062269835955808504,0.0055574154670237699,0.0059591563441580182,200,calibration_resampling_fixed_trained_models_threshold_and_evaluation_cohorts,0.005624372279879478
CodeBERT_partial_s2027,stack,test,deployed_pooled_FPR_0.01,0.011951456310679611,0.00014255101039771598,0.011985269501171745,0.011650485436893204,0.012320053565450285,0.011650485436893204,0.012119183126883161,200,calibration_resampling_fixed_trained_models_threshold_and_evaluation_cohorts,0.011851355875460328
CodeBERT_partial_s2027,stack,test,deployed_pooled_FPR_0.05,0.049754938064948108,0.00045333819846814851,0.049548041513223971,0.048945430197522601,0.05135587546032809,0.049010713090056918,0.050487110813525277,200,calibration_resampling_fixed_trained_models_threshold_and_evaluation_cohorts,0.049414127887512552
CodeBERT_partial_s2027,stack,test,deployed_pooled_TPR_0.001,0.80261068702290073,0.0021160360282442142,0.80331895121141716,0.79548622635247257,0.80451377364752741,0.79660305343511451,0.80444739462329906,200,calibration_resampling_fixed_trained_models_threshold_and_evaluation_cohorts,0.80391636242947229
CodeBERT_partial_s2027,stack,test,deployed_pooled_TPR_0.005,0.90472950547626951,0.00046428372090112993,0.90481247925655495,0.90341851974775966,0.90547626949883842,0.90355127779621636,0.90534351145038172,200,calibration_resampling_fixed_trained_models_threshold_and_evaluation_cohorts,0.90507799535346833
CodeBERT_partial_s2027,stack,test,deployed_pooled_TPR_0.01,0.93482841022236973,0.00037909911487966848,0.93494855625622308,0.93408562894125458,0.93574510454696314,0.93408562894125458,0.93528045137736471,200,calibration_resampling_fixed_trained_models_threshold_and_evaluation_cohorts,0.93494855625622308
CodeBERT_partial_s2027,stack,test,deployed_pooled_TPR_0.05,0.98167275141055432,0.00015276526973510301,0.98161301028874881,0.98148025224029212,0.98194490540989043,0.98148025224029212,0.98194490540989043,200,calibration_resampling_fixed_trained_models_threshold_and_evaluation_cohorts,0.98154663126452046
CodeBERT_partial_s2027,temperature,same_period,AP,0.98496661170828181,0,0.98496661170828181,0.98496661170828181,0.98496661170828181,0.98496661170828181,0.98496661170828181,200,calibration_resampling_fixed_trained_models_threshold_and_evaluation_cohorts,0.98496661170828181
CodeBERT_partial_s2027,temperature,same_period,Accuracy,0.93816666666666682,0,0.9381666666666667,0.9381666666666667,0.9381666666666667,0.9381666666666667,0.9381666666666667,200,calibration_resampling_fixed_trained_models_threshold_and_evaluation_cohorts,0.9381666666666667
CodeBERT_partial_s2027,temperature,same_period,Brier,0.049205001449861785,6.6010407561678078e-05,0.049205471608951473,0.049032707953519473,0.049401159128857959,0.049083427377743953,0.049334438182449959,200,calibration_resampling_fixed_trained_models_threshold_and_evaluation_cohorts,0.049198329448929323
CodeBERT_partial_s2027,temperature,same_period,ECE,0.02629974863733333,0.0014030149156974985,0.026295877895553318,0.022650121340709775,0.030958241558859383,0.023949139785598008,0.029438586640600225,200,calibration_resampling_fixed_trained_models_threshold_and_evaluation_cohorts,0.026357156454567796
CodeBERT_partial_s2027,temperature,same_period,F1,0.9387161782681952,0,0.9387161782681952,0.9387161782681952,0.9387161782681952,0.9387161782681952,0.9387161782681952,200,calibration_resampling_fixed_trained_models_threshold_and_evaluation_cohorts,0.9387161782681952
CodeBERT_partial_s2027,temperature,same_period,LogLoss,0.17857934339924253,0.00011484627309679139,0.17854655214307369,0.1784513470010588,0.17910327521219249,0.17845419731217552,0.17886557946137494,200,calibration_resampling_fixed_trained_models_threshold_and_evaluation_cohorts,0.17855796681698999
CodeBERT_partial_s2027,temperature,same_period,ROC_AUC,0.98386334305161216,0,0.98386334305161216,0.98386334305161216,0.98386334305161216,0.98386334305161216,0.98386334305161216,200,calibration_resampling_fixed_trained_models_threshold_and_evaluation_cohorts,0.98386334305161216
CodeBERT_partial_s2027,temperature,same_period,deployed_per_format_FPR_0.001,0.001405152224824356,0,0.001405152224824356,0.001405152224824356,0.001405152224824356,0.001405152224824356,0.001405152224824356,200,calibration_resampling_fixed_trained_models_threshold_and_evaluation_cohorts,0.001405152224824356
CodeBERT_partial_s2027,temperature,same_period,deployed_per_format_FPR_0.005,0.0054198728671796589,0,0.0054198728671796589,0.0054198728671796589,0.0054198728671796589,0.0054198728671796589,0.0054198728671796589,200,calibration_resampling_fixed_trained_models_threshold_and_evaluation_cohorts,0.0054198728671796589
CodeBERT_partial_s2027,temperature,same_period,deployed_per_format_FPR_0.01,0.010103713616594179,0,0.010103713616594179,0.010103713616594179,0.010103713616594179,0.010103713616594179,0.010103713616594179,200,calibration_resampling_fixed_trained_models_threshold_and_evaluation_cohorts,0.010103713616594179
CodeBERT_partial_s2027,temperature,same_period,deployed_per_format_FPR_0.05,0.049180327868852458,0,0.049180327868852458,0.049180327868852458,0.049180327868852458,0.049180327868852458,0.049180327868852458,200,calibration_resampling_fixed_trained_models_threshold_and_evaluation_cohorts,0.049180327868852458
CodeBERT_partial_s2027,temperature,same_period,deployed_per_format_TPR_0.001,0.52627034207904355,0,0.52627034207904355,0.52627034207904355,0.52627034207904355,0.52627034207904355,0.52627034207904355,200,calibration_resampling_fixed_trained_models_threshold_and_evaluation_cohorts,0.52627034207904355
CodeBERT_partial_s2027,temperature,same_period,deployed_per_format_TPR_0.005,0.71816672201926268,0,0.71816672201926268,0.71816672201926268,0.71816672201926268,0.71816672201926268,0.71816672201926268,200,calibration_resampling_fixed_trained_models_threshold_and_evaluation_cohorts,0.71816672201926268
CodeBERT_partial_s2027,temperature,same_period,deployed_per_format_TPR_0.01,0.79182995682497515,0,0.79182995682497515,0.79182995682497515,0.79182995682497515,0.79182995682497515,0.79182995682497515,200,calibration_resampling_fixed_trained_models_threshold_and_evaluation_cohorts,0.79182995682497515
CodeBERT_partial_s2027,temperature,same_period,deployed_per_format_TPR_0.05,0.92281634008635005,0,0.92281634008635005,0.92281634008635005,0.92281634008635005,0.92281634008635005,0.92281634008635005,200,calibration_resampling_fixed_trained_models_threshold_and_evaluation_cohorts,0.92281634008635005
CodeBERT_partial_s2027,temperature,same_period,deployed_pooled_FPR_0.001,0.0015389762462361995,0,0.0015389762462361995,0.0015389762462361995,0.0015389762462361995,0.0015389762462361995,0.0015389762462361995,200,calibration_resampling_fixed_trained_models_threshold_and_evaluation_cohorts,0.0015389762462361995
CodeBERT_partial_s2027,temperature,same_period,deployed_pooled_FPR_0.005,0.0055536968885915019,0,0.0055536968885915019,0.0055536968885915019,0.0055536968885915019,0.0055536968885915019,0.0055536968885915019,200,calibration_resampling_fixed_trained_models_threshold_and_evaluation_cohorts,0.0055536968885915019
CodeBERT_partial_s2027,temperature,same_period,deployed_pooled_FPR_0.01,0.010036801605888258,0,0.010036801605888258,0.010036801605888258,0.010036801605888258,0.010036801605888258,0.010036801605888258,200,calibration_resampling_fixed_trained_models_threshold_and_evaluation_cohorts,0.010036801605888258
CodeBERT_partial_s2027,temperature,same_period,deployed_pooled_FPR_0.05,0.049849447975911676,0,0.049849447975911676,0.049849447975911676,0.049849447975911676,0.049849447975911676,0.049849447975911676,200,calibration_resampling_fixed_trained_models_threshold_and_evaluation_cohorts,0.049849447975911676
CodeBERT_partial_s2027,temperature,same_period,deployed_pooled_TPR_0.001,0.52965792095649289,0,0.52965792095649289,0.52965792095649289,0.52965792095649289,0.52965792095649289,0.52965792095649289,200,calibration_resampling_fixed_trained_models_threshold_and_evaluation_cohorts,0.52965792095649289
CodeBERT_partial_s2027,temperature,same_period,deployed_pooled_TPR_0.005,0.71889737628694794,0,0.71889737628694783,0.71889737628694783,0.71889737628694783,0.71889737628694783,0.71889737628694783,200,calibration_resampling_fixed_trained_models_threshold_and_evaluation_cohorts,0.71889737628694783
CodeBERT_partial_s2027,temperature,same_period,deployed_pooled_TPR_0.01,0.78937230156094318,0,0.78937230156094318,0.78937230156094318,0.78937230156094318,0.78937230156094318,0.78937230156094318,200,calibration_resampling_fixed_trained_models_threshold_and_evaluation_cohorts,0.78937230156094318
CodeBERT_partial_s2027,temperature,same_period,deployed_pooled_TPR_0.05,0.92328130189305879,0,0.92328130189305879,0.92328130189305879,0.92328130189305879,0.92328130189305879,0.92328130189305879,200,calibration_resampling_fixed_trained_models_threshold_and_evaluation_cohorts,0.92328130189305879
CodeBERT_partial_s2027,temperature,test,AP,0.98286953466407734,0,0.98286953466407745,0.98286953466407745,0.98286953466407745,0.98286953466407745,0.98286953466407745,200,calibration_resampling_fixed_trained_models_threshold_and_evaluation_cohorts,0.98286953466407745
CodeBERT_partial_s2027,temperature,test,Accuracy,0.93743333333333334,0,0.93743333333333334,0.93743333333333334,0.93743333333333334,0.93743333333333334,0.93743333333333334,200,calibration_resampling_fixed_trained_models_threshold_and_evaluation_cohorts,0.93743333333333334
CodeBERT_partial_s2027,temperature,test,Brier,0.050983547058092028,7.6546790231748807e-05,0.050984579644644083,0.050779891387435445,0.051207962384147793,0.050841170566147419,0.051132436213101352,200,calibration_resampling_fixed_trained_models_threshold_and_evaluation_cohorts,0.050976299897907987
CodeBERT_partial_s2027,temperature,test,ECE,0.027851132126470904,0.0015541373084007014,0.02771517533976689,0.023414593235765183,0.032485521501609903,0.024890506877883727,0.030628721250622996,200,calibration_resampling_fixed_trained_models_threshold_and_evaluation_cohorts,0.027912983624795908
CodeBERT_partial_s2027,temperature,test,F1,0.93740203435050862,0,0.93740203435050862,0.93740203435050862,0.93740203435050862,0.93740203435050862,0.93740203435050862,200,calibration_resampling_fixed_trained_models_threshold_and_evaluation_cohorts,0.93740203435050862
CodeBERT_partial_s2027,temperature,test,LogLoss,0.18426171675599332,5.4091699592020919e-05,0.18424089594687154,0.18422298768023929,0.18458098218371638,0.18422302061684068,0.18441019847356135,200,calibration_resampling_fixed_trained_models_threshold_and_evaluation_cohorts,0.18423552297622256
CodeBERT_partial_s2027,temperature,test,ROC_AUC,0.98301501217078391,0,0.98301501217078402,0.98301501217078402,0.98301501217078402,0.98301501217078402,0.98301501217078402,200,calibration_resampling_fixed_trained_models_threshold_and_evaluation_cohorts,0.98301501217078402
CodeBERT_partial_s2027,temperature,test,deployed_per_format_FPR_0.001,0.0017408771342484097,0,0.0017408771342484097,0.0017408771342484097,0.0017408771342484097,0.0017408771342484097,0.0017408771342484097,200,calibration_resampling_fixed_trained_models_threshold_and_evaluation_cohorts,0.0017408771342484097
CodeBERT_partial_s2027,temperature,test,deployed_per_format_FPR_0.005,0.0057582859055908941,0,0.0057582859055908941,0.0057582859055908941,0.0057582859055908941,0.0057582859055908941,0.0057582859055908941,200,calibration_resampling_fixed_trained_models_threshold_and_evaluation_cohorts,0.0057582859055908941
CodeBERT_partial_s2027,temperature,test,deployed_per_format_FPR_0.01,0.010512219618346167,0,0.010512219618346167,0.010512219618346167,0.010512219618346167,0.010512219618346167,0.010512219618346167,200,calibration_resampling_fixed_trained_models_threshold_and_evaluation_cohorts,0.010512219618346167
CodeBERT_partial_s2027,temperature,test,deployed_per_format_FPR_0.05,0.049681955138935384,0,0.049681955138935384,0.049681955138935384,0.049681955138935384,0.049681955138935384,0.049681955138935384,200,calibration_resampling_fixed_trained_models_threshold_and_evaluation_cohorts,0.049681955138935384
CodeBERT_partial_s2027,temperature,test,deployed_per_format_TPR_0.001,0.44049120477928982,0,0.44049120477928977,0.44049120477928977,0.44049120477928977,0.44049120477928977,0.44049120477928977,200,calibration_resampling_fixed_trained_models_threshold_and_evaluation_cohorts,0.44049120477928977
CodeBERT_partial_s2027,temperature,test,deployed_per_format_TPR_0.005,0.65151012280119469,0,0.6515101228011948,0.6515101228011948,0.6515101228011948,0.6515101228011948,0.6515101228011948,200,calibration_resampling_fixed_trained_models_threshold_and_evaluation_cohorts,0.6515101228011948
CodeBERT_partial_s2027,temperature,test,deployed_per_format_TPR_0.01,0.7372054430799867,0,0.7372054430799867,0.7372054430799867,0.7372054430799867,0.7372054430799867,0.7372054430799867,200,calibration_resampling_fixed_trained_models_threshold_and_evaluation_cohorts,0.7372054430799867
CodeBERT_partial_s2027,temperature,test,deployed_per_format_TPR_0.05,0.91018918021905082,0,0.91018918021905082,0.91018918021905082,0.91018918021905082,0.91018918021905082,0.91018918021905082,200,calibration_resampling_fixed_trained_models_threshold_and_evaluation_cohorts,0.91018918021905082
CodeBERT_partial_s2027,temperature,test,deployed_pooled_FPR_0.001,0.0018078339471041178,0,0.0018078339471041178,0.0018078339471041178,0.0018078339471041178,0.0018078339471041178,0.0018078339471041178,200,calibration_resampling_fixed_trained_models_threshold_and_evaluation_cohorts,0.0018078339471041178
CodeBERT_partial_s2027,temperature,test,deployed_pooled_FPR_0.005,0.0058252427184466013,0,0.0058252427184466021,0.0058252427184466021,0.0058252427184466021,0.0058252427184466021,0.0058252427184466021,200,calibration_resampling_fixed_trained_models_threshold_and_evaluation_cohorts,0.0058252427184466021
CodeBERT_partial_s2027,temperature,test,deployed_pooled_FPR_0.01,0.010579176431201875,0,0.010579176431201875,0.010579176431201875,0.010579176431201875,0.010579176431201875,0.010579176431201875,200,calibration_resampling_fixed_trained_models_threshold_and_evaluation_cohorts,0.010579176431201875
CodeBERT_partial_s2027,temperature,test,deployed_pooled_FPR_0.05,0.048543689320388349,0,0.048543689320388349,0.048543689320388349,0.048543689320388349,0.048543689320388349,0.048543689320388349,200,calibration_resampling_fixed_trained_models_threshold_and_evaluation_cohorts,0.048543689320388349
CodeBERT_partial_s2027,temperature,test,deployed_pooled_TPR_0.001,0.44307998672419513,0,0.44307998672419513,0.44307998672419513,0.44307998672419513,0.44307998672419513,0.44307998672419513,200,calibration_resampling_fixed_trained_models_threshold_and_evaluation_cohorts,0.44307998672419513
CodeBERT_partial_s2027,temperature,test,deployed_pooled_TPR_0.005,0.65224029206770662,0,0.65224029206770662,0.65224029206770662,0.65224029206770662,0.65224029206770662,0.65224029206770662,200,calibration_resampling_fixed_trained_models_threshold_and_evaluation_cohorts,0.65224029206770662
CodeBERT_partial_s2027,temperature,test,deployed_pooled_TPR_0.01,0.73660803186193169,0,0.73660803186193158,0.73660803186193158,0.73660803186193158,0.73660803186193158,0.73660803186193158,200,calibration_resampling_fixed_trained_models_threshold_and_evaluation_cohorts,0.73660803186193158
CodeBERT_partial_s2027,temperature,test,deployed_pooled_TPR_0.05,0.91284434118818458,0,0.91284434118818458,0.91284434118818458,0.91284434118818458,0.91284434118818458,0.91284434118818458,200,calibration_resampling_fixed_trained_models_threshold_and_evaluation_cohorts,0.91284434118818458
CodeBERT_partial_s2028,format_platt,same_period,AP,0.9835486884014597,0.00043753408900065808,0.98363948370807675,0.98205917843423252,0.98427365509476439,0.98251254985214531,0.98411000656520775,200,calibration_resampling_fixed_trained_models_threshold_and_evaluation_cohorts,0.98409435072297569
CodeBERT_partial_s2028,format_platt,same_period,Accuracy,0.93947966666666671,0.0001369195274869645,0.9395,0.93899999999999995,0.93979999999999997,0.93919833333333336,0.93969999999999998,200,calibration_resampling_fixed_trained_models_threshold_and_evaluation_cohorts,0.93953333333333333
CodeBERT_partial_s2028,format_platt,same_period,Brier,0.048647224285115087,9.2443379816846034e-05,0.048643357174219234,0.048397824003208342,0.048916413479173484,0.048477901578611898,0.048832012938105969,200,calibration_resampling_fixed_trained_models_threshold_and_evaluation_cohorts,0.048612575354149923
CodeBERT_partial_s2028,format_platt,same_period,ECE,0.021222106363223667,0.0013133352502879448,0.021231269687451343,0.017959744193665847,0.024595883835438329,0.018645756528158697,0.023697557709142274,200,calibration_resampling_fixed_trained_models_threshold_and_evaluation_cohorts,0.020840781100005108
CodeBERT_partial_s2028,format_platt,same_period,F1,0.93977711295630295,0.00012832656352428434,0.93978662319493356,0.9393316536268399,0.94010347572300346,0.93950362341834603,0.93997859917374593,200,calibration_resampling_fixed_trained_models_threshold_and_evaluation_cohorts,0.93983017115563217
CodeBERT_partial_s2028,format_platt,same_period,LogLoss,0.17590932828715344,0.00030201996684467214,0.17588214798936361,0.17538111974183163,0.17685740130336181,0.17541804398638347,0.17662325916704993,200,calibration_resampling_fixed_trained_models_threshold_and_evaluation_cohorts,0.17569682557659888
CodeBERT_partial_s2028,format_platt,same_period,ROC_AUC,0.98294160328155522,0.00027336359298990614,0.98296018868698121,0.98188230975105339,0.98351672728044459,0.98233361159633359,0.98337552104867187,200,calibration_resampling_fixed_trained_models_threshold_and_evaluation_cohorts,0.98325801269105961
CodeBERT_partial_s2028,format_platt,same_period,deployed_per_format_FPR_0.001,0.00086985613917698224,0,0.00086985613917698224,0.00086985613917698224,0.00086985613917698224,0.00086985613917698224,0.00086985613917698224,200,calibration_resampling_fixed_trained_models_threshold_and_evaluation_cohorts,0.00086985613917698224
CodeBERT_partial_s2028,format_platt,same_period,deployed_per_format_FPR_0.005,0.0051522248243559719,0,0.0051522248243559719,0.0051522248243559719,0.0051522248243559719,0.0051522248243559719,0.0051522248243559719,200,calibration_resampling_fixed_trained_models_threshold_and_evaluation_cohorts,0.0051522248243559719
CodeBERT_partial_s2028,format_platt,same_period,deployed_per_format_FPR_0.01,0.011040481766477084,0,0.011040481766477083,0.011040481766477083,0.011040481766477083,0.011040481766477083,0.011040481766477083,200,calibration_resampling_fixed_trained_models_threshold_and_evaluation_cohorts,0.011040481766477083
CodeBERT_partial_s2028,format_platt,same_period,deployed_per_format_FPR_0.05,0.051388424222147878,0,0.051388424222147878,0.051388424222147878,0.051388424222147878,0.051388424222147878,0.051388424222147878,200,calibration_resampling_fixed_trained_models_threshold_and_evaluation_cohorts,0.051388424222147878
CodeBERT_partial_s2028,format_platt,same_period,deployed_per_format_TPR_0.001,0.44735968116904684,0,0.44735968116904684,0.44735968116904684,0.44735968116904684,0.44735968116904684,0.44735968116904684,200,calibration_resampling_fixed_trained_models_threshold_and_evaluation_cohorts,0.44735968116904684
CodeBERT_partial_s2028,format_platt,same_period,deployed_per_format_TPR_0.005,0.71225506476253742,0,0.71225506476253742,0.71225506476253742,0.71225506476253742,0.71225506476253742,0.71225506476253742,200,calibration_resampling_fixed_trained_models_threshold_and_evaluation_cohorts,0.71225506476253742
CodeBERT_partial_s2028,format_platt,same_period,deployed_per_format_TPR_0.01,0.79561607439388904,0,0.79561607439388904,0.79561607439388904,0.79561607439388904,0.79561607439388904,0.79561607439388904,200,calibration_resampling_fixed_trained_models_threshold_and_evaluation_cohorts,0.79561607439388904
CodeBERT_partial_s2028,format_platt,same_period,deployed_per_format_TPR_0.05,0.92567253404184657,0,0.92567253404184657,0.92567253404184657,0.92567253404184657,0.92567253404184657,0.92567253404184657,200,calibration_resampling_fixed_trained_models_threshold_and_evaluation_cohorts,0.92567253404184657
CodeBERT_partial_s2028,format_platt,same_period,deployed_pooled_FPR_0.001,0.00079826028772164606,0.00023067203727415069,0.0008029441284710606,0.00053529608564737373,0.001405152224824356,0.00053529608564737373,0.0012713282034125125,200,calibration_resampling_fixed_trained_models_threshold_and_evaluation_cohorts,0.00073603211776513886
CodeBERT_partial_s2028,format_platt,same_period,deployed_pooled_FPR_0.005,0.0051873536299765809,0.00022338091996856307,0.0051856808297089333,0.0046169287387085979,0.0056875209100033458,0.0047507527601204419,0.0056206088992974239,200,calibration_resampling_fixed_trained_models_threshold_and_evaluation_cohorts,0.0052860488457678149
CodeBERT_partial_s2028,format_platt,same_period,deployed_pooled_FPR_0.01,0.011030444964871195,0.00027295428852002471,0.011040481766477083,0.010036801605888258,0.011776513884242222,0.010438273670123788,0.011510538641686182,200,calibration_resampling_fixed_trained_models_threshold_and_evaluation_cohorts,0.011308129809300769
CodeBERT_partial_s2028,format_platt,same_period,deployed_pooled_FPR_0.05,0.050689528270324524,0.00018293242900224564,0.050652392104382736,0.050250920040147209,0.051120776179324187,0.050451656072264969,0.05105386416861827,200,calibration_resampling_fixed_trained_models_threshold_and_evaluation_cohorts,0.050518568082970894
CodeBERT_partial_s2028,format_platt,same_period,deployed_pooled_TPR_0.001,0.29865028229823976,0.074746684932868665,0.32188641647293259,0.19541680504815676,0.46768515443374292,0.1974094985054799,0.44341082696778483,200,calibration_resampling_fixed_trained_models_threshold_and_evaluation_cohorts,0.33483892394553305
CodeBERT_partial_s2028,format_platt,same_period,deployed_pooled_TPR_0.005,0.70879641315177677,0.010051856358732389,0.71122550647625371,0.64344071736964459,0.71949518432414483,0.67915476585851886,0.7186981069412155,200,calibration_resampling_fixed_trained_models_threshold_and_evaluation_cohorts,0.71477914314181334
CodeBERT_partial_s2028,format_platt,same_period,deployed_pooled_TPR_0.01,0.79266456326801726,0.0020896105516209911,0.79299236134174689,0.78605114579873792,0.79760876785121226,0.78797575556293586,0.7956227167054134,200,calibration_resampling_fixed_trained_models_threshold_and_evaluation_cohorts,0.79468615078047156
CodeBERT_partial_s2028,format_platt,same_period,deployed_pooled_TPR_0.05,0.92644271006310186,0.00022166477649895975,0.92640318830953172,0.92573895715709065,0.92686815011624046,0.92593822650282298,0.92680172700099639,200,calibration_resampling_fixed_trained_models_threshold_and_evaluation_cohorts,0.9267353038857522
CodeBERT_partial_s2028,format_platt,test,AP,0.9814997538056951,0.0005423614891376117,0.98146976801491559,0.97992095413620783,0.98278137268427446,0.98035538373690134,0.98247999423558041,200,calibration_resampling_fixed_trained_models_threshold_and_evaluation_cohorts,0.9817018238034485
CodeBERT_partial_s2028,format_platt,test,Accuracy,0.93676816666666662,0.00016696113015849976,0.93679999999999997,0.93636666666666668,0.93720000000000003,0.93643333333333334,0.93703416666666672,200,calibration_resampling_fixed_trained_models_threshold_and_evaluation_cohorts,0.93693333333333328
CodeBERT_partial_s2028,format_platt,test,Brier,0.050877351048433959,0.00014968055120491428,0.050880356103753265,0.05054522907113651,0.051253355293890371,0.050587035838682209,0.051154431458169697,200,calibration_resampling_fixed_trained_models_threshold_and_evaluation_cohorts,0.050857670730915003
CodeBERT_partial_s2028,format_platt,test,ECE,0.025018825897384661,0.0014569404533611371,0.025032027430545334,0.020508414989623965,0.028101445954321232,0.022291325367448916,0.027330606529822089,200,calibration_resampling_fixed_trained_models_threshold_and_evaluation_cohorts,0.025240064615389485
CodeBERT_partial_s2028,format_platt,test,F1,0.93636946786480646,0.00018778103593472724,0.93638574384535911,0.93585996035345898,0.9368717330116606,0.93599597247860378,0.93667928054908689,200,calibration_resampling_fixed_trained_models_threshold_and_evaluation_cohorts,0.93653562323896422
CodeBERT_partial_s2028,format_platt,test,LogLoss,0.18248955328646485,0.00047274794237700925,0.18247788553675465,0.18136160225573458,0.18404382978785977,0.18168040071175173,0.18347596603875296,200,calibration_resampling_fixed_trained_models_threshold_and_evaluation_cohorts,0.18232160057686297
CodeBERT_partial_s2028,format_platt,test,ROC_AUC,0.98200838580191119,0.00034163469302987535,0.98203928273764252,0.98078352804624891,0.98274755159291305,0.98131861620512661,0.98260342755325092,200,calibration_resampling_fixed_trained_models_threshold_and_evaluation_cohorts,0.98220762589875288
CodeBERT_partial_s2028,format_platt,test,deployed_per_format_FPR_0.001,0.0012721794442584534,0,0.0012721794442584534,0.0012721794442584534,0.0012721794442584534,0.0012721794442584534,0.0012721794442584534,200,calibration_resampling_fixed_trained_models_threshold_and_evaluation_cohorts,0.0012721794442584534
CodeBERT_partial_s2028,format_platt,test,deployed_per_format_FPR_0.005,0.0046869768998995644,0,0.0046869768998995644,0.0046869768998995644,0.0046869768998995644,0.0046869768998995644,0.0046869768998995644,200,calibration_resampling_fixed_trained_models_threshold_and_evaluation_cohorts,0.0046869768998995644
CodeBERT_partial_s2028,format_platt,test,deployed_per_format_FPR_0.01,0.010512219618346167,0,0.010512219618346167,0.010512219618346167,0.010512219618346167,0.010512219618346167,0.010512219618346167,200,calibration_resampling_fixed_trained_models_threshold_and_evaluation_cohorts,0.010512219618346167
CodeBERT_partial_s2028,format_platt,test,deployed_per_format_FPR_0.05,0.045664546367592901,0,0.045664546367592901,0.045664546367592901,0.045664546367592901,0.045664546367592901,0.045664546367592901,200,calibration_resampling_fixed_trained_models_threshold_and_evaluation_cohorts,0.045664546367592901
CodeBERT_partial_s2028,format_platt,test,deployed_per_format_TPR_0.001,0.39913707268503151,0,0.39913707268503151,0.39913707268503151,0.39913707268503151,0.39913707268503151,0.39913707268503151,200,calibration_resampling_fixed_trained_models_threshold_and_evaluation_cohorts,0.39913707268503151
CodeBERT_partial_s2028,format_platt,test,deployed_per_format_TPR_0.005,0.63790242283438436,0,0.63790242283438436,0.63790242283438436,0.63790242283438436,0.63790242283438436,0.63790242283438436,200,calibration_resampling_fixed_trained_models_threshold_and_evaluation_cohorts,0.63790242283438436
CodeBERT_partial_s2028,format_platt,test,deployed_per_format_TPR_0.01,0.74563557915698642,0,0.74563557915698642,0.74563557915698642,0.74563557915698642,0.74563557915698642,0.74563557915698642,200,calibration_resampling_fixed_trained_models_threshold_and_evaluation_cohorts,0.74563557915698642
CodeBERT_partial_s2028,format_platt,test,deployed_per_format_TPR_0.05,0.90872884168602719,0,0.90872884168602719,0.90872884168602719,0.90872884168602719,0.90872884168602719,0.90872884168602719,200,calibration_resampling_fixed_trained_models_threshold_and_evaluation_cohorts,0.90872884168602719
CodeBERT_partial_s2028,format_platt,test,deployed_pooled_FPR_0.001,0.0012721794442584534,0.00022713600140868135,0.0012721794442584534,0.00053565450284566451,0.0018078339471041178,0.00080180783394710417,0.0017425510545698028,200,calibration_resampling_fixed_trained_models_threshold_and_evaluation_cohorts,0.0014730498828255775
CodeBERT_partial_s2028,format_platt,test,deployed_pooled_FPR_0.005,0.0047870773351188483,0.00029073636772208758,0.0048208905256109805,0.0040843655841981919,0.005624372279879478,0.0042182792099096081,0.0053565450284566458,200,calibration_resampling_fixed_trained_models_threshold_and_evaluation_cohorts,0.0048878473384666886
CodeBERT_partial_s2028,format_platt,test,deployed_pooled_FPR_0.01,0.010429862738533646,0.00037008314728664799,0.010512219618346167,0.0093739537997991288,0.011047874121191832,0.0095731503180448603,0.010915634415801808,200,calibration_resampling_fixed_trained_models_threshold_and_evaluation_cohorts,0.010646133244057584
CodeBERT_partial_s2028,format_platt,test,deployed_pooled_FPR_0.05,0.045830599263475061,0.00036091445307915546,0.045865416806160027,0.044994978239035824,0.046534984934717111,0.045128891864747236,0.046401071309005691,200,calibration_resampling_fixed_trained_models_threshold_and_evaluation_cohorts,0.046066287244727153
CodeBERT_partial_s2028,format_platt,test,deployed_pooled_TPR_0.001,0.28204281447062729,0.059227814571270375,0.30829737802854296,0.16773979422502489,0.40756720876203117,0.17968801858612679,0.39148357119150351,200,calibration_resampling_fixed_trained_models_threshold_and_evaluation_cohorts,0.30215731828742115
CodeBERT_partial_s2028,format_platt,test,deployed_pooled_TPR_0.005,0.63400630600730168,0.010473332381300611,0.63687354795884499,0.57012943909724523,0.64719548622635248,0.60025058081646199,0.64362927314968466,200,calibration_resampling_fixed_trained_models_threshold_and_evaluation_cohorts,0.63956189844009292
CodeBERT_partial_s2028,format_platt,test,deployed_pooled_TPR_0.01,0.74186193162960512,0.0048760250095736908,0.74238300696979753,0.72704945237305008,0.75433123133089941,0.73102887487553936,0.74916030534351141,200,calibration_resampling_fixed_trained_models_threshold_and_evaluation_cohorts,0.74430799867241948
CodeBERT_partial_s2028,format_platt,test,deployed_pooled_TPR_0.05,0.91281214736143379,0.00025600407601529237,0.91284434118818458,0.91211417192167277,0.91350813143046794,0.91231330899435781,0.9133089943577829,200,calibration_resampling_fixed_trained_models_threshold_and_evaluation_cohorts,0.91291072021241293
CodeBERT_partial_s2028,fusion_AP,same_period,AP,0.99628779662685474,4.0325443621694586e-05,0.99626743608029567,0.99626743608029567,0.9963713640572387,0.99626743608029567,0.9963713640572387,200,calibration_resampling_fixed_trained_models_threshold_and_evaluation_cohorts,0.99626743608029567
CodeBERT_partial_s2028,fusion_AP,same_period,Accuracy,0.97250166666666671,2.4039331255992781e-05,0.97250000000000003,0.97240000000000004,0.97256666666666669,0.97240000000000004,0.97256666666666669,200,calibration_resampling_fixed_trained_models_threshold_and_evaluation_cohorts,0.97250000000000003
CodeBERT_partial_s2028,fusion_AP,same_period,Brier,0.022004022158872299,8.5180424640531527e-05,0.022042397235661104,0.021581570567736286,0.022042397235661104,0.021707869995812208,0.022042397235661104,200,calibration_resampling_fixed_trained_models_threshold_and_evaluation_cohorts,0.022042397235661104
CodeBERT_partial_s2028,fusion_AP,same_period,ECE,0.012056366799280505,0.00059885123759741371,0.012313381697618562,0.0081689082103186903,0.012313381697618562,0.010037469362414965,0.012313381697618562,200,calibration_resampling_fixed_trained_models_threshold_and_evaluation_cohorts,0.012313381697618562
CodeBERT_partial_s2028,fusion_AP,same_period,F1,0.97250306917700047,2.3819740857354285e-05,0.97250091663611216,0.97240551889622073,0.97256940972569406,0.97240551889622073,0.97256940972569406,200,calibration_resampling_fixed_trained_models_threshold_and_evaluation_cohorts,0.97250091663611216
CodeBERT_partial_s2028,fusion_AP,same_period,LogLoss,0.086284297938260479,0.0013385812988501741,0.086949544475327697,0.082055526634661452,0.086949544475327697,0.082565141828028266,0.086949544475327697,200,calibration_resampling_fixed_trained_models_threshold_and_evaluation_cohorts,0.086949544475327697
CodeBERT_partial_s2028,fusion_AP,same_period,ROC_AUC,0.99590329118869259,3.8731881417044162e-05,0.99588410021956963,0.99585665096164078,0.99598928385592733,0.99588410021956963,0.99598928385592733,200,calibration_resampling_fixed_trained_models_threshold_and_evaluation_cohorts,0.99588410021956963
CodeBERT_partial_s2028,fusion_AP,same_period,deployed_per_format_FPR_0.001,0.001383740381398461,0.00017230010060472923,0.0014720642355302777,0.0010036801605888257,0.0014720642355302777,0.0010036801605888257,0.0014720642355302777,200,calibration_resampling_fixed_trained_models_threshold_and_evaluation_cohorts,0.0014720642355302777
CodeBERT_partial_s2028,fusion_AP,same_period,deployed_per_format_FPR_0.005,0.0051722984275677482,6.5724631039415745e-05,0.0051522248243559719,0.0048845767815322849,0.0053529608564737369,0.0050853128136500499,0.0053529608564737369,200,calibration_resampling_fixed_trained_models_threshold_and_evaluation_cohorts,0.0051522248243559719
CodeBERT_partial_s2028,fusion_AP,same_period,deployed_per_format_FPR_0.01,0.010113081298093008,2.6014558416878993e-05,0.010103713616594179,0.010103713616594179,0.010304449648711944,0.010103713616594179,0.0101706256273001,200,calibration_resampling_fixed_trained_models_threshold_and_evaluation_cohorts,0.010103713616594179
CodeBERT_partial_s2028,fusion_AP,same_period,deployed_per_format_FPR_0.05,0.051852793576446975,0.00030781132993090368,0.051722984275677487,0.051722984275677487,0.053261960521913683,0.051722984275677487,0.053261960521913683,200,calibration_resampling_fixed_trained_models_threshold_and_evaluation_cohorts,0.051722984275677487
CodeBERT_partial_s2028,fusion_AP,same_period,deployed_per_format_TPR_0.001,0.80622749916971104,0.0031697548225471006,0.80777150448356028,0.7972102291597476,0.80777150448356028,0.7972102291597476,0.80777150448356028,200,calibration_resampling_fixed_trained_models_threshold_and_evaluation_cohorts,0.80777150448356028
CodeBERT_partial_s2028,fusion_AP,same_period,deployed_per_format_TPR_0.005,0.91272201926270347,0.00076499796700921544,0.91252075722351378,0.90680836931252073,0.91464629691132515,0.91205579541680504,0.91464629691132515,200,calibration_resampling_fixed_trained_models_threshold_and_evaluation_cohorts,0.91252075722351378
CodeBERT_partial_s2028,fusion_AP,same_period,deployed_per_format_TPR_0.01,0.94504782464297576,0.00034902187001162647,0.94493523746263697,0.94181335104616404,0.94586516107605445,0.94493523746263697,0.94586516107605445,200,calibration_resampling_fixed_trained_models_threshold_and_evaluation_cohorts,0.94493523746263697
CodeBERT_partial_s2028,fusion_AP,same_period,deployed_per_format_TPR_0.05,0.98255230820325479,0.00018691905851057767,0.98246429757555631,0.98246429757555631,0.98332779807372961,0.98246429757555631,0.98312852872799739,200,calibration_resampling_fixed_trained_models_threshold_and_evaluation_cohorts,0.98246429757555631
CodeBERT_partial_s2028,fusion_AP,same_period,deployed_pooled_FPR_0.001,0.0013108062897290063,0.00018409619523159935,0.001405152224824356,0.00093676814988290398,0.001405152224824356,0.00093676814988290398,0.001405152224824356,200,calibration_resampling_fixed_trained_models_threshold_and_evaluation_cohorts,0.001405152224824356
CodeBERT_partial_s2028,fusion_AP,same_period,deployed_pooled_FPR_0.005,0.005348946135831382,0.0001315587575264545,0.0053529608564737369,0.0044831047172967549,0.0055536968885915019,0.0047507527601204419,0.0055536968885915019,200,calibration_resampling_fixed_trained_models_threshold_and_evaluation_cohorts,0.0053529608564737369
CodeBERT_partial_s2028,fusion_AP,same_period,deployed_pooled_FPR_0.01,0.010359317497490798,3.5342907261898043e-05,0.010371361659417865,0.010237537638006023,0.010371361659417865,0.010237537638006023,0.010371361659417865,200,calibration_resampling_fixed_trained_models_threshold_and_evaluation_cohorts,0.010371361659417865
CodeBERT_partial_s2028,fusion_AP,same_period,deployed_pooled_FPR_0.05,0.052197390431582474,2.5268748795766545e-05,0.052191368350618939,0.052191368350618939,0.052325192372030781,0.052191368350618939,0.052325192372030781,200,calibration_resampling_fixed_trained_models_threshold_and_evaluation_cohorts,0.052191368350618939
CodeBERT_partial_s2028,fusion_AP,same_period,deployed_pooled_TPR_0.001,0.79936433078711389,0.0011000729413031694,0.79887080704085023,0.79887080704085023,0.80325473264696112,0.79887080704085023,0.80298904018598471,200,calibration_resampling_fixed_trained_models_threshold_and_evaluation_cohorts,0.79887080704085023
CodeBERT_partial_s2028,fusion_AP,same_period,deployed_pooled_TPR_0.005,0.91388043839256072,0.0018708878763705192,0.91431418133510467,0.89916971105944865,0.91471272002656923,0.90528063766190636,0.91471272002656923,200,calibration_resampling_fixed_trained_models_threshold_and_evaluation_cohorts,0.91431418133510467
CodeBERT_partial_s2028,fusion_AP,same_period,deployed_pooled_TPR_0.01,0.94403221521089331,0.000209424386495064,0.94393889073397541,0.94387246761873134,0.94460312188641649,0.94393889073397541,0.94460312188641649,200,calibration_resampling_fixed_trained_models_threshold_and_evaluation_cohorts,0.94393889073397541
CodeBERT_partial_s2028,fusion_AP,same_period,deployed_pooled_TPR_0.05,0.98287578877449344,0.00011585428914571757,0.98292925938226505,0.98259714380604446,0.98292925938226505,0.98259714380604446,0.98292925938226505,200,calibration_resampling_fixed_trained_models_threshold_and_evaluation_cohorts,0.98292925938226505
CodeBERT_partial_s2028,fusion_AP,test,AP,0.99594411712366981,1.4173857153471634e-05,0.99594655259609399,0.99579861049729401,0.99595864452017913,0.9958947974403114,0.99595864452017913,200,calibration_resampling_fixed_trained_models_threshold_and_evaluation_cohorts,0.99594655259609399
CodeBERT_partial_s2028,fusion_AP,test,Accuracy,0.96843216666666665,6.4398388402274538e-05,0.96840000000000004,0.96840000000000004,0.96856666666666669,0.96840000000000004,0.96856666666666669,200,calibration_resampling_fixed_trained_models_threshold_and_evaluation_cohorts,0.96840000000000004
CodeBERT_partial_s2028,fusion_AP,test,Brier,0.024507947865634972,9.6714908161088075e-05,0.024551240025592905,0.024007571934752912,0.024551240025592905,0.024171363061192212,0.024551240025592905,200,calibration_resampling_fixed_trained_models_threshold_and_evaluation_cohorts,0.024551240025592905
CodeBERT_partial_s2028,fusion_AP,test,ECE,0.01514442110726406,0.00051531801369787298,0.015355826404235631,0.011324178011478045,0.015355826404235631,0.013354931497448845,0.015355826404235631,200,calibration_resampling_fixed_trained_models_threshold_and_evaluation_cohorts,0.015355826404235631
CodeBERT_partial_s2028,fusion_AP,test,F1,0.96842824466740185,6.5285527026158442e-05,0.96839578610481403,0.96838313767342588,0.96856561885396175,0.96839578610481403,0.96856561885396175,200,calibration_resampling_fixed_trained_models_threshold_and_evaluation_cohorts,0.96839578610481403
CodeBERT_partial_s2028,fusion_AP,test,LogLoss,0.094413077407243723,0.0013117255798521668,0.095059589184649143,0.089980302453973884,0.095059589184649143,0.090653713163053054,0.095059589184649143,200,calibration_resampling_fixed_trained_models_threshold_and_evaluation_cohorts,0.095059589184649143
CodeBERT_partial_s2028,fusion_AP,test,ROC_AUC,0.99567244682705702,1.6484560010336558e-05,0.99566611417481066,0.99557574803349091,0.99571106613001947,0.99566517193489523,0.99571106613001947,200,calibration_resampling_fixed_trained_models_threshold_and_evaluation_cohorts,0.99566611417481066
CodeBERT_partial_s2028,fusion_AP,test,deployed_per_format_FPR_0.001,0.0015195848677602946,9.7780750021174144e-05,0.0014730498828255775,0.0014730498828255775,0.0020087043856712419,0.0014730498828255775,0.0018078339471041178,200,calibration_resampling_fixed_trained_models_threshold_and_evaluation_cohorts,0.0014730498828255775
CodeBERT_partial_s2028,fusion_AP,test,deployed_per_format_FPR_0.005,0.0061235353197187812,8.1328462559078772e-05,0.0060930699698694343,0.0060261131570137263,0.0063608972212922665,0.0060261131570137263,0.0063608972212922665,200,calibration_resampling_fixed_trained_models_threshold_and_evaluation_cohorts,0.0060930699698694343
CodeBERT_partial_s2028,fusion_AP,test,deployed_per_format_FPR_0.01,0.011842986273853363,0.00019185699973881868,0.011918312688316036,0.010646133244057584,0.011918312688316036,0.011181787746903248,0.011918312688316036,200,calibration_resampling_fixed_trained_models_threshold_and_evaluation_cohorts,0.011918312688316036
CodeBERT_partial_s2028,fusion_AP,test,deployed_per_format_FPR_0.05,0.05158051556745899,0.00010331502175636319,0.051623702711750923,0.050686307331771006,0.051623702711750923,0.05135587546032809,0.051623702711750923,200,calibration_resampling_fixed_trained_models_threshold_and_evaluation_cohorts,0.051623702711750923
CodeBERT_partial_s2028,fusion_AP,test,deployed_per_format_TPR_0.001,0.7975658811815467,0.0045864068642076754,0.79986724195154335,0.78546299369399275,0.79986724195154335,0.78546299369399275,0.79986724195154335,200,calibration_resampling_fixed_trained_models_threshold_and_evaluation_cohorts,0.79986724195154335
CodeBERT_partial_s2028,fusion_AP,test,deployed_per_format_TPR_0.005,0.90416428808496518,0.00092560541550849634,0.90394955194158644,0.89565217391304353,0.90620643876535012,0.90381679389312974,0.90620643876535012,200,calibration_resampling_fixed_trained_models_threshold_and_evaluation_cohorts,0.90394955194158644
CodeBERT_partial_s2028,fusion_AP,test,deployed_per_format_TPR_0.01,0.93614304679721205,0.00038559125217671328,0.93614337869233322,0.93136408894789247,0.9365416528377033,0.93547958845004975,0.9365416528377033,200,calibration_resampling_fixed_trained_models_threshold_and_evaluation_cohorts,0.93614337869233322
CodeBERT_partial_s2028,fusion_AP,test,deployed_per_format_TPR_0.05,0.98130534351145049,0.00017883038040653862,0.98121473614337873,0.98121473614337873,0.98174576833720539,0.98121473614337873,0.98174576833720539,200,calibration_resampling_fixed_trained_models_threshold_and_evaluation_cohorts,0.98121473614337873
CodeBERT_partial_s2028,fusion_AP,test,deployed_pooled_FPR_0.001,0.0016521593572145965,8.9539976266360543e-05,0.0016069635085369936,0.0016069635085369936,0.0020087043856712419,0.0016069635085369936,0.0018747907599598258,200,calibration_resampling_fixed_trained_models_threshold_and_evaluation_cohorts,0.0016069635085369936
CodeBERT_partial_s2028,fusion_AP,test,deployed_pooled_FPR_0.005,0.0061523267492467363,0.00015146693413681212,0.0062269835955808504,0.0057582859055908941,0.0062269835955808504,0.0057582859055908941,0.0062269835955808504,200,calibration_resampling_fixed_trained_models_threshold_and_evaluation_cohorts,0.0062269835955808504
CodeBERT_partial_s2028,fusion_AP,test,deployed_pooled_FPR_0.01,0.012420488784733848,0.00010906494787073992,0.012453967191161701,0.011650485436893204,0.012520924004017409,0.011985269501171745,0.012520924004017409,200,calibration_resampling_fixed_trained_models_threshold_and_evaluation_cohorts,0.012453967191161701
CodeBERT_partial_s2028,fusion_AP,test,deployed_pooled_FPR_0.05,0.051251422832273186,0.00025976877609344869,0.05135587546032809,0.049280214261801139,0.05135587546032809,0.050284566454636762,0.05135587546032809,200,calibration_resampling_fixed_trained_models_threshold_and_evaluation_cohorts,0.05135587546032809
CodeBERT_partial_s2028,fusion_AP,test,deployed_pooled_TPR_0.001,0.79155227348157975,0.00099377059446824128,0.79196813806837041,0.78765350149352809,0.79196813806837041,0.78765350149352809,0.79196813806837041,200,calibration_resampling_fixed_trained_models_threshold_and_evaluation_cohorts,0.79196813806837041
CodeBERT_partial_s2028,fusion_AP,test,deployed_pooled_TPR_0.005,0.90484467308330563,0.0024435011887216024,0.90547626949883842,0.88297378028542983,0.90547626949883842,0.89459010952538998,0.90547626949883842,200,calibration_resampling_fixed_trained_models_threshold_and_evaluation_cohorts,0.90547626949883842
CodeBERT_partial_s2028,fusion_AP,test,deployed_pooled_TPR_0.01,0.93474941918353804,0.00026080441045709074,0.9346830401593097,0.93395287089279788,0.9354132094258214,0.93395287089279788,0.9354132094258214,200,calibration_resampling_fixed_trained_models_threshold_and_evaluation_cohorts,0.9346830401593097
CodeBERT_partial_s2028,fusion_AP,test,deployed_pooled_TPR_0.05,0.98136043810155993,6.1603218105201583e-05,0.98134749419183542,0.98121473614337873,0.98154663126452046,0.98121473614337873,0.98154663126452046,200,calibration_resampling_fixed_trained_models_threshold_and_evaluation_cohorts,0.98134749419183542
CodeBERT_partial_s2028,fusion_ROC_AUC,same_period,AP,0.99627633539907734,2.7717858956573443e-05,0.99626743608029567,0.99626743608029567,0.9963713640572387,0.99626743608029567,0.9963713640572387,200,calibration_resampling_fixed_trained_models_threshold_and_evaluation_cohorts,0.99626743608029567
CodeBERT_partial_s2028,fusion_ROC_AUC,same_period,Accuracy,0.97249716666666675,1.9131768535099584e-05,0.97250000000000003,0.97240000000000004,0.97253333333333336,0.97240000000000004,0.97250000000000003,200,calibration_resampling_fixed_trained_models_threshold_and_evaluation_cohorts,0.97250000000000003
CodeBERT_partial_s2028,fusion_ROC_AUC,same_period,Brier,0.022019822779305857,7.3905472078818058e-05,0.022042397235661104,0.021707869995812208,0.022042397235661104,0.021707869995812208,0.022042397235661104,200,calibration_resampling_fixed_trained_models_threshold_and_evaluation_cohorts,0.022042397235661104
CodeBERT_partial_s2028,fusion_ROC_AUC,same_period,ECE,0.01216257456157561,0.00049832010499765598,0.012313381697618562,0.010037469362414965,0.012313381697618562,0.010037469362414965,0.012313381697618562,200,calibration_resampling_fixed_trained_models_threshold_and_evaluation_cohorts,0.012313381697618562
CodeBERT_partial_s2028,fusion_ROC_AUC,same_period,F1,0.9724983726073968,1.8436933046033022e-05,0.97250091663611216,0.97240551889622073,0.97253699506732438,0.97240551889622073,0.97250274972502748,200,calibration_resampling_fixed_trained_models_threshold_and_evaluation_cohorts,0.97250091663611216
CodeBERT_partial_s2028,fusion_ROC_AUC,same_period,LogLoss,0.086600247655038542,0.0010957836407328846,0.086949544475327697,0.082565141828028266,0.086949544475327697,0.082565141828028266,0.086949544475327697,200,calibration_resampling_fixed_trained_models_threshold_and_evaluation_cohorts,0.086949544475327697
CodeBERT_partial_s2028,fusion_ROC_AUC,same_period,ROC_AUC,0.99589213726095649,2.5301229599270254e-05,0.99588410021956963,0.99588410021956963,0.99598405711899018,0.99588410021956963,0.99598405711899018,200,calibration_resampling_fixed_trained_models_threshold_and_evaluation_cohorts,0.99588410021956963
CodeBERT_partial_s2028,fusion_ROC_AUC,same_period,deployed_per_format_FPR_0.001,0.0014302442288390766,0.00012980224644416191,0.0014720642355302777,0.0010036801605888257,0.0014720642355302777,0.0010036801605888257,0.0014720642355302777,200,calibration_resampling_fixed_trained_models_threshold_and_evaluation_cohorts,0.0014720642355302777
CodeBERT_partial_s2028,fusion_ROC_AUC,same_period,deployed_per_format_FPR_0.005,0.0051686182669789223,5.174184362409945e-05,0.0051522248243559719,0.0051522248243559719,0.0053529608564737369,0.0051522248243559719,0.0053529608564737369,200,calibration_resampling_fixed_trained_models_threshold_and_evaluation_cohorts,0.0051522248243559719
CodeBERT_partial_s2028,fusion_ROC_AUC,same_period,deployed_per_format_FPR_0.01,0.010107728337236534,1.5930598501294723e-05,0.010103713616594179,0.010103713616594179,0.0101706256273001,0.010103713616594179,0.0101706256273001,200,calibration_resampling_fixed_trained_models_threshold_and_evaluation_cohorts,0.010103713616594179
CodeBERT_partial_s2028,fusion_ROC_AUC,same_period,deployed_per_format_FPR_0.05,0.051804951488792245,0.00030054780230281177,0.051722984275677487,0.051722984275677487,0.053261960521913683,0.051722984275677487,0.053261960521913683,200,calibration_resampling_fixed_trained_models_threshold_and_evaluation_cohorts,0.051722984275677487
CodeBERT_partial_s2028,fusion_ROC_AUC,same_period,deployed_per_format_TPR_0.001,0.8071999335768848,0.0018205326625705921,0.80777150448356028,0.80026569246097645,0.80777150448356028,0.80026569246097645,0.80777150448356028,200,calibration_resampling_fixed_trained_models_threshold_and_evaluation_cohorts,0.80777150448356028
CodeBERT_partial_s2028,fusion_ROC_AUC,same_period,deployed_per_format_TPR_0.005,0.91260411823314513,0.000439290709354836,0.91252075722351378,0.91205579541680504,0.91464629691132515,0.91205579541680504,0.91464629691132515,200,calibration_resampling_fixed_trained_models_threshold_and_evaluation_cohorts,0.91252075722351378
CodeBERT_partial_s2028,fusion_ROC_AUC,same_period,deployed_per_format_TPR_0.01,0.94499667884423777,0.00019730563994711496,0.94493523746263697,0.94493523746263697,0.94586516107605445,0.94493523746263697,0.94559946861507804,200,calibration_resampling_fixed_trained_models_threshold_and_evaluation_cohorts,0.94493523746263697
CodeBERT_partial_s2028,fusion_ROC_AUC,same_period,deployed_per_format_TPR_0.05,0.98251411491198937,0.00015838716344244381,0.98246429757555631,0.98246429757555631,0.98312852872799739,0.98246429757555631,0.98312852872799739,200,calibration_resampling_fixed_trained_models_threshold_and_evaluation_cohorts,0.98246429757555631
CodeBERT_partial_s2028,fusion_ROC_AUC,same_period,deployed_pooled_FPR_0.001,0.0013606557377049181,0.00013768184354453195,0.001405152224824356,0.00093676814988290398,0.001405152224824356,0.00093676814988290398,0.001405152224824356,200,calibration_resampling_fixed_trained_models_threshold_and_evaluation_cohorts,0.001405152224824356
CodeBERT_partial_s2028,fusion_ROC_AUC,same_period,deployed_pooled_FPR_0.005,0.0053358982937437268,0.00011284539465628981,0.0053529608564737369,0.0047507527601204419,0.0054198728671796589,0.0047507527601204419,0.0054198728671796589,200,calibration_resampling_fixed_trained_models_threshold_and_evaluation_cohorts,0.0053529608564737369
CodeBERT_partial_s2028,fusion_ROC_AUC,same_period,deployed_pooled_FPR_0.01,0.010364001338240215,3.0585795813836521e-05,0.010371361659417865,0.010237537638006023,0.010371361659417865,0.010237537638006023,0.010371361659417865,200,calibration_resampling_fixed_trained_models_threshold_and_evaluation_cohorts,0.010371361659417865
CodeBERT_partial_s2028,fusion_ROC_AUC,same_period,deployed_pooled_FPR_0.05,0.052197390431582474,2.6143963419083745e-05,0.052191368350618939,0.052191368350618939,0.052325192372030781,0.052191368350618939,0.052325192372030781,200,calibration_resampling_fixed_trained_models_threshold_and_evaluation_cohorts,0.052191368350618939
CodeBERT_partial_s2028,fusion_ROC_AUC,same_period,deployed_pooled_TPR_0.001,0.79900929923613417,0.00046929405465998979,0.79887080704085023,0.79887080704085023,0.8009963467286616,0.79887080704085023,0.8009963467286616,200,calibration_resampling_fixed_trained_models_threshold_and_evaluation_cohorts,0.79887080704085023
CodeBERT_partial_s2028,fusion_ROC_AUC,same_period,deployed_pooled_TPR_0.005,0.91397409498505477,0.0016682380576184431,0.91431418133510467,0.90528063766190636,0.91471272002656923,0.90528063766190636,0.91431418133510467,200,calibration_resampling_fixed_trained_models_threshold_and_evaluation_cohorts,0.91431418133510467
CodeBERT_partial_s2028,fusion_ROC_AUC,same_period,deployed_pooled_TPR_0.01,0.94397575556293589,0.00014042358093031203,0.94393889073397541,0.94393889073397541,0.94460312188641649,0.94393889073397541,0.94460312188641649,200,calibration_resampling_fixed_trained_models_threshold_and_evaluation_cohorts,0.94393889073397541
CodeBERT_partial_s2028,fusion_ROC_AUC,same_period,deployed_pooled_TPR_0.05,0.98289903686482905,9.3888663958695647e-05,0.98292925938226505,0.98259714380604446,0.98292925938226505,0.98259714380604446,0.98292925938226505,200,calibration_resampling_fixed_trained_models_threshold_and_evaluation_cohorts,0.98292925938226505
CodeBERT_partial_s2028,fusion_ROC_AUC,test,AP,0.99594430581281501,9.7376121044451196e-06,0.99594655259609399,0.9958947974403114,0.99594655259609399,0.9958947974403114,0.99594655259609399,200,calibration_resampling_fixed_trained_models_threshold_and_evaluation_cohorts,0.99594655259609399
CodeBERT_partial_s2028,fusion_ROC_AUC,test,Accuracy,0.96841350000000004,4.2937569107618438e-05,0.96840000000000004,0.96840000000000004,0.96856666666666669,0.96840000000000004,0.96856666666666669,200,calibration_resampling_fixed_trained_models_threshold_and_evaluation_cohorts,0.96840000000000004
CodeBERT_partial_s2028,fusion_ROC_AUC,test,Brier,0.024525751958802338,8.3609619974425983e-05,0.024551240025592905,0.024171363061192212,0.024551240025592905,0.024171363061192212,0.024551240025592905,200,calibration_resampling_fixed_trained_models_threshold_and_evaluation_cohorts,0.024551240025592905
CodeBERT_partial_s2028,fusion_ROC_AUC,test,ECE,0.015231548407192137,0.00041957540114364531,0.015355826404235631,0.013354931497448845,0.015355826404235631,0.013354931497448845,0.015355826404235631,200,calibration_resampling_fixed_trained_models_threshold_and_evaluation_cohorts,0.015355826404235631
CodeBERT_partial_s2028,fusion_ROC_AUC,test,F1,0.96840936624605534,4.3404714451104546e-05,0.96839578610481403,0.96839578610481403,0.96856561885396175,0.96839578610481403,0.96856561885396175,200,calibration_resampling_fixed_trained_models_threshold_and_evaluation_cohorts,0.96839578610481403
CodeBERT_partial_s2028,fusion_ROC_AUC,test,LogLoss,0.094715299659827876,0.001083705711450111,0.095059589184649143,0.090653713163053054,0.095059589184649143,0.090653713163053054,0.095059589184649143,200,calibration_resampling_fixed_trained_models_threshold_and_evaluation_cohorts,0.095059589184649143
CodeBERT_partial_s2028,fusion_ROC_AUC,test,ROC_AUC,0.99566822176994219,8.5683523770047099e-06,0.99566611417481066,0.99566517193489523,0.99570480823473229,0.99566517193489523,0.99570480823473229,200,calibration_resampling_fixed_trained_models_threshold_and_evaluation_cohorts,0.99566611417481066
CodeBERT_partial_s2028,fusion_ROC_AUC,test,deployed_per_format_FPR_0.001,0.0014981586876464681,7.9829887700899751e-05,0.0014730498828255775,0.0014730498828255775,0.0018078339471041178,0.0014730498828255775,0.0018078339471041178,200,calibration_resampling_fixed_trained_models_threshold_and_evaluation_cohorts,0.0014730498828255775
CodeBERT_partial_s2028,fusion_ROC_AUC,test,deployed_per_format_FPR_0.005,0.0061144961499832607,6.7044237044716555e-05,0.0060930699698694343,0.0060930699698694343,0.0063608972212922665,0.0060930699698694343,0.0063608972212922665,200,calibration_resampling_fixed_trained_models_threshold_and_evaluation_cohorts,0.0060930699698694343
CodeBERT_partial_s2028,fusion_ROC_AUC,test,deployed_per_format_FPR_0.01,0.011869768998995649,0.00016400144096036186,0.011918312688316036,0.011181787746903248,0.011918312688316036,0.011181787746903248,0.011918312688316036,200,calibration_resampling_fixed_trained_models_threshold_and_evaluation_cohorts,0.011918312688316036
CodeBERT_partial_s2028,fusion_ROC_AUC,test,deployed_per_format_FPR_0.05,0.051609641781051228,4.6306407053261466e-05,0.051623702711750923,0.051422832273183797,0.051623702711750923,0.051422832273183797,0.051623702711750923,200,calibration_resampling_fixed_trained_models_threshold_and_evaluation_cohorts,0.051623702711750923
CodeBERT_partial_s2028,fusion_ROC_AUC,test,deployed_per_format_TPR_0.001,0.79895386657816136,0.0028491949317129869,0.79986724195154335,0.78918021905077995,0.79986724195154335,0.78918021905077995,0.79986724195154335,200,calibration_resampling_fixed_trained_models_threshold_and_evaluation_cohorts,0.79986724195154335
CodeBERT_partial_s2028,fusion_ROC_AUC,test,deployed_per_format_TPR_0.005,0.90406571523398616,0.00048854394409207126,0.90394955194158644,0.90381679389312974,0.90620643876535012,0.90381679389312974,0.90620643876535012,200,calibration_resampling_fixed_trained_models_threshold_and_evaluation_cohorts,0.90394955194158644
CodeBERT_partial_s2028,fusion_ROC_AUC,test,deployed_per_format_TPR_0.01,0.93612811151676067,0.00014529359001594862,0.93614337869233322,0.93547958845004975,0.93647527381347495,0.93547958845004975,0.93647527381347495,200,calibration_resampling_fixed_trained_models_threshold_and_evaluation_cohorts,0.93614337869233322
CodeBERT_partial_s2028,fusion_ROC_AUC,test,deployed_per_format_TPR_0.05,0.98125987387985403,0.00014049791230343072,0.98121473614337873,0.98121473614337873,0.98174576833720539,0.98121473614337873,0.98174576833720539,200,calibration_resampling_fixed_trained_models_threshold_and_evaluation_cohorts,0.98121473614337873
CodeBERT_partial_s2028,fusion_ROC_AUC,test,deployed_pooled_FPR_0.001,0.0016283896886508204,6.7044237044716569e-05,0.0016069635085369936,0.0016069635085369936,0.0018747907599598258,0.0016069635085369936,0.0018747907599598258,200,calibration_resampling_fixed_trained_models_threshold_and_evaluation_cohorts,0.0016069635085369936
CodeBERT_partial_s2028,fusion_ROC_AUC,test,deployed_pooled_FPR_0.005,0.0061878138600602621,0.00012217411526522096,0.0062269835955808504,0.0057582859055908941,0.0062269835955808504,0.0057582859055908941,0.0062269835955808504,200,calibration_resampling_fixed_trained_models_threshold_and_evaluation_cohorts,0.0062269835955808504
CodeBERT_partial_s2028,fusion_ROC_AUC,test,deployed_pooled_FPR_0.01,0.012428188818212253,9.2690016033865962e-05,0.012453967191161701,0.011985269501171745,0.012453967191161701,0.011985269501171745,0.012453967191161701,200,calibration_resampling_fixed_trained_models_threshold_and_evaluation_cohorts,0.012453967191161701
CodeBERT_partial_s2028,fusion_ROC_AUC,test,deployed_pooled_FPR_0.05,0.051298292601272187,0.00020927883115385041,0.05135587546032809,0.050284566454636762,0.05135587546032809,0.050284566454636762,0.05135587546032809,200,calibration_resampling_fixed_trained_models_threshold_and_evaluation_cohorts,0.05135587546032809
CodeBERT_partial_s2028,fusion_ROC_AUC,test,deployed_pooled_TPR_0.001,0.79169100564221706,0.00092501820326106098,0.79196813806837041,0.78765350149352809,0.79196813806837041,0.78765350149352809,0.79196813806837041,200,calibration_resampling_fixed_trained_models_threshold_and_evaluation_cohorts,0.79196813806837041
CodeBERT_partial_s2028,fusion_ROC_AUC,test,deployed_pooled_TPR_0.005,0.90503418519747769,0.0020145237160669387,0.90547626949883842,0.89459010952538998,0.90547626949883842,0.89459010952538998,0.90547626949883842,200,calibration_resampling_fixed_trained_models_threshold_and_evaluation_cohorts,0.90547626949883842
CodeBERT_partial_s2028,fusion_ROC_AUC,test,deployed_pooled_TPR_0.01,0.9346959840690342,0.00020892535614009075,0.9346830401593097,0.93395287089279788,0.9354132094258214,0.93395287089279788,0.93528045137736471,200,calibration_resampling_fixed_trained_models_threshold_and_evaluation_cohorts,0.9346830401593097
CodeBERT_partial_s2028,fusion_ROC_AUC,test,deployed_pooled_TPR_0.05,0.9813597743113176,4.4180212524506525e-05,0.98134749419183542,0.98134749419183542,0.98154663126452046,0.98134749419183542,0.98154663126452046,200,calibration_resampling_fixed_trained_models_threshold_and_evaluation_cohorts,0.98134749419183542
CodeBERT_partial_s2028,fusion_TPR_0.001,same_period,AP,0.99562715749268493,0.001476806644480284,0.99626743608029567,0.99160303396090343,0.9963713640572387,0.99160303396090343,0.9963713640572387,200,calibration_resampling_fixed_trained_models_threshold_and_evaluation_cohorts,0.99637100444550364
CodeBERT_partial_s2028,fusion_TPR_0.001,same_period,Accuracy,0.96661516666666669,0.012204642917272726,0.97250000000000003,0.93973333333333331,0.97256666666666669,0.93973333333333331,0.97256666666666669,200,calibration_resampling_fixed_trained_models_threshold_and_evaluation_cohorts,0.97256666666666669
CodeBERT_partial_s2028,fusion_TPR_0.001,same_period,Brier,0.025911669286147476,0.0089661643646813515,0.022042397235661104,0.021581570567736286,0.051293335491710633,0.021581570567736286,0.051293335491710633,200,calibration_resampling_fixed_trained_models_threshold_and_evaluation_cohorts,0.021958833562749479
CodeBERT_partial_s2028,fusion_TPR_0.001,same_period,ECE,0.016609163830713501,0.011527254288281165,0.01205036437630656,0.0081689082103186903,0.047621926280215374,0.0081689082103186903,0.047621926280215374,200,calibration_resampling_fixed_trained_models_threshold_and_evaluation_cohorts,0.011787347054994558
CodeBERT_partial_s2028,fusion_TPR_0.001,same_period,F1,0.96666543756302525,0.012104499668605164,0.97250091663611216,0.94001725167540306,0.97256940972569406,0.94001725167540306,0.97256940972569406,200,calibration_resampling_fixed_trained_models_threshold_and_evaluation_cohorts,0.97256940972569406
CodeBERT_partial_s2028,fusion_TPR_0.001,same_period,LogLoss,0.096926135432470487,0.028735607528321352,0.08601041118420738,0.082055526634661452,0.18529213547371889,0.082055526634661452,0.18529213547371889,200,calibration_resampling_fixed_trained_models_threshold_and_evaluation_cohorts,0.084786203598806092
CodeBERT_partial_s2028,fusion_TPR_0.001,same_period,ROC_AUC,0.99517722184931601,0.0016061581176608536,0.99588410021956963,0.9907994185255159,0.99598928385592733,0.9907994185255159,0.99598928385592733,200,calibration_resampling_fixed_trained_models_threshold_and_evaluation_cohorts,0.99598928385592733
CodeBERT_partial_s2028,fusion_TPR_0.001,same_period,deployed_per_format_FPR_0.001,0.0011873536299765808,0.00019499355281898348,0.0010705921712947475,0.0010036801605888257,0.0014720642355302777,0.0010036801605888257,0.0014720642355302777,200,calibration_resampling_fixed_trained_models_threshold_and_evaluation_cohorts,0.0010705921712947475
CodeBERT_partial_s2028,fusion_TPR_0.001,same_period,deployed_per_format_FPR_0.005,0.0050889929742388759,0.0002864239954353366,0.0051522248243559719,0.0042823686851789899,0.0054867848778855808,0.004349280695884911,0.0053529608564737369,200,calibration_resampling_fixed_trained_models_threshold_and_evaluation_cohorts,0.0050853128136500499
CodeBERT_partial_s2028,fusion_TPR_0.001,same_period,deployed_per_format_FPR_0.01,0.010301438608230178,0.00034644019087456658,0.010103713616594179,0.010103713616594179,0.011575777852124457,0.010103713616594179,0.011175978588156575,200,calibration_resampling_fixed_trained_models_threshold_and_evaluation_cohorts,0.010103713616594179
CodeBERT_partial_s2028,fusion_TPR_0.001,same_period,deployed_per_format_FPR_0.05,0.05202542656406825,0.00055922128457349459,0.052124456339913014,0.05092004014720642,0.053730344596855134,0.05092004014720642,0.053261960521913683,200,calibration_resampling_fixed_trained_models_threshold_and_evaluation_cohorts,0.052124456339913014
CodeBERT_partial_s2028,fusion_TPR_0.001,same_period,deployed_per_format_TPR_0.001,0.79996811690468272,0.010128903636477057,0.80225838591829957,0.77070740617734967,0.80810362005978076,0.77070740617734967,0.80810362005978076,200,calibration_resampling_fixed_trained_models_threshold_and_evaluation_cohorts,0.7972102291597476
CodeBERT_partial_s2028,fusion_TPR_0.001,same_period,deployed_per_format_TPR_0.005,0.90518432414480243,0.014772249634306343,0.91252075722351378,0.86502822982397876,0.91464629691132515,0.86502822982397876,0.91464629691132515,200,calibration_resampling_fixed_trained_models_threshold_and_evaluation_cohorts,0.91291929591497845
CodeBERT_partial_s2028,fusion_TPR_0.001,same_period,deployed_per_format_TPR_0.01,0.93719129857190298,0.016145295382970371,0.94493523746263697,0.89372301560943213,0.94586516107605445,0.89372301560943213,0.94586516107605445,200,calibration_resampling_fixed_trained_models_threshold_and_evaluation_cohorts,0.94540019926934571
CodeBERT_partial_s2028,fusion_TPR_0.001,same_period,deployed_per_format_TPR_0.05,0.97386549319163063,0.018551941481256631,0.98246429757555631,0.92985719030222513,0.98332779807372961,0.92985719030222513,0.98332779807372961,200,calibration_resampling_fixed_trained_models_threshold_and_evaluation_cohorts,0.98266356692128864
CodeBERT_partial_s2028,fusion_TPR_0.001,same_period,deployed_pooled_FPR_0.001,0.001143526262964202,0.00019374255820726508,0.0010705921712947475,0.00093676814988290398,0.001405152224824356,0.00093676814988290398,0.001405152224824356,200,calibration_resampling_fixed_trained_models_threshold_and_evaluation_cohorts,0.0010036801605888257
CodeBERT_partial_s2028,fusion_TPR_0.001,same_period,deployed_pooled_FPR_0.005,0.0051020408163265311,0.00043729471791779153,0.0053529608564737369,0.0042154566744730679,0.0055536968885915019,0.0042154566744730679,0.0055536968885915019,200,calibration_resampling_fixed_trained_models_threshold_and_evaluation_cohorts,0.0055536968885915019
CodeBERT_partial_s2028,fusion_TPR_0.001,same_period,deployed_pooled_FPR_0.01,0.010287052525928405,0.00014577193722973853,0.010304449648711944,0.0095015055202408837,0.010839745734359318,0.0099029775844764138,0.010371361659417865,200,calibration_resampling_fixed_trained_models_threshold_and_evaluation_cohorts,0.010304449648711944
CodeBERT_partial_s2028,fusion_TPR_0.001,same_period,deployed_pooled_FPR_0.05,0.051983941117430578,0.00071028735769769989,0.052191368350618939,0.050184008029441285,0.053328872532619608,0.050384744061559052,0.053328872532619608,200,calibration_resampling_fixed_trained_models_threshold_and_evaluation_cohorts,0.052191368350618939
CodeBERT_partial_s2028,fusion_TPR_0.001,same_period,deployed_pooled_TPR_0.001,0.79869611424775822,0.0071522382006108378,0.79960146130853538,0.77688475589505146,0.81129192959149787,0.77688475589505146,0.80843573563600135,200,calibration_resampling_fixed_trained_models_threshold_and_evaluation_cohorts,0.80298904018598471
CodeBERT_partial_s2028,fusion_TPR_0.001,same_period,deployed_pooled_TPR_0.005,0.90442178678180019,0.015202418165357034,0.91351710395217534,0.86582530720690798,0.91471272002656923,0.86582530720690798,0.91471272002656923,200,calibration_resampling_fixed_trained_models_threshold_and_evaluation_cohorts,0.91384921952839593
CodeBERT_partial_s2028,fusion_TPR_0.001,same_period,deployed_pooled_TPR_0.01,0.93677881102623717,0.01552685809778811,0.94393889073397541,0.89505147791431416,0.94460312188641649,0.89505147791431416,0.94460312188641649,200,calibration_resampling_fixed_trained_models_threshold_and_evaluation_cohorts,0.94427100631019589
CodeBERT_partial_s2028,fusion_TPR_0.001,same_period,deployed_pooled_TPR_0.05,0.97356393224842253,0.019332698041451622,0.98286283626702098,0.92846230488209902,0.98326137495848553,0.92846230488209902,0.98326137495848553,200,calibration_resampling_fixed_trained_models_threshold_and_evaluation_cohorts,0.98286283626702098
CodeBERT_partial_s2028,fusion_TPR_0.001,test,AP,0.99519548859503315,0.0015571113174578765,0.99594384761834498,0.99096531868031712,0.99595864452017913,0.99096531868031712,0.99595864452017913,200,calibration_resampling_fixed_trained_models_threshold_and_evaluation_cohorts,0.99595864452017913
CodeBERT_partial_s2028,fusion_TPR_0.001,test,Accuracy,0.96278333333333332,0.011854067050565706,0.96840000000000004,0.93713333333333337,0.96873333333333334,0.93713333333333337,0.96873333333333334,200,calibration_resampling_fixed_trained_models_threshold_and_evaluation_cohorts,0.96856666666666669
CodeBERT_partial_s2028,fusion_TPR_0.001,test,Brier,0.028451106588207015,0.0091042883665507484,0.024551240025592905,0.024007571934752912,0.054284255993377259,0.024007571934752912,0.054284255993377259,200,calibration_resampling_fixed_trained_models_threshold_and_evaluation_cohorts,0.024457977765675855
CodeBERT_partial_s2028,fusion_TPR_0.001,test,ECE,0.019790710011206018,0.011790852253374347,0.015135449776662291,0.011324178011478045,0.051526737321382646,0.011324178011478045,0.051526737321382646,200,calibration_resampling_fixed_trained_models_threshold_and_evaluation_cohorts,0.01491507314908895
CodeBERT_partial_s2028,fusion_TPR_0.001,test,F1,0.96270592904112595,0.012004361519912901,0.96839578610481403,0.93672414950010063,0.96872082166199813,0.93672414950010063,0.96872082166199813,200,calibration_resampling_fixed_trained_models_threshold_and_evaluation_cohorts,0.96856352301896853
CodeBERT_partial_s2028,fusion_TPR_0.001,test,LogLoss,0.10548106333463031,0.029879928047573681,0.094055537393574723,0.089980302453973884,0.19766299977818377,0.089980302453973884,0.19766299977818377,200,calibration_resampling_fixed_trained_models_threshold_and_evaluation_cohorts,0.093051485602500303
CodeBERT_partial_s2028,fusion_TPR_0.001,test,ROC_AUC,0.99493537609761784,0.0015728720344569027,0.99566611417481066,0.99065534452813608,0.99571106613001947,0.99065534452813608,0.99571106613001947,200,calibration_resampling_fixed_trained_models_threshold_and_evaluation_cohorts,0.99571106613001947
CodeBERT_partial_s2028,fusion_TPR_0.001,test,deployed_per_format_FPR_0.001,0.0017315031804486106,0.0002517888270302465,0.0016739203213927017,0.0014730498828255775,0.0024104452628054903,0.0014730498828255775,0.0022095748242383661,200,calibration_resampling_fixed_trained_models_threshold_and_evaluation_cohorts,0.0016069635085369936
CodeBERT_partial_s2028,fusion_TPR_0.001,test,deployed_per_format_FPR_0.005,0.0062042182792099096,0.00014023147633332038,0.0061600267827251424,0.0060261131570137263,0.0064278540341479746,0.0060261131570137263,0.0064278540341479746,200,calibration_resampling_fixed_trained_models_threshold_and_evaluation_cohorts,0.0060261131570137263
CodeBERT_partial_s2028,fusion_TPR_0.001,test,deployed_per_format_FPR_0.01,0.011497489119517913,0.00044517368357276755,0.011650485436893204,0.010445262805490459,0.011918312688316036,0.010646133244057584,0.011918312688316036,200,calibration_resampling_fixed_trained_models_threshold_and_evaluation_cohorts,0.011851355875460328
CodeBERT_partial_s2028,fusion_TPR_0.001,test,deployed_per_format_FPR_0.05,0.050324740542350185,0.0021369642252685958,0.051422832273183797,0.045664546367592901,0.051623702711750923,0.045664546367592901,0.051623702711750923,200,calibration_resampling_fixed_trained_models_threshold_and_evaluation_cohorts,0.05135587546032809
CodeBERT_partial_s2028,fusion_TPR_0.001,test,deployed_per_format_TPR_0.001,0.78523133089943586,0.019573235428883895,0.78944573514769334,0.72758048456687685,0.79986724195154335,0.72758048456687685,0.79986724195154335,200,calibration_resampling_fixed_trained_models_threshold_and_evaluation_cohorts,0.78546299369399275
CodeBERT_partial_s2028,fusion_TPR_0.001,test,deployed_per_format_TPR_0.005,0.89440756720876213,0.018411283115310907,0.90394955194158644,0.84639893793561238,0.90620643876535012,0.84639893793561238,0.90620643876535012,200,calibration_resampling_fixed_trained_models_threshold_and_evaluation_cohorts,0.90394955194158644
CodeBERT_partial_s2028,fusion_TPR_0.001,test,deployed_per_format_TPR_0.01,0.92669897112512445,0.018955958147684412,0.93614337869233322,0.87660139395950876,0.9365416528377033,0.87660139395950876,0.9365416528377033,200,calibration_resampling_fixed_trained_models_threshold_and_evaluation_cohorts,0.9365416528377033
CodeBERT_partial_s2028,fusion_TPR_0.001,test,deployed_per_format_TPR_0.05,0.97005343511450381,0.023846317591320897,0.98121473614337873,0.91370726850315298,0.98174576833720539,0.91370726850315298,0.98174576833720539,200,calibration_resampling_fixed_trained_models_threshold_and_evaluation_cohorts,0.98154663126452046
CodeBERT_partial_s2028,fusion_TPR_0.001,test,deployed_pooled_FPR_0.001,0.001868095078674255,0.00025849598871918532,0.0018078339471041178,0.0016069635085369936,0.0026113157013726148,0.0016069635085369936,0.0024121191831268833,200,calibration_resampling_fixed_trained_models_threshold_and_evaluation_cohorts,0.0018078339471041178
CodeBERT_partial_s2028,fusion_TPR_0.001,test,deployed_pooled_FPR_0.005,0.0060679611650485445,0.00025983793090606129,0.0060261131570137263,0.005624372279879478,0.0068295949112822229,0.005624372279879478,0.0065617676598593907,200,calibration_resampling_fixed_trained_models_threshold_and_evaluation_cohorts,0.0060261131570137263
CodeBERT_partial_s2028,fusion_TPR_0.001,test,deployed_pooled_FPR_0.01,0.012053565450284567,0.00056120376756088326,0.012320053565450285,0.010847003682624708,0.012520924004017409,0.010847003682624708,0.012520924004017409,200,calibration_resampling_fixed_trained_models_threshold_and_evaluation_cohorts,0.012520924004017409
CodeBERT_partial_s2028,fusion_TPR_0.001,test,deployed_pooled_FPR_0.05,0.049870103783059921,0.0021081087511245229,0.050954134583193839,0.045128891864747236,0.05135587546032809,0.045329762303314362,0.05135587546032809,200,calibration_resampling_fixed_trained_models_threshold_and_evaluation_cohorts,0.050954134583193839
CodeBERT_partial_s2028,fusion_TPR_0.001,test,deployed_pooled_TPR_0.001,0.7841095253899768,0.016680855837303062,0.79163624294722867,0.73269166943245934,0.79541984732824422,0.73269166943245934,0.79349485562562228,200,calibration_resampling_fixed_trained_models_threshold_and_evaluation_cohorts,0.79163624294722867
CodeBERT_partial_s2028,fusion_TPR_0.001,test,deployed_pooled_TPR_0.005,0.89261433786923339,0.019321685581044995,0.90401593096581478,0.84434118818453374,0.90547626949883842,0.84434118818453374,0.90547626949883842,200,calibration_resampling_fixed_trained_models_threshold_and_evaluation_cohorts,0.90448058413541321
CodeBERT_partial_s2028,fusion_TPR_0.001,test,deployed_pooled_TPR_0.01,0.9259863923000331,0.018284834338510997,0.9346830401593097,0.87759707932293396,0.9354132094258214,0.87759707932293396,0.9354132094258214,200,calibration_resampling_fixed_trained_models_threshold_and_evaluation_cohorts,0.93494855625622308
CodeBERT_partial_s2028,fusion_TPR_0.001,test,deployed_pooled_TPR_0.05,0.96968901427149023,0.024290384501072602,0.98134749419183542,0.91476933289080653,0.98154663126452046,0.91476933289080653,0.98154663126452046,200,calibration_resampling_fixed_trained_models_threshold_and_evaluation_cohorts,0.98121473614337873
CodeBERT_partial_s2028,fusion_TPR_0.005,same_period,AP,0.99630972277393415,0.00015631076206690421,0.99634834762310232,0.99422430840549758,0.9963713640572387,0.99626743608029567,0.9963713640572387,200,calibration_resampling_fixed_trained_models_threshold_and_evaluation_cohorts,0.99626743608029567
CodeBERT_partial_s2028,fusion_TPR_0.005,same_period,Accuracy,0.97238049999999998,0.0018514221901517925,0.97250000000000003,0.94633333333333336,0.97256666666666669,0.97240000000000004,0.97256666666666669,200,calibration_resampling_fixed_trained_models_threshold_and_evaluation_cohorts,0.97250000000000003
CodeBERT_partial_s2028,fusion_TPR_0.005,same_period,Brier,0.021992485467127967,0.00056535349693021095,0.021958833562749479,0.021707869995812208,0.029815127244836832,0.021707869995812208,0.022042397235661104,200,calibration_resampling_fixed_trained_models_threshold_and_evaluation_cohorts,0.022042397235661104
CodeBERT_partial_s2028,fusion_TPR_0.005,same_period,ECE,0.011779852379884173,0.00096960726644343485,0.011787347054994558,0.010037469362414965,0.021468801562817805,0.010037469362414965,0.012313381697618562,200,calibration_resampling_fixed_trained_models_threshold_and_evaluation_cohorts,0.012313381697618562
CodeBERT_partial_s2028,fusion_TPR_0.005,same_period,F1,0.97238345919073954,0.001839721408013028,0.97250091663611216,0.94650096364723868,0.97256940972569406,0.97240551889622073,0.97256940972569406,200,calibration_resampling_fixed_trained_models_threshold_and_evaluation_cohorts,0.97250091663611216
CodeBERT_partial_s2028,fusion_TPR_0.005,same_period,LogLoss,0.085424820433990106,0.0020264402422090202,0.084786203598806092,0.082565141828028266,0.10268325913895571,0.082565141828028266,0.086949544475327697,200,calibration_resampling_fixed_trained_models_threshold_and_evaluation_cohorts,0.086949544475327697
CodeBERT_partial_s2028,fusion_TPR_0.005,same_period,ROC_AUC,0.99592316272252102,0.00016814185926549485,0.99595010110691484,0.99365606582044042,0.99598928385592733,0.99588410021956963,0.99598928385592733,200,calibration_resampling_fixed_trained_models_threshold_and_evaluation_cohorts,0.99588410021956963
CodeBERT_partial_s2028,fusion_TPR_0.005,same_period,deployed_per_format_FPR_0.001,0.0012445633991301438,0.00021392080131044038,0.0010705921712947475,0.0010036801605888257,0.0014720642355302777,0.0010036801605888257,0.0014720642355302777,200,calibration_resampling_fixed_trained_models_threshold_and_evaluation_cohorts,0.0014720642355302777
CodeBERT_partial_s2028,fusion_TPR_0.005,same_period,deployed_per_format_FPR_0.005,0.005190699230511877,0.00011313213072338349,0.0051522248243559719,0.004349280695884911,0.0053529608564737369,0.0050853128136500499,0.0053529608564737369,200,calibration_resampling_fixed_trained_models_threshold_and_evaluation_cohorts,0.0051522248243559719
CodeBERT_partial_s2028,fusion_TPR_0.005,same_period,deployed_per_format_FPR_0.01,0.010134493141518904,6.9010862591386237e-05,0.010103713616594179,0.010103713616594179,0.010772833723653397,0.010103713616594179,0.010304449648711944,200,calibration_resampling_fixed_trained_models_threshold_and_evaluation_cohorts,0.010103713616594179
CodeBERT_partial_s2028,fusion_TPR_0.005,same_period,deployed_per_format_FPR_0.05,0.052019069923051192,0.00036182373828086618,0.052057544329207089,0.051656072264971563,0.053261960521913683,0.051722984275677487,0.053261960521913683,200,calibration_resampling_fixed_trained_models_threshold_and_evaluation_cohorts,0.051722984275677487
CodeBERT_partial_s2028,fusion_TPR_0.005,same_period,deployed_per_format_TPR_0.001,0.80379973430753904,0.0042570483499542802,0.80438392560611094,0.7972102291597476,0.80777150448356028,0.7972102291597476,0.80777150448356028,200,calibration_resampling_fixed_trained_models_threshold_and_evaluation_cohorts,0.80777150448356028
CodeBERT_partial_s2028,fusion_TPR_0.005,same_period,deployed_per_format_TPR_0.005,0.91285353703088679,0.0017276811409002286,0.91252075722351378,0.89073397542344734,0.91464629691132515,0.91205579541680504,0.91464629691132515,200,calibration_resampling_fixed_trained_models_threshold_and_evaluation_cohorts,0.91252075722351378
CodeBERT_partial_s2028,fusion_TPR_0.005,same_period,deployed_per_format_TPR_0.01,0.94514978412487538,0.0018516360024122098,0.94540019926934571,0.91956160743938886,0.94586516107605445,0.94493523746263697,0.94586516107605445,200,calibration_resampling_fixed_trained_models_threshold_and_evaluation_cohorts,0.94493523746263697
CodeBERT_partial_s2028,fusion_TPR_0.005,same_period,deployed_per_format_TPR_0.05,0.98251776818332781,0.0022159669964218242,0.98266356692128864,0.95151112587180342,0.98312852872799739,0.98246429757555631,0.98312852872799739,200,calibration_resampling_fixed_trained_models_threshold_and_evaluation_cohorts,0.98246429757555631
CodeBERT_partial_s2028,fusion_TPR_0.005,same_period,deployed_pooled_FPR_0.001,0.0011696219471395116,0.0002220699997609612,0.0010036801605888257,0.00093676814988290398,0.001405152224824356,0.00093676814988290398,0.001405152224824356,200,calibration_resampling_fixed_trained_models_threshold_and_evaluation_cohorts,0.001405152224824356
CodeBERT_partial_s2028,fusion_TPR_0.005,same_period,deployed_pooled_FPR_0.005,0.0053676814988290397,0.00017494361000767967,0.0053529608564737369,0.0044161927065908329,0.0055536968885915019,0.0047507527601204419,0.0055536968885915019,200,calibration_resampling_fixed_trained_models_threshold_and_evaluation_cohorts,0.0053529608564737369
CodeBERT_partial_s2028,fusion_TPR_0.005,same_period,deployed_pooled_FPR_0.01,0.01032385413181666,7.3049386817630252e-05,0.010371361659417865,0.010103713616594179,0.010371361659417865,0.010103713616594179,0.010371361659417865,200,calibration_resampling_fixed_trained_models_threshold_and_evaluation_cohorts,0.010371361659417865
CodeBERT_partial_s2028,fusion_TPR_0.005,same_period,deployed_pooled_FPR_0.05,0.052223486115757778,0.00010752892450544975,0.052191368350618939,0.051589160254265638,0.052592840414854465,0.052191368350618939,0.052592840414854465,200,calibration_resampling_fixed_trained_models_threshold_and_evaluation_cohorts,0.052191368350618939
CodeBERT_partial_s2028,fusion_TPR_0.005,same_period,deployed_pooled_TPR_0.001,0.80022052474261041,0.0016609417998432615,0.7992693457323149,0.79887080704085023,0.80617734971770172,0.79887080704085023,0.80298904018598471,200,calibration_resampling_fixed_trained_models_threshold_and_evaluation_cohorts,0.79887080704085023
CodeBERT_partial_s2028,fusion_TPR_0.005,same_period,deployed_pooled_TPR_0.005,0.91360245765526404,0.002512998569471174,0.91431418133510467,0.88734639654599801,0.91471272002656923,0.90528063766190636,0.91471272002656923,200,calibration_resampling_fixed_trained_models_threshold_and_evaluation_cohorts,0.91431418133510467
CodeBERT_partial_s2028,fusion_TPR_0.005,same_period,deployed_pooled_TPR_0.01,0.94400000000000006,0.001908345121720587,0.94393889073397541,0.91736964463633341,0.94460312188641649,0.94387246761873134,0.94460312188641649,200,calibration_resampling_fixed_trained_models_threshold_and_evaluation_cohorts,0.94393889073397541
CodeBERT_partial_s2028,fusion_TPR_0.005,same_period,deployed_pooled_TPR_0.05,0.98262437728329455,0.0026773835174646256,0.98286283626702098,0.94500166057788115,0.98292925938226505,0.98259714380604446,0.98292925938226505,200,calibration_resampling_fixed_trained_models_threshold_and_evaluation_cohorts,0.98292925938226505
CodeBERT_partial_s2028,fusion_TPR_0.005,test,AP,0.99593159367781869,0.00016452809323955447,0.99594655259609399,0.9936255996060499,0.99595864452017913,0.9958947974403114,0.99595864452017913,200,calibration_resampling_fixed_trained_models_threshold_and_evaluation_cohorts,0.99594655259609399
CodeBERT_partial_s2028,fusion_TPR_0.005,test,Accuracy,0.96835133333333334,0.0017986651791196007,0.96843333333333337,0.94306666666666672,0.96856666666666669,0.96840000000000004,0.96856666666666669,200,calibration_resampling_fixed_trained_models_threshold_and_evaluation_cohorts,0.96840000000000004
CodeBERT_partial_s2028,fusion_TPR_0.005,test,Brier,0.024489954322463571,0.0005640656544388192,0.024457977765675855,0.024171363061192212,0.032257314505061689,0.024171363061192212,0.024551240025592905,200,calibration_resampling_fixed_trained_models_threshold_and_evaluation_cohorts,0.024551240025592905
CodeBERT_partial_s2028,fusion_TPR_0.005,test,ECE,0.014921807355479438,0.00087399300358924771,0.01491507314908895,0.013354931497448845,0.024128140833686005,0.013354931497448845,0.015355826404235631,200,calibration_resampling_fixed_trained_models_threshold_and_evaluation_cohorts,0.015355826404235631
CodeBERT_partial_s2028,fusion_TPR_0.005,test,F1,0.96834647696674669,0.0018205823173429731,0.9684301763509684,0.94275372033784688,0.96856561885396175,0.96839578610481403,0.96856561885396175,200,calibration_resampling_fixed_trained_models_threshold_and_evaluation_cohorts,0.96839578610481403
CodeBERT_partial_s2028,fusion_TPR_0.005,test,LogLoss,0.093588424168025236,0.0019992496768883742,0.093051485602500303,0.090653713163053054,0.1108056627553133,0.090653713163053054,0.095059589184649143,200,calibration_resampling_fixed_trained_models_threshold_and_evaluation_cohorts,0.095059589184649143
CodeBERT_partial_s2028,fusion_TPR_0.005,test,ROC_AUC,0.99567259640764361,0.0001652828783127397,0.99566611417481066,0.99336333315592273,0.99571106613001947,0.99566517193489523,0.99571106613001947,200,calibration_resampling_fixed_trained_models_threshold_and_evaluation_cohorts,0.99566611417481066
CodeBERT_partial_s2028,fusion_TPR_0.005,test,deployed_per_format_FPR_0.001,0.0015875460328088383,0.0001224158989851679,0.0016069635085369936,0.0014730498828255775,0.0020087043856712419,0.0014730498828255775,0.0018078339471041178,200,calibration_resampling_fixed_trained_models_threshold_and_evaluation_cohorts,0.0014730498828255775
CodeBERT_partial_s2028,fusion_TPR_0.005,test,deployed_per_format_FPR_0.005,0.0061406093069969869,0.00010647065363299356,0.0060930699698694343,0.0060261131570137263,0.0064278540341479746,0.0060261131570137263,0.0063608972212922665,200,calibration_resampling_fixed_trained_models_threshold_and_evaluation_cohorts,0.0060930699698694343
CodeBERT_partial_s2028,fusion_TPR_0.005,test,deployed_per_format_FPR_0.01,0.011743555406762638,0.0002492483518040073,0.011851355875460328,0.010780046869769,0.011918312688316036,0.011181787746903248,0.011918312688316036,200,calibration_resampling_fixed_trained_models_threshold_and_evaluation_cohorts,0.011918312688316036
CodeBERT_partial_s2028,fusion_TPR_0.005,test,deployed_per_format_FPR_0.05,0.051514228322731836,0.00036111523747788584,0.051623702711750923,0.04673585537328423,0.051757616337462335,0.05135587546032809,0.051757616337462335,200,calibration_resampling_fixed_trained_models_threshold_and_evaluation_cohorts,0.051623702711750923
CodeBERT_partial_s2028,fusion_TPR_0.005,test,deployed_per_format_TPR_0.001,0.79386624626617985,0.005981846195839277,0.79230003318951214,0.78347162296714234,0.79986724195154335,0.78546299369399275,0.79986724195154335,200,calibration_resampling_fixed_trained_models_threshold_and_evaluation_cohorts,0.79986724195154335
CodeBERT_partial_s2028,fusion_TPR_0.005,test,deployed_per_format_TPR_0.005,0.90424825755061411,0.0023170007127792176,0.90394955194158644,0.87387985396614665,0.90620643876535012,0.90381679389312974,0.90620643876535012,200,calibration_resampling_fixed_trained_models_threshold_and_evaluation_cohorts,0.90394955194158644
CodeBERT_partial_s2028,fusion_TPR_0.005,test,deployed_per_format_TPR_0.01,0.93602456023896452,0.0023541118782964771,0.93614337869233322,0.90315300365084639,0.9365416528377033,0.93547958845004975,0.9365416528377033,200,calibration_resampling_fixed_trained_models_threshold_and_evaluation_cohorts,0.93614337869233322
CodeBERT_partial_s2028,fusion_TPR_0.005,test,deployed_per_format_TPR_0.05,0.9812280119482244,0.002763157162803829,0.98154663126452046,0.94244938599402583,0.98174576833720539,0.98121473614337873,0.98174576833720539,200,calibration_resampling_fixed_trained_models_threshold_and_evaluation_cohorts,0.98121473614337873
CodeBERT_partial_s2028,fusion_TPR_0.005,test,deployed_pooled_FPR_0.001,0.0017234683629059255,0.00011650365545951215,0.0018078339471041178,0.0016069635085369936,0.0023434884499497822,0.0016069635085369936,0.0018747907599598258,200,calibration_resampling_fixed_trained_models_threshold_and_evaluation_cohorts,0.0016069635085369936
CodeBERT_partial_s2028,fusion_TPR_0.005,test,deployed_pooled_FPR_0.005,0.0060662872447271509,0.00016496875695760796,0.0060261131570137263,0.0057582859055908941,0.0062269835955808504,0.0057582859055908941,0.0062269835955808504,200,calibration_resampling_fixed_trained_models_threshold_and_evaluation_cohorts,0.0062269835955808504
CodeBERT_partial_s2028,fusion_TPR_0.005,test,deployed_pooled_FPR_0.01,0.012383997321727487,0.00016446235319626741,0.012453967191161701,0.011248744559758956,0.012520924004017409,0.011985269501171745,0.012520924004017409,200,calibration_resampling_fixed_trained_models_threshold_and_evaluation_cohorts,0.012453967191161701
CodeBERT_partial_s2028,fusion_TPR_0.005,test,deployed_pooled_FPR_0.05,0.051092735185805156,0.00048406780678802178,0.051021091396049545,0.045329762303314362,0.05135587546032809,0.050284566454636762,0.05135587546032809,200,calibration_resampling_fixed_trained_models_threshold_and_evaluation_cohorts,0.05135587546032809
CodeBERT_partial_s2028,fusion_TPR_0.005,test,deployed_pooled_TPR_0.001,0.79094888815134423,0.0014854714884106422,0.79163624294722867,0.78460006637902424,0.79196813806837041,0.78758712246929974,0.79196813806837041,200,calibration_resampling_fixed_trained_models_threshold_and_evaluation_cohorts,0.79196813806837041
CodeBERT_partial_s2028,fusion_TPR_0.005,test,deployed_pooled_TPR_0.005,0.90434152007965485,0.0030943530553980236,0.90534351145038172,0.87175572519083966,0.90547626949883842,0.89459010952538998,0.90547626949883842,200,calibration_resampling_fixed_trained_models_threshold_and_evaluation_cohorts,0.90547626949883842
CodeBERT_partial_s2028,fusion_TPR_0.005,test,deployed_pooled_TPR_0.01,0.93469299701294384,0.0024225956237564207,0.9346830401593097,0.90089611682708259,0.9354132094258214,0.93395287089279788,0.9354132094258214,200,calibration_resampling_fixed_trained_models_threshold_and_evaluation_cohorts,0.9346830401593097
CodeBERT_partial_s2028,fusion_TPR_0.005,test,deployed_pooled_TPR_0.05,0.98111483571191516,0.0034853442724068458,0.98134749419183542,0.93209425821440428,0.98161301028874881,0.98121473614337873,0.98161301028874881,200,calibration_resampling_fixed_trained_models_threshold_and_evaluation_cohorts,0.98134749419183542
CodeBERT_partial_s2028,isotonic_probability,same_period,AP,0.9819627076535814,0.00034257916933424761,0.98195833610662375,0.98035617840035461,0.98259648045251458,0.98129285809311406,0.98256005064330609,200,calibration_resampling_fixed_trained_models_threshold_and_evaluation_cohorts,0.98223838162106614
CodeBERT_partial_s2028,isotonic_probability,same_period,Accuracy,0.93898550000000003,0.00047988665956676005,0.93916666666666671,0.9368333333333333,0.93966666666666665,0.93816583333333337,0.93963416666666666,200,calibration_resampling_fixed_trained_models_threshold_and_evaluation_cohorts,0.93910000000000005
CodeBERT_partial_s2028,isotonic_probability,same_period,Brier,0.046900751549244252,0.00011510015443080153,0.046880216261608362,0.046665911498626124,0.047262398142974602,0.046702730851767814,0.047176659297421521,200,calibration_resampling_fixed_trained_models_threshold_and_evaluation_cohorts,0.046744923512316607
CodeBERT_partial_s2028,isotonic_probability,same_period,ECE,0.0063547462428899752,0.0014323502337121412,0.0061243008071159462,0.0023637839286349675,0.01133969267104077,0.0042054996675318403,0.0090838133779123642,200,calibration_resampling_fixed_trained_models_threshold_and_evaluation_cohorts,0.0044538858349463034
CodeBERT_partial_s2028,isotonic_probability,same_period,F1,0.93948896304304275,0.00030647422906823199,0.93957244469070433,0.93818703721825358,0.93998275747728632,0.93902051221711136,0.93994848626955807,200,calibration_resampling_fixed_trained_models_threshold_and_evaluation_cohorts,0.93955334987593053
CodeBERT_partial_s2028,isotonic_probability,same_period,LogLoss,0.16910909965776952,0.0022440477893768602,0.16830820741830094,0.16711598353232263,0.18234216829256367,0.16738196804761479,0.17594067051673185,200,calibration_resampling_fixed_trained_models_threshold_and_evaluation_cohorts,0.16738399446633312
CodeBERT_partial_s2028,isotonic_probability,same_period,ROC_AUC,0.98316111287718433,9.1937255012324406e-05,0.9831656025597677,0.98269059395131864,0.9833201090814665,0.98297325619599984,0.98329932146865517,200,calibration_resampling_fixed_trained_models_threshold_and_evaluation_cohorts,0.98321777659455201
CodeBERT_partial_s2028,isotonic_probability,same_period,deployed_per_format_FPR_0.001,0.0005650719304115089,0.00010254620045461851,0.00053529608564737373,0.00026764804282368687,0.0008029441284710606,0.00033456005352960856,0.0008029441284710606,200,calibration_resampling_fixed_trained_models_threshold_and_evaluation_cohorts,0.00053529608564737373
CodeBERT_partial_s2028,isotonic_probability,same_period,deployed_per_format_FPR_0.005,0.0033599866175978588,0.00066925047190820645,0.0033456005352960855,0.0017397122783539645,0.0049514887922382069,0.0022683171629307463,0.0047507527601204419,200,calibration_resampling_fixed_trained_models_threshold_and_evaluation_cohorts,0.0033456005352960855
CodeBERT_partial_s2028,isotonic_probability,same_period,deployed_per_format_FPR_0.01,0.0090675811308129801,0.00097224188159072348,0.0094345935095349609,0.0039478086316493809,0.01057209769153563,0.0072264971562395449,0.01057209769153563,200,calibration_resampling_fixed_trained_models_threshold_and_evaluation_cohorts,0.0097022415523586487
CodeBERT_partial_s2028,isotonic_probability,same_period,deployed_per_format_FPR_0.05,0.043128136500501839,0.004432793982565999,0.043994647039143527,0.03011040481766477,0.049782535965205751,0.033511207761793241,0.049116761458681837,200,calibration_resampling_fixed_trained_models_threshold_and_evaluation_cohorts,0.044095015055202406
CodeBERT_partial_s2028,isotonic_probability,same_period,deployed_per_format_TPR_0.001,0.32334872135503157,0.043215182321326012,0.32301560943208235,0.11265360345400199,0.4054466954500166,0.15038193291265362,0.39867153769511793,200,calibration_resampling_fixed_trained_models_threshold_and_evaluation_cohorts,0.32301560943208235
CodeBERT_partial_s2028,isotonic_probability,same_period,deployed_per_format_TPR_0.005,0.65689671205579547,0.032679483658509853,0.66117568913982061,0.54958485552972436,0.70700763865825311,0.59274659581534384,0.70483892394553305,200,calibration_resampling_fixed_trained_models_threshold_and_evaluation_cohorts,0.66502822982397869
CodeBERT_partial_s2028,isotonic_probability,same_period,deployed_per_format_TPR_0.01,0.77104716041182331,0.012281832910272244,0.77525738957157087,0.6533377615410163,0.78704749252739958,0.74490036532713388,0.78260046496180669,200,calibration_resampling_fixed_trained_models_threshold_and_evaluation_cohorts,0.7773497177017602
CodeBERT_partial_s2028,isotonic_probability,same_period,deployed_per_format_TPR_0.05,0.91170109598140159,0.008064358457654245,0.91398206575888408,0.88781135835270675,0.9235469943540352,0.89430587844569909,0.92262371305214208,200,calibration_resampling_fixed_trained_models_threshold_and_evaluation_cohorts,0.91398206575888408
CodeBERT_partial_s2028,isotonic_probability,same_period,deployed_pooled_FPR_0.001,0.00037671462027433927,0.00025003000012509274,0.000234192037470726,0,0.0008029441284710606,0.00020073603211776515,0.0008029441284710606,200,calibration_resampling_fixed_trained_models_threshold_and_evaluation_cohorts,0.00020073603211776515
CodeBERT_partial_s2028,isotonic_probability,same_period,deployed_pooled_FPR_0.005,0.0029126798260287723,0.00062250419365522734,0.0026095684175309469,0.0017397122783539645,0.0042154566744730679,0.0020006691201070593,0.0042154566744730679,200,calibration_resampling_fixed_trained_models_threshold_and_evaluation_cohorts,0.0026095684175309469
CodeBERT_partial_s2028,isotonic_probability,same_period,deployed_pooled_FPR_0.01,0.010998996319839411,0.00078174906150304765,0.011174305787888927,0.0066912010705921709,0.011174305787888927,0.0074891267982602882,0.011174305787888927,200,calibration_resampling_fixed_trained_models_threshold_and_evaluation_cohorts,0.011174305787888927
CodeBERT_partial_s2028,isotonic_probability,same_period,deployed_pooled_FPR_0.05,0.042881231180996987,0.0061081785303051511,0.042154566744730677,0.03011040481766477,0.05092004014720642,0.030762796922047506,0.049247239879558383,200,calibration_resampling_fixed_trained_models_threshold_and_evaluation_cohorts,0.048578119772499165
CodeBERT_partial_s2028,isotonic_probability,same_period,deployed_pooled_TPR_0.001,0.25411823314513454,0.078813613165197569,0.20969777482563934,0,0.38392560611092658,0.20092992361341747,0.38392560611092658,200,calibration_resampling_fixed_trained_models_threshold_and_evaluation_cohorts,0.20092992361341747
CodeBERT_partial_s2028,isotonic_probability,same_period,deployed_pooled_TPR_0.005,0.63180737296579215,0.034941185035635591,0.61660577881102618,0.54958485552972436,0.68913982065758883,0.57602623713052148,0.68701428096977746,200,calibration_resampling_fixed_trained_models_threshold_and_evaluation_cohorts,0.61620724011956163
CodeBERT_partial_s2028,isotonic_probability,same_period,deployed_pooled_TPR_0.01,0.7887193623380937,0.0093305475043287626,0.79043507140484892,0.73145134506808374,0.79202922617070737,0.74823812686815017,0.79202922617070737,200,calibration_resampling_fixed_trained_models_threshold_and_evaluation_cohorts,0.79169711059448689
CodeBERT_partial_s2028,isotonic_probability,same_period,deployed_pooled_TPR_0.05,0.91267319827299898,0.011872878504746351,0.91252075722351378,0.88781135835270675,0.92613749584855531,0.88955994686150774,0.92474261042842909,200,calibration_resampling_fixed_trained_models_threshold_and_evaluation_cohorts,0.92361341746927927
CodeBERT_partial_s2028,isotonic_probability,test,AP,0.98043422949940895,0.00033901207924524846,0.98045298017661975,0.97877346294932321,0.98111013070874487,0.97976495693469257,0.9810301735771535,200,calibration_resampling_fixed_trained_models_threshold_and_evaluation_cohorts,0.98084106849113661
CodeBERT_partial_s2028,isotonic_probability,test,Accuracy,0.93698833333333331,0.00051180099339464831,0.93668333333333331,0.93603333333333338,0.93826666666666669,0.93653166666666665,0.93799999999999994,200,calibration_resampling_fixed_trained_models_threshold_and_evaluation_cohorts,0.93686666666666663
CodeBERT_partial_s2028,isotonic_probability,test,Brier,0.048798531942781977,0.00019966770554151803,0.048799854659395764,0.04832245004914025,0.049438326037534203,0.048406687159505135,0.049193958710815222,200,calibration_resampling_fixed_trained_models_threshold_and_evaluation_cohorts,0.048673341499925284
CodeBERT_partial_s2028,isotonic_probability,test,ECE,0.013339109783178382,0.0015951482164005312,0.013375450929247176,0.007684505184068555,0.017688577177316332,0.01008074955804461,0.016492215159452945,200,calibration_resampling_fixed_trained_models_threshold_and_evaluation_cohorts,0.013193417562591177
CodeBERT_partial_s2028,isotonic_probability,test,F1,0.93679716965220083,0.00070668882673795535,0.93636546319244418,0.93547627853804516,0.93840218186656021,0.93609880717926186,0.9383059837560086,200,calibration_resampling_fixed_trained_models_threshold_and_evaluation_cohorts,0.93661736162238141
CodeBERT_partial_s2028,isotonic_probability,test,LogLoss,0.17667333909140878,0.0030209123841780129,0.17567948562398272,0.1733472285115131,0.18979448432761126,0.17396588868431975,0.18585938936423746,200,calibration_resampling_fixed_trained_models_threshold_and_evaluation_cohorts,0.17439478318535503
CodeBERT_partial_s2028,isotonic_probability,test,ROC_AUC,0.98249413455652668,8.8779685322033075e-05,0.98250881044321825,0.98200962662521096,0.98265259203200594,0.98225849735400583,0.98261972074808956,200,calibration_resampling_fixed_trained_models_threshold_and_evaluation_cohorts,0.98260776452357823
CodeBERT_partial_s2028,isotonic_probability,test,deployed_per_format_FPR_0.001,0.00085302979578172084,0.00016335487545804262,0.00087043856712420487,0.00040174087713424841,0.0012052226314027451,0.00053565450284566451,0.0012052226314027451,200,calibration_resampling_fixed_trained_models_threshold_and_evaluation_cohorts,0.00087043856712420487
CodeBERT_partial_s2028,isotonic_probability,test,deployed_per_format_FPR_0.005,0.003474054235018413,0.00062897716767931929,0.0034817542684968195,0.0022095748242383661,0.0045530632741881483,0.0024070974221627049,0.0044861064613324403,200,calibration_resampling_fixed_trained_models_threshold_and_evaluation_cohorts,0.0034817542684968195
CodeBERT_partial_s2028,isotonic_probability,test,deployed_per_format_FPR_0.01,0.0082634750585872108,0.00098984161797242083,0.0082356879812520919,0.0046869768998995644,0.0099096083026447949,0.0062939404084365585,0.0095095413458319376,200,calibration_resampling_fixed_trained_models_threshold_and_evaluation_cohorts,0.0090391697355205886
CodeBERT_partial_s2028,isotonic_probability,test,deployed_per_format_FPR_0.05,0.038828255775025106,0.0043073594102762056,0.040207566119852697,0.027452293270840308,0.044727150987612992,0.02951623702711751,0.044059256779377304,200,calibration_resampling_fixed_trained_models_threshold_and_evaluation_cohorts,0.040107130900569131
CodeBERT_partial_s2028,isotonic_probability,test,deployed_per_format_TPR_0.001,0.31299568536342515,0.035754895328567481,0.31443743776966476,0.12983737139064055,0.37311649518752077,0.16395618984400928,0.36700962495851314,200,calibration_resampling_fixed_trained_models_threshold_and_evaluation_cohorts,0.31443743776966476
CodeBERT_partial_s2028,isotonic_probability,test,deployed_per_format_TPR_0.005,0.58052538997676739,0.030584457361284279,0.58479920345170922,0.48211085297046136,0.63159641553269164,0.52204447394623299,0.62889644872220374,200,calibration_resampling_fixed_trained_models_threshold_and_evaluation_cohorts,0.58672419515433127
CodeBERT_partial_s2028,isotonic_probability,test,deployed_per_format_TPR_0.01,0.71440159309658147,0.017956797327477091,0.71921672751410559,0.57709923664122142,0.73660803186193158,0.67952207102555595,0.73368735479588454,200,calibration_resampling_fixed_trained_models_threshold_and_evaluation_cohorts,0.72711583139727842
CodeBERT_partial_s2028,isotonic_probability,test,deployed_per_format_TPR_0.05,0.89460073016926656,0.0088315520268207725,0.89787587122469303,0.86724195154331229,0.90614005974112177,0.87512280119482244,0.90534848987719885,200,calibration_resampling_fixed_trained_models_threshold_and_evaluation_cohorts,0.89850647195486222
CodeBERT_partial_s2028,isotonic_probability,test,deployed_pooled_FPR_0.001,0.00049648476732507528,0.00030740518008779045,0.00033478406427854036,0,0.001004352192835621,0.00026782725142283226,0.001004352192835621,200,calibration_resampling_fixed_trained_models_threshold_and_evaluation_cohorts,0.00026782725142283226
CodeBERT_partial_s2028,isotonic_probability,test,deployed_pooled_FPR_0.005,0.0030043521928356208,0.00061609885626667132,0.0025443588885169068,0.0022095748242383661,0.0040843655841981919,0.0022748577167726815,0.0040174087713424839,200,calibration_resampling_fixed_trained_models_threshold_and_evaluation_cohorts,0.0025443588885169068
CodeBERT_partial_s2028,isotonic_probability,test,deployed_pooled_FPR_0.01,0.010249414127887513,0.00087187222153994643,0.010311349179779043,0.0052226314027452297,0.010780046869769,0.0066220287914295281,0.010780046869769,200,calibration_resampling_fixed_trained_models_threshold_and_evaluation_cohorts,0.010646133244057584
CodeBERT_partial_s2028,isotonic_probability,test,deployed_pooled_FPR_0.05,0.03845430197522598,0.0058783291157194547,0.037361901573485103,0.027452293270840308,0.046334114496149985,0.027778707733511886,0.044727150987612992,200,calibration_resampling_fixed_trained_models_threshold_and_evaluation_cohorts,0.043923669233344495
CodeBERT_partial_s2028,isotonic_probability,test,deployed_pooled_TPR_0.001,0.22833886491868569,0.064819182424043123,0.1924327912379688,0,0.33428476601393958,0.18460006637902424,0.33428476601393958,200,calibration_resampling_fixed_trained_models_threshold_and_evaluation_cohorts,0.18460006637902424
CodeBERT_partial_s2028,isotonic_probability,test,deployed_pooled_TPR_0.005,0.55847958845004975,0.032699882598010807,0.5448390308662463,0.48211085297046136,0.61340856289412549,0.50491204779289744,0.61188184533687351,200,calibration_resampling_fixed_trained_models_threshold_and_evaluation_cohorts,0.54437437769664787
CodeBERT_partial_s2028,isotonic_probability,test,deployed_pooled_TPR_0.01,0.74119216727514103,0.012748621317519191,0.74324593428476604,0.6621971457019582,0.74636574842349812,0.68584965151012278,0.74636574842349812,200,calibration_resampling_fixed_trained_models_threshold_and_evaluation_cohorts,0.74530368403584468
CodeBERT_partial_s2028,isotonic_probability,test,deployed_pooled_TPR_0.05,0.89673979422502481,0.014192047400742393,0.89578493196150022,0.86724195154331229,0.91271158313972789,0.86892465980750078,0.91138400265516095,200,calibration_resampling_fixed_trained_models_threshold_and_evaluation_cohorts,0.91005642217059413
CodeBERT_partial_s2028,isotonic_tiebreak,same_period,AP,0.98438986739171019,0,0.98438986739171008,0.98438986739171008,0.98438986739171008,0.98438986739171008,0.98438986739171008,200,calibration_resampling_fixed_trained_models_threshold_and_evaluation_cohorts,0.98438986739171008
CodeBERT_partial_s2028,isotonic_tiebreak,same_period,Accuracy,0.93898550000000003,0.00047988665956676005,0.93916666666666671,0.9368333333333333,0.93966666666666665,0.93816583333333337,0.93963416666666666,200,calibration_resampling_fixed_trained_models_threshold_and_evaluation_cohorts,0.93910000000000005
CodeBERT_partial_s2028,isotonic_tiebreak,same_period,Brier,0.046900751549244252,0.00011510015443080153,0.046880216261608362,0.046665911498626124,0.047262398142974602,0.046702730851767814,0.047176659297421521,200,calibration_resampling_fixed_trained_models_threshold_and_evaluation_cohorts,0.046744923512316607
CodeBERT_partial_s2028,isotonic_tiebreak,same_period,ECE,0.0063547462428899752,0.0014323502337121412,0.0061243008071159462,0.0023637839286349675,0.01133969267104077,0.0042054996675318403,0.0090838133779123642,200,calibration_resampling_fixed_trained_models_threshold_and_evaluation_cohorts,0.0044538858349463034
CodeBERT_partial_s2028,isotonic_tiebreak,same_period,F1,0.93948896304304275,0.00030647422906823199,0.93957244469070433,0.93818703721825358,0.93998275747728632,0.93902051221711136,0.93994848626955807,200,calibration_resampling_fixed_trained_models_threshold_and_evaluation_cohorts,0.93955334987593053
CodeBERT_partial_s2028,isotonic_tiebreak,same_period,LogLoss,0.16910909965776952,0.0022440477893768602,0.16830820741830094,0.16711598353232263,0.18234216829256367,0.16738196804761479,0.17594067051673185,200,calibration_resampling_fixed_trained_models_threshold_and_evaluation_cohorts,0.16738399446633312
CodeBERT_partial_s2028,isotonic_tiebreak,same_period,ROC_AUC,0.98347340003126693,0,0.98347340003126693,0.98347340003126693,0.98347340003126693,0.98347340003126693,0.98347340003126693,200,calibration_resampling_fixed_trained_models_threshold_and_evaluation_cohorts,0.98347340003126693
CodeBERT_partial_s2028,isotonic_tiebreak,same_period,deployed_per_format_FPR_0.001,0.00086985613917698224,0,0.00086985613917698224,0.00086985613917698224,0.00086985613917698224,0.00086985613917698224,0.00086985613917698224,200,calibration_resampling_fixed_trained_models_threshold_and_evaluation_cohorts,0.00086985613917698224
CodeBERT_partial_s2028,isotonic_tiebreak,same_period,deployed_per_format_FPR_0.005,0.0051522248243559719,0,0.0051522248243559719,0.0051522248243559719,0.0051522248243559719,0.0051522248243559719,0.0051522248243559719,200,calibration_resampling_fixed_trained_models_threshold_and_evaluation_cohorts,0.0051522248243559719
CodeBERT_partial_s2028,isotonic_tiebreak,same_period,deployed_per_format_FPR_0.01,0.011040481766477084,0,0.011040481766477083,0.011040481766477083,0.011040481766477083,0.011040481766477083,0.011040481766477083,200,calibration_resampling_fixed_trained_models_threshold_and_evaluation_cohorts,0.011040481766477083
CodeBERT_partial_s2028,isotonic_tiebreak,same_period,deployed_per_format_FPR_0.05,0.051388424222147878,0,0.051388424222147878,0.051388424222147878,0.051388424222147878,0.051388424222147878,0.051388424222147878,200,calibration_resampling_fixed_trained_models_threshold_and_evaluation_cohorts,0.051388424222147878
CodeBERT_partial_s2028,isotonic_tiebreak,same_period,deployed_per_format_TPR_0.001,0.44735968116904684,0,0.44735968116904684,0.44735968116904684,0.44735968116904684,0.44735968116904684,0.44735968116904684,200,calibration_resampling_fixed_trained_models_threshold_and_evaluation_cohorts,0.44735968116904684
CodeBERT_partial_s2028,isotonic_tiebreak,same_period,deployed_per_format_TPR_0.005,0.71225506476253742,0,0.71225506476253742,0.71225506476253742,0.71225506476253742,0.71225506476253742,0.71225506476253742,200,calibration_resampling_fixed_trained_models_threshold_and_evaluation_cohorts,0.71225506476253742
CodeBERT_partial_s2028,isotonic_tiebreak,same_period,deployed_per_format_TPR_0.01,0.79561607439388904,0,0.79561607439388904,0.79561607439388904,0.79561607439388904,0.79561607439388904,0.79561607439388904,200,calibration_resampling_fixed_trained_models_threshold_and_evaluation_cohorts,0.79561607439388904
CodeBERT_partial_s2028,isotonic_tiebreak,same_period,deployed_per_format_TPR_0.05,0.92567253404184657,0,0.92567253404184657,0.92567253404184657,0.92567253404184657,0.92567253404184657,0.92567253404184657,200,calibration_resampling_fixed_trained_models_threshold_and_evaluation_cohorts,0.92567253404184657
CodeBERT_partial_s2028,isotonic_tiebreak,same_period,deployed_pooled_FPR_0.001,0.00093676814988290387,0,0.00093676814988290398,0.00093676814988290398,0.00093676814988290398,0.00093676814988290398,0.00093676814988290398,200,calibration_resampling_fixed_trained_models_threshold_and_evaluation_cohorts,0.00093676814988290398
CodeBERT_partial_s2028,isotonic_tiebreak,same_period,deployed_pooled_FPR_0.005,0.0051522248243559719,0,0.0051522248243559719,0.0051522248243559719,0.0051522248243559719,0.0051522248243559719,0.0051522248243559719,200,calibration_resampling_fixed_trained_models_threshold_and_evaluation_cohorts,0.0051522248243559719
CodeBERT_partial_s2028,isotonic_tiebreak,same_period,deployed_pooled_FPR_0.01,0.011174305787888927,0,0.011174305787888927,0.011174305787888927,0.011174305787888927,0.011174305787888927,0.011174305787888927,200,calibration_resampling_fixed_trained_models_threshold_and_evaluation_cohorts,0.011174305787888927
CodeBERT_partial_s2028,isotonic_tiebreak,same_period,deployed_pooled_FPR_0.05,0.05092004014720642,0,0.05092004014720642,0.05092004014720642,0.05092004014720642,0.05092004014720642,0.05092004014720642,200,calibration_resampling_fixed_trained_models_threshold_and_evaluation_cohorts,0.05092004014720642
CodeBERT_partial_s2028,isotonic_tiebreak,same_period,deployed_pooled_TPR_0.001,0.43899036864828955,0,0.43899036864828961,0.43899036864828961,0.43899036864828961,0.43899036864828961,0.43899036864828961,200,calibration_resampling_fixed_trained_models_threshold_and_evaluation_cohorts,0.43899036864828961
CodeBERT_partial_s2028,isotonic_tiebreak,same_period,deployed_pooled_TPR_0.005,0.7078711391564263,0,0.70787113915642641,0.70787113915642641,0.70787113915642641,0.70787113915642641,0.70787113915642641,200,calibration_resampling_fixed_trained_models_threshold_and_evaluation_cohorts,0.70787113915642641
CodeBERT_partial_s2028,isotonic_tiebreak,same_period,deployed_pooled_TPR_0.01,0.79202922617070737,0,0.79202922617070737,0.79202922617070737,0.79202922617070737,0.79202922617070737,0.79202922617070737,200,calibration_resampling_fixed_trained_models_threshold_and_evaluation_cohorts,0.79202922617070737
CodeBERT_partial_s2028,isotonic_tiebreak,same_period,deployed_pooled_TPR_0.05,0.92613749584855531,0,0.92613749584855531,0.92613749584855531,0.92613749584855531,0.92613749584855531,0.92613749584855531,200,calibration_resampling_fixed_trained_models_threshold_and_evaluation_cohorts,0.92613749584855531
CodeBERT_partial_s2028,isotonic_tiebreak,test,AP,0.98262425034776091,0,0.9826242503477608,0.9826242503477608,0.9826242503477608,0.9826242503477608,0.9826242503477608,200,calibration_resampling_fixed_trained_models_threshold_and_evaluation_cohorts,0.9826242503477608
CodeBERT_partial_s2028,isotonic_tiebreak,test,Accuracy,0.93698833333333331,0.00051180099339464831,0.93668333333333331,0.93603333333333338,0.93826666666666669,0.93653166666666665,0.93799999999999994,200,calibration_resampling_fixed_trained_models_threshold_and_evaluation_cohorts,0.93686666666666663
CodeBERT_partial_s2028,isotonic_tiebreak,test,Brier,0.048798531942781977,0.00019966770554151803,0.048799854659395764,0.04832245004914025,0.049438326037534203,0.048406687159505135,0.049193958710815222,200,calibration_resampling_fixed_trained_models_threshold_and_evaluation_cohorts,0.048673341499925284
CodeBERT_partial_s2028,isotonic_tiebreak,test,ECE,0.013339109783178382,0.0015951482164005312,0.013375450929247176,0.007684505184068555,0.017688577177316332,0.01008074955804461,0.016492215159452945,200,calibration_resampling_fixed_trained_models_threshold_and_evaluation_cohorts,0.013193417562591177
CodeBERT_partial_s2028,isotonic_tiebreak,test,F1,0.93679716965220083,0.00070668882673795535,0.93636546319244418,0.93547627853804516,0.93840218186656021,0.93609880717926186,0.9383059837560086,200,calibration_resampling_fixed_trained_models_threshold_and_evaluation_cohorts,0.93661736162238141
CodeBERT_partial_s2028,isotonic_tiebreak,test,LogLoss,0.17667333909140878,0.0030209123841780129,0.17567948562398272,0.1733472285115131,0.18979448432761126,0.17396588868431975,0.18585938936423746,200,calibration_resampling_fixed_trained_models_threshold_and_evaluation_cohorts,0.17439478318535503
CodeBERT_partial_s2028,isotonic_tiebreak,test,ROC_AUC,0.98278646565696637,0,0.98278646565696637,0.98278646565696637,0.98278646565696637,0.98278646565696637,0.98278646565696637,200,calibration_resampling_fixed_trained_models_threshold_and_evaluation_cohorts,0.98278646565696637
CodeBERT_partial_s2028,isotonic_tiebreak,test,deployed_per_format_FPR_0.001,0.0012721794442584534,0,0.0012721794442584534,0.0012721794442584534,0.0012721794442584534,0.0012721794442584534,0.0012721794442584534,200,calibration_resampling_fixed_trained_models_threshold_and_evaluation_cohorts,0.0012721794442584534
CodeBERT_partial_s2028,isotonic_tiebreak,test,deployed_per_format_FPR_0.005,0.0046869768998995644,0,0.0046869768998995644,0.0046869768998995644,0.0046869768998995644,0.0046869768998995644,0.0046869768998995644,200,calibration_resampling_fixed_trained_models_threshold_and_evaluation_cohorts,0.0046869768998995644
CodeBERT_partial_s2028,isotonic_tiebreak,test,deployed_per_format_FPR_0.01,0.010512219618346167,0,0.010512219618346167,0.010512219618346167,0.010512219618346167,0.010512219618346167,0.010512219618346167,200,calibration_resampling_fixed_trained_models_threshold_and_evaluation_cohorts,0.010512219618346167
CodeBERT_partial_s2028,isotonic_tiebreak,test,deployed_per_format_FPR_0.05,0.045664546367592901,0,0.045664546367592901,0.045664546367592901,0.045664546367592901,0.045664546367592901,0.045664546367592901,200,calibration_resampling_fixed_trained_models_threshold_and_evaluation_cohorts,0.045664546367592901
CodeBERT_partial_s2028,isotonic_tiebreak,test,deployed_per_format_TPR_0.001,0.39913707268503151,0,0.39913707268503151,0.39913707268503151,0.39913707268503151,0.39913707268503151,0.39913707268503151,200,calibration_resampling_fixed_trained_models_threshold_and_evaluation_cohorts,0.39913707268503151
CodeBERT_partial_s2028,isotonic_tiebreak,test,deployed_per_format_TPR_0.005,0.63790242283438436,0,0.63790242283438436,0.63790242283438436,0.63790242283438436,0.63790242283438436,0.63790242283438436,200,calibration_resampling_fixed_trained_models_threshold_and_evaluation_cohorts,0.63790242283438436
CodeBERT_partial_s2028,isotonic_tiebreak,test,deployed_per_format_TPR_0.01,0.74563557915698642,0,0.74563557915698642,0.74563557915698642,0.74563557915698642,0.74563557915698642,0.74563557915698642,200,calibration_resampling_fixed_trained_models_threshold_and_evaluation_cohorts,0.74563557915698642
CodeBERT_partial_s2028,isotonic_tiebreak,test,deployed_per_format_TPR_0.05,0.90872884168602719,0,0.90872884168602719,0.90872884168602719,0.90872884168602719,0.90872884168602719,0.90872884168602719,200,calibration_resampling_fixed_trained_models_threshold_and_evaluation_cohorts,0.90872884168602719
CodeBERT_partial_s2028,isotonic_tiebreak,test,deployed_pooled_FPR_0.001,0.0011382658185470371,0,0.0011382658185470371,0.0011382658185470371,0.0011382658185470371,0.0011382658185470371,0.0011382658185470371,200,calibration_resampling_fixed_trained_models_threshold_and_evaluation_cohorts,0.0011382658185470371
CodeBERT_partial_s2028,isotonic_tiebreak,test,deployed_pooled_FPR_0.005,0.0044191496484767322,0,0.0044191496484767322,0.0044191496484767322,0.0044191496484767322,0.0044191496484767322,0.0044191496484767322,200,calibration_resampling_fixed_trained_models_threshold_and_evaluation_cohorts,0.0044191496484767322
CodeBERT_partial_s2028,isotonic_tiebreak,test,deployed_pooled_FPR_0.01,0.010780046869769,0,0.010780046869769,0.010780046869769,0.010780046869769,0.010780046869769,0.010780046869769,200,calibration_resampling_fixed_trained_models_threshold_and_evaluation_cohorts,0.010780046869769
CodeBERT_partial_s2028,isotonic_tiebreak,test,deployed_pooled_FPR_0.05,0.046334114496149985,0,0.046334114496149985,0.046334114496149985,0.046334114496149985,0.046334114496149985,0.046334114496149985,200,calibration_resampling_fixed_trained_models_threshold_and_evaluation_cohorts,0.046334114496149985
CodeBERT_partial_s2028,isotonic_tiebreak,test,deployed_pooled_TPR_0.001,0.37862595419847334,0,0.37862595419847328,0.37862595419847328,0.37862595419847328,0.37862595419847328,0.37862595419847328,200,calibration_resampling_fixed_trained_models_threshold_and_evaluation_cohorts,0.37862595419847328
CodeBERT_partial_s2028,isotonic_tiebreak,test,deployed_pooled_TPR_0.005,0.63484898771988052,0,0.63484898771988052,0.63484898771988052,0.63484898771988052,0.63484898771988052,0.63484898771988052,200,calibration_resampling_fixed_trained_models_threshold_and_evaluation_cohorts,0.63484898771988052
CodeBERT_partial_s2028,isotonic_tiebreak,test,deployed_pooled_TPR_0.01,0.74636574842349812,0,0.74636574842349812,0.74636574842349812,0.74636574842349812,0.74636574842349812,0.74636574842349812,200,calibration_resampling_fixed_trained_models_threshold_and_evaluation_cohorts,0.74636574842349812
CodeBERT_partial_s2028,isotonic_tiebreak,test,deployed_pooled_TPR_0.05,0.91271158313972789,0,0.91271158313972789,0.91271158313972789,0.91271158313972789,0.91271158313972789,0.91271158313972789,200,calibration_resampling_fixed_trained_models_threshold_and_evaluation_cohorts,0.91271158313972789
CodeBERT_partial_s2028,stack,same_period,AP,0.99642034891755482,1.5601991848642248e-05,0.99642443112350665,0.99636174137990419,0.99643920436220346,0.99637456650665646,0.99643829689460295,200,calibration_resampling_fixed_trained_models_threshold_and_evaluation_cohorts,0.9964224468035201
CodeBERT_partial_s2028,stack,same_period,Accuracy,0.972418,0.00020334555253397125,0.9724666666666667,0.97189999999999999,0.97283333333333333,0.97203166666666663,0.97270000000000001,200,calibration_resampling_fixed_trained_models_threshold_and_evaluation_cohorts,0.97266666666666668
CodeBERT_partial_s2028,stack,same_period,Brier,0.02107687415524993,3.6709904415451178e-05,0.021067604172998897,0.0210290743930686,0.021208038172395197,0.021034223105053776,0.021163564279852439,200,calibration_resampling_fixed_trained_models_threshold_and_evaluation_cohorts,0.021052451125627553
CodeBERT_partial_s2028,stack,same_period,ECE,0.0035087278460102247,0.00043343649288619268,0.0034336596682031004,0.0028569172718482879,0.0053797408607149429,0.0029516052745468409,0.0045406226085666921,200,calibration_resampling_fixed_trained_models_threshold_and_evaluation_cohorts,0.0029925994496936541
CodeBERT_partial_s2028,stack,same_period,F1,0.97246040693865554,0.00019314958715669611,0.97250149810240361,0.97195702072452683,0.97289387035620445,0.97207862171351889,0.97273090379686522,200,calibration_resampling_fixed_trained_models_threshold_and_evaluation_cohorts,0.97270669684462785
CodeBERT_partial_s2028,stack,same_period,LogLoss,0.076344654654728117,0.00015469448783369649,0.076307341910227922,0.076138613251507226,0.076897673863939475,0.076148365981544883,0.076706921854723387,200,calibration_resampling_fixed_trained_models_threshold_and_evaluation_cohorts,0.076241200978058046
CodeBERT_partial_s2028,stack,same_period,ROC_AUC,0.99604318613616916,1.6122474300830293e-05,0.99604750463867353,0.99598227042830245,0.99606238261647739,0.99599569283098144,0.99606152993834707,200,calibration_resampling_fixed_trained_models_threshold_and_evaluation_cohorts,0.99604552905655719
CodeBERT_partial_s2028,stack,same_period,deployed_per_format_FPR_0.001,0.0012341920374707258,4.1728617332467559e-05,0.0012044161927065907,0.0012044161927065907,0.0013382402141184342,0.0012044161927065907,0.0013382402141184342,200,calibration_resampling_fixed_trained_models_threshold_and_evaluation_cohorts,0.0012044161927065907
CodeBERT_partial_s2028,stack,same_period,deployed_per_format_FPR_0.005,0.0053054533288725324,4.8645662867418262e-05,0.0052860488457678149,0.0051522248243559719,0.0053529608564737369,0.0052191368350618939,0.0053529608564737369,200,calibration_resampling_fixed_trained_models_threshold_and_evaluation_cohorts,0.0052860488457678149
CodeBERT_partial_s2028,stack,same_period,deployed_per_format_FPR_0.01,0.0099876212780194047,0.00012911403656471157,0.0099698895951823348,0.0098360655737704927,0.010639009702241553,0.0098360655737704927,0.010306122448979592,200,calibration_resampling_fixed_trained_models_threshold_and_evaluation_cohorts,0.0099698895951823348
CodeBERT_partial_s2028,stack,same_period,deployed_per_format_FPR_0.05,0.0524814319170291,0.00022730865268223011,0.052525928404148547,0.051923720307795247,0.053061224489795916,0.052057544329207089,0.052796922047507529,200,calibration_resampling_fixed_trained_models_threshold_and_evaluation_cohorts,0.052525928404148547
CodeBERT_partial_s2028,stack,same_period,deployed_per_format_TPR_0.001,0.80796811690468284,0.0013696283225593877,0.80803719694453668,0.80504815675855201,0.8106276984390568,0.8053786117568914,0.81049651278644963,200,calibration_resampling_fixed_trained_models_threshold_and_evaluation_cohorts,0.80783792759880435
CodeBERT_partial_s2028,stack,same_period,deployed_per_format_TPR_0.005,0.91654666223845893,0.00066439101597838101,0.91657256725340419,0.91497841248754563,0.91770176021255401,0.91531052806376623,0.91770176021255401,200,calibration_resampling_fixed_trained_models_threshold_and_evaluation_cohorts,0.91663899036864827
CodeBERT_partial_s2028,stack,same_period,deployed_per_format_TPR_0.01,0.94541348389239455,0.00028818846145889235,0.94540019926934571,0.94500166057788115,0.94639654599800727,0.94506642311524414,0.94633178346064428,200,calibration_resampling_fixed_trained_models_threshold_and_evaluation_cohorts,0.94533377615410163
CodeBERT_partial_s2028,stack,same_period,deployed_per_format_TPR_0.05,0.98318565260710722,0.00015402840757801193,0.98312852872799739,0.98299568249750913,0.98346064430421787,0.98299568249750913,0.98346064430421787,200,calibration_resampling_fixed_trained_models_threshold_and_evaluation_cohorts,0.9830621056127532
CodeBERT_partial_s2028,stack,same_period,deployed_pooled_FPR_0.001,0.0012268317162930744,6.9477928650704416e-05,0.0012044161927065907,0.0011375041820006692,0.0014720642355302777,0.0011375041820006692,0.0014720642355302777,200,calibration_resampling_fixed_trained_models_threshold_and_evaluation_cohorts,0.0012044161927065907
CodeBERT_partial_s2028,stack,same_period,deployed_pooled_FPR_0.005,0.0052542656406825029,8.7958505996237369e-05,0.0052191368350618939,0.0050853128136500499,0.0053529608564737369,0.0050853128136500499,0.0053529608564737369,200,calibration_resampling_fixed_trained_models_threshold_and_evaluation_cohorts,0.0052860488457678149
CodeBERT_partial_s2028,stack,same_period,deployed_pooled_FPR_0.01,0.010386416861826698,0.00011071997611702387,0.010371361659417865,0.0101706256273001,0.010772833723653397,0.0101706256273001,0.01057209769153563,200,calibration_resampling_fixed_trained_models_threshold_and_evaluation_cohorts,0.010237537638006023
CodeBERT_partial_s2028,stack,same_period,deployed_pooled_FPR_0.05,0.052581465373034458,0.00020893107120663812,0.052592840414854465,0.051990632318501172,0.053261960521913683,0.052258280361324856,0.053061224489795916,200,calibration_resampling_fixed_trained_models_threshold_and_evaluation_cohorts,0.052459016393442623
CodeBERT_partial_s2028,stack,same_period,deployed_pooled_TPR_0.001,0.81160777150448349,0.001166395877957527,0.81142477582198602,0.80996346728661572,0.81560943208236469,0.81009465293922289,0.81534706077715047,200,calibration_resampling_fixed_trained_models_threshold_and_evaluation_cohorts,0.81009631351710398
CodeBERT_partial_s2028,stack,same_period,deployed_pooled_TPR_0.005,0.91632015941547662,0.00052407482777996851,0.91643972102291593,0.91451345068083689,0.91723679840584527,0.91524244437064095,0.91710395217535701,200,calibration_resampling_fixed_trained_models_threshold_and_evaluation_cohorts,0.91697110594486886
CodeBERT_partial_s2028,stack,same_period,deployed_pooled_TPR_0.01,0.94515543008967118,0.00024060742664944927,0.9451345068083693,0.94460312188641649,0.94559946861507804,0.94466788442377947,0.94553304549983397,200,calibration_resampling_fixed_trained_models_threshold_and_evaluation_cohorts,0.94520092992361338
CodeBERT_partial_s2028,stack,same_period,deployed_pooled_TPR_0.05,0.98337429425440048,0.00014993798822156916,0.98339422118897379,0.98299568249750913,0.98359349053470613,0.98299568249750913,0.98359349053470613,200,calibration_resampling_fixed_trained_models_threshold_and_evaluation_cohorts,0.98339422118897379
CodeBERT_partial_s2028,stack,test,AP,0.99607877234235087,1.185527121387597e-05,0.99608287933511142,0.99603083033768225,0.99609001862763502,0.99604123062064109,0.99608989039371199,200,calibration_resampling_fixed_trained_models_threshold_and_evaluation_cohorts,0.99608168148038279
CodeBERT_partial_s2028,stack,test,Accuracy,0.96879733333333329,0.00011432124357992886,0.96879999999999999,0.9684666666666667,0.9690333333333333,0.96859916666666668,0.96899999999999997,200,calibration_resampling_fixed_trained_models_threshold_and_evaluation_cohorts,0.9690333333333333
CodeBERT_partial_s2028,stack,test,Brier,0.02306433763001613,6.4491986737364522e-05,0.023056468570031532,0.022924972859532485,0.023259582988912033,0.022960422319648201,0.023213958769779958,200,calibration_resampling_fixed_trained_models_threshold_and_evaluation_cohorts,0.023039889427519958
CodeBERT_partial_s2028,stack,test,ECE,0.0048642112645916743,0.00073532347526602865,0.0048482509461469543,0.0033876765171806456,0.0066967461551524603,0.0037164721560047189,0.0065829087101127283,200,calibration_resampling_fixed_trained_models_threshold_and_evaluation_cohorts,0.004684568844370845
CodeBERT_partial_s2028,stack,test,F1,0.9688149141913851,0.00012149162484952853,0.96881919099846203,0.96843931407219586,0.96905705625686978,0.96859394922072217,0.96902271667443873,200,calibration_resampling_fixed_trained_models_threshold_and_evaluation_cohorts,0.9690529331423432
CodeBERT_partial_s2028,stack,test,LogLoss,0.081306884464295695,0.00025043432527307985,0.08127977964920266,0.080847242039455008,0.082058755803324696,0.080920420171284368,0.081918484127786975,200,calibration_resampling_fixed_trained_models_threshold_and_evaluation_cohorts,0.081192591183458368
CodeBERT_partial_s2028,stack,test,ROC_AUC,0.99582287251838397,1.5493837740289871e-05,0.99582743053730671,0.99576341377965871,0.99584012633126118,0.99577591156989509,0.99583929009333627,200,calibration_resampling_fixed_trained_models_threshold_and_evaluation_cohorts,0.99582570383821645
CodeBERT_partial_s2028,stack,test,deployed_per_format_FPR_0.001,0.0017047204553063274,7.6191862638049984e-05,0.0017408771342484097,0.0016069635085369936,0.0018078339471041178,0.0016069635085369936,0.0018078339471041178,200,calibration_resampling_fixed_trained_models_threshold_and_evaluation_cohorts,0.0016739203213927017
CodeBERT_partial_s2028,stack,test,deployed_per_format_FPR_0.005,0.0063575493806494812,0.00015738591080684996,0.0063608972212922665,0.0060261131570137263,0.0066287244727150987,0.0060913960495480417,0.0066287244727150987,200,calibration_resampling_fixed_trained_models_threshold_and_evaluation_cohorts,0.0063608972212922665
CodeBERT_partial_s2028,stack,test,deployed_per_format_FPR_0.01,0.011046869768998997,0.00012885127482807014,0.011047874121191832,0.010847003682624708,0.011583528624037496,0.010847003682624708,0.011319049213257449,200,calibration_resampling_fixed_trained_models_threshold_and_evaluation_cohorts,0.010847003682624708
CodeBERT_partial_s2028,stack,test,deployed_per_format_FPR_0.05,0.050889521258788074,0.00015804691772132183,0.050820220957482426,0.0506193505189153,0.05135587546032809,0.050686307331771006,0.051288918647472377,200,calibration_resampling_fixed_trained_models_threshold_and_evaluation_cohorts,0.050820220957482426
CodeBERT_partial_s2028,stack,test,deployed_per_format_TPR_0.001,0.80166976435446402,0.0010801335874850381,0.80185861267839365,0.79953534683040162,0.80311981413873212,0.79973448390308666,0.80305343511450378,200,calibration_resampling_fixed_trained_models_threshold_and_evaluation_cohorts,0.80185861267839365
CodeBERT_partial_s2028,stack,test,deployed_per_format_TPR_0.005,0.90620942582144037,0.00052962509148676222,0.90620643876535012,0.90501161632923999,0.90700298705609028,0.90514271490209097,0.90700298705609028,200,calibration_resampling_fixed_trained_models_threshold_and_evaluation_cohorts,0.90673747095917689
CodeBERT_partial_s2028,stack,test,deployed_per_format_TPR_0.01,0.93620378360438095,0.0003300010834127716,0.93620975771656156,0.93547958845004975,0.93713906405575842,0.93561068702290073,0.93687520743445074,200,calibration_resampling_fixed_trained_models_threshold_and_evaluation_cohorts,0.93627613674078991
CodeBERT_partial_s2028,stack,test,deployed_per_format_TPR_0.05,0.98211450381679388,0.00016552305913241082,0.98214404248257547,0.98154663126452046,0.98234317955526052,0.98167938931297705,0.98234317955526052,200,calibration_resampling_fixed_trained_models_threshold_and_evaluation_cohorts,0.98207766345834713
CodeBERT_partial_s2028,stack,test,deployed_pooled_FPR_0.001,0.0018101774355540675,1.2336186075615674e-05,0.0018078339471041178,0.0018078339471041178,0.0018747907599598258,0.0018078339471041178,0.0018747907599598258,200,calibration_resampling_fixed_trained_models_threshold_and_evaluation_cohorts,0.0018078339471041178
CodeBERT_partial_s2028,stack,test,deployed_pooled_FPR_0.005,0.0058724472715098765,5.4448751894910616e-05,0.0058921995313023102,0.005691329092735186,0.0059591563441580182,0.0057582859055908941,0.0059591563441580182,200,calibration_resampling_fixed_trained_models_threshold_and_evaluation_cohorts,0.0059591563441580182
CodeBERT_partial_s2028,stack,test,deployed_pooled_FPR_0.01,0.011687311683963843,0.00013736011403799638,0.011717442249748912,0.011516571811181788,0.012119183126883161,0.011516571811181788,0.011985269501171745,200,calibration_resampling_fixed_trained_models_threshold_and_evaluation_cohorts,0.011717442249748912
CodeBERT_partial_s2028,stack,test,deployed_pooled_FPR_0.05,0.048849347171074656,0.00042419377510308584,0.048744559758955475,0.048008034817542684,0.050016739203213929,0.048275862068965517,0.049949782390358216,200,calibration_resampling_fixed_trained_models_threshold_and_evaluation_cohorts,0.048945430197522601
CodeBERT_partial_s2028,stack,test,deployed_pooled_TPR_0.001,0.8036299369399269,0.0013626350845077997,0.80345170925987386,0.8016594756057086,0.80803186193162957,0.80192499170262199,0.80770162628609354,200,calibration_resampling_fixed_trained_models_threshold_and_evaluation_cohorts,0.80185861267839365
CodeBERT_partial_s2028,stack,test,deployed_pooled_TPR_0.005,0.90590341851974765,0.00055435228084549154,0.90587454364420839,0.90368403584467305,0.90706936608031863,0.90480750082973782,0.90700464653169599,200,calibration_resampling_fixed_trained_models_threshold_and_evaluation_cohorts,0.90667109193494855
CodeBERT_partial_s2028,stack,test,deployed_pooled_TPR_0.01,0.93488118154663125,0.00021884068617194379,0.93488217723199474,0.93408562894125458,0.93574510454696314,0.93428476601393962,0.93521573182874207,200,calibration_resampling_fixed_trained_models_threshold_and_evaluation_cohorts,0.93494855625622308
CodeBERT_partial_s2028,stack,test,deployed_pooled_TPR_0.05,0.9813919681380685,0.00012326393039439564,0.98134749419183542,0.98108197809492204,0.98167938931297705,0.98114835711915038,0.98161466976435452,200,calibration_resampling_fixed_trained_models_threshold_and_evaluation_cohorts,0.98128111516760708
CodeBERT_partial_s2028,temperature,same_period,AP,0.98438986739171019,0,0.98438986739171008,0.98438986739171008,0.98438986739171008,0.98438986739171008,0.98438986739171008,200,calibration_resampling_fixed_trained_models_threshold_and_evaluation_cohorts,0.98438986739171008
CodeBERT_partial_s2028,temperature,same_period,Accuracy,0.93946666666666667,0,0.93946666666666667,0.93946666666666667,0.93946666666666667,0.93946666666666667,0.93946666666666667,200,calibration_resampling_fixed_trained_models_threshold_and_evaluation_cohorts,0.93946666666666667
CodeBERT_partial_s2028,temperature,same_period,Brier,0.048716969619766202,7.4247696932439787e-05,0.048717541102671839,0.048539374041088934,0.048932818691856145,0.048580242455266966,0.048879921072919788,200,calibration_resampling_fixed_trained_models_threshold_and_evaluation_cohorts,0.048709942536310648
CodeBERT_partial_s2028,temperature,same_period,ECE,0.022160428818985986,0.0012958502129311043,0.022346807575877644,0.018072420480139323,0.024972653436332287,0.018992190411655993,0.02433652558066534,200,calibration_resampling_fixed_trained_models_threshold_and_evaluation_cohorts,0.022482706874078991
CodeBERT_partial_s2028,temperature,same_period,F1,0.93975184128458633,0,0.93975184128458633,0.93975184128458633,0.93975184128458633,0.93975184128458633,0.93975184128458633,200,calibration_resampling_fixed_trained_models_threshold_and_evaluation_cohorts,0.93975184128458633
CodeBERT_partial_s2028,temperature,same_period,LogLoss,0.17665942760436587,4.1261089322407466e-05,0.17664055726158856,0.17662893678154756,0.1768544393432579,0.17662895804737888,0.17677151281162068,200,calibration_resampling_fixed_trained_models_threshold_and_evaluation_cohorts,0.17662897557251769
CodeBERT_partial_s2028,temperature,same_period,ROC_AUC,0.98347340003126693,0,0.98347340003126693,0.98347340003126693,0.98347340003126693,0.98347340003126693,0.98347340003126693,200,calibration_resampling_fixed_trained_models_threshold_and_evaluation_cohorts,0.98347340003126693
CodeBERT_partial_s2028,temperature,same_period,deployed_per_format_FPR_0.001,0.00086985613917698224,0,0.00086985613917698224,0.00086985613917698224,0.00086985613917698224,0.00086985613917698224,0.00086985613917698224,200,calibration_resampling_fixed_trained_models_threshold_and_evaluation_cohorts,0.00086985613917698224
CodeBERT_partial_s2028,temperature,same_period,deployed_per_format_FPR_0.005,0.0051522248243559719,0,0.0051522248243559719,0.0051522248243559719,0.0051522248243559719,0.0051522248243559719,0.0051522248243559719,200,calibration_resampling_fixed_trained_models_threshold_and_evaluation_cohorts,0.0051522248243559719
CodeBERT_partial_s2028,temperature,same_period,deployed_per_format_FPR_0.01,0.011040481766477084,0,0.011040481766477083,0.011040481766477083,0.011040481766477083,0.011040481766477083,0.011040481766477083,200,calibration_resampling_fixed_trained_models_threshold_and_evaluation_cohorts,0.011040481766477083
CodeBERT_partial_s2028,temperature,same_period,deployed_per_format_FPR_0.05,0.051388424222147878,0,0.051388424222147878,0.051388424222147878,0.051388424222147878,0.051388424222147878,0.051388424222147878,200,calibration_resampling_fixed_trained_models_threshold_and_evaluation_cohorts,0.051388424222147878
CodeBERT_partial_s2028,temperature,same_period,deployed_per_format_TPR_0.001,0.44735968116904684,0,0.44735968116904684,0.44735968116904684,0.44735968116904684,0.44735968116904684,0.44735968116904684,200,calibration_resampling_fixed_trained_models_threshold_and_evaluation_cohorts,0.44735968116904684
CodeBERT_partial_s2028,temperature,same_period,deployed_per_format_TPR_0.005,0.71225506476253742,0,0.71225506476253742,0.71225506476253742,0.71225506476253742,0.71225506476253742,0.71225506476253742,200,calibration_resampling_fixed_trained_models_threshold_and_evaluation_cohorts,0.71225506476253742
CodeBERT_partial_s2028,temperature,same_period,deployed_per_format_TPR_0.01,0.79561607439388904,0,0.79561607439388904,0.79561607439388904,0.79561607439388904,0.79561607439388904,0.79561607439388904,200,calibration_resampling_fixed_trained_models_threshold_and_evaluation_cohorts,0.79561607439388904
CodeBERT_partial_s2028,temperature,same_period,deployed_per_format_TPR_0.05,0.92567253404184657,0,0.92567253404184657,0.92567253404184657,0.92567253404184657,0.92567253404184657,0.92567253404184657,200,calibration_resampling_fixed_trained_models_threshold_and_evaluation_cohorts,0.92567253404184657
CodeBERT_partial_s2028,temperature,same_period,deployed_pooled_FPR_0.001,0.00093676814988290387,0,0.00093676814988290398,0.00093676814988290398,0.00093676814988290398,0.00093676814988290398,0.00093676814988290398,200,calibration_resampling_fixed_trained_models_threshold_and_evaluation_cohorts,0.00093676814988290398
CodeBERT_partial_s2028,temperature,same_period,deployed_pooled_FPR_0.005,0.0051522248243559719,0,0.0051522248243559719,0.0051522248243559719,0.0051522248243559719,0.0051522248243559719,0.0051522248243559719,200,calibration_resampling_fixed_trained_models_threshold_and_evaluation_cohorts,0.0051522248243559719
CodeBERT_partial_s2028,temperature,same_period,deployed_pooled_FPR_0.01,0.011174305787888927,0,0.011174305787888927,0.011174305787888927,0.011174305787888927,0.011174305787888927,0.011174305787888927,200,calibration_resampling_fixed_trained_models_threshold_and_evaluation_cohorts,0.011174305787888927
CodeBERT_partial_s2028,temperature,same_period,deployed_pooled_FPR_0.05,0.05092004014720642,0,0.05092004014720642,0.05092004014720642,0.05092004014720642,0.05092004014720642,0.05092004014720642,200,calibration_resampling_fixed_trained_models_threshold_and_evaluation_cohorts,0.05092004014720642
CodeBERT_partial_s2028,temperature,same_period,deployed_pooled_TPR_0.001,0.43899036864828955,0,0.43899036864828961,0.43899036864828961,0.43899036864828961,0.43899036864828961,0.43899036864828961,200,calibration_resampling_fixed_trained_models_threshold_and_evaluation_cohorts,0.43899036864828961
CodeBERT_partial_s2028,temperature,same_period,deployed_pooled_TPR_0.005,0.7078711391564263,0,0.70787113915642641,0.70787113915642641,0.70787113915642641,0.70787113915642641,0.70787113915642641,200,calibration_resampling_fixed_trained_models_threshold_and_evaluation_cohorts,0.70787113915642641
CodeBERT_partial_s2028,temperature,same_period,deployed_pooled_TPR_0.01,0.79202922617070737,0,0.79202922617070737,0.79202922617070737,0.79202922617070737,0.79202922617070737,0.79202922617070737,200,calibration_resampling_fixed_trained_models_threshold_and_evaluation_cohorts,0.79202922617070737
CodeBERT_partial_s2028,temperature,same_period,deployed_pooled_TPR_0.05,0.92613749584855531,0,0.92613749584855531,0.92613749584855531,0.92613749584855531,0.92613749584855531,0.92613749584855531,200,calibration_resampling_fixed_trained_models_threshold_and_evaluation_cohorts,0.92613749584855531
CodeBERT_partial_s2028,temperature,test,AP,0.98262425034776091,0,0.9826242503477608,0.9826242503477608,0.9826242503477608,0.9826242503477608,0.9826242503477608,200,calibration_resampling_fixed_trained_models_threshold_and_evaluation_cohorts,0.9826242503477608
CodeBERT_partial_s2028,temperature,test,Accuracy,0.93643333333333334,0,0.93643333333333334,0.93643333333333334,0.93643333333333334,0.93643333333333334,0.93643333333333334,200,calibration_resampling_fixed_trained_models_threshold_and_evaluation_cohorts,0.93643333333333334
CodeBERT_partial_s2028,temperature,test,Brier,0.051094862005015278,9.4036412543710936e-05,0.051096373600806669,0.050865095047551566,0.051363516853967305,0.050919401783163884,0.051298709457090613,200,calibration_resampling_fixed_trained_models_threshold_and_evaluation_cohorts,0.051086749552075664
CodeBERT_partial_s2028,temperature,test,ECE,0.026406775314572896,0.0013868124121289881,0.026415897619925181,0.022695815968847951,0.029688587253899192,0.023479061615498897,0.028991273035294432,200,calibration_resampling_fixed_trained_models_threshold_and_evaluation_cohorts,0.026473021108383527
CodeBERT_partial_s2028,temperature,test,F1,0.93601744673712461,0,0.93601744673712461,0.93601744673712461,0.93601744673712461,0.93601744673712461,0.93601744673712461,200,calibration_resampling_fixed_trained_models_threshold_and_evaluation_cohorts,0.93601744673712461
CodeBERT_partial_s2028,temperature,test,LogLoss,0.18333389433382344,0.00011352271989995873,0.18330729057568165,0.18321327675706259,0.18381549565319111,0.18321348054068956,0.18365856201955294,200,calibration_resampling_fixed_trained_models_threshold_and_evaluation_cohorts,0.18329649925759128
CodeBERT_partial_s2028,temperature,test,ROC_AUC,0.98278646565696637,0,0.98278646565696637,0.98278646565696637,0.98278646565696637,0.98278646565696637,0.98278646565696637,200,calibration_resampling_fixed_trained_models_threshold_and_evaluation_cohorts,0.98278646565696637
CodeBERT_partial_s2028,temperature,test,deployed_per_format_FPR_0.001,0.0012721794442584534,0,0.0012721794442584534,0.0012721794442584534,0.0012721794442584534,0.0012721794442584534,0.0012721794442584534,200,calibration_resampling_fixed_trained_models_threshold_and_evaluation_cohorts,0.0012721794442584534
CodeBERT_partial_s2028,temperature,test,deployed_per_format_FPR_0.005,0.0046869768998995644,0,0.0046869768998995644,0.0046869768998995644,0.0046869768998995644,0.0046869768998995644,0.0046869768998995644,200,calibration_resampling_fixed_trained_models_threshold_and_evaluation_cohorts,0.0046869768998995644
CodeBERT_partial_s2028,temperature,test,deployed_per_format_FPR_0.01,0.010512219618346167,0,0.010512219618346167,0.010512219618346167,0.010512219618346167,0.010512219618346167,0.010512219618346167,200,calibration_resampling_fixed_trained_models_threshold_and_evaluation_cohorts,0.010512219618346167
CodeBERT_partial_s2028,temperature,test,deployed_per_format_FPR_0.05,0.045664546367592901,0,0.045664546367592901,0.045664546367592901,0.045664546367592901,0.045664546367592901,0.045664546367592901,200,calibration_resampling_fixed_trained_models_threshold_and_evaluation_cohorts,0.045664546367592901
CodeBERT_partial_s2028,temperature,test,deployed_per_format_TPR_0.001,0.39913707268503151,0,0.39913707268503151,0.39913707268503151,0.39913707268503151,0.39913707268503151,0.39913707268503151,200,calibration_resampling_fixed_trained_models_threshold_and_evaluation_cohorts,0.39913707268503151
CodeBERT_partial_s2028,temperature,test,deployed_per_format_TPR_0.005,0.63790242283438436,0,0.63790242283438436,0.63790242283438436,0.63790242283438436,0.63790242283438436,0.63790242283438436,200,calibration_resampling_fixed_trained_models_threshold_and_evaluation_cohorts,0.63790242283438436
CodeBERT_partial_s2028,temperature,test,deployed_per_format_TPR_0.01,0.74563557915698642,0,0.74563557915698642,0.74563557915698642,0.74563557915698642,0.74563557915698642,0.74563557915698642,200,calibration_resampling_fixed_trained_models_threshold_and_evaluation_cohorts,0.74563557915698642
CodeBERT_partial_s2028,temperature,test,deployed_per_format_TPR_0.05,0.90872884168602719,0,0.90872884168602719,0.90872884168602719,0.90872884168602719,0.90872884168602719,0.90872884168602719,200,calibration_resampling_fixed_trained_models_threshold_and_evaluation_cohorts,0.90872884168602719
CodeBERT_partial_s2028,temperature,test,deployed_pooled_FPR_0.001,0.0011382658185470371,0,0.0011382658185470371,0.0011382658185470371,0.0011382658185470371,0.0011382658185470371,0.0011382658185470371,200,calibration_resampling_fixed_trained_models_threshold_and_evaluation_cohorts,0.0011382658185470371
CodeBERT_partial_s2028,temperature,test,deployed_pooled_FPR_0.005,0.0044191496484767322,0,0.0044191496484767322,0.0044191496484767322,0.0044191496484767322,0.0044191496484767322,0.0044191496484767322,200,calibration_resampling_fixed_trained_models_threshold_and_evaluation_cohorts,0.0044191496484767322
CodeBERT_partial_s2028,temperature,test,deployed_pooled_FPR_0.01,0.010780046869769,0,0.010780046869769,0.010780046869769,0.010780046869769,0.010780046869769,0.010780046869769,200,calibration_resampling_fixed_trained_models_threshold_and_evaluation_cohorts,0.010780046869769
CodeBERT_partial_s2028,temperature,test,deployed_pooled_FPR_0.05,0.046334114496149985,0,0.046334114496149985,0.046334114496149985,0.046334114496149985,0.046334114496149985,0.046334114496149985,200,calibration_resampling_fixed_trained_models_threshold_and_evaluation_cohorts,0.046334114496149985
CodeBERT_partial_s2028,temperature,test,deployed_pooled_TPR_0.001,0.37862595419847334,0,0.37862595419847328,0.37862595419847328,0.37862595419847328,0.37862595419847328,0.37862595419847328,200,calibration_resampling_fixed_trained_models_threshold_and_evaluation_cohorts,0.37862595419847328
CodeBERT_partial_s2028,temperature,test,deployed_pooled_TPR_0.005,0.63484898771988052,0,0.63484898771988052,0.63484898771988052,0.63484898771988052,0.63484898771988052,0.63484898771988052,200,calibration_resampling_fixed_trained_models_threshold_and_evaluation_cohorts,0.63484898771988052
CodeBERT_partial_s2028,temperature,test,deployed_pooled_TPR_0.01,0.74636574842349812,0,0.74636574842349812,0.74636574842349812,0.74636574842349812,0.74636574842349812,0.74636574842349812,200,calibration_resampling_fixed_trained_models_threshold_and_evaluation_cohorts,0.74636574842349812
CodeBERT_partial_s2028,temperature,test,deployed_pooled_TPR_0.05,0.91271158313972789,0,0.91271158313972789,0.91271158313972789,0.91271158313972789,0.91271158313972789,0.91271158313972789,200,calibration_resampling_fixed_trained_models_threshold_and_evaluation_cohorts,0.91271158313972789
CodeBERT_unfrozen_s2026,format_platt,same_period,AP,0.98242250412036047,0.00059869833254623105,0.98237210738074843,0.9808253258728219,0.98410490202318124,0.98131504554664195,0.98380091166516059,200,calibration_resampling_fixed_trained_models_threshold_and_evaluation_cohorts,0.98271877419529075
CodeBERT_unfrozen_s2026,format_platt,same_period,Accuracy,0.93701499999999993,0.00010238637803731429,0.93700000000000006,0.93676666666666664,0.93726666666666669,0.9368333333333333,0.93723333333333336,200,calibration_resampling_fixed_trained_models_threshold_and_evaluation_cohorts,0.93700000000000006
CodeBERT_unfrozen_s2026,format_platt,same_period,Brier,0.049592356286679712,8.0071769924010925e-05,0.049594020131046232,0.049374537230327413,0.049848844181205186,0.049413821833988535,0.049733659634730296,200,calibration_resampling_fixed_trained_models_threshold_and_evaluation_cohorts,0.049571069433860304
CodeBERT_unfrozen_s2026,format_platt,same_period,ECE,0.026376898075472312,0.00098552803885157761,0.026308115578390731,0.024144554401823597,0.029111975138672253,0.024395989474623608,0.028243601329323603,200,calibration_resampling_fixed_trained_models_threshold_and_evaluation_cohorts,0.02686730922957907
CodeBERT_unfrozen_s2026,format_platt,same_period,F1,0.93663670119616849,0.00011375360214687992,0.93661546716748267,0.93637857598014551,0.93692183938865803,0.93644991448405379,0.93689054379684955,200,calibration_resampling_fixed_trained_models_threshold_and_evaluation_cohorts,0.93661546716748267
CodeBERT_unfrozen_s2026,format_platt,same_period,LogLoss,0.17803506233544458,0.00020388144902896112,0.17801009948445609,0.1776487369311347,0.17854425827043124,0.1777047038147658,0.17845468378893531,200,calibration_resampling_fixed_trained_models_threshold_and_evaluation_cohorts,0.17787447918341981
CodeBERT_unfrozen_s2026,format_platt,same_period,ROC_AUC,0.98223886716699182,0.00033673902308263104,0.98225137026842257,0.98143387927771042,0.98308961709374088,0.98160126508367507,0.98282704623028816,200,calibration_resampling_fixed_trained_models_threshold_and_evaluation_cohorts,0.98239318550838295
CodeBERT_unfrozen_s2026,format_platt,same_period,deployed_per_format_FPR_0.001,0.0012713282034125125,0,0.0012713282034125125,0.0012713282034125125,0.0012713282034125125,0.0012713282034125125,0.0012713282034125125,200,calibration_resampling_fixed_trained_models_threshold_and_evaluation_cohorts,0.0012713282034125125
CodeBERT_unfrozen_s2026,format_platt,same_period,deployed_per_format_FPR_0.005,0.0052860488457678149,0,0.0052860488457678149,0.0052860488457678149,0.0052860488457678149,0.0052860488457678149,0.0052860488457678149,200,calibration_resampling_fixed_trained_models_threshold_and_evaluation_cohorts,0.0052860488457678149
CodeBERT_unfrozen_s2026,format_platt,same_period,deployed_per_format_FPR_0.01,0.010036801605888258,0,0.010036801605888258,0.010036801605888258,0.010036801605888258,0.010036801605888258,0.010036801605888258,200,calibration_resampling_fixed_trained_models_threshold_and_evaluation_cohorts,0.010036801605888258
CodeBERT_unfrozen_s2026,format_platt,same_period,deployed_per_format_FPR_0.05,0.049247239879558383,0,0.049247239879558383,0.049247239879558383,0.049247239879558383,0.049247239879558383,0.049247239879558383,200,calibration_resampling_fixed_trained_models_threshold_and_evaluation_cohorts,0.049247239879558383
CodeBERT_unfrozen_s2026,format_platt,same_period,deployed_per_format_TPR_0.001,0.48854201262039187,0,0.48854201262039187,0.48854201262039187,0.48854201262039187,0.48854201262039187,0.48854201262039187,200,calibration_resampling_fixed_trained_models_threshold_and_evaluation_cohorts,0.48854201262039187
CodeBERT_unfrozen_s2026,format_platt,same_period,deployed_per_format_TPR_0.005,0.69485220856858187,0,0.69485220856858187,0.69485220856858187,0.69485220856858187,0.69485220856858187,0.69485220856858187,200,calibration_resampling_fixed_trained_models_threshold_and_evaluation_cohorts,0.69485220856858187
CodeBERT_unfrozen_s2026,format_platt,same_period,deployed_per_format_TPR_0.01,0.7806044503487215,0,0.78060445034872139,0.78060445034872139,0.78060445034872139,0.78060445034872139,0.78060445034872139,200,calibration_resampling_fixed_trained_models_threshold_and_evaluation_cohorts,0.78060445034872139
CodeBERT_unfrozen_s2026,format_platt,same_period,deployed_per_format_TPR_0.05,0.9206243772832946,0,0.9206243772832946,0.9206243772832946,0.9206243772832946,0.9206243772832946,0.9206243772832946,200,calibration_resampling_fixed_trained_models_threshold_and_evaluation_cohorts,0.9206243772832946
CodeBERT_unfrozen_s2026,format_platt,same_period,deployed_pooled_FPR_0.001,0.0014837738374038139,0.000200953070598951,0.0016058882569421212,0.0010705921712947475,0.001873536299765808,0.0010705921712947475,0.0017397122783539645,200,calibration_resampling_fixed_trained_models_threshold_and_evaluation_cohorts,0.0016058882569421212
CodeBERT_unfrozen_s2026,format_platt,same_period,deployed_pooled_FPR_0.005,0.0054095015055202408,0.0002091449840808846,0.0054198728671796589,0.004817664770826363,0.0059551689528270328,0.0050184008029441288,0.0058213449314151889,200,calibration_resampling_fixed_trained_models_threshold_and_evaluation_cohorts,0.0054867848778855808
CodeBERT_unfrozen_s2026,format_platt,same_period,deployed_pooled_FPR_0.01,0.010207092673134828,0.00013906712704369952,0.010237537638006023,0.0095684175309468048,0.010505185680829709,0.0099029775844764138,0.010438273670123788,200,calibration_resampling_fixed_trained_models_threshold_and_evaluation_cohorts,0.010304449648711944
CodeBERT_unfrozen_s2026,format_platt,same_period,deployed_pooled_FPR_0.05,0.048480762796922053,0.00010190795587573047,0.048444295751087323,0.048176647708263631,0.048778855804616932,0.048243559718969556,0.048711943793911007,200,calibration_resampling_fixed_trained_models_threshold_and_evaluation_cohorts,0.048578119772499165
CodeBERT_unfrozen_s2026,format_platt,same_period,deployed_pooled_TPR_0.001,0.30297010959814019,0.074312097866943705,0.28518764530056462,0.19349053470607772,0.50176021255396874,0.19349053470607772,0.47655264031883099,200,calibration_resampling_fixed_trained_models_threshold_and_evaluation_cohorts,0.36286947857854535
CodeBERT_unfrozen_s2026,format_platt,same_period,deployed_pooled_TPR_0.005,0.66986449684490201,0.041040352871122433,0.68372633676519423,0.47313184988375956,0.70222517436067755,0.51844902025905015,0.70096645632680166,200,calibration_resampling_fixed_trained_models_threshold_and_evaluation_cohorts,0.69060112919295913
CodeBERT_unfrozen_s2026,format_platt,same_period,deployed_pooled_TPR_0.01,0.7818844237794752,0.0021319315422690327,0.78213218199933576,0.77230156094320823,0.78764530056459647,0.77767353038857512,0.78591996014613086,200,calibration_resampling_fixed_trained_models_threshold_and_evaluation_cohorts,0.78286283626702091
CodeBERT_unfrozen_s2026,format_platt,same_period,deployed_pooled_TPR_0.05,0.92142909332447687,0.00038611619567514415,0.92135503155097975,0.92069080039853868,0.92261707074061772,0.92082364662902694,0.92228495516439724,200,calibration_resampling_fixed_trained_models_threshold_and_evaluation_cohorts,0.92155430089671209
CodeBERT_unfrozen_s2026,format_platt,test,AP,0.97765454185220024,0.00073197822904338028,0.97762129315051238,0.97543878355840286,0.97913177839704391,0.97620871112964425,0.97895406791798723,200,calibration_resampling_fixed_trained_models_threshold_and_evaluation_cohorts,0.97815951724898764
CodeBERT_unfrozen_s2026,format_platt,test,Accuracy,0.92398616666666666,0.00010803960954484603,0.92396666666666671,0.92376666666666662,0.92430000000000001,0.92379999999999995,0.92420000000000002,200,calibration_resampling_fixed_trained_models_threshold_and_evaluation_cohorts,0.92403333333333337
CodeBERT_unfrozen_s2026,format_platt,test,Brier,0.058664782016768433,0.00034323488899725151,0.058656663603422976,0.057854223266973821,0.059543656267077555,0.058011927963722482,0.059362558882289591,200,calibration_resampling_fixed_trained_models_threshold_and_evaluation_cohorts,0.058676185086282202
CodeBERT_unfrozen_s2026,format_platt,test,ECE,0.033927523698535231,0.0012034439153927393,0.033856299057029277,0.030399715247189322,0.037411056070927443,0.031848434353514671,0.036500193912573385,200,calibration_resampling_fixed_trained_models_threshold_and_evaluation_cohorts,0.033860678020768968
CodeBERT_unfrozen_s2026,format_platt,test,F1,0.92222438813056773,0.00012238344042032472,0.92221653842762663,0.92197468527174098,0.92257866566665525,0.92201146288209612,0.92246846232526425,200,calibration_resampling_fixed_trained_models_threshold_and_evaluation_cohorts,0.9222741379898366
CodeBERT_unfrozen_s2026,format_platt,test,LogLoss,0.2038739807198047,0.0010754335093921428,0.20377313549588227,0.20158073405485558,0.20665611603207046,0.20197217993586361,0.20614219180219098,200,calibration_resampling_fixed_trained_models_threshold_and_evaluation_cohorts,0.20382120144757998
CodeBERT_unfrozen_s2026,format_platt,test,ROC_AUC,0.97886001814922963,0.00039665602119405628,0.97888413015755515,0.97760421056795388,0.97964875562663345,0.97806789116373405,0.97954541824174257,200,calibration_resampling_fixed_trained_models_threshold_and_evaluation_cohorts,0.97911347446413166
CodeBERT_unfrozen_s2026,format_platt,test,deployed_per_format_FPR_0.001,0.0017408771342484097,0,0.0017408771342484097,0.0017408771342484097,0.0017408771342484097,0.0017408771342484097,0.0017408771342484097,200,calibration_resampling_fixed_trained_models_threshold_and_evaluation_cohorts,0.0017408771342484097
CodeBERT_unfrozen_s2026,format_platt,test,deployed_per_format_FPR_0.005,0.0052895882156009377,0,0.0052895882156009377,0.0052895882156009377,0.0052895882156009377,0.0052895882156009377,0.0052895882156009377,200,calibration_resampling_fixed_trained_models_threshold_and_evaluation_cohorts,0.0052895882156009377
CodeBERT_unfrozen_s2026,format_platt,test,deployed_per_format_FPR_0.01,0.010913960495480414,0,0.010913960495480416,0.010913960495480416,0.010913960495480416,0.010913960495480416,0.010913960495480416,200,calibration_resampling_fixed_trained_models_threshold_and_evaluation_cohorts,0.010913960495480416
CodeBERT_unfrozen_s2026,format_platt,test,deployed_per_format_FPR_0.05,0.048008034817542684,0,0.048008034817542684,0.048008034817542684,0.048008034817542684,0.048008034817542684,0.048008034817542684,200,calibration_resampling_fixed_trained_models_threshold_and_evaluation_cohorts,0.048008034817542684
CodeBERT_unfrozen_s2026,format_platt,test,deployed_per_format_TPR_0.001,0.4138068370394955,0,0.4138068370394955,0.4138068370394955,0.4138068370394955,0.4138068370394955,0.4138068370394955,200,calibration_resampling_fixed_trained_models_threshold_and_evaluation_cohorts,0.4138068370394955
CodeBERT_unfrozen_s2026,format_platt,test,deployed_per_format_TPR_0.005,0.60019913707268502,0,0.60019913707268502,0.60019913707268502,0.60019913707268502,0.60019913707268502,0.60019913707268502,200,calibration_resampling_fixed_trained_models_threshold_and_evaluation_cohorts,0.60019913707268502
CodeBERT_unfrozen_s2026,format_platt,test,deployed_per_format_TPR_0.01,0.68881513441752407,0,0.68881513441752407,0.68881513441752407,0.68881513441752407,0.68881513441752407,0.68881513441752407,200,calibration_resampling_fixed_trained_models_threshold_and_evaluation_cohorts,0.68881513441752407
CodeBERT_unfrozen_s2026,format_platt,test,deployed_per_format_TPR_0.05,0.89173581148357117,0,0.89173581148357117,0.89173581148357117,0.89173581148357117,0.89173581148357117,0.89173581148357117,200,calibration_resampling_fixed_trained_models_threshold_and_evaluation_cohorts,0.89173581148357117
CodeBERT_unfrozen_s2026,format_platt,test,deployed_pooled_FPR_0.001,0.0012715098761298962,0.00038331689909807607,0.0012721794442584534,0.00066956812855708072,0.0022765316370940742,0.00073652494141278877,0.0021442919317040511,200,calibration_resampling_fixed_trained_models_threshold_and_evaluation_cohorts,0.001071309005691329
CodeBERT_unfrozen_s2026,format_platt,test,deployed_pooled_FPR_0.005,0.0054690324740542355,0.00028022186837099435,0.0054904586541680619,0.0046200200870438564,0.0061600267827251424,0.0049531302310010048,0.0060930699698694343,200,calibration_resampling_fixed_trained_models_threshold_and_evaluation_cohorts,0.0055574154670237699
CodeBERT_unfrozen_s2026,format_platt,test,deployed_pooled_FPR_0.01,0.010934047539337128,0.00025683474242769062,0.010980917308336124,0.0099096083026447949,0.011315701372614664,0.010110478741211919,0.011315701372614664,200,calibration_resampling_fixed_trained_models_threshold_and_evaluation_cohorts,0.010980917308336124
CodeBERT_unfrozen_s2026,format_platt,test,deployed_pooled_FPR_0.05,0.045387679946434549,0.00016105449875071263,0.045396719116170069,0.044994978239035824,0.045932373619015733,0.045128891864747236,0.045731503180448607,200,calibration_resampling_fixed_trained_models_threshold_and_evaluation_cohorts,0.045262805490458656
CodeBERT_unfrozen_s2026,format_platt,test,deployed_pooled_TPR_0.001,0.23598606040491205,0.072457895516583132,0.23949551941586458,0.16083637570527715,0.42482575506140058,0.16083637570527715,0.40793727182210426,200,calibration_resampling_fixed_trained_models_threshold_and_evaluation_cohorts,0.27952207102555593
CodeBERT_unfrozen_s2026,format_platt,test,deployed_pooled_TPR_0.005,0.57729571855293726,0.038204251209648286,0.5909060736807169,0.40305343511450381,0.60703617656820441,0.43560902754729508,0.60599402588781948,200,calibration_resampling_fixed_trained_models_threshold_and_evaluation_cohorts,0.59561898440092931
CodeBERT_unfrozen_s2026,format_platt,test,deployed_pooled_TPR_0.01,0.689510454696316,0.0018848027075964292,0.68974444075672092,0.68138068370394955,0.69346166611350812,0.68487885828078332,0.69273149684699631,200,calibration_resampling_fixed_trained_models_threshold_and_evaluation_cohorts,0.69080650514437436
CodeBERT_unfrozen_s2026,format_platt,test,deployed_pooled_TPR_0.05,0.88740092930633918,0.00091968319866611581,0.88728841686027216,0.88456687686691005,0.89027547295054765,0.8853617656820445,0.88934948556256221,200,calibration_resampling_fixed_trained_models_threshold_and_evaluation_cohorts,0.88695652173913042
CodeBERT_unfrozen_s2026,fusion_AP,same_period,AP,0.9962954159186963,2.9854432465602458e-05,0.99626743608029567,0.99626743608029567,0.99633818682708952,0.99626743608029567,0.99633818682708952,200,calibration_resampling_fixed_trained_models_threshold_and_evaluation_cohorts,0.99626743608029567
CodeBERT_unfrozen_s2026,fusion_AP,same_period,Accuracy,0.97249383333333339,2.2683583203662975e-05,0.97250000000000003,0.9724666666666667,0.97253333333333336,0.9724666666666667,0.97253333333333336,200,calibration_resampling_fixed_trained_models_threshold_and_evaluation_cohorts,0.97250000000000003
CodeBERT_unfrozen_s2026,fusion_AP,same_period,Brier,0.02196885409052023,8.4463278060146137e-05,0.022042397235661104,0.021743002113354927,0.022042397235661104,0.021785584935679763,0.022042397235661104,200,calibration_resampling_fixed_trained_models_threshold_and_evaluation_cohorts,0.022042397235661104
CodeBERT_unfrozen_s2026,fusion_AP,same_period,ECE,0.011724472665834807,0.00069105809138786975,0.012313381697618562,0.0097918776629855302,0.012313381697618562,0.010144858093792888,0.012313381697618562,200,calibration_resampling_fixed_trained_models_threshold_and_evaluation_cohorts,0.012313381697618562
CodeBERT_unfrozen_s2026,fusion_AP,same_period,F1,0.97249666246582889,2.1488109844694604e-05,0.97250091663611216,0.97247217223222027,0.97253699506732438,0.97247217223222027,0.97253699506732438,200,calibration_resampling_fixed_trained_models_threshold_and_evaluation_cohorts,0.97250091663611216
CodeBERT_unfrozen_s2026,fusion_AP,same_period,LogLoss,0.085347527456747743,0.0016887651629647362,0.086949544475327697,0.082210984774872514,0.086949544475327697,0.082550416011643299,0.086949544475327697,200,calibration_resampling_fixed_trained_models_threshold_and_evaluation_cohorts,0.086949544475327697
CodeBERT_unfrozen_s2026,fusion_AP,same_period,ROC_AUC,0.9959291066913234,4.6538285948068494e-05,0.99588410021956963,0.99588410021956963,0.99598850162318864,0.99588410021956963,0.99598850162318864,200,calibration_resampling_fixed_trained_models_threshold_and_evaluation_cohorts,0.99588410021956963
CodeBERT_unfrozen_s2026,fusion_AP,same_period,deployed_per_format_FPR_0.001,0.0013151555704248913,0.00016065570976650184,0.0014720642355302777,0.0011375041820006692,0.0014720642355302777,0.0011375041820006692,0.0014720642355302777,200,calibration_resampling_fixed_trained_models_threshold_and_evaluation_cohorts,0.0014720642355302777
CodeBERT_unfrozen_s2026,fusion_AP,same_period,deployed_per_format_FPR_0.005,0.005130812980930077,6.5298779850003961e-05,0.0051522248243559719,0.0050184008029441288,0.0052860488457678149,0.0050184008029441288,0.0052860488457678149,200,calibration_resampling_fixed_trained_models_threshold_and_evaluation_cohorts,0.0051522248243559719
CodeBERT_unfrozen_s2026,fusion_AP,same_period,deployed_per_format_FPR_0.01,0.010126129140180662,7.8880253890268947e-05,0.010103713616594179,0.0099029775844764138,0.010237537638006023,0.0099029775844764138,0.010237537638006023,200,calibration_resampling_fixed_trained_models_threshold_and_evaluation_cohorts,0.010103713616594179
CodeBERT_unfrozen_s2026,fusion_AP,same_period,deployed_per_format_FPR_0.05,0.052067246570759451,0.00036423825559910304,0.051722984275677487,0.051722984275677487,0.052994312479089999,0.051722984275677487,0.052860488457678156,200,calibration_resampling_fixed_trained_models_threshold_and_evaluation_cohorts,0.051722984275677487
CodeBERT_unfrozen_s2026,fusion_AP,same_period,deployed_per_format_TPR_0.001,0.80147625373630016,0.0063977322700703556,0.80777150448356028,0.79368980405181,0.80777150448356028,0.79368980405181,0.80777150448356028,200,calibration_resampling_fixed_trained_models_threshold_and_evaluation_cohorts,0.80777150448356028
CodeBERT_unfrozen_s2026,fusion_AP,same_period,deployed_per_format_TPR_0.005,0.91213218199933577,0.00071842183945772004,0.91252075722351378,0.90993025572899366,0.91252075722351378,0.90993025572899366,0.91252075722351378,200,calibration_resampling_fixed_trained_models_threshold_and_evaluation_cohorts,0.91252075722351378
CodeBERT_unfrozen_s2026,fusion_AP,same_period,deployed_per_format_TPR_0.01,0.94517402856193955,0.00027464538321796025,0.94493523746263697,0.94473596811690463,0.94553304549983397,0.9449302557289937,0.94553304549983397,200,calibration_resampling_fixed_trained_models_threshold_and_evaluation_cohorts,0.94493523746263697
CodeBERT_unfrozen_s2026,fusion_AP,same_period,deployed_per_format_TPR_0.05,0.98254566589173042,0.00011210793528413024,0.98246429757555631,0.98246429757555631,0.98292925938226505,0.98246429757555631,0.98292925938226505,200,calibration_resampling_fixed_trained_models_threshold_and_evaluation_cohorts,0.98246429757555631
CodeBERT_unfrozen_s2026,fusion_AP,same_period,deployed_pooled_FPR_0.001,0.00126497156239545,0.00014333732816910918,0.001405152224824356,0.0010705921712947475,0.001405152224824356,0.0010705921712947475,0.001405152224824356,200,calibration_resampling_fixed_trained_models_threshold_and_evaluation_cohorts,0.001405152224824356
CodeBERT_unfrozen_s2026,fusion_AP,same_period,deployed_pooled_FPR_0.005,0.005306457009033122,0.00010546651058354762,0.0053529608564737369,0.0050184008029441288,0.0054867848778855808,0.0051488792238206758,0.0054867848778855808,200,calibration_resampling_fixed_trained_models_threshold_and_evaluation_cohorts,0.0053529608564737369
CodeBERT_unfrozen_s2026,fusion_AP,same_period,deployed_pooled_FPR_0.01,0.01036734693877551,3.9480394345809474e-05,0.010371361659417865,0.010237537638006023,0.010505185680829709,0.010302776848444295,0.010438273670123788,200,calibration_resampling_fixed_trained_models_threshold_and_evaluation_cohorts,0.010371361659417865
CodeBERT_unfrozen_s2026,fusion_AP,same_period,deployed_pooled_FPR_0.05,0.052098026095684175,0.00012583476169431381,0.052191368350618939,0.051923720307795247,0.052258280361324856,0.051923720307795247,0.052258280361324856,200,calibration_resampling_fixed_trained_models_threshold_and_evaluation_cohorts,0.052191368350618939
CodeBERT_unfrozen_s2026,fusion_AP,same_period,deployed_pooled_TPR_0.001,0.79553769511790107,0.0035979803396513303,0.79887080704085023,0.78651610760544666,0.79887080704085023,0.78824310860179347,0.79887080704085023,200,calibration_resampling_fixed_trained_models_threshold_and_evaluation_cohorts,0.79887080704085023
CodeBERT_unfrozen_s2026,fusion_AP,same_period,deployed_pooled_TPR_0.005,0.91346429757555625,0.0010137473414415733,0.91431418133510467,0.90959814015277318,0.91431418133510467,0.91160577881102622,0.91431418133510467,200,calibration_resampling_fixed_trained_models_threshold_and_evaluation_cohorts,0.91431418133510467
CodeBERT_unfrozen_s2026,fusion_AP,same_period,deployed_pooled_TPR_0.01,0.94411823314513454,0.00019809765525585367,0.94393889073397541,0.94393889073397541,0.94440385254068415,0.94393889073397541,0.94440385254068415,200,calibration_resampling_fixed_trained_models_threshold_and_evaluation_cohorts,0.94393889073397541
CodeBERT_unfrozen_s2026,fusion_AP,same_period,deployed_pooled_TPR_0.05,0.98284921952839599,0.00010471708945415409,0.98292925938226505,0.98259714380604446,0.98292925938226505,0.98266190634340755,0.98292925938226505,200,calibration_resampling_fixed_trained_models_threshold_and_evaluation_cohorts,0.98292925938226505
CodeBERT_unfrozen_s2026,fusion_AP,test,AP,0.99585376312807128,0.00010573947504857549,0.99594655259609399,0.99557917221909153,0.99594655259609399,0.99563524677334969,0.99594655259609399,200,calibration_resampling_fixed_trained_models_threshold_and_evaluation_cohorts,0.99594655259609399
CodeBERT_unfrozen_s2026,fusion_AP,test,Accuracy,0.96844166666666665,5.3649606618686483e-05,0.96840000000000004,0.96836666666666671,0.96853333333333336,0.96836666666666671,0.96853333333333336,200,calibration_resampling_fixed_trained_models_threshold_and_evaluation_cohorts,0.96840000000000004
CodeBERT_unfrozen_s2026,fusion_AP,test,Brier,0.024483395278100759,7.692165868780614e-05,0.024551240025592905,0.024289148524900901,0.024551240025592905,0.024321147219371814,0.024551240025592905,200,calibration_resampling_fixed_trained_models_threshold_and_evaluation_cohorts,0.024551240025592905
CodeBERT_unfrozen_s2026,fusion_AP,test,ECE,0.014714538332982852,0.00076536331696851244,0.015355826404235631,0.01237898180048071,0.015355826404235631,0.012947156208004681,0.015355826404235631,200,calibration_resampling_fixed_trained_models_threshold_and_evaluation_cohorts,0.015355826404235631
CodeBERT_unfrozen_s2026,fusion_AP,test,F1,0.9684384563732279,5.4545549642477013e-05,0.96839578610481403,0.96836350301696839,0.96853123541569441,0.96836350301696839,0.96853123541569441,200,calibration_resampling_fixed_trained_models_threshold_and_evaluation_cohorts,0.96839578610481403
CodeBERT_unfrozen_s2026,fusion_AP,test,LogLoss,0.093717934918982115,0.0014094461973320647,0.095059589184649143,0.091236488169439633,0.095059589184649143,0.09144919511029917,0.095059589184649143,200,calibration_resampling_fixed_trained_models_threshold_and_evaluation_cohorts,0.095059589184649143
CodeBERT_unfrozen_s2026,fusion_AP,test,ROC_AUC,0.99560934368656495,6.9620751695550017e-05,0.99566611417481066,0.9954005358545065,0.99566611417481066,0.99544919576823165,0.99566611417481066,200,calibration_resampling_fixed_trained_models_threshold_and_evaluation_cohorts,0.99566611417481066
CodeBERT_unfrozen_s2026,fusion_AP,test,deployed_per_format_FPR_0.001,0.0015028456645463676,4.3861598616379663e-05,0.0014730498828255775,0.0014730498828255775,0.0016739203213927017,0.0014730498828255775,0.0016086374288583867,200,calibration_resampling_fixed_trained_models_threshold_and_evaluation_cohorts,0.0014730498828255775
CodeBERT_unfrozen_s2026,fusion_AP,test,deployed_per_format_FPR_0.005,0.0060549045865416805,9.06831432602622e-05,0.0060930699698694343,0.0059591563441580182,0.0064948108470036826,0.0059591563441580182,0.0061031134917977929,200,calibration_resampling_fixed_trained_models_threshold_and_evaluation_cohorts,0.0060930699698694343
CodeBERT_unfrozen_s2026,fusion_AP,test,deployed_per_format_FPR_0.01,0.011788416471375962,0.00017279137352211341,0.011918312688316036,0.011315701372614664,0.011918312688316036,0.01151155005021761,0.011918312688316036,200,calibration_resampling_fixed_trained_models_threshold_and_evaluation_cohorts,0.011918312688316036
CodeBERT_unfrozen_s2026,fusion_AP,test,deployed_per_format_FPR_0.05,0.051402410445262808,0.00023264324263199104,0.051623702711750923,0.050887177770338132,0.051623702711750923,0.051148309340475394,0.051623702711750923,200,calibration_resampling_fixed_trained_models_threshold_and_evaluation_cohorts,0.051623702711750923
CodeBERT_unfrozen_s2026,fusion_AP,test,deployed_per_format_TPR_0.001,0.77899701294390977,0.021481584667447019,0.79986724195154335,0.74344507135745108,0.79986724195154335,0.7451924991702622,0.79986724195154335,200,calibration_resampling_fixed_trained_models_threshold_and_evaluation_cohorts,0.79986724195154335
CodeBERT_unfrozen_s2026,fusion_AP,test,deployed_per_format_TPR_0.005,0.90316063723863271,0.0010144041361094989,0.90394955194158644,0.90036508463325593,0.90394955194158644,0.90036508463325593,0.90394955194158644,200,calibration_resampling_fixed_trained_models_threshold_and_evaluation_cohorts,0.90394955194158644
CodeBERT_unfrozen_s2026,fusion_AP,test,deployed_per_format_TPR_0.01,0.93609890474610025,0.00027349430673176525,0.93614337869233322,0.9346830401593097,0.93627613674078991,0.93539495519415861,0.93627613674078991,200,calibration_resampling_fixed_trained_models_threshold_and_evaluation_cohorts,0.93614337869233322
CodeBERT_unfrozen_s2026,fusion_AP,test,deployed_per_format_TPR_0.05,0.98135479588450059,0.00016779390064006929,0.98121473614337873,0.98121473614337873,0.98201128443411878,0.98121473614337873,0.98168768669100559,200,calibration_resampling_fixed_trained_models_threshold_and_evaluation_cohorts,0.98121473614337873
CodeBERT_unfrozen_s2026,fusion_AP,test,deployed_pooled_FPR_0.001,0.0016484767325075326,5.873327189654679e-05,0.0016069635085369936,0.0016069635085369936,0.0017408771342484097,0.0016069635085369936,0.0017408771342484097,200,calibration_resampling_fixed_trained_models_threshold_and_evaluation_cohorts,0.0016069635085369936
CodeBERT_unfrozen_s2026,fusion_AP,test,deployed_pooled_FPR_0.005,0.0060937395379979916,0.00014412157015928907,0.0062269835955808504,0.0058921995313023102,0.0062269835955808504,0.0058921995313023102,0.0062269835955808504,200,calibration_resampling_fixed_trained_models_threshold_and_evaluation_cohorts,0.0062269835955808504
CodeBERT_unfrozen_s2026,fusion_AP,test,deployed_pooled_FPR_0.01,0.012398058252427185,7.3463371329430269e-05,0.012453967191161701,0.012253096752594577,0.012453967191161701,0.012253096752594577,0.012453967191161701,200,calibration_resampling_fixed_trained_models_threshold_and_evaluation_cohorts,0.012453967191161701
CodeBERT_unfrozen_s2026,fusion_AP,test,deployed_pooled_FPR_0.05,0.051055574154670234,0.00035181210936930079,0.05135587546032809,0.049949782390358216,0.05135587546032809,0.05008034817542685,0.05135587546032809,200,calibration_resampling_fixed_trained_models_threshold_and_evaluation_cohorts,0.05135587546032809
CodeBERT_unfrozen_s2026,fusion_AP,test,deployed_pooled_TPR_0.001,0.77511184865582483,0.017794955312588078,0.79196813806837041,0.73747095917690009,0.79196813806837041,0.73960670428144704,0.79196813806837041,200,calibration_resampling_fixed_trained_models_threshold_and_evaluation_cohorts,0.79196813806837041
CodeBERT_unfrozen_s2026,fusion_AP,test,deployed_pooled_TPR_0.005,0.90447427812811154,0.0012009516395086574,0.90547626949883842,0.8999004314636575,0.90547626949883842,0.90287753070029875,0.90547626949883842,200,calibration_resampling_fixed_trained_models_threshold_and_evaluation_cohorts,0.90547626949883842
CodeBERT_unfrozen_s2026,fusion_AP,test,deployed_pooled_TPR_0.01,0.93493328908065054,0.00031877424640887266,0.9346830401593097,0.93435114503816796,0.93534683040159305,0.93467474278128115,0.93534683040159305,200,calibration_resampling_fixed_trained_models_threshold_and_evaluation_cohorts,0.9346830401593097
CodeBERT_unfrozen_s2026,fusion_AP,test,deployed_pooled_TPR_0.05,0.98132061068702303,6.5234204146652944e-05,0.98134749419183542,0.98114835711915038,0.98141387321606377,0.98114835711915038,0.98134749419183542,200,calibration_resampling_fixed_trained_models_threshold_and_evaluation_cohorts,0.98134749419183542
CodeBERT_unfrozen_s2026,fusion_ROC_AUC,same_period,AP,0.99628265786678738,2.7165307064554859e-05,0.99626743608029567,0.99626743608029567,0.99633818682708952,0.99626743608029567,0.99633818682708952,200,calibration_resampling_fixed_trained_models_threshold_and_evaluation_cohorts,0.99626743608029567
CodeBERT_unfrozen_s2026,fusion_ROC_AUC,same_period,Accuracy,0.97249966666666665,1.6705148204960396e-05,0.97250000000000003,0.9724666666666667,0.97253333333333336,0.9724666666666667,0.97253333333333336,200,calibration_resampling_fixed_trained_models_threshold_and_evaluation_cohorts,0.97250000000000003
CodeBERT_unfrozen_s2026,fusion_ROC_AUC,same_period,Brier,0.02201050935250987,6.2001671988763793e-05,0.022042397235661104,0.021743002113354927,0.022042397235661104,0.021838453659931447,0.022042397235661104,200,calibration_resampling_fixed_trained_models_threshold_and_evaluation_cohorts,0.022042397235661104
CodeBERT_unfrozen_s2026,fusion_ROC_AUC,same_period,ECE,0.012060942892375814,0.00049979271985558355,0.012313381697618562,0.0097918776629855302,0.012313381697618562,0.010613319767787684,0.012313381697618562,200,calibration_resampling_fixed_trained_models_threshold_and_evaluation_cohorts,0.012313381697618562
CodeBERT_unfrozen_s2026,fusion_ROC_AUC,same_period,F1,0.97250148181417739,1.6207170632265498e-05,0.97250091663611216,0.97247217223222027,0.97253699506732438,0.97247217223222027,0.97253699506732438,200,calibration_resampling_fixed_trained_models_threshold_and_evaluation_cohorts,0.97250091663611216
CodeBERT_unfrozen_s2026,fusion_ROC_AUC,same_period,LogLoss,0.086208824688170219,0.0013308231654314199,0.086949544475327697,0.082210984774872514,0.086949544475327697,0.083032614355429205,0.086949544475327697,200,calibration_resampling_fixed_trained_models_threshold_and_evaluation_cohorts,0.086949544475327697
CodeBERT_unfrozen_s2026,fusion_ROC_AUC,same_period,ROC_AUC,0.99590788189485668,4.1759266238565622e-05,0.99588410021956963,0.99588410021956963,0.99598850162318864,0.99588410021956963,0.99598850162318864,200,calibration_resampling_fixed_trained_models_threshold_and_evaluation_cohorts,0.99588410021956963
CodeBERT_unfrozen_s2026,fusion_ROC_AUC,same_period,deployed_per_format_FPR_0.001,0.0013907661425225828,0.00014180344592154871,0.0014720642355302777,0.0011375041820006692,0.0014720642355302777,0.0011375041820006692,0.0014720642355302777,200,calibration_resampling_fixed_trained_models_threshold_and_evaluation_cohorts,0.0014720642355302777
CodeBERT_unfrozen_s2026,fusion_ROC_AUC,same_period,deployed_per_format_FPR_0.005,0.0051331549013047843,4.8547282311475515e-05,0.0051522248243559719,0.0050184008029441288,0.0052860488457678149,0.0050184008029441288,0.0051538976246236204,200,calibration_resampling_fixed_trained_models_threshold_and_evaluation_cohorts,0.0051522248243559719
CodeBERT_unfrozen_s2026,fusion_ROC_AUC,same_period,deployed_per_format_FPR_0.01,0.010115088658414186,5.1134966759678139e-05,0.010103713616594179,0.0099029775844764138,0.010237537638006023,0.010036801605888258,0.010237537638006023,200,calibration_resampling_fixed_trained_models_threshold_and_evaluation_cohorts,0.010103713616594179
CodeBERT_unfrozen_s2026,fusion_ROC_AUC,same_period,deployed_per_format_FPR_0.05,0.05189093342254935,0.00029923885704000923,0.051722984275677487,0.051722984275677487,0.052994312479089999,0.051722984275677487,0.052392104382736698,200,calibration_resampling_fixed_trained_models_threshold_and_evaluation_cohorts,0.051722984275677487
CodeBERT_unfrozen_s2026,fusion_ROC_AUC,same_period,deployed_per_format_TPR_0.001,0.80451046164065088,0.005680260454172888,0.80777150448356028,0.79368980405181,0.80777150448356028,0.79368980405181,0.80777150448356028,200,calibration_resampling_fixed_trained_models_threshold_and_evaluation_cohorts,0.80777150448356028
CodeBERT_unfrozen_s2026,fusion_ROC_AUC,same_period,deployed_per_format_TPR_0.005,0.91240152773165062,0.00038692612444552783,0.91252075722351378,0.90993025572899366,0.91252075722351378,0.91165725672534037,0.91252075722351378,200,calibration_resampling_fixed_trained_models_threshold_and_evaluation_cohorts,0.91252075722351378
CodeBERT_unfrozen_s2026,fusion_ROC_AUC,same_period,deployed_per_format_TPR_0.01,0.94505812022583857,0.00022823404462333122,0.94493523746263697,0.94473596811690463,0.94553304549983397,0.94493523746263697,0.94553304549983397,200,calibration_resampling_fixed_trained_models_threshold_and_evaluation_cohorts,0.94493523746263697
CodeBERT_unfrozen_s2026,fusion_ROC_AUC,same_period,deployed_per_format_TPR_0.05,0.98249750913317835,7.5631472324623323e-05,0.98246429757555631,0.98246429757555631,0.98292925938226505,0.98246429757555631,0.98272999003653272,200,calibration_resampling_fixed_trained_models_threshold_and_evaluation_cohorts,0.98246429757555631
CodeBERT_unfrozen_s2026,fusion_ROC_AUC,same_period,deployed_pooled_FPR_0.001,0.0013362328537972568,0.00012016670849670777,0.001405152224824356,0.0010705921712947475,0.001405152224824356,0.0010705921712947475,0.001405152224824356,200,calibration_resampling_fixed_trained_models_threshold_and_evaluation_cohorts,0.001405152224824356
CodeBERT_unfrozen_s2026,fusion_ROC_AUC,same_period,deployed_pooled_FPR_0.005,0.0053442622950819673,7.6279633215033433e-05,0.0053529608564737369,0.0050184008029441288,0.0054867848778855808,0.0051522248243559719,0.0054867848778855808,200,calibration_resampling_fixed_trained_models_threshold_and_evaluation_cohorts,0.0053529608564737369
CodeBERT_unfrozen_s2026,fusion_ROC_AUC,same_period,deployed_pooled_FPR_0.01,0.010364670458347275,2.7657759823108182e-05,0.010371361659417865,0.010237537638006023,0.010505185680829709,0.010304449648711944,0.010371361659417865,200,calibration_resampling_fixed_trained_models_threshold_and_evaluation_cohorts,0.010371361659417865
CodeBERT_unfrozen_s2026,fusion_ROC_AUC,same_period,deployed_pooled_FPR_0.05,0.052138842422214789,0.00010014416599550613,0.052191368350618939,0.051923720307795247,0.052258280361324856,0.051923720307795247,0.052191368350618939,200,calibration_resampling_fixed_trained_models_threshold_and_evaluation_cohorts,0.052191368350618939
CodeBERT_unfrozen_s2026,fusion_ROC_AUC,same_period,deployed_pooled_TPR_0.001,0.79725207572235135,0.002902431613525467,0.79887080704085023,0.78651610760544666,0.79887080704085023,0.79003653271338425,0.79887080704085023,200,calibration_resampling_fixed_trained_models_threshold_and_evaluation_cohorts,0.79887080704085023
CodeBERT_unfrozen_s2026,fusion_ROC_AUC,same_period,deployed_pooled_TPR_0.005,0.91391564264364011,0.00077972644734933152,0.91431418133510467,0.90959814015277318,0.91431418133510467,0.91258718033875785,0.91431418133510467,200,calibration_resampling_fixed_trained_models_threshold_and_evaluation_cohorts,0.91431418133510467
CodeBERT_unfrozen_s2026,fusion_ROC_AUC,same_period,deployed_pooled_TPR_0.01,0.94402723347725004,0.00016203502396551833,0.94393889073397541,0.94393889073397541,0.94440385254068415,0.94393889073397541,0.94440385254068415,200,calibration_resampling_fixed_trained_models_threshold_and_evaluation_cohorts,0.94393889073397541
CodeBERT_unfrozen_s2026,fusion_ROC_AUC,same_period,deployed_pooled_TPR_0.05,0.98289870474925278,7.5584554533330022e-05,0.98292925938226505,0.98259714380604446,0.98292925938226505,0.98272999003653272,0.98292925938226505,200,calibration_resampling_fixed_trained_models_threshold_and_evaluation_cohorts,0.98292925938226505
CodeBERT_unfrozen_s2026,fusion_ROC_AUC,test,AP,0.9959062879197772,7.8071134632649625e-05,0.99594655259609399,0.99557917221909153,0.99594655259609399,0.99569544487004158,0.99594655259609399,200,calibration_resampling_fixed_trained_models_threshold_and_evaluation_cohorts,0.99594655259609399
CodeBERT_unfrozen_s2026,fusion_ROC_AUC,test,Accuracy,0.96842316666666672,4.6207057115799496e-05,0.96840000000000004,0.96836666666666671,0.96853333333333336,0.96840000000000004,0.96853333333333336,200,calibration_resampling_fixed_trained_models_threshold_and_evaluation_cohorts,0.96840000000000004
CodeBERT_unfrozen_s2026,fusion_ROC_AUC,test,Brier,0.024521674057002389,5.6843052940464374e-05,0.024551240025592905,0.024289148524900901,0.024551240025592905,0.024364586435694582,0.024551240025592905,200,calibration_resampling_fixed_trained_models_threshold_and_evaluation_cohorts,0.024551240025592905
CodeBERT_unfrozen_s2026,fusion_ROC_AUC,test,ECE,0.015082408104035492,0.00055423132449082535,0.015355826404235631,0.01237898180048071,0.015355826404235631,0.013614395103171386,0.015355826404235631,200,calibration_resampling_fixed_trained_models_threshold_and_evaluation_cohorts,0.015355826404235631
CodeBERT_unfrozen_s2026,fusion_ROC_AUC,test,F1,0.96841946526874134,4.7027338818694091e-05,0.96839578610481403,0.96836350301696839,0.96853123541569441,0.96839578610481403,0.96853123541569441,200,calibration_resampling_fixed_trained_models_threshold_and_evaluation_cohorts,0.96839578610481403
CodeBERT_unfrozen_s2026,fusion_ROC_AUC,test,LogLoss,0.094438164235289612,0.0011138482656581213,0.095059589184649143,0.091236488169439633,0.095059589184649143,0.091794614820597364,0.095059589184649143,200,calibration_resampling_fixed_trained_models_threshold_and_evaluation_cohorts,0.095059589184649143
CodeBERT_unfrozen_s2026,fusion_ROC_AUC,test,ROC_AUC,0.99564264764527255,4.9352388674261373e-05,0.99566611417481066,0.9954005358545065,0.99566611417481066,0.99550027994970125,0.99566611417481066,200,calibration_resampling_fixed_trained_models_threshold_and_evaluation_cohorts,0.99566611417481066
CodeBERT_unfrozen_s2026,fusion_ROC_AUC,test,deployed_per_format_FPR_0.001,0.001484432541011048,3.0840921743249587e-05,0.0014730498828255775,0.0014730498828255775,0.0016739203213927017,0.0014730498828255775,0.0015400066956812856,200,calibration_resampling_fixed_trained_models_threshold_and_evaluation_cohorts,0.0014730498828255775
CodeBERT_unfrozen_s2026,fusion_ROC_AUC,test,deployed_per_format_FPR_0.005,0.0060736524941412797,6.2100449806778364e-05,0.0060930699698694343,0.0059591563441580182,0.0064948108470036826,0.0059591563441580182,0.0060930699698694343,200,calibration_resampling_fixed_trained_models_threshold_and_evaluation_cohorts,0.0060930699698694343
CodeBERT_unfrozen_s2026,fusion_ROC_AUC,test,deployed_per_format_FPR_0.01,0.011867760294609977,0.00012620495492539826,0.011918312688316036,0.011315701372614664,0.011918312688316036,0.011583528624037496,0.011918312688316036,200,calibration_resampling_fixed_trained_models_threshold_and_evaluation_cohorts,0.011918312688316036
CodeBERT_unfrozen_s2026,fusion_ROC_AUC,test,deployed_per_format_FPR_0.05,0.051518580515567465,0.00018825016133778018,0.051623702711750923,0.050887177770338132,0.051623702711750923,0.051155005021760964,0.051623702711750923,200,calibration_resampling_fixed_trained_models_threshold_and_evaluation_cohorts,0.051623702711750923
CodeBERT_unfrozen_s2026,fusion_ROC_AUC,test,deployed_per_format_TPR_0.001,0.78980550945901096,0.017660967373968238,0.79986724195154335,0.74344507135745108,0.79986724195154335,0.75180882841022234,0.79986724195154335,200,calibration_resampling_fixed_trained_models_threshold_and_evaluation_cohorts,0.79986724195154335
CodeBERT_unfrozen_s2026,fusion_ROC_AUC,test,deployed_per_format_TPR_0.005,0.90361699303020249,0.00065549912380792976,0.90394955194158644,0.90036508463325593,0.90394955194158644,0.90229007633587788,0.90394955194158644,200,calibration_resampling_fixed_trained_models_threshold_and_evaluation_cohorts,0.90394955194158644
CodeBERT_unfrozen_s2026,fusion_ROC_AUC,test,deployed_per_format_TPR_0.01,0.93614072353136413,0.00016989861059047456,0.93614337869233322,0.9346830401593097,0.93627613674078991,0.93574510454696314,0.93627613674078991,200,calibration_resampling_fixed_trained_models_threshold_and_evaluation_cohorts,0.93614337869233322
CodeBERT_unfrozen_s2026,fusion_ROC_AUC,test,deployed_per_format_TPR_0.05,0.98128045137736475,0.00012851917167667535,0.98121473614337873,0.98121473614337873,0.98201128443411878,0.98121473614337873,0.98148025224029212,200,calibration_resampling_fixed_trained_models_threshold_and_evaluation_cohorts,0.98121473614337873
CodeBERT_unfrozen_s2026,fusion_ROC_AUC,test,deployed_pooled_FPR_0.001,0.0016237027117509207,4.3372202082341642e-05,0.0016069635085369936,0.0016069635085369936,0.0017408771342484097,0.0016069635085369936,0.0017408771342484097,200,calibration_resampling_fixed_trained_models_threshold_and_evaluation_cohorts,0.0016069635085369936
CodeBERT_unfrozen_s2026,fusion_ROC_AUC,test,deployed_pooled_FPR_0.005,0.0061620354871108141,0.0001181683108846871,0.0062269835955808504,0.0058921995313023102,0.0062269835955808504,0.0058921995313023102,0.0062269835955808504,200,calibration_resampling_fixed_trained_models_threshold_and_evaluation_cohorts,0.0062269835955808504
CodeBERT_unfrozen_s2026,fusion_ROC_AUC,test,deployed_pooled_FPR_0.01,0.012433545363240711,5.0320127249468801e-05,0.012453967191161701,0.012253096752594577,0.012453967191161701,0.012320053565450285,0.012453967191161701,200,calibration_resampling_fixed_trained_models_threshold_and_evaluation_cohorts,0.012453967191161701
CodeBERT_unfrozen_s2026,fusion_ROC_AUC,test,deployed_pooled_FPR_0.05,0.051213257448945428,0.00027011470740411896,0.05135587546032809,0.049949782390358216,0.05135587546032809,0.050552393706059594,0.05135587546032809,200,calibration_resampling_fixed_trained_models_threshold_and_evaluation_cohorts,0.05135587546032809
CodeBERT_unfrozen_s2026,fusion_ROC_AUC,test,deployed_pooled_TPR_0.001,0.7839299701294391,0.014304072519297441,0.79196813806837041,0.73747095917690009,0.79196813806837041,0.75028211085297047,0.79196813806837041,200,calibration_resampling_fixed_trained_models_threshold_and_evaluation_cohorts,0.79196813806837041
CodeBERT_unfrozen_s2026,fusion_ROC_AUC,test,deployed_pooled_TPR_0.005,0.9050132758048457,0.00091795393459129693,0.90547626949883842,0.8999004314636575,0.90547626949883842,0.90335214072353132,0.90547626949883842,200,calibration_resampling_fixed_trained_models_threshold_and_evaluation_cohorts,0.90547626949883842
CodeBERT_unfrozen_s2026,fusion_ROC_AUC,test,deployed_pooled_TPR_0.01,0.93479024228343843,0.00023135268408968994,0.9346830401593097,0.93435114503816796,0.93534683040159305,0.9346830401593097,0.93534683040159305,200,calibration_resampling_fixed_trained_models_threshold_and_evaluation_cohorts,0.9346830401593097
CodeBERT_unfrozen_s2026,fusion_ROC_AUC,test,deployed_pooled_TPR_0.05,0.98132592100896121,6.1689419193024597e-05,0.98134749419183542,0.98114835711915038,0.98141387321606377,0.98114835711915038,0.98134749419183542,200,calibration_resampling_fixed_trained_models_threshold_and_evaluation_cohorts,0.98134749419183542
CodeBERT_unfrozen_s2026,fusion_TPR_0.001,same_period,AP,0.99586669701847752,0.0012159733202217356,0.99626743608029567,0.99037011863454794,0.99633818682708952,0.99037011863454794,0.99633818682708952,200,calibration_resampling_fixed_trained_models_threshold_and_evaluation_cohorts,0.99633818682708952
CodeBERT_unfrozen_s2026,fusion_TPR_0.001,same_period,Accuracy,0.96994533333333333,0.0087355374870151208,0.97250000000000003,0.9371666666666667,0.97253333333333336,0.9371666666666667,0.97253333333333336,200,calibration_resampling_fixed_trained_models_threshold_and_evaluation_cohorts,0.97253333333333336
CodeBERT_unfrozen_s2026,fusion_TPR_0.001,same_period,Brier,0.023783212826201546,0.0060115569136599553,0.022042397235661104,0.02164616117726504,0.050990655754827661,0.021743002113354927,0.050990655754827661,200,calibration_resampling_fixed_trained_models_threshold_and_evaluation_cohorts,0.021966313876302563
CodeBERT_unfrozen_s2026,fusion_TPR_0.001,same_period,ECE,0.013272191580506765,0.0070777911163396245,0.011730630995897908,0.0082950752602893307,0.043569365779181947,0.0082950752602893307,0.043569365779181947,200,calibration_resampling_fixed_trained_models_threshold_and_evaluation_cohorts,0.011730630995897908
CodeBERT_unfrozen_s2026,fusion_TPR_0.001,same_period,F1,0.96991994601317055,0.0088355763628712031,0.97250091663611216,0.93675557792316722,0.97253699506732438,0.93675557792316722,0.97253699506732438,200,calibration_resampling_fixed_trained_models_threshold_and_evaluation_cohorts,0.97253699506732438
CodeBERT_unfrozen_s2026,fusion_TPR_0.001,same_period,LogLoss,0.089560841696429416,0.01729117500157094,0.08468277341439473,0.081552265432527873,0.17360512753169782,0.08192024526099223,0.17360512753169782,200,calibration_resampling_fixed_trained_models_threshold_and_evaluation_cohorts,0.08468277341439473
CodeBERT_unfrozen_s2026,fusion_TPR_0.001,same_period,ROC_AUC,0.99547758273194564,0.0012942560812115352,0.99588410021956963,0.98960983808782321,0.99598850162318864,0.98960983808782321,0.99598850162318864,200,calibration_resampling_fixed_trained_models_threshold_and_evaluation_cohorts,0.99598850162318864
CodeBERT_unfrozen_s2026,fusion_TPR_0.001,same_period,deployed_per_format_FPR_0.001,0.0012295081967213114,0.00017342948856259189,0.0011375041820006692,0.00086985613917698224,0.0014720642355302777,0.00086985613917698224,0.0014720642355302777,200,calibration_resampling_fixed_trained_models_threshold_and_evaluation_cohorts,0.0011375041820006692
CodeBERT_unfrozen_s2026,fusion_TPR_0.001,same_period,deployed_per_format_FPR_0.005,0.0050873201739712283,0.00010497739688505697,0.0050853128136500499,0.0047507527601204419,0.0053529608564737369,0.0048845767815322849,0.0052860488457678149,200,calibration_resampling_fixed_trained_models_threshold_and_evaluation_cohorts,0.0050184008029441288
CodeBERT_unfrozen_s2026,fusion_TPR_0.001,same_period,deployed_per_format_FPR_0.01,0.01013583138173302,0.00033786978087777881,0.010103713616594179,0.0095015055202408837,0.011308129809300769,0.0095015055202408837,0.011241217798594848,200,calibration_resampling_fixed_trained_models_threshold_and_evaluation_cohorts,0.010103713616594179
CodeBERT_unfrozen_s2026,fusion_TPR_0.001,same_period,deployed_per_format_FPR_0.05,0.05198795583807294,0.00099511067061145331,0.052325192372030781,0.048845767815322849,0.053328872532619608,0.048977919036467046,0.053328872532619608,200,calibration_resampling_fixed_trained_models_threshold_and_evaluation_cohorts,0.052325192372030781
CodeBERT_unfrozen_s2026,fusion_TPR_0.001,same_period,deployed_per_format_TPR_0.001,0.79228794420458315,0.016181947696092477,0.79461972766522748,0.72925938226502818,0.80777150448356028,0.72925938226502818,0.80777150448356028,200,calibration_resampling_fixed_trained_models_threshold_and_evaluation_cohorts,0.79368980405181
CodeBERT_unfrozen_s2026,fusion_TPR_0.001,same_period,deployed_per_format_TPR_0.005,0.9035420126203918,0.017214498962166445,0.91225506476253737,0.83354367319827305,0.91252075722351378,0.83354367319827305,0.91252075722351378,200,calibration_resampling_fixed_trained_models_threshold_and_evaluation_cohorts,0.91252075722351378
CodeBERT_unfrozen_s2026,fusion_TPR_0.001,same_period,deployed_per_format_TPR_0.01,0.93737196944536694,0.017046652405969722,0.94493523746263697,0.8678180006642312,0.94553304549983397,0.8678180006642312,0.94553304549983397,200,calibration_resampling_fixed_trained_models_threshold_and_evaluation_cohorts,0.94540019926934571
CodeBERT_unfrozen_s2026,fusion_TPR_0.001,same_period,deployed_per_format_TPR_0.05,0.97846330122882763,0.013242115975817094,0.98246429757555631,0.92421122550647627,0.98326137495848553,0.92421122550647627,0.98292925938226505,200,calibration_resampling_fixed_trained_models_threshold_and_evaluation_cohorts,0.98253072069080039
CodeBERT_unfrozen_s2026,fusion_TPR_0.001,same_period,deployed_pooled_FPR_0.001,0.0012054198728671797,0.00014062445843209339,0.0011375041820006692,0.00093676814988290398,0.001405152224824356,0.0010036801605888257,0.001405152224824356,200,calibration_resampling_fixed_trained_models_threshold_and_evaluation_cohorts,0.0011375041820006692
CodeBERT_unfrozen_s2026,fusion_TPR_0.001,same_period,deployed_pooled_FPR_0.005,0.0051395115423218474,0.00033789841314831135,0.0052860488457678149,0.0045500167280026768,0.0054867848778855808,0.0045500167280026768,0.0054867848778855808,200,calibration_resampling_fixed_trained_models_threshold_and_evaluation_cohorts,0.0054867848778855808
CodeBERT_unfrozen_s2026,fusion_TPR_0.001,same_period,deployed_pooled_FPR_0.01,0.010268986283037804,0.00017465400962480239,0.010304449648711944,0.0097022415523586487,0.010505185680829709,0.0097022415523586487,0.010505185680829709,200,calibration_resampling_fixed_trained_models_threshold_and_evaluation_cohorts,0.010304449648711944
CodeBERT_unfrozen_s2026,fusion_TPR_0.001,same_period,deployed_pooled_FPR_0.05,0.051705587152893945,0.00096525744941384096,0.051990632318501172,0.048377383740381398,0.052525928404148547,0.048377383740381398,0.052525928404148547,200,calibration_resampling_fixed_trained_models_threshold_and_evaluation_cohorts,0.051990632318501172
CodeBERT_unfrozen_s2026,fusion_TPR_0.001,same_period,deployed_pooled_TPR_0.001,0.78875456658917298,0.013176408289488864,0.79242776486217203,0.73258053802723344,0.79887080704085023,0.73258053802723344,0.79887080704085023,200,calibration_resampling_fixed_trained_models_threshold_and_evaluation_cohorts,0.79242776486217203
CodeBERT_unfrozen_s2026,fusion_TPR_0.001,same_period,deployed_pooled_TPR_0.005,0.90288342743274652,0.018872855451261213,0.91305214214546671,0.83347725008302886,0.91431418133510467,0.83347725008302886,0.91431418133510467,200,calibration_resampling_fixed_trained_models_threshold_and_evaluation_cohorts,0.91318498837595485
CodeBERT_unfrozen_s2026,fusion_TPR_0.001,same_period,deployed_pooled_TPR_0.01,0.93653370973098626,0.016873961301304068,0.94393889073397541,0.87034207904350713,0.94440385254068415,0.87034207904350713,0.94440385254068415,200,calibration_resampling_fixed_trained_models_threshold_and_evaluation_cohorts,0.94420458319495182
CodeBERT_unfrozen_s2026,fusion_TPR_0.001,same_period,deployed_pooled_TPR_0.05,0.97828163400863499,0.014737280584940339,0.98286283626702087,0.92175357024244442,0.98292925938226505,0.92175357024244442,0.98292925938226505,200,calibration_resampling_fixed_trained_models_threshold_and_evaluation_cohorts,0.98292925938226505
CodeBERT_unfrozen_s2026,fusion_TPR_0.001,test,AP,0.99510527861877196,0.001832083006536881,0.99580648414065664,0.98705894872382105,0.99594655259609399,0.98705894872382105,0.99594655259609399,200,calibration_resampling_fixed_trained_models_threshold_and_evaluation_cohorts,0.9958524697798079
CodeBERT_unfrozen_s2026,fusion_TPR_0.001,test,Accuracy,0.96529633333333331,0.011010387861970236,0.96840000000000004,0.92400000000000004,0.96853333333333336,0.92400000000000004,0.96853333333333336,200,calibration_resampling_fixed_trained_models_threshold_and_evaluation_cohorts,0.96853333333333336
CodeBERT_unfrozen_s2026,fusion_TPR_0.001,test,Brier,0.0269030201502461,0.0076912063708271007,0.024551240025592905,0.024272046103234923,0.061464634025894138,0.024289148524900901,0.061464634025894138,200,calibration_resampling_fixed_trained_models_threshold_and_evaluation_cohorts,0.024479222599132419
CodeBERT_unfrozen_s2026,fusion_TPR_0.001,test,ECE,0.017320350841303508,0.0087857989099573933,0.014778236843041626,0.011902354532619473,0.05501012440319878,0.011902354532619473,0.05501012440319878,200,calibration_resampling_fixed_trained_models_threshold_and_evaluation_cohorts,0.014778236843041626
CodeBERT_unfrozen_s2026,fusion_TPR_0.001,test,F1,0.96516317875399826,0.011446333021498587,0.96839578610481403,0.92221615720524019,0.96853123541569441,0.92221615720524019,0.96853123541569441,200,calibration_resampling_fixed_trained_models_threshold_and_evaluation_cohorts,0.96853123541569441
CodeBERT_unfrozen_s2026,fusion_TPR_0.001,test,LogLoss,0.10004713238242333,0.022210031673638393,0.093890172224742913,0.091212122459551806,0.2066654558842472,0.091236488169439633,0.2066654558842472,200,calibration_resampling_fixed_trained_models_threshold_and_evaluation_cohorts,0.093150570309996961
CodeBERT_unfrozen_s2026,fusion_TPR_0.001,test,ROC_AUC,0.99490549049198818,0.0017750578430262931,0.995589328288498,0.98705790808738503,0.99566611417481066,0.98705790808738503,0.99566611417481066,200,calibration_resampling_fixed_trained_models_threshold_and_evaluation_cohorts,0.99562452672722412
CodeBERT_unfrozen_s2026,fusion_TPR_0.001,test,deployed_per_format_FPR_0.001,0.0016143287579511215,0.00024022720961997576,0.0015065282892534316,0.0014730498828255775,0.0025443588885169068,0.0014730498828255775,0.0024774020756611987,200,calibration_resampling_fixed_trained_models_threshold_and_evaluation_cohorts,0.0014730498828255775
CodeBERT_unfrozen_s2026,fusion_TPR_0.001,test,deployed_per_format_FPR_0.005,0.0062758620689655174,0.00035669192580446409,0.0060930699698694343,0.0059591563441580182,0.007030465349849347,0.0059591563441580182,0.007030465349849347,200,calibration_resampling_fixed_trained_models_threshold_and_evaluation_cohorts,0.0060261131570137263
CodeBERT_unfrozen_s2026,fusion_TPR_0.001,test,deployed_per_format_FPR_0.01,0.011558754603280885,0.00043144667342520247,0.01178439906260462,0.010713090056913292,0.011918312688316036,0.010713090056913292,0.011918312688316036,200,calibration_resampling_fixed_trained_models_threshold_and_evaluation_cohorts,0.011918312688316036
CodeBERT_unfrozen_s2026,fusion_TPR_0.001,test,deployed_per_format_FPR_0.05,0.05070271175092065,0.0012008686959663402,0.051288918647472377,0.046601941747572817,0.051623702711750923,0.047852360227653164,0.051623702711750923,200,calibration_resampling_fixed_trained_models_threshold_and_evaluation_cohorts,0.051288918647472377
CodeBERT_unfrozen_s2026,fusion_TPR_0.001,test,deployed_per_format_TPR_0.001,0.74941818785263858,0.046068020171141491,0.76133421838698967,0.63179555260537668,0.79986724195154335,0.63179555260537668,0.79986724195154335,200,calibration_resampling_fixed_trained_models_threshold_and_evaluation_cohorts,0.76395618984400926
CodeBERT_unfrozen_s2026,fusion_TPR_0.001,test,deployed_per_format_TPR_0.005,0.88653136408894795,0.03315943719400976,0.90282110852970465,0.75207434450713573,0.90394955194158644,0.75207434450713573,0.90394955194158644,200,calibration_resampling_fixed_trained_models_threshold_and_evaluation_cohorts,0.902887487553933
CodeBERT_unfrozen_s2026,fusion_TPR_0.001,test,deployed_per_format_TPR_0.01,0.9247158977763027,0.027371097084792219,0.93614337869233322,0.80444739462329906,0.93627613674078991,0.80444739462329906,0.93627613674078991,200,calibration_resampling_fixed_trained_models_threshold_and_evaluation_cohorts,0.93627613674078991
CodeBERT_unfrozen_s2026,fusion_TPR_0.001,test,deployed_per_format_TPR_0.05,0.97564155326916691,0.018427448817794356,0.98121473614337873,0.89571855293727187,0.98201128443411878,0.89571855293727187,0.98201128443411878,200,calibration_resampling_fixed_trained_models_threshold_and_evaluation_cohorts,0.98141387321606377
CodeBERT_unfrozen_s2026,fusion_TPR_0.001,test,deployed_pooled_FPR_0.001,0.0017345162370271175,0.00021496695733759575,0.0016069635085369936,0.0016069635085369936,0.0025443588885169068,0.0016069635085369936,0.0024774020756611987,200,calibration_resampling_fixed_trained_models_threshold_and_evaluation_cohorts,0.0016069635085369936
CodeBERT_unfrozen_s2026,fusion_TPR_0.001,test,deployed_pooled_FPR_0.005,0.0061583528624037497,0.00017066580112081299,0.0062269835955808504,0.0058921995313023102,0.0068295949112822229,0.0058921995313023102,0.0064328757951121534,200,calibration_resampling_fixed_trained_models_threshold_and_evaluation_cohorts,0.0060261131570137263
CodeBERT_unfrozen_s2026,fusion_TPR_0.001,test,deployed_pooled_FPR_0.01,0.012232674924673585,0.0003955924301389228,0.012387010378305993,0.010378305992634751,0.012453967191161701,0.010378305992634751,0.012453967191161701,200,calibration_resampling_fixed_trained_models_threshold_and_evaluation_cohorts,0.012453967191161701
CodeBERT_unfrozen_s2026,fusion_TPR_0.001,test,deployed_pooled_FPR_0.05,0.050073317710077003,0.0016254344687851769,0.050820220957482426,0.045195848677602943,0.05135587546032809,0.045590893873451624,0.05135587546032809,200,calibration_resampling_fixed_trained_models_threshold_and_evaluation_cohorts,0.050820220957482426
CodeBERT_unfrozen_s2026,fusion_TPR_0.001,test,deployed_pooled_TPR_0.001,0.74813740458015277,0.042031526071667082,0.76199800862927325,0.63544639893793564,0.79196813806837041,0.63544639893793564,0.79196813806837041,200,calibration_resampling_fixed_trained_models_threshold_and_evaluation_cohorts,0.7632923996017259
CodeBERT_unfrozen_s2026,fusion_TPR_0.001,test,deployed_pooled_TPR_0.005,0.88384666445403259,0.037661539535402015,0.90404912047792896,0.74702953866578159,0.90547626949883842,0.74702953866578159,0.90547626949883842,200,calibration_resampling_fixed_trained_models_threshold_and_evaluation_cohorts,0.90428144706272817
CodeBERT_unfrozen_s2026,fusion_TPR_0.001,test,deployed_pooled_TPR_0.01,0.92145403252572189,0.03008472023737457,0.9346830401593097,0.79953534683040162,0.93534683040159305,0.79953534683040162,0.93534683040159305,200,calibration_resampling_fixed_trained_models_threshold_and_evaluation_cohorts,0.93488217723199474
CodeBERT_unfrozen_s2026,fusion_TPR_0.001,test,deployed_pooled_TPR_0.05,0.9743667441088617,0.022381077620252651,0.98134749419183542,0.88795220710255562,0.98141387321606377,0.88795220710255562,0.98141387321606377,200,calibration_resampling_fixed_trained_models_threshold_and_evaluation_cohorts,0.98114835711915038
CodeBERT_unfrozen_s2026,fusion_TPR_0.005,same_period,AP,0.99630518697471748,2.9834635316811881e-05,0.99631067519380179,0.99626743608029567,0.99633818682708952,0.99626743608029567,0.99633818682708952,200,calibration_resampling_fixed_trained_models_threshold_and_evaluation_cohorts,0.99632677579873707
CodeBERT_unfrozen_s2026,fusion_TPR_0.005,same_period,Accuracy,0.97250416666666661,2.7135226023493982e-05,0.97250000000000003,0.9724666666666667,0.97253333333333336,0.9724666666666667,0.97253333333333336,200,calibration_resampling_fixed_trained_models_threshold_and_evaluation_cohorts,0.9724666666666667
CodeBERT_unfrozen_s2026,fusion_TPR_0.005,same_period,Brier,0.021943815635077732,9.1613205718542995e-05,0.021966313876302563,0.021743002113354927,0.022042397235661104,0.021743002113354927,0.022042397235661104,200,calibration_resampling_fixed_trained_models_threshold_and_evaluation_cohorts,0.021898332684392681
CodeBERT_unfrozen_s2026,fusion_TPR_0.005,same_period,ECE,0.011516284871057172,0.00076748968762047434,0.011730630995897908,0.0097918776629855302,0.012313381697618562,0.0097918776629855302,0.012313381697618562,200,calibration_resampling_fixed_trained_models_threshold_and_evaluation_cohorts,0.011185236931092107
CodeBERT_unfrozen_s2026,fusion_TPR_0.005,same_period,F1,0.97250723276185791,2.639434016028613e-05,0.97250091663611216,0.97247217223222027,0.97253699506732438,0.97247217223222027,0.97253699506732438,200,calibration_resampling_fixed_trained_models_threshold_and_evaluation_cohorts,0.97247217223222027
CodeBERT_unfrozen_s2026,fusion_TPR_0.005,same_period,LogLoss,0.084822743464585917,0.001642510191896791,0.08468277341439473,0.082210984774872514,0.086949544475327697,0.082210984774872514,0.086949544475327697,200,calibration_resampling_fixed_trained_models_threshold_and_evaluation_cohorts,0.083692004027820871
CodeBERT_unfrozen_s2026,fusion_TPR_0.005,same_period,ROC_AUC,0.99594488459233732,4.4569679914455825e-05,0.99596167904035149,0.99588410021956963,0.99598850162318864,0.99588410021956963,0.99598850162318864,200,calibration_resampling_fixed_trained_models_threshold_and_evaluation_cohorts,0.99597826593001981
CodeBERT_unfrozen_s2026,fusion_TPR_0.005,same_period,deployed_per_format_FPR_0.001,0.0012646370023419204,0.00014879046178097288,0.0012044161927065907,0.0011375041820006692,0.0014720642355302777,0.0011375041820006692,0.0014720642355302777,200,calibration_resampling_fixed_trained_models_threshold_and_evaluation_cohorts,0.0011375041820006692
CodeBERT_unfrozen_s2026,fusion_TPR_0.005,same_period,deployed_per_format_FPR_0.005,0.0051180996988959516,8.1878730474402054e-05,0.0051522248243559719,0.0050184008029441288,0.0052860488457678149,0.0050184008029441288,0.0052860488457678149,200,calibration_resampling_fixed_trained_models_threshold_and_evaluation_cohorts,0.0050853128136500499
CodeBERT_unfrozen_s2026,fusion_TPR_0.005,same_period,deployed_per_format_FPR_0.01,0.010098360655737706,9.1080601484704236e-05,0.010103713616594179,0.0099029775844764138,0.010237537638006023,0.0099029775844764138,0.010237537638006023,200,calibration_resampling_fixed_trained_models_threshold_and_evaluation_cohorts,0.010237537638006023
CodeBERT_unfrozen_s2026,fusion_TPR_0.005,same_period,deployed_per_format_FPR_0.05,0.052218133154901307,0.00038964138587953517,0.052325192372030781,0.051722984275677487,0.052994312479089999,0.051722984275677487,0.052994312479089999,200,calibration_resampling_fixed_trained_models_threshold_and_evaluation_cohorts,0.052392104382736698
CodeBERT_unfrozen_s2026,fusion_TPR_0.005,same_period,deployed_per_format_TPR_0.001,0.79892660245765523,0.0061957269722051744,0.79548322816340089,0.79368980405181,0.80777150448356028,0.79368980405181,0.80777150448356028,200,calibration_resampling_fixed_trained_models_threshold_and_evaluation_cohorts,0.79548322816340089
CodeBERT_unfrozen_s2026,fusion_TPR_0.005,same_period,deployed_per_format_TPR_0.005,0.91199767519096642,0.00086569138902632204,0.91252075722351378,0.90993025572899366,0.91252075722351378,0.90993025572899366,0.91252075722351378,200,calibration_resampling_fixed_trained_models_threshold_and_evaluation_cohorts,0.91198937230156096
CodeBERT_unfrozen_s2026,fusion_TPR_0.005,same_period,deployed_per_format_TPR_0.01,0.9452271670541349,0.00025994745991613432,0.94540019926934571,0.94473596811690463,0.94553304549983397,0.94473596811690463,0.94553304549983397,200,calibration_resampling_fixed_trained_models_threshold_and_evaluation_cohorts,0.94553304549983397
CodeBERT_unfrozen_s2026,fusion_TPR_0.005,same_period,deployed_per_format_TPR_0.05,0.98258585187645298,0.00014605952762354179,0.98253072069080039,0.98246429757555631,0.98292925938226505,0.98246429757555631,0.98292925938226505,200,calibration_resampling_fixed_trained_models_threshold_and_evaluation_cohorts,0.98259714380604446
CodeBERT_unfrozen_s2026,fusion_TPR_0.005,same_period,deployed_pooled_FPR_0.001,0.0012104382736701238,0.00013783087443707876,0.0011375041820006692,0.0010705921712947475,0.001405152224824356,0.0010705921712947475,0.001405152224824356,200,calibration_resampling_fixed_trained_models_threshold_and_evaluation_cohorts,0.0011375041820006692
CodeBERT_unfrozen_s2026,fusion_TPR_0.005,same_period,deployed_pooled_FPR_0.005,0.0053181666109066586,0.00013876953393011525,0.0053529608564737369,0.0050184008029441288,0.0054867848778855808,0.0050184008029441288,0.0054867848778855808,200,calibration_resampling_fixed_trained_models_threshold_and_evaluation_cohorts,0.0052191368350618939
CodeBERT_unfrozen_s2026,fusion_TPR_0.005,same_period,deployed_pooled_FPR_0.01,0.010360655737704918,6.0535679654798955e-05,0.010371361659417865,0.010237537638006023,0.010505185680829709,0.010237537638006023,0.010505185680829709,200,calibration_resampling_fixed_trained_models_threshold_and_evaluation_cohorts,0.010371361659417865
CodeBERT_unfrozen_s2026,fusion_TPR_0.005,same_period,deployed_pooled_FPR_0.05,0.052081298093007697,0.0001180868605449397,0.052057544329207089,0.051923720307795247,0.052258280361324856,0.051923720307795247,0.052258280361324856,200,calibration_resampling_fixed_trained_models_threshold_and_evaluation_cohorts,0.051923720307795247
CodeBERT_unfrozen_s2026,fusion_TPR_0.005,same_period,deployed_pooled_TPR_0.001,0.79385652607107271,0.0039181178755549918,0.79329126536034544,0.78651610760544666,0.79887080704085023,0.78651610760544666,0.79887080704085023,200,calibration_resampling_fixed_trained_models_threshold_and_evaluation_cohorts,0.79329126536034544
CodeBERT_unfrozen_s2026,fusion_TPR_0.005,same_period,deployed_pooled_TPR_0.005,0.91314048488874133,0.0011335162241273764,0.91318498837595485,0.90959814015277318,0.91431418133510467,0.90959814015277318,0.91431418133510467,200,calibration_resampling_fixed_trained_models_threshold_and_evaluation_cohorts,0.91258718033875785
CodeBERT_unfrozen_s2026,fusion_TPR_0.005,same_period,deployed_pooled_TPR_0.01,0.94414779143141814,0.00016559284297269395,0.94420458319495182,0.94393889073397541,0.94440385254068415,0.94393889073397541,0.94440385254068415,200,calibration_resampling_fixed_trained_models_threshold_and_evaluation_cohorts,0.94440385254068415
CodeBERT_unfrozen_s2026,fusion_TPR_0.005,same_period,deployed_pooled_TPR_0.05,0.98284058452341416,0.00011500532430469359,0.98292925938226505,0.98259714380604446,0.98292925938226505,0.98259714380604446,0.98292925938226505,200,calibration_resampling_fixed_trained_models_threshold_and_evaluation_cohorts,0.98272999003653272
CodeBERT_unfrozen_s2026,fusion_TPR_0.005,test,AP,0.99582388358271345,0.00011291366301502424,0.9958524697798079,0.99557917221909153,0.99594655259609399,0.99557917221909153,0.99594655259609399,200,calibration_resampling_fixed_trained_models_threshold_and_evaluation_cohorts,0.99576049850150539
CodeBERT_unfrozen_s2026,fusion_TPR_0.005,test,Accuracy,0.96845883333333338,6.5139758696496769e-05,0.9684666666666667,0.96836666666666671,0.96853333333333336,0.96836666666666671,0.96853333333333336,200,calibration_resampling_fixed_trained_models_threshold_and_evaluation_cohorts,0.9684666666666667
CodeBERT_unfrozen_s2026,fusion_TPR_0.005,test,Brier,0.02446081333957302,8.2094095078006073e-05,0.024479222599132419,0.024289148524900901,0.024551240025592905,0.024289148524900901,0.024551240025592905,200,calibration_resampling_fixed_trained_models_threshold_and_evaluation_cohorts,0.024417004735832984
CodeBERT_unfrozen_s2026,fusion_TPR_0.005,test,ECE,0.014494501395572875,0.00086399028447043313,0.014778236843041626,0.01237898180048071,0.015355826404235631,0.01237898180048071,0.015355826404235631,200,calibration_resampling_fixed_trained_models_threshold_and_evaluation_cohorts,0.014095730990210754
CodeBERT_unfrozen_s2026,fusion_TPR_0.005,test,F1,0.96845592436375139,6.5940416956037455e-05,0.96846456430428696,0.96836350301696839,0.96853123541569441,0.96836350301696839,0.96853123541569441,200,calibration_resampling_fixed_trained_models_threshold_and_evaluation_cohorts,0.96846456430428696
CodeBERT_unfrozen_s2026,fusion_TPR_0.005,test,LogLoss,0.093285656386778271,0.0013587445826776976,0.093150570309996961,0.091236488169439633,0.095059589184649143,0.091236488169439633,0.095059589184649143,200,calibration_resampling_fixed_trained_models_threshold_and_evaluation_cohorts,0.092313957518066037
CodeBERT_unfrozen_s2026,fusion_TPR_0.005,test,ROC_AUC,0.99559105280976956,7.9436321693252511e-05,0.99562452672722412,0.9954005358545065,0.99566611417481066,0.9954005358545065,0.99566611417481066,200,calibration_resampling_fixed_trained_models_threshold_and_evaluation_cohorts,0.99555412984977176
CodeBERT_unfrozen_s2026,fusion_TPR_0.005,test,deployed_per_format_FPR_0.001,0.0015102109139604955,5.5229301186187646e-05,0.0014730498828255775,0.0014730498828255775,0.0016739203213927017,0.0014730498828255775,0.0016739203213927017,200,calibration_resampling_fixed_trained_models_threshold_and_evaluation_cohorts,0.0015400066956812856
CodeBERT_unfrozen_s2026,fusion_TPR_0.005,test,deployed_per_format_FPR_0.005,0.0060636089722129229,0.00011042800470351969,0.0060261131570137263,0.0059591563441580182,0.0064948108470036826,0.0059591563441580182,0.0064948108470036826,200,calibration_resampling_fixed_trained_models_threshold_and_evaluation_cohorts,0.0059591563441580182
CodeBERT_unfrozen_s2026,fusion_TPR_0.005,test,deployed_per_format_FPR_0.01,0.011776364245061934,0.00018885354984939565,0.011918312688316036,0.011315701372614664,0.011918312688316036,0.011315701372614664,0.011918312688316036,200,calibration_resampling_fixed_trained_models_threshold_and_evaluation_cohorts,0.011583528624037496
CodeBERT_unfrozen_s2026,fusion_TPR_0.005,test,deployed_per_format_FPR_0.05,0.051340810177435553,0.0002167246177832137,0.051288918647472377,0.050887177770338132,0.051623702711750923,0.050887177770338132,0.051623702711750923,200,calibration_resampling_fixed_trained_models_threshold_and_evaluation_cohorts,0.051155005021760964
CodeBERT_unfrozen_s2026,fusion_TPR_0.005,test,deployed_per_format_TPR_0.001,0.77128708927978762,0.020743904865423404,0.76395618984400926,0.74344507135745108,0.79986724195154335,0.74344507135745108,0.79986724195154335,200,calibration_resampling_fixed_trained_models_threshold_and_evaluation_cohorts,0.75871224692997008
CodeBERT_unfrozen_s2026,fusion_TPR_0.005,test,deployed_per_format_TPR_0.005,0.90283571191503487,0.0010770967580400346,0.902887487553933,0.90036508463325593,0.90394955194158644,0.90036508463325593,0.90394955194158644,200,calibration_resampling_fixed_trained_models_threshold_and_evaluation_cohorts,0.90275472950547631
CodeBERT_unfrozen_s2026,fusion_TPR_0.005,test,deployed_per_format_TPR_0.01,0.93603484898771983,0.00038877538547190218,0.93614337869233322,0.9346830401593097,0.93627613674078991,0.9346830401593097,0.93627613674078991,200,calibration_resampling_fixed_trained_models_threshold_and_evaluation_cohorts,0.93620975771656156
CodeBERT_unfrozen_s2026,fusion_TPR_0.005,test,deployed_per_format_TPR_0.05,0.9814145370063061,0.00019159932268542586,0.98141387321606377,0.98121473614337873,0.98201128443411878,0.98121473614337873,0.98201128443411878,200,calibration_resampling_fixed_trained_models_threshold_and_evaluation_cohorts,0.98148025224029212
CodeBERT_unfrozen_s2026,fusion_TPR_0.005,test,deployed_pooled_FPR_0.001,0.0016417810512219619,5.240898053619843e-05,0.0016069635085369936,0.0016069635085369936,0.0017408771342484097,0.0016069635085369936,0.0017408771342484097,200,calibration_resampling_fixed_trained_models_threshold_and_evaluation_cohorts,0.0017408771342484097
CodeBERT_unfrozen_s2026,fusion_TPR_0.005,test,deployed_pooled_FPR_0.005,0.0060706394375627725,0.00012106266902113251,0.0060261131570137263,0.0058921995313023102,0.0062269835955808504,0.0058921995313023102,0.0062269835955808504,200,calibration_resampling_fixed_trained_models_threshold_and_evaluation_cohorts,0.0058921995313023102
CodeBERT_unfrozen_s2026,fusion_TPR_0.005,test,deployed_pooled_FPR_0.01,0.012395379979912958,7.5627231617101664e-05,0.012453967191161701,0.012253096752594577,0.012453967191161701,0.012253096752594577,0.012453967191161701,200,calibration_resampling_fixed_trained_models_threshold_and_evaluation_cohorts,0.012320053565450285
CodeBERT_unfrozen_s2026,fusion_TPR_0.005,test,deployed_pooled_FPR_0.05,0.050889521258788088,0.00041238788667047896,0.050887177770338132,0.049949782390358216,0.05135587546032809,0.049949782390358216,0.05135587546032809,200,calibration_resampling_fixed_trained_models_threshold_and_evaluation_cohorts,0.050887177770338132
CodeBERT_unfrozen_s2026,fusion_TPR_0.005,test,deployed_pooled_TPR_0.001,0.76808297378028545,0.018245084421622936,0.7632923996017259,0.73747095917690009,0.79196813806837041,0.73747095917690009,0.79196813806837041,200,calibration_resampling_fixed_trained_models_threshold_and_evaluation_cohorts,0.76070361765682049
CodeBERT_unfrozen_s2026,fusion_TPR_0.005,test,deployed_pooled_TPR_0.005,0.90415300365084628,0.0013062118790607693,0.90428144706272817,0.8999004314636575,0.90547626949883842,0.8999004314636575,0.90547626949883842,200,calibration_resampling_fixed_trained_models_threshold_and_evaluation_cohorts,0.90335214072353132
CodeBERT_unfrozen_s2026,fusion_TPR_0.005,test,deployed_pooled_TPR_0.01,0.93494888815134414,0.00031052613379015039,0.93488217723199474,0.93435114503816796,0.93534683040159305,0.93435114503816796,0.93534683040159305,200,calibration_resampling_fixed_trained_models_threshold_and_evaluation_cohorts,0.93534683040159305
CodeBERT_unfrozen_s2026,fusion_TPR_0.005,test,deployed_pooled_TPR_0.05,0.9812887487553934,9.2729683244954293e-05,0.98134749419183542,0.98114835711915038,0.98141387321606377,0.98114835711915038,0.98141387321606377,200,calibration_resampling_fixed_trained_models_threshold_and_evaluation_cohorts,0.98134749419183542
CodeBERT_unfrozen_s2026,isotonic_probability,same_period,AP,0.9820271230942198,0.00037727987047718535,0.98208705209990776,0.98073091353662778,0.98278169699676265,0.98118638210589404,0.98261458634414389,200,calibration_resampling_fixed_trained_models_threshold_and_evaluation_cohorts,0.9827135214434144
CodeBERT_unfrozen_s2026,isotonic_probability,same_period,Accuracy,0.93722766666666668,0.0008000286845778865,0.93706666666666671,0.93240000000000001,0.93820000000000003,0.93621750000000004,0.9381666666666667,200,calibration_resampling_fixed_trained_models_threshold_and_evaluation_cohorts,0.93686666666666663
CodeBERT_unfrozen_s2026,isotonic_probability,same_period,Brier,0.047573874120695157,0.00013470747821368637,0.047560381060723876,0.047260417799403799,0.047937599706536167,0.04732994403762817,0.047839210524647145,200,calibration_resampling_fixed_trained_models_threshold_and_evaluation_cohorts,0.047441791762211354
CodeBERT_unfrozen_s2026,isotonic_probability,same_period,ECE,0.0083311077143546752,0.0014901170117873463,0.0082930445995066729,0.0038881193902057854,0.012514054378416645,0.00604726892053242,0.011108706465926517,200,calibration_resampling_fixed_trained_models_threshold_and_evaluation_cohorts,0.0075409875507543066
CodeBERT_unfrozen_s2026,isotonic_probability,same_period,F1,0.93706333975969769,0.0010216078486333519,0.93684840574055905,0.93071877562175453,0.93831104012777,0.93641307997045586,0.93825105688891852,200,calibration_resampling_fixed_trained_models_threshold_and_evaluation_cohorts,0.93646001073537311
CodeBERT_unfrozen_s2026,isotonic_probability,same_period,LogLoss,0.16659612975182958,0.0012525933108238512,0.16629256957801269,0.16480362982717978,0.17345749211556827,0.16506645000753059,0.1697862594782191,200,calibration_resampling_fixed_trained_models_threshold_and_evaluation_cohorts,0.16525207992707255
CodeBERT_unfrozen_s2026,isotonic_probability,same_period,ROC_AUC,0.98334920862824926,9.9787683400676854e-05,0.98336448301138268,0.98299777363673446,0.98352130734202092,0.98313800535540519,0.98350162118846274,200,calibration_resampling_fixed_trained_models_threshold_and_evaluation_cohorts,0.98349410030957085
CodeBERT_unfrozen_s2026,isotonic_probability,same_period,deployed_per_format_FPR_0.001,3.9478086316493812e-05,9.6088327900340742e-05,0,0,0.0008029441284710606,0,0.00020073603211776515,200,calibration_resampling_fixed_trained_models_threshold_and_evaluation_cohorts,0
CodeBERT_unfrozen_s2026,isotonic_probability,same_period,deployed_per_format_FPR_0.005,0.0047487453997992644,0.00035747430356830633,0.004817664770826363,0.0037470725995316159,0.0052860488457678149,0.0040147206423553029,0.0052191368350618939,200,calibration_resampling_fixed_trained_models_threshold_and_evaluation_cohorts,0.0050853128136500499
CodeBERT_unfrozen_s2026,isotonic_probability,same_period,deployed_per_format_FPR_0.01,0.0076055536968885921,0.0011126024856370057,0.0077617932418869188,0.0040147206423553029,0.0093676814988290398,0.0048845767815322849,0.0091669454667112748,200,calibration_resampling_fixed_trained_models_threshold_and_evaluation_cohorts,0.0082301773168283708
CodeBERT_unfrozen_s2026,isotonic_probability,same_period,deployed_per_format_FPR_0.05,0.044060889929742393,0.001577391002314395,0.044228839076614256,0.039344262295081971,0.048176647708263631,0.040612244897959185,0.04610237537638006,200,calibration_resampling_fixed_trained_models_threshold_and_evaluation_cohorts,0.045366343258614925
CodeBERT_unfrozen_s2026,isotonic_probability,same_period,deployed_per_format_TPR_0.001,0.22942012620391897,0.054378708285279242,0.24742610428429093,0.15536366655596148,0.40106276984390565,0.15536366655596148,0.3171703752906011,200,calibration_resampling_fixed_trained_models_threshold_and_evaluation_cohorts,0.24742610428429093
CodeBERT_unfrozen_s2026,isotonic_probability,same_period,deployed_per_format_TPR_0.005,0.67287379608103626,0.012745527768912083,0.67668548654931915,0.62597143806044508,0.69073397542344739,0.64656260378611752,0.68947193623380931,200,calibration_resampling_fixed_trained_models_threshold_and_evaluation_cohorts,0.68342743274659579
CodeBERT_unfrozen_s2026,isotonic_probability,same_period,deployed_per_format_TPR_0.01,0.74385918299568243,0.024793693592932434,0.75024908668216539,0.64656260378611752,0.77296579209564931,0.67771504483560274,0.76861175689139827,200,calibration_resampling_fixed_trained_models_threshold_and_evaluation_cohorts,0.7557622052474261
CodeBERT_unfrozen_s2026,isotonic_probability,same_period,deployed_per_format_TPR_0.05,0.91176054466954493,0.0028347762657286372,0.91228827632015941,0.90282298239787451,0.9188973762869479,0.90468116904682827,0.91579209564928599,200,calibration_resampling_fixed_trained_models_threshold_and_evaluation_cohorts,0.91318498837595485
CodeBERT_unfrozen_s2026,isotonic_probability,same_period,deployed_pooled_FPR_0.001,3.9478086316493812e-05,9.6088327900340742e-05,0,0,0.0008029441284710606,0,0.00020073603211776515,200,calibration_resampling_fixed_trained_models_threshold_and_evaluation_cohorts,0
CodeBERT_unfrozen_s2026,isotonic_probability,same_period,deployed_pooled_FPR_0.005,0.0048190030110404816,0.00048922191401044336,0.0050853128136500499,0.0036801605888256944,0.0054867848778855808,0.0040080294412847108,0.0054867848778855808,200,calibration_resampling_fixed_trained_models_threshold_and_evaluation_cohorts,0.0050853128136500499
CodeBERT_unfrozen_s2026,isotonic_probability,same_period,deployed_pooled_FPR_0.01,0.0074205419872867186,0.001088287730336828,0.0075610572097691538,0.0040147206423553029,0.0091000334560053537,0.0048845767815322849,0.0086985613917698219,200,calibration_resampling_fixed_trained_models_threshold_and_evaluation_cohorts,0.0082301773168283708
CodeBERT_unfrozen_s2026,isotonic_probability,same_period,deployed_pooled_FPR_0.05,0.039987286717965878,0.0020888884395791922,0.040147206423553031,0.033656741385078619,0.046972231515557045,0.035635664101706259,0.044831047172967549,200,calibration_resampling_fixed_trained_models_threshold_and_evaluation_cohorts,0.039812646370023422
CodeBERT_unfrozen_s2026,isotonic_probability,same_period,deployed_pooled_TPR_0.001,0.22942012620391897,0.054378708285279242,0.24742610428429093,0.15536366655596148,0.40106276984390565,0.15536366655596148,0.3171703752906011,200,calibration_resampling_fixed_trained_models_threshold_and_evaluation_cohorts,0.24742610428429093
CodeBERT_unfrozen_s2026,isotonic_probability,same_period,deployed_pooled_TPR_0.005,0.67455031550979738,0.016899295545163229,0.68342743274659579,0.62025905014945204,0.69192959149784128,0.6461142477582198,0.69192959149784128,200,calibration_resampling_fixed_trained_models_threshold_and_evaluation_cohorts,0.68342743274659579
CodeBERT_unfrozen_s2026,isotonic_probability,same_period,deployed_pooled_TPR_0.01,0.74128628362670212,0.0252795652994556,0.74918631683825976,0.64656260378611752,0.77296579209564931,0.67771504483560274,0.76592494187977411,200,calibration_resampling_fixed_trained_models_threshold_and_evaluation_cohorts,0.7557622052474261
CodeBERT_unfrozen_s2026,isotonic_probability,same_period,deployed_pooled_TPR_0.05,0.90508668216539345,0.0041313072961335464,0.90541348389239451,0.89219528395881764,0.91843241448023916,0.89621554300896711,0.91504483560278982,200,calibration_resampling_fixed_trained_models_threshold_and_evaluation_cohorts,0.90481567585519762
CodeBERT_unfrozen_s2026,isotonic_probability,test,AP,0.97685377899994319,0.00034870029830717005,0.97689796974412912,0.97555233025177235,0.97759521248029635,0.97606736509453829,0.97743293312782897,200,calibration_resampling_fixed_trained_models_threshold_and_evaluation_cohorts,0.97751264251305159
CodeBERT_unfrozen_s2026,isotonic_probability,test,Accuracy,0.92501283333333328,0.0024797216156050598,0.92456666666666665,0.90866666666666662,0.92883333333333329,0.92336666666666667,0.92859999999999998,200,calibration_resampling_fixed_trained_models_threshold_and_evaluation_cohorts,0.92379999999999995
CodeBERT_unfrozen_s2026,isotonic_probability,test,Brier,0.05612044714198712,0.00052878891354798724,0.056138735159703593,0.054931704997645353,0.057255528816614748,0.055129365975524876,0.057131377826223621,200,calibration_resampling_fixed_trained_models_threshold_and_evaluation_cohorts,0.055948167277148825
CodeBERT_unfrozen_s2026,isotonic_probability,test,ECE,0.024771433162975132,0.0019537170895961055,0.025002977045840823,0.019434895682171008,0.028963967227739692,0.020621962682155832,0.02859825103274807,200,calibration_resampling_fixed_trained_models_threshold_and_evaluation_cohorts,0.02417208687200784
CodeBERT_unfrozen_s2026,isotonic_probability,test,F1,0.92355469332926543,0.0030819234245530415,0.9228934374781832,0.90383265478028918,0.92900136343985895,0.92147955872809861,0.92842822774659184,200,calibration_resampling_fixed_trained_models_threshold_and_evaluation_cohorts,0.92201146288209612
CodeBERT_unfrozen_s2026,isotonic_probability,test,LogLoss,0.19287562500197328,0.0027674401284823618,0.19225562181675399,0.18854405990164302,0.20723004880241289,0.18911830930768819,0.19865022316737824,200,calibration_resampling_fixed_trained_models_threshold_and_evaluation_cohorts,0.19038240278152643
CodeBERT_unfrozen_s2026,isotonic_probability,test,ROC_AUC,0.97986587765925837,8.4227807506727397e-05,0.97987523210158067,0.97958918117462424,0.98004088298991388,0.97966364629513614,0.97999675560574417,200,calibration_resampling_fixed_trained_models_threshold_and_evaluation_cohorts,0.97999129983663047
CodeBERT_unfrozen_s2026,isotonic_probability,test,deployed_per_format_FPR_0.001,0.00039169735520589219,0.00020827636831257919,0.00046869768998995646,0.00013391362571141613,0.0011382658185470371,0.00013391362571141613,0.00087043856712420487,200,calibration_resampling_fixed_trained_models_threshold_and_evaluation_cohorts,0.00046869768998995646
CodeBERT_unfrozen_s2026,isotonic_probability,test,deployed_per_format_FPR_0.005,0.0046501506528289251,0.00030648570558376422,0.0047539337127552725,0.0034147974556411114,0.0050217609641781055,0.0039504519584867758,0.0049548041513223975,200,calibration_resampling_fixed_trained_models_threshold_and_evaluation_cohorts,0.0048878473384666886
CodeBERT_unfrozen_s2026,isotonic_probability,test,deployed_per_format_FPR_0.01,0.0080813525276196858,0.0014249165018383127,0.0083026447941078,0.0039504519584867758,0.010311349179779043,0.0046200200870438564,0.01017910947438902,200,calibration_resampling_fixed_trained_models_threshold_and_evaluation_cohorts,0.0087043856712420483
CodeBERT_unfrozen_s2026,isotonic_probability,test,deployed_per_format_FPR_0.05,0.041366923334449274,0.0018306024053842491,0.04121191831268832,0.036692333444928019,0.045932373619015733,0.037828925343153665,0.044057582859055908,200,calibration_resampling_fixed_trained_models_threshold_and_evaluation_cohorts,0.042986273853364579
CodeBERT_unfrozen_s2026,isotonic_probability,test,deployed_per_format_TPR_0.001,0.22013143046797212,0.046256875397917799,0.23869897112512445,0.15519415864586791,0.35028211085297045,0.15519415864586791,0.29074012612014605,200,calibration_resampling_fixed_trained_models_threshold_and_evaluation_cohorts,0.23869897112512445
CodeBERT_unfrozen_s2026,isotonic_probability,test,deployed_per_format_TPR_0.005,0.57920909392631925,0.010787022499572209,0.58111516760703619,0.53926319283106539,0.59634915366744112,0.55851310985728508,0.59449385994025883,200,calibration_resampling_fixed_trained_models_threshold_and_evaluation_cohorts,0.58858280783272487
CodeBERT_unfrozen_s2026,isotonic_probability,test,deployed_per_format_TPR_0.01,0.64728211085297049,0.024309110296494501,0.65177563889810819,0.55851310985728508,0.67952207102555595,0.58400265516096916,0.6756438765350149,200,calibration_resampling_fixed_trained_models_threshold_and_evaluation_cohorts,0.65940922668436774
CodeBERT_unfrozen_s2026,isotonic_probability,test,deployed_per_format_TPR_0.05,0.88150248921340857,0.0037124319301453565,0.88204447394623298,0.86033853302356456,0.88954530368403584,0.87406571523398602,0.88629605044805837,200,calibration_resampling_fixed_trained_models_threshold_and_evaluation_cohorts,0.88370394955194154
CodeBERT_unfrozen_s2026,isotonic_probability,test,deployed_pooled_FPR_0.001,0.00039169735520589219,0.00020827636831257919,0.00046869768998995646,0.00013391362571141613,0.0011382658185470371,0.00013391362571141613,0.00087043856712420487,200,calibration_resampling_fixed_trained_models_threshold_and_evaluation_cohorts,0.00046869768998995646
CodeBERT_unfrozen_s2026,isotonic_probability,test,deployed_pooled_FPR_0.005,0.0046950117174422495,0.00045716694537161596,0.0048878473384666886,0.0032808838299296953,0.0051556745898895216,0.0039370605959156346,0.0051556745898895216,200,calibration_resampling_fixed_trained_models_threshold_and_evaluation_cohorts,0.0048878473384666886
CodeBERT_unfrozen_s2026,isotonic_probability,test,deployed_pooled_FPR_0.01,0.0077864077669902911,0.0013338870189291915,0.0083026447941078,0.0039504519584867758,0.0097756946769333771,0.0046200200870438564,0.0093069969869434208,200,calibration_resampling_fixed_trained_models_threshold_and_evaluation_cohorts,0.0087043856712420483
CodeBERT_unfrozen_s2026,isotonic_probability,test,deployed_pooled_FPR_0.05,0.037062939404084366,0.0018630120128565891,0.037294944760629396,0.032005356545028459,0.043655841981921663,0.033136926682289923,0.041714094409106124,200,calibration_resampling_fixed_trained_models_threshold_and_evaluation_cohorts,0.036893203883495145
CodeBERT_unfrozen_s2026,isotonic_probability,test,deployed_pooled_TPR_0.001,0.22013143046797212,0.046256875397917799,0.23869897112512445,0.15519415864586791,0.35028211085297045,0.15519415864586791,0.29074012612014605,200,calibration_resampling_fixed_trained_models_threshold_and_evaluation_cohorts,0.23869897112512445
CodeBERT_unfrozen_s2026,isotonic_probability,test,deployed_pooled_TPR_0.005,0.58126817125788255,0.014131841855044238,0.58858280783272487,0.53428476601393959,0.59601725854629939,0.55808496515101225,0.59601725854629939,200,calibration_resampling_fixed_trained_models_threshold_and_evaluation_cohorts,0.58858280783272487
CodeBERT_unfrozen_s2026,isotonic_probability,test,deployed_pooled_TPR_0.01,0.64431364088947884,0.024625600895210507,0.65031530036508467,0.55851310985728508,0.67806173249253232,0.58400265516096916,0.67135745104546962,200,calibration_resampling_fixed_trained_models_threshold_and_evaluation_cohorts,0.65940922668436774
CodeBERT_unfrozen_s2026,isotonic_probability,test,deployed_pooled_TPR_0.05,0.85627547295054773,0.0077679225150493417,0.85609027547295058,0.83524726186525056,0.88184533687354794,0.84135745104546966,0.87587122469299705,200,calibration_resampling_fixed_trained_models_threshold_and_evaluation_cohorts,0.8546963159641553
CodeBERT_unfrozen_s2026,isotonic_tiebreak,same_period,AP,0.98456007553125202,0,0.98456007553125202,0.98456007553125202,0.98456007553125202,0.98456007553125202,0.98456007553125202,200,calibration_resampling_fixed_trained_models_threshold_and_evaluation_cohorts,0.98456007553125202
CodeBERT_unfrozen_s2026,isotonic_tiebreak,same_period,Accuracy,0.93722766666666668,0.0008000286845778865,0.93706666666666671,0.93240000000000001,0.93820000000000003,0.93621750000000004,0.9381666666666667,200,calibration_resampling_fixed_trained_models_threshold_and_evaluation_cohorts,0.93686666666666663
CodeBERT_unfrozen_s2026,isotonic_tiebreak,same_period,Brier,0.047573874120695157,0.00013470747821368637,0.047560381060723876,0.047260417799403799,0.047937599706536167,0.04732994403762817,0.047839210524647145,200,calibration_resampling_fixed_trained_models_threshold_and_evaluation_cohorts,0.047441791762211354
CodeBERT_unfrozen_s2026,isotonic_tiebreak,same_period,ECE,0.0083311077143546752,0.0014901170117873463,0.0082930445995066729,0.0038881193902057854,0.012514054378416645,0.00604726892053242,0.011108706465926517,200,calibration_resampling_fixed_trained_models_threshold_and_evaluation_cohorts,0.0075409875507543066
CodeBERT_unfrozen_s2026,isotonic_tiebreak,same_period,F1,0.93706333975969769,0.0010216078486333519,0.93684840574055905,0.93071877562175453,0.93831104012777,0.93641307997045586,0.93825105688891852,200,calibration_resampling_fixed_trained_models_threshold_and_evaluation_cohorts,0.93646001073537311
CodeBERT_unfrozen_s2026,isotonic_tiebreak,same_period,LogLoss,0.16659612975182958,0.0012525933108238512,0.16629256957801269,0.16480362982717978,0.17345749211556827,0.16506645000753059,0.1697862594782191,200,calibration_resampling_fixed_trained_models_threshold_and_evaluation_cohorts,0.16525207992707255
CodeBERT_unfrozen_s2026,isotonic_tiebreak,same_period,ROC_AUC,0.98367054712624469,0,0.98367054712624469,0.98367054712624469,0.98367054712624469,0.98367054712624469,0.98367054712624469,200,calibration_resampling_fixed_trained_models_threshold_and_evaluation_cohorts,0.98367054712624469
CodeBERT_unfrozen_s2026,isotonic_tiebreak,same_period,deployed_per_format_FPR_0.001,0.0012713282034125125,0,0.0012713282034125125,0.0012713282034125125,0.0012713282034125125,0.0012713282034125125,0.0012713282034125125,200,calibration_resampling_fixed_trained_models_threshold_and_evaluation_cohorts,0.0012713282034125125
CodeBERT_unfrozen_s2026,isotonic_tiebreak,same_period,deployed_per_format_FPR_0.005,0.0052860488457678149,0,0.0052860488457678149,0.0052860488457678149,0.0052860488457678149,0.0052860488457678149,0.0052860488457678149,200,calibration_resampling_fixed_trained_models_threshold_and_evaluation_cohorts,0.0052860488457678149
CodeBERT_unfrozen_s2026,isotonic_tiebreak,same_period,deployed_per_format_FPR_0.01,0.010036801605888258,0,0.010036801605888258,0.010036801605888258,0.010036801605888258,0.010036801605888258,0.010036801605888258,200,calibration_resampling_fixed_trained_models_threshold_and_evaluation_cohorts,0.010036801605888258
CodeBERT_unfrozen_s2026,isotonic_tiebreak,same_period,deployed_per_format_FPR_0.05,0.049247239879558383,0,0.049247239879558383,0.049247239879558383,0.049247239879558383,0.049247239879558383,0.049247239879558383,200,calibration_resampling_fixed_trained_models_threshold_and_evaluation_cohorts,0.049247239879558383
CodeBERT_unfrozen_s2026,isotonic_tiebreak,same_period,deployed_per_format_TPR_0.001,0.48854201262039187,0,0.48854201262039187,0.48854201262039187,0.48854201262039187,0.48854201262039187,0.48854201262039187,200,calibration_resampling_fixed_trained_models_threshold_and_evaluation_cohorts,0.48854201262039187
CodeBERT_unfrozen_s2026,isotonic_tiebreak,same_period,deployed_per_format_TPR_0.005,0.69485220856858187,0,0.69485220856858187,0.69485220856858187,0.69485220856858187,0.69485220856858187,0.69485220856858187,200,calibration_resampling_fixed_trained_models_threshold_and_evaluation_cohorts,0.69485220856858187
CodeBERT_unfrozen_s2026,isotonic_tiebreak,same_period,deployed_per_format_TPR_0.01,0.7806044503487215,0,0.78060445034872139,0.78060445034872139,0.78060445034872139,0.78060445034872139,0.78060445034872139,200,calibration_resampling_fixed_trained_models_threshold_and_evaluation_cohorts,0.78060445034872139
CodeBERT_unfrozen_s2026,isotonic_tiebreak,same_period,deployed_per_format_TPR_0.05,0.9206243772832946,0,0.9206243772832946,0.9206243772832946,0.9206243772832946,0.9206243772832946,0.9206243772832946,200,calibration_resampling_fixed_trained_models_threshold_and_evaluation_cohorts,0.9206243772832946
CodeBERT_unfrozen_s2026,isotonic_tiebreak,same_period,deployed_pooled_FPR_0.001,0.0013382402141184344,0,0.0013382402141184342,0.0013382402141184342,0.0013382402141184342,0.0013382402141184342,0.0013382402141184342,200,calibration_resampling_fixed_trained_models_threshold_and_evaluation_cohorts,0.0013382402141184342
CodeBERT_unfrozen_s2026,isotonic_tiebreak,same_period,deployed_pooled_FPR_0.005,0.0056875209100033467,0,0.0056875209100033458,0.0056875209100033458,0.0056875209100033458,0.0056875209100033458,0.0056875209100033458,200,calibration_resampling_fixed_trained_models_threshold_and_evaluation_cohorts,0.0056875209100033458
CodeBERT_unfrozen_s2026,isotonic_tiebreak,same_period,deployed_pooled_FPR_0.01,0.010371361659417867,0,0.010371361659417865,0.010371361659417865,0.010371361659417865,0.010371361659417865,0.010371361659417865,200,calibration_resampling_fixed_trained_models_threshold_and_evaluation_cohorts,0.010371361659417865
CodeBERT_unfrozen_s2026,isotonic_tiebreak,same_period,deployed_pooled_FPR_0.05,0.048377383740381398,0,0.048377383740381398,0.048377383740381398,0.048377383740381398,0.048377383740381398,0.048377383740381398,200,calibration_resampling_fixed_trained_models_threshold_and_evaluation_cohorts,0.048377383740381398
CodeBERT_unfrozen_s2026,isotonic_tiebreak,same_period,deployed_pooled_TPR_0.001,0.49239455330455001,0,0.49239455330455001,0.49239455330455001,0.49239455330455001,0.49239455330455001,0.49239455330455001,200,calibration_resampling_fixed_trained_models_threshold_and_evaluation_cohorts,0.49239455330455001
CodeBERT_unfrozen_s2026,isotonic_tiebreak,same_period,deployed_pooled_TPR_0.005,0.6991697110594487,0,0.6991697110594487,0.6991697110594487,0.6991697110594487,0.6991697110594487,0.6991697110594487,200,calibration_resampling_fixed_trained_models_threshold_and_evaluation_cohorts,0.6991697110594487
CodeBERT_unfrozen_s2026,isotonic_tiebreak,same_period,deployed_pooled_TPR_0.01,0.78452341414812354,0,0.78452341414812354,0.78452341414812354,0.78452341414812354,0.78452341414812354,0.78452341414812354,200,calibration_resampling_fixed_trained_models_threshold_and_evaluation_cohorts,0.78452341414812354
CodeBERT_unfrozen_s2026,isotonic_tiebreak,same_period,deployed_pooled_TPR_0.05,0.92142145466622383,0,0.92142145466622383,0.92142145466622383,0.92142145466622383,0.92142145466622383,0.92142145466622383,200,calibration_resampling_fixed_trained_models_threshold_and_evaluation_cohorts,0.92142145466622383
CodeBERT_unfrozen_s2026,isotonic_tiebreak,test,AP,0.97973481679839369,0,0.97973481679839369,0.97973481679839369,0.97973481679839369,0.97973481679839369,0.97973481679839369,200,calibration_resampling_fixed_trained_models_threshold_and_evaluation_cohorts,0.97973481679839369
CodeBERT_unfrozen_s2026,isotonic_tiebreak,test,Accuracy,0.92501283333333328,0.0024797216156050598,0.92456666666666665,0.90866666666666662,0.92883333333333329,0.92336666666666667,0.92859999999999998,200,calibration_resampling_fixed_trained_models_threshold_and_evaluation_cohorts,0.92379999999999995
CodeBERT_unfrozen_s2026,isotonic_tiebreak,test,Brier,0.05612044714198712,0.00052878891354798724,0.056138735159703593,0.054931704997645353,0.057255528816614748,0.055129365975524876,0.057131377826223621,200,calibration_resampling_fixed_trained_models_threshold_and_evaluation_cohorts,0.055948167277148825
CodeBERT_unfrozen_s2026,isotonic_tiebreak,test,ECE,0.024771433162975132,0.0019537170895961055,0.025002977045840823,0.019434895682171008,0.028963967227739692,0.020621962682155832,0.02859825103274807,200,calibration_resampling_fixed_trained_models_threshold_and_evaluation_cohorts,0.02417208687200784
CodeBERT_unfrozen_s2026,isotonic_tiebreak,test,F1,0.92355469332926543,0.0030819234245530415,0.9228934374781832,0.90383265478028918,0.92900136343985895,0.92147955872809861,0.92842822774659184,200,calibration_resampling_fixed_trained_models_threshold_and_evaluation_cohorts,0.92201146288209612
CodeBERT_unfrozen_s2026,isotonic_tiebreak,test,LogLoss,0.19287562500197328,0.0027674401284823618,0.19225562181675399,0.18854405990164302,0.20723004880241289,0.18911830930768819,0.19865022316737824,200,calibration_resampling_fixed_trained_models_threshold_and_evaluation_cohorts,0.19038240278152643
CodeBERT_unfrozen_s2026,isotonic_tiebreak,test,ROC_AUC,0.98022549534541259,0,0.98022549534541259,0.98022549534541259,0.98022549534541259,0.98022549534541259,0.98022549534541259,200,calibration_resampling_fixed_trained_models_threshold_and_evaluation_cohorts,0.98022549534541259
CodeBERT_unfrozen_s2026,isotonic_tiebreak,test,deployed_per_format_FPR_0.001,0.0017408771342484097,0,0.0017408771342484097,0.0017408771342484097,0.0017408771342484097,0.0017408771342484097,0.0017408771342484097,200,calibration_resampling_fixed_trained_models_threshold_and_evaluation_cohorts,0.0017408771342484097
CodeBERT_unfrozen_s2026,isotonic_tiebreak,test,deployed_per_format_FPR_0.005,0.0052895882156009377,0,0.0052895882156009377,0.0052895882156009377,0.0052895882156009377,0.0052895882156009377,0.0052895882156009377,200,calibration_resampling_fixed_trained_models_threshold_and_evaluation_cohorts,0.0052895882156009377
CodeBERT_unfrozen_s2026,isotonic_tiebreak,test,deployed_per_format_FPR_0.01,0.010913960495480414,0,0.010913960495480416,0.010913960495480416,0.010913960495480416,0.010913960495480416,0.010913960495480416,200,calibration_resampling_fixed_trained_models_threshold_and_evaluation_cohorts,0.010913960495480416
CodeBERT_unfrozen_s2026,isotonic_tiebreak,test,deployed_per_format_FPR_0.05,0.048008034817542684,0,0.048008034817542684,0.048008034817542684,0.048008034817542684,0.048008034817542684,0.048008034817542684,200,calibration_resampling_fixed_trained_models_threshold_and_evaluation_cohorts,0.048008034817542684
CodeBERT_unfrozen_s2026,isotonic_tiebreak,test,deployed_per_format_TPR_0.001,0.4138068370394955,0,0.4138068370394955,0.4138068370394955,0.4138068370394955,0.4138068370394955,0.4138068370394955,200,calibration_resampling_fixed_trained_models_threshold_and_evaluation_cohorts,0.4138068370394955
CodeBERT_unfrozen_s2026,isotonic_tiebreak,test,deployed_per_format_TPR_0.005,0.60019913707268502,0,0.60019913707268502,0.60019913707268502,0.60019913707268502,0.60019913707268502,0.60019913707268502,200,calibration_resampling_fixed_trained_models_threshold_and_evaluation_cohorts,0.60019913707268502
CodeBERT_unfrozen_s2026,isotonic_tiebreak,test,deployed_per_format_TPR_0.01,0.68881513441752407,0,0.68881513441752407,0.68881513441752407,0.68881513441752407,0.68881513441752407,0.68881513441752407,200,calibration_resampling_fixed_trained_models_threshold_and_evaluation_cohorts,0.68881513441752407
CodeBERT_unfrozen_s2026,isotonic_tiebreak,test,deployed_per_format_TPR_0.05,0.89173581148357117,0,0.89173581148357117,0.89173581148357117,0.89173581148357117,0.89173581148357117,0.89173581148357117,200,calibration_resampling_fixed_trained_models_threshold_and_evaluation_cohorts,0.89173581148357117
CodeBERT_unfrozen_s2026,isotonic_tiebreak,test,deployed_pooled_FPR_0.001,0.0017408771342484097,0,0.0017408771342484097,0.0017408771342484097,0.0017408771342484097,0.0017408771342484097,0.0017408771342484097,200,calibration_resampling_fixed_trained_models_threshold_and_evaluation_cohorts,0.0017408771342484097
CodeBERT_unfrozen_s2026,isotonic_tiebreak,test,deployed_pooled_FPR_0.005,0.0055574154670237699,0,0.0055574154670237699,0.0055574154670237699,0.0055574154670237699,0.0055574154670237699,0.0055574154670237699,200,calibration_resampling_fixed_trained_models_threshold_and_evaluation_cohorts,0.0055574154670237699
CodeBERT_unfrozen_s2026,isotonic_tiebreak,test,deployed_pooled_FPR_0.01,0.01111483093404754,0,0.01111483093404754,0.01111483093404754,0.01111483093404754,0.01111483093404754,0.01111483093404754,200,calibration_resampling_fixed_trained_models_threshold_and_evaluation_cohorts,0.01111483093404754
CodeBERT_unfrozen_s2026,isotonic_tiebreak,test,deployed_pooled_FPR_0.05,0.045731503180448607,0,0.045731503180448607,0.045731503180448607,0.045731503180448607,0.045731503180448607,0.045731503180448607,200,calibration_resampling_fixed_trained_models_threshold_and_evaluation_cohorts,0.045731503180448607
CodeBERT_unfrozen_s2026,isotonic_tiebreak,test,deployed_pooled_TPR_0.001,0.4177231994689678,0,0.4177231994689678,0.4177231994689678,0.4177231994689678,0.4177231994689678,0.4177231994689678,200,calibration_resampling_fixed_trained_models_threshold_and_evaluation_cohorts,0.4177231994689678
CodeBERT_unfrozen_s2026,isotonic_tiebreak,test,deployed_pooled_TPR_0.005,0.60318619316296052,0,0.60318619316296052,0.60318619316296052,0.60318619316296052,0.60318619316296052,0.60318619316296052,200,calibration_resampling_fixed_trained_models_threshold_and_evaluation_cohorts,0.60318619316296052
CodeBERT_unfrozen_s2026,isotonic_tiebreak,test,deployed_pooled_TPR_0.01,0.6911384002655161,0,0.6911384002655161,0.6911384002655161,0.6911384002655161,0.6911384002655161,0.6911384002655161,200,calibration_resampling_fixed_trained_models_threshold_and_evaluation_cohorts,0.6911384002655161
CodeBERT_unfrozen_s2026,isotonic_tiebreak,test,deployed_pooled_TPR_0.05,0.88689014271490207,0,0.88689014271490207,0.88689014271490207,0.88689014271490207,0.88689014271490207,0.88689014271490207,200,calibration_resampling_fixed_trained_models_threshold_and_evaluation_cohorts,0.88689014271490207
CodeBERT_unfrozen_s2026,stack,same_period,AP,0.99635459080510458,1.8192549631370627e-05,0.99635772640364262,0.9962590855947695,0.99637936552824602,0.99631942214570568,0.99637885750037236,200,calibration_resampling_fixed_trained_models_threshold_and_evaluation_cohorts,0.99635804282893048
CodeBERT_unfrozen_s2026,stack,same_period,Accuracy,0.97227116666666658,0.00013448736342600332,0.97224999999999995,0.97196666666666665,0.97260000000000002,0.97206666666666663,0.97253333333333336,200,calibration_resampling_fixed_trained_models_threshold_and_evaluation_cohorts,0.97213333333333329
CodeBERT_unfrozen_s2026,stack,same_period,Brier,0.021245895306769805,3.9121871072181461e-05,0.021237192015448929,0.021192828771998663,0.021426930332300264,0.021197526187193158,0.021334908842537973,200,calibration_resampling_fixed_trained_models_threshold_and_evaluation_cohorts,0.021220110496976665
CodeBERT_unfrozen_s2026,stack,same_period,ECE,0.0037207225682155533,0.00037551674685478499,0.0036615267884508888,0.0030319814180082205,0.0053277372669979298,0.003192098713345201,0.0045596682730840174,200,calibration_resampling_fixed_trained_models_threshold_and_evaluation_cohorts,0.003741739719180133
CodeBERT_unfrozen_s2026,stack,same_period,F1,0.97231004344061656,0.00012575090726695158,0.97229068140944519,0.97199187398008458,0.97262372610404313,0.97209826911765229,0.97257008936611322,200,calibration_resampling_fixed_trained_models_threshold_and_evaluation_cohorts,0.97217599680489919
CodeBERT_unfrozen_s2026,stack,same_period,LogLoss,0.076928410636605535,0.00017360910493218346,0.07687954402003877,0.076673023735270227,0.077765920755130016,0.07669197029536641,0.077293788198708399,200,calibration_resampling_fixed_trained_models_threshold_and_evaluation_cohorts,0.076816189108692895
CodeBERT_unfrozen_s2026,stack,same_period,ROC_AUC,0.99598826188663214,2.2656470238715718e-05,0.99599153499730386,0.9958742378647536,0.99602262652642337,0.99594515826268337,0.99602059761025663,200,calibration_resampling_fixed_trained_models_threshold_and_evaluation_cohorts,0.99599192833592554
CodeBERT_unfrozen_s2026,stack,same_period,deployed_per_format_FPR_0.001,0.0013951154232184676,4.0665040761585457e-05,0.001405152224824356,0.0012713282034125125,0.0014720642355302777,0.0013382402141184342,0.0014720642355302777,200,calibration_resampling_fixed_trained_models_threshold_and_evaluation_cohorts,0.001405152224824356
CodeBERT_unfrozen_s2026,stack,same_period,deployed_per_format_FPR_0.005,0.0051264637002341913,7.3689514049338109e-05,0.0051522248243559719,0.0050184008029441288,0.0052860488457678149,0.0050184008029441288,0.0052860488457678149,200,calibration_resampling_fixed_trained_models_threshold_and_evaluation_cohorts,0.0052860488457678149
CodeBERT_unfrozen_s2026,stack,same_period,deployed_per_format_FPR_0.01,0.0099842756774841095,0.00011341814188608379,0.0099698895951823348,0.0097691535630645698,0.010237537638006023,0.0097691535630645698,0.010237537638006023,200,calibration_resampling_fixed_trained_models_threshold_and_evaluation_cohorts,0.010036801605888258
CodeBERT_unfrozen_s2026,stack,same_period,deployed_per_format_FPR_0.05,0.052640347942455666,0.00027646287608126282,0.052726664436266307,0.051455336232853796,0.053128136500501841,0.05178822348611576,0.053128136500501841,200,calibration_resampling_fixed_trained_models_threshold_and_evaluation_cohorts,0.052726664436266307
CodeBERT_unfrozen_s2026,stack,same_period,deployed_per_format_TPR_0.001,0.80713018930587854,0.0015592338993676343,0.80793756227167057,0.80438392560611094,0.80903354367319824,0.80438392560611094,0.80896712055795417,200,calibration_resampling_fixed_trained_models_threshold_and_evaluation_cohorts,0.80896712055795417
CodeBERT_unfrozen_s2026,stack,same_period,deployed_per_format_TPR_0.005,0.91447326469611423,0.00052233309060970836,0.91457987379608108,0.91198937230156096,0.91531052806376623,0.91371471272002658,0.91531052806376623,200,calibration_resampling_fixed_trained_models_threshold_and_evaluation_cohorts,0.91491198937230156
CodeBERT_unfrozen_s2026,stack,same_period,deployed_per_format_TPR_0.01,0.94495283958817666,0.00063402012284016469,0.9451345068083693,0.94360677515775493,0.94626369976751912,0.943673198272999,0.94619727665227504,200,calibration_resampling_fixed_trained_models_threshold_and_evaluation_cohorts,0.9451345068083693
CodeBERT_unfrozen_s2026,stack,same_period,deployed_per_format_TPR_0.05,0.98295981401527721,0.00012454962719876388,0.98299568249750913,0.98246429757555631,0.98319495184324146,0.98272832945865163,0.98319495184324146,200,calibration_resampling_fixed_trained_models_threshold_and_evaluation_cohorts,0.98299568249750913
CodeBERT_unfrozen_s2026,stack,same_period,deployed_pooled_FPR_0.001,0.0012492472398795583,7.1025568167218994e-05,0.0012044161927065907,0.0011375041820006692,0.0014720642355302777,0.0011375041820006692,0.001405152224824356,200,calibration_resampling_fixed_trained_models_threshold_and_evaluation_cohorts,0.0012044161927065907
CodeBERT_unfrozen_s2026,stack,same_period,deployed_pooled_FPR_0.005,0.0053271997323519572,0.00011842551065461979,0.0054198728671796589,0.0050853128136500499,0.0054198728671796589,0.0050853128136500499,0.0054198728671796589,200,calibration_resampling_fixed_trained_models_threshold_and_evaluation_cohorts,0.0054198728671796589
CodeBERT_unfrozen_s2026,stack,same_period,deployed_pooled_FPR_0.01,0.010274673803947809,0.00017857595881372489,0.010371361659417865,0.0099029775844764138,0.010505185680829709,0.0099029775844764138,0.010438273670123788,200,calibration_resampling_fixed_trained_models_threshold_and_evaluation_cohorts,0.010371361659417865
CodeBERT_unfrozen_s2026,stack,same_period,deployed_pooled_FPR_0.05,0.052393442622950814,0.00029092585563061376,0.052459016393442623,0.051722984275677487,0.052860488457678156,0.05185680829708933,0.052860488457678156,200,calibration_resampling_fixed_trained_models_threshold_and_evaluation_cohorts,0.052793576446972232
CodeBERT_unfrozen_s2026,stack,same_period,deployed_pooled_TPR_0.001,0.79949551643972105,0.00072151198846872146,0.79933576884755897,0.79754234473596808,0.8018598472268349,0.79853869146462975,0.80079707738292927,200,calibration_resampling_fixed_trained_models_threshold_and_evaluation_cohorts,0.7989372301560943
CodeBERT_unfrozen_s2026,stack,same_period,deployed_pooled_TPR_0.005,0.91419893723015599,0.00052231526294054626,0.91411491198937234,0.91318498837595485,0.91504483560278982,0.91324975091331784,0.91504483560278982,200,calibration_resampling_fixed_trained_models_threshold_and_evaluation_cohorts,0.91497841248754563
CodeBERT_unfrozen_s2026,stack,same_period,deployed_pooled_TPR_0.01,0.94434971770176024,0.0004511957620167734,0.94440385254068415,0.94347392892726667,0.94506808369312523,0.94354035204251074,0.94506808369312523,200,calibration_resampling_fixed_trained_models_threshold_and_evaluation_cohorts,0.94493523746263697
CodeBERT_unfrozen_s2026,stack,same_period,deployed_pooled_TPR_0.05,0.98277017602125538,6.916930163212832e-05,0.98279641315177679,0.98253072069080039,0.98286283626702098,0.98266356692128864,0.98286283626702098,200,calibration_resampling_fixed_trained_models_threshold_and_evaluation_cohorts,0.98286283626702098
CodeBERT_unfrozen_s2026,stack,test,AP,0.99600558060217281,9.8949044767901941e-06,0.99600901641227368,0.99594068392645729,0.99601432468168449,0.99598505787390235,0.99601417856095842,200,calibration_resampling_fixed_trained_models_threshold_and_evaluation_cohorts,0.99600933764649968
CodeBERT_unfrozen_s2026,stack,test,Accuracy,0.96849516666666668,0.00012275442476568813,0.96850000000000003,0.96816666666666662,0.96883333333333332,0.96823333333333328,0.96873416666666667,200,calibration_resampling_fixed_trained_models_threshold_and_evaluation_cohorts,0.96850000000000003
CodeBERT_unfrozen_s2026,stack,test,Brier,0.023252411536148654,6.3944478730523048e-05,0.023241620749839216,0.023130488842985682,0.023442007321510114,0.023150061092518118,0.023400821432585629,200,calibration_resampling_fixed_trained_models_threshold_and_evaluation_cohorts,0.023226261186161095
CodeBERT_unfrozen_s2026,stack,test,ECE,0.0050614821919799484,0.00075209487556140314,0.0050925254656945121,0.0032330235603303058,0.0069219799797196916,0.0037212355707356075,0.0064848895305839446,200,calibration_resampling_fixed_trained_models_threshold_and_evaluation_cohorts,0.0047932424599187035
CodeBERT_unfrozen_s2026,stack,test,F1,0.96851940223568178,0.00014420892116243951,0.968522034575797,0.96814011676396994,0.96890692028865022,0.96823788522820009,0.96881859036123752,200,calibration_resampling_fixed_trained_models_threshold_and_evaluation_cohorts,0.96851993737299713
CodeBERT_unfrozen_s2026,stack,test,LogLoss,0.082057842387870283,0.00024665845089523057,0.082014814874829672,0.081617560988067175,0.082760811610321769,0.081690987737426085,0.082612481251658237,200,calibration_resampling_fixed_trained_models_threshold_and_evaluation_cohorts,0.081935595111241488
CodeBERT_unfrozen_s2026,stack,test,ROC_AUC,0.99573943006263121,1.3552480549380346e-05,0.99574318228864511,0.99565921626750542,0.99575315580925916,0.9957119924807476,0.99575302714017633,200,calibration_resampling_fixed_trained_models_threshold_and_evaluation_cohorts,0.99574346673843106
CodeBERT_unfrozen_s2026,stack,test,deployed_per_format_FPR_0.001,0.0015480415132239705,2.1812989574148052e-05,0.0015400066956812856,0.0015400066956812856,0.0016069635085369936,0.0015400066956812856,0.0016069635085369936,200,calibration_resampling_fixed_trained_models_threshold_and_evaluation_cohorts,0.0015400066956812856
CodeBERT_unfrozen_s2026,stack,test,deployed_per_format_FPR_0.005,0.0061074656846334119,0.00020225387880710687,0.0060261131570137263,0.0059591563441580182,0.0068965517241379309,0.0059591563441580182,0.0066303983930364914,200,calibration_resampling_fixed_trained_models_threshold_and_evaluation_cohorts,0.0059591563441580182
CodeBERT_unfrozen_s2026,stack,test,deployed_per_format_FPR_0.01,0.011315701372614664,0.00013789212302540822,0.011315701372614664,0.011047874121191832,0.011851355875460328,0.011047874121191832,0.011516571811181788,200,calibration_resampling_fixed_trained_models_threshold_and_evaluation_cohorts,0.011315701372614664
CodeBERT_unfrozen_s2026,stack,test,deployed_per_format_FPR_0.05,0.05072581185135587,0.00045828077168442132,0.0506193505189153,0.04988282557750251,0.051757616337462335,0.050083696016069636,0.051558419819216605,200,calibration_resampling_fixed_trained_models_threshold_and_evaluation_cohorts,0.050351523267492468
CodeBERT_unfrozen_s2026,stack,test,deployed_per_format_TPR_0.001,0.80151145038167937,0.001645705165698371,0.80245602389644877,0.79847328244274807,0.80358446730833055,0.79860604049120476,0.80305343511450378,200,calibration_resampling_fixed_trained_models_threshold_and_evaluation_cohorts,0.80278791901759039
CodeBERT_unfrozen_s2026,stack,test,deployed_per_format_TPR_0.005,0.90428874875539333,0.0003412556562164649,0.90421506803849983,0.90381679389312974,0.90574178559575169,0.90388317291735809,0.90501991370726853,200,calibration_resampling_fixed_trained_models_threshold_and_evaluation_cohorts,0.90428144706272817
CodeBERT_unfrozen_s2026,stack,test,deployed_per_format_TPR_0.01,0.93525157650182533,0.00071077979217831029,0.93508131430467967,0.93408562894125458,0.93627613674078991,0.93415200796548292,0.93627613674078991,200,calibration_resampling_fixed_trained_models_threshold_and_evaluation_cohorts,0.93508131430467967
CodeBERT_unfrozen_s2026,stack,test,deployed_per_format_TPR_0.05,0.98178559575174251,0.00016502771313986481,0.98181214736143374,0.98108197809492204,0.98201128443411878,0.98148025224029212,0.98201128443411878,200,calibration_resampling_fixed_trained_models_threshold_and_evaluation_cohorts,0.98201128443411878
CodeBERT_unfrozen_s2026,stack,test,deployed_pooled_FPR_0.001,0.0015025108804820892,4.8236562337585009e-05,0.0014730498828255775,0.0014730498828255775,0.0016739203213927017,0.0014730498828255775,0.0016069635085369936,200,calibration_resampling_fixed_trained_models_threshold_and_evaluation_cohorts,0.0014730498828255775
CodeBERT_unfrozen_s2026,stack,test,deployed_pooled_FPR_0.005,0.005986943421493137,0.00011177393680087592,0.0060261131570137263,0.0057582859055908941,0.0062269835955808504,0.0058252427184466021,0.0060930699698694343,200,calibration_resampling_fixed_trained_models_threshold_and_evaluation_cohorts,0.0060930699698694343
CodeBERT_unfrozen_s2026,stack,test,deployed_pooled_FPR_0.01,0.012154000669568128,0.00014222864001841844,0.012186139939738869,0.011851355875460328,0.012453967191161701,0.011851355875460328,0.012387010378305993,200,calibration_resampling_fixed_trained_models_threshold_and_evaluation_cohorts,0.012186139939738869
CodeBERT_unfrozen_s2026,stack,test,deployed_pooled_FPR_0.05,0.0497736859725477,0.00036657228364067146,0.049815868764646803,0.049012387010378307,0.051690659524606629,0.049079343823234013,0.050284566454636762,200,calibration_resampling_fixed_trained_models_threshold_and_evaluation_cohorts,0.04988282557750251
CodeBERT_unfrozen_s2026,stack,test,deployed_pooled_TPR_0.001,0.79340856289412542,0.00067016404955424916,0.79322933952870889,0.79057417855957512,0.79561898440092926,0.79276468635911057,0.79502157318287425,200,calibration_resampling_fixed_trained_models_threshold_and_evaluation_cohorts,0.79289744440756715
CodeBERT_unfrozen_s2026,stack,test,deployed_pooled_TPR_0.005,0.90464619980086303,0.00054798177621940961,0.90461334218386991,0.90275472950547631,0.90567540657152334,0.90367573846664451,0.90554430799867247,200,calibration_resampling_fixed_trained_models_threshold_and_evaluation_cohorts,0.90554264852306676
CodeBERT_unfrozen_s2026,stack,test,deployed_pooled_TPR_0.01,0.93445038167938932,0.00068642024917448181,0.93464985064719552,0.93209425821440428,0.93521407235313636,0.93282110852970457,0.93514935280451372,200,calibration_resampling_fixed_trained_models_threshold_and_evaluation_cohorts,0.93494855625622308
CodeBERT_unfrozen_s2026,stack,test,deployed_pooled_TPR_0.05,0.98161732492532361,0.00013912287657586762,0.98167938931297705,0.98134749419183542,0.98187852638566209,0.98134749419183542,0.98181214736143374,200,calibration_resampling_fixed_trained_models_threshold_and_evaluation_cohorts,0.98181214736143374
CodeBERT_unfrozen_s2026,temperature,same_period,AP,0.98456007553125202,0,0.98456007553125202,0.98456007553125202,0.98456007553125202,0.98456007553125202,0.98456007553125202,200,calibration_resampling_fixed_trained_models_threshold_and_evaluation_cohorts,0.98456007553125202
CodeBERT_unfrozen_s2026,temperature,same_period,Accuracy,0.93689999999999996,0,0.93689999999999996,0.93689999999999996,0.93689999999999996,0.93689999999999996,0.93689999999999996,200,calibration_resampling_fixed_trained_models_threshold_and_evaluation_cohorts,0.93689999999999996
CodeBERT_unfrozen_s2026,temperature,same_period,Brier,0.049702988098051695,7.6103610102855497e-05,0.049702096862669944,0.049507645428703215,0.049895130336641044,0.049542983113475159,0.049849405214709305,200,calibration_resampling_fixed_trained_models_threshold_and_evaluation_cohorts,0.049698476090364367
CodeBERT_unfrozen_s2026,temperature,same_period,ECE,0.029028282003411218,0.00091466835476545529,0.029136183951973121,0.026852531247479921,0.031279504648895076,0.027256650842998883,0.030947356431032566,200,calibration_resampling_fixed_trained_models_threshold_and_evaluation_cohorts,0.02920329723725151
CodeBERT_unfrozen_s2026,temperature,same_period,F1,0.93648716658278797,0,0.93648716658278808,0.93648716658278808,0.93648716658278808,0.93648716658278808,0.93648716658278808,200,calibration_resampling_fixed_trained_models_threshold_and_evaluation_cohorts,0.93648716658278808
CodeBERT_unfrozen_s2026,temperature,same_period,LogLoss,0.17843809057630083,0.00010325095418586304,0.17840819603264729,0.17834227595849236,0.17887272365007889,0.17834314722093922,0.17874318067551434,200,calibration_resampling_fixed_trained_models_threshold_and_evaluation_cohorts,0.17841229174841719
CodeBERT_unfrozen_s2026,temperature,same_period,ROC_AUC,0.98367054712624469,0,0.98367054712624469,0.98367054712624469,0.98367054712624469,0.98367054712624469,0.98367054712624469,200,calibration_resampling_fixed_trained_models_threshold_and_evaluation_cohorts,0.98367054712624469
CodeBERT_unfrozen_s2026,temperature,same_period,deployed_per_format_FPR_0.001,0.0012713282034125125,0,0.0012713282034125125,0.0012713282034125125,0.0012713282034125125,0.0012713282034125125,0.0012713282034125125,200,calibration_resampling_fixed_trained_models_threshold_and_evaluation_cohorts,0.0012713282034125125
CodeBERT_unfrozen_s2026,temperature,same_period,deployed_per_format_FPR_0.005,0.0052860488457678149,0,0.0052860488457678149,0.0052860488457678149,0.0052860488457678149,0.0052860488457678149,0.0052860488457678149,200,calibration_resampling_fixed_trained_models_threshold_and_evaluation_cohorts,0.0052860488457678149
CodeBERT_unfrozen_s2026,temperature,same_period,deployed_per_format_FPR_0.01,0.010036801605888258,0,0.010036801605888258,0.010036801605888258,0.010036801605888258,0.010036801605888258,0.010036801605888258,200,calibration_resampling_fixed_trained_models_threshold_and_evaluation_cohorts,0.010036801605888258
CodeBERT_unfrozen_s2026,temperature,same_period,deployed_per_format_FPR_0.05,0.049247239879558383,0,0.049247239879558383,0.049247239879558383,0.049247239879558383,0.049247239879558383,0.049247239879558383,200,calibration_resampling_fixed_trained_models_threshold_and_evaluation_cohorts,0.049247239879558383
CodeBERT_unfrozen_s2026,temperature,same_period,deployed_per_format_TPR_0.001,0.48854201262039187,0,0.48854201262039187,0.48854201262039187,0.48854201262039187,0.48854201262039187,0.48854201262039187,200,calibration_resampling_fixed_trained_models_threshold_and_evaluation_cohorts,0.48854201262039187
CodeBERT_unfrozen_s2026,temperature,same_period,deployed_per_format_TPR_0.005,0.69485220856858187,0,0.69485220856858187,0.69485220856858187,0.69485220856858187,0.69485220856858187,0.69485220856858187,200,calibration_resampling_fixed_trained_models_threshold_and_evaluation_cohorts,0.69485220856858187
CodeBERT_unfrozen_s2026,temperature,same_period,deployed_per_format_TPR_0.01,0.7806044503487215,0,0.78060445034872139,0.78060445034872139,0.78060445034872139,0.78060445034872139,0.78060445034872139,200,calibration_resampling_fixed_trained_models_threshold_and_evaluation_cohorts,0.78060445034872139
CodeBERT_unfrozen_s2026,temperature,same_period,deployed_per_format_TPR_0.05,0.9206243772832946,0,0.9206243772832946,0.9206243772832946,0.9206243772832946,0.9206243772832946,0.9206243772832946,200,calibration_resampling_fixed_trained_models_threshold_and_evaluation_cohorts,0.9206243772832946
CodeBERT_unfrozen_s2026,temperature,same_period,deployed_pooled_FPR_0.001,0.0013382402141184344,0,0.0013382402141184342,0.0013382402141184342,0.0013382402141184342,0.0013382402141184342,0.0013382402141184342,200,calibration_resampling_fixed_trained_models_threshold_and_evaluation_cohorts,0.0013382402141184342
CodeBERT_unfrozen_s2026,temperature,same_period,deployed_pooled_FPR_0.005,0.0056875209100033467,0,0.0056875209100033458,0.0056875209100033458,0.0056875209100033458,0.0056875209100033458,0.0056875209100033458,200,calibration_resampling_fixed_trained_models_threshold_and_evaluation_cohorts,0.0056875209100033458
CodeBERT_unfrozen_s2026,temperature,same_period,deployed_pooled_FPR_0.01,0.010371361659417867,0,0.010371361659417865,0.010371361659417865,0.010371361659417865,0.010371361659417865,0.010371361659417865,200,calibration_resampling_fixed_trained_models_threshold_and_evaluation_cohorts,0.010371361659417865
CodeBERT_unfrozen_s2026,temperature,same_period,deployed_pooled_FPR_0.05,0.048377383740381398,0,0.048377383740381398,0.048377383740381398,0.048377383740381398,0.048377383740381398,0.048377383740381398,200,calibration_resampling_fixed_trained_models_threshold_and_evaluation_cohorts,0.048377383740381398
CodeBERT_unfrozen_s2026,temperature,same_period,deployed_pooled_TPR_0.001,0.49239455330455001,0,0.49239455330455001,0.49239455330455001,0.49239455330455001,0.49239455330455001,0.49239455330455001,200,calibration_resampling_fixed_trained_models_threshold_and_evaluation_cohorts,0.49239455330455001
CodeBERT_unfrozen_s2026,temperature,same_period,deployed_pooled_TPR_0.005,0.6991697110594487,0,0.6991697110594487,0.6991697110594487,0.6991697110594487,0.6991697110594487,0.6991697110594487,200,calibration_resampling_fixed_trained_models_threshold_and_evaluation_cohorts,0.6991697110594487
CodeBERT_unfrozen_s2026,temperature,same_period,deployed_pooled_TPR_0.01,0.78452341414812354,0,0.78452341414812354,0.78452341414812354,0.78452341414812354,0.78452341414812354,0.78452341414812354,200,calibration_resampling_fixed_trained_models_threshold_and_evaluation_cohorts,0.78452341414812354
CodeBERT_unfrozen_s2026,temperature,same_period,deployed_pooled_TPR_0.05,0.92142145466622383,0,0.92142145466622383,0.92142145466622383,0.92142145466622383,0.92142145466622383,0.92142145466622383,200,calibration_resampling_fixed_trained_models_threshold_and_evaluation_cohorts,0.92142145466622383
CodeBERT_unfrozen_s2026,temperature,test,AP,0.97973481679839369,0,0.97973481679839369,0.97973481679839369,0.97973481679839369,0.97973481679839369,0.97973481679839369,200,calibration_resampling_fixed_trained_models_threshold_and_evaluation_cohorts,0.97973481679839369
CodeBERT_unfrozen_s2026,temperature,test,Accuracy,0.9237333333333333,0,0.9237333333333333,0.9237333333333333,0.9237333333333333,0.9237333333333333,0.9237333333333333,200,calibration_resampling_fixed_trained_models_threshold_and_evaluation_cohorts,0.9237333333333333
CodeBERT_unfrozen_s2026,temperature,test,Brier,0.059576729352665454,0.0001156700944149506,0.059576846679999115,0.059270368064411431,0.059861410570398954,0.059328358126104638,0.059795177403156943,200,calibration_resampling_fixed_trained_models_threshold_and_evaluation_cohorts,0.059571364571630578
CodeBERT_unfrozen_s2026,temperature,test,ECE,0.036257001726988772,0.0011632829684876471,0.036269426091566366,0.033110187438007872,0.03910618705942686,0.034258526125533116,0.038531516257912513,200,calibration_resampling_fixed_trained_models_threshold_and_evaluation_cohorts,0.036327205149113528
CodeBERT_unfrozen_s2026,temperature,test,F1,0.92193257813566265,0,0.92193257813566265,0.92193257813566265,0.92193257813566265,0.92193257813566265,0.92193257813566265,200,calibration_resampling_fixed_trained_models_threshold_and_evaluation_cohorts,0.92193257813566265
CodeBERT_unfrozen_s2026,temperature,test,LogLoss,0.20667390541888001,0.00015644562639947389,0.20664869449933301,0.20642609847677548,0.20718026321527419,0.2064335430216411,0.20703358081583578,200,calibration_resampling_fixed_trained_models_threshold_and_evaluation_cohorts,0.20664116711062863
CodeBERT_unfrozen_s2026,temperature,test,ROC_AUC,0.98022549534541259,0,0.98022549534541259,0.98022549534541259,0.98022549534541259,0.98022549534541259,0.98022549534541259,200,calibration_resampling_fixed_trained_models_threshold_and_evaluation_cohorts,0.98022549534541259
CodeBERT_unfrozen_s2026,temperature,test,deployed_per_format_FPR_0.001,0.0017408771342484097,0,0.0017408771342484097,0.0017408771342484097,0.0017408771342484097,0.0017408771342484097,0.0017408771342484097,200,calibration_resampling_fixed_trained_models_threshold_and_evaluation_cohorts,0.0017408771342484097
CodeBERT_unfrozen_s2026,temperature,test,deployed_per_format_FPR_0.005,0.0052895882156009377,0,0.0052895882156009377,0.0052895882156009377,0.0052895882156009377,0.0052895882156009377,0.0052895882156009377,200,calibration_resampling_fixed_trained_models_threshold_and_evaluation_cohorts,0.0052895882156009377
CodeBERT_unfrozen_s2026,temperature,test,deployed_per_format_FPR_0.01,0.010913960495480414,0,0.010913960495480416,0.010913960495480416,0.010913960495480416,0.010913960495480416,0.010913960495480416,200,calibration_resampling_fixed_trained_models_threshold_and_evaluation_cohorts,0.010913960495480416
CodeBERT_unfrozen_s2026,temperature,test,deployed_per_format_FPR_0.05,0.048008034817542684,0,0.048008034817542684,0.048008034817542684,0.048008034817542684,0.048008034817542684,0.048008034817542684,200,calibration_resampling_fixed_trained_models_threshold_and_evaluation_cohorts,0.048008034817542684
CodeBERT_unfrozen_s2026,temperature,test,deployed_per_format_TPR_0.001,0.4138068370394955,0,0.4138068370394955,0.4138068370394955,0.4138068370394955,0.4138068370394955,0.4138068370394955,200,calibration_resampling_fixed_trained_models_threshold_and_evaluation_cohorts,0.4138068370394955
CodeBERT_unfrozen_s2026,temperature,test,deployed_per_format_TPR_0.005,0.60019913707268502,0,0.60019913707268502,0.60019913707268502,0.60019913707268502,0.60019913707268502,0.60019913707268502,200,calibration_resampling_fixed_trained_models_threshold_and_evaluation_cohorts,0.60019913707268502
CodeBERT_unfrozen_s2026,temperature,test,deployed_per_format_TPR_0.01,0.68881513441752407,0,0.68881513441752407,0.68881513441752407,0.68881513441752407,0.68881513441752407,0.68881513441752407,200,calibration_resampling_fixed_trained_models_threshold_and_evaluation_cohorts,0.68881513441752407
CodeBERT_unfrozen_s2026,temperature,test,deployed_per_format_TPR_0.05,0.89173581148357117,0,0.89173581148357117,0.89173581148357117,0.89173581148357117,0.89173581148357117,0.89173581148357117,200,calibration_resampling_fixed_trained_models_threshold_and_evaluation_cohorts,0.89173581148357117
CodeBERT_unfrozen_s2026,temperature,test,deployed_pooled_FPR_0.001,0.0017408771342484097,0,0.0017408771342484097,0.0017408771342484097,0.0017408771342484097,0.0017408771342484097,0.0017408771342484097,200,calibration_resampling_fixed_trained_models_threshold_and_evaluation_cohorts,0.0017408771342484097
CodeBERT_unfrozen_s2026,temperature,test,deployed_pooled_FPR_0.005,0.0055574154670237699,0,0.0055574154670237699,0.0055574154670237699,0.0055574154670237699,0.0055574154670237699,0.0055574154670237699,200,calibration_resampling_fixed_trained_models_threshold_and_evaluation_cohorts,0.0055574154670237699
CodeBERT_unfrozen_s2026,temperature,test,deployed_pooled_FPR_0.01,0.01111483093404754,0,0.01111483093404754,0.01111483093404754,0.01111483093404754,0.01111483093404754,0.01111483093404754,200,calibration_resampling_fixed_trained_models_threshold_and_evaluation_cohorts,0.01111483093404754
CodeBERT_unfrozen_s2026,temperature,test,deployed_pooled_FPR_0.05,0.045731503180448607,0,0.045731503180448607,0.045731503180448607,0.045731503180448607,0.045731503180448607,0.045731503180448607,200,calibration_resampling_fixed_trained_models_threshold_and_evaluation_cohorts,0.045731503180448607
CodeBERT_unfrozen_s2026,temperature,test,deployed_pooled_TPR_0.001,0.4177231994689678,0,0.4177231994689678,0.4177231994689678,0.4177231994689678,0.4177231994689678,0.4177231994689678,200,calibration_resampling_fixed_trained_models_threshold_and_evaluation_cohorts,0.4177231994689678
CodeBERT_unfrozen_s2026,temperature,test,deployed_pooled_TPR_0.005,0.60318619316296052,0,0.60318619316296052,0.60318619316296052,0.60318619316296052,0.60318619316296052,0.60318619316296052,200,calibration_resampling_fixed_trained_models_threshold_and_evaluation_cohorts,0.60318619316296052
CodeBERT_unfrozen_s2026,temperature,test,deployed_pooled_TPR_0.01,0.6911384002655161,0,0.6911384002655161,0.6911384002655161,0.6911384002655161,0.6911384002655161,0.6911384002655161,200,calibration_resampling_fixed_trained_models_threshold_and_evaluation_cohorts,0.6911384002655161
CodeBERT_unfrozen_s2026,temperature,test,deployed_pooled_TPR_0.05,0.88689014271490207,0,0.88689014271490207,0.88689014271490207,0.88689014271490207,0.88689014271490207,0.88689014271490207,200,calibration_resampling_fixed_trained_models_threshold_and_evaluation_cohorts,0.88689014271490207
CodeBERT_unfrozen_s2027,format_platt,same_period,AP,0.98341213873523037,0.00060495797909818798,0.98345099989510332,0.98169667633907298,0.98458681008857718,0.98191992229538971,0.98439832721444731,200,calibration_resampling_fixed_trained_models_threshold_and_evaluation_cohorts,0.98432799236838153
CodeBERT_unfrozen_s2027,format_platt,same_period,Accuracy,0.93904783333333341,0.00015352102342771457,0.93906666666666672,0.93866666666666665,0.93946666666666667,0.93873249999999997,0.93933333333333335,200,calibration_resampling_fixed_trained_models_threshold_and_evaluation_cohorts,0.93906666666666672
CodeBERT_unfrozen_s2027,format_platt,same_period,Brier,0.049688389959551438,8.7095291310274492e-05,0.049680494454321322,0.04950031473322318,0.049951266905241314,0.049528030117638733,0.049872082747693565,200,calibration_resampling_fixed_trained_models_threshold_and_evaluation_cohorts,0.049657153773519071
CodeBERT_unfrozen_s2027,format_platt,same_period,ECE,0.028734851198654904,0.001712544349763176,0.028780879708806391,0.02282063004806684,0.032821891133924738,0.02529647298930102,0.031661562429599485,200,calibration_resampling_fixed_trained_models_threshold_and_evaluation_cohorts,0.02890007847624166
CodeBERT_unfrozen_s2027,format_platt,same_period,F1,0.93891570934528346,0.00013303422303215741,0.93892135581900149,0.93854785919444261,0.93928261305190031,0.93864266269835261,0.93912351629991775,200,calibration_resampling_fixed_trained_models_threshold_and_evaluation_cohorts,0.93893231776575137
CodeBERT_unfrozen_s2027,format_platt,same_period,LogLoss,0.18165455169880507,0.00024706143923887452,0.1816130713111791,0.18116870111184771,0.18250672081104014,0.1812415010956438,0.18218966891807686,200,calibration_resampling_fixed_trained_models_threshold_and_evaluation_cohorts,0.18145391461205804
CodeBERT_unfrozen_s2027,format_platt,same_period,ROC_AUC,0.98209968814025161,0.00046880979085090765,0.9821296064091527,0.98024817666993069,0.98301426274731019,0.98111533599507283,0.98287345596535247,200,calibration_resampling_fixed_trained_models_threshold_and_evaluation_cohorts,0.98254650090295648
CodeBERT_unfrozen_s2027,format_platt,same_period,deployed_per_format_FPR_0.001,0.0010036801605888257,0,0.0010036801605888257,0.0010036801605888257,0.0010036801605888257,0.0010036801605888257,0.0010036801605888257,200,calibration_resampling_fixed_trained_models_threshold_and_evaluation_cohorts,0.0010036801605888257
CodeBERT_unfrozen_s2027,format_platt,same_period,deployed_per_format_FPR_0.005,0.0045500167280026768,0,0.0045500167280026768,0.0045500167280026768,0.0045500167280026768,0.0045500167280026768,0.0045500167280026768,200,calibration_resampling_fixed_trained_models_threshold_and_evaluation_cohorts,0.0045500167280026768
CodeBERT_unfrozen_s2027,format_platt,same_period,deployed_per_format_FPR_0.01,0.0092338574774171959,0,0.0092338574774171959,0.0092338574774171959,0.0092338574774171959,0.0092338574774171959,0.0092338574774171959,200,calibration_resampling_fixed_trained_models_threshold_and_evaluation_cohorts,0.0092338574774171959
CodeBERT_unfrozen_s2027,format_platt,same_period,deployed_per_format_FPR_0.05,0.050853128136500503,0,0.050853128136500503,0.050853128136500503,0.050853128136500503,0.050853128136500503,0.050853128136500503,200,calibration_resampling_fixed_trained_models_threshold_and_evaluation_cohorts,0.050853128136500503
CodeBERT_unfrozen_s2027,format_platt,same_period,deployed_per_format_TPR_0.001,0.51072733311192298,0,0.51072733311192298,0.51072733311192298,0.51072733311192298,0.51072733311192298,0.51072733311192298,200,calibration_resampling_fixed_trained_models_threshold_and_evaluation_cohorts,0.51072733311192298
CodeBERT_unfrozen_s2027,format_platt,same_period,deployed_per_format_TPR_0.005,0.70826967784789108,0,0.70826967784789108,0.70826967784789108,0.70826967784789108,0.70826967784789108,0.70826967784789108,200,calibration_resampling_fixed_trained_models_threshold_and_evaluation_cohorts,0.70826967784789108
CodeBERT_unfrozen_s2027,format_platt,same_period,deployed_per_format_TPR_0.01,0.78472268349385588,0,0.78472268349385588,0.78472268349385588,0.78472268349385588,0.78472268349385588,0.78472268349385588,200,calibration_resampling_fixed_trained_models_threshold_and_evaluation_cohorts,0.78472268349385588
CodeBERT_unfrozen_s2027,format_platt,same_period,deployed_per_format_TPR_0.05,0.92580538027233472,0,0.92580538027233472,0.92580538027233472,0.92580538027233472,0.92580538027233472,0.92580538027233472,200,calibration_resampling_fixed_trained_models_threshold_and_evaluation_cohorts,0.92580538027233472
CodeBERT_unfrozen_s2027,format_platt,same_period,deployed_pooled_FPR_0.001,0.00086584141853462688,0.00023233680313097631,0.0008029441284710606,0.0004014720642355303,0.0013382402141184342,0.0004014720642355303,0.0012713282034125125,200,calibration_resampling_fixed_trained_models_threshold_and_evaluation_cohorts,0.00046838407494145199
CodeBERT_unfrozen_s2027,format_platt,same_period,deployed_pooled_FPR_0.005,0.0048484442957510872,0.00016848147337886448,0.004817664770826363,0.0044161927065908329,0.0052191368350618939,0.0045500167280026768,0.0051522248243559719,200,calibration_resampling_fixed_trained_models_threshold_and_evaluation_cohorts,0.0047507527601204419
CodeBERT_unfrozen_s2027,format_platt,same_period,deployed_pooled_FPR_0.01,0.0090913348946135824,0.00020981222368466322,0.0090331214452994309,0.0085647373703579797,0.0097022415523586487,0.0087654734024757448,0.0095015055202408837,200,calibration_resampling_fixed_trained_models_threshold_and_evaluation_cohorts,0.0089662094345935098
CodeBERT_unfrozen_s2027,format_platt,same_period,deployed_pooled_FPR_0.05,0.049950150552024092,9.4864740647301578e-05,0.049983271997323518,0.049648711943793909,0.050184008029441285,0.049715623954499834,0.05011709601873536,200,calibration_resampling_fixed_trained_models_threshold_and_evaluation_cohorts,0.049849447975911676
CodeBERT_unfrozen_s2027,format_platt,same_period,deployed_pooled_TPR_0.001,0.3358904018598472,0.081069611040700207,0.34354035204251082,0.20491531052806378,0.51896379940219195,0.20621056127532381,0.49755895051477916,200,calibration_resampling_fixed_trained_models_threshold_and_evaluation_cohorts,0.39063434075058118
CodeBERT_unfrozen_s2027,format_platt,same_period,deployed_pooled_TPR_0.005,0.6961384921952839,0.034395878055312579,0.70265692460976426,0.47286615742278315,0.71657256725340424,0.64159249418797748,0.71352042510793756,200,calibration_resampling_fixed_trained_models_threshold_and_evaluation_cohorts,0.71072733311192293
CodeBERT_unfrozen_s2027,format_platt,same_period,deployed_pooled_TPR_0.01,0.78298638326137493,0.0037096795960638615,0.78359349053470606,0.76692128860843578,0.7907671869810694,0.77529060112919301,0.78857522417801396,200,calibration_resampling_fixed_trained_models_threshold_and_evaluation_cohorts,0.78432414480239121
CodeBERT_unfrozen_s2027,format_platt,same_period,deployed_pooled_TPR_0.05,0.92702457655264026,0.00018738817679827169,0.9270674194619728,0.92640318830953172,0.9273331119229492,0.92660245765526406,0.92726668880770513,200,calibration_resampling_fixed_trained_models_threshold_and_evaluation_cohorts,0.9270674194619728
CodeBERT_unfrozen_s2027,format_platt,test,AP,0.97720497595913469,0.00066607276351894802,0.97719478797433612,0.97548829622055488,0.97866982837283922,0.97586228164754441,0.97851687150406952,200,calibration_resampling_fixed_trained_models_threshold_and_evaluation_cohorts,0.97759282430225825
CodeBERT_unfrozen_s2027,format_platt,test,Accuracy,0.92221833333333336,0.00036625910042376844,0.92210000000000003,0.92146666666666666,0.92316666666666669,0.9216658333333333,0.92303416666666671,200,calibration_resampling_fixed_trained_models_threshold_and_evaluation_cohorts,0.9220666666666667
CodeBERT_unfrozen_s2027,format_platt,test,Brier,0.063480579062626122,0.00037977032832480634,0.063451699715734305,0.06266577782464508,0.064525203097579198,0.062775944844089937,0.064328196620943398,200,calibration_resampling_fixed_trained_models_threshold_and_evaluation_cohorts,0.063461178378931365
CodeBERT_unfrozen_s2027,format_platt,test,ECE,0.037843391875055074,0.0022190353499488384,0.037987356926689142,0.030805650564220535,0.042738223016801205,0.033230814269488068,0.042056218869866095,200,calibration_resampling_fixed_trained_models_threshold_and_evaluation_cohorts,0.038227728874955375
CodeBERT_unfrozen_s2027,format_platt,test,F1,0.92039886838372287,0.00042393756721969807,0.92030085433115205,0.91947501538040877,0.92147845341509116,0.91970871456016134,0.92129423103251717,200,calibration_resampling_fixed_trained_models_threshold_and_evaluation_cohorts,0.92023200272944383
CodeBERT_unfrozen_s2027,format_platt,test,LogLoss,0.22224725747674964,0.0014201809463635965,0.22207055565492034,0.21941499436413645,0.22620587991566332,0.21985437034422295,0.2256313815696841,200,calibration_resampling_fixed_trained_models_threshold_and_evaluation_cohorts,0.22203935400494484
CodeBERT_unfrozen_s2027,format_platt,test,ROC_AUC,0.9772614983325798,0.00071548353813436416,0.97729435141615428,0.97503342451652697,0.97875364548512078,0.9757812790040169,0.97850740619462728,200,calibration_resampling_fixed_trained_models_threshold_and_evaluation_cohorts,0.97756292090373698
CodeBERT_unfrozen_s2027,format_platt,test,deployed_per_format_FPR_0.001,0.0016069635085369939,0,0.0016069635085369936,0.0016069635085369936,0.0016069635085369936,0.0016069635085369936,0.0016069635085369936,200,calibration_resampling_fixed_trained_models_threshold_and_evaluation_cohorts,0.0016069635085369936
CodeBERT_unfrozen_s2027,format_platt,test,deployed_per_format_FPR_0.005,0.0058921995313023102,0,0.0058921995313023102,0.0058921995313023102,0.0058921995313023102,0.0058921995313023102,0.0058921995313023102,200,calibration_resampling_fixed_trained_models_threshold_and_evaluation_cohorts,0.0058921995313023102
CodeBERT_unfrozen_s2027,format_platt,test,deployed_per_format_FPR_0.01,0.0097756946769333771,0,0.0097756946769333771,0.0097756946769333771,0.0097756946769333771,0.0097756946769333771,0.0097756946769333771,200,calibration_resampling_fixed_trained_models_threshold_and_evaluation_cohorts,0.0097756946769333771
CodeBERT_unfrozen_s2027,format_platt,test,deployed_per_format_FPR_0.05,0.047405423501841314,0,0.047405423501841314,0.047405423501841314,0.047405423501841314,0.047405423501841314,0.047405423501841314,200,calibration_resampling_fixed_trained_models_threshold_and_evaluation_cohorts,0.047405423501841314
CodeBERT_unfrozen_s2027,format_platt,test,deployed_per_format_TPR_0.001,0.43703949551941584,0,0.43703949551941584,0.43703949551941584,0.43703949551941584,0.43703949551941584,0.43703949551941584,200,calibration_resampling_fixed_trained_models_threshold_and_evaluation_cohorts,0.43703949551941584
CodeBERT_unfrozen_s2027,format_platt,test,deployed_per_format_TPR_0.005,0.60962495851310983,0,0.60962495851310983,0.60962495851310983,0.60962495851310983,0.60962495851310983,0.60962495851310983,200,calibration_resampling_fixed_trained_models_threshold_and_evaluation_cohorts,0.60962495851310983
CodeBERT_unfrozen_s2027,format_platt,test,deployed_per_format_TPR_0.01,0.69120477928974433,0,0.69120477928974444,0.69120477928974444,0.69120477928974444,0.69120477928974444,0.69120477928974444,200,calibration_resampling_fixed_trained_models_threshold_and_evaluation_cohorts,0.69120477928974444
CodeBERT_unfrozen_s2027,format_platt,test,deployed_per_format_TPR_0.05,0.8922004646531696,0,0.8922004646531696,0.8922004646531696,0.8922004646531696,0.8922004646531696,0.8922004646531696,200,calibration_resampling_fixed_trained_models_threshold_and_evaluation_cohorts,0.8922004646531696
CodeBERT_unfrozen_s2027,format_platt,test,deployed_pooled_FPR_0.001,0.0014897890860395043,0.00025104598638631191,0.0015400066956812856,0.00087043856712420487,0.0018747907599598258,0.00093572145965852027,0.0018747907599598258,200,calibration_resampling_fixed_trained_models_threshold_and_evaluation_cohorts,0.0015400066956812856
CodeBERT_unfrozen_s2027,format_platt,test,deployed_pooled_FPR_0.005,0.0056983595580850357,0.00024028417474647505,0.0057582859055908941,0.0050887177770338136,0.0061600267827251424,0.0051556745898895216,0.0060277870773351189,200,calibration_resampling_fixed_trained_models_threshold_and_evaluation_cohorts,0.0057582859055908941
CodeBERT_unfrozen_s2027,format_platt,test,deployed_pooled_FPR_0.01,0.0099035821894877807,0.00032582798820546559,0.0098426514897890869,0.0092400401740877127,0.01111483093404754,0.0093739537997991288,0.010713090056913292,200,calibration_resampling_fixed_trained_models_threshold_and_evaluation_cohorts,0.0099096083026447949
CodeBERT_unfrozen_s2027,format_platt,test,deployed_pooled_FPR_0.05,0.047305992634750584,7.7696090666398986e-05,0.047271509876129894,0.047070639437562775,0.047539337127552726,0.047137596250418481,0.04747238031469702,200,calibration_resampling_fixed_trained_models_threshold_and_evaluation_cohorts,0.047204553063274188
CodeBERT_unfrozen_s2027,format_platt,test,deployed_pooled_TPR_0.001,0.29634317955526052,0.063890635733790127,0.3083637570527713,0.15087952207102556,0.43823431795552603,0.18867573846664454,0.42683206106870231,200,calibration_resampling_fixed_trained_models_threshold_and_evaluation_cohorts,0.36408894789246599
CodeBERT_unfrozen_s2027,format_platt,test,deployed_pooled_TPR_0.005,0.59994756057085963,0.023427638488853299,0.60444739462329899,0.43750414868901427,0.61851974775970797,0.54965151012280122,0.61434118818453365,200,calibration_resampling_fixed_trained_models_threshold_and_evaluation_cohorts,0.61261201460338532
CodeBERT_unfrozen_s2027,format_platt,test,deployed_pooled_TPR_0.01,0.68845204115499503,0.0044476654980252347,0.68941254563557919,0.67314968469963488,0.69538665781613007,0.67905741785595752,0.69472618652505813,200,calibration_resampling_fixed_trained_models_threshold_and_evaluation_cohorts,0.6891470295386658
CodeBERT_unfrozen_s2027,format_platt,test,deployed_pooled_TPR_0.05,0.88409757716561554,0.00031771672300137828,0.88410222369731162,0.88337205443079991,0.88496515101228013,0.88343843345502826,0.88469963491536674,200,calibration_resampling_fixed_trained_models_threshold_and_evaluation_cohorts,0.88377032857616988
CodeBERT_unfrozen_s2027,fusion_AP,same_period,AP,0.99632933819655889,2.4062965958626683e-05,0.99633763895689942,0.99626743608029567,0.9963402123170213,0.99626743608029567,0.9963402123170213,200,calibration_resampling_fixed_trained_models_threshold_and_evaluation_cohorts,0.9963402123170213
CodeBERT_unfrozen_s2027,fusion_AP,same_period,Accuracy,0.97253749999999994,3.4878348046884106e-05,0.97256666666666669,0.97250000000000003,0.97260000000000002,0.97250000000000003,0.97260000000000002,200,calibration_resampling_fixed_trained_models_threshold_and_evaluation_cohorts,0.97256666666666669
CodeBERT_unfrozen_s2027,fusion_AP,same_period,Brier,0.021920528743649571,8.469609250568786e-05,0.021958651910985175,0.021708969559027864,0.022042397235661104,0.021708969559027864,0.022042397235661104,200,calibration_resampling_fixed_trained_models_threshold_and_evaluation_cohorts,0.021958651910985175
CodeBERT_unfrozen_s2027,fusion_AP,same_period,ECE,0.011528356766956984,0.00060775718599722706,0.011791928281696845,0.0098463090666492826,0.012313381697618562,0.0098463090666492826,0.012313381697618562,200,calibration_resampling_fixed_trained_models_threshold_and_evaluation_cohorts,0.011791928281696845
CodeBERT_unfrozen_s2027,fusion_AP,same_period,F1,0.97253916181676769,3.4515946991733061e-05,0.97256758108063068,0.97250091663611216,0.97260365284628714,0.97250091663611216,0.97260365284628714,200,calibration_resampling_fixed_trained_models_threshold_and_evaluation_cohorts,0.97256758108063068
CodeBERT_unfrozen_s2027,fusion_AP,same_period,LogLoss,0.084794726521404601,0.0010562000375171614,0.085035413463774204,0.082896431211365043,0.086949544475327697,0.082896431211365043,0.086949544475327697,200,calibration_resampling_fixed_trained_models_threshold_and_evaluation_cohorts,0.085035413463774204
CodeBERT_unfrozen_s2027,fusion_AP,same_period,ROC_AUC,0.9959577317206153,2.9056150320296085e-05,0.99596660355100342,0.99588410021956963,0.99597336808639303,0.99588410021956963,0.99597336808639303,200,calibration_resampling_fixed_trained_models_threshold_and_evaluation_cohorts,0.99597336808639303
CodeBERT_unfrozen_s2027,fusion_AP,same_period,deployed_per_format_FPR_0.001,0.0013389093342254935,6.606265443688033e-05,0.0013382402141184342,0.0012044161927065907,0.0014720642355302777,0.0012044161927065907,0.0014720642355302777,200,calibration_resampling_fixed_trained_models_threshold_and_evaluation_cohorts,0.0013382402141184342
CodeBERT_unfrozen_s2027,fusion_AP,same_period,deployed_per_format_FPR_0.005,0.0051505520240883243,0.00021501573678519388,0.0051522248243559719,0.0049514887922382069,0.0056206088992974239,0.0049514887922382069,0.0056206088992974239,200,calibration_resampling_fixed_trained_models_threshold_and_evaluation_cohorts,0.0049514887922382069
CodeBERT_unfrozen_s2027,fusion_AP,same_period,deployed_per_format_FPR_0.01,0.010104048176647708,5.632217249648941e-05,0.010103713616594179,0.0099698895951823348,0.0101706256273001,0.0099698895951823348,0.0101706256273001,200,calibration_resampling_fixed_trained_models_threshold_and_evaluation_cohorts,0.010103713616594179
CodeBERT_unfrozen_s2027,fusion_AP,same_period,deployed_per_format_FPR_0.05,0.052164268986283034,0.00031082677570177624,0.052191368350618939,0.051722984275677487,0.053061224489795916,0.051722984275677487,0.053061224489795916,200,calibration_resampling_fixed_trained_models_threshold_and_evaluation_cohorts,0.052191368350618939
CodeBERT_unfrozen_s2027,fusion_AP,same_period,deployed_per_format_TPR_0.001,0.80008801062769852,0.0030711323108478478,0.79966788442377945,0.79760876785121226,0.80777150448356028,0.79760876785121226,0.80777150448356028,200,calibration_resampling_fixed_trained_models_threshold_and_evaluation_cohorts,0.79966788442377945
CodeBERT_unfrozen_s2027,fusion_AP,same_period,deployed_per_format_TPR_0.005,0.91333477250083017,0.00076369521335024426,0.91285287279973426,0.91252075722351378,0.91451345068083689,0.91252075722351378,0.91451345068083689,200,calibration_resampling_fixed_trained_models_threshold_and_evaluation_cohorts,0.91285287279973426
CodeBERT_unfrozen_s2027,fusion_AP,same_period,deployed_per_format_TPR_0.01,0.94513948854201257,0.00012438886995676403,0.9451345068083693,0.94493523746263697,0.94546662238458978,0.94493523746263697,0.94546662238458978,200,calibration_resampling_fixed_trained_models_threshold_and_evaluation_cohorts,0.9451345068083693
CodeBERT_unfrozen_s2027,fusion_AP,same_period,deployed_per_format_TPR_0.05,0.98272301560943209,0.00012763676789601138,0.98272999003653272,0.98246429757555631,0.9830621056127532,0.98246429757555631,0.9830621056127532,200,calibration_resampling_fixed_trained_models_threshold_and_evaluation_cohorts,0.98272999003653272
CodeBERT_unfrozen_s2027,fusion_AP,same_period,deployed_pooled_FPR_0.001,0.0012646370023419204,6.2567984682851437e-05,0.0012713282034125125,0.0012044161927065907,0.001405152224824356,0.0012044161927065907,0.001405152224824356,200,calibration_resampling_fixed_trained_models_threshold_and_evaluation_cohorts,0.0012713282034125125
CodeBERT_unfrozen_s2027,fusion_AP,same_period,deployed_pooled_FPR_0.005,0.0053807293409166949,9.2043209046277263e-05,0.0054198728671796589,0.0050853128136500499,0.0054198728671796589,0.0050853128136500499,0.0054198728671796589,200,calibration_resampling_fixed_trained_models_threshold_and_evaluation_cohorts,0.0054198728671796589
CodeBERT_unfrozen_s2027,fusion_AP,same_period,deployed_pooled_FPR_0.01,0.010340916694546671,5.5233095054741779e-05,0.010304449648711944,0.010237537638006023,0.010505185680829709,0.010237537638006023,0.010505185680829709,200,calibration_resampling_fixed_trained_models_threshold_and_evaluation_cohorts,0.010304449648711944
CodeBERT_unfrozen_s2027,fusion_AP,same_period,deployed_pooled_FPR_0.05,0.052269989963198392,0.00017942311419703007,0.052191368350618939,0.052124456339913014,0.052793576446972232,0.052124456339913014,0.052793576446972232,200,calibration_resampling_fixed_trained_models_threshold_and_evaluation_cohorts,0.052124456339913014
CodeBERT_unfrozen_s2027,fusion_AP,same_period,deployed_pooled_TPR_0.001,0.8038598472268349,0.0022589629972369582,0.80411823314513453,0.79887080704085023,0.80557954168050483,0.79887080704085023,0.80557954168050483,200,calibration_resampling_fixed_trained_models_threshold_and_evaluation_cohorts,0.80557954168050483
CodeBERT_unfrozen_s2027,fusion_AP,same_period,deployed_pooled_TPR_0.005,0.91375556293590166,0.00062510018292105316,0.91338425772168719,0.91278644968449019,0.91557622052474263,0.91278644968449019,0.91557622052474263,200,calibration_resampling_fixed_trained_models_threshold_and_evaluation_cohorts,0.91338425772168719
CodeBERT_unfrozen_s2027,fusion_AP,same_period,deployed_pooled_TPR_0.01,0.9441879774161408,0.00011944472573388163,0.94420458319495182,0.94393889073397541,0.94440385254068415,0.94393889073397541,0.94440385254068415,200,calibration_resampling_fixed_trained_models_threshold_and_evaluation_cohorts,0.94420458319495182
CodeBERT_unfrozen_s2027,fusion_AP,same_period,deployed_pooled_TPR_0.05,0.982960810362006,3.8792486998156744e-05,0.98299568249750913,0.98286283626702098,0.98299568249750913,0.98286283626702098,0.98299568249750913,200,calibration_resampling_fixed_trained_models_threshold_and_evaluation_cohorts,0.98299568249750913
CodeBERT_unfrozen_s2027,fusion_AP,test,AP,0.99580322719523007,8.0924750716883365e-05,0.99583160220697886,0.99562428571702122,0.99594655259609399,0.99562428571702122,0.99594655259609399,200,calibration_resampling_fixed_trained_models_threshold_and_evaluation_cohorts,0.99583160220697886
CodeBERT_unfrozen_s2027,fusion_AP,test,Accuracy,0.9685826666666667,8.4404175064289359e-05,0.96860000000000002,0.96840000000000004,0.96866666666666668,0.96840000000000004,0.96866666666666668,200,calibration_resampling_fixed_trained_models_threshold_and_evaluation_cohorts,0.96860000000000002
CodeBERT_unfrozen_s2027,fusion_AP,test,Brier,0.024443848117000039,7.0215551039782046e-05,0.024474598942892875,0.024279879526975894,0.024551240025592905,0.024279879526975894,0.024551240025592905,200,calibration_resampling_fixed_trained_models_threshold_and_evaluation_cohorts,0.024474598942892875
CodeBERT_unfrozen_s2027,fusion_AP,test,ECE,0.014456637861895397,0.00070256952688639031,0.014779655700544823,0.012496302473364862,0.015355826404235631,0.012496302473364862,0.015355826404235631,200,calibration_resampling_fixed_trained_models_threshold_and_evaluation_cohorts,0.014779655700544823
CodeBERT_unfrozen_s2027,fusion_AP,test,F1,0.96857885257852883,8.502472493617037e-05,0.9685958127750367,0.96839578610481403,0.96866457763850922,0.96839578610481403,0.96866457763850922,200,calibration_resampling_fixed_trained_models_threshold_and_evaluation_cohorts,0.9685958127750367
CodeBERT_unfrozen_s2027,fusion_AP,test,LogLoss,0.093466482602283213,0.00074832695488322794,0.093612064039572271,0.092304165972409827,0.095059589184649143,0.092304165972409827,0.095059589184649143,200,calibration_resampling_fixed_trained_models_threshold_and_evaluation_cohorts,0.093612064039572271
CodeBERT_unfrozen_s2027,fusion_AP,test,ROC_AUC,0.99557508857666333,6.0005210333713641e-05,0.99560173518813855,0.99542793636902738,0.99566611417481066,0.99542793636902738,0.99566611417481066,200,calibration_resampling_fixed_trained_models_threshold_and_evaluation_cohorts,0.99560173518813855
CodeBERT_unfrozen_s2027,fusion_AP,test,deployed_per_format_FPR_0.001,0.0015795112152661534,4.7554523079519639e-05,0.0016069635085369936,0.0014730498828255775,0.0016069635085369936,0.0014730498828255775,0.0016069635085369936,200,calibration_resampling_fixed_trained_models_threshold_and_evaluation_cohorts,0.0016069635085369936
CodeBERT_unfrozen_s2027,fusion_AP,test,deployed_per_format_FPR_0.005,0.0061606963508536996,0.00018185628049287981,0.0060930699698694343,0.0060261131570137263,0.0066956812855708068,0.0060261131570137263,0.0066956812855708068,200,calibration_resampling_fixed_trained_models_threshold_and_evaluation_cohorts,0.0060261131570137263
CodeBERT_unfrozen_s2027,fusion_AP,test,deployed_per_format_FPR_0.01,0.011703381319049213,0.00014867658545565901,0.01178439906260462,0.011382658185470372,0.011918312688316036,0.011382658185470372,0.011918312688316036,200,calibration_resampling_fixed_trained_models_threshold_and_evaluation_cohorts,0.01178439906260462
CodeBERT_unfrozen_s2027,fusion_AP,test,deployed_per_format_FPR_0.05,0.051632072313357889,9.3237700934647538e-05,0.051556745898895209,0.051556745898895209,0.051824573150318042,0.051556745898895209,0.051824573150318042,200,calibration_resampling_fixed_trained_models_threshold_and_evaluation_cohorts,0.051556745898895209
CodeBERT_unfrozen_s2027,fusion_AP,test,deployed_per_format_TPR_0.001,0.7653999336209758,0.013567406518988037,0.76256223033521409,0.7563226020577497,0.79986724195154335,0.7563226020577497,0.79986724195154335,200,calibration_resampling_fixed_trained_models_threshold_and_evaluation_cohorts,0.76256223033521409
CodeBERT_unfrozen_s2027,fusion_AP,test,deployed_per_format_TPR_0.005,0.90412545635579145,0.00071398649689459449,0.90368403584467305,0.90355127779621636,0.90527713242615337,0.90355127779621636,0.90527713242615337,200,calibration_resampling_fixed_trained_models_threshold_and_evaluation_cohorts,0.90355127779621636
CodeBERT_unfrozen_s2027,fusion_AP,test,deployed_per_format_TPR_0.01,0.93599999999999994,0.00043025935407847059,0.93614337869233322,0.93488217723199474,0.93634251576501826,0.93488217723199474,0.93634251576501826,200,calibration_resampling_fixed_trained_models_threshold_and_evaluation_cohorts,0.93634251576501826
CodeBERT_unfrozen_s2027,fusion_AP,test,deployed_per_format_TPR_0.05,0.98142582144042489,0.00018971448203904988,0.98134749419183542,0.98121473614337873,0.98207766345834713,0.98121473614337873,0.98207766345834713,200,calibration_resampling_fixed_trained_models_threshold_and_evaluation_cohorts,0.98134749419183542
CodeBERT_unfrozen_s2027,fusion_AP,test,deployed_pooled_FPR_0.001,0.0017649815868764646,7.3849522265485488e-05,0.0018078339471041178,0.0016069635085369936,0.0018078339471041178,0.0016069635085369936,0.0018078339471041178,200,calibration_resampling_fixed_trained_models_threshold_and_evaluation_cohorts,0.0018078339471041178
CodeBERT_unfrozen_s2027,fusion_AP,test,deployed_pooled_FPR_0.005,0.0060713090056913289,0.0001170241178838137,0.0060261131570137263,0.0059591563441580182,0.0063608972212922665,0.0059591563441580182,0.0063608972212922665,200,calibration_resampling_fixed_trained_models_threshold_and_evaluation_cohorts,0.0060261131570137263
CodeBERT_unfrozen_s2027,fusion_AP,test,deployed_pooled_FPR_0.01,0.012475058587211249,4.8207363093794256e-05,0.012453967191161701,0.012387010378305993,0.012520924004017409,0.012387010378305993,0.012520924004017409,200,calibration_resampling_fixed_trained_models_threshold_and_evaluation_cohorts,0.012520924004017409
CodeBERT_unfrozen_s2027,fusion_AP,test,deployed_pooled_FPR_0.05,0.051055239370605958,0.00020470213488172097,0.051088048208905258,0.050485436893203881,0.05135587546032809,0.050485436893203881,0.05135587546032809,200,calibration_resampling_fixed_trained_models_threshold_and_evaluation_cohorts,0.051088048208905258
CodeBERT_unfrozen_s2027,fusion_AP,test,deployed_pooled_TPR_0.001,0.76913076667772984,0.0093440972911405153,0.76827082641885169,0.75784931961500168,0.79196813806837041,0.75784931961500168,0.79196813806837041,200,calibration_resampling_fixed_trained_models_threshold_and_evaluation_cohorts,0.76827082641885169
CodeBERT_unfrozen_s2027,fusion_AP,test,deployed_pooled_TPR_0.005,0.90455924327912385,0.0008139284804730729,0.90448058413541321,0.90155990706936606,0.90554264852306676,0.90155990706936606,0.90554264852306676,200,calibration_resampling_fixed_trained_models_threshold_and_evaluation_cohorts,0.90448058413541321
CodeBERT_unfrozen_s2027,fusion_AP,test,deployed_pooled_TPR_0.01,0.9350524394291404,0.00024618071090682275,0.93494855625622308,0.9346830401593097,0.9354132094258214,0.9346830401593097,0.9354132094258214,200,calibration_resampling_fixed_trained_models_threshold_and_evaluation_cohorts,0.93494855625622308
CodeBERT_unfrozen_s2027,fusion_AP,test,deployed_pooled_TPR_0.05,0.98140424825755057,8.1609296145771328e-05,0.98134749419183542,0.98134749419183542,0.98161301028874881,0.98134749419183542,0.98161301028874881,200,calibration_resampling_fixed_trained_models_threshold_and_evaluation_cohorts,0.98134749419183542
CodeBERT_unfrozen_s2027,fusion_ROC_AUC,same_period,AP,0.99632483969729235,2.8814009943147653e-05,0.9963402123170213,0.99626743608029567,0.9963402123170213,0.99626743608029567,0.9963402123170213,200,calibration_resampling_fixed_trained_models_threshold_and_evaluation_cohorts,0.9963402123170213
CodeBERT_unfrozen_s2027,fusion_ROC_AUC,same_period,Accuracy,0.97254050000000003,3.4222234911943581e-05,0.97256666666666669,0.97250000000000003,0.97260000000000002,0.97250000000000003,0.97260000000000002,200,calibration_resampling_fixed_trained_models_threshold_and_evaluation_cohorts,0.97256666666666669
CodeBERT_unfrozen_s2027,fusion_ROC_AUC,same_period,Brier,0.021946908370655362,7.4438761594906018e-05,0.021958651910985175,0.021708969559027864,0.022042397235661104,0.021708969559027864,0.022042397235661104,200,calibration_resampling_fixed_trained_models_threshold_and_evaluation_cohorts,0.021958651910985175
CodeBERT_unfrozen_s2027,fusion_ROC_AUC,same_period,ECE,0.011706740146633855,0.00051679030325936276,0.011791928281696845,0.0098463090666492826,0.012313381697618562,0.0098463090666492826,0.012313381697618562,200,calibration_resampling_fixed_trained_models_threshold_and_evaluation_cohorts,0.011791928281696845
CodeBERT_unfrozen_s2027,fusion_ROC_AUC,same_period,F1,0.97254189610804376,3.394938243514167e-05,0.97256758108063068,0.97250091663611216,0.97260365284628714,0.97250091663611216,0.97260365284628714,200,calibration_resampling_fixed_trained_models_threshold_and_evaluation_cohorts,0.97256758108063068
CodeBERT_unfrozen_s2027,fusion_ROC_AUC,same_period,LogLoss,0.085129848790001461,0.0010576787203772856,0.085035413463774204,0.082896431211365043,0.086949544475327697,0.082896431211365043,0.086949544475327697,200,calibration_resampling_fixed_trained_models_threshold_and_evaluation_cohorts,0.085035413463774204
CodeBERT_unfrozen_s2027,fusion_ROC_AUC,same_period,ROC_AUC,0.99595315959247899,3.4904935001770334e-05,0.99597336808639303,0.99588410021956963,0.99597336808639303,0.99588410021956963,0.99597336808639303,200,calibration_resampling_fixed_trained_models_threshold_and_evaluation_cohorts,0.99597336808639303
CodeBERT_unfrozen_s2027,fusion_ROC_AUC,same_period,deployed_per_format_FPR_0.001,0.0013566410170625625,6.5014771304761404e-05,0.0013382402141184342,0.0012044161927065907,0.0014720642355302777,0.0012044161927065907,0.0014720642355302777,200,calibration_resampling_fixed_trained_models_threshold_and_evaluation_cohorts,0.0013382402141184342
CodeBERT_unfrozen_s2027,fusion_ROC_AUC,same_period,deployed_per_format_FPR_0.005,0.0050960187353629978,0.0001869160052320341,0.0049514887922382069,0.0049514887922382069,0.0056206088992974239,0.0049514887922382069,0.0056206088992974239,200,calibration_resampling_fixed_trained_models_threshold_and_evaluation_cohorts,0.0049514887922382069
CodeBERT_unfrozen_s2027,fusion_ROC_AUC,same_period,deployed_per_format_FPR_0.01,0.010106724657075945,4.1512391420605487e-05,0.010103713616594179,0.0099698895951823348,0.0101706256273001,0.0099698895951823348,0.0101706256273001,200,calibration_resampling_fixed_trained_models_threshold_and_evaluation_cohorts,0.010103713616594179
CodeBERT_unfrozen_s2027,fusion_ROC_AUC,same_period,deployed_per_format_FPR_0.05,0.052105051856808304,0.00026870427804738295,0.052191368350618939,0.051722984275677487,0.053061224489795916,0.051722984275677487,0.053061224489795916,200,calibration_resampling_fixed_trained_models_threshold_and_evaluation_cohorts,0.052191368350618939
CodeBERT_unfrozen_s2027,fusion_ROC_AUC,same_period,deployed_per_format_TPR_0.001,0.80090634340750588,0.0035017807760885679,0.79966788442377945,0.79760876785121226,0.80777150448356028,0.79800730654267682,0.80777150448356028,200,calibration_resampling_fixed_trained_models_threshold_and_evaluation_cohorts,0.79966788442377945
CodeBERT_unfrozen_s2027,fusion_ROC_AUC,same_period,deployed_per_format_TPR_0.005,0.91312022583859176,0.00068724535228020692,0.91285287279973426,0.91252075722351378,0.91451345068083689,0.91252075722351378,0.91451345068083689,200,calibration_resampling_fixed_trained_models_threshold_and_evaluation_cohorts,0.91285287279973426
CodeBERT_unfrozen_s2027,fusion_ROC_AUC,same_period,deployed_per_format_TPR_0.01,0.94510926602457657,0.00010953161593053896,0.9451345068083693,0.94493523746263697,0.94546662238458978,0.94493523746263697,0.94533377615410163,200,calibration_resampling_fixed_trained_models_threshold_and_evaluation_cohorts,0.9451345068083693
CodeBERT_unfrozen_s2027,fusion_ROC_AUC,same_period,deployed_per_format_TPR_0.05,0.98269212886084356,0.00013023541446964079,0.98272999003653272,0.98246429757555631,0.9830621056127532,0.98246429757555631,0.9830621056127532,200,calibration_resampling_fixed_trained_models_threshold_and_evaluation_cohorts,0.98272999003653272
CodeBERT_unfrozen_s2027,fusion_ROC_AUC,same_period,deployed_pooled_FPR_0.001,0.0012820341251254599,6.7561169782396691e-05,0.0012713282034125125,0.0012044161927065907,0.001405152224824356,0.0012044161927065907,0.001405152224824356,200,calibration_resampling_fixed_trained_models_threshold_and_evaluation_cohorts,0.0012713282034125125
CodeBERT_unfrozen_s2027,fusion_ROC_AUC,same_period,deployed_pooled_FPR_0.005,0.0053921043827367008,6.9153347077618077e-05,0.0054198728671796589,0.0050853128136500499,0.0054198728671796589,0.0050853128136500499,0.0054198728671796589,200,calibration_resampling_fixed_trained_models_threshold_and_evaluation_cohorts,0.0054198728671796589
CodeBERT_unfrozen_s2027,fusion_ROC_AUC,same_period,deployed_pooled_FPR_0.01,0.010334560053529609,4.8719606535965291e-05,0.010304449648711944,0.010237537638006023,0.010505185680829709,0.010237537638006023,0.010505185680829709,200,calibration_resampling_fixed_trained_models_threshold_and_evaluation_cohorts,0.010304449648711944
CodeBERT_unfrozen_s2027,fusion_ROC_AUC,same_period,deployed_pooled_FPR_0.05,0.052215791234526597,0.00013733825399704074,0.052124456339913014,0.052124456339913014,0.052793576446972232,0.052124456339913014,0.052525928404148547,200,calibration_resampling_fixed_trained_models_threshold_and_evaluation_cohorts,0.052124456339913014
CodeBERT_unfrozen_s2027,fusion_ROC_AUC,same_period,deployed_pooled_TPR_0.001,0.80373630023248099,0.0026251734810071705,0.80557954168050483,0.79887080704085023,0.80557954168050483,0.79887080704085023,0.80557954168050483,200,calibration_resampling_fixed_trained_models_threshold_and_evaluation_cohorts,0.80557954168050483
CodeBERT_unfrozen_s2027,fusion_ROC_AUC,same_period,deployed_pooled_TPR_0.005,0.91369711059448688,0.00051033988762748221,0.91338425772168719,0.91278644968449019,0.91557622052474263,0.91278644968449019,0.91504483560278982,200,calibration_resampling_fixed_trained_models_threshold_and_evaluation_cohorts,0.91338425772168719
CodeBERT_unfrozen_s2027,fusion_ROC_AUC,same_period,deployed_pooled_TPR_0.01,0.94416273663234807,0.00012639964598722093,0.94420458319495182,0.94393889073397541,0.94440385254068415,0.94393889073397541,0.94440385254068415,200,calibration_resampling_fixed_trained_models_threshold_and_evaluation_cohorts,0.94420458319495182
CodeBERT_unfrozen_s2027,fusion_ROC_AUC,same_period,deployed_pooled_TPR_0.05,0.98296745267353047,3.4238749307391484e-05,0.98299568249750913,0.98286283626702098,0.98299568249750913,0.98292925938226505,0.98299568249750913,200,calibration_resampling_fixed_trained_models_threshold_and_evaluation_cohorts,0.98299568249750913
CodeBERT_unfrozen_s2027,fusion_ROC_AUC,test,AP,0.99582907579790547,7.6396323183547908e-05,0.99583160220697886,0.99562428571702122,0.99594655259609399,0.99562428571702122,0.99594655259609399,200,calibration_resampling_fixed_trained_models_threshold_and_evaluation_cohorts,0.99583160220697886
CodeBERT_unfrozen_s2027,fusion_ROC_AUC,test,Accuracy,0.9685680000000001,9.0894186890539829e-05,0.96860000000000002,0.96840000000000004,0.96866666666666668,0.96840000000000004,0.96866666666666668,200,calibration_resampling_fixed_trained_models_threshold_and_evaluation_cohorts,0.96860000000000002
CodeBERT_unfrozen_s2027,fusion_ROC_AUC,test,Brier,0.024466165692195362,6.2814157867156751e-05,0.024474598942892875,0.024279879526975894,0.024551240025592905,0.024279879526975894,0.024551240025592905,200,calibration_resampling_fixed_trained_models_threshold_and_evaluation_cohorts,0.024474598942892875
CodeBERT_unfrozen_s2027,fusion_ROC_AUC,test,ECE,0.014665441315855487,0.00059952697910363114,0.014779655700544823,0.012496302473364862,0.015355826404235631,0.012496302473364862,0.015355826404235631,200,calibration_resampling_fixed_trained_models_threshold_and_evaluation_cohorts,0.014779655700544823
CodeBERT_unfrozen_s2027,fusion_ROC_AUC,test,F1,0.96856407982034198,9.1306194585460181e-05,0.9685958127750367,0.96839578610481403,0.96866457763850922,0.96839578610481403,0.96866457763850922,200,calibration_resampling_fixed_trained_models_threshold_and_evaluation_cohorts,0.9685958127750367
CodeBERT_unfrozen_s2027,fusion_ROC_AUC,test,LogLoss,0.093703583458016299,0.00076657122212300506,0.093612064039572271,0.092304165972409827,0.095059589184649143,0.092304165972409827,0.095059589184649143,200,calibration_resampling_fixed_trained_models_threshold_and_evaluation_cohorts,0.093612064039572271
CodeBERT_unfrozen_s2027,fusion_ROC_AUC,test,ROC_AUC,0.99559405175497195,5.3849067434769302e-05,0.99560173518813855,0.99542793636902738,0.99566611417481066,0.99542793636902738,0.99566611417481066,200,calibration_resampling_fixed_trained_models_threshold_and_evaluation_cohorts,0.99560173518813855
CodeBERT_unfrozen_s2027,fusion_ROC_AUC,test,deployed_per_format_FPR_0.001,0.0015748242383662539,5.4101118112812312e-05,0.0016069635085369936,0.0014730498828255775,0.0016069635085369936,0.0014730498828255775,0.0016069635085369936,200,calibration_resampling_fixed_trained_models_threshold_and_evaluation_cohorts,0.0016069635085369936
CodeBERT_unfrozen_s2027,fusion_ROC_AUC,test,deployed_per_format_FPR_0.005,0.0061134917977904261,0.00014846543228793117,0.0060261131570137263,0.0060261131570137263,0.0066956812855708068,0.0060261131570137263,0.0066956812855708068,200,calibration_resampling_fixed_trained_models_threshold_and_evaluation_cohorts,0.0060261131570137263
CodeBERT_unfrozen_s2027,fusion_ROC_AUC,test,deployed_per_format_FPR_0.01,0.011752594576498158,0.00013305921947095726,0.01178439906260462,0.011382658185470372,0.011918312688316036,0.011382658185470372,0.011918312688316036,200,calibration_resampling_fixed_trained_models_threshold_and_evaluation_cohorts,0.01178439906260462
CodeBERT_unfrozen_s2027,fusion_ROC_AUC,test,deployed_per_format_FPR_0.05,0.051609306996986938,7.6791955673603612e-05,0.051556745898895209,0.051556745898895209,0.051824573150318042,0.051556745898895209,0.051757616337462335,200,calibration_resampling_fixed_trained_models_threshold_and_evaluation_cohorts,0.051556745898895209
CodeBERT_unfrozen_s2027,fusion_ROC_AUC,test,deployed_per_format_TPR_0.001,0.76880683703949559,0.015705132932055839,0.76256223033521409,0.7563226020577497,0.79986724195154335,0.75652173913043474,0.79986724195154335,200,calibration_resampling_fixed_trained_models_threshold_and_evaluation_cohorts,0.76256223033521409
CodeBERT_unfrozen_s2027,fusion_ROC_AUC,test,deployed_per_format_TPR_0.005,0.90397676734151999,0.00062994432290741273,0.90355127779621636,0.90355127779621636,0.90527713242615337,0.90355127779621636,0.90527713242615337,200,calibration_resampling_fixed_trained_models_threshold_and_evaluation_cohorts,0.90355127779621636
CodeBERT_unfrozen_s2027,fusion_ROC_AUC,test,deployed_per_format_TPR_0.01,0.93611350813143046,0.00035982343156873214,0.93634251576501826,0.93488217723199474,0.93634251576501826,0.93488217723199474,0.93634251576501826,200,calibration_resampling_fixed_trained_models_threshold_and_evaluation_cohorts,0.93634251576501826
CodeBERT_unfrozen_s2027,fusion_ROC_AUC,test,deployed_per_format_TPR_0.05,0.98137703285761702,0.00016173420943458599,0.98134749419183542,0.98121473614337873,0.98207766345834713,0.98121473614337873,0.98207766345834713,200,calibration_resampling_fixed_trained_models_threshold_and_evaluation_cohorts,0.98134749419183542
CodeBERT_unfrozen_s2027,fusion_ROC_AUC,test,deployed_pooled_FPR_0.001,0.0017592902577837294,8.1919117019395028e-05,0.0018078339471041178,0.0016069635085369936,0.0018078339471041178,0.0016069635085369936,0.0018078339471041178,200,calibration_resampling_fixed_trained_models_threshold_and_evaluation_cohorts,0.0018078339471041178
CodeBERT_unfrozen_s2027,fusion_ROC_AUC,test,deployed_pooled_FPR_0.005,0.0060723133578841652,0.00010342235980329066,0.0060261131570137263,0.0059591563441580182,0.0063608972212922665,0.0059591563441580182,0.0062269835955808504,200,calibration_resampling_fixed_trained_models_threshold_and_evaluation_cohorts,0.0060261131570137263
CodeBERT_unfrozen_s2027,fusion_ROC_AUC,test,deployed_pooled_FPR_0.01,0.012485436893203883,4.2933665904820729e-05,0.012520924004017409,0.012387010378305993,0.012520924004017409,0.012387010378305993,0.012520924004017409,200,calibration_resampling_fixed_trained_models_threshold_and_evaluation_cohorts,0.012520924004017409
CodeBERT_unfrozen_s2027,fusion_ROC_AUC,test,deployed_pooled_FPR_0.05,0.051106461332440574,0.00017771450667463577,0.051088048208905258,0.050485436893203881,0.05135587546032809,0.050485436893203881,0.05135587546032809,200,calibration_resampling_fixed_trained_models_threshold_and_evaluation_cohorts,0.051088048208905258
CodeBERT_unfrozen_s2027,fusion_ROC_AUC,test,deployed_pooled_TPR_0.001,0.77169996681048791,0.010459150423134247,0.76827082641885169,0.75784931961500168,0.79196813806837041,0.75784931961500168,0.79196813806837041,200,calibration_resampling_fixed_trained_models_threshold_and_evaluation_cohorts,0.76827082641885169
CodeBERT_unfrozen_s2027,fusion_ROC_AUC,test,deployed_pooled_TPR_0.005,0.90464985064719561,0.00071914672091455975,0.90448058413541321,0.90155990706936606,0.90554264852306676,0.90155990706936606,0.90554264852306676,200,calibration_resampling_fixed_trained_models_threshold_and_evaluation_cohorts,0.90448058413541321
CodeBERT_unfrozen_s2027,fusion_ROC_AUC,test,deployed_pooled_TPR_0.01,0.93497942250248922,0.0002251639370480367,0.93494855625622308,0.9346830401593097,0.9354132094258214,0.9346830401593097,0.9354132094258214,200,calibration_resampling_fixed_trained_models_threshold_and_evaluation_cohorts,0.93494855625622308
CodeBERT_unfrozen_s2027,fusion_ROC_AUC,test,deployed_pooled_TPR_0.05,0.98137968801858622,6.3820488507459292e-05,0.98134749419183542,0.98134749419183542,0.98161301028874881,0.98134749419183542,0.98154663126452046,200,calibration_resampling_fixed_trained_models_threshold_and_evaluation_cohorts,0.98134749419183542
CodeBERT_unfrozen_s2027,fusion_TPR_0.001,same_period,AP,0.99548560204511305,0.0014515619065338123,0.99630756131617015,0.99205935382470978,0.9963402123170213,0.99205935382470978,0.9963402123170213,200,calibration_resampling_fixed_trained_models_threshold_and_evaluation_cohorts,0.99633763895689942
CodeBERT_unfrozen_s2027,fusion_TPR_0.001,same_period,Accuracy,0.96479650000000006,0.013514452589091557,0.97253333333333336,0.93963333333333332,0.97256666666666669,0.93963333333333332,0.97256666666666669,200,calibration_resampling_fixed_trained_models_threshold_and_evaluation_cohorts,0.97250000000000003
CodeBERT_unfrozen_s2027,fusion_TPR_0.001,same_period,Brier,0.027242419707778125,0.0097677758369236131,0.021958651910985175,0.021588789249260599,0.052172571113708592,0.021588789249260599,0.052172571113708592,200,calibration_resampling_fixed_trained_models_threshold_and_evaluation_cohorts,0.021883436480983894
CodeBERT_unfrozen_s2027,fusion_TPR_0.001,same_period,ECE,0.01855203675391158,0.012750969013203111,0.011791928281696845,0.0084836541250053275,0.048383333150251506,0.0084836541250053275,0.048383333150251506,200,calibration_resampling_fixed_trained_models_threshold_and_evaluation_cohorts,0.011365484565290709
CodeBERT_unfrozen_s2027,fusion_TPR_0.001,same_period,F1,0.96476033284747986,0.013579650909344947,0.97253333333333336,0.93946990206891945,0.97256758108063068,0.93946990206891945,0.97256758108063068,200,calibration_resampling_fixed_trained_models_threshold_and_evaluation_cohorts,0.97250274972502748
CodeBERT_unfrozen_s2027,fusion_TPR_0.001,same_period,LogLoss,0.10039019099317013,0.030840876321402835,0.085035413463774204,0.082373692379453259,0.18923973566297875,0.082373692379453259,0.18923973566297875,200,calibration_resampling_fixed_trained_models_threshold_and_evaluation_cohorts,0.084181371146872047
CodeBERT_unfrozen_s2027,fusion_TPR_0.001,same_period,ROC_AUC,0.99504422795017577,0.0015686505444455095,0.99592633634296646,0.99133643907879199,0.99597336808639303,0.99133643907879199,0.99597336808639303,200,calibration_resampling_fixed_trained_models_threshold_and_evaluation_cohorts,0.99596660355100342
CodeBERT_unfrozen_s2027,fusion_TPR_0.001,same_period,deployed_per_format_FPR_0.001,0.0012539310806289729,0.00016489112311144445,0.0013382402141184342,0.00093676814988290398,0.0014720642355302777,0.00093676814988290398,0.0014720642355302777,200,calibration_resampling_fixed_trained_models_threshold_and_evaluation_cohorts,0.0013382402141184342
CodeBERT_unfrozen_s2027,fusion_TPR_0.001,same_period,deployed_per_format_FPR_0.005,0.0050381398461023753,0.00017630633552430559,0.0049514887922382069,0.0046838407494145199,0.0054867848778855808,0.0046838407494145199,0.0054867848778855808,200,calibration_resampling_fixed_trained_models_threshold_and_evaluation_cohorts,0.0052860488457678149
CodeBERT_unfrozen_s2027,fusion_TPR_0.001,same_period,deployed_per_format_FPR_0.01,0.010107059217129476,0.00023089041212906629,0.010103713616594179,0.0094345935095349609,0.010639009702241553,0.0095015055202408837,0.010639009702241553,200,calibration_resampling_fixed_trained_models_threshold_and_evaluation_cohorts,0.0101706256273001
CodeBERT_unfrozen_s2027,fusion_TPR_0.001,same_period,deployed_per_format_FPR_0.05,0.051831047172967548,0.00091415135427657757,0.052191368350618939,0.049715623954499834,0.053529608564737367,0.049715623954499834,0.053529608564737367,200,calibration_resampling_fixed_trained_models_threshold_and_evaluation_cohorts,0.052057544329207089
CodeBERT_unfrozen_s2027,fusion_TPR_0.001,same_period,deployed_per_format_TPR_0.001,0.79638292925938226,0.0091053064986189418,0.79966788442377945,0.77103952175357027,0.80777150448356028,0.77103952175357027,0.80777150448356028,200,calibration_resampling_fixed_trained_models_threshold_and_evaluation_cohorts,0.798073729657921
CodeBERT_unfrozen_s2027,fusion_TPR_0.001,same_period,deployed_per_format_TPR_0.005,0.90261673862504155,0.016302170570250494,0.91268681501162408,0.86210561275323816,0.91451345068083689,0.86210561275323816,0.91451345068083689,200,calibration_resampling_fixed_trained_models_threshold_and_evaluation_cohorts,0.91451345068083689
CodeBERT_unfrozen_s2027,fusion_TPR_0.001,same_period,deployed_per_format_TPR_0.01,0.93316007970773829,0.018821689771546718,0.94503487213550308,0.88940551311856531,0.94520092992361338,0.88940551311856531,0.94520092992361338,200,calibration_resampling_fixed_trained_models_threshold_and_evaluation_cohorts,0.94520092992361338
CodeBERT_unfrozen_s2027,fusion_TPR_0.001,same_period,deployed_per_format_TPR_0.05,0.97249651278644977,0.017801752426678134,0.98272999003653272,0.93457323148455662,0.98319495184324146,0.93457323148455662,0.98319495184324146,200,calibration_resampling_fixed_trained_models_threshold_and_evaluation_cohorts,0.98272999003653272
CodeBERT_unfrozen_s2027,fusion_TPR_0.001,same_period,deployed_pooled_FPR_0.001,0.0012188022750083639,0.00012183410787339484,0.0012713282034125125,0.00086985613917698224,0.001405152224824356,0.00086985613917698224,0.001405152224824356,200,calibration_resampling_fixed_trained_models_threshold_and_evaluation_cohorts,0.0012044161927065907
CodeBERT_unfrozen_s2027,fusion_TPR_0.001,same_period,deployed_pooled_FPR_0.005,0.0051913683506189358,0.00030499444482995754,0.0053864168618266983,0.0044831047172967549,0.0054198728671796589,0.0044831047172967549,0.0054198728671796589,200,calibration_resampling_fixed_trained_models_threshold_and_evaluation_cohorts,0.0054198728671796589
CodeBERT_unfrozen_s2027,fusion_TPR_0.001,same_period,deployed_pooled_FPR_0.01,0.010054533288725328,0.00044285336034272999,0.010304449648711944,0.0088992974238875887,0.010371361659417865,0.0088992974238875887,0.010371361659417865,200,calibration_resampling_fixed_trained_models_threshold_and_evaluation_cohorts,0.010371361659417865
CodeBERT_unfrozen_s2027,fusion_TPR_0.001,same_period,deployed_pooled_FPR_0.05,0.051550016728002676,0.0010970649296332838,0.052124456339913014,0.049514887922382067,0.052994312479089999,0.049581799933087992,0.052994312479089999,200,calibration_resampling_fixed_trained_models_threshold_and_evaluation_cohorts,0.052392104382736698
CodeBERT_unfrozen_s2027,fusion_TPR_0.001,same_period,deployed_pooled_TPR_0.001,0.79879076718698105,0.0084696708140469118,0.80149452009299238,0.77688475589505146,0.80557954168050483,0.77688475589505146,0.80557954168050483,200,calibration_resampling_fixed_trained_models_threshold_and_evaluation_cohorts,0.80411823314513453
CodeBERT_unfrozen_s2027,fusion_TPR_0.001,same_period,deployed_pooled_TPR_0.005,0.90175689139820658,0.016798763455420765,0.91338425772168719,0.86296911325141146,0.91431418133510467,0.86296911325141146,0.91431418133510467,200,calibration_resampling_fixed_trained_models_threshold_and_evaluation_cohorts,0.91378279641315174
CodeBERT_unfrozen_s2027,fusion_TPR_0.001,same_period,deployed_pooled_TPR_0.01,0.93256360013284623,0.018638818811059936,0.94407173696446356,0.88887412819661238,0.94427100631019589,0.88887412819661238,0.94427100631019589,200,calibration_resampling_fixed_trained_models_threshold_and_evaluation_cohorts,0.94427100631019589
CodeBERT_unfrozen_s2027,fusion_TPR_0.001,same_period,deployed_pooled_TPR_0.05,0.97015509797409494,0.02223109027515795,0.98292925938226505,0.92799734307539028,0.98326137495848553,0.92799734307539028,0.98319495184324146,200,calibration_resampling_fixed_trained_models_threshold_and_evaluation_cohorts,0.98292925938226505
CodeBERT_unfrozen_s2027,fusion_TPR_0.001,test,AP,0.99439597619100606,0.0023722871953323495,0.99583160220697886,0.9890076046933135,0.99594655259609399,0.9890076046933135,0.99594655259609399,200,calibration_resampling_fixed_trained_models_threshold_and_evaluation_cohorts,0.99575783325843803
CodeBERT_unfrozen_s2027,fusion_TPR_0.001,test,Accuracy,0.95783200000000013,0.018876762999815434,0.96860000000000002,0.92313333333333336,0.96876666666666666,0.92313333333333336,0.96876666666666666,200,calibration_resampling_fixed_trained_models_threshold_and_evaluation_cohorts,0.96866666666666668
CodeBERT_unfrozen_s2027,fusion_TPR_0.001,test,Brier,0.032134059116726538,0.013904832904864077,0.024474598942892875,0.024288131315566744,0.06720909166441448,0.024288131315566744,0.06720909166441448,200,calibration_resampling_fixed_trained_models_threshold_and_evaluation_cohorts,0.024409142351681155
CodeBERT_unfrozen_s2027,fusion_TPR_0.001,test,ECE,0.024734911230825496,0.017641637923765073,0.014779655700544823,0.012508196807701802,0.065667885483564822,0.012508196807701802,0.065667885483564822,200,calibration_resampling_fixed_trained_models_threshold_and_evaluation_cohorts,0.014219075524988582
CodeBERT_unfrozen_s2027,fusion_TPR_0.001,test,F1,0.95741395916047611,0.019601331998702679,0.9685958127750367,0.92138279012682389,0.96875729385482312,0.92138279012682389,0.96875729385482312,200,calibration_resampling_fixed_trained_models_threshold_and_evaluation_cohorts,0.96866457763850922
CodeBERT_unfrozen_s2027,fusion_TPR_0.001,test,LogLoss,0.11641618074189793,0.04393410812057201,0.093612064039572271,0.092709786196011959,0.24073708419121209,0.092709786196011959,0.24073708419121209,200,calibration_resampling_fixed_trained_models_threshold_and_evaluation_cohorts,0.092990218620100165
CodeBERT_unfrozen_s2027,fusion_TPR_0.001,test,ROC_AUC,0.99418449088655114,0.0023446760337990889,0.99560173518813855,0.98886404422483043,0.99566611417481066,0.98886404422483043,0.99566611417481066,200,calibration_resampling_fixed_trained_models_threshold_and_evaluation_cohorts,0.99554382298956512
CodeBERT_unfrozen_s2027,fusion_TPR_0.001,test,deployed_per_format_FPR_0.001,0.0015862068965517243,8.7362915036433527e-05,0.0016069635085369936,0.0014060930699698695,0.0017408771342484097,0.0014060930699698695,0.0017408771342484097,200,calibration_resampling_fixed_trained_models_threshold_and_evaluation_cohorts,0.0016069635085369936
CodeBERT_unfrozen_s2027,fusion_TPR_0.001,test,deployed_per_format_FPR_0.005,0.0062266488115165722,0.00029431752623010229,0.0060930699698694343,0.0057582859055908941,0.006963508536993639,0.0060261131570137263,0.006963508536993639,200,calibration_resampling_fixed_trained_models_threshold_and_evaluation_cohorts,0.0062269835955808504
CodeBERT_unfrozen_s2027,fusion_TPR_0.001,test,deployed_per_format_FPR_0.01,0.011753933712755273,0.00020446069450821079,0.01178439906260462,0.010980917308336124,0.012186139939738869,0.01111483093404754,0.011918312688316036,200,calibration_resampling_fixed_trained_models_threshold_and_evaluation_cohorts,0.011583528624037496
CodeBERT_unfrozen_s2027,fusion_TPR_0.001,test,deployed_per_format_FPR_0.05,0.050693003013056577,0.0014521942673865645,0.051556745898895209,0.047807164378975558,0.051891529963173755,0.047807164378975558,0.051757616337462335,200,calibration_resampling_fixed_trained_models_threshold_and_evaluation_cohorts,0.051757616337462335
CodeBERT_unfrozen_s2027,fusion_TPR_0.001,test,deployed_per_format_TPR_0.001,0.74894789246598081,0.031929848404349516,0.76256223033521409,0.68151344175240625,0.79986724195154335,0.68151344175240625,0.79986724195154335,200,calibration_resampling_fixed_trained_models_threshold_and_evaluation_cohorts,0.75824759376037176
CodeBERT_unfrozen_s2027,fusion_TPR_0.001,test,deployed_per_format_TPR_0.005,0.88099502157318288,0.035377093381826222,0.90355127779621636,0.79926983073348823,0.90527713242615337,0.79926983073348823,0.90527713242615337,200,calibration_resampling_fixed_trained_models_threshold_and_evaluation_cohorts,0.90527713242615337
CodeBERT_unfrozen_s2027,fusion_TPR_0.001,test,deployed_per_format_TPR_0.01,0.91490872884168606,0.034515939221471614,0.93614337869233322,0.83710587454364416,0.93634251576501826,0.83710587454364416,0.93634251576501826,200,calibration_resampling_fixed_trained_models_threshold_and_evaluation_cohorts,0.93581148357119148
CodeBERT_unfrozen_s2027,fusion_TPR_0.001,test,deployed_per_format_TPR_0.05,0.96813707268503146,0.022832070102593645,0.98134749419183542,0.91928310653833389,0.98174576833720539,0.91928310653833389,0.98174576833720539,200,calibration_resampling_fixed_trained_models_threshold_and_evaluation_cohorts,0.98148025224029212
CodeBERT_unfrozen_s2027,fusion_TPR_0.001,test,deployed_pooled_FPR_0.001,0.0017663207231335787,0.00011714389621233106,0.0018078339471041178,0.0014730498828255775,0.0019417475728155339,0.0015400066956812856,0.0019417475728155339,200,calibration_resampling_fixed_trained_models_threshold_and_evaluation_cohorts,0.0018078339471041178
CodeBERT_unfrozen_s2027,fusion_TPR_0.001,test,deployed_pooled_FPR_0.005,0.0062099096083026448,0.00022373801130010911,0.0060930699698694343,0.0059591563441580182,0.0066287244727150987,0.0059591563441580182,0.0066287244727150987,200,calibration_resampling_fixed_trained_models_threshold_and_evaluation_cohorts,0.0059591563441580182
CodeBERT_unfrozen_s2027,fusion_TPR_0.001,test,deployed_pooled_FPR_0.01,0.012206896551724139,0.00045976298267071781,0.012453967191161701,0.010980917308336124,0.012520924004017409,0.010980917308336124,0.012520924004017409,200,calibration_resampling_fixed_trained_models_threshold_and_evaluation_cohorts,0.012453967191161701
CodeBERT_unfrozen_s2027,fusion_TPR_0.001,test,deployed_pooled_FPR_0.05,0.049911282222966188,0.0016850665134679327,0.051088048208905258,0.046869768998995649,0.05135587546032809,0.046869768998995649,0.05135587546032809,200,calibration_resampling_fixed_trained_models_threshold_and_evaluation_cohorts,0.051088048208905258
CodeBERT_unfrozen_s2027,fusion_TPR_0.001,test,deployed_pooled_TPR_0.001,0.75013209425821448,0.031330356147503208,0.76827082641885169,0.68795220710255556,0.79196813806837041,0.68795220710255556,0.79196813806837041,200,calibration_resampling_fixed_trained_models_threshold_and_evaluation_cohorts,0.76448722203783603
CodeBERT_unfrozen_s2027,fusion_TPR_0.001,test,deployed_pooled_TPR_0.005,0.87564918685695314,0.03977517244705802,0.90448058413541321,0.79030866246266185,0.90547626949883842,0.79030866246266185,0.90547626949883842,200,calibration_resampling_fixed_trained_models_threshold_and_evaluation_cohorts,0.90467972120809825
CodeBERT_unfrozen_s2027,fusion_TPR_0.001,test,deployed_pooled_TPR_0.01,0.9120696979754398,0.036381043176793471,0.93481579820776639,0.8315964155326917,0.93534683040159305,0.8315964155326917,0.93534683040159305,200,calibration_resampling_fixed_trained_models_threshold_and_evaluation_cohorts,0.93534683040159305
CodeBERT_unfrozen_s2027,fusion_TPR_0.001,test,deployed_pooled_TPR_0.05,0.95923166279455696,0.038593230786685882,0.98134749419183542,0.88483239296382343,0.98187852638566209,0.88483239296382343,0.98187852638566209,200,calibration_resampling_fixed_trained_models_threshold_and_evaluation_cohorts,0.98148025224029212
CodeBERT_unfrozen_s2027,fusion_TPR_0.005,same_period,AP,0.99630519676714291,0.0001291504423765543,0.99633728696727553,0.99481406902321123,0.9963402123170213,0.99605238011533981,0.9963402123170213,200,calibration_resampling_fixed_trained_models_threshold_and_evaluation_cohorts,0.99633424892947731
CodeBERT_unfrozen_s2027,fusion_TPR_0.005,same_period,Accuracy,0.97246016666666657,0.0009091795498889848,0.97253333333333336,0.95976666666666666,0.97260000000000002,0.97239583333333335,0.97260000000000002,200,calibration_resampling_fixed_trained_models_threshold_and_evaluation_cohorts,0.97253333333333336
CodeBERT_unfrozen_s2027,fusion_TPR_0.005,same_period,Brier,0.021945832608285483,0.00056243836543921021,0.021883436480983894,0.021588789249260599,0.028304251978296918,0.021708291727711149,0.022507732521154528,200,calibration_resampling_fixed_trained_models_threshold_and_evaluation_cohorts,0.021758595305005235
CodeBERT_unfrozen_s2027,fusion_TPR_0.005,same_period,ECE,0.011222658295410106,0.0010285255383005972,0.011365484565290709,0.0084836541250053275,0.016770277256438541,0.0098324010763341085,0.012313381697618562,200,calibration_resampling_fixed_trained_models_threshold_and_evaluation_cohorts,0.010301739254844552
CodeBERT_unfrozen_s2027,fusion_TPR_0.005,same_period,F1,0.97246189654716497,0.00091359150336911283,0.97253516432237852,0.95970622600567523,0.97260365284628714,0.97239585647145099,0.97260365284628714,200,calibration_resampling_fixed_trained_models_threshold_and_evaluation_cohorts,0.97253516432237852
CodeBERT_unfrozen_s2027,fusion_TPR_0.005,same_period,LogLoss,0.084573519695527524,0.001828592692763709,0.084181371146872047,0.082373692379453259,0.098996441877294353,0.082894108555058674,0.086949544475327697,200,calibration_resampling_fixed_trained_models_threshold_and_evaluation_cohorts,0.083196803787050758
CodeBERT_unfrozen_s2027,fusion_TPR_0.005,same_period,ROC_AUC,0.99592774596191791,0.00014219096197693316,0.99596214126878824,0.99431813694384119,0.99597336808639303,0.99563117681915514,0.99597336808639303,200,calibration_resampling_fixed_trained_models_threshold_and_evaluation_cohorts,0.99595734564875815
CodeBERT_unfrozen_s2027,fusion_TPR_0.005,same_period,deployed_per_format_FPR_0.001,0.0013094680495148877,9.545875746329591e-05,0.0013382402141184342,0.00093676814988290398,0.0014720642355302777,0.0012027433924389427,0.0014720642355302777,200,calibration_resampling_fixed_trained_models_threshold_and_evaluation_cohorts,0.0012044161927065907
CodeBERT_unfrozen_s2027,fusion_TPR_0.005,same_period,deployed_per_format_FPR_0.005,0.0052990966878554702,0.00021691799179005835,0.0052860488457678149,0.0049514887922382069,0.0056206088992974239,0.0049514887922382069,0.0056206088992974239,200,calibration_resampling_fixed_trained_models_threshold_and_evaluation_cohorts,0.0054867848778855808
CodeBERT_unfrozen_s2027,fusion_TPR_0.005,same_period,deployed_per_format_FPR_0.01,0.010056206088992974,0.00011532870328605727,0.010103713616594179,0.0095015055202408837,0.01057209769153563,0.0097691535630645698,0.0101706256273001,200,calibration_resampling_fixed_trained_models_threshold_and_evaluation_cohorts,0.0099698895951823348
CodeBERT_unfrozen_s2027,fusion_TPR_0.005,same_period,deployed_per_format_FPR_0.05,0.052265640682502515,0.00049063769067964665,0.052057544329207089,0.051455336232853796,0.053864168618266976,0.051722984275677487,0.053328872532619608,200,calibration_resampling_fixed_trained_models_threshold_and_evaluation_cohorts,0.052860488457678156
CodeBERT_unfrozen_s2027,fusion_TPR_0.005,same_period,deployed_per_format_TPR_0.001,0.80003586848223174,0.0035832603469743507,0.798073729657921,0.7972102291597476,0.80777150448356028,0.79760876785121226,0.80777150448356028,200,calibration_resampling_fixed_trained_models_threshold_and_evaluation_cohorts,0.79760876785121226
CodeBERT_unfrozen_s2027,fusion_TPR_0.005,same_period,deployed_per_format_TPR_0.005,0.91265426768515434,0.0033144264582084678,0.91298571903022252,0.89159747592162075,0.91451345068083689,0.8967120557954168,0.91451345068083689,200,calibration_resampling_fixed_trained_models_threshold_and_evaluation_cohorts,0.91358352706741941
CodeBERT_unfrozen_s2027,fusion_TPR_0.005,same_period,deployed_per_format_TPR_0.01,0.94447293258053799,0.0036050417972830892,0.94520092992361338,0.91404848887412815,0.94546662238458978,0.93191630687479243,0.94546662238458978,200,calibration_resampling_fixed_trained_models_threshold_and_evaluation_cohorts,0.94546662238458978
CodeBERT_unfrozen_s2027,fusion_TPR_0.005,same_period,deployed_per_format_TPR_0.05,0.98261673862504151,0.0012002208043486999,0.98272999003653272,0.96725340418465622,0.98319495184324146,0.9819329126536035,0.9830621056127532,200,calibration_resampling_fixed_trained_models_threshold_and_evaluation_cohorts,0.98286283626702098
CodeBERT_unfrozen_s2027,fusion_TPR_0.005,same_period,deployed_pooled_FPR_0.001,0.0012479089996654399,9.6452902104959991e-05,0.0012044161927065907,0.00086985613917698224,0.001405152224824356,0.0010036801605888257,0.001405152224824356,200,calibration_resampling_fixed_trained_models_threshold_and_evaluation_cohorts,0.0012713282034125125
CodeBERT_unfrozen_s2027,fusion_TPR_0.005,same_period,deployed_pooled_FPR_0.005,0.0053198394111743054,0.00014558004229786774,0.0054198728671796589,0.004817664770826363,0.0054198728671796589,0.0050819672131147539,0.0054198728671796589,200,calibration_resampling_fixed_trained_models_threshold_and_evaluation_cohorts,0.0051522248243559719
CodeBERT_unfrozen_s2027,fusion_TPR_0.005,same_period,deployed_pooled_FPR_0.01,0.010324188691870191,0.00011768607650225456,0.010371361659417865,0.0097691535630645698,0.010505185680829709,0.0099013047842087653,0.010505185680829709,200,calibration_resampling_fixed_trained_models_threshold_and_evaluation_cohorts,0.010371361659417865
CodeBERT_unfrozen_s2027,fusion_TPR_0.005,same_period,deployed_pooled_FPR_0.05,0.052380729340916699,0.00029109207712190962,0.052392104382736698,0.050786216125794578,0.053328872532619608,0.052124456339913014,0.052793576446972232,200,calibration_resampling_fixed_trained_models_threshold_and_evaluation_cohorts,0.052793576446972232
CodeBERT_unfrozen_s2027,fusion_TPR_0.005,same_period,deployed_pooled_TPR_0.001,0.80246529392228494,0.0027130352425415796,0.80352042510793753,0.79030222517436066,0.80557954168050483,0.79705081368316166,0.80557954168050483,200,calibration_resampling_fixed_trained_models_threshold_and_evaluation_cohorts,0.80259050149452005
CodeBERT_unfrozen_s2027,fusion_TPR_0.005,same_period,deployed_pooled_TPR_0.005,0.91315609432082367,0.004509784334942383,0.91378279641315174,0.89186316838259716,0.91557622052474263,0.89498505479907009,0.91557622052474263,200,calibration_resampling_fixed_trained_models_threshold_and_evaluation_cohorts,0.91557622052474263
CodeBERT_unfrozen_s2027,fusion_TPR_0.005,same_period,deployed_pooled_TPR_0.01,0.94328727997343065,0.0047115206549330569,0.94420458319495182,0.91252075722351378,0.94440385254068415,0.91936233809365664,0.94440385254068415,200,calibration_resampling_fixed_trained_models_threshold_and_evaluation_cohorts,0.94420458319495182
CodeBERT_unfrozen_s2027,fusion_TPR_0.005,same_period,deployed_pooled_TPR_0.05,0.98279076718698111,0.0012492959169476171,0.98292925938226505,0.96678844237794748,0.98319495184324146,0.98206575888409164,0.98299568249750913,200,calibration_resampling_fixed_trained_models_threshold_and_evaluation_cohorts,0.98286283626702098
CodeBERT_unfrozen_s2027,fusion_TPR_0.005,test,AP,0.99572243796066884,0.00027456481980454097,0.99575783325843803,0.99318459123507907,0.99594655259609399,0.99495389438542969,0.99594655259609399,200,calibration_resampling_fixed_trained_models_threshold_and_evaluation_cohorts,0.99567095741815437
CodeBERT_unfrozen_s2027,fusion_TPR_0.005,test,Accuracy,0.96849350000000001,0.00085107543554311489,0.96860000000000002,0.95666666666666667,0.96876666666666666,0.96840000000000004,0.96866666666666668,200,calibration_resampling_fixed_trained_models_threshold_and_evaluation_cohorts,0.96850000000000003
CodeBERT_unfrozen_s2027,fusion_TPR_0.005,test,Brier,0.024537390226645014,0.00090068567946330336,0.024409142351681155,0.024279879526975894,0.034420187963776674,0.024279879526975894,0.025990560404586489,200,calibration_resampling_fixed_trained_models_threshold_and_evaluation_cohorts,0.024311782643722666
CodeBERT_unfrozen_s2027,fusion_TPR_0.005,test,ECE,0.014307324015411921,0.0016573282695829272,0.014219075524988582,0.012496302473364862,0.025662563677292416,0.012496302473364862,0.019234324649466804,200,calibration_resampling_fixed_trained_models_threshold_and_evaluation_cohorts,0.013089477659818903
CodeBERT_unfrozen_s2027,fusion_TPR_0.005,test,F1,0.96848637495383216,0.00087140637062455364,0.9685958127750367,0.95638169373238491,0.96875729385482312,0.96839578610481403,0.96866457763850922,200,calibration_resampling_fixed_trained_models_threshold_and_evaluation_cohorts,0.96849474912485412
CodeBERT_unfrozen_s2027,fusion_TPR_0.005,test,LogLoss,0.093614367327741435,0.0025676080390086187,0.092990218620100165,0.092304165972409827,0.11869548192395579,0.092304165972409827,0.098625465314037708,200,calibration_resampling_fixed_trained_models_threshold_and_evaluation_cohorts,0.092412861507832247
CodeBERT_unfrozen_s2027,fusion_TPR_0.005,test,ROC_AUC,0.99550158795204036,0.00025483812423719748,0.99554382298956512,0.99302650016428085,0.99566611417481066,0.99479653784609956,0.99566611417481066,200,calibration_resampling_fixed_trained_models_threshold_and_evaluation_cohorts,0.99546911492004675
CodeBERT_unfrozen_s2027,fusion_TPR_0.005,test,deployed_per_format_FPR_0.001,0.0015513893538667558,5.374599669985883e-05,0.0015400066956812856,0.0014060930699698695,0.0016739203213927017,0.0014713759625041849,0.0016069635085369936,200,calibration_resampling_fixed_trained_models_threshold_and_evaluation_cohorts,0.0015400066956812856
CodeBERT_unfrozen_s2027,fusion_TPR_0.005,test,deployed_per_format_FPR_0.005,0.0063043187144291935,0.00024109849505660021,0.0062269835955808504,0.0060261131570137263,0.006963508536993639,0.0060261131570137263,0.0068329427519250091,200,calibration_resampling_fixed_trained_models_threshold_and_evaluation_cohorts,0.0064948108470036826
CodeBERT_unfrozen_s2027,fusion_TPR_0.005,test,deployed_per_format_FPR_0.01,0.011631402745229327,0.00019226051577316678,0.011583528624037496,0.01111483093404754,0.011985269501171745,0.011315701372614664,0.011918312688316036,200,calibration_resampling_fixed_trained_models_threshold_and_evaluation_cohorts,0.01144961499832608
CodeBERT_unfrozen_s2027,fusion_TPR_0.005,test,deployed_per_format_FPR_0.05,0.051624707063943759,0.00024327335889920469,0.051623702711750923,0.049079343823234013,0.051824573150318042,0.051422832273183797,0.051824573150318042,200,calibration_resampling_fixed_trained_models_threshold_and_evaluation_cohorts,0.051824573150318042
CodeBERT_unfrozen_s2027,fusion_TPR_0.005,test,deployed_per_format_TPR_0.001,0.76450414868901428,0.016703382212936265,0.75824759376037176,0.72771324261533354,0.79986724195154335,0.74225024892134084,0.79986724195154335,200,calibration_resampling_fixed_trained_models_threshold_and_evaluation_cohorts,0.7563226020577497
CodeBERT_unfrozen_s2027,fusion_TPR_0.005,test,deployed_per_format_TPR_0.005,0.90250713574510455,0.0084677427325878067,0.90394955194158644,0.84865582475937607,0.90527713242615337,0.86007301692665117,0.90527713242615337,200,calibration_resampling_fixed_trained_models_threshold_and_evaluation_cohorts,0.90368403584467305
CodeBERT_unfrozen_s2027,fusion_TPR_0.005,test,deployed_per_format_TPR_0.01,0.93479422502489218,0.0051318259840796602,0.93581148357119148,0.87832724858944577,0.93634251576501826,0.92107534019249915,0.93634251576501826,200,calibration_resampling_fixed_trained_models_threshold_and_evaluation_cohorts,0.93528045137736471
CodeBERT_unfrozen_s2027,fusion_TPR_0.005,test,deployed_per_format_TPR_0.05,0.98127480916030541,0.0016930800258040072,0.98148025224029212,0.96083637570527713,0.98207766345834713,0.97948888151344171,0.98207766345834713,200,calibration_resampling_fixed_trained_models_threshold_and_evaluation_cohorts,0.98167938931297705
CodeBERT_unfrozen_s2027,fusion_TPR_0.005,test,deployed_pooled_FPR_0.001,0.0017187813860060261,8.16912278383108e-05,0.0017408771342484097,0.0014730498828255775,0.0018078339471041178,0.0016069635085369936,0.0018078339471041178,200,calibration_resampling_fixed_trained_models_threshold_and_evaluation_cohorts,0.0016739203213927017
CodeBERT_unfrozen_s2027,fusion_TPR_0.005,test,deployed_pooled_FPR_0.005,0.0061734181452962845,0.00015306817509746685,0.0062269835955808504,0.0059591563441580182,0.0065617676598593907,0.0059591563441580182,0.0064948108470036826,200,calibration_resampling_fixed_trained_models_threshold_and_evaluation_cohorts,0.0063608972212922665
CodeBERT_unfrozen_s2027,fusion_TPR_0.005,test,deployed_pooled_FPR_0.01,0.012405088717777034,0.00014854318065770335,0.012453967191161701,0.011650485436893204,0.012520924004017409,0.011782725142283228,0.012520924004017409,200,calibration_resampling_fixed_trained_models_threshold_and_evaluation_cohorts,0.012387010378305993
CodeBERT_unfrozen_s2027,fusion_TPR_0.005,test,deployed_pooled_FPR_0.05,0.050868095078674264,0.00049864209189090958,0.051088048208905258,0.047204553063274188,0.05135587546032809,0.049146300636089719,0.05135587546032809,200,calibration_resampling_fixed_trained_models_threshold_and_evaluation_cohorts,0.0506193505189153
CodeBERT_unfrozen_s2027,fusion_TPR_0.005,test,deployed_pooled_TPR_0.001,0.76642017922336547,0.014044896400695549,0.76448722203783603,0.71556588118154663,0.79196813806837041,0.72957185529372715,0.79196813806837041,200,calibration_resampling_fixed_trained_models_threshold_and_evaluation_cohorts,0.76010620643876536
CodeBERT_unfrozen_s2027,fusion_TPR_0.005,test,deployed_pooled_TPR_0.005,0.90181845336873545,0.011898115232157431,0.90467972120809825,0.84321274477265185,0.90554264852306676,0.85144374377696652,0.90554264852306676,200,calibration_resampling_fixed_trained_models_threshold_and_evaluation_cohorts,0.90461334218386991
CodeBERT_unfrozen_s2027,fusion_TPR_0.005,test,deployed_pooled_TPR_0.01,0.93333554596747437,0.0098908943531330323,0.93534683040159305,0.86956521739130432,0.9354132094258214,0.88184533687354794,0.9354132094258214,200,calibration_resampling_fixed_trained_models_threshold_and_evaluation_cohorts,0.9354132094258214
CodeBERT_unfrozen_s2027,fusion_TPR_0.005,test,deployed_pooled_TPR_0.05,0.98121606372386327,0.0017512869301314388,0.98134749419183542,0.95997344839030863,0.98187852638566209,0.98001991370726849,0.98161632923996023,200,calibration_resampling_fixed_trained_models_threshold_and_evaluation_cohorts,0.98161301028874881
CodeBERT_unfrozen_s2027,isotonic_probability,same_period,AP,0.98253405031326968,0.00027154825272010497,0.98255761929523788,0.98184962833162726,0.98308860170625256,0.98191601077397817,0.98296289167447215,200,calibration_resampling_fixed_trained_models_threshold_and_evaluation_cohorts,0.98299201691298199
CodeBERT_unfrozen_s2027,isotonic_probability,same_period,Accuracy,0.93870816666666668,0.00075691856358053064,0.93911666666666671,0.93589999999999995,0.93943333333333334,0.93706583333333338,0.93936666666666668,200,calibration_resampling_fixed_trained_models_threshold_and_evaluation_cohorts,0.93933333333333335
CodeBERT_unfrozen_s2027,isotonic_probability,same_period,Brier,0.046828938755532755,0.00011076792771152675,0.046826413286388667,0.046587815418868535,0.047282352361543566,0.046633900858071113,0.04706475838668394,200,calibration_resampling_fixed_trained_models_threshold_and_evaluation_cohorts,0.046723210814735246
CodeBERT_unfrozen_s2027,isotonic_probability,same_period,ECE,0.0062060594122411048,0.0013595292928225307,0.0061231132763712379,0.0029442311790202447,0.010577243000468353,0.004022539050326587,0.0089716712022652207,200,calibration_resampling_fixed_trained_models_threshold_and_evaluation_cohorts,0.0045251241778356916
CodeBERT_unfrozen_s2027,isotonic_probability,same_period,F1,0.93878264060718963,0.00054032554663507805,0.93897372325127759,0.93679539852095317,0.93937472890460783,0.93762909594730648,0.93930586726258047,200,calibration_resampling_fixed_trained_models_threshold_and_evaluation_cohorts,0.939305009004202
CodeBERT_unfrozen_s2027,isotonic_probability,same_period,LogLoss,0.16588319588409159,0.0048372945586643663,0.16386231039559909,0.16165287253975699,0.18683604748770605,0.16209370155421754,0.17601418796223486,200,calibration_resampling_fixed_trained_models_threshold_and_evaluation_cohorts,0.16206666207501438
CodeBERT_unfrozen_s2027,isotonic_probability,same_period,ROC_AUC,0.98329787770480026,6.835669977484783e-05,0.98330523999267105,0.9830936215920234,0.98345994207255449,0.98311953227371163,0.98341118636150548,200,calibration_resampling_fixed_trained_models_threshold_and_evaluation_cohorts,0.98337806763846491
CodeBERT_unfrozen_s2027,isotonic_probability,same_period,deployed_per_format_FPR_0.001,0.00059217129474740721,0.00018071161306193242,0.00066912010705921711,0.00026764804282368687,0.0008029441284710606,0.00026764804282368687,0.0008029441284710606,200,calibration_resampling_fixed_trained_models_threshold_and_evaluation_cohorts,0.00073603211776513886
CodeBERT_unfrozen_s2027,isotonic_probability,same_period,deployed_per_format_FPR_0.005,0.0037136165941786554,0.00068240426693810352,0.0038139846102375374,0.0022080963532954165,0.0045500167280026768,0.00234192037470726,0.0045500167280026768,200,calibration_resampling_fixed_trained_models_threshold_and_evaluation_cohorts,0.004349280695884911
CodeBERT_unfrozen_s2027,isotonic_probability,same_period,deployed_per_format_FPR_0.01,0.0076965540314486445,0.00065310622621364274,0.0078287052525928408,0.0056206088992974239,0.0088992974238875887,0.0068250250920040148,0.0087002341920374704,200,calibration_resampling_fixed_trained_models_threshold_and_evaluation_cohorts,0.0082301773168283708
CodeBERT_unfrozen_s2027,isotonic_probability,same_period,deployed_per_format_FPR_0.05,0.045040481766477083,0.0031409044502759475,0.045667447306791564,0.033188357310137168,0.049381063900970225,0.039008029441284717,0.048981264637002343,200,calibration_resampling_fixed_trained_models_threshold_and_evaluation_cohorts,0.044095015055202406
CodeBERT_unfrozen_s2027,isotonic_probability,same_period,deployed_per_format_TPR_0.001,0.39443008967120557,0.078993608670941198,0.43839256061109266,0.21348389239455332,0.5004317502490867,0.26282630355363668,0.48947193623380936,200,calibration_resampling_fixed_trained_models_threshold_and_evaluation_cohorts,0.46755230820325472
CodeBERT_unfrozen_s2027,isotonic_probability,same_period,deployed_per_format_TPR_0.005,0.6711590833610096,0.025427898474681625,0.67811358352706741,0.5993357688475589,0.70401859847226833,0.60890069744271003,0.70110096313517101,200,calibration_resampling_fixed_trained_models_threshold_and_evaluation_cohorts,0.69372301560943206
CodeBERT_unfrozen_s2027,isotonic_probability,same_period,deployed_per_format_TPR_0.01,0.76121952839588181,0.0099281960203733768,0.76227167054134837,0.71776818332779813,0.78126868150116235,0.75004981733643306,0.77841414812354703,200,calibration_resampling_fixed_trained_models_threshold_and_evaluation_cohorts,0.76751909664563267
CodeBERT_unfrozen_s2027,isotonic_probability,same_period,deployed_per_format_TPR_0.05,0.91580538027233471,0.0060057491970045901,0.91750249086682167,0.89006974427100627,0.92348057123879113,0.90584523414148121,0.92308369312520755,200,calibration_resampling_fixed_trained_models_threshold_and_evaluation_cohorts,0.91278644968449019
CodeBERT_unfrozen_s2027,isotonic_probability,same_period,deployed_pooled_FPR_0.001,0.00075644028103044494,9.5855657526356763e-05,0.0008029441284710606,0.00013382402141184343,0.00086985613917698224,0.00060220809635329537,0.00086985613917698224,200,calibration_resampling_fixed_trained_models_threshold_and_evaluation_cohorts,0.0008029441284710606
CodeBERT_unfrozen_s2027,isotonic_probability,same_period,deployed_pooled_FPR_0.005,0.0033924389427902307,0.00098933218442214454,0.0039478086316493809,0.0012044161927065907,0.0044161927065908329,0.0012713282034125125,0.0044161927065908329,200,calibration_resampling_fixed_trained_models_threshold_and_evaluation_cohorts,0.004148544663767146
CodeBERT_unfrozen_s2027,isotonic_probability,same_period,deployed_pooled_FPR_0.01,0.0078390766142522588,0.0008245674247003206,0.0078956172632987619,0.0050184008029441288,0.0089662094345935098,0.0068250250920040148,0.0089662094345935098,200,calibration_resampling_fixed_trained_models_threshold_and_evaluation_cohorts,0.0086985613917698219
CodeBERT_unfrozen_s2027,isotonic_probability,same_period,deployed_pooled_FPR_0.05,0.045176982268317165,0.0030251639372952215,0.045901639344262293,0.024021411843425895,0.047373703579792571,0.036438608230177319,0.046972231515557045,200,calibration_resampling_fixed_trained_models_threshold_and_evaluation_cohorts,0.045901639344262293
CodeBERT_unfrozen_s2027,isotonic_probability,same_period,deployed_pooled_TPR_0.001,0.44750581202258388,0.037529999719290059,0.45851876453005647,0.098771172367984064,0.4782464297575556,0.39794088342743272,0.4782464297575556,200,calibration_resampling_fixed_trained_models_threshold_and_evaluation_cohorts,0.45851876453005647
CodeBERT_unfrozen_s2027,isotonic_probability,same_period,deployed_pooled_TPR_0.005,0.65320989704417132,0.048641135233554629,0.67811358352706741,0.51026237130521424,0.69551643972102295,0.52952507472600463,0.69551643972102295,200,calibration_resampling_fixed_trained_models_threshold_and_evaluation_cohorts,0.69006974427100631
CodeBERT_unfrozen_s2027,isotonic_probability,same_period,deployed_pooled_TPR_0.01,0.76343772832945855,0.01251972275428633,0.76363334440385255,0.7061441381600797,0.78133510461640654,0.75004981733643306,0.78133510461640654,200,calibration_resampling_fixed_trained_models_threshold_and_evaluation_cohorts,0.77582198605114583
CodeBERT_unfrozen_s2027,isotonic_probability,same_period,deployed_pooled_TPR_0.05,0.92041746927930912,0.0056118339815662329,0.92168714712720023,0.8757223513782797,0.9235469943540352,0.90548987047492524,0.92334772500830287,200,calibration_resampling_fixed_trained_models_threshold_and_evaluation_cohorts,0.92168714712720023
CodeBERT_unfrozen_s2027,isotonic_probability,test,AP,0.97640312619286607,0.0003573492639583707,0.9764205291066097,0.97531914129551456,0.97706300484905551,0.97569910812835647,0.97700016203005413,200,calibration_resampling_fixed_trained_models_threshold_and_evaluation_cohorts,0.97709198830562793
CodeBERT_unfrozen_s2027,isotonic_probability,test,Accuracy,0.92337183333333328,0.0016570075127361576,0.92333333333333334,0.91546666666666665,0.92736666666666667,0.92146499999999998,0.92636666666666667,200,calibration_resampling_fixed_trained_models_threshold_and_evaluation_cohorts,0.92333333333333334
CodeBERT_unfrozen_s2027,isotonic_probability,test,Brier,0.057534642883910463,0.00058868388227327549,0.057556995239313326,0.055826704064369431,0.059154430597436872,0.056403936972361207,0.058643902174044846,200,calibration_resampling_fixed_trained_models_threshold_and_evaluation_cohorts,0.057409641020067972
CodeBERT_unfrozen_s2027,isotonic_probability,test,ECE,0.027502434139993159,0.0020852648567277867,0.027441984660335844,0.02080943182905471,0.032856963164546144,0.023280855272556595,0.031543981722961467,200,calibration_resampling_fixed_trained_models_threshold_and_evaluation_cohorts,0.026720063227016901
CodeBERT_unfrozen_s2027,isotonic_probability,test,F1,0.92186058661151138,0.0020737961076692634,0.92171012322145829,0.91228555617044826,0.92700412046497604,0.91947316870795759,0.92563053288318531,200,calibration_resampling_fixed_trained_models_threshold_and_evaluation_cohorts,0.92171012322145829
CodeBERT_unfrozen_s2027,isotonic_probability,test,LogLoss,0.19900621111401143,0.0080325028827069548,0.19608247007642027,0.18926632660804579,0.22918629778462959,0.19102368334761027,0.21735776398976286,200,calibration_resampling_fixed_trained_models_threshold_and_evaluation_cohorts,0.19273785681938377
CodeBERT_unfrozen_s2027,isotonic_probability,test,ROC_AUC,0.97892795941390465,9.9676271090489154e-05,0.97893948786371654,0.9785771043922934,0.97917980682081684,0.9787196578469084,0.97909405321055476,200,calibration_resampling_fixed_trained_models_threshold_and_evaluation_cohorts,0.97908455169880415
CodeBERT_unfrozen_s2027,isotonic_probability,test,deployed_per_format_FPR_0.001,0.00093973886842986271,0.0002721974144058104,0.001004352192835621,0.00040174087713424841,0.0016069635085369936,0.00040174087713424841,0.0013424840977569476,200,calibration_resampling_fixed_trained_models_threshold_and_evaluation_cohorts,0.0011382658185470371
CodeBERT_unfrozen_s2027,isotonic_probability,test,deployed_per_format_FPR_0.005,0.0044546367592902579,0.0008588021304216858,0.0046869768998995644,0.0026782725142283229,0.005691329092735186,0.0029460997656511551,0.0055574154670237699,200,calibration_resampling_fixed_trained_models_threshold_and_evaluation_cohorts,0.0054235018413123538
CodeBERT_unfrozen_s2027,isotonic_probability,test,deployed_per_format_FPR_0.01,0.0083354536324070968,0.00053117719052011756,0.0083361232005356549,0.0062269835955808504,0.009574824238366253,0.0074991630398393034,0.0091747572815533973,200,calibration_resampling_fixed_trained_models_threshold_and_evaluation_cohorts,0.0085704720455306322
CodeBERT_unfrozen_s2027,isotonic_probability,test,deployed_per_format_FPR_0.05,0.043387679946434554,0.0021025561922216125,0.043789755607633075,0.033143622363575494,0.046401071309005691,0.039298627385336453,0.046133244057582859,200,calibration_resampling_fixed_trained_models_threshold_and_evaluation_cohorts,0.042584532976230334
CodeBERT_unfrozen_s2027,isotonic_probability,test,deployed_per_format_TPR_0.001,0.34848888151344176,0.049407016783858324,0.36163292399601726,0.1972784600066379,0.42867573846664453,0.25982243611018918,0.41785595751742449,200,calibration_resampling_fixed_trained_models_threshold_and_evaluation_cohorts,0.39568536342515764
CodeBERT_unfrozen_s2027,isotonic_probability,test,deployed_per_format_TPR_0.005,0.57211218055094593,0.024256441706216672,0.57683372054430804,0.50872884168602717,0.60497842681712577,0.51563226020577502,0.60180716893461661,200,calibration_resampling_fixed_trained_models_threshold_and_evaluation_cohorts,0.59329571855293728
CodeBERT_unfrozen_s2027,isotonic_probability,test,deployed_per_format_TPR_0.01,0.66631861931629599,0.01088490535874697,0.66740789910388321,0.61778957849319616,0.68649186856953204,0.65370063060073014,0.68450713574510458,200,calibration_resampling_fixed_trained_models_threshold_and_evaluation_cohorts,0.67414537006306008
CodeBERT_unfrozen_s2027,isotonic_probability,test,deployed_per_format_TPR_0.05,0.88138400265516093,0.0062826048154454601,0.88118154663126447,0.85635579156986397,0.88961168270826418,0.8689296382343179,0.88901759044142048,200,calibration_resampling_fixed_trained_models_threshold_and_evaluation_cohorts,0.88058413541320946
CodeBERT_unfrozen_s2027,isotonic_probability,test,deployed_pooled_FPR_0.001,0.00097522597924338801,0.00016463759939856372,0.001004352192835621,0.00026782725142283226,0.0011382658185470371,0.00073652494141278877,0.0011382658185470371,200,calibration_resampling_fixed_trained_models_threshold_and_evaluation_cohorts,0.001004352192835621
CodeBERT_unfrozen_s2027,isotonic_probability,test,deployed_pooled_FPR_0.005,0.0042959491128222302,0.0013787813704867688,0.0048878473384666886,0.0014060930699698695,0.0057582859055908941,0.0014730498828255775,0.0057582859055908941,200,calibration_resampling_fixed_trained_models_threshold_and_evaluation_cohorts,0.0054904586541680619
CodeBERT_unfrozen_s2027,isotonic_probability,test,deployed_pooled_FPR_0.01,0.0086079678607298288,0.00073551913775731458,0.0085704720455306322,0.0059591563441580182,0.0097756946769333771,0.0077669902912621356,0.0097756946769333771,200,calibration_resampling_fixed_trained_models_threshold_and_evaluation_cohorts,0.0093069969869434208
CodeBERT_unfrozen_s2027,isotonic_probability,test,deployed_pooled_FPR_0.05,0.043634750585872108,0.0025644988396312852,0.044124539671911614,0.025041848008034818,0.045396719116170069,0.036744224974891194,0.045329762303314362,200,calibration_resampling_fixed_trained_models_threshold_and_evaluation_cohorts,0.044124539671911614
CodeBERT_unfrozen_s2027,isotonic_probability,test,deployed_pooled_TPR_0.001,0.36683637570527716,0.0334537169587533,0.37656820444739464,0.078791901759044145,0.39422502489213407,0.31988051775638898,0.39422502489213407,200,calibration_resampling_fixed_trained_models_threshold_and_evaluation_cohorts,0.37656820444739464
CodeBERT_unfrozen_s2027,isotonic_probability,test,deployed_pooled_TPR_0.005,0.55399900431463656,0.046743980645505986,0.57683372054430804,0.42130766677729836,0.5967474278128112,0.43657484234981747,0.5967474278128112,200,calibration_resampling_fixed_trained_models_threshold_and_evaluation_cohorts,0.58971125124460666
CodeBERT_unfrozen_s2027,isotonic_probability,test,deployed_pooled_TPR_0.01,0.6683767009624958,0.013425378449300805,0.66933289080650504,0.60763358778625953,0.686292731496847,0.65370063060073014,0.68609359442416196,200,calibration_resampling_fixed_trained_models_threshold_and_evaluation_cohorts,0.68184533687354798
CodeBERT_unfrozen_s2027,isotonic_probability,test,deployed_pooled_TPR_0.05,0.87341354132094251,0.0084671772010878332,0.87540657152339862,0.80484566876866914,0.87912379688018583,0.85131264520411554,0.87879190175904409,200,calibration_resampling_fixed_trained_models_threshold_and_evaluation_cohorts,0.87540657152339862
CodeBERT_unfrozen_s2027,isotonic_tiebreak,same_period,AP,0.98463479196364634,0,0.98463479196364634,0.98463479196364634,0.98463479196364634,0.98463479196364634,0.98463479196364634,200,calibration_resampling_fixed_trained_models_threshold_and_evaluation_cohorts,0.98463479196364634
CodeBERT_unfrozen_s2027,isotonic_tiebreak,same_period,Accuracy,0.93870816666666668,0.00075691856358053064,0.93911666666666671,0.93589999999999995,0.93943333333333334,0.93706583333333338,0.93936666666666668,200,calibration_resampling_fixed_trained_models_threshold_and_evaluation_cohorts,0.93933333333333335
CodeBERT_unfrozen_s2027,isotonic_tiebreak,same_period,Brier,0.046828938755532755,0.00011076792771152675,0.046826413286388667,0.046587815418868535,0.047282352361543566,0.046633900858071113,0.04706475838668394,200,calibration_resampling_fixed_trained_models_threshold_and_evaluation_cohorts,0.046723210814735246
CodeBERT_unfrozen_s2027,isotonic_tiebreak,same_period,ECE,0.0062060594122411048,0.0013595292928225307,0.0061231132763712379,0.0029442311790202447,0.010577243000468353,0.004022539050326587,0.0089716712022652207,200,calibration_resampling_fixed_trained_models_threshold_and_evaluation_cohorts,0.0045251241778356916
CodeBERT_unfrozen_s2027,isotonic_tiebreak,same_period,F1,0.93878264060718963,0.00054032554663507805,0.93897372325127759,0.93679539852095317,0.93937472890460783,0.93762909594730648,0.93930586726258047,200,calibration_resampling_fixed_trained_models_threshold_and_evaluation_cohorts,0.939305009004202
CodeBERT_unfrozen_s2027,isotonic_tiebreak,same_period,LogLoss,0.16588319588409159,0.0048372945586643663,0.16386231039559909,0.16165287253975699,0.18683604748770605,0.16209370155421754,0.17601418796223486,200,calibration_resampling_fixed_trained_models_threshold_and_evaluation_cohorts,0.16206666207501438
CodeBERT_unfrozen_s2027,isotonic_tiebreak,same_period,ROC_AUC,0.98354107427444304,0,0.98354107427444304,0.98354107427444304,0.98354107427444304,0.98354107427444304,0.98354107427444304,200,calibration_resampling_fixed_trained_models_threshold_and_evaluation_cohorts,0.98354107427444304
CodeBERT_unfrozen_s2027,isotonic_tiebreak,same_period,deployed_per_format_FPR_0.001,0.0010036801605888257,0,0.0010036801605888257,0.0010036801605888257,0.0010036801605888257,0.0010036801605888257,0.0010036801605888257,200,calibration_resampling_fixed_trained_models_threshold_and_evaluation_cohorts,0.0010036801605888257
CodeBERT_unfrozen_s2027,isotonic_tiebreak,same_period,deployed_per_format_FPR_0.005,0.0045500167280026768,0,0.0045500167280026768,0.0045500167280026768,0.0045500167280026768,0.0045500167280026768,0.0045500167280026768,200,calibration_resampling_fixed_trained_models_threshold_and_evaluation_cohorts,0.0045500167280026768
CodeBERT_unfrozen_s2027,isotonic_tiebreak,same_period,deployed_per_format_FPR_0.01,0.0092338574774171959,0,0.0092338574774171959,0.0092338574774171959,0.0092338574774171959,0.0092338574774171959,0.0092338574774171959,200,calibration_resampling_fixed_trained_models_threshold_and_evaluation_cohorts,0.0092338574774171959
CodeBERT_unfrozen_s2027,isotonic_tiebreak,same_period,deployed_per_format_FPR_0.05,0.050853128136500503,0,0.050853128136500503,0.050853128136500503,0.050853128136500503,0.050853128136500503,0.050853128136500503,200,calibration_resampling_fixed_trained_models_threshold_and_evaluation_cohorts,0.050853128136500503
CodeBERT_unfrozen_s2027,isotonic_tiebreak,same_period,deployed_per_format_TPR_0.001,0.51072733311192298,0,0.51072733311192298,0.51072733311192298,0.51072733311192298,0.51072733311192298,0.51072733311192298,200,calibration_resampling_fixed_trained_models_threshold_and_evaluation_cohorts,0.51072733311192298
CodeBERT_unfrozen_s2027,isotonic_tiebreak,same_period,deployed_per_format_TPR_0.005,0.70826967784789108,0,0.70826967784789108,0.70826967784789108,0.70826967784789108,0.70826967784789108,0.70826967784789108,200,calibration_resampling_fixed_trained_models_threshold_and_evaluation_cohorts,0.70826967784789108
CodeBERT_unfrozen_s2027,isotonic_tiebreak,same_period,deployed_per_format_TPR_0.01,0.78472268349385588,0,0.78472268349385588,0.78472268349385588,0.78472268349385588,0.78472268349385588,0.78472268349385588,200,calibration_resampling_fixed_trained_models_threshold_and_evaluation_cohorts,0.78472268349385588
CodeBERT_unfrozen_s2027,isotonic_tiebreak,same_period,deployed_per_format_TPR_0.05,0.92580538027233472,0,0.92580538027233472,0.92580538027233472,0.92580538027233472,0.92580538027233472,0.92580538027233472,200,calibration_resampling_fixed_trained_models_threshold_and_evaluation_cohorts,0.92580538027233472
CodeBERT_unfrozen_s2027,isotonic_tiebreak,same_period,deployed_pooled_FPR_0.001,0.0010705921712947475,0,0.0010705921712947475,0.0010705921712947475,0.0010705921712947475,0.0010705921712947475,0.0010705921712947475,200,calibration_resampling_fixed_trained_models_threshold_and_evaluation_cohorts,0.0010705921712947475
CodeBERT_unfrozen_s2027,isotonic_tiebreak,same_period,deployed_pooled_FPR_0.005,0.004817664770826363,0,0.004817664770826363,0.004817664770826363,0.004817664770826363,0.004817664770826363,0.004817664770826363,200,calibration_resampling_fixed_trained_models_threshold_and_evaluation_cohorts,0.004817664770826363
CodeBERT_unfrozen_s2027,isotonic_tiebreak,same_period,deployed_pooled_FPR_0.01,0.0090331214452994309,0,0.0090331214452994309,0.0090331214452994309,0.0090331214452994309,0.0090331214452994309,0.0090331214452994309,200,calibration_resampling_fixed_trained_models_threshold_and_evaluation_cohorts,0.0090331214452994309
CodeBERT_unfrozen_s2027,isotonic_tiebreak,same_period,deployed_pooled_FPR_0.05,0.050184008029441285,0,0.050184008029441285,0.050184008029441285,0.050184008029441285,0.050184008029441285,0.050184008029441285,200,calibration_resampling_fixed_trained_models_threshold_and_evaluation_cohorts,0.050184008029441285
CodeBERT_unfrozen_s2027,isotonic_tiebreak,same_period,deployed_pooled_TPR_0.001,0.49584855529724342,0,0.49584855529724342,0.49584855529724342,0.49584855529724342,0.49584855529724342,0.49584855529724342,200,calibration_resampling_fixed_trained_models_threshold_and_evaluation_cohorts,0.49584855529724342
CodeBERT_unfrozen_s2027,isotonic_tiebreak,same_period,deployed_pooled_TPR_0.005,0.69936898040518103,0,0.69936898040518103,0.69936898040518103,0.69936898040518103,0.69936898040518103,0.69936898040518103,200,calibration_resampling_fixed_trained_models_threshold_and_evaluation_cohorts,0.69936898040518103
CodeBERT_unfrozen_s2027,isotonic_tiebreak,same_period,deployed_pooled_TPR_0.01,0.78306210561275325,0,0.78306210561275325,0.78306210561275325,0.78306210561275325,0.78306210561275325,0.78306210561275325,200,calibration_resampling_fixed_trained_models_threshold_and_evaluation_cohorts,0.78306210561275325
CodeBERT_unfrozen_s2027,isotonic_tiebreak,same_period,deployed_pooled_TPR_0.05,0.92726668880770513,0,0.92726668880770513,0.92726668880770513,0.92726668880770513,0.92726668880770513,0.92726668880770513,200,calibration_resampling_fixed_trained_models_threshold_and_evaluation_cohorts,0.92726668880770513
CodeBERT_unfrozen_s2027,isotonic_tiebreak,test,AP,0.97905389961097422,0,0.97905389961097433,0.97905389961097433,0.97905389961097433,0.97905389961097433,0.97905389961097433,200,calibration_resampling_fixed_trained_models_threshold_and_evaluation_cohorts,0.97905389961097433
CodeBERT_unfrozen_s2027,isotonic_tiebreak,test,Accuracy,0.92337183333333328,0.0016570075127361576,0.92333333333333334,0.91546666666666665,0.92736666666666667,0.92146499999999998,0.92636666666666667,200,calibration_resampling_fixed_trained_models_threshold_and_evaluation_cohorts,0.92333333333333334
CodeBERT_unfrozen_s2027,isotonic_tiebreak,test,Brier,0.057534642883910463,0.00058868388227327549,0.057556995239313326,0.055826704064369431,0.059154430597436872,0.056403936972361207,0.058643902174044846,200,calibration_resampling_fixed_trained_models_threshold_and_evaluation_cohorts,0.057409641020067972
CodeBERT_unfrozen_s2027,isotonic_tiebreak,test,ECE,0.027502434139993159,0.0020852648567277867,0.027441984660335844,0.02080943182905471,0.032856963164546144,0.023280855272556595,0.031543981722961467,200,calibration_resampling_fixed_trained_models_threshold_and_evaluation_cohorts,0.026720063227016901
CodeBERT_unfrozen_s2027,isotonic_tiebreak,test,F1,0.92186058661151138,0.0020737961076692634,0.92171012322145829,0.91228555617044826,0.92700412046497604,0.91947316870795759,0.92563053288318531,200,calibration_resampling_fixed_trained_models_threshold_and_evaluation_cohorts,0.92171012322145829
CodeBERT_unfrozen_s2027,isotonic_tiebreak,test,LogLoss,0.19900621111401143,0.0080325028827069548,0.19608247007642027,0.18926632660804579,0.22918629778462959,0.19102368334761027,0.21735776398976286,200,calibration_resampling_fixed_trained_models_threshold_and_evaluation_cohorts,0.19273785681938377
CodeBERT_unfrozen_s2027,isotonic_tiebreak,test,ROC_AUC,0.97915491524229736,0,0.97915491524229736,0.97915491524229736,0.97915491524229736,0.97915491524229736,0.97915491524229736,200,calibration_resampling_fixed_trained_models_threshold_and_evaluation_cohorts,0.97915491524229736
CodeBERT_unfrozen_s2027,isotonic_tiebreak,test,deployed_per_format_FPR_0.001,0.0016069635085369939,0,0.0016069635085369936,0.0016069635085369936,0.0016069635085369936,0.0016069635085369936,0.0016069635085369936,200,calibration_resampling_fixed_trained_models_threshold_and_evaluation_cohorts,0.0016069635085369936
CodeBERT_unfrozen_s2027,isotonic_tiebreak,test,deployed_per_format_FPR_0.005,0.0058921995313023102,0,0.0058921995313023102,0.0058921995313023102,0.0058921995313023102,0.0058921995313023102,0.0058921995313023102,200,calibration_resampling_fixed_trained_models_threshold_and_evaluation_cohorts,0.0058921995313023102
CodeBERT_unfrozen_s2027,isotonic_tiebreak,test,deployed_per_format_FPR_0.01,0.0097756946769333771,0,0.0097756946769333771,0.0097756946769333771,0.0097756946769333771,0.0097756946769333771,0.0097756946769333771,200,calibration_resampling_fixed_trained_models_threshold_and_evaluation_cohorts,0.0097756946769333771
CodeBERT_unfrozen_s2027,isotonic_tiebreak,test,deployed_per_format_FPR_0.05,0.047405423501841314,0,0.047405423501841314,0.047405423501841314,0.047405423501841314,0.047405423501841314,0.047405423501841314,200,calibration_resampling_fixed_trained_models_threshold_and_evaluation_cohorts,0.047405423501841314
CodeBERT_unfrozen_s2027,isotonic_tiebreak,test,deployed_per_format_TPR_0.001,0.43703949551941584,0,0.43703949551941584,0.43703949551941584,0.43703949551941584,0.43703949551941584,0.43703949551941584,200,calibration_resampling_fixed_trained_models_threshold_and_evaluation_cohorts,0.43703949551941584
CodeBERT_unfrozen_s2027,isotonic_tiebreak,test,deployed_per_format_TPR_0.005,0.60962495851310983,0,0.60962495851310983,0.60962495851310983,0.60962495851310983,0.60962495851310983,0.60962495851310983,200,calibration_resampling_fixed_trained_models_threshold_and_evaluation_cohorts,0.60962495851310983
CodeBERT_unfrozen_s2027,isotonic_tiebreak,test,deployed_per_format_TPR_0.01,0.69120477928974433,0,0.69120477928974444,0.69120477928974444,0.69120477928974444,0.69120477928974444,0.69120477928974444,200,calibration_resampling_fixed_trained_models_threshold_and_evaluation_cohorts,0.69120477928974444
CodeBERT_unfrozen_s2027,isotonic_tiebreak,test,deployed_per_format_TPR_0.05,0.8922004646531696,0,0.8922004646531696,0.8922004646531696,0.8922004646531696,0.8922004646531696,0.8922004646531696,200,calibration_resampling_fixed_trained_models_threshold_and_evaluation_cohorts,0.8922004646531696
CodeBERT_unfrozen_s2027,isotonic_tiebreak,test,deployed_pooled_FPR_0.001,0.0014060930699698695,0,0.0014060930699698695,0.0014060930699698695,0.0014060930699698695,0.0014060930699698695,0.0014060930699698695,200,calibration_resampling_fixed_trained_models_threshold_and_evaluation_cohorts,0.0014060930699698695
CodeBERT_unfrozen_s2027,isotonic_tiebreak,test,deployed_pooled_FPR_0.005,0.0058921995313023102,0,0.0058921995313023102,0.0058921995313023102,0.0058921995313023102,0.0058921995313023102,0.0058921995313023102,200,calibration_resampling_fixed_trained_models_threshold_and_evaluation_cohorts,0.0058921995313023102
CodeBERT_unfrozen_s2027,isotonic_tiebreak,test,deployed_pooled_FPR_0.01,0.0099096083026447949,0,0.0099096083026447949,0.0099096083026447949,0.0099096083026447949,0.0099096083026447949,0.0099096083026447949,200,calibration_resampling_fixed_trained_models_threshold_and_evaluation_cohorts,0.0099096083026447949
CodeBERT_unfrozen_s2027,isotonic_tiebreak,test,deployed_pooled_FPR_0.05,0.047539337127552726,0,0.047539337127552726,0.047539337127552726,0.047539337127552726,0.047539337127552726,0.047539337127552726,200,calibration_resampling_fixed_trained_models_threshold_and_evaluation_cohorts,0.047539337127552726
CodeBERT_unfrozen_s2027,isotonic_tiebreak,test,deployed_pooled_TPR_0.001,0.41028874875539328,0,0.41028874875539328,0.41028874875539328,0.41028874875539328,0.41028874875539328,0.41028874875539328,200,calibration_resampling_fixed_trained_models_threshold_and_evaluation_cohorts,0.41028874875539328
CodeBERT_unfrozen_s2027,isotonic_tiebreak,test,deployed_pooled_TPR_0.005,0.60073016926651179,0,0.60073016926651179,0.60073016926651179,0.60073016926651179,0.60073016926651179,0.60073016926651179,200,calibration_resampling_fixed_trained_models_threshold_and_evaluation_cohorts,0.60073016926651179
CodeBERT_unfrozen_s2027,isotonic_tiebreak,test,deployed_pooled_TPR_0.01,0.68755393295718548,0,0.68755393295718548,0.68755393295718548,0.68755393295718548,0.68755393295718548,0.68755393295718548,200,calibration_resampling_fixed_trained_models_threshold_and_evaluation_cohorts,0.68755393295718548
CodeBERT_unfrozen_s2027,isotonic_tiebreak,test,deployed_pooled_TPR_0.05,0.88383670760039823,0,0.88383670760039823,0.88383670760039823,0.88383670760039823,0.88383670760039823,0.88383670760039823,200,calibration_resampling_fixed_trained_models_threshold_and_evaluation_cohorts,0.88383670760039823
CodeBERT_unfrozen_s2027,stack,same_period,AP,0.99641514459701641,1.1780926004772824e-05,0.99641830539941179,0.99636472815213639,0.99642629938934713,0.99638535069210332,0.99642596085070367,200,calibration_resampling_fixed_trained_models_threshold_and_evaluation_cohorts,0.99641816754678847
CodeBERT_unfrozen_s2027,stack,same_period,Accuracy,0.9723128333333334,0.00015294165618113921,0.97230000000000005,0.9720333333333333,0.97266666666666668,0.97209916666666663,0.97260083333333336,200,calibration_resampling_fixed_trained_models_threshold_and_evaluation_cohorts,0.97216666666666662
CodeBERT_unfrozen_s2027,stack,same_period,Brier,0.021055130670376444,3.3216031683422685e-05,0.021046141123846555,0.021014020110391638,0.02119249186867277,0.021018536957361961,0.021133720253555154,200,calibration_resampling_fixed_trained_models_threshold_and_evaluation_cohorts,0.021029153279149799
CodeBERT_unfrozen_s2027,stack,same_period,ECE,0.0032520090928577338,0.00044229248824072026,0.0031488224611362732,0.0025054633607103638,0.00485285833916968,0.0026643274868776707,0.0043281349795072409,200,calibration_resampling_fixed_trained_models_threshold_and_evaluation_cohorts,0.0028448545883730646
CodeBERT_unfrozen_s2027,stack,same_period,F1,0.9723554692228259,0.00015359700620598668,0.97235344751807662,0.97206406286418279,0.9726837697726971,0.97212441745094402,0.97265591127769946,200,calibration_resampling_fixed_trained_models_threshold_and_evaluation_cohorts,0.97221205364571195
CodeBERT_unfrozen_s2027,stack,same_period,LogLoss,0.07630962555433235,0.00012944750780846301,0.076287891332117372,0.076124602936981464,0.076741398968231817,0.076136573483301911,0.076587626758780364,200,calibration_resampling_fixed_trained_models_threshold_and_evaluation_cohorts,0.076199378258088007
CodeBERT_unfrozen_s2027,stack,same_period,ROC_AUC,0.99604961740041176,1.3809720367358718e-05,0.99605305360216523,0.9959921327831186,0.99606323596128343,0.99601514675919534,0.99606306273673217,200,calibration_resampling_fixed_trained_models_threshold_and_evaluation_cohorts,0.9960528758219972
CodeBERT_unfrozen_s2027,stack,same_period,deployed_per_format_FPR_0.001,0.0013914352626296419,5.4205183289414354e-05,0.001405152224824356,0.0013382402141184342,0.0014720642355302777,0.0013382402141184342,0.0014720642355302777,200,calibration_resampling_fixed_trained_models_threshold_and_evaluation_cohorts,0.0013382402141184342
CodeBERT_unfrozen_s2027,stack,same_period,deployed_per_format_FPR_0.005,0.0055884911341585819,0.00016389479300439673,0.0056206088992974239,0.0052191368350618939,0.0057544329207092669,0.0052191368350618939,0.0057544329207092669,200,calibration_resampling_fixed_trained_models_threshold_and_evaluation_cohorts,0.0056206088992974239
CodeBERT_unfrozen_s2027,stack,same_period,deployed_per_format_FPR_0.01,0.0095684175309468048,0.00012621011755966057,0.0095684175309468048,0.0093007694881231187,0.0099029775844764138,0.0093676814988290398,0.0098360655737704927,200,calibration_resampling_fixed_trained_models_threshold_and_evaluation_cohorts,0.0095015055202408837
CodeBERT_unfrozen_s2027,stack,same_period,deployed_per_format_FPR_0.05,0.052390766142522589,0.00016729145857701788,0.052392104382736698,0.052057544329207089,0.052726664436266307,0.052124456339913014,0.052661425225828035,200,calibration_resampling_fixed_trained_models_threshold_and_evaluation_cohorts,0.052392104382736698
CodeBERT_unfrozen_s2027,stack,same_period,deployed_per_format_TPR_0.001,0.80851079375622714,0.00058849372405739471,0.80850215875124543,0.80611092660245764,0.8106276984390568,0.80790269013616745,0.80996346728661572,200,calibration_resampling_fixed_trained_models_threshold_and_evaluation_cohorts,0.80797077382929261
CodeBERT_unfrozen_s2027,stack,same_period,deployed_per_format_TPR_0.005,0.91759382265028233,0.0005960228698329602,0.91776818332779808,0.91610760544669545,0.9185652607107273,0.91617402856193952,0.91836599136499497,200,calibration_resampling_fixed_trained_models_threshold_and_evaluation_cohorts,0.91750249086682167
CodeBERT_unfrozen_s2027,stack,same_period,deployed_per_format_TPR_0.01,0.94446595815343737,0.00057217175255433396,0.94417137163732978,0.94334108269677852,0.94566589173032212,0.94387246761873134,0.94566589173032212,200,calibration_resampling_fixed_trained_models_threshold_and_evaluation_cohorts,0.94413816007970774
CodeBERT_unfrozen_s2027,stack,same_period,deployed_per_format_TPR_0.05,0.98303952175357023,0.00013523468347541569,0.98299568249750913,0.98279641315177679,0.98346064430421787,0.98286283626702098,0.98339422118897379,200,calibration_resampling_fixed_trained_models_threshold_and_evaluation_cohorts,0.98299568249750913
CodeBERT_unfrozen_s2027,stack,same_period,deployed_pooled_FPR_0.001,0.0013031114084978254,3.9649567363001692e-05,0.0012713282034125125,0.0012713282034125125,0.0014720642355302777,0.0012713282034125125,0.001405152224824356,200,calibration_resampling_fixed_trained_models_threshold_and_evaluation_cohorts,0.0012713282034125125
CodeBERT_unfrozen_s2027,stack,same_period,deployed_pooled_FPR_0.005,0.0051361659417865514,0.00012208545559760396,0.0051522248243559719,0.0049514887922382069,0.0054198728671796589,0.0049514887922382069,0.0054198728671796589,200,calibration_resampling_fixed_trained_models_threshold_and_evaluation_cohorts,0.0051522248243559719
CodeBERT_unfrozen_s2027,stack,same_period,deployed_pooled_FPR_0.01,0.010004349280695886,0.00011304061354016751,0.0099698895951823348,0.0098360655737704927,0.010237537638006023,0.0098360655737704927,0.010237537638006023,200,calibration_resampling_fixed_trained_models_threshold_and_evaluation_cohorts,0.010036801605888258
CodeBERT_unfrozen_s2027,stack,same_period,deployed_pooled_FPR_0.05,0.052313817330210774,0.0003802378425553166,0.052191368350618939,0.05185680829708933,0.053596520575443292,0.051988959518233527,0.053328872532619608,200,calibration_resampling_fixed_trained_models_threshold_and_evaluation_cohorts,0.052325192372030781
CodeBERT_unfrozen_s2027,stack,same_period,deployed_pooled_TPR_0.001,0.80833244769179668,0.0022269255171425304,0.80817004317502494,0.80504815675855201,0.8141481235469944,0.80517934241115907,0.81355031550979739,200,calibration_resampling_fixed_trained_models_threshold_and_evaluation_cohorts,0.80823646629026902
CodeBERT_unfrozen_s2027,stack,same_period,deployed_pooled_TPR_0.005,0.91507771504483559,0.00069671507765394131,0.91527731650614408,0.91311856526071078,0.91590833610096312,0.91318498837595485,0.91584191298571904,200,calibration_resampling_fixed_trained_models_threshold_and_evaluation_cohorts,0.91550979740949856
CodeBERT_unfrozen_s2027,stack,same_period,deployed_pooled_TPR_0.01,0.94356260378611756,0.00034991513439934827,0.94354035204251074,0.94247758219860511,0.94447027565592823,0.94280969777482559,0.94427100631019589,200,calibration_resampling_fixed_trained_models_threshold_and_evaluation_cohorts,0.94360677515775493
CodeBERT_unfrozen_s2027,stack,same_period,deployed_pooled_TPR_0.05,0.98314480239123214,7.4299863357474137e-05,0.98312852872799739,0.98299568249750913,0.98346064430421787,0.98299568249750913,0.98332779807372961,200,calibration_resampling_fixed_trained_models_threshold_and_evaluation_cohorts,0.98319495184324146
CodeBERT_unfrozen_s2027,stack,test,AP,0.99603170380837402,5.1624198127254018e-06,0.99603356560725809,0.99600843804975625,0.99603590187443558,0.99601771685727913,0.9960357975006755,200,calibration_resampling_fixed_trained_models_threshold_and_evaluation_cohorts,0.99603506956336219
CodeBERT_unfrozen_s2027,stack,test,Accuracy,0.96856283333333337,0.00010621015691353481,0.96856666666666669,0.96830000000000005,0.96883333333333332,0.96836666666666671,0.96879999999999999,200,calibration_resampling_fixed_trained_models_threshold_and_evaluation_cohorts,0.9684666666666667
CodeBERT_unfrozen_s2027,stack,test,Brier,0.023202094533962502,7.0915571736262495e-05,0.023193645564336857,0.023065385240725059,0.023446252903400609,0.023085661611650741,0.023365185865213627,200,calibration_resampling_fixed_trained_models_threshold_and_evaluation_cohorts,0.023172664588831018
CodeBERT_unfrozen_s2027,stack,test,ECE,0.0050102740181063397,0.00070879750747878539,0.004948868881518978,0.0032049794276459318,0.0070650036295477328,0.0036735840686000026,0.0066096471391401861,200,calibration_resampling_fixed_trained_models_threshold_and_evaluation_cohorts,0.0044724527272093847
CodeBERT_unfrozen_s2027,stack,test,F1,0.96858282047741251,0.00011649695034387707,0.96857190468255294,0.96831491436012151,0.96887794161701557,0.96838430236093898,0.96884781859508706,200,calibration_resampling_fixed_trained_models_threshold_and_evaluation_cohorts,0.96849187316813212
CodeBERT_unfrozen_s2027,stack,test,LogLoss,0.081858049423338297,0.00025061547511858812,0.081819741646881813,0.081424383355617802,0.082732008072678734,0.08146103503702265,0.082434363693454332,200,calibration_resampling_fixed_trained_models_threshold_and_evaluation_cohorts,0.081727705290882677
CodeBERT_unfrozen_s2027,stack,test,ROC_AUC,0.99576315255253123,4.7627130349568412e-06,0.99576537603872772,0.99574130225334212,0.99576686717783902,0.99575050142608235,0.99576678750967662,200,calibration_resampling_fixed_trained_models_threshold_and_evaluation_cohorts,0.99576660050616506
CodeBERT_unfrozen_s2027,stack,test,deployed_per_format_FPR_0.001,0.0017084030800133916,5.2416502610886437e-05,0.0016739203213927017,0.0015400066956812856,0.0018078339471041178,0.0016069635085369936,0.0018078339471041178,200,calibration_resampling_fixed_trained_models_threshold_and_evaluation_cohorts,0.0016739203213927017
CodeBERT_unfrozen_s2027,stack,test,deployed_per_format_FPR_0.005,0.0067104117843990625,0.00011275373995843096,0.0066956812855708068,0.0063608972212922665,0.0068295949112822229,0.0064278540341479746,0.0068295949112822229,200,calibration_resampling_fixed_trained_models_threshold_and_evaluation_cohorts,0.0067626380984265148
CodeBERT_unfrozen_s2027,stack,test,deployed_per_format_FPR_0.01,0.011235687981252095,8.7184153662743063e-05,0.011248744559758956,0.01111483093404754,0.011650485436893204,0.01111483093404754,0.011451288918647473,200,calibration_resampling_fixed_trained_models_threshold_and_evaluation_cohorts,0.011181787746903248
CodeBERT_unfrozen_s2027,stack,test,deployed_per_format_FPR_0.05,0.050763977234683628,0.00021899985426487842,0.050753264144626713,0.050351523267492468,0.051422832273183797,0.050418480080348174,0.051288918647472377,200,calibration_resampling_fixed_trained_models_threshold_and_evaluation_cohorts,0.050887177770338132
CodeBERT_unfrozen_s2027,stack,test,deployed_per_format_TPR_0.001,0.80316727514105535,0.000741987207894283,0.80305343511450378,0.80026551609691332,0.8047792897444408,0.80212412877530703,0.80451377364752741,200,calibration_resampling_fixed_trained_models_threshold_and_evaluation_cohorts,0.80305343511450378
CodeBERT_unfrozen_s2027,stack,test,deployed_per_format_TPR_0.005,0.90680916030534353,0.00051289174145983062,0.90693660803186193,0.90554264852306676,0.90753401924991706,0.90567540657152334,0.90746764022568871,200,calibration_resampling_fixed_trained_models_threshold_and_evaluation_cohorts,0.90673747095917689
CodeBERT_unfrozen_s2027,stack,test,deployed_per_format_TPR_0.01,0.93526252904082308,0.0004540102291255089,0.93501493528045143,0.93435114503816796,0.93614337869233322,0.93468138068370399,0.93601062064387652,200,calibration_resampling_fixed_trained_models_threshold_and_evaluation_cohorts,0.93501493528045143
CodeBERT_unfrozen_s2027,stack,test,deployed_per_format_TPR_0.05,0.98227547295054762,7.2274767881181688e-05,0.98227680053103217,0.98201128443411878,0.98234317955526052,0.98214404248257547,0.98234317955526052,200,calibration_resampling_fixed_trained_models_threshold_and_evaluation_cohorts,0.98234317955526052
CodeBERT_unfrozen_s2027,stack,test,deployed_pooled_FPR_0.001,0.0016856377636424505,3.6419476168375154e-05,0.0016739203213927017,0.0016739203213927017,0.0018078339471041178,0.0016739203213927017,0.0018078339471041178,200,calibration_resampling_fixed_trained_models_threshold_and_evaluation_cohorts,0.0016739203213927017
CodeBERT_unfrozen_s2027,stack,test,deployed_pooled_FPR_0.005,0.0060582524271844658,7.3825113234157597e-05,0.0060930699698694343,0.0058252427184466021,0.0062269835955808504,0.0058921995313023102,0.0062269835955808504,200,calibration_resampling_fixed_trained_models_threshold_and_evaluation_cohorts,0.0060930699698694343
CodeBERT_unfrozen_s2027,stack,test,deployed_pooled_FPR_0.01,0.012073317710077001,0.00011481633901270449,0.012052226314027453,0.011717442249748912,0.012387010378305993,0.01178439906260462,0.012253096752594577,200,calibration_resampling_fixed_trained_models_threshold_and_evaluation_cohorts,0.012186139939738869
CodeBERT_unfrozen_s2027,stack,test,deployed_pooled_FPR_0.05,0.04903783059926347,0.00052122596644778448,0.049012387010378307,0.048141948443254104,0.050418480080348174,0.04820890525610981,0.050351523267492468,200,calibration_resampling_fixed_trained_models_threshold_and_evaluation_cohorts,0.049146300636089719
CodeBERT_unfrozen_s2027,stack,test,deployed_pooled_TPR_0.001,0.80168005310321944,0.0023133319775434694,0.80126120146033852,0.79820776634583468,0.80736807168934621,0.7986707600398274,0.80683869897112515,200,calibration_resampling_fixed_trained_models_threshold_and_evaluation_cohorts,0.80126120146033852
CodeBERT_unfrozen_s2027,stack,test,deployed_pooled_TPR_0.005,0.90485662130766686,0.00057268962283485523,0.9047461002323266,0.90321938267507462,0.90600730169266508,0.90368237636906734,0.90580982409558575,200,calibration_resampling_fixed_trained_models_threshold_and_evaluation_cohorts,0.90461334218386991
CodeBERT_unfrozen_s2027,stack,test,deployed_pooled_TPR_0.01,0.93417490872884168,0.0007053079078408863,0.93448390308662466,0.93202787919017593,0.93508131430467967,0.93222535678725527,0.93508131430467967,200,calibration_resampling_fixed_trained_models_threshold_and_evaluation_cohorts,0.934550282110853
CodeBERT_unfrozen_s2027,stack,test,deployed_pooled_TPR_0.05,0.98191901759044142,0.00012029669693434834,0.98194490540989043,0.98174576833720539,0.98207766345834713,0.98174576833720539,0.98207766345834713,200,calibration_resampling_fixed_trained_models_threshold_and_evaluation_cohorts,0.98207766345834713
CodeBERT_unfrozen_s2027,temperature,same_period,AP,0.98463479196364634,0,0.98463479196364634,0.98463479196364634,0.98463479196364634,0.98463479196364634,0.98463479196364634,200,calibration_resampling_fixed_trained_models_threshold_and_evaluation_cohorts,0.98463479196364634
CodeBERT_unfrozen_s2027,temperature,same_period,Accuracy,0.93913333333333338,0,0.93913333333333338,0.93913333333333338,0.93913333333333338,0.93913333333333338,0.93913333333333338,200,calibration_resampling_fixed_trained_models_threshold_and_evaluation_cohorts,0.93913333333333338
CodeBERT_unfrozen_s2027,temperature,same_period,Brier,0.049747182391289065,7.566981982528864e-05,0.049741096071849733,0.04958625288726555,0.050019323625576186,0.049621768754673605,0.049910632700969813,200,calibration_resampling_fixed_trained_models_threshold_and_evaluation_cohorts,0.049741293102890737
CodeBERT_unfrozen_s2027,temperature,same_period,ECE,0.029004642556464115,0.0019648032008267461,0.028980239923644492,0.023626265919940413,0.034443383687100829,0.02541621545388504,0.032708253474992996,200,calibration_resampling_fixed_trained_models_threshold_and_evaluation_cohorts,0.028982489507880262
CodeBERT_unfrozen_s2027,temperature,same_period,F1,0.93896242813210318,0,0.93896242813210318,0.93896242813210318,0.93896242813210318,0.93896242813210318,0.93896242813210318,200,calibration_resampling_fixed_trained_models_threshold_and_evaluation_cohorts,0.93896242813210318
CodeBERT_unfrozen_s2027,temperature,same_period,LogLoss,0.18247285479479194,4.6489064391956978e-05,0.1824506939203358,0.18243843704978449,0.18269940629104639,0.18243844258739136,0.18260692040519533,200,calibration_resampling_fixed_trained_models_threshold_and_evaluation_cohorts,0.18244337092611193
CodeBERT_unfrozen_s2027,temperature,same_period,ROC_AUC,0.98354107427444304,0,0.98354107427444304,0.98354107427444304,0.98354107427444304,0.98354107427444304,0.98354107427444304,200,calibration_resampling_fixed_trained_models_threshold_and_evaluation_cohorts,0.98354107427444304
CodeBERT_unfrozen_s2027,temperature,same_period,deployed_per_format_FPR_0.001,0.0010036801605888257,0,0.0010036801605888257,0.0010036801605888257,0.0010036801605888257,0.0010036801605888257,0.0010036801605888257,200,calibration_resampling_fixed_trained_models_threshold_and_evaluation_cohorts,0.0010036801605888257
CodeBERT_unfrozen_s2027,temperature,same_period,deployed_per_format_FPR_0.005,0.0045500167280026768,0,0.0045500167280026768,0.0045500167280026768,0.0045500167280026768,0.0045500167280026768,0.0045500167280026768,200,calibration_resampling_fixed_trained_models_threshold_and_evaluation_cohorts,0.0045500167280026768
CodeBERT_unfrozen_s2027,temperature,same_period,deployed_per_format_FPR_0.01,0.0092338574774171959,0,0.0092338574774171959,0.0092338574774171959,0.0092338574774171959,0.0092338574774171959,0.0092338574774171959,200,calibration_resampling_fixed_trained_models_threshold_and_evaluation_cohorts,0.0092338574774171959
CodeBERT_unfrozen_s2027,temperature,same_period,deployed_per_format_FPR_0.05,0.050853128136500503,0,0.050853128136500503,0.050853128136500503,0.050853128136500503,0.050853128136500503,0.050853128136500503,200,calibration_resampling_fixed_trained_models_threshold_and_evaluation_cohorts,0.050853128136500503
CodeBERT_unfrozen_s2027,temperature,same_period,deployed_per_format_TPR_0.001,0.51072733311192298,0,0.51072733311192298,0.51072733311192298,0.51072733311192298,0.51072733311192298,0.51072733311192298,200,calibration_resampling_fixed_trained_models_threshold_and_evaluation_cohorts,0.51072733311192298
CodeBERT_unfrozen_s2027,temperature,same_period,deployed_per_format_TPR_0.005,0.70826967784789108,0,0.70826967784789108,0.70826967784789108,0.70826967784789108,0.70826967784789108,0.70826967784789108,200,calibration_resampling_fixed_trained_models_threshold_and_evaluation_cohorts,0.70826967784789108
CodeBERT_unfrozen_s2027,temperature,same_period,deployed_per_format_TPR_0.01,0.78472268349385588,0,0.78472268349385588,0.78472268349385588,0.78472268349385588,0.78472268349385588,0.78472268349385588,200,calibration_resampling_fixed_trained_models_threshold_and_evaluation_cohorts,0.78472268349385588
CodeBERT_unfrozen_s2027,temperature,same_period,deployed_per_format_TPR_0.05,0.92580538027233472,0,0.92580538027233472,0.92580538027233472,0.92580538027233472,0.92580538027233472,0.92580538027233472,200,calibration_resampling_fixed_trained_models_threshold_and_evaluation_cohorts,0.92580538027233472
CodeBERT_unfrozen_s2027,temperature,same_period,deployed_pooled_FPR_0.001,0.0010705921712947475,0,0.0010705921712947475,0.0010705921712947475,0.0010705921712947475,0.0010705921712947475,0.0010705921712947475,200,calibration_resampling_fixed_trained_models_threshold_and_evaluation_cohorts,0.0010705921712947475
CodeBERT_unfrozen_s2027,temperature,same_period,deployed_pooled_FPR_0.005,0.004817664770826363,0,0.004817664770826363,0.004817664770826363,0.004817664770826363,0.004817664770826363,0.004817664770826363,200,calibration_resampling_fixed_trained_models_threshold_and_evaluation_cohorts,0.004817664770826363
CodeBERT_unfrozen_s2027,temperature,same_period,deployed_pooled_FPR_0.01,0.0090331214452994309,0,0.0090331214452994309,0.0090331214452994309,0.0090331214452994309,0.0090331214452994309,0.0090331214452994309,200,calibration_resampling_fixed_trained_models_threshold_and_evaluation_cohorts,0.0090331214452994309
CodeBERT_unfrozen_s2027,temperature,same_period,deployed_pooled_FPR_0.05,0.050184008029441285,0,0.050184008029441285,0.050184008029441285,0.050184008029441285,0.050184008029441285,0.050184008029441285,200,calibration_resampling_fixed_trained_models_threshold_and_evaluation_cohorts,0.050184008029441285
CodeBERT_unfrozen_s2027,temperature,same_period,deployed_pooled_TPR_0.001,0.49584855529724342,0,0.49584855529724342,0.49584855529724342,0.49584855529724342,0.49584855529724342,0.49584855529724342,200,calibration_resampling_fixed_trained_models_threshold_and_evaluation_cohorts,0.49584855529724342
CodeBERT_unfrozen_s2027,temperature,same_period,deployed_pooled_TPR_0.005,0.69936898040518103,0,0.69936898040518103,0.69936898040518103,0.69936898040518103,0.69936898040518103,0.69936898040518103,200,calibration_resampling_fixed_trained_models_threshold_and_evaluation_cohorts,0.69936898040518103
CodeBERT_unfrozen_s2027,temperature,same_period,deployed_pooled_TPR_0.01,0.78306210561275325,0,0.78306210561275325,0.78306210561275325,0.78306210561275325,0.78306210561275325,0.78306210561275325,200,calibration_resampling_fixed_trained_models_threshold_and_evaluation_cohorts,0.78306210561275325
CodeBERT_unfrozen_s2027,temperature,same_period,deployed_pooled_TPR_0.05,0.92726668880770513,0,0.92726668880770513,0.92726668880770513,0.92726668880770513,0.92726668880770513,0.92726668880770513,200,calibration_resampling_fixed_trained_models_threshold_and_evaluation_cohorts,0.92726668880770513
CodeBERT_unfrozen_s2027,temperature,test,AP,0.97905389961097422,0,0.97905389961097433,0.97905389961097433,0.97905389961097433,0.97905389961097433,0.97905389961097433,200,calibration_resampling_fixed_trained_models_threshold_and_evaluation_cohorts,0.97905389961097433
CodeBERT_unfrozen_s2027,temperature,test,Accuracy,0.9224,0,0.9224,0.9224,0.9224,0.9224,0.9224,200,calibration_resampling_fixed_trained_models_threshold_and_evaluation_cohorts,0.9224
CodeBERT_unfrozen_s2027,temperature,test,Brier,0.063459393063977562,0.00014083022064544421,0.063450625246306291,0.063146517325577481,0.063943886948667636,0.063219291173760586,0.063756690949848788,200,calibration_resampling_fixed_trained_models_threshold_and_evaluation_cohorts,0.063450994031479246
CodeBERT_unfrozen_s2027,temperature,test,ECE,0.038649775045241655,0.0018616483088373153,0.038974752090788448,0.032961916458458973,0.042961996670689985,0.034192074977757961,0.041630275040027601,200,calibration_resampling_fixed_trained_models_threshold_and_evaluation_cohorts,0.038976858022874483
CodeBERT_unfrozen_s2027,temperature,test,F1,0.92059485640221028,0,0.92059485640221028,0.92059485640221028,0.92059485640221028,0.92059485640221028,0.92059485640221028,200,calibration_resampling_fixed_trained_models_threshold_and_evaluation_cohorts,0.92059485640221028
CodeBERT_unfrozen_s2027,temperature,test,LogLoss,0.2226746409000821,0.00040258217305252616,0.22262426776873495,0.2219116383271261,0.22428935544931464,0.22205658467385961,0.22359154028565231,200,calibration_resampling_fixed_trained_models_threshold_and_evaluation_cohorts,0.22262529248468715
CodeBERT_unfrozen_s2027,temperature,test,ROC_AUC,0.97915491524229736,0,0.97915491524229736,0.97915491524229736,0.97915491524229736,0.97915491524229736,0.97915491524229736,200,calibration_resampling_fixed_trained_models_threshold_and_evaluation_cohorts,0.97915491524229736
CodeBERT_unfrozen_s2027,temperature,test,deployed_per_format_FPR_0.001,0.0016069635085369939,0,0.0016069635085369936,0.0016069635085369936,0.0016069635085369936,0.0016069635085369936,0.0016069635085369936,200,calibration_resampling_fixed_trained_models_threshold_and_evaluation_cohorts,0.0016069635085369936
CodeBERT_unfrozen_s2027,temperature,test,deployed_per_format_FPR_0.005,0.0058921995313023102,0,0.0058921995313023102,0.0058921995313023102,0.0058921995313023102,0.0058921995313023102,0.0058921995313023102,200,calibration_resampling_fixed_trained_models_threshold_and_evaluation_cohorts,0.0058921995313023102
CodeBERT_unfrozen_s2027,temperature,test,deployed_per_format_FPR_0.01,0.0097756946769333771,0,0.0097756946769333771,0.0097756946769333771,0.0097756946769333771,0.0097756946769333771,0.0097756946769333771,200,calibration_resampling_fixed_trained_models_threshold_and_evaluation_cohorts,0.0097756946769333771
CodeBERT_unfrozen_s2027,temperature,test,deployed_per_format_FPR_0.05,0.047405423501841314,0,0.047405423501841314,0.047405423501841314,0.047405423501841314,0.047405423501841314,0.047405423501841314,200,calibration_resampling_fixed_trained_models_threshold_and_evaluation_cohorts,0.047405423501841314
CodeBERT_unfrozen_s2027,temperature,test,deployed_per_format_TPR_0.001,0.43703949551941584,0,0.43703949551941584,0.43703949551941584,0.43703949551941584,0.43703949551941584,0.43703949551941584,200,calibration_resampling_fixed_trained_models_threshold_and_evaluation_cohorts,0.43703949551941584
CodeBERT_unfrozen_s2027,temperature,test,deployed_per_format_TPR_0.005,0.60962495851310983,0,0.60962495851310983,0.60962495851310983,0.60962495851310983,0.60962495851310983,0.60962495851310983,200,calibration_resampling_fixed_trained_models_threshold_and_evaluation_cohorts,0.60962495851310983
CodeBERT_unfrozen_s2027,temperature,test,deployed_per_format_TPR_0.01,0.69120477928974433,0,0.69120477928974444,0.69120477928974444,0.69120477928974444,0.69120477928974444,0.69120477928974444,200,calibration_resampling_fixed_trained_models_threshold_and_evaluation_cohorts,0.69120477928974444
CodeBERT_unfrozen_s2027,temperature,test,deployed_per_format_TPR_0.05,0.8922004646531696,0,0.8922004646531696,0.8922004646531696,0.8922004646531696,0.8922004646531696,0.8922004646531696,200,calibration_resampling_fixed_trained_models_threshold_and_evaluation_cohorts,0.8922004646531696
CodeBERT_unfrozen_s2027,temperature,test,deployed_pooled_FPR_0.001,0.0014060930699698695,0,0.0014060930699698695,0.0014060930699698695,0.0014060930699698695,0.0014060930699698695,0.0014060930699698695,200,calibration_resampling_fixed_trained_models_threshold_and_evaluation_cohorts,0.0014060930699698695
CodeBERT_unfrozen_s2027,temperature,test,deployed_pooled_FPR_0.005,0.0058921995313023102,0,0.0058921995313023102,0.0058921995313023102,0.0058921995313023102,0.0058921995313023102,0.0058921995313023102,200,calibration_resampling_fixed_trained_models_threshold_and_evaluation_cohorts,0.0058921995313023102
CodeBERT_unfrozen_s2027,temperature,test,deployed_pooled_FPR_0.01,0.0099096083026447949,0,0.0099096083026447949,0.0099096083026447949,0.0099096083026447949,0.0099096083026447949,0.0099096083026447949,200,calibration_resampling_fixed_trained_models_threshold_and_evaluation_cohorts,0.0099096083026447949
CodeBERT_unfrozen_s2027,temperature,test,deployed_pooled_FPR_0.05,0.047539337127552726,0,0.047539337127552726,0.047539337127552726,0.047539337127552726,0.047539337127552726,0.047539337127552726,200,calibration_resampling_fixed_trained_models_threshold_and_evaluation_cohorts,0.047539337127552726
CodeBERT_unfrozen_s2027,temperature,test,deployed_pooled_TPR_0.001,0.41028874875539328,0,0.41028874875539328,0.41028874875539328,0.41028874875539328,0.41028874875539328,0.41028874875539328,200,calibration_resampling_fixed_trained_models_threshold_and_evaluation_cohorts,0.41028874875539328
CodeBERT_unfrozen_s2027,temperature,test,deployed_pooled_TPR_0.005,0.60073016926651179,0,0.60073016926651179,0.60073016926651179,0.60073016926651179,0.60073016926651179,0.60073016926651179,200,calibration_resampling_fixed_trained_models_threshold_and_evaluation_cohorts,0.60073016926651179
CodeBERT_unfrozen_s2027,temperature,test,deployed_pooled_TPR_0.01,0.68755393295718548,0,0.68755393295718548,0.68755393295718548,0.68755393295718548,0.68755393295718548,0.68755393295718548,200,calibration_resampling_fixed_trained_models_threshold_and_evaluation_cohorts,0.68755393295718548
CodeBERT_unfrozen_s2027,temperature,test,deployed_pooled_TPR_0.05,0.88383670760039823,0,0.88383670760039823,0.88383670760039823,0.88383670760039823,0.88383670760039823,0.88383670760039823,200,calibration_resampling_fixed_trained_models_threshold_and_evaluation_cohorts,0.88383670760039823
CodeBERT_unfrozen_s2028,format_platt,same_period,AP,0.98244724188221899,0.00030353354772201215,0.98248430497745054,0.98155220737963922,0.98321110761406205,0.98178985739859781,0.98299882165250196,200,calibration_resampling_fixed_trained_models_threshold_and_evaluation_cohorts,0.9825721933824918
CodeBERT_unfrozen_s2028,format_platt,same_period,Accuracy,0.93797683333333326,5.6235675016971531e-05,0.93799999999999994,0.93769999999999998,0.93810000000000004,0.9378333333333333,0.93806666666666672,200,calibration_resampling_fixed_trained_models_threshold_and_evaluation_cohorts,0.93806666666666672
CodeBERT_unfrozen_s2028,format_platt,same_period,Brier,0.050094059526134244,8.6446048599827944e-05,0.050094778637143886,0.049881761953886161,0.050307667914682788,0.049915859348224942,0.050249259367975987,200,calibration_resampling_fixed_trained_models_threshold_and_evaluation_cohorts,0.050063188225951454
CodeBERT_unfrozen_s2028,format_platt,same_period,ECE,0.022678035313333126,0.001649070714347702,0.022647973232745332,0.018811430015985089,0.026938753394513806,0.019415079094740086,0.026324067882907892,200,calibration_resampling_fixed_trained_models_threshold_and_evaluation_cohorts,0.022365201630576405
CodeBERT_unfrozen_s2028,format_platt,same_period,F1,0.93800554507086598,5.4154329663495751e-05,0.93801005962492923,0.93774772674283047,0.93813093453273366,0.93787268063559748,0.93808492922564535,200,calibration_resampling_fixed_trained_models_threshold_and_evaluation_cohorts,0.93810380438403629
CodeBERT_unfrozen_s2028,format_platt,same_period,LogLoss,0.18168656941254444,0.00020246752655197367,0.18167581563052532,0.18131626054233577,0.18230297742186952,0.18136564117394849,0.18207760158932335,200,calibration_resampling_fixed_trained_models_threshold_and_evaluation_cohorts,0.18150292117372566
CodeBERT_unfrozen_s2028,format_platt,same_period,ROC_AUC,0.98125297157884006,0.00036702687174281222,0.98124657231502765,0.98000201113814966,0.98215990681652499,0.9805657968290461,0.98192270340523458,200,calibration_resampling_fixed_trained_models_threshold_and_evaluation_cohorts,0.98129903302033283
CodeBERT_unfrozen_s2028,format_platt,same_period,deployed_per_format_FPR_0.001,0.00066912010705921722,0,0.00066912010705921711,0.00066912010705921711,0.00066912010705921711,0.00066912010705921711,0.00066912010705921711,200,calibration_resampling_fixed_trained_models_threshold_and_evaluation_cohorts,0.00066912010705921711
CodeBERT_unfrozen_s2028,format_platt,same_period,deployed_per_format_FPR_0.005,0.0052860488457678149,0,0.0052860488457678149,0.0052860488457678149,0.0052860488457678149,0.0052860488457678149,0.0052860488457678149,200,calibration_resampling_fixed_trained_models_threshold_and_evaluation_cohorts,0.0052860488457678149
CodeBERT_unfrozen_s2028,format_platt,same_period,deployed_per_format_FPR_0.01,0.0088992974238875887,0,0.0088992974238875887,0.0088992974238875887,0.0088992974238875887,0.0088992974238875887,0.0088992974238875887,200,calibration_resampling_fixed_trained_models_threshold_and_evaluation_cohorts,0.0088992974238875887
CodeBERT_unfrozen_s2028,format_platt,same_period,deployed_per_format_FPR_0.05,0.050451656072264962,0,0.050451656072264969,0.050451656072264969,0.050451656072264969,0.050451656072264969,0.050451656072264969,200,calibration_resampling_fixed_trained_models_threshold_and_evaluation_cohorts,0.050451656072264969
CodeBERT_unfrozen_s2028,format_platt,same_period,deployed_per_format_TPR_0.001,0.46914646296911328,0,0.46914646296911328,0.46914646296911328,0.46914646296911328,0.46914646296911328,0.46914646296911328,200,calibration_resampling_fixed_trained_models_threshold_and_evaluation_cohorts,0.46914646296911328
CodeBERT_unfrozen_s2028,format_platt,same_period,deployed_per_format_TPR_0.005,0.69850547990700762,0,0.69850547990700762,0.69850547990700762,0.69850547990700762,0.69850547990700762,0.69850547990700762,200,calibration_resampling_fixed_trained_models_threshold_and_evaluation_cohorts,0.69850547990700762
CodeBERT_unfrozen_s2028,format_platt,same_period,deployed_per_format_TPR_0.01,0.77316506144138164,0,0.77316506144138164,0.77316506144138164,0.77316506144138164,0.77316506144138164,0.77316506144138164,200,calibration_resampling_fixed_trained_models_threshold_and_evaluation_cohorts,0.77316506144138164
CodeBERT_unfrozen_s2028,format_platt,same_period,deployed_per_format_TPR_0.05,0.92334772500830287,0,0.92334772500830287,0.92334772500830287,0.92334772500830287,0.92334772500830287,0.92334772500830287,200,calibration_resampling_fixed_trained_models_threshold_and_evaluation_cohorts,0.92334772500830287
CodeBERT_unfrozen_s2028,format_platt,same_period,deployed_pooled_FPR_0.001,0.00085379725660756104,7.0110551925468373e-05,0.00086985613917698224,0.00066912010705921711,0.0010705921712947475,0.00073603211776513886,0.0010036801605888257,200,calibration_resampling_fixed_trained_models_threshold_and_evaluation_cohorts,0.00073603211776513886
CodeBERT_unfrozen_s2028,format_platt,same_period,deployed_pooled_FPR_0.005,0.0051649381063900964,0.00030359797028935571,0.0052860488457678149,0.004148544663767146,0.0058213449314151889,0.0042823686851789899,0.0054215456674473073,200,calibration_resampling_fixed_trained_models_threshold_and_evaluation_cohorts,0.0053529608564737369
CodeBERT_unfrozen_s2028,format_platt,same_period,deployed_pooled_FPR_0.01,0.0093322181331549018,0.00021662868135486498,0.0093007694881231187,0.0088323854131816659,0.010304449648711944,0.0090314486450317824,0.0098360655737704927,200,calibration_resampling_fixed_trained_models_threshold_and_evaluation_cohorts,0.0091669454667112748
CodeBERT_unfrozen_s2028,format_platt,same_period,deployed_pooled_FPR_0.05,0.050247239879558377,0.00018001900004755713,0.050317832050853127,0.049782535965205751,0.050652392104382736,0.049849447975911676,0.050518568082970894,200,calibration_resampling_fixed_trained_models_threshold_and_evaluation_cohorts,0.050184008029441285
CodeBERT_unfrozen_s2028,format_platt,same_period,deployed_pooled_TPR_0.001,0.29989405513118567,0.073230398189015278,0.31345068083693123,0.20205911657256725,0.39016937894387249,0.20205911657256725,0.38917469279309197,200,calibration_resampling_fixed_trained_models_threshold_and_evaluation_cohorts,0.3123879109930256
CodeBERT_unfrozen_s2028,format_platt,same_period,deployed_pooled_TPR_0.005,0.68836499501826642,0.0303905839951038,0.69727665227499169,0.50674194619727664,0.70581202258385922,0.6141331783460644,0.70376453005645967,200,calibration_resampling_fixed_trained_models_threshold_and_evaluation_cohorts,0.70308867485885085
CodeBERT_unfrozen_s2028,format_platt,same_period,deployed_pooled_TPR_0.01,0.76920358684822321,0.0042539262300047859,0.76971105944868812,0.75423447359681173,0.77754898704749253,0.75713052142145465,0.77648787778146799,200,calibration_resampling_fixed_trained_models_threshold_and_evaluation_cohorts,0.76964463633344404
CodeBERT_unfrozen_s2028,format_platt,same_period,deployed_pooled_TPR_0.05,0.9207608767851212,0.00029974268092862314,0.9206243772832946,0.9203586848223182,0.92181999335768849,0.92042510793756227,0.92155430089671209,200,calibration_resampling_fixed_trained_models_threshold_and_evaluation_cohorts,0.92042510793756227
CodeBERT_unfrozen_s2028,format_platt,test,AP,0.97864224532649091,0.00047912354442973223,0.9786735576382215,0.97723140760992599,0.97967552841261651,0.9776058608469993,0.97947614992424781,200,calibration_resampling_fixed_trained_models_threshold_and_evaluation_cohorts,0.97867526249559234
CodeBERT_unfrozen_s2028,format_platt,test,Accuracy,0.93026149999999996,0.00021248306005326557,0.93026666666666669,0.92969999999999997,0.93093333333333328,0.92986583333333328,0.93063416666666665,200,calibration_resampling_fixed_trained_models_threshold_and_evaluation_cohorts,0.93026666666666669
CodeBERT_unfrozen_s2028,format_platt,test,Brier,0.055742634517744083,0.00018903761298779686,0.05574200254350406,0.055284396398174625,0.056377957053116906,0.055398258375020014,0.056154187835262034,200,calibration_resampling_fixed_trained_models_threshold_and_evaluation_cohorts,0.05571701572424604
CodeBERT_unfrozen_s2028,format_platt,test,ECE,0.027564789416340503,0.0017500222813737454,0.027401610846504783,0.02386072382439567,0.031512260983100539,0.024602339251960755,0.031222145462929733,200,calibration_resampling_fixed_trained_models_threshold_and_evaluation_cohorts,0.027333028479323014
CodeBERT_unfrozen_s2028,format_platt,test,F1,0.92930592711632587,0.0002461347077264938,0.92932056517795014,0.92866082603254063,0.93010861499021791,0.92883181905958834,0.92974876194105038,200,calibration_resampling_fixed_trained_models_threshold_and_evaluation_cohorts,0.92930521762638552
CodeBERT_unfrozen_s2028,format_platt,test,LogLoss,0.19852483412361374,0.00061888402190604219,0.19848302634635356,0.19713022267039779,0.20072446586616013,0.19744755753423929,0.19994519167055322,200,calibration_resampling_fixed_trained_models_threshold_and_evaluation_cohorts,0.19833746725675311
CodeBERT_unfrozen_s2028,format_platt,test,ROC_AUC,0.97950564922830208,0.00053818330375433703,0.97950700185370154,0.97762866436047524,0.98069534861265717,0.97842953362124252,0.9805288587085691,200,calibration_resampling_fixed_trained_models_threshold_and_evaluation_cohorts,0.97950495737086618
CodeBERT_unfrozen_s2028,format_platt,test,deployed_per_format_FPR_0.001,0.0016739203213927017,0,0.0016739203213927017,0.0016739203213927017,0.0016739203213927017,0.0016739203213927017,0.0016739203213927017,200,calibration_resampling_fixed_trained_models_threshold_and_evaluation_cohorts,0.0016739203213927017
CodeBERT_unfrozen_s2028,format_platt,test,deployed_per_format_FPR_0.005,0.0060261131570137263,0,0.0060261131570137263,0.0060261131570137263,0.0060261131570137263,0.0060261131570137263,0.0060261131570137263,200,calibration_resampling_fixed_trained_models_threshold_and_evaluation_cohorts,0.0060261131570137263
CodeBERT_unfrozen_s2028,format_platt,test,deployed_per_format_FPR_0.01,0.0097087378640776691,0,0.0097087378640776691,0.0097087378640776691,0.0097087378640776691,0.0097087378640776691,0.0097087378640776691,200,calibration_resampling_fixed_trained_models_threshold_and_evaluation_cohorts,0.0097087378640776691
CodeBERT_unfrozen_s2028,format_platt,test,deployed_per_format_FPR_0.05,0.046401071309005691,0,0.046401071309005691,0.046401071309005691,0.046401071309005691,0.046401071309005691,0.046401071309005691,200,calibration_resampling_fixed_trained_models_threshold_and_evaluation_cohorts,0.046401071309005691
CodeBERT_unfrozen_s2028,format_platt,test,deployed_per_format_TPR_0.001,0.42602057749751077,0,0.42602057749751077,0.42602057749751077,0.42602057749751077,0.42602057749751077,0.42602057749751077,200,calibration_resampling_fixed_trained_models_threshold_and_evaluation_cohorts,0.42602057749751077
CodeBERT_unfrozen_s2028,format_platt,test,deployed_per_format_TPR_0.005,0.62588781944905414,0,0.62588781944905414,0.62588781944905414,0.62588781944905414,0.62588781944905414,0.62588781944905414,200,calibration_resampling_fixed_trained_models_threshold_and_evaluation_cohorts,0.62588781944905414
CodeBERT_unfrozen_s2028,format_platt,test,deployed_per_format_TPR_0.01,0.71410554264852311,0,0.71410554264852311,0.71410554264852311,0.71410554264852311,0.71410554264852311,0.71410554264852311,200,calibration_resampling_fixed_trained_models_threshold_and_evaluation_cohorts,0.71410554264852311
CodeBERT_unfrozen_s2028,format_platt,test,deployed_per_format_TPR_0.05,0.89917026219714569,0,0.89917026219714569,0.89917026219714569,0.89917026219714569,0.89917026219714569,0.89917026219714569,200,calibration_resampling_fixed_trained_models_threshold_and_evaluation_cohorts,0.89917026219714569
CodeBERT_unfrozen_s2028,format_platt,test,deployed_pooled_FPR_0.001,0.0020405088717777033,0.00015393958148668979,0.00207566119852695,0.001004352192835621,0.0022095748242383661,0.0016069635085369936,0.0022095748242383661,200,calibration_resampling_fixed_trained_models_threshold_and_evaluation_cohorts,0.0020087043856712419
CodeBERT_unfrozen_s2028,format_platt,test,deployed_pooled_FPR_0.005,0.0058992299966521599,0.00027516249966124577,0.0059591563441580182,0.0050217609641781055,0.0064948108470036826,0.0053565450284566458,0.0063608972212922665,200,calibration_resampling_fixed_trained_models_threshold_and_evaluation_cohorts,0.0061600267827251424
CodeBERT_unfrozen_s2028,format_platt,test,deployed_pooled_FPR_0.01,0.0099440910612654844,0.00018098547315018018,0.0099096083026447949,0.0095078674255105449,0.010445262805490459,0.009641781051221961,0.010311349179779043,200,calibration_resampling_fixed_trained_models_threshold_and_evaluation_cohorts,0.010043521928356211
CodeBERT_unfrozen_s2028,format_platt,test,deployed_pooled_FPR_0.05,0.046009373953799802,0.00019206971377553375,0.046032808838299299,0.045664546367592901,0.046401071309005691,0.045664546367592901,0.046335788416471381,200,calibration_resampling_fixed_trained_models_threshold_and_evaluation_cohorts,0.045932373619015733
CodeBERT_unfrozen_s2028,format_platt,test,deployed_pooled_TPR_0.001,0.28097112512446065,0.047687616554873823,0.29346166611350816,0.21148357119150349,0.33680716893461665,0.21812147361433787,0.33574676402256887,200,calibration_resampling_fixed_trained_models_threshold_and_evaluation_cohorts,0.29233322270162626
CodeBERT_unfrozen_s2028,format_platt,test,deployed_pooled_TPR_0.005,0.62084699634915363,0.026691488308647208,0.62658479920345167,0.45781613010288746,0.63936276136740788,0.57370063060073018,0.63711417192167275,200,calibration_resampling_fixed_trained_models_threshold_and_evaluation_cohorts,0.63352140723531369
CodeBERT_unfrozen_s2028,format_platt,test,deployed_pooled_TPR_0.01,0.715384002655161,0.0016689847916811756,0.71530036508463324,0.70600730169266512,0.7190839694656489,0.71216561566544967,0.71835877862595421,200,calibration_resampling_fixed_trained_models_threshold_and_evaluation_cohorts,0.71463657484234977
CodeBERT_unfrozen_s2028,format_platt,test,deployed_pooled_TPR_0.05,0.897288084965151,0.00040378963865557861,0.89737802854298043,0.89624958513109854,0.89797543976103555,0.89651344175240621,0.89790906073680721,200,calibration_resampling_fixed_trained_models_threshold_and_evaluation_cohorts,0.89697975439761035
CodeBERT_unfrozen_s2028,fusion_AP,same_period,AP,0.99628535573165711,2.7524460120594047e-05,0.99626743608029567,0.99626743608029567,0.99632941897003646,0.99626743608029567,0.99632941897003646,200,calibration_resampling_fixed_trained_models_threshold_and_evaluation_cohorts,0.99626743608029567
CodeBERT_unfrozen_s2028,fusion_AP,same_period,Accuracy,0.97254850000000004,7.4557881688947463e-05,0.97250000000000003,0.97250000000000003,0.97270000000000001,0.97250000000000003,0.97266666666666668,200,calibration_resampling_fixed_trained_models_threshold_and_evaluation_cohorts,0.97250000000000003
CodeBERT_unfrozen_s2028,fusion_AP,same_period,Brier,0.022015287289940365,4.5170366423561913e-05,0.022042397235661104,0.021791229723949628,0.022042397235661104,0.021900315816454605,0.022042397235661104,200,calibration_resampling_fixed_trained_models_threshold_and_evaluation_cohorts,0.022042397235661104
CodeBERT_unfrozen_s2028,fusion_AP,same_period,ECE,0.012097651909306919,0.0003639849733996168,0.012313381697618562,0.010214923907774559,0.012313381697618562,0.011158485227869757,0.012313381697618562,200,calibration_resampling_fixed_trained_models_threshold_and_evaluation_cohorts,0.012313381697618562
CodeBERT_unfrozen_s2028,fusion_AP,same_period,F1,0.97254923742116406,7.4248887960797188e-05,0.97250091663611216,0.97250091663611216,0.97270272972702732,0.97250091663611216,0.97266666666666668,200,calibration_resampling_fixed_trained_models_threshold_and_evaluation_cohorts,0.97250091663611216
CodeBERT_unfrozen_s2028,fusion_AP,same_period,LogLoss,0.086283624815350776,0.0010301311124412983,0.086949544475327697,0.083144722629956994,0.086949544475327697,0.084093916872132413,0.086949544475327697,200,calibration_resampling_fixed_trained_models_threshold_and_evaluation_cohorts,0.086949544475327697
CodeBERT_unfrozen_s2028,fusion_AP,same_period,ROC_AUC,0.99590808556426158,3.6664993798105915e-05,0.99588410021956963,0.99588410021956963,0.99596630576922196,0.99588410021956963,0.99596630576922196,200,calibration_resampling_fixed_trained_models_threshold_and_evaluation_cohorts,0.99588410021956963
CodeBERT_unfrozen_s2028,fusion_AP,same_period,deployed_per_format_FPR_0.001,0.0013693542990966879,0.00015557300091185029,0.0014720642355302777,0.0010705921712947475,0.0014720642355302777,0.0011375041820006692,0.0014720642355302777,200,calibration_resampling_fixed_trained_models_threshold_and_evaluation_cohorts,0.0014720642355302777
CodeBERT_unfrozen_s2028,fusion_AP,same_period,deployed_per_format_FPR_0.005,0.0051569086651053865,2.3725818026179883e-05,0.0051522248243559719,0.0051522248243559719,0.0053529608564737369,0.0051522248243559719,0.0052191368350618939,200,calibration_resampling_fixed_trained_models_threshold_and_evaluation_cohorts,0.0051522248243559719
CodeBERT_unfrozen_s2028,fusion_AP,same_period,deployed_per_format_FPR_0.01,0.010144864503178322,6.2451910490889879e-05,0.010103713616594179,0.010103713616594179,0.010304449648711944,0.010103713616594179,0.010237537638006023,200,calibration_resampling_fixed_trained_models_threshold_and_evaluation_cohorts,0.010103713616594179
CodeBERT_unfrozen_s2028,fusion_AP,same_period,deployed_per_format_FPR_0.05,0.05173001003680161,0.00012156049542563175,0.051722984275677487,0.051656072264971563,0.052793576446972232,0.051656072264971563,0.052124456339913014,200,calibration_resampling_fixed_trained_models_threshold_and_evaluation_cohorts,0.051722984275677487
CodeBERT_unfrozen_s2028,fusion_AP,same_period,deployed_per_format_TPR_0.001,0.80592228495516438,0.002813349552880946,0.80777150448356028,0.798073729657921,0.80777150448356028,0.80132846230488208,0.80777150448356028,200,calibration_resampling_fixed_trained_models_threshold_and_evaluation_cohorts,0.80777150448356028
CodeBERT_unfrozen_s2028,fusion_AP,same_period,deployed_per_format_TPR_0.005,0.91297808037196948,0.00078694880175131517,0.91252075722351378,0.91086017934241115,0.91544337429425438,0.91252075722351378,0.91544337429425438,200,calibration_resampling_fixed_trained_models_threshold_and_evaluation_cohorts,0.91252075722351378
CodeBERT_unfrozen_s2028,fusion_AP,same_period,deployed_per_format_TPR_0.01,0.94502889405513113,0.00015099741514822528,0.94493523746263697,0.94493523746263697,0.94546662238458978,0.94493523746263697,0.94546662238458978,200,calibration_resampling_fixed_trained_models_threshold_and_evaluation_cohorts,0.94493523746263697
CodeBERT_unfrozen_s2028,fusion_AP,same_period,deployed_per_format_TPR_0.05,0.9825137827964131,8.6052340026545124e-05,0.98246429757555631,0.98246429757555631,0.98299568249750913,0.98246429757555631,0.98272999003653272,200,calibration_resampling_fixed_trained_models_threshold_and_evaluation_cohorts,0.98246429757555631
CodeBERT_unfrozen_s2028,fusion_AP,same_period,deployed_pooled_FPR_0.001,0.0013432586149213785,9.4136218938099781e-05,0.001405152224824356,0.0010705921712947475,0.001405152224824356,0.0012044161927065907,0.001405152224824356,200,calibration_resampling_fixed_trained_models_threshold_and_evaluation_cohorts,0.001405152224824356
CodeBERT_unfrozen_s2028,fusion_AP,same_period,deployed_pooled_FPR_0.005,0.0053803947808631651,7.0094505015843404e-05,0.0053529608564737369,0.0050853128136500499,0.0054867848778855808,0.0052191368350618939,0.0054867848778855808,200,calibration_resampling_fixed_trained_models_threshold_and_evaluation_cohorts,0.0053529608564737369
CodeBERT_unfrozen_s2028,fusion_AP,same_period,deployed_pooled_FPR_0.01,0.010412177985948477,6.2131362021383159e-05,0.010371361659417865,0.010371361659417865,0.01057209769153563,0.010371361659417865,0.010505185680829709,200,calibration_resampling_fixed_trained_models_threshold_and_evaluation_cohorts,0.010371361659417865
CodeBERT_unfrozen_s2028,fusion_AP,same_period,deployed_pooled_FPR_0.05,0.052178989628638338,4.1932999229134031e-05,0.052191368350618939,0.052124456339913014,0.052525928404148547,0.052124456339913014,0.052258280361324856,200,calibration_resampling_fixed_trained_models_threshold_and_evaluation_cohorts,0.052191368350618939
CodeBERT_unfrozen_s2028,fusion_AP,same_period,deployed_pooled_TPR_0.001,0.79939322484224506,0.00095452887411254142,0.79887080704085023,0.79814015277316508,0.80232480903354364,0.79814015277316508,0.80092992361341742,200,calibration_resampling_fixed_trained_models_threshold_and_evaluation_cohorts,0.79887080704085023
CodeBERT_unfrozen_s2028,fusion_AP,same_period,deployed_pooled_TPR_0.005,0.91407837927598801,0.00054667547814674035,0.91431418133510467,0.91099302557289941,0.91431418133510467,0.9118565260710727,0.91431418133510467,200,calibration_resampling_fixed_trained_models_threshold_and_evaluation_cohorts,0.91431418133510467
CodeBERT_unfrozen_s2028,fusion_AP,same_period,deployed_pooled_TPR_0.01,0.94404118233145129,0.00015797929702055703,0.94393889073397541,0.94387246761873134,0.94433742942544008,0.94393889073397541,0.94433742942544008,200,calibration_resampling_fixed_trained_models_threshold_and_evaluation_cohorts,0.94393889073397541
CodeBERT_unfrozen_s2028,fusion_AP,same_period,deployed_pooled_TPR_0.05,0.98290003321155761,5.8295555869496622e-05,0.98292925938226505,0.98266356692128864,0.98292925938226505,0.98266356692128864,0.98292925938226505,200,calibration_resampling_fixed_trained_models_threshold_and_evaluation_cohorts,0.98292925938226505
CodeBERT_unfrozen_s2028,fusion_AP,test,AP,0.99592930930956414,2.9316152058742122e-05,0.99594655259609399,0.99577815431376138,0.99594655259609399,0.99585071370080125,0.99594655259609399,200,calibration_resampling_fixed_trained_models_threshold_and_evaluation_cohorts,0.99594655259609399
CodeBERT_unfrozen_s2028,fusion_AP,test,Accuracy,0.96844750000000002,7.3246293709345591e-05,0.96840000000000004,0.96840000000000004,0.96856666666666669,0.96840000000000004,0.96856666666666669,200,calibration_resampling_fixed_trained_models_threshold_and_evaluation_cohorts,0.96840000000000004
CodeBERT_unfrozen_s2028,fusion_AP,test,Brier,0.024521196011205722,5.0029701710792017e-05,0.024551240025592905,0.024273801211347618,0.024551240025592905,0.024393878388387309,0.024551240025592905,200,calibration_resampling_fixed_trained_models_threshold_and_evaluation_cohorts,0.024551240025592905
CodeBERT_unfrozen_s2028,fusion_AP,test,ECE,0.015161008963604649,0.00032780382119528776,0.015355826404235631,0.013306792294645179,0.015355826404235631,0.014360436945636629,0.015355826404235631,200,calibration_resampling_fixed_trained_models_threshold_and_evaluation_cohorts,0.015355826404235631
CodeBERT_unfrozen_s2028,fusion_AP,test,F1,0.968443591179865,7.3720822457345195e-05,0.96839578610481403,0.96839578610481403,0.96856352301896853,0.96839578610481403,0.96856352301896853,200,calibration_resampling_fixed_trained_models_threshold_and_evaluation_cohorts,0.96839578610481403
CodeBERT_unfrozen_s2028,fusion_AP,test,LogLoss,0.094406179853470426,0.0010145748740919809,0.095059589184649143,0.091200778140652985,0.095059589184649143,0.092199772701005545,0.095059589184649143,200,calibration_resampling_fixed_trained_models_threshold_and_evaluation_cohorts,0.095059589184649143
CodeBERT_unfrozen_s2028,fusion_AP,test,ROC_AUC,0.99566650469325479,9.9883366124851017e-06,0.99566611417481066,0.99557874808982516,0.99567456322235393,0.99563991812735164,0.99567456322235393,200,calibration_resampling_fixed_trained_models_threshold_and_evaluation_cohorts,0.99566611417481066
CodeBERT_unfrozen_s2028,fusion_AP,test,deployed_per_format_FPR_0.001,0.0015001673920321393,4.9370989384363997e-05,0.0014730498828255775,0.0014730498828255775,0.0016739203213927017,0.0014730498828255775,0.0016739203213927017,200,calibration_resampling_fixed_trained_models_threshold_and_evaluation_cohorts,0.0014730498828255775
CodeBERT_unfrozen_s2028,fusion_AP,test,deployed_per_format_FPR_0.005,0.0061409440910612659,0.0001341451667707899,0.0060930699698694343,0.0060930699698694343,0.0068295949112822229,0.0060930699698694343,0.0066956812855708068,200,calibration_resampling_fixed_trained_models_threshold_and_evaluation_cohorts,0.0060930699698694343
CodeBERT_unfrozen_s2028,fusion_AP,test,deployed_per_format_FPR_0.01,0.011879142952795447,6.1622463296243031e-05,0.011918312688316036,0.011650485436893204,0.011918312688316036,0.01178439906260462,0.011918312688316036,200,calibration_resampling_fixed_trained_models_threshold_and_evaluation_cohorts,0.011918312688316036
CodeBERT_unfrozen_s2028,fusion_AP,test,deployed_per_format_FPR_0.05,0.051479075995982587,0.00021971877073525295,0.051623702711750923,0.051088048208905258,0.051623702711750923,0.051088048208905258,0.051623702711750923,200,calibration_resampling_fixed_trained_models_threshold_and_evaluation_cohorts,0.051623702711750923
CodeBERT_unfrozen_s2028,fusion_AP,test,deployed_per_format_TPR_0.001,0.79384799203451706,0.0091157600705662079,0.79986724195154335,0.77583803518088279,0.79986724195154335,0.77995353468304018,0.79986724195154335,200,calibration_resampling_fixed_trained_models_threshold_and_evaluation_cohorts,0.79986724195154335
CodeBERT_unfrozen_s2028,fusion_AP,test,deployed_per_format_TPR_0.005,0.9044208430136077,0.00082923396985260965,0.90394955194158644,0.90229007633587788,0.90713574510454698,0.90394955194158644,0.90713574510454698,200,calibration_resampling_fixed_trained_models_threshold_and_evaluation_cohorts,0.90394955194158644
CodeBERT_unfrozen_s2028,fusion_AP,test,deployed_per_format_TPR_0.01,0.93622170594092269,0.00013053118529077936,0.93614337869233322,0.93587786259541983,0.93647527381347495,0.93614337869233322,0.93647527381347495,200,calibration_resampling_fixed_trained_models_threshold_and_evaluation_cohorts,0.93614337869233322
CodeBERT_unfrozen_s2028,fusion_AP,test,deployed_per_format_TPR_0.05,0.98124327912379694,5.7825787877237453e-05,0.98121473614337873,0.98121473614337873,0.98167938931297705,0.98121473614337873,0.98141387321606377,200,calibration_resampling_fixed_trained_models_threshold_and_evaluation_cohorts,0.98121473614337873
CodeBERT_unfrozen_s2028,fusion_AP,test,deployed_pooled_FPR_0.001,0.0016079678607298293,1.0565500241083045e-05,0.0016069635085369936,0.0016069635085369936,0.0017408771342484097,0.0016069635085369936,0.0016069635085369936,200,calibration_resampling_fixed_trained_models_threshold_and_evaluation_cohorts,0.0016069635085369936
CodeBERT_unfrozen_s2028,fusion_AP,test,deployed_pooled_FPR_0.005,0.00619484432541011,8.1925304549486011e-05,0.0062269835955808504,0.0058252427184466021,0.0063608972212922665,0.0058252427184466021,0.0062269835955808504,200,calibration_resampling_fixed_trained_models_threshold_and_evaluation_cohorts,0.0062269835955808504
CodeBERT_unfrozen_s2028,fusion_AP,test,deployed_pooled_FPR_0.01,0.012446936725811852,3.1050224903388829e-05,0.012453967191161701,0.012253096752594577,0.012453967191161701,0.012320053565450285,0.012453967191161701,200,calibration_resampling_fixed_trained_models_threshold_and_evaluation_cohorts,0.012453967191161701
CodeBERT_unfrozen_s2028,fusion_AP,test,deployed_pooled_FPR_0.05,0.05119953130231001,0.00024046037638557848,0.05135587546032809,0.050552393706059594,0.05135587546032809,0.050820220957482426,0.05135587546032809,200,calibration_resampling_fixed_trained_models_threshold_and_evaluation_cohorts,0.05135587546032809
CodeBERT_unfrozen_s2028,fusion_AP,test,deployed_pooled_TPR_0.001,0.78823830069697975,0.0056719587657698741,0.79196813806837041,0.77696647859276469,0.79196813806837041,0.77736475273813477,0.79196813806837041,200,calibration_resampling_fixed_trained_models_threshold_and_evaluation_cohorts,0.79196813806837041
CodeBERT_unfrozen_s2028,fusion_AP,test,deployed_pooled_TPR_0.005,0.90512147361433792,0.00071422981587190501,0.90547626949883842,0.90222369731164953,0.90547626949883842,0.90229007633587788,0.90547626949883842,200,calibration_resampling_fixed_trained_models_threshold_and_evaluation_cohorts,0.90547626949883842
CodeBERT_unfrozen_s2028,fusion_AP,test,deployed_pooled_TPR_0.01,0.9347792897444408,0.00015911913537980157,0.9346830401593097,0.9346830401593097,0.93528045137736471,0.9346830401593097,0.93528045137736471,200,calibration_resampling_fixed_trained_models_threshold_and_evaluation_cohorts,0.9346830401593097
CodeBERT_unfrozen_s2028,fusion_AP,test,deployed_pooled_TPR_0.05,0.98129737802854311,8.790507083992932e-05,0.98134749419183542,0.98114835711915038,0.98148025224029212,0.98114835711915038,0.98134749419183542,200,calibration_resampling_fixed_trained_models_threshold_and_evaluation_cohorts,0.98134749419183542
CodeBERT_unfrozen_s2028,fusion_ROC_AUC,same_period,AP,0.99628953482615701,2.9187078204541652e-05,0.99626743608029567,0.99626743608029567,0.99632941897003646,0.99626743608029567,0.99632941897003646,200,calibration_resampling_fixed_trained_models_threshold_and_evaluation_cohorts,0.99626743608029567
CodeBERT_unfrozen_s2028,fusion_ROC_AUC,same_period,Accuracy,0.97255966666666671,7.9050055172530753e-05,0.97250000000000003,0.97250000000000003,0.97270000000000001,0.97250000000000003,0.97266666666666668,200,calibration_resampling_fixed_trained_models_threshold_and_evaluation_cohorts,0.97250000000000003
CodeBERT_unfrozen_s2028,fusion_ROC_AUC,same_period,Brier,0.022010988231407604,4.4374025302990191e-05,0.022042397235661104,0.021841648354364428,0.022042397235661104,0.021900315816454605,0.022042397235661104,200,calibration_resampling_fixed_trained_models_threshold_and_evaluation_cohorts,0.022042397235661104
CodeBERT_unfrozen_s2028,fusion_ROC_AUC,same_period,ECE,0.012064203170745445,0.00035581585716616855,0.012313381697618562,0.010643608536446691,0.012313381697618562,0.011158485227869757,0.012313381697618562,200,calibration_resampling_fixed_trained_models_threshold_and_evaluation_cohorts,0.012313381697618562
CodeBERT_unfrozen_s2028,fusion_ROC_AUC,same_period,F1,0.97256033537375897,7.8694407970861713e-05,0.97250091663611216,0.97250091663611216,0.97270272972702732,0.97250091663611216,0.97266666666666668,200,calibration_resampling_fixed_trained_models_threshold_and_evaluation_cohorts,0.97250091663611216
CodeBERT_unfrozen_s2028,fusion_ROC_AUC,same_period,LogLoss,0.086158334357312752,0.0010535835514395523,0.086949544475327697,0.083539589250399365,0.086949544475327697,0.084093916872132413,0.086949544475327697,200,calibration_resampling_fixed_trained_models_threshold_and_evaluation_cohorts,0.086949544475327697
CodeBERT_unfrozen_s2028,fusion_ROC_AUC,same_period,ROC_AUC,0.99591358874935987,3.883431449143739e-05,0.99588410021956963,0.99588410021956963,0.99596630576922196,0.99588410021956963,0.99596630576922196,200,calibration_resampling_fixed_trained_models_threshold_and_evaluation_cohorts,0.99588410021956963
CodeBERT_unfrozen_s2028,fusion_ROC_AUC,same_period,deployed_per_format_FPR_0.001,0.0013476078956172633,0.00016294208432346261,0.0014720642355302777,0.0010705921712947475,0.0014720642355302777,0.0011375041820006692,0.0014720642355302777,200,calibration_resampling_fixed_trained_models_threshold_and_evaluation_cohorts,0.0014720642355302777
CodeBERT_unfrozen_s2028,fusion_ROC_AUC,same_period,deployed_per_format_FPR_0.005,0.0051565741050518567,2.3312082068509388e-05,0.0051522248243559719,0.0051522248243559719,0.0053529608564737369,0.0051522248243559719,0.0052191368350618939,200,calibration_resampling_fixed_trained_models_threshold_and_evaluation_cohorts,0.0051522248243559719
CodeBERT_unfrozen_s2028,fusion_ROC_AUC,same_period,deployed_per_format_FPR_0.01,0.010153228504516561,6.4772949372527e-05,0.010103713616594179,0.010103713616594179,0.010237537638006023,0.010103713616594179,0.010237537638006023,200,calibration_resampling_fixed_trained_models_threshold_and_evaluation_cohorts,0.010103713616594179
CodeBERT_unfrozen_s2028,fusion_ROC_AUC,same_period,deployed_per_format_FPR_0.05,0.051720642355302777,0.000100031771973496,0.051722984275677487,0.051656072264971563,0.052258280361324856,0.051656072264971563,0.052124456339913014,200,calibration_resampling_fixed_trained_models_threshold_and_evaluation_cohorts,0.051722984275677487
CodeBERT_unfrozen_s2028,fusion_ROC_AUC,same_period,deployed_per_format_TPR_0.001,0.80555363666555957,0.0029050541932343324,0.80777150448356028,0.80066423115244101,0.80777150448356028,0.80132846230488208,0.80777150448356028,200,calibration_resampling_fixed_trained_models_threshold_and_evaluation_cohorts,0.80777150448356028
CodeBERT_unfrozen_s2028,fusion_ROC_AUC,same_period,deployed_per_format_TPR_0.005,0.91307472600464967,0.00077999482132482477,0.91252075722351378,0.91252075722351378,0.91544337429425438,0.91252075722351378,0.91544337429425438,200,calibration_resampling_fixed_trained_models_threshold_and_evaluation_cohorts,0.91252075722351378
CodeBERT_unfrozen_s2028,fusion_ROC_AUC,same_period,deployed_per_format_TPR_0.01,0.94504483560278973,0.00015195756968017807,0.94493523746263697,0.94493523746263697,0.94546662238458978,0.94493523746263697,0.94546662238458978,200,calibration_resampling_fixed_trained_models_threshold_and_evaluation_cohorts,0.94493523746263697
CodeBERT_unfrozen_s2028,fusion_ROC_AUC,same_period,deployed_per_format_TPR_0.05,0.98252142145466626,8.4503477353745521e-05,0.98246429757555631,0.98246429757555631,0.98292925938226505,0.98246429757555631,0.98272999003653272,200,calibration_resampling_fixed_trained_models_threshold_and_evaluation_cohorts,0.98246429757555631
CodeBERT_unfrozen_s2028,fusion_ROC_AUC,same_period,deployed_pooled_FPR_0.001,0.0013308798929407828,9.7159424058790113e-05,0.001405152224824356,0.0012044161927065907,0.001405152224824356,0.0012044161927065907,0.001405152224824356,200,calibration_resampling_fixed_trained_models_threshold_and_evaluation_cohorts,0.001405152224824356
CodeBERT_unfrozen_s2028,fusion_ROC_AUC,same_period,deployed_pooled_FPR_0.005,0.005391769822683171,7.0469045032235813e-05,0.0053529608564737369,0.0052191368350618939,0.0054867848778855808,0.0052191368350618939,0.0054867848778855808,200,calibration_resampling_fixed_trained_models_threshold_and_evaluation_cohorts,0.0053529608564737369
CodeBERT_unfrozen_s2028,fusion_ROC_AUC,same_period,deployed_pooled_FPR_0.01,0.010420207427233187,6.423931288048612e-05,0.010371361659417865,0.010371361659417865,0.010505185680829709,0.010371361659417865,0.010505185680829709,200,calibration_resampling_fixed_trained_models_threshold_and_evaluation_cohorts,0.010371361659417865
CodeBERT_unfrozen_s2028,fusion_ROC_AUC,same_period,deployed_pooled_FPR_0.05,0.052175309468049519,4.9856223115385364e-05,0.052191368350618939,0.052124456339913014,0.052525928404148547,0.052124456339913014,0.052258280361324856,200,calibration_resampling_fixed_trained_models_threshold_and_evaluation_cohorts,0.052191368350618939
CodeBERT_unfrozen_s2028,fusion_ROC_AUC,same_period,deployed_pooled_TPR_0.001,0.79954898704749255,0.0010302195056237373,0.79887080704085023,0.79814015277316508,0.80232480903354364,0.79814015277316508,0.80092992361341742,200,calibration_resampling_fixed_trained_models_threshold_and_evaluation_cohorts,0.79887080704085023
CodeBERT_unfrozen_s2028,fusion_ROC_AUC,same_period,deployed_pooled_TPR_0.005,0.91407240119561606,0.0004759209737686547,0.91431418133510467,0.9118565260710727,0.91431418133510467,0.9118565260710727,0.91431418133510467,200,calibration_resampling_fixed_trained_models_threshold_and_evaluation_cohorts,0.91431418133510467
CodeBERT_unfrozen_s2028,fusion_ROC_AUC,same_period,deployed_pooled_TPR_0.01,0.94406011291929592,0.00016398371618813742,0.94393889073397541,0.94387246761873134,0.94433742942544008,0.94393889073397541,0.94433742942544008,200,calibration_resampling_fixed_trained_models_threshold_and_evaluation_cohorts,0.94393889073397541
CodeBERT_unfrozen_s2028,fusion_ROC_AUC,same_period,deployed_pooled_TPR_0.05,0.98289704417137169,5.5304621540510578e-05,0.98292925938226505,0.98266356692128864,0.98292925938226505,0.98266356692128864,0.98292925938226505,200,calibration_resampling_fixed_trained_models_threshold_and_evaluation_cohorts,0.98292925938226505
CodeBERT_unfrozen_s2028,fusion_ROC_AUC,test,AP,0.99592670127527738,2.8542202159006751e-05,0.99594655259609399,0.99581443433326178,0.99594655259609399,0.99585071370080125,0.99594655259609399,200,calibration_resampling_fixed_trained_models_threshold_and_evaluation_cohorts,0.99594655259609399
CodeBERT_unfrozen_s2028,fusion_ROC_AUC,test,Accuracy,0.96845899999999996,7.8135017504023401e-05,0.96840000000000004,0.96840000000000004,0.96856666666666669,0.96840000000000004,0.96856666666666669,200,calibration_resampling_fixed_trained_models_threshold_and_evaluation_cohorts,0.96840000000000004
CodeBERT_unfrozen_s2028,fusion_ROC_AUC,test,Brier,0.024516425813218098,4.9165443374757496e-05,0.024551240025592905,0.024329179242346725,0.024551240025592905,0.024393878388387309,0.024551240025592905,200,calibration_resampling_fixed_trained_models_threshold_and_evaluation_cohorts,0.024551240025592905
CodeBERT_unfrozen_s2028,fusion_ROC_AUC,test,ECE,0.015131403748094898,0.00031515992797973371,0.015355826404235631,0.013952581449972754,0.015355826404235631,0.014360436945636629,0.015355826404235631,200,calibration_resampling_fixed_trained_models_threshold_and_evaluation_cohorts,0.015355826404235631
CodeBERT_unfrozen_s2028,fusion_ROC_AUC,test,F1,0.96845517133835446,7.8636607158470741e-05,0.96839578610481403,0.96839578610481403,0.96856352301896853,0.96839578610481403,0.96856352301896853,200,calibration_resampling_fixed_trained_models_threshold_and_evaluation_cohorts,0.96839578610481403
CodeBERT_unfrozen_s2028,fusion_ROC_AUC,test,LogLoss,0.094284604106256539,0.0010352588647693374,0.095059589184649143,0.091613662185327835,0.095059589184649143,0.092199772701005545,0.095059589184649143,200,calibration_resampling_fixed_trained_models_threshold_and_evaluation_cohorts,0.095059589184649143
CodeBERT_unfrozen_s2028,fusion_ROC_AUC,test,ROC_AUC,0.99566738462088911,8.7862243981015377e-06,0.99566611417481066,0.99561025090360022,0.99567456322235393,0.99563991812735164,0.99567456322235393,200,calibration_resampling_fixed_trained_models_threshold_and_evaluation_cohorts,0.99566611417481066
CodeBERT_unfrozen_s2028,fusion_ROC_AUC,test,deployed_per_format_FPR_0.001,0.0015038500167392033,4.8329881369173253e-05,0.0014730498828255775,0.0014730498828255775,0.0016739203213927017,0.0014730498828255775,0.0016739203213927017,200,calibration_resampling_fixed_trained_models_threshold_and_evaluation_cohorts,0.0014730498828255775
CodeBERT_unfrozen_s2028,fusion_ROC_AUC,test,deployed_per_format_FPR_0.005,0.0061432875795112149,0.00013097945791806198,0.0060930699698694343,0.0060930699698694343,0.0068295949112822229,0.0060930699698694343,0.0066956812855708068,200,calibration_resampling_fixed_trained_models_threshold_and_evaluation_cohorts,0.0060930699698694343
CodeBERT_unfrozen_s2028,fusion_ROC_AUC,test,deployed_per_format_FPR_0.01,0.011870438567124206,6.4165689987520766e-05,0.011918312688316036,0.011717442249748912,0.011918312688316036,0.01178439906260462,0.011918312688316036,200,calibration_resampling_fixed_trained_models_threshold_and_evaluation_cohorts,0.011918312688316036
CodeBERT_unfrozen_s2028,fusion_ROC_AUC,test,deployed_per_format_FPR_0.05,0.051449949782390363,0.00022852999874543129,0.051623702711750923,0.051088048208905258,0.051623702711750923,0.051088048208905258,0.051623702711750923,200,calibration_resampling_fixed_trained_models_threshold_and_evaluation_cohorts,0.051623702711750923
CodeBERT_unfrozen_s2028,fusion_ROC_AUC,test,deployed_per_format_TPR_0.001,0.79258778625954207,0.0095253513961259494,0.79986724195154335,0.77802854298041824,0.79986724195154335,0.77995353468304018,0.79986724195154335,200,calibration_resampling_fixed_trained_models_threshold_and_evaluation_cohorts,0.79986724195154335
CodeBERT_unfrozen_s2028,fusion_ROC_AUC,test,deployed_per_format_TPR_0.005,0.904519747759708,0.0008249021262710113,0.90394955194158644,0.90394955194158644,0.90713574510454698,0.90394955194158644,0.90713574510454698,200,calibration_resampling_fixed_trained_models_threshold_and_evaluation_cohorts,0.90394955194158644
CodeBERT_unfrozen_s2028,fusion_ROC_AUC,test,deployed_per_format_TPR_0.01,0.93623863259210083,0.00013598401774107867,0.93614337869233322,0.93587786259541983,0.93647527381347495,0.93614337869233322,0.93647527381347495,200,calibration_resampling_fixed_trained_models_threshold_and_evaluation_cohorts,0.93614337869233322
CodeBERT_unfrozen_s2028,fusion_ROC_AUC,test,deployed_per_format_TPR_0.05,0.98124593428476603,5.0640280905964183e-05,0.98121473614337873,0.98121473614337873,0.98148025224029212,0.98121473614337873,0.98141387321606377,200,calibration_resampling_fixed_trained_models_threshold_and_evaluation_cohorts,0.98121473614337873
CodeBERT_unfrozen_s2028,fusion_ROC_AUC,test,deployed_pooled_FPR_0.001,0.0016083026447941079,1.3357673555327979e-05,0.0016069635085369936,0.0016069635085369936,0.0017408771342484097,0.0016069635085369936,0.0016069635085369936,200,calibration_resampling_fixed_trained_models_threshold_and_evaluation_cohorts,0.0016069635085369936
CodeBERT_unfrozen_s2028,fusion_ROC_AUC,test,deployed_pooled_FPR_0.005,0.0061918312688316038,7.710230435812412e-05,0.0062269835955808504,0.0058252427184466021,0.0062939404084365585,0.0058252427184466021,0.0062269835955808504,200,calibration_resampling_fixed_trained_models_threshold_and_evaluation_cohorts,0.0062269835955808504
CodeBERT_unfrozen_s2028,fusion_ROC_AUC,test,deployed_pooled_FPR_0.01,0.01244727150987613,3.1484338506161963e-05,0.012453967191161701,0.012253096752594577,0.012453967191161701,0.012320053565450285,0.012453967191161701,200,calibration_resampling_fixed_trained_models_threshold_and_evaluation_cohorts,0.012453967191161701
CodeBERT_unfrozen_s2028,fusion_ROC_AUC,test,deployed_pooled_FPR_0.05,0.051165383327753604,0.00025179397177014194,0.05135587546032809,0.050820220957482426,0.05135587546032809,0.050820220957482426,0.05135587546032809,200,calibration_resampling_fixed_trained_models_threshold_and_evaluation_cohorts,0.05135587546032809
CodeBERT_unfrozen_s2028,fusion_ROC_AUC,test,deployed_pooled_TPR_0.001,0.7875014935280451,0.0058643685689619323,0.79196813806837041,0.77736475273813477,0.79196813806837041,0.77736475273813477,0.79196813806837041,200,calibration_resampling_fixed_trained_models_threshold_and_evaluation_cohorts,0.79196813806837041
CodeBERT_unfrozen_s2028,fusion_ROC_AUC,test,deployed_pooled_TPR_0.005,0.90508994357782935,0.00066321493046863007,0.90547626949883842,0.90229007633587788,0.90547626949883842,0.90229007633587788,0.90547626949883842,200,calibration_resampling_fixed_trained_models_threshold_and_evaluation_cohorts,0.90547626949883842
CodeBERT_unfrozen_s2028,fusion_ROC_AUC,test,deployed_pooled_TPR_0.01,0.93479555260537683,0.00016029030312298087,0.9346830401593097,0.9346830401593097,0.93528045137736471,0.9346830401593097,0.93528045137736471,200,calibration_resampling_fixed_trained_models_threshold_and_evaluation_cohorts,0.9346830401593097
CodeBERT_unfrozen_s2028,fusion_ROC_AUC,test,deployed_pooled_TPR_0.05,0.98128277464321267,9.3504851588805513e-05,0.98134749419183542,0.98114835711915038,0.98134749419183542,0.98114835711915038,0.98134749419183542,200,calibration_resampling_fixed_trained_models_threshold_and_evaluation_cohorts,0.98134749419183542
CodeBERT_unfrozen_s2028,fusion_TPR_0.001,same_period,AP,0.99600668055110719,0.00088120114115390472,0.99626743608029567,0.99157438559679156,0.99632941897003646,0.99217464137221212,0.99632941897003646,200,calibration_resampling_fixed_trained_models_threshold_and_evaluation_cohorts,0.99632941897003646
CodeBERT_unfrozen_s2028,fusion_TPR_0.001,same_period,Accuracy,0.97093016666666676,0.0070240486618170098,0.97250000000000003,0.93856666666666666,0.9728,0.93903333333333339,0.97276666666666667,200,calibration_resampling_fixed_trained_models_threshold_and_evaluation_cohorts,0.97266666666666668
CodeBERT_unfrozen_s2028,fusion_TPR_0.001,same_period,Brier,0.02324741870162686,0.0048763298995840578,0.022042397235661104,0.021661943406643826,0.048314106805872767,0.021749059925210215,0.045101690654287263,200,calibration_resampling_fixed_trained_models_threshold_and_evaluation_cohorts,0.021967232110220163
CodeBERT_unfrozen_s2028,fusion_TPR_0.001,same_period,ECE,0.013054990530901631,0.0060504672588646462,0.012313381697618562,0.0076809346573977772,0.04229653089038337,0.0091482084843182813,0.039838610339114157,200,calibration_resampling_fixed_trained_models_threshold_and_evaluation_cohorts,0.011722429639710282
CodeBERT_unfrozen_s2028,fusion_TPR_0.001,same_period,F1,0.97093309021003538,0.0070258005722543954,0.97250091663611216,0.93856052271893853,0.97280362618317562,0.93902723605693905,0.97278209014891559,200,calibration_resampling_fixed_trained_models_threshold_and_evaluation_cohorts,0.97266666666666668
CodeBERT_unfrozen_s2028,fusion_TPR_0.001,same_period,LogLoss,0.088710891834382452,0.012898285102374108,0.086949544475327697,0.082399440984800454,0.1598027875082377,0.082859238618014586,0.14554719552169662,200,calibration_resampling_fixed_trained_models_threshold_and_evaluation_cohorts,0.084927502630239016
CodeBERT_unfrozen_s2028,fusion_TPR_0.001,same_period,ROC_AUC,0.99561497533466836,0.00093432937895661784,0.99588410021956963,0.99090059321908652,0.99596630576922196,0.9915508908508659,0.99596630576922196,200,calibration_resampling_fixed_trained_models_threshold_and_evaluation_cohorts,0.99596630576922196
CodeBERT_unfrozen_s2028,fusion_TPR_0.001,same_period,deployed_per_format_FPR_0.001,0.0013084643693542992,0.00017189974076009556,0.001405152224824356,0.0010705921712947475,0.0014720642355302777,0.0010705921712947475,0.0014720642355302777,200,calibration_resampling_fixed_trained_models_threshold_and_evaluation_cohorts,0.0011375041820006692
CodeBERT_unfrozen_s2028,fusion_TPR_0.001,same_period,deployed_per_format_FPR_0.005,0.0051605888256942125,0.00011694581469352691,0.0051522248243559719,0.004817664770826363,0.0054198728671796589,0.0049514887922382069,0.0054198728671796589,200,calibration_resampling_fixed_trained_models_threshold_and_evaluation_cohorts,0.0051522248243559719
CodeBERT_unfrozen_s2028,fusion_TPR_0.001,same_period,deployed_per_format_FPR_0.01,0.010370692539310807,0.00042217684813743313,0.010237537638006023,0.010103713616594179,0.011843425894948143,0.010103713616594179,0.011575777852124457,200,calibration_resampling_fixed_trained_models_threshold_and_evaluation_cohorts,0.010237537638006023
CodeBERT_unfrozen_s2028,fusion_TPR_0.001,same_period,deployed_per_format_FPR_0.05,0.051809635329541658,0.00064521669985612867,0.051722984275677487,0.049916359986617601,0.053128136500501841,0.049916359986617601,0.052860488457678156,200,calibration_resampling_fixed_trained_models_threshold_and_evaluation_cohorts,0.051656072264971563
CodeBERT_unfrozen_s2028,fusion_TPR_0.001,same_period,deployed_per_format_TPR_0.001,0.79899734307539017,0.014626284510541713,0.8018598472268349,0.73231484556625703,0.80777150448356028,0.7444038525406842,0.80777150448356028,200,calibration_resampling_fixed_trained_models_threshold_and_evaluation_cohorts,0.8018598472268349
CodeBERT_unfrozen_s2028,fusion_TPR_0.001,same_period,deployed_per_format_TPR_0.005,0.90711856526071077,0.012972928588527471,0.91252075722351378,0.85347060777150452,0.91544337429425438,0.85851876453005649,0.91544337429425438,200,calibration_resampling_fixed_trained_models_threshold_and_evaluation_cohorts,0.91384921952839593
CodeBERT_unfrozen_s2028,fusion_TPR_0.001,same_period,deployed_per_format_TPR_0.01,0.94037761541016263,0.011573790998741604,0.94493523746263697,0.88947193623380938,0.94546662238458978,0.89684490202590506,0.94546662238458978,200,calibration_resampling_fixed_trained_models_threshold_and_evaluation_cohorts,0.94520092992361338
CodeBERT_unfrozen_s2028,fusion_TPR_0.001,same_period,deployed_per_format_TPR_0.05,0.97967386250415145,0.011278912327056807,0.98246429757555631,0.92666888077050813,0.98299568249750913,0.9285287279973431,0.98299568249750913,200,calibration_resampling_fixed_trained_models_threshold_and_evaluation_cohorts,0.98259714380604446
CodeBERT_unfrozen_s2028,fusion_TPR_0.001,same_period,deployed_pooled_FPR_0.001,0.0013064570090331215,0.00011000646826397237,0.0013382402141184342,0.0010705921712947475,0.001405152224824356,0.0010705921712947475,0.001405152224824356,200,calibration_resampling_fixed_trained_models_threshold_and_evaluation_cohorts,0.0012044161927065907
CodeBERT_unfrozen_s2028,fusion_TPR_0.001,same_period,deployed_pooled_FPR_0.005,0.0051656072264971561,0.00033953308771837259,0.0053529608564737369,0.0044161927065908329,0.0054867848778855808,0.0044831047172967549,0.0054867848778855808,200,calibration_resampling_fixed_trained_models_threshold_and_evaluation_cohorts,0.0054867848778855808
CodeBERT_unfrozen_s2028,fusion_TPR_0.001,same_period,deployed_pooled_FPR_0.01,0.010500836400133823,0.00018997686079813732,0.010371361659417865,0.010371361659417865,0.011241217798594848,0.010371361659417865,0.011040481766477083,200,calibration_resampling_fixed_trained_models_threshold_and_evaluation_cohorts,0.010505185680829709
CodeBERT_unfrozen_s2028,fusion_TPR_0.001,same_period,deployed_pooled_FPR_0.05,0.052195383071261287,0.00059070869120174949,0.052191368350618939,0.050250920040147209,0.053529608564737367,0.050451656072264969,0.053529608564737367,200,calibration_resampling_fixed_trained_models_threshold_and_evaluation_cohorts,0.052124456339913014
CodeBERT_unfrozen_s2028,fusion_TPR_0.001,same_period,deployed_pooled_TPR_0.001,0.79561906343407496,0.010744569459246052,0.79887080704085023,0.74559946861507809,0.80232480903354364,0.75164397210229161,0.80232480903354364,200,calibration_resampling_fixed_trained_models_threshold_and_evaluation_cohorts,0.80092992361341742
CodeBERT_unfrozen_s2028,fusion_TPR_0.001,same_period,deployed_pooled_TPR_0.005,0.90694951843241456,0.01395906099437446,0.91384921952839593,0.85459980073065422,0.91431418133510467,0.86057788110262368,0.91431418133510467,200,calibration_resampling_fixed_trained_models_threshold_and_evaluation_cohorts,0.91384921952839593
CodeBERT_unfrozen_s2028,fusion_TPR_0.001,same_period,deployed_pooled_TPR_0.01,0.93965493191630689,0.011130557992777927,0.94393889073397541,0.89511790102955824,0.94447027565592823,0.90229159747592158,0.94434075058120226,200,calibration_resampling_fixed_trained_models_threshold_and_evaluation_cohorts,0.94427100631019589
CodeBERT_unfrozen_s2028,fusion_TPR_0.001,same_period,deployed_pooled_TPR_0.05,0.97998538691464632,0.011500705470678161,0.98292925938226505,0.9256061109266025,0.98326137495848553,0.92759880438392561,0.98326137495848553,200,calibration_resampling_fixed_trained_models_threshold_and_evaluation_cohorts,0.98286283626702098
CodeBERT_unfrozen_s2028,fusion_TPR_0.001,test,AP,0.99553137197663177,0.0010811228676440997,0.99589985789808466,0.99031766735570115,0.99594655259609399,0.99092805204032652,0.99594655259609399,200,calibration_resampling_fixed_trained_models_threshold_and_evaluation_cohorts,0.99589985789808466
CodeBERT_unfrozen_s2028,fusion_TPR_0.001,test,Accuracy,0.96668599999999993,0.0077291903648609448,0.96840000000000004,0.93083333333333329,0.96883333333333332,0.93133333333333335,0.96883333333333332,200,calibration_resampling_fixed_trained_models_threshold_and_evaluation_cohorts,0.96856666666666669
CodeBERT_unfrozen_s2028,fusion_TPR_0.001,test,Brier,0.025927344157700673,0.0055387725072491845,0.024551240025592905,0.024137276441223987,0.054381581915589283,0.024227744295389986,0.050743603753164543,200,calibration_resampling_fixed_trained_models_threshold_and_evaluation_cohorts,0.024467898649469369
CodeBERT_unfrozen_s2028,fusion_TPR_0.001,test,ECE,0.016431685660095962,0.0069008939585874203,0.015355826404235631,0.011641281391985166,0.050681966778346181,0.012361747639667933,0.047162012181755017,200,calibration_resampling_fixed_trained_models_threshold_and_evaluation_cohorts,0.014815667710244436
CodeBERT_unfrozen_s2028,fusion_TPR_0.001,test,F1,0.96663284582477882,0.007922507043776875,0.96839578610481403,0.92985362225753021,0.9688135819352256,0.93039599945938645,0.9688135819352256,200,calibration_resampling_fixed_trained_models_threshold_and_evaluation_cohorts,0.96856352301896853
CodeBERT_unfrozen_s2028,fusion_TPR_0.001,test,LogLoss,0.097330648199978193,0.014734865282879433,0.095059589184649143,0.090485144273848767,0.178556087717478,0.090906534382949974,0.1623107921319481,200,calibration_resampling_fixed_trained_models_threshold_and_evaluation_cohorts,0.093089028472428018
CodeBERT_unfrozen_s2028,fusion_TPR_0.001,test,ROC_AUC,0.99529558010589314,0.0010626995278901973,0.99566611417481066,0.9901120765489928,0.99567456322235393,0.99073016371085199,0.99567456322235393,200,calibration_resampling_fixed_trained_models_threshold_and_evaluation_cohorts,0.99567456322235393
CodeBERT_unfrozen_s2028,fusion_TPR_0.001,test,deployed_per_format_FPR_0.001,0.001573150318044861,0.00013740070103062429,0.0015400066956812856,0.0014730498828255775,0.00207566119852695,0.0014730498828255775,0.00207566119852695,200,calibration_resampling_fixed_trained_models_threshold_and_evaluation_cohorts,0.0015400066956812856
CodeBERT_unfrozen_s2028,fusion_TPR_0.001,test,deployed_per_format_FPR_0.005,0.0064198192166052895,0.00039754453448039571,0.0061600267827251424,0.0060930699698694343,0.0071643789755607631,0.0060930699698694343,0.0071643789755607631,200,calibration_resampling_fixed_trained_models_threshold_and_evaluation_cohorts,0.0061600267827251424
CodeBERT_unfrozen_s2028,fusion_TPR_0.001,test,deployed_per_format_FPR_0.01,0.01193337797120857,0.00020086342872822305,0.011918312688316036,0.011650485436893204,0.012922664881151657,0.011650485436893204,0.012520924004017409,200,calibration_resampling_fixed_trained_models_threshold_and_evaluation_cohorts,0.01178439906260462
CodeBERT_unfrozen_s2028,fusion_TPR_0.001,test,deployed_per_format_FPR_0.05,0.050864412453967195,0.0013725418699792372,0.05135587546032809,0.046334114496149985,0.051623702711750923,0.046464680281218612,0.051623702711750923,200,calibration_resampling_fixed_trained_models_threshold_and_evaluation_cohorts,0.051155005021760964
CodeBERT_unfrozen_s2028,fusion_TPR_0.001,test,deployed_per_format_TPR_0.001,0.78049485562562237,0.026848003945772556,0.78028542980418192,0.66830401593096578,0.79986724195154335,0.68927978758712249,0.79986724195154335,200,calibration_resampling_fixed_trained_models_threshold_and_evaluation_cohorts,0.78028542980418192
CodeBERT_unfrozen_s2028,fusion_TPR_0.001,test,deployed_per_format_TPR_0.005,0.89563889810819775,0.018539505307988428,0.90394955194158644,0.82489213408562889,0.90713574510454698,0.83265847992034514,0.90713574510454698,200,calibration_resampling_fixed_trained_models_threshold_and_evaluation_cohorts,0.90527713242615337
CodeBERT_unfrozen_s2028,fusion_TPR_0.001,test,deployed_per_format_TPR_0.01,0.93031828742117495,0.014729307505562169,0.93614337869233322,0.8662462661798872,0.93647527381347495,0.87434450713574507,0.93647527381347495,200,calibration_resampling_fixed_trained_models_threshold_and_evaluation_cohorts,0.9364088947892466
CodeBERT_unfrozen_s2028,fusion_TPR_0.001,test,deployed_per_format_TPR_0.05,0.97730467972120805,0.015464680674019663,0.98121473614337873,0.90567540657152334,0.98194490540989043,0.90720212412877532,0.98194490540989043,200,calibration_resampling_fixed_trained_models_threshold_and_evaluation_cohorts,0.98128111516760708
CodeBERT_unfrozen_s2028,fusion_TPR_0.001,test,deployed_pooled_FPR_0.001,0.0016441245396719118,7.7032146230778304e-05,0.0016069635085369936,0.0015400066956812856,0.0020087043856712419,0.0015400066956812856,0.0018747907599598258,200,calibration_resampling_fixed_trained_models_threshold_and_evaluation_cohorts,0.0016069635085369936
CodeBERT_unfrozen_s2028,fusion_TPR_0.001,test,deployed_pooled_FPR_0.005,0.0062802142618011382,0.0001845990939499825,0.0062269835955808504,0.0058252427184466021,0.006963508536993639,0.0058252427184466021,0.006963508536993639,200,calibration_resampling_fixed_trained_models_threshold_and_evaluation_cohorts,0.0061600267827251424
CodeBERT_unfrozen_s2028,fusion_TPR_0.001,test,deployed_pooled_FPR_0.01,0.012425845329762304,0.0001220048123812261,0.012453967191161701,0.011985269501171745,0.012721794442584533,0.012119183126883161,0.012654837629728825,200,calibration_resampling_fixed_trained_models_threshold_and_evaluation_cohorts,0.012453967191161701
CodeBERT_unfrozen_s2028,fusion_TPR_0.001,test,deployed_pooled_FPR_0.05,0.050517241379310344,0.0013665788495347514,0.051021091396049545,0.045932373619015733,0.05135587546032809,0.046133244057582859,0.05135587546032809,200,calibration_resampling_fixed_trained_models_threshold_and_evaluation_cohorts,0.050820220957482426
CodeBERT_unfrozen_s2028,fusion_TPR_0.001,test,deployed_pooled_TPR_0.001,0.77805974112180554,0.021026654195707681,0.78041818785263861,0.69412545635579159,0.79196813806837041,0.70408230999004318,0.79196813806837041,200,calibration_resampling_fixed_trained_models_threshold_and_evaluation_cohorts,0.78015267175572522
CodeBERT_unfrozen_s2028,fusion_TPR_0.001,test,deployed_pooled_TPR_0.005,0.89445834716229666,0.020227084981503593,0.90467972120809825,0.82562230335214071,0.90547626949883842,0.8324593428476601,0.90547626949883842,200,calibration_resampling_fixed_trained_models_threshold_and_evaluation_cohorts,0.90467972120809825
CodeBERT_unfrozen_s2028,fusion_TPR_0.001,test,deployed_pooled_TPR_0.01,0.92820809824095596,0.016323379587456669,0.9346830401593097,0.86903418519747755,0.93528045137736471,0.87640225688682372,0.93528045137736471,200,calibration_resampling_fixed_trained_models_threshold_and_evaluation_cohorts,0.93494855625622308
CodeBERT_unfrozen_s2028,fusion_TPR_0.001,test,deployed_pooled_TPR_0.05,0.97723133089943592,0.016199679138650676,0.98134749419183542,0.90215731828742118,0.98194490540989043,0.90355127779621636,0.98194490540989043,200,calibration_resampling_fixed_trained_models_threshold_and_evaluation_cohorts,0.98114835711915038
CodeBERT_unfrozen_s2028,fusion_TPR_0.005,same_period,AP,0.99628852965789649,2.5698394151095216e-05,0.99626743608029567,0.99626743608029567,0.99632941897003646,0.99626743608029567,0.99632941897003646,200,calibration_resampling_fixed_trained_models_threshold_and_evaluation_cohorts,0.99631484639500667
CodeBERT_unfrozen_s2028,fusion_TPR_0.005,same_period,Accuracy,0.97256633333333342,7.844026700969303e-05,0.97250000000000003,0.97250000000000003,0.97270000000000001,0.97250000000000003,0.97270000000000001,200,calibration_resampling_fixed_trained_models_threshold_and_evaluation_cohorts,0.97260000000000002
CodeBERT_unfrozen_s2028,fusion_TPR_0.005,same_period,Brier,0.021980944502924416,7.8873146028419881e-05,0.022042397235661104,0.021749059925210215,0.022042397235661104,0.021791229723949628,0.022042397235661104,200,calibration_resampling_fixed_trained_models_threshold_and_evaluation_cohorts,0.021900315816454605
CodeBERT_unfrozen_s2028,fusion_TPR_0.005,same_period,ECE,0.011811163951964958,0.00065480619121588966,0.012313381697618562,0.0097548176001638169,0.012313381697618562,0.010214923907774559,0.012313381697618562,200,calibration_resampling_fixed_trained_models_threshold_and_evaluation_cohorts,0.011158485227869757
CodeBERT_unfrozen_s2028,fusion_TPR_0.005,same_period,F1,0.97256745749699303,7.8632875621531976e-05,0.97250091663611216,0.97250091663611216,0.97270272972702732,0.97250091663611216,0.97270272972702732,200,calibration_resampling_fixed_trained_models_threshold_and_evaluation_cohorts,0.97260182654489702
CodeBERT_unfrozen_s2028,fusion_TPR_0.005,same_period,LogLoss,0.08572659608944018,0.0014182243649643878,0.086949544475327697,0.082859238618014586,0.086949544475327697,0.083144722629956994,0.086949544475327697,200,calibration_resampling_fixed_trained_models_threshold_and_evaluation_cohorts,0.084093916872132413
CodeBERT_unfrozen_s2028,fusion_TPR_0.005,same_period,ROC_AUC,0.99591358870491486,3.4711461069777728e-05,0.99588410021956963,0.99588410021956963,0.99596630576922196,0.99588410021956963,0.99596630576922196,200,calibration_resampling_fixed_trained_models_threshold_and_evaluation_cohorts,0.99595016332997377
CodeBERT_unfrozen_s2028,fusion_TPR_0.005,same_period,deployed_per_format_FPR_0.001,0.0013141518902643025,0.00017608191685010237,0.0014720642355302777,0.0010705921712947475,0.0014720642355302777,0.0010705921712947475,0.0014720642355302777,200,calibration_resampling_fixed_trained_models_threshold_and_evaluation_cohorts,0.0011375041820006692
CodeBERT_unfrozen_s2028,fusion_TPR_0.005,same_period,deployed_per_format_FPR_0.005,0.0051863499498159913,6.6062654436880208e-05,0.0051522248243559719,0.0051522248243559719,0.0054198728671796589,0.0051522248243559719,0.0053529608564737369,200,calibration_resampling_fixed_trained_models_threshold_and_evaluation_cohorts,0.0052191368350618939
CodeBERT_unfrozen_s2028,fusion_TPR_0.005,same_period,deployed_per_format_FPR_0.01,0.01016928738708598,8.0484724026356756e-05,0.010103713616594179,0.010103713616594179,0.01057209769153563,0.010103713616594179,0.010304449648711944,200,calibration_resampling_fixed_trained_models_threshold_and_evaluation_cohorts,0.010237537638006023
CodeBERT_unfrozen_s2028,fusion_TPR_0.005,same_period,deployed_per_format_FPR_0.05,0.051860823017731678,0.00027736066852043767,0.051722984275677487,0.051656072264971563,0.052860488457678156,0.051656072264971563,0.052793576446972232,200,calibration_resampling_fixed_trained_models_threshold_and_evaluation_cohorts,0.052124456339913014
CodeBERT_unfrozen_s2028,fusion_TPR_0.005,same_period,deployed_per_format_TPR_0.001,0.80479242776486215,0.0033695013714414037,0.80777150448356028,0.798073729657921,0.80777150448356028,0.798073729657921,0.80777150448356028,200,calibration_resampling_fixed_trained_models_threshold_and_evaluation_cohorts,0.80132846230488208
CodeBERT_unfrozen_s2028,fusion_TPR_0.005,same_period,deployed_per_format_TPR_0.005,0.91330720690800404,0.0012526926953818657,0.91252075722351378,0.90993025572899366,0.91544337429425438,0.91086017934241115,0.91544337429425438,200,calibration_resampling_fixed_trained_models_threshold_and_evaluation_cohorts,0.91544337429425438
CodeBERT_unfrozen_s2028,fusion_TPR_0.005,same_period,deployed_per_format_TPR_0.01,0.9451185652607107,0.00022007298716085808,0.94493523746263697,0.94493523746263697,0.94546662238458978,0.94493523746263697,0.94546662238458978,200,calibration_resampling_fixed_trained_models_threshold_and_evaluation_cohorts,0.94546662238458978
CodeBERT_unfrozen_s2028,fusion_TPR_0.005,same_period,deployed_per_format_TPR_0.05,0.98258518764530056,0.00016212393808319079,0.98246429757555631,0.98246429757555631,0.98299568249750913,0.98246429757555631,0.98299568249750913,200,calibration_resampling_fixed_trained_models_threshold_and_evaluation_cohorts,0.98272999003653272
CodeBERT_unfrozen_s2028,fusion_TPR_0.005,same_period,deployed_pooled_FPR_0.001,0.0013094680495148877,0.00010909719586148026,0.001405152224824356,0.0010705921712947475,0.001405152224824356,0.0010705921712947475,0.001405152224824356,200,calibration_resampling_fixed_trained_models_threshold_and_evaluation_cohorts,0.0012044161927065907
CodeBERT_unfrozen_s2028,fusion_TPR_0.005,same_period,deployed_pooled_FPR_0.005,0.0053415858146537301,9.6303500162942749e-05,0.0053529608564737369,0.0050184008029441288,0.0054867848778855808,0.0050853128136500499,0.0054867848778855808,200,calibration_resampling_fixed_trained_models_threshold_and_evaluation_cohorts,0.0052191368350618939
CodeBERT_unfrozen_s2028,fusion_TPR_0.005,same_period,deployed_pooled_FPR_0.01,0.010430244228839076,6.9891998284184808e-05,0.010371361659417865,0.010371361659417865,0.010639009702241553,0.010371361659417865,0.01057209769153563,200,calibration_resampling_fixed_trained_models_threshold_and_evaluation_cohorts,0.010505185680829709
CodeBERT_unfrozen_s2028,fusion_TPR_0.005,same_period,deployed_pooled_FPR_0.05,0.052216125794580126,9.4701549471277262e-05,0.052191368350618939,0.052124456339913014,0.052525928404148547,0.052124456339913014,0.052525928404148547,200,calibration_resampling_fixed_trained_models_threshold_and_evaluation_cohorts,0.052258280361324856
CodeBERT_unfrozen_s2028,fusion_TPR_0.005,same_period,deployed_pooled_TPR_0.001,0.79939554965127868,0.0012176468577859672,0.79887080704085023,0.79814015277316508,0.80232480903354364,0.79814015277316508,0.80232480903354364,200,calibration_resampling_fixed_trained_models_threshold_and_evaluation_cohorts,0.79814015277316508
CodeBERT_unfrozen_s2028,fusion_TPR_0.005,same_period,deployed_pooled_TPR_0.005,0.91364131517768188,0.001074622155107502,0.91431418133510467,0.90993025572899366,0.91431418133510467,0.91099302557289941,0.91431418133510467,200,calibration_resampling_fixed_trained_models_threshold_and_evaluation_cohorts,0.9118565260710727
CodeBERT_unfrozen_s2028,fusion_TPR_0.005,same_period,deployed_pooled_TPR_0.01,0.94407572235137815,0.00018735770796947661,0.94393889073397541,0.94387246761873134,0.94447027565592823,0.94387246761873134,0.94433742942544008,200,calibration_resampling_fixed_trained_models_threshold_and_evaluation_cohorts,0.94433742942544008
CodeBERT_unfrozen_s2028,fusion_TPR_0.005,same_period,deployed_pooled_TPR_0.05,0.98285486549319157,0.00010198461864499407,0.98292925938226505,0.98266356692128864,0.98292925938226505,0.98266356692128864,0.98292925938226505,200,calibration_resampling_fixed_trained_models_threshold_and_evaluation_cohorts,0.98266356692128864
CodeBERT_unfrozen_s2028,fusion_TPR_0.005,test,AP,0.99590596642421458,5.285706894324485e-05,0.99594655259609399,0.99574102918111884,0.99594655259609399,0.99577815431376138,0.99594655259609399,200,calibration_resampling_fixed_trained_models_threshold_and_evaluation_cohorts,0.99585071370080125
CodeBERT_unfrozen_s2028,fusion_TPR_0.005,test,Accuracy,0.96845799999999993,6.8095246462062813e-05,0.96840000000000004,0.96840000000000004,0.96856666666666669,0.96840000000000004,0.96856666666666669,200,calibration_resampling_fixed_trained_models_threshold_and_evaluation_cohorts,0.96850000000000003
CodeBERT_unfrozen_s2028,fusion_TPR_0.005,test,Brier,0.024483218136770332,8.7229240288518454e-05,0.024551240025592905,0.024227744295389986,0.024551240025592905,0.024273801211347618,0.024551240025592905,200,calibration_resampling_fixed_trained_models_threshold_and_evaluation_cohorts,0.024393878388387309
CodeBERT_unfrozen_s2028,fusion_TPR_0.005,test,ECE,0.014909902784967526,0.00059003185817047693,0.015355826404235631,0.012837600080069891,0.015355826404235631,0.013306792294645179,0.015355826404235631,200,calibration_resampling_fixed_trained_models_threshold_and_evaluation_cohorts,0.014360436945636629
CodeBERT_unfrozen_s2028,fusion_TPR_0.005,test,F1,0.96845406647216092,6.8471868358997368e-05,0.96839578610481403,0.96839578610481403,0.96856352301896853,0.96839578610481403,0.96856352301896853,200,calibration_resampling_fixed_trained_models_threshold_and_evaluation_cohorts,0.96849684968496852
CodeBERT_unfrozen_s2028,fusion_TPR_0.005,test,LogLoss,0.093839915292062773,0.001422460884339922,0.095059589184649143,0.090906534382949974,0.095059589184649143,0.091200778140652985,0.095059589184649143,200,calibration_resampling_fixed_trained_models_threshold_and_evaluation_cohorts,0.092199772701005545
CodeBERT_unfrozen_s2028,fusion_TPR_0.005,test,ROC_AUC,0.9956553672618963,2.4645760443388369e-05,0.99566611417481066,0.99554626303538374,0.99567456322235393,0.99557874808982516,0.99567456322235393,200,calibration_resampling_fixed_trained_models_threshold_and_evaluation_cohorts,0.99563991812735164
CodeBERT_unfrozen_s2028,fusion_TPR_0.005,test,deployed_per_format_FPR_0.001,0.0015406762638098426,8.6741806987953609e-05,0.0014730498828255775,0.0014730498828255775,0.0016739203213927017,0.0014730498828255775,0.0016739203213927017,200,calibration_resampling_fixed_trained_models_threshold_and_evaluation_cohorts,0.0016739203213927017
CodeBERT_unfrozen_s2028,fusion_TPR_0.005,test,deployed_per_format_FPR_0.005,0.0062825577502510881,0.00028193309800680851,0.0060930699698694343,0.0060930699698694343,0.0068295949112822229,0.0060930699698694343,0.0068295949112822229,200,calibration_resampling_fixed_trained_models_threshold_and_evaluation_cohorts,0.0066956812855708068
CodeBERT_unfrozen_s2028,fusion_TPR_0.005,test,deployed_per_format_FPR_0.01,0.011862068965517241,7.5179815463158363e-05,0.011918312688316036,0.011650485436893204,0.011918312688316036,0.011650485436893204,0.011918312688316036,200,calibration_resampling_fixed_trained_models_threshold_and_evaluation_cohorts,0.011851355875460328
CodeBERT_unfrozen_s2028,fusion_TPR_0.005,test,deployed_per_format_FPR_0.05,0.051410110478741215,0.0002500244684395344,0.051623702711750923,0.0506193505189153,0.051623702711750923,0.051088048208905258,0.051623702711750923,200,calibration_resampling_fixed_trained_models_threshold_and_evaluation_cohorts,0.051088048208905258
CodeBERT_unfrozen_s2028,fusion_TPR_0.005,test,deployed_per_format_TPR_0.001,0.79066843677397936,0.010234008264330031,0.79986724195154335,0.77583803518088279,0.79986724195154335,0.77583803518088279,0.79986724195154335,200,calibration_resampling_fixed_trained_models_threshold_and_evaluation_cohorts,0.77995353468304018
CodeBERT_unfrozen_s2028,fusion_TPR_0.005,test,deployed_per_format_TPR_0.005,0.90483305675406567,0.001384138653366762,0.90394955194158644,0.90149352804513772,0.90713574510454698,0.90229007633587788,0.90713574510454698,200,calibration_resampling_fixed_trained_models_threshold_and_evaluation_cohorts,0.90713574510454698
CodeBERT_unfrozen_s2028,fusion_TPR_0.005,test,deployed_per_format_TPR_0.01,0.93621241287753065,0.00019169752513597396,0.93614337869233322,0.9355459674742781,0.93647527381347495,0.93587786259541983,0.93647527381347495,200,calibration_resampling_fixed_trained_models_threshold_and_evaluation_cohorts,0.93647527381347495
CodeBERT_unfrozen_s2028,fusion_TPR_0.005,test,deployed_per_format_TPR_0.05,0.98129970129439104,0.00013076844712531566,0.98121473614337873,0.98121473614337873,0.98194490540989043,0.98121473614337873,0.98167938931297705,200,calibration_resampling_fixed_trained_models_threshold_and_evaluation_cohorts,0.98141387321606377
CodeBERT_unfrozen_s2028,fusion_TPR_0.005,test,deployed_pooled_FPR_0.001,0.0016196853029795783,3.7607883300183696e-05,0.0016069635085369936,0.0016069635085369936,0.0017408771342484097,0.0016069635085369936,0.0017408771342484097,200,calibration_resampling_fixed_trained_models_threshold_and_evaluation_cohorts,0.0016069635085369936
CodeBERT_unfrozen_s2028,fusion_TPR_0.005,test,deployed_pooled_FPR_0.005,0.0061573485102109134,0.00015653764876008981,0.0062269835955808504,0.0058252427184466021,0.0063608972212922665,0.0058252427184466021,0.0063608972212922665,200,calibration_resampling_fixed_trained_models_threshold_and_evaluation_cohorts,0.0058252427184466021
CodeBERT_unfrozen_s2028,fusion_TPR_0.005,test,deployed_pooled_FPR_0.01,0.012413793103448277,6.9758175045987286e-05,0.012453967191161701,0.012253096752594577,0.012520924004017409,0.012253096752594577,0.012453967191161701,200,calibration_resampling_fixed_trained_models_threshold_and_evaluation_cohorts,0.012320053565450285
CodeBERT_unfrozen_s2028,fusion_TPR_0.005,test,deployed_pooled_FPR_0.05,0.051136257114161365,0.00027645002991472426,0.05135587546032809,0.04988282557750251,0.05135587546032809,0.050552393706059594,0.05135587546032809,200,calibration_resampling_fixed_trained_models_threshold_and_evaluation_cohorts,0.051021091396049545
CodeBERT_unfrozen_s2028,fusion_TPR_0.005,test,deployed_pooled_TPR_0.001,0.78605708596083645,0.0066300482063445659,0.79196813806837041,0.77583803518088279,0.79196813806837041,0.77696647859276469,0.79196813806837041,200,calibration_resampling_fixed_trained_models_threshold_and_evaluation_cohorts,0.77736475273813477
CodeBERT_unfrozen_s2028,fusion_TPR_0.005,test,deployed_pooled_TPR_0.005,0.90453368735479589,0.0013294471247159033,0.90547626949883842,0.89983405243942916,0.90547626949883842,0.90222369731164953,0.90547626949883842,200,calibration_resampling_fixed_trained_models_threshold_and_evaluation_cohorts,0.90229007633587788
CodeBERT_unfrozen_s2028,fusion_TPR_0.005,test,deployed_pooled_TPR_0.01,0.93488350481247917,0.00024377496855554982,0.9346830401593097,0.9346830401593097,0.93528045137736471,0.9346830401593097,0.93528045137736471,200,calibration_resampling_fixed_trained_models_threshold_and_evaluation_cohorts,0.93528045137736471
CodeBERT_unfrozen_s2028,fusion_TPR_0.005,test,deployed_pooled_TPR_0.05,0.98131895121141721,8.163981304118201e-05,0.98134749419183542,0.98114835711915038,0.98148025224029212,0.98114835711915038,0.98148025224029212,200,calibration_resampling_fixed_trained_models_threshold_and_evaluation_cohorts,0.98134749419183542
CodeBERT_unfrozen_s2028,isotonic_probability,same_period,AP,0.98136971730786737,0.00034044712950915922,0.98139815317592272,0.98023536795993527,0.98206013802499681,0.98064174099334911,0.98191883080989228,200,calibration_resampling_fixed_trained_models_threshold_and_evaluation_cohorts,0.98177011042563045
CodeBERT_unfrozen_s2028,isotonic_probability,same_period,Accuracy,0.93626299999999996,0.0015017458293643871,0.93679999999999997,0.93210000000000004,0.93796666666666662,0.93293333333333328,0.9378333333333333,200,calibration_resampling_fixed_trained_models_threshold_and_evaluation_cohorts,0.93740000000000001
CodeBERT_unfrozen_s2028,isotonic_probability,same_period,Brier,0.048568903480334151,0.0001704248374868169,0.048544006525387762,0.048210606788631358,0.049068555627398744,0.048299960120856709,0.048950871871859349,200,calibration_resampling_fixed_trained_models_threshold_and_evaluation_cohorts,0.048427518023603643
CodeBERT_unfrozen_s2028,isotonic_probability,same_period,ECE,0.0072226587631882477,0.0013859932313211114,0.0071947382155298275,0.0037116952323623534,0.01124095909163254,0.0048422199238867484,0.010217787945306613,200,calibration_resampling_fixed_trained_models_threshold_and_evaluation_cohorts,0.0050574619596323953
CodeBERT_unfrozen_s2028,isotonic_probability,same_period,F1,0.93685113236027318,0.0010824278190040316,0.93723308994778298,0.93376686717606894,0.9379894038852421,0.93442836657541395,0.93795535446954326,200,calibration_resampling_fixed_trained_models_threshold_and_evaluation_cohorts,0.93771557442292386
CodeBERT_unfrozen_s2028,isotonic_probability,same_period,LogLoss,0.17089055763664476,0.0020127210980511213,0.17019992862940997,0.1691368670311853,0.18539589015468566,0.1692678086894987,0.17628246116660445,200,calibration_resampling_fixed_trained_models_threshold_and_evaluation_cohorts,0.16943782509732982
CodeBERT_unfrozen_s2028,isotonic_probability,same_period,ROC_AUC,0.98235066345891975,9.196181427601876e-05,0.98236806961515821,0.98204383858938549,0.982523296146537,0.98212350554935235,0.98248171836532461,200,calibration_resampling_fixed_trained_models_threshold_and_evaluation_cohorts,0.98247696441252153
CodeBERT_unfrozen_s2028,isotonic_probability,same_period,deployed_per_format_FPR_0.001,0.00025058548009367684,0.00013247180437174055,0.00026764804282368687,0,0.00053529608564737373,0,0.00053529608564737373,200,calibration_resampling_fixed_trained_models_threshold_and_evaluation_cohorts,0.00033456005352960856
CodeBERT_unfrozen_s2028,isotonic_probability,same_period,deployed_per_format_FPR_0.005,0.0040220809635329539,0.00053301276100891888,0.0040816326530612249,0.0024757443961191034,0.0049514887922382069,0.0028103044496487119,0.0047507527601204419,200,calibration_resampling_fixed_trained_models_threshold_and_evaluation_cohorts,0.004349280695884911
CodeBERT_unfrozen_s2028,isotonic_probability,same_period,deployed_per_format_FPR_0.01,0.0074777517564402806,0.00069616217431846576,0.0075945132151221144,0.0056206088992974239,0.0086985613917698219,0.0058213449314151889,0.0084325861492137843,200,calibration_resampling_fixed_trained_models_threshold_and_evaluation_cohorts,0.0074941451990632318
CodeBERT_unfrozen_s2028,isotonic_probability,same_period,deployed_per_format_FPR_0.05,0.042183673469387756,0.0030406195031390353,0.042622950819672129,0.032653061224489799,0.048912679826028774,0.038541318166610904,0.047714954834392774,200,calibration_resampling_fixed_trained_models_threshold_and_evaluation_cohorts,0.04289059886249582
CodeBERT_unfrozen_s2028,isotonic_probability,same_period,deployed_per_format_TPR_0.001,0.37482431086017931,0.041916273954519669,0.37924277648621718,0.24603121886416474,0.44510129525074726,0.2906758551976088,0.43697110594486882,200,calibration_resampling_fixed_trained_models_threshold_and_evaluation_cohorts,0.39302557289936896
CodeBERT_unfrozen_s2028,isotonic_probability,same_period,deployed_per_format_TPR_0.005,0.65297409498505476,0.024017623884374846,0.65679176353370972,0.56658917303221523,0.68907339754234476,0.5999335768847559,0.68329624709398873,200,calibration_resampling_fixed_trained_models_threshold_and_evaluation_cohorts,0.66496180670873462
CodeBERT_unfrozen_s2028,isotonic_probability,same_period,deployed_per_format_TPR_0.01,0.74492959149784133,0.015149235876989445,0.74739289272666887,0.70255728993689803,0.76831617402856189,0.71031550979740943,0.76532713384257722,200,calibration_resampling_fixed_trained_models_threshold_and_evaluation_cohorts,0.74599800730654264
CodeBERT_unfrozen_s2028,isotonic_probability,same_period,deployed_per_format_TPR_0.05,0.90796612421122547,0.006184835629035941,0.90833610096313522,0.88249750913317837,0.92128860843573568,0.90076386582530721,0.91982896047824647,200,calibration_resampling_fixed_trained_models_threshold_and_evaluation_cohorts,0.90860179342411163
CodeBERT_unfrozen_s2028,isotonic_probability,same_period,deployed_pooled_FPR_0.001,0.00068919371027099355,0.00030006551329216623,0.00086985613917698224,0,0.00086985613917698224,6.5239210438273703e-05,0.00086985613917698224,200,calibration_resampling_fixed_trained_models_threshold_and_evaluation_cohorts,0.00086985613917698224
CodeBERT_unfrozen_s2028,isotonic_probability,same_period,deployed_pooled_FPR_0.005,0.0047504182000669111,0.00050735207430317015,0.0046169287387085979,0.003011040481766477,0.0056206088992974239,0.0038089662094345934,0.0056206088992974239,200,calibration_resampling_fixed_trained_models_threshold_and_evaluation_cohorts,0.004349280695884911
CodeBERT_unfrozen_s2028,isotonic_probability,same_period,deployed_pooled_FPR_0.01,0.0079608564737370362,0.00166986482769536,0.0074941451990632318,0.004349280695884911,0.010237537638006023,0.0046102375376380058,0.010237537638006023,200,calibration_resampling_fixed_trained_models_threshold_and_evaluation_cohorts,0.0067581130812980929
CodeBERT_unfrozen_s2028,isotonic_probability,same_period,deployed_pooled_FPR_0.05,0.040828705252592835,0.0030511490312608363,0.039143526262964204,0.032653061224489799,0.05011709601873536,0.038541318166610904,0.04857979257276681,200,calibration_resampling_fixed_trained_models_threshold_and_evaluation_cohorts,0.038541318166610904
CodeBERT_unfrozen_s2028,isotonic_probability,same_period,deployed_pooled_TPR_0.001,0.41869046828296247,0.074537776945085135,0.45918299568249749,0.21248754566589173,0.46549319163068748,0.25918133510461644,0.46549319163068748,200,calibration_resampling_fixed_trained_models_threshold_and_evaluation_cohorts,0.45918299568249749
CodeBERT_unfrozen_s2028,isotonic_probability,same_period,deployed_pooled_TPR_0.005,0.66864629691132504,0.014619090587007076,0.66462969113251413,0.61653935569578211,0.6892062437728329,0.63991364995018274,0.6892062437728329,200,calibration_resampling_fixed_trained_models_threshold_and_evaluation_cohorts,0.65732314845566253
CodeBERT_unfrozen_s2028,isotonic_probability,same_period,deployed_pooled_TPR_0.01,0.73810262371305213,0.026589760648620914,0.73742942544005319,0.65732314845566253,0.76426436399867159,0.66444702756559282,0.76426436399867159,200,calibration_resampling_fixed_trained_models_threshold_and_evaluation_cohorts,0.72474261042842913
CodeBERT_unfrozen_s2028,isotonic_probability,same_period,deployed_pooled_TPR_0.05,0.90491962803055459,0.0055282150262020609,0.90235802059116577,0.88249750913317837,0.92029226170707401,0.90076386582530721,0.91810029890401856,200,calibration_resampling_fixed_trained_models_threshold_and_evaluation_cohorts,0.90076386582530721
CodeBERT_unfrozen_s2028,isotonic_probability,test,AP,0.97896681838111776,0.00035548143407958987,0.97901220997805027,0.97790661788863553,0.97967523699321402,0.97820927349259457,0.97952774316898561,200,calibration_resampling_fixed_trained_models_threshold_and_evaluation_cohorts,0.97943764673121514
CodeBERT_unfrozen_s2028,isotonic_probability,test,Accuracy,0.93162166666666668,0.00039056073591981871,0.93151666666666666,0.93013333333333337,0.93263333333333331,0.93120000000000003,0.93253416666666666,200,calibration_resampling_fixed_trained_models_threshold_and_evaluation_cohorts,0.93149999999999999
CodeBERT_unfrozen_s2028,isotonic_probability,test,Brier,0.05219006681615905,0.00023297123301991139,0.052179804389283949,0.051700720900186237,0.052889436867103769,0.05179591138332245,0.052748732804855314,200,calibration_resampling_fixed_trained_models_threshold_and_evaluation_cohorts,0.052026035153952932
CodeBERT_unfrozen_s2028,isotonic_probability,test,ECE,0.016584648245903628,0.001566959411123562,0.016589201277998226,0.012743761629995892,0.020813865304168094,0.013267374114101204,0.019791409262848132,200,calibration_resampling_fixed_trained_models_threshold_and_evaluation_cohorts,0.016045484589109558
CodeBERT_unfrozen_s2028,isotonic_probability,test,F1,0.93132454331911252,0.00073286207337262181,0.93105992011830996,0.9291556817413642,0.93314366998577525,0.93051624208114303,0.93305093159479768,200,calibration_resampling_fixed_trained_models_threshold_and_evaluation_cohorts,0.93097773150169616
CodeBERT_unfrozen_s2028,isotonic_probability,test,LogLoss,0.18298685547560531,0.0026490561275773795,0.18205321775148081,0.17939719189847542,0.19256581746340309,0.17982324299463348,0.18955289487510568,200,calibration_resampling_fixed_trained_models_threshold_and_evaluation_cohorts,0.18037082970509805
CodeBERT_unfrozen_s2028,isotonic_probability,test,ROC_AUC,0.98119586746684462,9.0219566600235139e-05,0.98120313814781634,0.9808748675391793,0.98140146853868693,0.98096972609819011,0.98132854461378216,200,calibration_resampling_fixed_trained_models_threshold_and_evaluation_cohorts,0.98133027609074008
CodeBERT_unfrozen_s2028,isotonic_probability,test,deployed_per_format_FPR_0.001,0.0010800133913625711,0.0003548301584470138,0.0011382658185470371,0.00033478406427854036,0.0016739203213927017,0.00040174087713424841,0.0016739203213927017,200,calibration_resampling_fixed_trained_models_threshold_and_evaluation_cohorts,0.0012052226314027451
CodeBERT_unfrozen_s2028,isotonic_probability,test,deployed_per_format_FPR_0.005,0.0044630063608972212,0.00046055647711534781,0.0044861064613324403,0.0032808838299296953,0.0055574154670237699,0.0033478406427854034,0.0052226314027452297,200,calibration_resampling_fixed_trained_models_threshold_and_evaluation_cohorts,0.0044861064613324403
CodeBERT_unfrozen_s2028,isotonic_probability,test,deployed_per_format_FPR_0.01,0.0081232005356545022,0.0008671780539506569,0.0083026447941078,0.0058252427184466021,0.0095078674255105449,0.0060261131570137263,0.0093086709072648134,200,calibration_resampling_fixed_trained_models_threshold_and_evaluation_cohorts,0.0082356879812520919
CodeBERT_unfrozen_s2028,isotonic_probability,test,deployed_per_format_FPR_0.05,0.039965182457315035,0.002744080669517735,0.040374958151991963,0.030063608972212923,0.045597589554737195,0.036558419819216606,0.044861064613324404,200,calibration_resampling_fixed_trained_models_threshold_and_evaluation_cohorts,0.040709742216270509
CodeBERT_unfrozen_s2028,isotonic_probability,test,deployed_per_format_TPR_0.001,0.35476535014935279,0.035733500102440197,0.35994025887819447,0.22827746432127446,0.41042150680384998,0.27294722867573845,0.40348821772319948,200,calibration_resampling_fixed_trained_models_threshold_and_evaluation_cohorts,0.37656820444739464
CodeBERT_unfrozen_s2028,isotonic_probability,test,deployed_per_format_TPR_0.005,0.58264354463989376,0.021295750195437033,0.58685695320278797,0.51370726850315296,0.61506803849983405,0.53640889478924658,0.60997178891470294,200,calibration_resampling_fixed_trained_models_threshold_and_evaluation_cohorts,0.59316296050448059
CodeBERT_unfrozen_s2028,isotonic_probability,test,deployed_per_format_TPR_0.01,0.6803308994357784,0.018985584781313822,0.68489877198805182,0.62681712578825088,0.70919349485562566,0.63561898440092934,0.70361931629605046,200,calibration_resampling_fixed_trained_models_threshold_and_evaluation_cohorts,0.68264188516428803
CodeBERT_unfrozen_s2028,isotonic_probability,test,deployed_per_format_TPR_0.05,0.88351211417192177,0.0066016578907271096,0.88440092930633918,0.85701958181214732,0.896913375373382,0.87580484566876871,0.89592266843677393,200,calibration_resampling_fixed_trained_models_threshold_and_evaluation_cohorts,0.88536342515765021
CodeBERT_unfrozen_s2028,isotonic_probability,test,deployed_pooled_FPR_0.001,0.00091396049548041506,0.00026518557984795522,0.001071309005691329,0.00020087043856712421,0.001071309005691329,0.00039671911617007044,0.001071309005691329,200,calibration_resampling_fixed_trained_models_threshold_and_evaluation_cohorts,0.001071309005691329
CodeBERT_unfrozen_s2028,isotonic_probability,test,deployed_pooled_FPR_0.005,0.004583193839973217,0.00054494246492353541,0.0042852360227653161,0.0030130565785068631,0.0053565450284566458,0.0038131904921325744,0.0053565450284566458,200,calibration_resampling_fixed_trained_models_threshold_and_evaluation_cohorts,0.0042182792099096081
CodeBERT_unfrozen_s2028,isotonic_probability,test,deployed_pooled_FPR_0.01,0.0081961834616672245,0.001635067708799783,0.0076330766655507195,0.0042182792099096081,0.010110478741211919,0.0042835621024439234,0.010110478741211919,200,calibration_resampling_fixed_trained_models_threshold_and_evaluation_cohorts,0.0072313357884164712
CodeBERT_unfrozen_s2028,isotonic_probability,test,deployed_pooled_FPR_0.05,0.03845262805490459,0.0023930694769927832,0.037361901573485103,0.030063608972212923,0.045865416806160027,0.036558419819216606,0.044394040843655842,200,calibration_resampling_fixed_trained_models_threshold_and_evaluation_cohorts,0.036558419819216606
CodeBERT_unfrozen_s2028,isotonic_probability,test,deployed_pooled_TPR_0.001,0.3752150680384998,0.060814360135646728,0.40809824095585795,0.20013275804845668,0.41327580484566878,0.24433620975771658,0.41327580484566878,200,calibration_resampling_fixed_trained_models_threshold_and_evaluation_cohorts,0.40809824095585795
CodeBERT_unfrozen_s2028,isotonic_probability,test,deployed_pooled_TPR_0.005,0.59851775638898108,0.01631633860188814,0.59395950879522075,0.54291403916362424,0.62230335214072352,0.56632094258214405,0.62230335214072352,200,calibration_resampling_fixed_trained_models_threshold_and_evaluation_cohorts,0.58586126783936276
CodeBERT_unfrozen_s2028,isotonic_probability,test,deployed_pooled_TPR_0.01,0.68048655824759374,0.032662821990606807,0.67992034517092603,0.58586126783936276,0.71443743776966484,0.59375705277132429,0.71443743776966484,200,calibration_resampling_fixed_trained_models_threshold_and_evaluation_cohorts,0.66232990375041489
CodeBERT_unfrozen_s2028,isotonic_probability,test,deployed_pooled_TPR_0.05,0.87978891470295395,0.0054528379627738982,0.87726518420179223,0.85701958181214732,0.89678061732492531,0.87580484566876871,0.89306671091934953,200,calibration_resampling_fixed_trained_models_threshold_and_evaluation_cohorts,0.87580484566876871
CodeBERT_unfrozen_s2028,isotonic_tiebreak,same_period,AP,0.98375676203980178,0,0.98375676203980178,0.98375676203980178,0.98375676203980178,0.98375676203980178,0.98375676203980178,200,calibration_resampling_fixed_trained_models_threshold_and_evaluation_cohorts,0.98375676203980178
CodeBERT_unfrozen_s2028,isotonic_tiebreak,same_period,Accuracy,0.93626299999999996,0.0015017458293643871,0.93679999999999997,0.93210000000000004,0.93796666666666662,0.93293333333333328,0.9378333333333333,200,calibration_resampling_fixed_trained_models_threshold_and_evaluation_cohorts,0.93740000000000001
CodeBERT_unfrozen_s2028,isotonic_tiebreak,same_period,Brier,0.048568903480334151,0.0001704248374868169,0.048544006525387762,0.048210606788631358,0.049068555627398744,0.048299960120856709,0.048950871871859349,200,calibration_resampling_fixed_trained_models_threshold_and_evaluation_cohorts,0.048427518023603643
CodeBERT_unfrozen_s2028,isotonic_tiebreak,same_period,ECE,0.0072226587631882477,0.0013859932313211114,0.0071947382155298275,0.0037116952323623534,0.01124095909163254,0.0048422199238867484,0.010217787945306613,200,calibration_resampling_fixed_trained_models_threshold_and_evaluation_cohorts,0.0050574619596323953
CodeBERT_unfrozen_s2028,isotonic_tiebreak,same_period,F1,0.93685113236027318,0.0010824278190040316,0.93723308994778298,0.93376686717606894,0.9379894038852421,0.93442836657541395,0.93795535446954326,200,calibration_resampling_fixed_trained_models_threshold_and_evaluation_cohorts,0.93771557442292386
CodeBERT_unfrozen_s2028,isotonic_tiebreak,same_period,LogLoss,0.17089055763664476,0.0020127210980511213,0.17019992862940997,0.1691368670311853,0.18539589015468566,0.1692678086894987,0.17628246116660445,200,calibration_resampling_fixed_trained_models_threshold_and_evaluation_cohorts,0.16943782509732982
CodeBERT_unfrozen_s2028,isotonic_tiebreak,same_period,ROC_AUC,0.98263402874638661,0,0.98263402874638661,0.98263402874638661,0.98263402874638661,0.98263402874638661,0.98263402874638661,200,calibration_resampling_fixed_trained_models_threshold_and_evaluation_cohorts,0.98263402874638661
CodeBERT_unfrozen_s2028,isotonic_tiebreak,same_period,deployed_per_format_FPR_0.001,0.00066912010705921722,0,0.00066912010705921711,0.00066912010705921711,0.00066912010705921711,0.00066912010705921711,0.00066912010705921711,200,calibration_resampling_fixed_trained_models_threshold_and_evaluation_cohorts,0.00066912010705921711
CodeBERT_unfrozen_s2028,isotonic_tiebreak,same_period,deployed_per_format_FPR_0.005,0.0052860488457678149,0,0.0052860488457678149,0.0052860488457678149,0.0052860488457678149,0.0052860488457678149,0.0052860488457678149,200,calibration_resampling_fixed_trained_models_threshold_and_evaluation_cohorts,0.0052860488457678149
CodeBERT_unfrozen_s2028,isotonic_tiebreak,same_period,deployed_per_format_FPR_0.01,0.0088992974238875887,0,0.0088992974238875887,0.0088992974238875887,0.0088992974238875887,0.0088992974238875887,0.0088992974238875887,200,calibration_resampling_fixed_trained_models_threshold_and_evaluation_cohorts,0.0088992974238875887
CodeBERT_unfrozen_s2028,isotonic_tiebreak,same_period,deployed_per_format_FPR_0.05,0.050451656072264962,0,0.050451656072264969,0.050451656072264969,0.050451656072264969,0.050451656072264969,0.050451656072264969,200,calibration_resampling_fixed_trained_models_threshold_and_evaluation_cohorts,0.050451656072264969
CodeBERT_unfrozen_s2028,isotonic_tiebreak,same_period,deployed_per_format_TPR_0.001,0.46914646296911328,0,0.46914646296911328,0.46914646296911328,0.46914646296911328,0.46914646296911328,0.46914646296911328,200,calibration_resampling_fixed_trained_models_threshold_and_evaluation_cohorts,0.46914646296911328
CodeBERT_unfrozen_s2028,isotonic_tiebreak,same_period,deployed_per_format_TPR_0.005,0.69850547990700762,0,0.69850547990700762,0.69850547990700762,0.69850547990700762,0.69850547990700762,0.69850547990700762,200,calibration_resampling_fixed_trained_models_threshold_and_evaluation_cohorts,0.69850547990700762
CodeBERT_unfrozen_s2028,isotonic_tiebreak,same_period,deployed_per_format_TPR_0.01,0.77316506144138164,0,0.77316506144138164,0.77316506144138164,0.77316506144138164,0.77316506144138164,0.77316506144138164,200,calibration_resampling_fixed_trained_models_threshold_and_evaluation_cohorts,0.77316506144138164
CodeBERT_unfrozen_s2028,isotonic_tiebreak,same_period,deployed_per_format_TPR_0.05,0.92334772500830287,0,0.92334772500830287,0.92334772500830287,0.92334772500830287,0.92334772500830287,0.92334772500830287,200,calibration_resampling_fixed_trained_models_threshold_and_evaluation_cohorts,0.92334772500830287
CodeBERT_unfrozen_s2028,isotonic_tiebreak,same_period,deployed_pooled_FPR_0.001,0.00086985613917698224,0,0.00086985613917698224,0.00086985613917698224,0.00086985613917698224,0.00086985613917698224,0.00086985613917698224,200,calibration_resampling_fixed_trained_models_threshold_and_evaluation_cohorts,0.00086985613917698224
CodeBERT_unfrozen_s2028,isotonic_tiebreak,same_period,deployed_pooled_FPR_0.005,0.0056206088992974239,0,0.0056206088992974239,0.0056206088992974239,0.0056206088992974239,0.0056206088992974239,0.0056206088992974239,200,calibration_resampling_fixed_trained_models_threshold_and_evaluation_cohorts,0.0056206088992974239
CodeBERT_unfrozen_s2028,isotonic_tiebreak,same_period,deployed_pooled_FPR_0.01,0.010237537638006023,0,0.010237537638006023,0.010237537638006023,0.010237537638006023,0.010237537638006023,0.010237537638006023,200,calibration_resampling_fixed_trained_models_threshold_and_evaluation_cohorts,0.010237537638006023
CodeBERT_unfrozen_s2028,isotonic_tiebreak,same_period,deployed_pooled_FPR_0.05,0.050250920040147209,0,0.050250920040147209,0.050250920040147209,0.050250920040147209,0.050250920040147209,0.050250920040147209,200,calibration_resampling_fixed_trained_models_threshold_and_evaluation_cohorts,0.050250920040147209
CodeBERT_unfrozen_s2028,isotonic_tiebreak,same_period,deployed_pooled_TPR_0.001,0.46569246097641981,0,0.46569246097641981,0.46569246097641981,0.46569246097641981,0.46569246097641981,0.46569246097641981,200,calibration_resampling_fixed_trained_models_threshold_and_evaluation_cohorts,0.46569246097641981
CodeBERT_unfrozen_s2028,isotonic_tiebreak,same_period,deployed_pooled_TPR_0.005,0.68960478246429757,0,0.68960478246429757,0.68960478246429757,0.68960478246429757,0.68960478246429757,0.68960478246429757,200,calibration_resampling_fixed_trained_models_threshold_and_evaluation_cohorts,0.68960478246429757
CodeBERT_unfrozen_s2028,isotonic_tiebreak,same_period,deployed_pooled_TPR_0.01,0.76426436399867159,0,0.76426436399867159,0.76426436399867159,0.76426436399867159,0.76426436399867159,0.76426436399867159,200,calibration_resampling_fixed_trained_models_threshold_and_evaluation_cohorts,0.76426436399867159
CodeBERT_unfrozen_s2028,isotonic_tiebreak,same_period,deployed_pooled_TPR_0.05,0.92049153105280634,0,0.92049153105280634,0.92049153105280634,0.92049153105280634,0.92049153105280634,0.92049153105280634,200,calibration_resampling_fixed_trained_models_threshold_and_evaluation_cohorts,0.92049153105280634
CodeBERT_unfrozen_s2028,isotonic_tiebreak,test,AP,0.98157459291780302,0,0.98157459291780302,0.98157459291780302,0.98157459291780302,0.98157459291780302,0.98157459291780302,200,calibration_resampling_fixed_trained_models_threshold_and_evaluation_cohorts,0.98157459291780302
CodeBERT_unfrozen_s2028,isotonic_tiebreak,test,Accuracy,0.93162166666666668,0.00039056073591981871,0.93151666666666666,0.93013333333333337,0.93263333333333331,0.93120000000000003,0.93253416666666666,200,calibration_resampling_fixed_trained_models_threshold_and_evaluation_cohorts,0.93149999999999999
CodeBERT_unfrozen_s2028,isotonic_tiebreak,test,Brier,0.05219006681615905,0.00023297123301991139,0.052179804389283949,0.051700720900186237,0.052889436867103769,0.05179591138332245,0.052748732804855314,200,calibration_resampling_fixed_trained_models_threshold_and_evaluation_cohorts,0.052026035153952932
CodeBERT_unfrozen_s2028,isotonic_tiebreak,test,ECE,0.016584648245903628,0.001566959411123562,0.016589201277998226,0.012743761629995892,0.020813865304168094,0.013267374114101204,0.019791409262848132,200,calibration_resampling_fixed_trained_models_threshold_and_evaluation_cohorts,0.016045484589109558
CodeBERT_unfrozen_s2028,isotonic_tiebreak,test,F1,0.93132454331911252,0.00073286207337262181,0.93105992011830996,0.9291556817413642,0.93314366998577525,0.93051624208114303,0.93305093159479768,200,calibration_resampling_fixed_trained_models_threshold_and_evaluation_cohorts,0.93097773150169616
CodeBERT_unfrozen_s2028,isotonic_tiebreak,test,LogLoss,0.18298685547560531,0.0026490561275773795,0.18205321775148081,0.17939719189847542,0.19256581746340309,0.17982324299463348,0.18955289487510568,200,calibration_resampling_fixed_trained_models_threshold_and_evaluation_cohorts,0.18037082970509805
CodeBERT_unfrozen_s2028,isotonic_tiebreak,test,ROC_AUC,0.9814917569007684,0,0.98149175690076851,0.98149175690076851,0.98149175690076851,0.98149175690076851,0.98149175690076851,200,calibration_resampling_fixed_trained_models_threshold_and_evaluation_cohorts,0.98149175690076851
CodeBERT_unfrozen_s2028,isotonic_tiebreak,test,deployed_per_format_FPR_0.001,0.0016739203213927017,0,0.0016739203213927017,0.0016739203213927017,0.0016739203213927017,0.0016739203213927017,0.0016739203213927017,200,calibration_resampling_fixed_trained_models_threshold_and_evaluation_cohorts,0.0016739203213927017
CodeBERT_unfrozen_s2028,isotonic_tiebreak,test,deployed_per_format_FPR_0.005,0.0060261131570137263,0,0.0060261131570137263,0.0060261131570137263,0.0060261131570137263,0.0060261131570137263,0.0060261131570137263,200,calibration_resampling_fixed_trained_models_threshold_and_evaluation_cohorts,0.0060261131570137263
CodeBERT_unfrozen_s2028,isotonic_tiebreak,test,deployed_per_format_FPR_0.01,0.0097087378640776691,0,0.0097087378640776691,0.0097087378640776691,0.0097087378640776691,0.0097087378640776691,0.0097087378640776691,200,calibration_resampling_fixed_trained_models_threshold_and_evaluation_cohorts,0.0097087378640776691
CodeBERT_unfrozen_s2028,isotonic_tiebreak,test,deployed_per_format_FPR_0.05,0.046401071309005691,0,0.046401071309005691,0.046401071309005691,0.046401071309005691,0.046401071309005691,0.046401071309005691,200,calibration_resampling_fixed_trained_models_threshold_and_evaluation_cohorts,0.046401071309005691
CodeBERT_unfrozen_s2028,isotonic_tiebreak,test,deployed_per_format_TPR_0.001,0.42602057749751077,0,0.42602057749751077,0.42602057749751077,0.42602057749751077,0.42602057749751077,0.42602057749751077,200,calibration_resampling_fixed_trained_models_threshold_and_evaluation_cohorts,0.42602057749751077
CodeBERT_unfrozen_s2028,isotonic_tiebreak,test,deployed_per_format_TPR_0.005,0.62588781944905414,0,0.62588781944905414,0.62588781944905414,0.62588781944905414,0.62588781944905414,0.62588781944905414,200,calibration_resampling_fixed_trained_models_threshold_and_evaluation_cohorts,0.62588781944905414
CodeBERT_unfrozen_s2028,isotonic_tiebreak,test,deployed_per_format_TPR_0.01,0.71410554264852311,0,0.71410554264852311,0.71410554264852311,0.71410554264852311,0.71410554264852311,0.71410554264852311,200,calibration_resampling_fixed_trained_models_threshold_and_evaluation_cohorts,0.71410554264852311
CodeBERT_unfrozen_s2028,isotonic_tiebreak,test,deployed_per_format_TPR_0.05,0.89917026219714569,0,0.89917026219714569,0.89917026219714569,0.89917026219714569,0.89917026219714569,0.89917026219714569,200,calibration_resampling_fixed_trained_models_threshold_and_evaluation_cohorts,0.89917026219714569
CodeBERT_unfrozen_s2028,isotonic_tiebreak,test,deployed_pooled_FPR_0.001,0.001071309005691329,0,0.001071309005691329,0.001071309005691329,0.001071309005691329,0.001071309005691329,0.001071309005691329,200,calibration_resampling_fixed_trained_models_threshold_and_evaluation_cohorts,0.001071309005691329
CodeBERT_unfrozen_s2028,isotonic_tiebreak,test,deployed_pooled_FPR_0.005,0.0053565450284566466,0,0.0053565450284566458,0.0053565450284566458,0.0053565450284566458,0.0053565450284566458,0.0053565450284566458,200,calibration_resampling_fixed_trained_models_threshold_and_evaluation_cohorts,0.0053565450284566458
CodeBERT_unfrozen_s2028,isotonic_tiebreak,test,deployed_pooled_FPR_0.01,0.010110478741211919,0,0.010110478741211919,0.010110478741211919,0.010110478741211919,0.010110478741211919,0.010110478741211919,200,calibration_resampling_fixed_trained_models_threshold_and_evaluation_cohorts,0.010110478741211919
CodeBERT_unfrozen_s2028,isotonic_tiebreak,test,deployed_pooled_FPR_0.05,0.046066287244727153,0,0.046066287244727153,0.046066287244727153,0.046066287244727153,0.046066287244727153,0.046066287244727153,200,calibration_resampling_fixed_trained_models_threshold_and_evaluation_cohorts,0.046066287244727153
CodeBERT_unfrozen_s2028,isotonic_tiebreak,test,deployed_pooled_TPR_0.001,0.41354132094258217,0,0.41354132094258217,0.41354132094258217,0.41354132094258217,0.41354132094258217,0.41354132094258217,200,calibration_resampling_fixed_trained_models_threshold_and_evaluation_cohorts,0.41354132094258217
CodeBERT_unfrozen_s2028,isotonic_tiebreak,test,deployed_pooled_TPR_0.005,0.62256886823763691,0,0.62256886823763691,0.62256886823763691,0.62256886823763691,0.62256886823763691,0.62256886823763691,200,calibration_resampling_fixed_trained_models_threshold_and_evaluation_cohorts,0.62256886823763691
CodeBERT_unfrozen_s2028,isotonic_tiebreak,test,deployed_pooled_TPR_0.01,0.71443743776966484,0,0.71443743776966484,0.71443743776966484,0.71443743776966484,0.71443743776966484,0.71443743776966484,200,calibration_resampling_fixed_trained_models_threshold_and_evaluation_cohorts,0.71443743776966484
CodeBERT_unfrozen_s2028,isotonic_tiebreak,test,deployed_pooled_TPR_0.05,0.89711251244606705,0,0.89711251244606705,0.89711251244606705,0.89711251244606705,0.89711251244606705,0.89711251244606705,200,calibration_resampling_fixed_trained_models_threshold_and_evaluation_cohorts,0.89711251244606705
CodeBERT_unfrozen_s2028,stack,same_period,AP,0.99636858000625239,1.4842654329858738e-05,0.99637175315508963,0.99631381038963607,0.99638591965519563,0.99633263590188648,0.99638540721372237,200,calibration_resampling_fixed_trained_models_threshold_and_evaluation_cohorts,0.99637075704307865
CodeBERT_unfrozen_s2028,stack,same_period,Accuracy,0.97227683333333337,0.00015688898656011075,0.97223333333333328,0.97199999999999998,0.97283333333333333,0.9720658333333333,0.97270000000000001,200,calibration_resampling_fixed_trained_models_threshold_and_evaluation_cohorts,0.97223333333333328
CodeBERT_unfrozen_s2028,stack,same_period,Brier,0.021155652945206823,4.1473041767870515e-05,0.021145888825558214,0.021099096667986119,0.021286023077433262,0.021104930711373225,0.021256805195686491,200,calibration_resampling_fixed_trained_models_threshold_and_evaluation_cohorts,0.021130462883200481
CodeBERT_unfrozen_s2028,stack,same_period,ECE,0.0035744198758609919,0.00040284250575760484,0.0034993321170898161,0.002859238290078159,0.0052980713926778404,0.0029525129571622431,0.0045791847722074898,200,calibration_resampling_fixed_trained_models_threshold_and_evaluation_cohorts,0.0031759180779008973
CodeBERT_unfrozen_s2028,stack,same_period,F1,0.97232465310291227,0.00014127677956260836,0.97229621736814065,0.97207818109293975,0.97283604972836046,0.97213477672204507,0.97269198960294778,200,calibration_resampling_fixed_trained_models_threshold_and_evaluation_cohorts,0.97228230126776027
CodeBERT_unfrozen_s2028,stack,same_period,LogLoss,0.07678547386916898,0.00014024286364115965,0.076750534079622956,0.076583738842405671,0.077212127304941786,0.076595403110493065,0.077094330433105027,200,calibration_resampling_fixed_trained_models_threshold_and_evaluation_cohorts,0.076677782836367961
CodeBERT_unfrozen_s2028,stack,same_period,ROC_AUC,0.99599871662719019,1.7639049540098804e-05,0.99600211513954795,0.99593582980393414,0.99602072872313052,0.99595691230959871,0.99602011093704712,200,calibration_resampling_fixed_trained_models_threshold_and_evaluation_cohorts,0.99600089290089355
CodeBERT_unfrozen_s2028,stack,same_period,deployed_per_format_FPR_0.001,0.0013770491803278689,3.310786550106467e-05,0.001405152224824356,0.0013382402141184342,0.001405152224824356,0.0013382402141184342,0.001405152224824356,200,calibration_resampling_fixed_trained_models_threshold_and_evaluation_cohorts,0.001405152224824356
CodeBERT_unfrozen_s2028,stack,same_period,deployed_per_format_FPR_0.005,0.0052298427567748409,7.1759840513891182e-05,0.0052191368350618939,0.0050853128136500499,0.0053529608564737369,0.0050853128136500499,0.0053529608564737369,200,calibration_resampling_fixed_trained_models_threshold_and_evaluation_cohorts,0.0052860488457678149
CodeBERT_unfrozen_s2028,stack,same_period,deployed_per_format_FPR_0.01,0.010393777183004349,0.00010946109181264577,0.010371361659417865,0.010237537638006023,0.010639009702241553,0.010237537638006023,0.010639009702241553,200,calibration_resampling_fixed_trained_models_threshold_and_evaluation_cohorts,0.010304449648711944
CodeBERT_unfrozen_s2028,stack,same_period,deployed_per_format_FPR_0.05,0.052410170625627306,0.00023417618556055867,0.052392104382736698,0.051990632318501172,0.052994312479089999,0.052057544329207089,0.052860488457678156,200,calibration_resampling_fixed_trained_models_threshold_and_evaluation_cohorts,0.052124456339913014
CodeBERT_unfrozen_s2028,stack,same_period,deployed_per_format_TPR_0.001,0.81093523746263696,0.0022800886631111723,0.81059448688143476,0.80684158087014279,0.81467950846894721,0.8071072733311192,0.81454832281634004,200,calibration_resampling_fixed_trained_models_threshold_and_evaluation_cohorts,0.81042842909332446
CodeBERT_unfrozen_s2028,stack,same_period,deployed_per_format_TPR_0.005,0.91547093988708073,0.00033707052793775761,0.91550979740949856,0.91431418133510467,0.91597475921620719,0.91471105944868814,0.91597475921620719,200,calibration_resampling_fixed_trained_models_threshold_and_evaluation_cohorts,0.91564264363998671
CodeBERT_unfrozen_s2028,stack,same_period,deployed_per_format_TPR_0.01,0.94569511790102956,0.00016265367597417035,0.94569910328794426,0.94520092992361338,0.94599800730654271,0.94533211557622054,0.94593158419129852,200,calibration_resampling_fixed_trained_models_threshold_and_evaluation_cohorts,0.94559946861507804
CodeBERT_unfrozen_s2028,stack,same_period,deployed_per_format_TPR_0.05,0.98281667220192626,0.00011186243810249507,0.98279641315177679,0.98259714380604446,0.9830621056127532,0.98266190634340755,0.9830621056127532,200,calibration_resampling_fixed_trained_models_threshold_and_evaluation_cohorts,0.98279641315177679
CodeBERT_unfrozen_s2028,stack,same_period,deployed_pooled_FPR_0.001,0.00132485781197725,4.5987676665372069e-05,0.0013382402141184342,0.0012713282034125125,0.001405152224824356,0.0012713282034125125,0.001405152224824356,200,calibration_resampling_fixed_trained_models_threshold_and_evaluation_cohorts,0.0013382402141184342
CodeBERT_unfrozen_s2028,stack,same_period,deployed_pooled_FPR_0.005,0.005289059886249582,0.00013914799460633954,0.0052860488457678149,0.0050184008029441288,0.0055536968885915019,0.0050184008029441288,0.0054867848778855808,200,calibration_resampling_fixed_trained_models_threshold_and_evaluation_cohorts,0.0052191368350618939
CodeBERT_unfrozen_s2028,stack,same_period,deployed_pooled_FPR_0.01,0.01040950150552024,0.00015141499841753075,0.010371361659417865,0.010237537638006023,0.010839745734359318,0.010237537638006023,0.010705921712947474,200,calibration_resampling_fixed_trained_models_threshold_and_evaluation_cohorts,0.010304449648711944
CodeBERT_unfrozen_s2028,stack,same_period,deployed_pooled_FPR_0.05,0.053165607226497151,0.00031823325200124573,0.053195048511207758,0.052191368350618939,0.053931080628972901,0.052325192372030781,0.053797256607561059,200,calibration_resampling_fixed_trained_models_threshold_and_evaluation_cohorts,0.053128136500501841
CodeBERT_unfrozen_s2028,stack,same_period,deployed_pooled_TPR_0.001,0.80864297575556288,0.0016011289577314146,0.80906675523082039,0.80053138492195286,0.81089339090003321,0.80450514779143134,0.8106276984390568,200,calibration_resampling_fixed_trained_models_threshold_and_evaluation_cohorts,0.80890069744271009
CodeBERT_unfrozen_s2028,stack,same_period,deployed_pooled_TPR_0.005,0.9136260378611758,0.00043288695786817665,0.91351710395217534,0.91225506476253737,0.9147791431418133,0.91291763533709736,0.91457987379608108,200,calibration_resampling_fixed_trained_models_threshold_and_evaluation_cohorts,0.91351710395217534
CodeBERT_unfrozen_s2028,stack,same_period,deployed_pooled_TPR_0.01,0.9444633012288276,0.00031029684977125569,0.94440385254068415,0.94393889073397541,0.94526735303885756,0.94393889073397541,0.9451345068083693,200,calibration_resampling_fixed_trained_models_threshold_and_evaluation_cohorts,0.94440385254068415
CodeBERT_unfrozen_s2028,stack,same_period,deployed_pooled_TPR_0.05,0.98306908003985383,0.0001302162612951282,0.9830621056127532,0.98279641315177679,0.98332779807372961,0.98286283626702098,0.98332779807372961,200,calibration_resampling_fixed_trained_models_threshold_and_evaluation_cohorts,0.98286283626702098
CodeBERT_unfrozen_s2028,stack,test,AP,0.99603954773775838,1.1718557632532865e-05,0.99604344862377814,0.99599129871462577,0.99605026160175869,0.99600954775214612,0.99605007072380591,200,calibration_resampling_fixed_trained_models_threshold_and_evaluation_cohorts,0.99604236634776422
CodeBERT_unfrozen_s2028,stack,test,Accuracy,0.9688686666666666,0.00019629852264958772,0.96886666666666665,0.96830000000000005,0.96926666666666672,0.96843250000000003,0.96923333333333328,200,calibration_resampling_fixed_trained_models_threshold_and_evaluation_cohorts,0.96913333333333329
CodeBERT_unfrozen_s2028,stack,test,Brier,0.023148651081416918,6.6861350707215475e-05,0.023137257917050423,0.023013243308909016,0.023336985004252981,0.023040578614175359,0.023315264270268095,200,calibration_resampling_fixed_trained_models_threshold_and_evaluation_cohorts,0.023122383803926314
CodeBERT_unfrozen_s2028,stack,test,ECE,0.0047733316077516307,0.00076851407522239915,0.0046790030337446635,0.003083593536858819,0.0067227027919544106,0.0034564878740601045,0.0064357353707034754,200,calibration_resampling_fixed_trained_models_threshold_and_evaluation_cohorts,0.004464669401261924
CodeBERT_unfrozen_s2028,stack,test,F1,0.9688899642751494,0.0002116127637310861,0.96887068630631368,0.96828414207103553,0.96932188726958146,0.96841051910029652,0.96928156126885245,200,calibration_resampling_fixed_trained_models_threshold_and_evaluation_cohorts,0.96915800692779108
CodeBERT_unfrozen_s2028,stack,test,LogLoss,0.081669606236305189,0.00025595848825720282,0.081624345545207255,0.081217397134641253,0.082438807920618917,0.081285849241158975,0.082290292878385088,200,calibration_resampling_fixed_trained_models_threshold_and_evaluation_cohorts,0.081549409910494558
CodeBERT_unfrozen_s2028,stack,test,ROC_AUC,0.99578056085719835,1.6241390292038962e-05,0.99578453195398908,0.99571887516554469,0.99579919667380423,0.99574086646738147,0.99579894500241162,200,calibration_resampling_fixed_trained_models_threshold_and_evaluation_cohorts,0.99578309859374026
CodeBERT_unfrozen_s2028,stack,test,deployed_per_format_FPR_0.001,0.0016260462002008706,4.4209488676307715e-05,0.0016069635085369936,0.0015400066956812856,0.0016739203213927017,0.0015400066956812856,0.0016739203213927017,200,calibration_resampling_fixed_trained_models_threshold_and_evaluation_cohorts,0.0016069635085369936
CodeBERT_unfrozen_s2028,stack,test,deployed_per_format_FPR_0.005,0.0064814194844325414,8.7520077462520206e-05,0.0064948108470036826,0.0062939404084365585,0.0066287244727150987,0.0062939404084365585,0.0066287244727150987,200,calibration_resampling_fixed_trained_models_threshold_and_evaluation_cohorts,0.0064948108470036826
CodeBERT_unfrozen_s2028,stack,test,deployed_per_format_FPR_0.01,0.011683294275192501,0.00012647109894967613,0.011650485436893204,0.011516571811181788,0.011985269501171745,0.011516571811181788,0.011985269501171745,200,calibration_resampling_fixed_trained_models_threshold_and_evaluation_cohorts,0.011650485436893204
CodeBERT_unfrozen_s2028,stack,test,deployed_per_format_FPR_0.05,0.050393036491463004,0.00028132914551653662,0.050351523267492468,0.050016739203213929,0.051088048208905258,0.050016739203213929,0.051021091396049545,200,calibration_resampling_fixed_trained_models_threshold_and_evaluation_cohorts,0.050083696016069636
CodeBERT_unfrozen_s2028,stack,test,deployed_per_format_TPR_0.001,0.8047358114835711,0.0022763321575769795,0.80421506803849985,0.80026551609691332,0.80882841022236973,0.80099236641221372,0.80869731164951875,200,calibration_resampling_fixed_trained_models_threshold_and_evaluation_cohorts,0.80391636242947229
CodeBERT_unfrozen_s2028,stack,test,deployed_per_format_TPR_0.005,0.90677497510786598,0.00041422041524005076,0.90687022900763359,0.90494523730501164,0.90740126120146036,0.90580318619316291,0.90733488217723202,200,calibration_resampling_fixed_trained_models_threshold_and_evaluation_cohorts,0.90693660803186193
CodeBERT_unfrozen_s2028,stack,test,deployed_per_format_TPR_0.01,0.9366873547958845,0.00033897111374442765,0.93660803186193164,0.93614337869233322,0.93747095917690015,0.93620809824095585,0.93740458015267181,200,calibration_resampling_fixed_trained_models_threshold_and_evaluation_cohorts,0.93667441088615999
CodeBERT_unfrozen_s2028,stack,test,deployed_per_format_TPR_0.05,0.98199468967806169,0.00010807258953925893,0.98201128443411878,0.98148025224029212,0.98214404248257547,0.98167772983737134,0.98214404248257547,200,calibration_resampling_fixed_trained_models_threshold_and_evaluation_cohorts,0.98201128443411878
CodeBERT_unfrozen_s2028,stack,test,deployed_pooled_FPR_0.001,0.0016240374958151993,3.487747271304236e-05,0.0016069635085369936,0.0015400066956812856,0.0016739203213927017,0.0015400066956812856,0.0016739203213927017,200,calibration_resampling_fixed_trained_models_threshold_and_evaluation_cohorts,0.0016069635085369936
CodeBERT_unfrozen_s2028,stack,test,deployed_pooled_FPR_0.005,0.0061479745564111156,6.2523460118713866e-05,0.0061600267827251424,0.0060261131570137263,0.0062939404084365585,0.0060261131570137263,0.0062939404084365585,200,calibration_resampling_fixed_trained_models_threshold_and_evaluation_cohorts,0.0060930699698694343
CodeBERT_unfrozen_s2028,stack,test,deployed_pooled_FPR_0.01,0.011951121526615333,0.00022059369728783145,0.011851355875460328,0.011717442249748912,0.012520924004017409,0.011717442249748912,0.012387010378305993,200,calibration_resampling_fixed_trained_models_threshold_and_evaluation_cohorts,0.011851355875460328
CodeBERT_unfrozen_s2028,stack,test,deployed_pooled_FPR_0.05,0.049517241379310344,0.00034120551429876386,0.049614998326079678,0.048945430197522601,0.050552393706059594,0.048945430197522601,0.050016739203213929,200,calibration_resampling_fixed_trained_models_threshold_and_evaluation_cohorts,0.049614998326079678
CodeBERT_unfrozen_s2028,stack,test,deployed_pooled_TPR_0.001,0.80205343511450378,0.0014796945391630215,0.80232326584799207,0.79442416196481913,0.80404912047792898,0.79819449054098901,0.80398440092930634,200,calibration_resampling_fixed_trained_models_threshold_and_evaluation_cohorts,0.80212412877530703
CodeBERT_unfrozen_s2028,stack,test,deployed_pooled_TPR_0.005,0.90386359110521075,0.00066943009818610242,0.9037504148689014,0.90255559243279126,0.90587454364420839,0.90307998672419521,0.90547626949883842,200,calibration_resampling_fixed_trained_models_threshold_and_evaluation_cohorts,0.9036176568204447
CodeBERT_unfrozen_s2028,stack,test,deployed_pooled_TPR_0.01,0.93444739462329907,0.00026582862822993223,0.93441752406239631,0.93395287089279788,0.93514769332890801,0.93395287089279788,0.93494855625622308,200,calibration_resampling_fixed_trained_models_threshold_and_evaluation_cohorts,0.93441752406239631
CodeBERT_unfrozen_s2028,stack,test,deployed_pooled_TPR_0.05,0.98198572850979093,0.00018509696897251086,0.98201128443411878,0.98141387321606377,0.98240955857948886,0.98148025224029212,0.98227846000663788,200,calibration_resampling_fixed_trained_models_threshold_and_evaluation_cohorts,0.98201128443411878
CodeBERT_unfrozen_s2028,temperature,same_period,AP,0.98375676203980178,0,0.98375676203980178,0.98375676203980178,0.98375676203980178,0.98375676203980178,0.98375676203980178,200,calibration_resampling_fixed_trained_models_threshold_and_evaluation_cohorts,0.98375676203980178
CodeBERT_unfrozen_s2028,temperature,same_period,Accuracy,0.93803333333333339,0,0.93803333333333339,0.93803333333333339,0.93803333333333339,0.93803333333333339,0.93803333333333339,200,calibration_resampling_fixed_trained_models_threshold_and_evaluation_cohorts,0.93803333333333339
CodeBERT_unfrozen_s2028,temperature,same_period,Brier,0.050221532733378087,7.4038876968278932e-05,0.050218242192951429,0.050048299851146429,0.050459944346807714,0.050070743555567371,0.050374021990577361,200,calibration_resampling_fixed_trained_models_threshold_and_evaluation_cohorts,0.050212197934885745
CodeBERT_unfrozen_s2028,temperature,same_period,ECE,0.021620632700820753,0.0013418388523142308,0.021504414438259511,0.018229832831168538,0.025257699035362673,0.019191907302858302,0.024775477238656328,200,calibration_resampling_fixed_trained_models_threshold_and_evaluation_cohorts,0.021656901415937683
CodeBERT_unfrozen_s2028,temperature,same_period,F1,0.93802713604693788,0,0.93802713604693799,0.93802713604693799,0.93802713604693799,0.93802713604693799,0.93802713604693799,200,calibration_resampling_fixed_trained_models_threshold_and_evaluation_cohorts,0.93802713604693799
CodeBERT_unfrozen_s2028,temperature,same_period,LogLoss,0.18264875824257831,4.801095906658408e-05,0.18263147493197981,0.18261578633076428,0.18288239850294352,0.18261583757992972,0.18279359247595198,200,calibration_resampling_fixed_trained_models_threshold_and_evaluation_cohorts,0.18261677146524077
CodeBERT_unfrozen_s2028,temperature,same_period,ROC_AUC,0.98263402874638661,0,0.98263402874638661,0.98263402874638661,0.98263402874638661,0.98263402874638661,0.98263402874638661,200,calibration_resampling_fixed_trained_models_threshold_and_evaluation_cohorts,0.98263402874638661
CodeBERT_unfrozen_s2028,temperature,same_period,deployed_per_format_FPR_0.001,0.00066912010705921722,0,0.00066912010705921711,0.00066912010705921711,0.00066912010705921711,0.00066912010705921711,0.00066912010705921711,200,calibration_resampling_fixed_trained_models_threshold_and_evaluation_cohorts,0.00066912010705921711
CodeBERT_unfrozen_s2028,temperature,same_period,deployed_per_format_FPR_0.005,0.0052860488457678149,0,0.0052860488457678149,0.0052860488457678149,0.0052860488457678149,0.0052860488457678149,0.0052860488457678149,200,calibration_resampling_fixed_trained_models_threshold_and_evaluation_cohorts,0.0052860488457678149
CodeBERT_unfrozen_s2028,temperature,same_period,deployed_per_format_FPR_0.01,0.0088992974238875887,0,0.0088992974238875887,0.0088992974238875887,0.0088992974238875887,0.0088992974238875887,0.0088992974238875887,200,calibration_resampling_fixed_trained_models_threshold_and_evaluation_cohorts,0.0088992974238875887
CodeBERT_unfrozen_s2028,temperature,same_period,deployed_per_format_FPR_0.05,0.050451656072264962,0,0.050451656072264969,0.050451656072264969,0.050451656072264969,0.050451656072264969,0.050451656072264969,200,calibration_resampling_fixed_trained_models_threshold_and_evaluation_cohorts,0.050451656072264969
CodeBERT_unfrozen_s2028,temperature,same_period,deployed_per_format_TPR_0.001,0.46914646296911328,0,0.46914646296911328,0.46914646296911328,0.46914646296911328,0.46914646296911328,0.46914646296911328,200,calibration_resampling_fixed_trained_models_threshold_and_evaluation_cohorts,0.46914646296911328
CodeBERT_unfrozen_s2028,temperature,same_period,deployed_per_format_TPR_0.005,0.69850547990700762,0,0.69850547990700762,0.69850547990700762,0.69850547990700762,0.69850547990700762,0.69850547990700762,200,calibration_resampling_fixed_trained_models_threshold_and_evaluation_cohorts,0.69850547990700762
CodeBERT_unfrozen_s2028,temperature,same_period,deployed_per_format_TPR_0.01,0.77316506144138164,0,0.77316506144138164,0.77316506144138164,0.77316506144138164,0.77316506144138164,0.77316506144138164,200,calibration_resampling_fixed_trained_models_threshold_and_evaluation_cohorts,0.77316506144138164
CodeBERT_unfrozen_s2028,temperature,same_period,deployed_per_format_TPR_0.05,0.92334772500830287,0,0.92334772500830287,0.92334772500830287,0.92334772500830287,0.92334772500830287,0.92334772500830287,200,calibration_resampling_fixed_trained_models_threshold_and_evaluation_cohorts,0.92334772500830287
CodeBERT_unfrozen_s2028,temperature,same_period,deployed_pooled_FPR_0.001,0.00086985613917698224,0,0.00086985613917698224,0.00086985613917698224,0.00086985613917698224,0.00086985613917698224,0.00086985613917698224,200,calibration_resampling_fixed_trained_models_threshold_and_evaluation_cohorts,0.00086985613917698224
CodeBERT_unfrozen_s2028,temperature,same_period,deployed_pooled_FPR_0.005,0.0056206088992974239,0,0.0056206088992974239,0.0056206088992974239,0.0056206088992974239,0.0056206088992974239,0.0056206088992974239,200,calibration_resampling_fixed_trained_models_threshold_and_evaluation_cohorts,0.0056206088992974239
CodeBERT_unfrozen_s2028,temperature,same_period,deployed_pooled_FPR_0.01,0.010237537638006023,0,0.010237537638006023,0.010237537638006023,0.010237537638006023,0.010237537638006023,0.010237537638006023,200,calibration_resampling_fixed_trained_models_threshold_and_evaluation_cohorts,0.010237537638006023
CodeBERT_unfrozen_s2028,temperature,same_period,deployed_pooled_FPR_0.05,0.050250920040147209,0,0.050250920040147209,0.050250920040147209,0.050250920040147209,0.050250920040147209,0.050250920040147209,200,calibration_resampling_fixed_trained_models_threshold_and_evaluation_cohorts,0.050250920040147209
CodeBERT_unfrozen_s2028,temperature,same_period,deployed_pooled_TPR_0.001,0.46569246097641981,0,0.46569246097641981,0.46569246097641981,0.46569246097641981,0.46569246097641981,0.46569246097641981,200,calibration_resampling_fixed_trained_models_threshold_and_evaluation_cohorts,0.46569246097641981
CodeBERT_unfrozen_s2028,temperature,same_period,deployed_pooled_TPR_0.005,0.68960478246429757,0,0.68960478246429757,0.68960478246429757,0.68960478246429757,0.68960478246429757,0.68960478246429757,200,calibration_resampling_fixed_trained_models_threshold_and_evaluation_cohorts,0.68960478246429757
CodeBERT_unfrozen_s2028,temperature,same_period,deployed_pooled_TPR_0.01,0.76426436399867159,0,0.76426436399867159,0.76426436399867159,0.76426436399867159,0.76426436399867159,0.76426436399867159,200,calibration_resampling_fixed_trained_models_threshold_and_evaluation_cohorts,0.76426436399867159
CodeBERT_unfrozen_s2028,temperature,same_period,deployed_pooled_TPR_0.05,0.92049153105280634,0,0.92049153105280634,0.92049153105280634,0.92049153105280634,0.92049153105280634,0.92049153105280634,200,calibration_resampling_fixed_trained_models_threshold_and_evaluation_cohorts,0.92049153105280634
CodeBERT_unfrozen_s2028,temperature,test,AP,0.98157459291780302,0,0.98157459291780302,0.98157459291780302,0.98157459291780302,0.98157459291780302,0.98157459291780302,200,calibration_resampling_fixed_trained_models_threshold_and_evaluation_cohorts,0.98157459291780302
CodeBERT_unfrozen_s2028,temperature,test,Accuracy,0.92993333333333328,0,0.92993333333333328,0.92993333333333328,0.92993333333333328,0.92993333333333328,0.92993333333333328,200,calibration_resampling_fixed_trained_models_threshold_and_evaluation_cohorts,0.92993333333333328
CodeBERT_unfrozen_s2028,temperature,test,Brier,0.05605851515724937,0.00010918174957516081,0.056055173660697108,0.05579390095163779,0.056399301292867549,0.055829958448968854,0.056279378286736306,200,calibration_resampling_fixed_trained_models_threshold_and_evaluation_cohorts,0.056046246165571953
CodeBERT_unfrozen_s2028,temperature,test,ECE,0.026501067997483155,0.0013497837470497571,0.0261453588662156,0.025118545533698768,0.030575065236852807,0.02516115337913578,0.030154694222889061,200,calibration_resampling_fixed_trained_models_threshold_and_evaluation_cohorts,0.026264096468801418
CodeBERT_unfrozen_s2028,temperature,test,F1,0.92891444031112613,0,0.92891444031112613,0.92891444031112613,0.92891444031112613,0.92891444031112613,0.92891444031112613,200,calibration_resampling_fixed_trained_models_threshold_and_evaluation_cohorts,0.92891444031112613
CodeBERT_unfrozen_s2028,temperature,test,LogLoss,0.19992386980692223,0.00021749086656384792,0.19988850669530994,0.19957427867575045,0.20080725751768355,0.19959196936697562,0.20043365397015123,200,calibration_resampling_fixed_trained_models_threshold_and_evaluation_cohorts,0.19987146298007902
CodeBERT_unfrozen_s2028,temperature,test,ROC_AUC,0.9814917569007684,0,0.98149175690076851,0.98149175690076851,0.98149175690076851,0.98149175690076851,0.98149175690076851,200,calibration_resampling_fixed_trained_models_threshold_and_evaluation_cohorts,0.98149175690076851
CodeBERT_unfrozen_s2028,temperature,test,deployed_per_format_FPR_0.001,0.0016739203213927017,0,0.0016739203213927017,0.0016739203213927017,0.0016739203213927017,0.0016739203213927017,0.0016739203213927017,200,calibration_resampling_fixed_trained_models_threshold_and_evaluation_cohorts,0.0016739203213927017
CodeBERT_unfrozen_s2028,temperature,test,deployed_per_format_FPR_0.005,0.0060261131570137263,0,0.0060261131570137263,0.0060261131570137263,0.0060261131570137263,0.0060261131570137263,0.0060261131570137263,200,calibration_resampling_fixed_trained_models_threshold_and_evaluation_cohorts,0.0060261131570137263
CodeBERT_unfrozen_s2028,temperature,test,deployed_per_format_FPR_0.01,0.0097087378640776691,0,0.0097087378640776691,0.0097087378640776691,0.0097087378640776691,0.0097087378640776691,0.0097087378640776691,200,calibration_resampling_fixed_trained_models_threshold_and_evaluation_cohorts,0.0097087378640776691
CodeBERT_unfrozen_s2028,temperature,test,deployed_per_format_FPR_0.05,0.046401071309005691,0,0.046401071309005691,0.046401071309005691,0.046401071309005691,0.046401071309005691,0.046401071309005691,200,calibration_resampling_fixed_trained_models_threshold_and_evaluation_cohorts,0.046401071309005691
CodeBERT_unfrozen_s2028,temperature,test,deployed_per_format_TPR_0.001,0.42602057749751077,0,0.42602057749751077,0.42602057749751077,0.42602057749751077,0.42602057749751077,0.42602057749751077,200,calibration_resampling_fixed_trained_models_threshold_and_evaluation_cohorts,0.42602057749751077
CodeBERT_unfrozen_s2028,temperature,test,deployed_per_format_TPR_0.005,0.62588781944905414,0,0.62588781944905414,0.62588781944905414,0.62588781944905414,0.62588781944905414,0.62588781944905414,200,calibration_resampling_fixed_trained_models_threshold_and_evaluation_cohorts,0.62588781944905414
CodeBERT_unfrozen_s2028,temperature,test,deployed_per_format_TPR_0.01,0.71410554264852311,0,0.71410554264852311,0.71410554264852311,0.71410554264852311,0.71410554264852311,0.71410554264852311,200,calibration_resampling_fixed_trained_models_threshold_and_evaluation_cohorts,0.71410554264852311
CodeBERT_unfrozen_s2028,temperature,test,deployed_per_format_TPR_0.05,0.89917026219714569,0,0.89917026219714569,0.89917026219714569,0.89917026219714569,0.89917026219714569,0.89917026219714569,200,calibration_resampling_fixed_trained_models_threshold_and_evaluation_cohorts,0.89917026219714569
CodeBERT_unfrozen_s2028,temperature,test,deployed_pooled_FPR_0.001,0.001071309005691329,0,0.001071309005691329,0.001071309005691329,0.001071309005691329,0.001071309005691329,0.001071309005691329,200,calibration_resampling_fixed_trained_models_threshold_and_evaluation_cohorts,0.001071309005691329
CodeBERT_unfrozen_s2028,temperature,test,deployed_pooled_FPR_0.005,0.0053565450284566466,0,0.0053565450284566458,0.0053565450284566458,0.0053565450284566458,0.0053565450284566458,0.0053565450284566458,200,calibration_resampling_fixed_trained_models_threshold_and_evaluation_cohorts,0.0053565450284566458
CodeBERT_unfrozen_s2028,temperature,test,deployed_pooled_FPR_0.01,0.010110478741211919,0,0.010110478741211919,0.010110478741211919,0.010110478741211919,0.010110478741211919,0.010110478741211919,200,calibration_resampling_fixed_trained_models_threshold_and_evaluation_cohorts,0.010110478741211919
CodeBERT_unfrozen_s2028,temperature,test,deployed_pooled_FPR_0.05,0.046066287244727153,0,0.046066287244727153,0.046066287244727153,0.046066287244727153,0.046066287244727153,0.046066287244727153,200,calibration_resampling_fixed_trained_models_threshold_and_evaluation_cohorts,0.046066287244727153
CodeBERT_unfrozen_s2028,temperature,test,deployed_pooled_TPR_0.001,0.41354132094258217,0,0.41354132094258217,0.41354132094258217,0.41354132094258217,0.41354132094258217,0.41354132094258217,200,calibration_resampling_fixed_trained_models_threshold_and_evaluation_cohorts,0.41354132094258217
CodeBERT_unfrozen_s2028,temperature,test,deployed_pooled_TPR_0.005,0.62256886823763691,0,0.62256886823763691,0.62256886823763691,0.62256886823763691,0.62256886823763691,0.62256886823763691,200,calibration_resampling_fixed_trained_models_threshold_and_evaluation_cohorts,0.62256886823763691
CodeBERT_unfrozen_s2028,temperature,test,deployed_pooled_TPR_0.01,0.71443743776966484,0,0.71443743776966484,0.71443743776966484,0.71443743776966484,0.71443743776966484,0.71443743776966484,200,calibration_resampling_fixed_trained_models_threshold_and_evaluation_cohorts,0.71443743776966484
CodeBERT_unfrozen_s2028,temperature,test,deployed_pooled_TPR_0.05,0.89711251244606705,0,0.89711251244606705,0.89711251244606705,0.89711251244606705,0.89711251244606705,0.89711251244606705,200,calibration_resampling_fixed_trained_models_threshold_and_evaluation_cohorts,0.89711251244606705
LightGBM,format_platt,same_period,AP,0.99620620939607241,4.2552420325353897e-05,0.99621816266807683,0.99605186107881005,0.99626797268289091,0.99610912768592363,0.99626329401779745,200,calibration_resampling_fixed_trained_models_threshold_and_evaluation_cohorts,0.99622433444797975
LightGBM,format_platt,same_period,Accuracy,0.97209433333333339,0.00018558041204709089,0.97213333333333329,0.9714666666666667,0.9724666666666667,0.97169749999999999,0.97236750000000005,200,calibration_resampling_fixed_trained_models_threshold_and_evaluation_cohorts,0.97219999999999995
LightGBM,format_platt,same_period,Brier,0.021468097189302201,4.9288216424035451e-05,0.02146140078184406,0.021392722568376606,0.02165558972496261,0.021398079352743637,0.021569821562106507,200,calibration_resampling_fixed_trained_models_threshold_and_evaluation_cohorts,0.021431611540192526
LightGBM,format_platt,same_period,ECE,0.0040570680699960806,0.00041736319076787998,0.0040402538422647637,0.0030725771040052965,0.0053452872447473957,0.003357162089925481,0.00488750750734584,200,calibration_resampling_fixed_trained_models_threshold_and_evaluation_cohorts,0.0035825031755593716
LightGBM,format_platt,same_period,F1,0.97213594865334385,0.00017734708613137228,0.97216809043533692,0.97152740819584882,0.97249050822620398,0.9717102553267295,0.97241298301905965,200,calibration_resampling_fixed_trained_models_threshold_and_evaluation_cohorts,0.97223701731025303
LightGBM,format_platt,same_period,LogLoss,0.078049753231882513,0.00024493185866910152,0.078015398617070603,0.077650750044322495,0.079026029607405929,0.077704678946708891,0.078718432059383406,200,calibration_resampling_fixed_trained_models_threshold_and_evaluation_cohorts,0.077848157694083861
LightGBM,format_platt,same_period,ROC_AUC,0.99581528907221983,4.7324181475626962e-05,0.99582578165773117,0.99561333657930295,0.99588044239261453,0.99570161887732034,0.99587459620290442,200,calibration_resampling_fixed_trained_models_threshold_and_evaluation_cohorts,0.99583681958390768
LightGBM,format_platt,same_period,deployed_per_format_FPR_0.001,0.0014720642355302777,0,0.0014720642355302777,0.0014720642355302777,0.0014720642355302777,0.0014720642355302777,0.0014720642355302777,200,calibration_resampling_fixed_trained_models_threshold_and_evaluation_cohorts,0.0014720642355302777
LightGBM,format_platt,same_period,deployed_per_format_FPR_0.005,0.0051522248243559719,0,0.0051522248243559719,0.0051522248243559719,0.0051522248243559719,0.0051522248243559719,0.0051522248243559719,200,calibration_resampling_fixed_trained_models_threshold_and_evaluation_cohorts,0.0051522248243559719
LightGBM,format_platt,same_period,deployed_per_format_FPR_0.01,0.010103713616594179,0,0.010103713616594179,0.010103713616594179,0.010103713616594179,0.010103713616594179,0.010103713616594179,200,calibration_resampling_fixed_trained_models_threshold_and_evaluation_cohorts,0.010103713616594179
LightGBM,format_platt,same_period,deployed_per_format_FPR_0.05,0.051722984275677487,0,0.051722984275677487,0.051722984275677487,0.051722984275677487,0.051722984275677487,0.051722984275677487,200,calibration_resampling_fixed_trained_models_threshold_and_evaluation_cohorts,0.051722984275677487
LightGBM,format_platt,same_period,deployed_per_format_TPR_0.001,0.80777150448356028,0,0.80777150448356028,0.80777150448356028,0.80777150448356028,0.80777150448356028,0.80777150448356028,200,calibration_resampling_fixed_trained_models_threshold_and_evaluation_cohorts,0.80777150448356028
LightGBM,format_platt,same_period,deployed_per_format_TPR_0.005,0.91252075722351378,0,0.91252075722351378,0.91252075722351378,0.91252075722351378,0.91252075722351378,0.91252075722351378,200,calibration_resampling_fixed_trained_models_threshold_and_evaluation_cohorts,0.91252075722351378
LightGBM,format_platt,same_period,deployed_per_format_TPR_0.01,0.94493523746263686,0,0.94493523746263697,0.94493523746263697,0.94493523746263697,0.94493523746263697,0.94493523746263697,200,calibration_resampling_fixed_trained_models_threshold_and_evaluation_cohorts,0.94493523746263697
LightGBM,format_platt,same_period,deployed_per_format_TPR_0.05,0.98246429757555631,0,0.98246429757555631,0.98246429757555631,0.98246429757555631,0.98246429757555631,0.98246429757555631,200,calibration_resampling_fixed_trained_models_threshold_and_evaluation_cohorts,0.98246429757555631
LightGBM,format_platt,same_period,deployed_pooled_FPR_0.001,0.001522917363666778,9.3006739370584638e-05,0.0015389762462361995,0.0012713282034125125,0.001873536299765808,0.0014034794245567079,0.0017413850786216129,200,calibration_resampling_fixed_trained_models_threshold_and_evaluation_cohorts,0.0015389762462361995
LightGBM,format_platt,same_period,deployed_pooled_FPR_0.005,0.0053091334894613583,0.00014160021509007447,0.0053529608564737369,0.0046838407494145199,0.0056206088992974239,0.0050184008029441288,0.0054867848778855808,200,calibration_resampling_fixed_trained_models_threshold_and_evaluation_cohorts,0.0053529608564737369
LightGBM,format_platt,same_period,deployed_pooled_FPR_0.01,0.010066242890598862,0.00027597823965608607,0.010036801605888258,0.0093007694881231187,0.010906657745065239,0.0094998327199732353,0.010506858481097357,200,calibration_resampling_fixed_trained_models_threshold_and_evaluation_cohorts,0.0099029775844764138
LightGBM,format_platt,same_period,deployed_pooled_FPR_0.05,0.052298093007694876,0.00024307541029977399,0.052325192372030781,0.051656072264971563,0.053128136500501841,0.051722984275677487,0.052726664436266307,200,calibration_resampling_fixed_trained_models_threshold_and_evaluation_cohorts,0.052525928404148547
LightGBM,format_platt,same_period,deployed_pooled_TPR_0.001,0.7994520092992361,0.0084039537549738842,0.80003321155762208,0.78013948854201265,0.81986051145798733,0.7830504815675855,0.81535370308867494,200,calibration_resampling_fixed_trained_models_threshold_and_evaluation_cohorts,0.80106276984390568
LightGBM,format_platt,same_period,deployed_pooled_TPR_0.005,0.91439621388243109,0.0012713416921126331,0.91474593158419126,0.90993025572899366,0.91663899036864827,0.91171869810694128,0.91610760544669545,200,calibration_resampling_fixed_trained_models_threshold_and_evaluation_cohorts,0.91531052806376623
LightGBM,format_platt,same_period,deployed_pooled_TPR_0.01,0.94390036532713384,0.00078339607825569989,0.94380604450348726,0.9419461972766523,0.94566589173032212,0.94267353038857526,0.9454018598472268,200,calibration_resampling_fixed_trained_models_threshold_and_evaluation_cohorts,0.943673198272999
LightGBM,format_platt,same_period,deployed_pooled_TPR_0.05,0.98286881434739282,0.00011225665467153051,0.98286283626702098,0.98246429757555631,0.98312852872799739,0.98259714380604446,0.9830621056127532,200,calibration_resampling_fixed_trained_models_threshold_and_evaluation_cohorts,0.98292925938226505
LightGBM,format_platt,test,AP,0.99594761848483482,4.4162492100610845e-05,0.99595474550201546,0.99574714556947985,0.99602511594993159,0.99584740976781438,0.99601147245933763,200,calibration_resampling_fixed_trained_models_threshold_and_evaluation_cohorts,0.99597161306884074
LightGBM,format_platt,test,Accuracy,0.96858650000000002,0.00014600954895613649,0.96860000000000002,0.96819999999999995,0.96899999999999997,0.96830000000000005,0.96886666666666665,200,calibration_resampling_fixed_trained_models_threshold_and_evaluation_cohorts,0.96853333333333336
LightGBM,format_platt,test,Brier,0.023332181001990294,8.3698577828752698e-05,0.023313122407972418,0.023149311549682087,0.023603593002070183,0.023219166881484649,0.023525504693431221,200,calibration_resampling_fixed_trained_models_threshold_and_evaluation_cohorts,0.023284531560984745
LightGBM,format_platt,test,ECE,0.005139342143446554,0.00069450807697914651,0.0051874797377974846,0.0036388451922729206,0.0065981753279065972,0.0039136624516579177,0.0064445399681361069,200,calibration_resampling_fixed_trained_models_threshold_and_evaluation_cohorts,0.0049325279187998599
LightGBM,format_platt,test,F1,0.96862162014203135,0.00016424653286876585,0.96861569211908649,0.96818727490996404,0.96907627851300127,0.96832481883247212,0.96894544171609231,200,calibration_resampling_fixed_trained_models_threshold_and_evaluation_cohorts,0.96856267483681902
LightGBM,format_platt,test,LogLoss,0.082507032015806822,0.0003990132052336482,0.082452253677421802,0.081698387058709229,0.083843872085979945,0.081947604191504944,0.083436720982988002,200,calibration_resampling_fixed_trained_models_threshold_and_evaluation_cohorts,0.082248063851368472
LightGBM,format_platt,test,ROC_AUC,0.99564534451813602,6.226123243744751e-05,0.99565613843193279,0.99534682817932907,0.99574533788467801,0.99549502218430541,0.99572936625143305,200,calibration_resampling_fixed_trained_models_threshold_and_evaluation_cohorts,0.99567097648833636
LightGBM,format_platt,test,deployed_per_format_FPR_0.001,0.0014730498828255775,0,0.0014730498828255775,0.0014730498828255775,0.0014730498828255775,0.0014730498828255775,0.0014730498828255775,200,calibration_resampling_fixed_trained_models_threshold_and_evaluation_cohorts,0.0014730498828255775
LightGBM,format_platt,test,deployed_per_format_FPR_0.005,0.0060930699698694343,0,0.0060930699698694343,0.0060930699698694343,0.0060930699698694343,0.0060930699698694343,0.0060930699698694343,200,calibration_resampling_fixed_trained_models_threshold_and_evaluation_cohorts,0.0060930699698694343
LightGBM,format_platt,test,deployed_per_format_FPR_0.01,0.011918312688316036,0,0.011918312688316036,0.011918312688316036,0.011918312688316036,0.011918312688316036,0.011918312688316036,200,calibration_resampling_fixed_trained_models_threshold_and_evaluation_cohorts,0.011918312688316036
LightGBM,format_platt,test,deployed_per_format_FPR_0.05,0.051623702711750923,0,0.051623702711750923,0.051623702711750923,0.051623702711750923,0.051623702711750923,0.051623702711750923,200,calibration_resampling_fixed_trained_models_threshold_and_evaluation_cohorts,0.051623702711750923
LightGBM,format_platt,test,deployed_per_format_TPR_0.001,0.79986724195154335,0,0.79986724195154335,0.79986724195154335,0.79986724195154335,0.79986724195154335,0.79986724195154335,200,calibration_resampling_fixed_trained_models_threshold_and_evaluation_cohorts,0.79986724195154335
LightGBM,format_platt,test,deployed_per_format_TPR_0.005,0.90394955194158644,0,0.90394955194158644,0.90394955194158644,0.90394955194158644,0.90394955194158644,0.90394955194158644,200,calibration_resampling_fixed_trained_models_threshold_and_evaluation_cohorts,0.90394955194158644
LightGBM,format_platt,test,deployed_per_format_TPR_0.01,0.93614337869233322,0,0.93614337869233322,0.93614337869233322,0.93614337869233322,0.93614337869233322,0.93614337869233322,200,calibration_resampling_fixed_trained_models_threshold_and_evaluation_cohorts,0.93614337869233322
LightGBM,format_platt,test,deployed_per_format_TPR_0.05,0.98121473614337873,0,0.98121473614337873,0.98121473614337873,0.98121473614337873,0.98121473614337873,0.98121473614337873,200,calibration_resampling_fixed_trained_models_threshold_and_evaluation_cohorts,0.98121473614337873
LightGBM,format_platt,test,deployed_pooled_FPR_0.001,0.0014432541011047875,0.00011983193192079535,0.0014060930699698695,0.0011382658185470371,0.0018078339471041178,0.0012705055239370607,0.0016739203213927017,200,calibration_resampling_fixed_trained_models_threshold_and_evaluation_cohorts,0.0014730498828255775
LightGBM,format_platt,test,deployed_pooled_FPR_0.005,0.0063421493136926691,0.0001876088110035476,0.0063608972212922665,0.0058252427184466021,0.0066956812855708068,0.0059591563441580182,0.0066956812855708068,200,calibration_resampling_fixed_trained_models_threshold_and_evaluation_cohorts,0.0064278540341479746
LightGBM,format_platt,test,deployed_pooled_FPR_0.01,0.011890190826916639,0.0002620758510387975,0.011918312688316036,0.011315701372614664,0.012587880816873117,0.011382658185470372,0.012387010378305993,200,calibration_resampling_fixed_trained_models_threshold_and_evaluation_cohorts,0.011985269501171745
LightGBM,format_platt,test,deployed_pooled_FPR_0.05,0.051330097087378644,0.00027089487015975852,0.05135587546032809,0.050217609641781048,0.051958486776029461,0.050753264144626713,0.051757616337462335,200,calibration_resampling_fixed_trained_models_threshold_and_evaluation_cohorts,0.051757616337462335
LightGBM,format_platt,test,deployed_pooled_TPR_0.001,0.79375240623962828,0.0081873332029429695,0.79419183538001992,0.77464321274477266,0.81380683703949552,0.77826750746764017,0.80830069697975437,200,calibration_resampling_fixed_trained_models_threshold_and_evaluation_cohorts,0.795950879522071
LightGBM,format_platt,test,deployed_pooled_TPR_0.005,0.90627115831397276,0.0015840708952819271,0.90673747095917689,0.90129439097245267,0.90912711583139727,0.90268835048124796,0.90839694656488545,200,calibration_resampling_fixed_trained_models_threshold_and_evaluation_cohorts,0.90740126120146036
LightGBM,format_platt,test,deployed_pooled_TPR_0.01,0.93507301692665123,0.00070384159610815153,0.93501493528045143,0.93328908065051441,0.93660803186193164,0.93348821772319945,0.9365416528377033,200,calibration_resampling_fixed_trained_models_threshold_and_evaluation_cohorts,0.93501493528045143
LightGBM,format_platt,test,deployed_pooled_TPR_0.05,0.98127547295054773,0.00013617926743189201,0.98128111516760708,0.98081646199800865,0.98154663126452046,0.98101393959508798,0.98148191171589783,200,calibration_resampling_fixed_trained_models_threshold_and_evaluation_cohorts,0.98148025224029212
LightGBM,isotonic_probability,same_period,AP,0.99541679293781593,0.00015600305703347917,0.99543826575280692,0.99471333575950227,0.99571924777943244,0.99510043791109215,0.99564090200809419,200,calibration_resampling_fixed_trained_models_threshold_and_evaluation_cohorts,0.99558699462684774
LightGBM,isotonic_probability,same_period,Accuracy,0.97200216666666661,0.00021900433288505903,0.97209999999999996,0.97126666666666661,0.97260000000000002,0.97146583333333336,0.97236666666666671,200,calibration_resampling_fixed_trained_models_threshold_and_evaluation_cohorts,0.97216666666666662
LightGBM,isotonic_probability,same_period,Brier,0.021629359561557249,7.8844287028424851e-05,0.021631201257937195,0.021449117220266125,0.021857579462423813,0.021493128459918614,0.021808468546840949,200,calibration_resampling_fixed_trained_models_threshold_and_evaluation_cohorts,0.02150745991686577
LightGBM,isotonic_probability,same_period,ECE,0.0036372601629893397,0.00083684665396606742,0.003693046635764296,0.0015150576591092539,0.006216235868335647,0.0020050175794158495,0.0051016536629237596,200,calibration_resampling_fixed_trained_models_threshold_and_evaluation_cohorts,0.0024972432034107606
LightGBM,isotonic_probability,same_period,F1,0.97197967198414648,0.00025917153480802246,0.97210664710819672,0.97127919836455645,0.97259269138436921,0.97146860394245871,0.97232265578586352,200,calibration_resampling_fixed_trained_models_threshold_and_evaluation_cohorts,0.97220095215900393
LightGBM,isotonic_probability,same_period,LogLoss,0.080272015989391501,0.0012958683590522538,0.079789036498604748,0.078785510725480679,0.088879424045616578,0.078891576327478952,0.081965667872049661,200,calibration_resampling_fixed_trained_models_threshold_and_evaluation_cohorts,0.078760303482983324
LightGBM,isotonic_probability,same_period,ROC_AUC,0.99573462218769837,6.2240562768642831e-05,0.9957427749861969,0.99547189245544287,0.99586305104768624,0.99558884013885074,0.99582753495908105,200,calibration_resampling_fixed_trained_models_threshold_and_evaluation_cohorts,0.9957783321309096
LightGBM,isotonic_probability,same_period,deployed_per_format_FPR_0.001,0.0010682502509200401,0.00034999892755739712,0.0013382402141184342,6.6912010705921717e-05,0.0014720642355302777,0.00020073603211776515,0.001405152224824356,200,calibration_resampling_fixed_trained_models_threshold_and_evaluation_cohorts,0.0013382402141184342
LightGBM,isotonic_probability,same_period,deployed_per_format_FPR_0.005,0.0042954165272666442,0.00031922554757039112,0.0042154566744730679,0.0032117765138842424,0.0049514887922382069,0.0034091669454667114,0.0048862495817999334,200,calibration_resampling_fixed_trained_models_threshold_and_evaluation_cohorts,0.0042154566744730679
LightGBM,isotonic_probability,same_period,deployed_per_format_FPR_0.01,0.007867179658748745,0.00059845807140987385,0.0077617932418869188,0.0060889929742388759,0.0091669454667112748,0.0069588491134158579,0.0089678822348611582,200,calibration_resampling_fixed_trained_models_threshold_and_evaluation_cohorts,0.0077617932418869188
LightGBM,isotonic_probability,same_period,deployed_per_format_FPR_0.05,0.045503512880562064,0.0029092720897960387,0.045767815322850451,0.036132485781197723,0.05105386416861827,0.039260622281699568,0.050060220809635333,200,calibration_resampling_fixed_trained_models_threshold_and_evaluation_cohorts,0.045767815322850451
LightGBM,isotonic_probability,same_period,deployed_per_format_TPR_0.001,0.75822617070740617,0.040066288493122548,0.78478910660909995,0.59568249750913316,0.80484888741281968,0.66828296247093988,0.79894553304549987,200,calibration_resampling_fixed_trained_models_threshold_and_evaluation_cohorts,0.78478910660909995
LightGBM,isotonic_probability,same_period,deployed_per_format_TPR_0.005,0.90287313184988383,0.0097151811493054966,0.90365327133842577,0.80431750249086686,0.91112587180338755,0.88282962470939885,0.90995018266356686,200,calibration_resampling_fixed_trained_models_threshold_and_evaluation_cohorts,0.90302225174360673
LightGBM,isotonic_probability,same_period,deployed_per_format_TPR_0.01,0.93395582862836268,0.0030925265735118495,0.93417469279309195,0.92248422451012957,0.94068415808701433,0.92916306874792431,0.93995516439721016,200,calibration_resampling_fixed_trained_models_threshold_and_evaluation_cohorts,0.93417469279309195
LightGBM,isotonic_probability,same_period,deployed_per_format_TPR_0.05,0.98051810029890407,0.0013327278982146861,0.98067087346396542,0.97542344735968112,0.98239787446031224,0.97648455662570577,0.9821986051145799,200,calibration_resampling_fixed_trained_models_threshold_and_evaluation_cohorts,0.98067087346396542
LightGBM,isotonic_probability,same_period,deployed_pooled_FPR_0.001,0.0010398126463700235,0.00036935644323762856,0.0013382402141184342,6.6912010705921717e-05,0.001405152224824356,0.00020073603211776515,0.001405152224824356,200,calibration_resampling_fixed_trained_models_threshold_and_evaluation_cohorts,0.0013382402141184342
LightGBM,isotonic_probability,same_period,deployed_pooled_FPR_0.005,0.0043191702910672465,0.00075971526947067819,0.0044831047172967549,0.0013382402141184342,0.0053529608564737369,0.0032117765138842424,0.0053529608564737369,200,calibration_resampling_fixed_trained_models_threshold_and_evaluation_cohorts,0.0044831047172967549
LightGBM,isotonic_probability,same_period,deployed_pooled_FPR_0.01,0.0085844764135162271,0.00070138777550151873,0.0086985613917698219,0.0058213449314151889,0.010371361659417865,0.0060889929742388759,0.0100451656072265,200,calibration_resampling_fixed_trained_models_threshold_and_evaluation_cohorts,0.0086985613917698219
LightGBM,isotonic_probability,same_period,deployed_pooled_FPR_0.05,0.046204081632653063,0.0026651331133026564,0.045700903312144527,0.037872198059551693,0.051722984275677487,0.042015724322515893,0.050940113750418202,200,calibration_resampling_fixed_trained_models_threshold_and_evaluation_cohorts,0.048778855804616932
LightGBM,isotonic_probability,same_period,deployed_pooled_TPR_0.001,0.75532547326469612,0.04185522603070984,0.78478910660909995,0.59568249750913316,0.79408834274327467,0.66828296247093988,0.79408834274327467,200,calibration_resampling_fixed_trained_models_threshold_and_evaluation_cohorts,0.78478910660909995
LightGBM,isotonic_probability,same_period,deployed_pooled_TPR_0.005,0.89904915310528066,0.013413818762463264,0.90056459647957487,0.78478910660909995,0.91431418133510467,0.88282962470939885,0.91431418133510467,200,calibration_resampling_fixed_trained_models_threshold_and_evaluation_cohorts,0.90056459647957487
LightGBM,isotonic_probability,same_period,deployed_pooled_TPR_0.01,0.93725506476253739,0.0036633736958630054,0.93835934905347063,0.9188973762869479,0.94393889073397541,0.92248422451012957,0.94185818664895382,200,calibration_resampling_fixed_trained_models_threshold_and_evaluation_cohorts,0.93835934905347063
LightGBM,isotonic_probability,same_period,deployed_pooled_TPR_0.05,0.98082065758884085,0.00084723573264973103,0.98067087346396542,0.97801394885420123,0.98272999003653272,0.97954001992693462,0.9824045167718366,200,calibration_resampling_fixed_trained_models_threshold_and_evaluation_cohorts,0.9816007970773829
LightGBM,isotonic_probability,test,AP,0.99503058478057338,0.00018250988867197726,0.99506246118294883,0.99413221473938596,0.99535333932101788,0.99462394311097191,0.99529415239270591,200,calibration_resampling_fixed_trained_models_threshold_and_evaluation_cohorts,0.99524313537393827
LightGBM,isotonic_probability,test,Accuracy,0.9681913333333334,0.00046142352503792002,0.9684666666666667,0.96709999999999996,0.96899999999999997,0.96733333333333338,0.96889999999999998,200,calibration_resampling_fixed_trained_models_threshold_and_evaluation_cohorts,0.96853333333333336
LightGBM,isotonic_probability,test,Brier,0.023765394134685421,0.00015849992188021899,0.023751693927957673,0.023439500122765241,0.024171206097190999,0.023498377213207185,0.024117097346316507,200,calibration_resampling_fixed_trained_models_threshold_and_evaluation_cohorts,0.023643545279624027
LightGBM,isotonic_probability,test,ECE,0.0061591296799948358,0.0010584706853644745,0.0062150661517111168,0.0032195140708840453,0.0086110886527211664,0.0041225211585447291,0.0081441777839314708,200,calibration_resampling_fixed_trained_models_threshold_and_evaluation_cohorts,0.004948003402847582
LightGBM,isotonic_probability,test,F1,0.96814910010244948,0.0005662304315410024,0.96850236398748091,0.9668602894268542,0.96917263325377889,0.96712071395021137,0.96900471224987561,200,calibration_resampling_fixed_trained_models_threshold_and_evaluation_cohorts,0.96857314068846123
LightGBM,isotonic_probability,test,LogLoss,0.086173723691270784,0.0018663586552072774,0.08550688453209343,0.083522855219088435,0.094860020511922896,0.083896206153154421,0.08994869756639999,200,calibration_resampling_fixed_trained_models_threshold_and_evaluation_cohorts,0.084221844487789632
LightGBM,isotonic_probability,test,ROC_AUC,0.99550392870710569,6.1192194710843538e-05,0.9955139702067739,0.99524772854068033,0.99561366207876578,0.99534100668112535,0.99559071759236362,200,calibration_resampling_fixed_trained_models_threshold_and_evaluation_cohorts,0.9955821370423511
LightGBM,isotonic_probability,test,deployed_per_format_FPR_0.001,0.0010445262805490458,0.00037733472510244944,0.0013391362571141614,6.6956812855708064e-05,0.0014730498828255775,0.00020087043856712421,0.0014730498828255775,200,calibration_resampling_fixed_trained_models_threshold_and_evaluation_cohorts,0.0013391362571141614
LightGBM,isotonic_probability,test,deployed_per_format_FPR_0.005,0.005241714094409107,0.00045941923661397172,0.0052226314027452297,0.0023434884499497822,0.0058921995313023102,0.0041513223970539,0.0058921995313023102,200,calibration_resampling_fixed_trained_models_threshold_and_evaluation_cohorts,0.0051556745898895216
LightGBM,isotonic_probability,test,deployed_per_format_FPR_0.01,0.0093311014395714761,0.00059465330453549827,0.0093069969869434208,0.0074322062269835953,0.010780046869769,0.0082356879812520919,0.010381653833277537,200,calibration_resampling_fixed_trained_models_threshold_and_evaluation_cohorts,0.0093069969869434208
LightGBM,isotonic_probability,test,deployed_per_format_FPR_0.05,0.0451794442584533,0.0030369407348276537,0.045430197522597922,0.037763642450619347,0.051088048208905258,0.040294609976565116,0.050152326749246738,200,calibration_resampling_fixed_trained_models_threshold_and_evaluation_cohorts,0.04432541011047874
LightGBM,isotonic_probability,test,deployed_per_format_TPR_0.001,0.75229970129439094,0.038675789509354179,0.7778294059077332,0.59621639561898443,0.79873879853966145,0.66624626617988714,0.79157982077663458,200,calibration_resampling_fixed_trained_models_threshold_and_evaluation_cohorts,0.7778294059077332
LightGBM,isotonic_probability,test,deployed_per_format_TPR_0.005,0.89406106870229007,0.0091243815036076842,0.89512114171921675,0.80590773315632258,0.90242283438433457,0.87016262860935945,0.90092764686359106,200,calibration_resampling_fixed_trained_models_threshold_and_evaluation_cohorts,0.89432459342847659
LightGBM,isotonic_probability,test,deployed_per_format_TPR_0.01,0.9255320278791902,0.0031807823473356269,0.92578825091271155,0.91470295386657818,0.93222701626286097,0.92020577497510792,0.93156820444739463,200,calibration_resampling_fixed_trained_models_threshold_and_evaluation_cohorts,0.92612014603385329
LightGBM,isotonic_probability,test,deployed_per_format_TPR_0.05,0.97866047129107203,0.0016003207413666724,0.97875871224693001,0.97265184201792232,0.98101559907069369,0.97404082309990048,0.98068536342515766,200,calibration_resampling_fixed_trained_models_threshold_and_evaluation_cohorts,0.97869233322270166
LightGBM,isotonic_probability,test,deployed_pooled_FPR_0.001,0.0010358218948778039,0.00038583119397820644,0.0013391362571141614,6.6956812855708064e-05,0.0014730498828255775,0.00020087043856712421,0.0014730498828255775,200,calibration_resampling_fixed_trained_models_threshold_and_evaluation_cohorts,0.0013391362571141614
LightGBM,isotonic_probability,test,deployed_pooled_FPR_0.005,0.0050207566119852701,0.00075724661333833525,0.0048878473384666886,0.0013391362571141614,0.0062269835955808504,0.0041513223970539,0.0062269835955808504,200,calibration_resampling_fixed_trained_models_threshold_and_evaluation_cohorts,0.0048878473384666886
LightGBM,isotonic_probability,test,deployed_pooled_FPR_0.01,0.010374623367927686,0.00083715723950822927,0.010579176431201875,0.006963508536993639,0.012453967191161701,0.0074322062269835953,0.01173250753264145,200,calibration_resampling_fixed_trained_models_threshold_and_evaluation_cohorts,0.010579176431201875
LightGBM,isotonic_probability,test,deployed_pooled_FPR_0.05,0.044560093739538002,0.0025978004806606904,0.043454971543354537,0.037897556076330767,0.050686307331771006,0.041036156678942087,0.049899564780716443,200,calibration_resampling_fixed_trained_models_threshold_and_evaluation_cohorts,0.047204553063274188
LightGBM,isotonic_probability,test,deployed_pooled_TPR_0.001,0.74932027879190177,0.040489370136110946,0.7778294059077332,0.59621639561898443,0.78791901759044147,0.66624626617988714,0.78791901759044147,200,calibration_resampling_fixed_trained_models_threshold_and_evaluation_cohorts,0.7778294059077332
LightGBM,isotonic_probability,test,deployed_pooled_TPR_0.005,0.88817490872884164,0.01436605061166313,0.88908065051443741,0.7778294059077332,0.90547626949883842,0.87016262860935945,0.90547626949883842,200,calibration_resampling_fixed_trained_models_threshold_and_evaluation_cohorts,0.88908065051443741
LightGBM,isotonic_probability,test,deployed_pooled_TPR_0.01,0.9287782940590773,0.0036272313154240643,0.92990375041486895,0.91118486558247591,0.9346830401593097,0.91470295386657818,0.93351310985728508,200,calibration_resampling_fixed_trained_models_threshold_and_evaluation_cohorts,0.92990375041486895
LightGBM,isotonic_probability,test,deployed_pooled_TPR_0.05,0.9788028542980417,0.0010648600828884144,0.97855957517424497,0.97484234981745765,0.98108197809492204,0.97716229671423827,0.9806920013275805,200,calibration_resampling_fixed_trained_models_threshold_and_evaluation_cohorts,0.97982077663458345
LightGBM,isotonic_tiebreak,same_period,AP,0.99626743608029567,0,0.99626743608029567,0.99626743608029567,0.99626743608029567,0.99626743608029567,0.99626743608029567,200,calibration_resampling_fixed_trained_models_threshold_and_evaluation_cohorts,0.99626743608029567
LightGBM,isotonic_tiebreak,same_period,Accuracy,0.97200216666666661,0.00021900433288505903,0.97209999999999996,0.97126666666666661,0.97260000000000002,0.97146583333333336,0.97236666666666671,200,calibration_resampling_fixed_trained_models_threshold_and_evaluation_cohorts,0.97216666666666662
LightGBM,isotonic_tiebreak,same_period,Brier,0.021629359561557249,7.8844287028424851e-05,0.021631201257937195,0.021449117220266125,0.021857579462423813,0.021493128459918614,0.021808468546840949,200,calibration_resampling_fixed_trained_models_threshold_and_evaluation_cohorts,0.02150745991686577
LightGBM,isotonic_tiebreak,same_period,ECE,0.0036372601629893397,0.00083684665396606742,0.003693046635764296,0.0015150576591092539,0.006216235868335647,0.0020050175794158495,0.0051016536629237596,200,calibration_resampling_fixed_trained_models_threshold_and_evaluation_cohorts,0.0024972432034107606
LightGBM,isotonic_tiebreak,same_period,F1,0.97197967198414648,0.00025917153480802246,0.97210664710819672,0.97127919836455645,0.97259269138436921,0.97146860394245871,0.97232265578586352,200,calibration_resampling_fixed_trained_models_threshold_and_evaluation_cohorts,0.97220095215900393
LightGBM,isotonic_tiebreak,same_period,LogLoss,0.080272015989391501,0.0012958683590522538,0.079789036498604748,0.078785510725480679,0.088879424045616578,0.078891576327478952,0.081965667872049661,200,calibration_resampling_fixed_trained_models_threshold_and_evaluation_cohorts,0.078760303482983324
LightGBM,isotonic_tiebreak,same_period,ROC_AUC,0.99588410021956963,0,0.99588410021956963,0.99588410021956963,0.99588410021956963,0.99588410021956963,0.99588410021956963,200,calibration_resampling_fixed_trained_models_threshold_and_evaluation_cohorts,0.99588410021956963
LightGBM,isotonic_tiebreak,same_period,deployed_per_format_FPR_0.001,0.0014720642355302777,0,0.0014720642355302777,0.0014720642355302777,0.0014720642355302777,0.0014720642355302777,0.0014720642355302777,200,calibration_resampling_fixed_trained_models_threshold_and_evaluation_cohorts,0.0014720642355302777
LightGBM,isotonic_tiebreak,same_period,deployed_per_format_FPR_0.005,0.0051522248243559719,0,0.0051522248243559719,0.0051522248243559719,0.0051522248243559719,0.0051522248243559719,0.0051522248243559719,200,calibration_resampling_fixed_trained_models_threshold_and_evaluation_cohorts,0.0051522248243559719
LightGBM,isotonic_tiebreak,same_period,deployed_per_format_FPR_0.01,0.010103713616594179,0,0.010103713616594179,0.010103713616594179,0.010103713616594179,0.010103713616594179,0.010103713616594179,200,calibration_resampling_fixed_trained_models_threshold_and_evaluation_cohorts,0.010103713616594179
LightGBM,isotonic_tiebreak,same_period,deployed_per_format_FPR_0.05,0.051722984275677487,0,0.051722984275677487,0.051722984275677487,0.051722984275677487,0.051722984275677487,0.051722984275677487,200,calibration_resampling_fixed_trained_models_threshold_and_evaluation_cohorts,0.051722984275677487
LightGBM,isotonic_tiebreak,same_period,deployed_per_format_TPR_0.001,0.80777150448356028,0,0.80777150448356028,0.80777150448356028,0.80777150448356028,0.80777150448356028,0.80777150448356028,200,calibration_resampling_fixed_trained_models_threshold_and_evaluation_cohorts,0.80777150448356028
LightGBM,isotonic_tiebreak,same_period,deployed_per_format_TPR_0.005,0.91252075722351378,0,0.91252075722351378,0.91252075722351378,0.91252075722351378,0.91252075722351378,0.91252075722351378,200,calibration_resampling_fixed_trained_models_threshold_and_evaluation_cohorts,0.91252075722351378
LightGBM,isotonic_tiebreak,same_period,deployed_per_format_TPR_0.01,0.94493523746263686,0,0.94493523746263697,0.94493523746263697,0.94493523746263697,0.94493523746263697,0.94493523746263697,200,calibration_resampling_fixed_trained_models_threshold_and_evaluation_cohorts,0.94493523746263697
LightGBM,isotonic_tiebreak,same_period,deployed_per_format_TPR_0.05,0.98246429757555631,0,0.98246429757555631,0.98246429757555631,0.98246429757555631,0.98246429757555631,0.98246429757555631,200,calibration_resampling_fixed_trained_models_threshold_and_evaluation_cohorts,0.98246429757555631
LightGBM,isotonic_tiebreak,same_period,deployed_pooled_FPR_0.001,0.001405152224824356,0,0.001405152224824356,0.001405152224824356,0.001405152224824356,0.001405152224824356,0.001405152224824356,200,calibration_resampling_fixed_trained_models_threshold_and_evaluation_cohorts,0.001405152224824356
LightGBM,isotonic_tiebreak,same_period,deployed_pooled_FPR_0.005,0.0053529608564737378,0,0.0053529608564737369,0.0053529608564737369,0.0053529608564737369,0.0053529608564737369,0.0053529608564737369,200,calibration_resampling_fixed_trained_models_threshold_and_evaluation_cohorts,0.0053529608564737369
LightGBM,isotonic_tiebreak,same_period,deployed_pooled_FPR_0.01,0.010371361659417867,0,0.010371361659417865,0.010371361659417865,0.010371361659417865,0.010371361659417865,0.010371361659417865,200,calibration_resampling_fixed_trained_models_threshold_and_evaluation_cohorts,0.010371361659417865
LightGBM,isotonic_tiebreak,same_period,deployed_pooled_FPR_0.05,0.052191368350618939,0,0.052191368350618939,0.052191368350618939,0.052191368350618939,0.052191368350618939,0.052191368350618939,200,calibration_resampling_fixed_trained_models_threshold_and_evaluation_cohorts,0.052191368350618939
LightGBM,isotonic_tiebreak,same_period,deployed_pooled_TPR_0.001,0.79887080704085023,0,0.79887080704085023,0.79887080704085023,0.79887080704085023,0.79887080704085023,0.79887080704085023,200,calibration_resampling_fixed_trained_models_threshold_and_evaluation_cohorts,0.79887080704085023
LightGBM,isotonic_tiebreak,same_period,deployed_pooled_TPR_0.005,0.91431418133510467,0,0.91431418133510467,0.91431418133510467,0.91431418133510467,0.91431418133510467,0.91431418133510467,200,calibration_resampling_fixed_trained_models_threshold_and_evaluation_cohorts,0.91431418133510467
LightGBM,isotonic_tiebreak,same_period,deployed_pooled_TPR_0.01,0.94393889073397541,0,0.94393889073397541,0.94393889073397541,0.94393889073397541,0.94393889073397541,0.94393889073397541,200,calibration_resampling_fixed_trained_models_threshold_and_evaluation_cohorts,0.94393889073397541
LightGBM,isotonic_tiebreak,same_period,deployed_pooled_TPR_0.05,0.98292925938226505,0,0.98292925938226505,0.98292925938226505,0.98292925938226505,0.98292925938226505,0.98292925938226505,200,calibration_resampling_fixed_trained_models_threshold_and_evaluation_cohorts,0.98292925938226505
LightGBM,isotonic_tiebreak,test,AP,0.99594655259609399,0,0.99594655259609399,0.99594655259609399,0.99594655259609399,0.99594655259609399,0.99594655259609399,200,calibration_resampling_fixed_trained_models_threshold_and_evaluation_cohorts,0.99594655259609399
LightGBM,isotonic_tiebreak,test,Accuracy,0.9681913333333334,0.00046142352503792002,0.9684666666666667,0.96709999999999996,0.96899999999999997,0.96733333333333338,0.96889999999999998,200,calibration_resampling_fixed_trained_models_threshold_and_evaluation_cohorts,0.96853333333333336
LightGBM,isotonic_tiebreak,test,Brier,0.023765394134685421,0.00015849992188021899,0.023751693927957673,0.023439500122765241,0.024171206097190999,0.023498377213207185,0.024117097346316507,200,calibration_resampling_fixed_trained_models_threshold_and_evaluation_cohorts,0.023643545279624027
LightGBM,isotonic_tiebreak,test,ECE,0.0061591296799948358,0.0010584706853644745,0.0062150661517111168,0.0032195140708840453,0.0086110886527211664,0.0041225211585447291,0.0081441777839314708,200,calibration_resampling_fixed_trained_models_threshold_and_evaluation_cohorts,0.004948003402847582
LightGBM,isotonic_tiebreak,test,F1,0.96814910010244948,0.0005662304315410024,0.96850236398748091,0.9668602894268542,0.96917263325377889,0.96712071395021137,0.96900471224987561,200,calibration_resampling_fixed_trained_models_threshold_and_evaluation_cohorts,0.96857314068846123
LightGBM,isotonic_tiebreak,test,LogLoss,0.086173723691270784,0.0018663586552072774,0.08550688453209343,0.083522855219088435,0.094860020511922896,0.083896206153154421,0.08994869756639999,200,calibration_resampling_fixed_trained_models_threshold_and_evaluation_cohorts,0.084221844487789632
LightGBM,isotonic_tiebreak,test,ROC_AUC,0.99566611417481066,0,0.99566611417481066,0.99566611417481066,0.99566611417481066,0.99566611417481066,0.99566611417481066,200,calibration_resampling_fixed_trained_models_threshold_and_evaluation_cohorts,0.99566611417481066
LightGBM,isotonic_tiebreak,test,deployed_per_format_FPR_0.001,0.0014730498828255775,0,0.0014730498828255775,0.0014730498828255775,0.0014730498828255775,0.0014730498828255775,0.0014730498828255775,200,calibration_resampling_fixed_trained_models_threshold_and_evaluation_cohorts,0.0014730498828255775
LightGBM,isotonic_tiebreak,test,deployed_per_format_FPR_0.005,0.0060930699698694343,0,0.0060930699698694343,0.0060930699698694343,0.0060930699698694343,0.0060930699698694343,0.0060930699698694343,200,calibration_resampling_fixed_trained_models_threshold_and_evaluation_cohorts,0.0060930699698694343
LightGBM,isotonic_tiebreak,test,deployed_per_format_FPR_0.01,0.011918312688316036,0,0.011918312688316036,0.011918312688316036,0.011918312688316036,0.011918312688316036,0.011918312688316036,200,calibration_resampling_fixed_trained_models_threshold_and_evaluation_cohorts,0.011918312688316036
LightGBM,isotonic_tiebreak,test,deployed_per_format_FPR_0.05,0.051623702711750923,0,0.051623702711750923,0.051623702711750923,0.051623702711750923,0.051623702711750923,0.051623702711750923,200,calibration_resampling_fixed_trained_models_threshold_and_evaluation_cohorts,0.051623702711750923
LightGBM,isotonic_tiebreak,test,deployed_per_format_TPR_0.001,0.79986724195154335,0,0.79986724195154335,0.79986724195154335,0.79986724195154335,0.79986724195154335,0.79986724195154335,200,calibration_resampling_fixed_trained_models_threshold_and_evaluation_cohorts,0.79986724195154335
LightGBM,isotonic_tiebreak,test,deployed_per_format_TPR_0.005,0.90394955194158644,0,0.90394955194158644,0.90394955194158644,0.90394955194158644,0.90394955194158644,0.90394955194158644,200,calibration_resampling_fixed_trained_models_threshold_and_evaluation_cohorts,0.90394955194158644
LightGBM,isotonic_tiebreak,test,deployed_per_format_TPR_0.01,0.93614337869233322,0,0.93614337869233322,0.93614337869233322,0.93614337869233322,0.93614337869233322,0.93614337869233322,200,calibration_resampling_fixed_trained_models_threshold_and_evaluation_cohorts,0.93614337869233322
LightGBM,isotonic_tiebreak,test,deployed_per_format_TPR_0.05,0.98121473614337873,0,0.98121473614337873,0.98121473614337873,0.98121473614337873,0.98121473614337873,0.98121473614337873,200,calibration_resampling_fixed_trained_models_threshold_and_evaluation_cohorts,0.98121473614337873
LightGBM,isotonic_tiebreak,test,deployed_pooled_FPR_0.001,0.0016069635085369939,0,0.0016069635085369936,0.0016069635085369936,0.0016069635085369936,0.0016069635085369936,0.0016069635085369936,200,calibration_resampling_fixed_trained_models_threshold_and_evaluation_cohorts,0.0016069635085369936
LightGBM,isotonic_tiebreak,test,deployed_pooled_FPR_0.005,0.0062269835955808504,0,0.0062269835955808504,0.0062269835955808504,0.0062269835955808504,0.0062269835955808504,0.0062269835955808504,200,calibration_resampling_fixed_trained_models_threshold_and_evaluation_cohorts,0.0062269835955808504
LightGBM,isotonic_tiebreak,test,deployed_pooled_FPR_0.01,0.012453967191161701,0,0.012453967191161701,0.012453967191161701,0.012453967191161701,0.012453967191161701,0.012453967191161701,200,calibration_resampling_fixed_trained_models_threshold_and_evaluation_cohorts,0.012453967191161701
LightGBM,isotonic_tiebreak,test,deployed_pooled_FPR_0.05,0.05135587546032809,0,0.05135587546032809,0.05135587546032809,0.05135587546032809,0.05135587546032809,0.05135587546032809,200,calibration_resampling_fixed_trained_models_threshold_and_evaluation_cohorts,0.05135587546032809
LightGBM,isotonic_tiebreak,test,deployed_pooled_TPR_0.001,0.79196813806837041,0,0.79196813806837041,0.79196813806837041,0.79196813806837041,0.79196813806837041,0.79196813806837041,200,calibration_resampling_fixed_trained_models_threshold_and_evaluation_cohorts,0.79196813806837041
LightGBM,isotonic_tiebreak,test,deployed_pooled_TPR_0.005,0.9054762694988383,0,0.90547626949883842,0.90547626949883842,0.90547626949883842,0.90547626949883842,0.90547626949883842,200,calibration_resampling_fixed_trained_models_threshold_and_evaluation_cohorts,0.90547626949883842
LightGBM,isotonic_tiebreak,test,deployed_pooled_TPR_0.01,0.9346830401593097,0,0.9346830401593097,0.9346830401593097,0.9346830401593097,0.9346830401593097,0.9346830401593097,200,calibration_resampling_fixed_trained_models_threshold_and_evaluation_cohorts,0.9346830401593097
LightGBM,isotonic_tiebreak,test,deployed_pooled_TPR_0.05,0.98134749419183553,0,0.98134749419183542,0.98134749419183542,0.98134749419183542,0.98134749419183542,0.98134749419183542,200,calibration_resampling_fixed_trained_models_threshold_and_evaluation_cohorts,0.98134749419183542
LightGBM,temperature,same_period,AP,0.99626743608029567,0,0.99626743608029567,0.99626743608029567,0.99626743608029567,0.99626743608029567,0.99626743608029567,200,calibration_resampling_fixed_trained_models_threshold_and_evaluation_cohorts,0.99626743608029567
LightGBM,temperature,same_period,Accuracy,0.97250000000000003,0,0.97250000000000003,0.97250000000000003,0.97250000000000003,0.97250000000000003,0.97250000000000003,200,calibration_resampling_fixed_trained_models_threshold_and_evaluation_cohorts,0.97250000000000003
LightGBM,temperature,same_period,Brier,0.021395201178719021,4.5541534926415798e-06,0.021393316552487898,0.021391543004826135,0.021413045682324629,0.021391544492280874,0.021408549790663398,200,calibration_resampling_fixed_trained_models_threshold_and_evaluation_cohorts,0.021391576833168075
LightGBM,temperature,same_period,ECE,0.0040184140345460176,0.00017771885290141038,0.0039793928170240318,0.0038224928416680428,0.0049562699410498727,0.0038260131021047293,0.0042535575565797647,200,calibration_resampling_fixed_trained_models_threshold_and_evaluation_cohorts,0.0038684903900125652
LightGBM,temperature,same_period,F1,0.97250091663611216,0,0.97250091663611216,0.97250091663611216,0.97250091663611216,0.97250091663611216,0.97250091663611216,200,calibration_resampling_fixed_trained_models_threshold_and_evaluation_cohorts,0.97250091663611216
LightGBM,temperature,same_period,LogLoss,0.077775732602462233,8.6718225776493481e-05,0.077741457245645337,0.077703947924659497,0.078129573419292719,0.077703998310554731,0.078001684268779861,200,calibration_resampling_fixed_trained_models_threshold_and_evaluation_cohorts,0.077733159461255169
LightGBM,temperature,same_period,ROC_AUC,0.99588410021956963,0,0.99588410021956963,0.99588410021956963,0.99588410021956963,0.99588410021956963,0.99588410021956963,200,calibration_resampling_fixed_trained_models_threshold_and_evaluation_cohorts,0.99588410021956963
LightGBM,temperature,same_period,deployed_per_format_FPR_0.001,0.0014720642355302777,0,0.0014720642355302777,0.0014720642355302777,0.0014720642355302777,0.0014720642355302777,0.0014720642355302777,200,calibration_resampling_fixed_trained_models_threshold_and_evaluation_cohorts,0.0014720642355302777
LightGBM,temperature,same_period,deployed_per_format_FPR_0.005,0.0051522248243559719,0,0.0051522248243559719,0.0051522248243559719,0.0051522248243559719,0.0051522248243559719,0.0051522248243559719,200,calibration_resampling_fixed_trained_models_threshold_and_evaluation_cohorts,0.0051522248243559719
LightGBM,temperature,same_period,deployed_per_format_FPR_0.01,0.010103713616594179,0,0.010103713616594179,0.010103713616594179,0.010103713616594179,0.010103713616594179,0.010103713616594179,200,calibration_resampling_fixed_trained_models_threshold_and_evaluation_cohorts,0.010103713616594179
LightGBM,temperature,same_period,deployed_per_format_FPR_0.05,0.051722984275677487,0,0.051722984275677487,0.051722984275677487,0.051722984275677487,0.051722984275677487,0.051722984275677487,200,calibration_resampling_fixed_trained_models_threshold_and_evaluation_cohorts,0.051722984275677487
LightGBM,temperature,same_period,deployed_per_format_TPR_0.001,0.80777150448356028,0,0.80777150448356028,0.80777150448356028,0.80777150448356028,0.80777150448356028,0.80777150448356028,200,calibration_resampling_fixed_trained_models_threshold_and_evaluation_cohorts,0.80777150448356028
LightGBM,temperature,same_period,deployed_per_format_TPR_0.005,0.91252075722351378,0,0.91252075722351378,0.91252075722351378,0.91252075722351378,0.91252075722351378,0.91252075722351378,200,calibration_resampling_fixed_trained_models_threshold_and_evaluation_cohorts,0.91252075722351378
LightGBM,temperature,same_period,deployed_per_format_TPR_0.01,0.94493523746263686,0,0.94493523746263697,0.94493523746263697,0.94493523746263697,0.94493523746263697,0.94493523746263697,200,calibration_resampling_fixed_trained_models_threshold_and_evaluation_cohorts,0.94493523746263697
LightGBM,temperature,same_period,deployed_per_format_TPR_0.05,0.98246429757555631,0,0.98246429757555631,0.98246429757555631,0.98246429757555631,0.98246429757555631,0.98246429757555631,200,calibration_resampling_fixed_trained_models_threshold_and_evaluation_cohorts,0.98246429757555631
LightGBM,temperature,same_period,deployed_pooled_FPR_0.001,0.001405152224824356,0,0.001405152224824356,0.001405152224824356,0.001405152224824356,0.001405152224824356,0.001405152224824356,200,calibration_resampling_fixed_trained_models_threshold_and_evaluation_cohorts,0.001405152224824356
LightGBM,temperature,same_period,deployed_pooled_FPR_0.005,0.0053529608564737378,0,0.0053529608564737369,0.0053529608564737369,0.0053529608564737369,0.0053529608564737369,0.0053529608564737369,200,calibration_resampling_fixed_trained_models_threshold_and_evaluation_cohorts,0.0053529608564737369
LightGBM,temperature,same_period,deployed_pooled_FPR_0.01,0.010371361659417867,0,0.010371361659417865,0.010371361659417865,0.010371361659417865,0.010371361659417865,0.010371361659417865,200,calibration_resampling_fixed_trained_models_threshold_and_evaluation_cohorts,0.010371361659417865
LightGBM,temperature,same_period,deployed_pooled_FPR_0.05,0.052191368350618939,0,0.052191368350618939,0.052191368350618939,0.052191368350618939,0.052191368350618939,0.052191368350618939,200,calibration_resampling_fixed_trained_models_threshold_and_evaluation_cohorts,0.052191368350618939
LightGBM,temperature,same_period,deployed_pooled_TPR_0.001,0.79887080704085023,0,0.79887080704085023,0.79887080704085023,0.79887080704085023,0.79887080704085023,0.79887080704085023,200,calibration_resampling_fixed_trained_models_threshold_and_evaluation_cohorts,0.79887080704085023
LightGBM,temperature,same_period,deployed_pooled_TPR_0.005,0.91431418133510467,0,0.91431418133510467,0.91431418133510467,0.91431418133510467,0.91431418133510467,0.91431418133510467,200,calibration_resampling_fixed_trained_models_threshold_and_evaluation_cohorts,0.91431418133510467
LightGBM,temperature,same_period,deployed_pooled_TPR_0.01,0.94393889073397541,0,0.94393889073397541,0.94393889073397541,0.94393889073397541,0.94393889073397541,0.94393889073397541,200,calibration_resampling_fixed_trained_models_threshold_and_evaluation_cohorts,0.94393889073397541
LightGBM,temperature,same_period,deployed_pooled_TPR_0.05,0.98292925938226505,0,0.98292925938226505,0.98292925938226505,0.98292925938226505,0.98292925938226505,0.98292925938226505,200,calibration_resampling_fixed_trained_models_threshold_and_evaluation_cohorts,0.98292925938226505
LightGBM,temperature,test,AP,0.99594655259609399,0,0.99594655259609399,0.99594655259609399,0.99594655259609399,0.99594655259609399,0.99594655259609399,200,calibration_resampling_fixed_trained_models_threshold_and_evaluation_cohorts,0.99594655259609399
LightGBM,temperature,test,Accuracy,0.96840000000000004,0,0.96840000000000004,0.96840000000000004,0.96840000000000004,0.96840000000000004,0.96840000000000004,200,calibration_resampling_fixed_trained_models_threshold_and_evaluation_cohorts,0.96840000000000004
LightGBM,temperature,test,Brier,0.023496216704402766,3.0096702610204793e-05,0.023490451026449984,0.023443530658836344,0.023581064911762876,0.023450946507483077,0.023563727095716483,200,calibration_resampling_fixed_trained_models_threshold_and_evaluation_cohorts,0.023491779071135147
LightGBM,temperature,test,ECE,0.0060734667315753719,0.00022726177115728961,0.0061316853279361448,0.0055106721507906355,0.0065309275193299069,0.0055914312868170666,0.0063544158681594918,200,calibration_resampling_fixed_trained_models_threshold_and_evaluation_cohorts,0.0061354453594599477
LightGBM,temperature,test,F1,0.96839578610481392,0,0.96839578610481403,0.96839578610481403,0.96839578610481403,0.96839578610481403,0.96839578610481403,200,calibration_resampling_fixed_trained_models_threshold_and_evaluation_cohorts,0.96839578610481403
LightGBM,temperature,test,LogLoss,0.082944153061677267,0.00012999300430155866,0.082890426208770462,0.082826489998430883,0.083418570646752566,0.08282666604100887,0.083296335141277239,200,calibration_resampling_fixed_trained_models_threshold_and_evaluation_cohorts,0.082895390057620491
LightGBM,temperature,test,ROC_AUC,0.99566611417481066,0,0.99566611417481066,0.99566611417481066,0.99566611417481066,0.99566611417481066,0.99566611417481066,200,calibration_resampling_fixed_trained_models_threshold_and_evaluation_cohorts,0.99566611417481066
LightGBM,temperature,test,deployed_per_format_FPR_0.001,0.0014730498828255775,0,0.0014730498828255775,0.0014730498828255775,0.0014730498828255775,0.0014730498828255775,0.0014730498828255775,200,calibration_resampling_fixed_trained_models_threshold_and_evaluation_cohorts,0.0014730498828255775
LightGBM,temperature,test,deployed_per_format_FPR_0.005,0.0060930699698694343,0,0.0060930699698694343,0.0060930699698694343,0.0060930699698694343,0.0060930699698694343,0.0060930699698694343,200,calibration_resampling_fixed_trained_models_threshold_and_evaluation_cohorts,0.0060930699698694343
LightGBM,temperature,test,deployed_per_format_FPR_0.01,0.011918312688316036,0,0.011918312688316036,0.011918312688316036,0.011918312688316036,0.011918312688316036,0.011918312688316036,200,calibration_resampling_fixed_trained_models_threshold_and_evaluation_cohorts,0.011918312688316036
LightGBM,temperature,test,deployed_per_format_FPR_0.05,0.051623702711750923,0,0.051623702711750923,0.051623702711750923,0.051623702711750923,0.051623702711750923,0.051623702711750923,200,calibration_resampling_fixed_trained_models_threshold_and_evaluation_cohorts,0.051623702711750923
LightGBM,temperature,test,deployed_per_format_TPR_0.001,0.79986724195154335,0,0.79986724195154335,0.79986724195154335,0.79986724195154335,0.79986724195154335,0.79986724195154335,200,calibration_resampling_fixed_trained_models_threshold_and_evaluation_cohorts,0.79986724195154335
LightGBM,temperature,test,deployed_per_format_TPR_0.005,0.90394955194158644,0,0.90394955194158644,0.90394955194158644,0.90394955194158644,0.90394955194158644,0.90394955194158644,200,calibration_resampling_fixed_trained_models_threshold_and_evaluation_cohorts,0.90394955194158644
LightGBM,temperature,test,deployed_per_format_TPR_0.01,0.93614337869233322,0,0.93614337869233322,0.93614337869233322,0.93614337869233322,0.93614337869233322,0.93614337869233322,200,calibration_resampling_fixed_trained_models_threshold_and_evaluation_cohorts,0.93614337869233322
LightGBM,temperature,test,deployed_per_format_TPR_0.05,0.98121473614337873,0,0.98121473614337873,0.98121473614337873,0.98121473614337873,0.98121473614337873,0.98121473614337873,200,calibration_resampling_fixed_trained_models_threshold_and_evaluation_cohorts,0.98121473614337873
LightGBM,temperature,test,deployed_pooled_FPR_0.001,0.0016069635085369939,0,0.0016069635085369936,0.0016069635085369936,0.0016069635085369936,0.0016069635085369936,0.0016069635085369936,200,calibration_resampling_fixed_trained_models_threshold_and_evaluation_cohorts,0.0016069635085369936
LightGBM,temperature,test,deployed_pooled_FPR_0.005,0.0062269835955808504,0,0.0062269835955808504,0.0062269835955808504,0.0062269835955808504,0.0062269835955808504,0.0062269835955808504,200,calibration_resampling_fixed_trained_models_threshold_and_evaluation_cohorts,0.0062269835955808504
LightGBM,temperature,test,deployed_pooled_FPR_0.01,0.012453967191161701,0,0.012453967191161701,0.012453967191161701,0.012453967191161701,0.012453967191161701,0.012453967191161701,200,calibration_resampling_fixed_trained_models_threshold_and_evaluation_cohorts,0.012453967191161701
LightGBM,temperature,test,deployed_pooled_FPR_0.05,0.05135587546032809,0,0.05135587546032809,0.05135587546032809,0.05135587546032809,0.05135587546032809,0.05135587546032809,200,calibration_resampling_fixed_trained_models_threshold_and_evaluation_cohorts,0.05135587546032809
LightGBM,temperature,test,deployed_pooled_TPR_0.001,0.79196813806837041,0,0.79196813806837041,0.79196813806837041,0.79196813806837041,0.79196813806837041,0.79196813806837041,200,calibration_resampling_fixed_trained_models_threshold_and_evaluation_cohorts,0.79196813806837041
LightGBM,temperature,test,deployed_pooled_TPR_0.005,0.9054762694988383,0,0.90547626949883842,0.90547626949883842,0.90547626949883842,0.90547626949883842,0.90547626949883842,200,calibration_resampling_fixed_trained_models_threshold_and_evaluation_cohorts,0.90547626949883842
LightGBM,temperature,test,deployed_pooled_TPR_0.01,0.9346830401593097,0,0.9346830401593097,0.9346830401593097,0.9346830401593097,0.9346830401593097,0.9346830401593097,200,calibration_resampling_fixed_trained_models_threshold_and_evaluation_cohorts,0.9346830401593097
LightGBM,temperature,test,deployed_pooled_TPR_0.05,0.98134749419183553,0,0.98134749419183542,0.98134749419183542,0.98134749419183542,0.98134749419183542,0.98134749419183542,200,calibration_resampling_fixed_trained_models_threshold_and_evaluation_cohorts,0.98134749419183542
TFIDF_bpe_prefix,format_platt,same_period,AP,0.97664084344681668,7.4826125084695712e-05,0.97665499100280773,0.97638669110590537,0.97676147069231445,0.97646655225220702,0.9767451706734982,200,calibration_resampling_fixed_trained_models_threshold_and_evaluation_cohorts,0.97668566771516208
TFIDF_bpe_prefix,format_platt,same_period,Accuracy,0.92251000000000005,0.0001482825558168307,0.92249999999999999,0.9220666666666667,0.92296666666666671,0.92223333333333335,0.92279999999999995,200,calibration_resampling_fixed_trained_models_threshold_and_evaluation_cohorts,0.92249999999999999
TFIDF_bpe_prefix,format_platt,same_period,Brier,0.057892639342468841,6.1454450134670245e-05,0.057884630188776071,0.057777057506539845,0.058110391162182987,0.057796217554668759,0.058029360824911856,200,calibration_resampling_fixed_trained_models_threshold_and_evaluation_cohorts,0.057851801729187337
TFIDF_bpe_prefix,format_platt,same_period,ECE,0.0057402004089914518,0.0011777801909183961,0.0054754550862405734,0.0040206984945555949,0.01057014026976867,0.0042207322366515096,0.0085731313829803656,200,calibration_resampling_fixed_trained_models_threshold_and_evaluation_cohorts,0.005011047610623506
TFIDF_bpe_prefix,format_platt,same_period,F1,0.9227856671956729,0.00017003822467397155,0.92279564519054524,0.92230191826522101,0.92325063930125206,0.92242197008106674,0.92308805447514342,200,calibration_resampling_fixed_trained_models_threshold_and_evaluation_cohorts,0.92276004119464472
TFIDF_bpe_prefix,format_platt,same_period,LogLoss,0.19729371487713845,0.00024800284586709717,0.19727196102216668,0.19679732614119946,0.19832356854432934,0.1968909393791122,0.19783010333705067,200,calibration_resampling_fixed_trained_models_threshold_and_evaluation_cohorts,0.19709854832676266
TFIDF_bpe_prefix,format_platt,same_period,ROC_AUC,0.97607822382945375,6.2058835269997016e-05,0.97608997632079275,0.97576779865595953,0.97619622663815808,0.97594327679294346,0.97617127452491326,200,calibration_resampling_fixed_trained_models_threshold_and_evaluation_cohorts,0.97611534999526106
TFIDF_bpe_prefix,format_platt,same_period,deployed_per_format_FPR_0.001,0.0010036801605888257,0,0.0010036801605888257,0.0010036801605888257,0.0010036801605888257,0.0010036801605888257,0.0010036801605888257,200,calibration_resampling_fixed_trained_models_threshold_and_evaluation_cohorts,0.0010036801605888257
TFIDF_bpe_prefix,format_platt,same_period,deployed_per_format_FPR_0.005,0.0055536968885915019,0,0.0055536968885915019,0.0055536968885915019,0.0055536968885915019,0.0055536968885915019,0.0055536968885915019,200,calibration_resampling_fixed_trained_models_threshold_and_evaluation_cohorts,0.0055536968885915019
TFIDF_bpe_prefix,format_platt,same_period,deployed_per_format_FPR_0.01,0.010839745734359318,0,0.010839745734359318,0.010839745734359318,0.010839745734359318,0.010839745734359318,0.010839745734359318,200,calibration_resampling_fixed_trained_models_threshold_and_evaluation_cohorts,0.010839745734359318
TFIDF_bpe_prefix,format_platt,same_period,deployed_per_format_FPR_0.05,0.051254600200736029,0,0.051254600200736029,0.051254600200736029,0.051254600200736029,0.051254600200736029,0.051254600200736029,200,calibration_resampling_fixed_trained_models_threshold_and_evaluation_cohorts,0.051254600200736029
TFIDF_bpe_prefix,format_platt,same_period,deployed_per_format_TPR_0.001,0.34181335104616406,0,0.34181335104616406,0.34181335104616406,0.34181335104616406,0.34181335104616406,0.34181335104616406,200,calibration_resampling_fixed_trained_models_threshold_and_evaluation_cohorts,0.34181335104616406
TFIDF_bpe_prefix,format_platt,same_period,deployed_per_format_TPR_0.005,0.58160079707738288,0,0.58160079707738288,0.58160079707738288,0.58160079707738288,0.58160079707738288,0.58160079707738288,200,calibration_resampling_fixed_trained_models_threshold_and_evaluation_cohorts,0.58160079707738288
TFIDF_bpe_prefix,format_platt,same_period,deployed_per_format_TPR_0.01,0.67306542676851544,0,0.67306542676851544,0.67306542676851544,0.67306542676851544,0.67306542676851544,0.67306542676851544,200,calibration_resampling_fixed_trained_models_threshold_and_evaluation_cohorts,0.67306542676851544
TFIDF_bpe_prefix,format_platt,same_period,deployed_per_format_TPR_0.05,0.88907339754234471,0,0.88907339754234471,0.88907339754234471,0.88907339754234471,0.88907339754234471,0.88907339754234471,200,calibration_resampling_fixed_trained_models_threshold_and_evaluation_cohorts,0.88907339754234471
TFIDF_bpe_prefix,format_platt,same_period,deployed_pooled_FPR_0.001,0.00086216125794580129,3.2983613761727544e-05,0.00086985613917698224,0.0008029441284710606,0.00093676814988290398,0.0008029441284710606,0.00093676814988290398,200,calibration_resampling_fixed_trained_models_threshold_and_evaluation_cohorts,0.00086985613917698224
TFIDF_bpe_prefix,format_platt,same_period,deployed_pooled_FPR_0.005,0.0052425560388089662,0.0001351206745020456,0.0052860488457678149,0.0048845767815322849,0.0054867848778855808,0.0049514887922382069,0.0054198728671796589,200,calibration_resampling_fixed_trained_models_threshold_and_evaluation_cohorts,0.0052191368350618939
TFIDF_bpe_prefix,format_platt,same_period,deployed_pooled_FPR_0.01,0.011155235864837737,0.00022582906353399768,0.011174305787888927,0.010304449648711944,0.011575777852124457,0.010637336901973904,0.011508865841418534,200,calibration_resampling_fixed_trained_models_threshold_and_evaluation_cohorts,0.011107393777183004
TFIDF_bpe_prefix,format_platt,same_period,deployed_pooled_FPR_0.05,0.051677818668450982,0.00021704656559733945,0.051656072264971563,0.051187688190030112,0.052392104382736698,0.051319839411174309,0.052124456339913014,200,calibration_resampling_fixed_trained_models_threshold_and_evaluation_cohorts,0.051589160254265638
TFIDF_bpe_prefix,format_platt,same_period,deployed_pooled_TPR_0.001,0.32959016937894392,0.0053341211713652144,0.33068747924277653,0.31112587180338758,0.34001992693457322,0.31730156094320827,0.33750083028894057,200,calibration_resampling_fixed_trained_models_threshold_and_evaluation_cohorts,0.33543673198273
TFIDF_bpe_prefix,format_platt,same_period,deployed_pooled_TPR_0.005,0.57844237794752573,0.0029522551616638359,0.57884423779475258,0.56672201926270338,0.58306210561275329,0.57188807705081368,0.58279641315177677,200,calibration_resampling_fixed_trained_models_threshold_and_evaluation_cohorts,0.57954168050481569
TFIDF_bpe_prefix,format_platt,same_period,deployed_pooled_TPR_0.01,0.69044470275655923,0.0019848105368020308,0.6908336100963135,0.68203254732646956,0.69412155430089673,0.68506310195948183,0.69292759880438393,200,calibration_resampling_fixed_trained_models_threshold_and_evaluation_cohorts,0.69192959149784128
TFIDF_bpe_prefix,format_platt,same_period,deployed_pooled_TPR_0.05,0.88996147459315833,0.00041055783434815733,0.89000332115576219,0.8885420126203919,0.89099966788442375,0.88906675523082035,0.89073729657920953,200,calibration_resampling_fixed_trained_models_threshold_and_evaluation_cohorts,0.88967120557954171
TFIDF_bpe_prefix,format_platt,test,AP,0.97638724116370379,0.00013057282675929386,0.9763919017679461,0.97602230141331325,0.97672099844447013,0.97612102531308154,0.97664638287206962,200,calibration_resampling_fixed_trained_models_threshold_and_evaluation_cohorts,0.97642385384809693
TFIDF_bpe_prefix,format_platt,test,Accuracy,0.92285916666666667,0.00030586008376886844,0.92286666666666661,0.92203333333333337,0.92356666666666665,0.92213250000000002,0.92340083333333334,200,calibration_resampling_fixed_trained_models_threshold_and_evaluation_cohorts,0.92266666666666663
TFIDF_bpe_prefix,format_platt,test,Brier,0.057944345746447828,0.00021605940039101944,0.05793146054701917,0.057460895044799259,0.058626407942493762,0.057528845394819485,0.058385031665187867,200,calibration_resampling_fixed_trained_models_threshold_and_evaluation_cohorts,0.057925332926916116
TFIDF_bpe_prefix,format_platt,test,ECE,0.016616260533088709,0.0017496920529777372,0.01671679608195701,0.011999302412439945,0.022031492181825801,0.013200676871735286,0.019912730300236856,200,calibration_resampling_fixed_trained_models_threshold_and_evaluation_cohorts,0.016797964816572118
TFIDF_bpe_prefix,format_platt,test,F1,0.92231765345883876,0.00041332577802572428,0.92231022207506497,0.9211103241256029,0.92331349869626267,0.92132088833793435,0.92308220324841028,200,calibration_resampling_fixed_trained_models_threshold_and_evaluation_cohorts,0.92211105888672529
TFIDF_bpe_prefix,format_platt,test,LogLoss,0.19730180500988001,0.00070244494194387488,0.19725978645504805,0.19566278553939209,0.19928555078176627,0.19594923582645854,0.19876471398361886,200,calibration_resampling_fixed_trained_models_threshold_and_evaluation_cohorts,0.19716473660257935
TFIDF_bpe_prefix,format_platt,test,ROC_AUC,0.97654868619199631,0.00012316253355446494,0.97654636181501642,0.97619304629164694,0.976839889549037,0.97632116758636911,0.97679989779808074,200,calibration_resampling_fixed_trained_models_threshold_and_evaluation_cohorts,0.97658115580170346
TFIDF_bpe_prefix,format_platt,test,deployed_per_format_FPR_0.001,0.00080348175426849693,0,0.00080348175426849682,0.00080348175426849682,0.00080348175426849682,0.00080348175426849682,0.00080348175426849682,200,calibration_resampling_fixed_trained_models_threshold_and_evaluation_cohorts,0.00080348175426849682
TFIDF_bpe_prefix,format_platt,test,deployed_per_format_FPR_0.005,0.0044191496484767322,0,0.0044191496484767322,0.0044191496484767322,0.0044191496484767322,0.0044191496484767322,0.0044191496484767322,200,calibration_resampling_fixed_trained_models_threshold_and_evaluation_cohorts,0.0044191496484767322
TFIDF_bpe_prefix,format_platt,test,deployed_per_format_FPR_0.01,0.0080348175426849678,0,0.0080348175426849678,0.0080348175426849678,0.0080348175426849678,0.0080348175426849678,0.0080348175426849678,200,calibration_resampling_fixed_trained_models_threshold_and_evaluation_cohorts,0.0080348175426849678
TFIDF_bpe_prefix,format_platt,test,deployed_per_format_FPR_0.05,0.045195848677602936,0,0.045195848677602943,0.045195848677602943,0.045195848677602943,0.045195848677602943,0.045195848677602943,200,calibration_resampling_fixed_trained_models_threshold_and_evaluation_cohorts,0.045195848677602943
TFIDF_bpe_prefix,format_platt,test,deployed_per_format_TPR_0.001,0.29731164951875205,0,0.29731164951875205,0.29731164951875205,0.29731164951875205,0.29731164951875205,0.29731164951875205,200,calibration_resampling_fixed_trained_models_threshold_and_evaluation_cohorts,0.29731164951875205
TFIDF_bpe_prefix,format_platt,test,deployed_per_format_TPR_0.005,0.53016926651178231,0,0.53016926651178231,0.53016926651178231,0.53016926651178231,0.53016926651178231,0.53016926651178231,200,calibration_resampling_fixed_trained_models_threshold_and_evaluation_cohorts,0.53016926651178231
TFIDF_bpe_prefix,format_platt,test,deployed_per_format_TPR_0.01,0.63750414868901428,0,0.63750414868901428,0.63750414868901428,0.63750414868901428,0.63750414868901428,0.63750414868901428,200,calibration_resampling_fixed_trained_models_threshold_and_evaluation_cohorts,0.63750414868901428
TFIDF_bpe_prefix,format_platt,test,deployed_per_format_TPR_0.05,0.87149020909392627,0,0.87149020909392627,0.87149020909392627,0.87149020909392627,0.87149020909392627,0.87149020909392627,200,calibration_resampling_fixed_trained_models_threshold_and_evaluation_cohorts,0.87149020909392627
TFIDF_bpe_prefix,format_platt,test,deployed_pooled_FPR_0.001,0.00080113826581854704,5.5098614595083932e-05,0.00080348175426849682,0.00066956812855708072,0.00093739537997991292,0.00073652494141278877,0.00093739537997991292,200,calibration_resampling_fixed_trained_models_threshold_and_evaluation_cohorts,0.00080348175426849682
TFIDF_bpe_prefix,format_platt,test,deployed_pooled_FPR_0.005,0.0044760629394040843,0.00015229351494282169,0.0044861064613324403,0.0039504519584867758,0.0046869768998995644,0.0041513223970539,0.0046869768998995644,200,calibration_resampling_fixed_trained_models_threshold_and_evaluation_cohorts,0.0046200200870438564
TFIDF_bpe_prefix,format_platt,test,deployed_pooled_FPR_0.01,0.0099397388684298645,0.00019966112707116266,0.0099096083026447949,0.0093069969869434208,0.010445262805490459,0.009574824238366253,0.010313023100100436,200,calibration_resampling_fixed_trained_models_threshold_and_evaluation_cohorts,0.0099096083026447949
TFIDF_bpe_prefix,format_platt,test,deployed_pooled_FPR_0.05,0.044850686307331772,0.0004572919736687496,0.044794107800468698,0.04358888516906595,0.046066287244727153,0.043921995313023099,0.045666220287914297,200,calibration_resampling_fixed_trained_models_threshold_and_evaluation_cohorts,0.044526280549045866
TFIDF_bpe_prefix,format_platt,test,deployed_pooled_TPR_0.001,0.29028675738466647,0.0051297207902083111,0.29130434782608694,0.27387985396614672,0.29870560902754728,0.27825589113840027,0.29704613342183872,200,calibration_resampling_fixed_trained_models_threshold_and_evaluation_cohorts,0.29638234317955525
TFIDF_bpe_prefix,format_platt,test,deployed_pooled_TPR_0.005,0.52149651510122796,0.0034112820120561554,0.52200464653169598,0.50594092266843682,0.5274477265184202,0.51356953202787914,0.5261267839362761,200,calibration_resampling_fixed_trained_models_threshold_and_evaluation_cohorts,0.5227348157982078
TFIDF_bpe_prefix,format_platt,test,deployed_pooled_TPR_0.01,0.64368138068370395,0.0020977240970539023,0.6438101559907069,0.636110189180219,0.64752738134749421,0.63902422834384331,0.64673415200796547,200,calibration_resampling_fixed_trained_models_threshold_and_evaluation_cohorts,0.64407567208762029
TFIDF_bpe_prefix,format_platt,test,deployed_pooled_TPR_0.05,0.86774510454696308,0.00076174683788895884,0.86750746764022568,0.86631264520411555,0.87076003982741457,0.86677397942250245,0.8696365748423498,200,calibration_resampling_fixed_trained_models_threshold_and_evaluation_cohorts,0.86717557251908395
TFIDF_bpe_prefix,isotonic_probability,same_period,AP,0.97353329134645861,0.00039927268633265141,0.97353202396707905,0.97249136997600816,0.97432827010560352,0.97272144986956044,0.97426398049070262,200,calibration_resampling_fixed_trained_models_threshold_and_evaluation_cohorts,0.97446212520690645
TFIDF_bpe_prefix,isotonic_probability,same_period,Accuracy,0.92229233333333327,0.00032469046377139399,0.92236666666666667,0.9214,0.92263333333333331,0.92149916666666665,0.92263333333333331,200,calibration_resampling_fixed_trained_models_threshold_and_evaluation_cohorts,0.92256666666666665
TFIDF_bpe_prefix,isotonic_probability,same_period,Brier,0.058250745288659339,0.00011567573543006378,0.058237843847218654,0.05795541156093871,0.058625266349092493,0.058058122762732853,0.058518848251386917,200,calibration_resampling_fixed_trained_models_threshold_and_evaluation_cohorts,0.058122660009652383
TFIDF_bpe_prefix,isotonic_probability,same_period,ECE,0.0077116811516233031,0.0016600056331674158,0.0076439365693783939,0.0041596592659926285,0.012838034648082371,0.0047688942835758417,0.01077598152618358,200,calibration_resampling_fixed_trained_models_threshold_and_evaluation_cohorts,0.0075320892508313718
TFIDF_bpe_prefix,isotonic_probability,same_period,F1,0.92180302733906261,0.00063168041473347372,0.92182399461551401,0.92018143659874074,0.92297020545682762,0.92035486516221732,0.92256596699544846,200,calibration_resampling_fixed_trained_models_threshold_and_evaluation_cohorts,0.92182399461551401
TFIDF_bpe_prefix,isotonic_probability,same_period,LogLoss,0.2038229965703108,0.0031553293203539696,0.20342875205744165,0.19960483803526294,0.22004869436964902,0.20027027714740062,0.20947240706565962,200,calibration_resampling_fixed_trained_models_threshold_and_evaluation_cohorts,0.20021273013481289
TFIDF_bpe_prefix,isotonic_probability,same_period,ROC_AUC,0.97568477641754958,9.2791785878194985e-05,0.97568193861273023,0.97532877053124811,0.9758717333866378,0.9754960721694147,0.97583483105717306,200,calibration_resampling_fixed_trained_models_threshold_and_evaluation_cohorts,0.97584917308332697
TFIDF_bpe_prefix,isotonic_probability,same_period,deployed_per_format_FPR_0.001,0.00048109735697557713,0.00013456004692516797,0.0004014720642355303,0.00026764804282368687,0.0008029441284710606,0.00033456005352960856,0.00073603211776513886,200,calibration_resampling_fixed_trained_models_threshold_and_evaluation_cohorts,0.0004014720642355303
TFIDF_bpe_prefix,isotonic_probability,same_period,deployed_per_format_FPR_0.005,0.0039836065573770488,0.00050590346907319157,0.0040147206423553029,0.0029441284710605554,0.0050853128136500499,0.0032117765138842424,0.004817664770826363,200,calibration_resampling_fixed_trained_models_threshold_and_evaluation_cohorts,0.0040147206423553029
TFIDF_bpe_prefix,isotonic_probability,same_period,deployed_per_format_FPR_0.01,0.0093984610237537632,0.0013036795766060453,0.0096353295416527259,0.0049514887922382069,0.010505185680829709,0.0056741385078621616,0.010505185680829709,200,calibration_resampling_fixed_trained_models_threshold_and_evaluation_cohorts,0.010371361659417865
TFIDF_bpe_prefix,isotonic_probability,same_period,deployed_per_format_FPR_0.05,0.046755771160923387,0.0022110540851074077,0.046738039478086316,0.035864837738374039,0.050986952157912345,0.043091334894613587,0.05078788892606223,200,calibration_resampling_fixed_trained_models_threshold_and_evaluation_cohorts,0.045968551354968218
TFIDF_bpe_prefix,isotonic_probability,same_period,deployed_per_format_TPR_0.001,0.26105280637661904,0.031683250240428777,0.2671537695117901,0.12666888077050814,0.30315509797409501,0.1974094985054799,0.29173032215210898,200,calibration_resampling_fixed_trained_models_threshold_and_evaluation_cohorts,0.26702092328130189
TFIDF_bpe_prefix,isotonic_probability,same_period,deployed_per_format_TPR_0.005,0.52035968116904685,0.019573769058319833,0.52185320491531051,0.47206908003985387,0.56326801727000997,0.49206243772832947,0.55550647625373639,200,calibration_resampling_fixed_trained_models_threshold_and_evaluation_cohorts,0.52089006974427099
TFIDF_bpe_prefix,isotonic_probability,same_period,deployed_per_format_TPR_0.01,0.64884623048820989,0.020658382030742009,0.65606110926602457,0.56658917303221523,0.66815011624045173,0.59334108269677843,0.66583194951843239,200,calibration_resampling_fixed_trained_models_threshold_and_evaluation_cohorts,0.65931584191298576
TFIDF_bpe_prefix,isotonic_probability,same_period,deployed_per_format_TPR_0.05,0.87943905679176348,0.0053340352880323202,0.87944204583194951,0.85048156758551974,0.88840916638990364,0.86980405181002995,0.88781135835270675,200,calibration_resampling_fixed_trained_models_threshold_and_evaluation_cohorts,0.87884423779475263
TFIDF_bpe_prefix,isotonic_probability,same_period,deployed_pooled_FPR_0.001,0.00023151555704248913,0.0001736113360830821,0.00013382402141184343,0,0.00066912010705921711,6.6912010705921717e-05,0.00053529608564737373,200,calibration_resampling_fixed_trained_models_threshold_and_evaluation_cohorts,0.00013382402141184343
TFIDF_bpe_prefix,isotonic_probability,same_period,deployed_pooled_FPR_0.005,0.0048159919705587154,0.00055113564551006002,0.0049514887922382069,0.0012044161927065907,0.0050853128136500499,0.0043860823017731684,0.0050853128136500499,200,calibration_resampling_fixed_trained_models_threshold_and_evaluation_cohorts,0.0049514887922382069
TFIDF_bpe_prefix,isotonic_probability,same_period,deployed_pooled_FPR_0.01,0.0078986283037805281,0.0023184173153373479,0.0069588491134158579,0.0049514887922382069,0.010906657745065239,0.0049514887922382069,0.010772833723653397,200,calibration_resampling_fixed_trained_models_threshold_and_evaluation_cohorts,0.010705921712947474
TFIDF_bpe_prefix,isotonic_probability,same_period,deployed_pooled_FPR_0.05,0.049143860823017728,0.0015836800358244197,0.048778855804616932,0.038608230177316828,0.051455336232853796,0.04467547674807628,0.051455336232853796,200,calibration_resampling_fixed_trained_models_threshold_and_evaluation_cohorts,0.048778855804616932
TFIDF_bpe_prefix,isotonic_probability,same_period,deployed_pooled_TPR_0.001,0.1871275323812687,0.044764249048161828,0.19548322816340086,0,0.24729325805380273,0.098904018598472268,0.23294586516107604,200,calibration_resampling_fixed_trained_models_threshold_and_evaluation_cohorts,0.19548322816340086
TFIDF_bpe_prefix,isotonic_probability,same_period,deployed_pooled_TPR_0.005,0.55886117568913984,0.028601368460034065,0.56658917303221523,0.35748920624377284,0.57010959814015272,0.53534207904350706,0.57010959814015272,200,calibration_resampling_fixed_trained_models_threshold_and_evaluation_cohorts,0.56658917303221523
TFIDF_bpe_prefix,isotonic_probability,same_period,deployed_pooled_TPR_0.01,0.63515941547658583,0.044401986135573508,0.61966124211225504,0.56658917303221523,0.68774493523746261,0.56658917303221523,0.68648289604782464,200,calibration_resampling_fixed_trained_models_threshold_and_evaluation_cohorts,0.68588508801062775
TFIDF_bpe_prefix,isotonic_probability,same_period,deployed_pooled_TPR_0.05,0.88529724344071736,0.0031968842596987817,0.88475589505147789,0.86223845898372631,0.89013616738625045,0.87647791431418132,0.89013616738625045,200,calibration_resampling_fixed_trained_models_threshold_and_evaluation_cohorts,0.88475589505147789
TFIDF_bpe_prefix,isotonic_probability,test,AP,0.97323277706554623,0.0003753403405599639,0.9732306485510126,0.97229288603547392,0.97398444602888967,0.97249510932413774,0.97387745818773275,200,calibration_resampling_fixed_trained_models_threshold_and_evaluation_cohorts,0.97417293658305015
TFIDF_bpe_prefix,isotonic_probability,test,Accuracy,0.92027366666666666,0.0021595788978854254,0.92018333333333335,0.91613333333333336,0.92383333333333328,0.91633333333333333,0.92310833333333342,200,calibration_resampling_fixed_trained_models_threshold_and_evaluation_cohorts,0.91893333333333338
TFIDF_bpe_prefix,isotonic_probability,test,Brier,0.058890855955735649,0.00034362183960523935,0.058880831604715196,0.057991115769794606,0.05985340518476464,0.058239053116802206,0.059610288297286824,200,calibration_resampling_fixed_trained_models_threshold_and_evaluation_cohorts,0.058747344644482453
TFIDF_bpe_prefix,isotonic_probability,test,ECE,0.018008684497591229,0.0017913473888669397,0.018058834586955987,0.01333101864303945,0.0221031901347023,0.014442550167301879,0.021539860751195437,200,calibration_resampling_fixed_trained_models_threshold_and_evaluation_cohorts,0.017999512692312519
TFIDF_bpe_prefix,isotonic_probability,test,F1,0.91885462126063056,0.0026965224764237544,0.91866646313075673,0.91368782161234996,0.92380031346917002,0.91395859042917871,0.92271024297324877,200,calibration_resampling_fixed_trained_models_threshold_and_evaluation_cohorts,0.91721132897603486
TFIDF_bpe_prefix,isotonic_probability,test,LogLoss,0.2063572314858205,0.0036547236110058804,0.20577188129794916,0.20143369725922927,0.21707287647468254,0.20223259413087888,0.21619279200378552,200,calibration_resampling_fixed_trained_models_threshold_and_evaluation_cohorts,0.20282875544449439
TFIDF_bpe_prefix,isotonic_probability,test,ROC_AUC,0.9761921371856872,7.4066917911248508e-05,0.97620047420890455,0.97599805151896746,0.97635181816191896,0.97604506806850033,0.97633193995531697,200,calibration_resampling_fixed_trained_models_threshold_and_evaluation_cohorts,0.97632452209380371
TFIDF_bpe_prefix,isotonic_probability,test,deployed_per_format_FPR_0.001,0.00056009373953799801,7.9473508807471324e-05,0.00060261131570137256,0.00033478406427854036,0.00060261131570137256,0.00040174087713424841,0.00060261131570137256,200,calibration_resampling_fixed_trained_models_threshold_and_evaluation_cohorts,0.00060261131570137256
TFIDF_bpe_prefix,isotonic_probability,test,deployed_per_format_FPR_0.005,0.0030026782725142281,0.00042305144501734613,0.0030130565785068631,0.0020087043856712419,0.0040174087713424839,0.0023434884499497822,0.0038182122530967528,200,calibration_resampling_fixed_trained_models_threshold_and_evaluation_cohorts,0.0030130565785068631
TFIDF_bpe_prefix,isotonic_probability,test,deployed_per_format_FPR_0.01,0.006778372949447606,0.00083602028608945392,0.006963508536993639,0.0040843655841981919,0.0079678607298292597,0.0047505858721124871,0.0077686642115835283,200,calibration_resampling_fixed_trained_models_threshold_and_evaluation_cohorts,0.0070974221627050551
TFIDF_bpe_prefix,isotonic_probability,test,deployed_per_format_FPR_0.05,0.04101138265818547,0.0021026794101699289,0.040709742216270509,0.031268831603615668,0.045195848677602943,0.037495815199196515,0.044732172748577173,200,calibration_resampling_fixed_trained_models_threshold_and_evaluation_cohorts,0.040374958151991963
TFIDF_bpe_prefix,isotonic_probability,test,deployed_per_format_TPR_0.001,0.2343149684699635,0.03305230913955156,0.24274809160305344,0.077066047129107196,0.27321606372386326,0.16886823763690673,0.26370892797875872,200,calibration_resampling_fixed_trained_models_threshold_and_evaluation_cohorts,0.2425489545303684
TFIDF_bpe_prefix,isotonic_probability,test,deployed_per_format_TPR_0.005,0.46553634251576503,0.022057612071869639,0.46837039495519417,0.41347494191835382,0.51277796216395621,0.43186193162960507,0.50231496846996349,200,calibration_resampling_fixed_trained_models_threshold_and_evaluation_cohorts,0.46837039495519417
TFIDF_bpe_prefix,isotonic_probability,test,deployed_per_format_TPR_0.01,0.60865151012280128,0.027083871688661644,0.6178559575174245,0.50401593096581476,0.63312313308994361,0.53802024560238959,0.63107699966810493,200,calibration_resampling_fixed_trained_models_threshold_and_evaluation_cohorts,0.62130766677729843
TFIDF_bpe_prefix,isotonic_probability,test,deployed_per_format_TPR_0.05,0.86013010288748759,0.0060089385633746838,0.85960836375705274,0.82987056090275468,0.87095917690009961,0.84998340524394289,0.87036176568204449,200,calibration_resampling_fixed_trained_models_threshold_and_evaluation_cohorts,0.85841354132094261
TFIDF_bpe_prefix,isotonic_probability,test,deployed_pooled_FPR_0.001,0.00022095748242383659,0.00010202091695966726,0.00026782725142283226,0,0.00026782725142283226,0,0.00026782725142283226,200,calibration_resampling_fixed_trained_models_threshold_and_evaluation_cohorts,0.00026782725142283226
TFIDF_bpe_prefix,isotonic_probability,test,deployed_pooled_FPR_0.005,0.0039564780716437901,0.00047758695245159817,0.0040843655841981919,0.00093739537997991292,0.0042182792099096081,0.0033880147304988289,0.0042182792099096081,200,calibration_resampling_fixed_trained_models_threshold_and_evaluation_cohorts,0.0040843655841981919
TFIDF_bpe_prefix,isotonic_probability,test,deployed_pooled_FPR_0.01,0.0073699363910277871,0.0022384045243529589,0.0064948108470036826,0.0040843655841981919,0.010110478741211919,0.0040843655841981919,0.009976565115500503,200,calibration_resampling_fixed_trained_models_threshold_and_evaluation_cohorts,0.009976565115500503
TFIDF_bpe_prefix,isotonic_probability,test,deployed_pooled_FPR_0.05,0.043240374958151993,0.0011385190802958251,0.043053230666220285,0.035219283562102445,0.044794107800468698,0.039686976899899563,0.044794107800468698,200,calibration_resampling_fixed_trained_models_threshold_and_evaluation_cohorts,0.043053230666220285
TFIDF_bpe_prefix,isotonic_probability,test,deployed_pooled_TPR_0.001,0.17556223033521406,0.038680593678796164,0.18433455028211085,0,0.22369731164951875,0.098971125124460671,0.21194822436110189,200,calibration_resampling_fixed_trained_models_threshold_and_evaluation_cohorts,0.18433455028211085
TFIDF_bpe_prefix,isotonic_probability,test,deployed_pooled_TPR_0.005,0.49704580152671751,0.025705770282945992,0.50401593096581476,0.31934948556256221,0.50786591437105877,0.47370560902754733,0.50786591437105877,200,calibration_resampling_fixed_trained_models_threshold_and_evaluation_cohorts,0.50401593096581476
TFIDF_bpe_prefix,isotonic_probability,test,deployed_pooled_TPR_0.01,0.57954065715233982,0.048200130625026372,0.56428808496515104,0.50401593096581476,0.63624294722867569,0.50401593096581476,0.63518088284102225,200,calibration_resampling_fixed_trained_models_threshold_and_evaluation_cohorts,0.63431795552605374
TFIDF_bpe_prefix,isotonic_probability,test,deployed_pooled_TPR_0.05,0.8635871224692997,0.0033354989779168145,0.86325921008961171,0.83703949551941581,0.86757384666445403,0.85543644208430136,0.86757384666445403,200,calibration_resampling_fixed_trained_models_threshold_and_evaluation_cohorts,0.86325921008961171
TFIDF_bpe_prefix,isotonic_tiebreak,same_period,AP,0.9765270021607122,0,0.97652700216071231,0.97652700216071231,0.97652700216071231,0.97652700216071231,0.97652700216071231,200,calibration_resampling_fixed_trained_models_threshold_and_evaluation_cohorts,0.97652700216071231
TFIDF_bpe_prefix,isotonic_tiebreak,same_period,Accuracy,0.92229233333333327,0.00032469046377139399,0.92236666666666667,0.9214,0.92263333333333331,0.92149916666666665,0.92263333333333331,200,calibration_resampling_fixed_trained_models_threshold_and_evaluation_cohorts,0.92256666666666665
TFIDF_bpe_prefix,isotonic_tiebreak,same_period,Brier,0.058250745288659339,0.00011567573543006378,0.058237843847218654,0.05795541156093871,0.058625266349092493,0.058058122762732853,0.058518848251386917,200,calibration_resampling_fixed_trained_models_threshold_and_evaluation_cohorts,0.058122660009652383
TFIDF_bpe_prefix,isotonic_tiebreak,same_period,ECE,0.0077116811516233031,0.0016600056331674158,0.0076439365693783939,0.0041596592659926285,0.012838034648082371,0.0047688942835758417,0.01077598152618358,200,calibration_resampling_fixed_trained_models_threshold_and_evaluation_cohorts,0.0075320892508313718
TFIDF_bpe_prefix,isotonic_tiebreak,same_period,F1,0.92180302733906261,0.00063168041473347372,0.92182399461551401,0.92018143659874074,0.92297020545682762,0.92035486516221732,0.92256596699544846,200,calibration_resampling_fixed_trained_models_threshold_and_evaluation_cohorts,0.92182399461551401
TFIDF_bpe_prefix,isotonic_tiebreak,same_period,LogLoss,0.2038229965703108,0.0031553293203539696,0.20342875205744165,0.19960483803526294,0.22004869436964902,0.20027027714740062,0.20947240706565962,200,calibration_resampling_fixed_trained_models_threshold_and_evaluation_cohorts,0.20021273013481289
TFIDF_bpe_prefix,isotonic_tiebreak,same_period,ROC_AUC,0.976051033575007,0,0.976051033575007,0.976051033575007,0.976051033575007,0.976051033575007,0.976051033575007,200,calibration_resampling_fixed_trained_models_threshold_and_evaluation_cohorts,0.976051033575007
TFIDF_bpe_prefix,isotonic_tiebreak,same_period,deployed_per_format_FPR_0.001,0.0010036801605888257,0,0.0010036801605888257,0.0010036801605888257,0.0010036801605888257,0.0010036801605888257,0.0010036801605888257,200,calibration_resampling_fixed_trained_models_threshold_and_evaluation_cohorts,0.0010036801605888257
TFIDF_bpe_prefix,isotonic_tiebreak,same_period,deployed_per_format_FPR_0.005,0.0055536968885915019,0,0.0055536968885915019,0.0055536968885915019,0.0055536968885915019,0.0055536968885915019,0.0055536968885915019,200,calibration_resampling_fixed_trained_models_threshold_and_evaluation_cohorts,0.0055536968885915019
TFIDF_bpe_prefix,isotonic_tiebreak,same_period,deployed_per_format_FPR_0.01,0.010839745734359318,0,0.010839745734359318,0.010839745734359318,0.010839745734359318,0.010839745734359318,0.010839745734359318,200,calibration_resampling_fixed_trained_models_threshold_and_evaluation_cohorts,0.010839745734359318
TFIDF_bpe_prefix,isotonic_tiebreak,same_period,deployed_per_format_FPR_0.05,0.051254600200736029,0,0.051254600200736029,0.051254600200736029,0.051254600200736029,0.051254600200736029,0.051254600200736029,200,calibration_resampling_fixed_trained_models_threshold_and_evaluation_cohorts,0.051254600200736029
TFIDF_bpe_prefix,isotonic_tiebreak,same_period,deployed_per_format_TPR_0.001,0.34181335104616406,0,0.34181335104616406,0.34181335104616406,0.34181335104616406,0.34181335104616406,0.34181335104616406,200,calibration_resampling_fixed_trained_models_threshold_and_evaluation_cohorts,0.34181335104616406
TFIDF_bpe_prefix,isotonic_tiebreak,same_period,deployed_per_format_TPR_0.005,0.58160079707738288,0,0.58160079707738288,0.58160079707738288,0.58160079707738288,0.58160079707738288,0.58160079707738288,200,calibration_resampling_fixed_trained_models_threshold_and_evaluation_cohorts,0.58160079707738288
TFIDF_bpe_prefix,isotonic_tiebreak,same_period,deployed_per_format_TPR_0.01,0.67306542676851544,0,0.67306542676851544,0.67306542676851544,0.67306542676851544,0.67306542676851544,0.67306542676851544,200,calibration_resampling_fixed_trained_models_threshold_and_evaluation_cohorts,0.67306542676851544
TFIDF_bpe_prefix,isotonic_tiebreak,same_period,deployed_per_format_TPR_0.05,0.88907339754234471,0,0.88907339754234471,0.88907339754234471,0.88907339754234471,0.88907339754234471,0.88907339754234471,200,calibration_resampling_fixed_trained_models_threshold_and_evaluation_cohorts,0.88907339754234471
TFIDF_bpe_prefix,isotonic_tiebreak,same_period,deployed_pooled_FPR_0.001,0.00086985613917698224,0,0.00086985613917698224,0.00086985613917698224,0.00086985613917698224,0.00086985613917698224,0.00086985613917698224,200,calibration_resampling_fixed_trained_models_threshold_and_evaluation_cohorts,0.00086985613917698224
TFIDF_bpe_prefix,isotonic_tiebreak,same_period,deployed_pooled_FPR_0.005,0.0050853128136500499,0,0.0050853128136500499,0.0050853128136500499,0.0050853128136500499,0.0050853128136500499,0.0050853128136500499,200,calibration_resampling_fixed_trained_models_threshold_and_evaluation_cohorts,0.0050853128136500499
TFIDF_bpe_prefix,isotonic_tiebreak,same_period,deployed_pooled_FPR_0.01,0.010973569755771162,0,0.010973569755771162,0.010973569755771162,0.010973569755771162,0.010973569755771162,0.010973569755771162,200,calibration_resampling_fixed_trained_models_threshold_and_evaluation_cohorts,0.010973569755771162
TFIDF_bpe_prefix,isotonic_tiebreak,same_period,deployed_pooled_FPR_0.05,0.051455336232853789,0,0.051455336232853796,0.051455336232853796,0.051455336232853796,0.051455336232853796,0.051455336232853796,200,calibration_resampling_fixed_trained_models_threshold_and_evaluation_cohorts,0.051455336232853796
TFIDF_bpe_prefix,isotonic_tiebreak,same_period,deployed_pooled_TPR_0.001,0.30939887080704087,0,0.30939887080704087,0.30939887080704087,0.30939887080704087,0.30939887080704087,0.30939887080704087,200,calibration_resampling_fixed_trained_models_threshold_and_evaluation_cohorts,0.30939887080704087
TFIDF_bpe_prefix,isotonic_tiebreak,same_period,deployed_pooled_TPR_0.005,0.57137163732979079,0,0.57137163732979079,0.57137163732979079,0.57137163732979079,0.57137163732979079,0.57137163732979079,200,calibration_resampling_fixed_trained_models_threshold_and_evaluation_cohorts,0.57137163732979079
TFIDF_bpe_prefix,isotonic_tiebreak,same_period,deployed_pooled_TPR_0.01,0.69000332115576224,0,0.69000332115576224,0.69000332115576224,0.69000332115576224,0.69000332115576224,0.69000332115576224,200,calibration_resampling_fixed_trained_models_threshold_and_evaluation_cohorts,0.69000332115576224
TFIDF_bpe_prefix,isotonic_tiebreak,same_period,deployed_pooled_TPR_0.05,0.89013616738625045,0,0.89013616738625045,0.89013616738625045,0.89013616738625045,0.89013616738625045,0.89013616738625045,200,calibration_resampling_fixed_trained_models_threshold_and_evaluation_cohorts,0.89013616738625045
TFIDF_bpe_prefix,isotonic_tiebreak,test,AP,0.97622653306395635,0,0.97622653306395635,0.97622653306395635,0.97622653306395635,0.97622653306395635,0.97622653306395635,200,calibration_resampling_fixed_trained_models_threshold_and_evaluation_cohorts,0.97622653306395635
TFIDF_bpe_prefix,isotonic_tiebreak,test,Accuracy,0.92027366666666666,0.0021595788978854254,0.92018333333333335,0.91613333333333336,0.92383333333333328,0.91633333333333333,0.92310833333333342,200,calibration_resampling_fixed_trained_models_threshold_and_evaluation_cohorts,0.91893333333333338
TFIDF_bpe_prefix,isotonic_tiebreak,test,Brier,0.058890855955735649,0.00034362183960523935,0.058880831604715196,0.057991115769794606,0.05985340518476464,0.058239053116802206,0.059610288297286824,200,calibration_resampling_fixed_trained_models_threshold_and_evaluation_cohorts,0.058747344644482453
TFIDF_bpe_prefix,isotonic_tiebreak,test,ECE,0.018008684497591229,0.0017913473888669397,0.018058834586955987,0.01333101864303945,0.0221031901347023,0.014442550167301879,0.021539860751195437,200,calibration_resampling_fixed_trained_models_threshold_and_evaluation_cohorts,0.017999512692312519
TFIDF_bpe_prefix,isotonic_tiebreak,test,F1,0.91885462126063056,0.0026965224764237544,0.91866646313075673,0.91368782161234996,0.92380031346917002,0.91395859042917871,0.92271024297324877,200,calibration_resampling_fixed_trained_models_threshold_and_evaluation_cohorts,0.91721132897603486
TFIDF_bpe_prefix,isotonic_tiebreak,test,LogLoss,0.2063572314858205,0.0036547236110058804,0.20577188129794916,0.20143369725922927,0.21707287647468254,0.20223259413087888,0.21619279200378552,200,calibration_resampling_fixed_trained_models_threshold_and_evaluation_cohorts,0.20282875544449439
TFIDF_bpe_prefix,isotonic_tiebreak,test,ROC_AUC,0.97651728349121247,0,0.97651728349121236,0.97651728349121236,0.97651728349121236,0.97651728349121236,0.97651728349121236,200,calibration_resampling_fixed_trained_models_threshold_and_evaluation_cohorts,0.97651728349121236
TFIDF_bpe_prefix,isotonic_tiebreak,test,deployed_per_format_FPR_0.001,0.00080348175426849693,0,0.00080348175426849682,0.00080348175426849682,0.00080348175426849682,0.00080348175426849682,0.00080348175426849682,200,calibration_resampling_fixed_trained_models_threshold_and_evaluation_cohorts,0.00080348175426849682
TFIDF_bpe_prefix,isotonic_tiebreak,test,deployed_per_format_FPR_0.005,0.0044191496484767322,0,0.0044191496484767322,0.0044191496484767322,0.0044191496484767322,0.0044191496484767322,0.0044191496484767322,200,calibration_resampling_fixed_trained_models_threshold_and_evaluation_cohorts,0.0044191496484767322
TFIDF_bpe_prefix,isotonic_tiebreak,test,deployed_per_format_FPR_0.01,0.0080348175426849678,0,0.0080348175426849678,0.0080348175426849678,0.0080348175426849678,0.0080348175426849678,0.0080348175426849678,200,calibration_resampling_fixed_trained_models_threshold_and_evaluation_cohorts,0.0080348175426849678
TFIDF_bpe_prefix,isotonic_tiebreak,test,deployed_per_format_FPR_0.05,0.045195848677602936,0,0.045195848677602943,0.045195848677602943,0.045195848677602943,0.045195848677602943,0.045195848677602943,200,calibration_resampling_fixed_trained_models_threshold_and_evaluation_cohorts,0.045195848677602943
TFIDF_bpe_prefix,isotonic_tiebreak,test,deployed_per_format_TPR_0.001,0.29731164951875205,0,0.29731164951875205,0.29731164951875205,0.29731164951875205,0.29731164951875205,0.29731164951875205,200,calibration_resampling_fixed_trained_models_threshold_and_evaluation_cohorts,0.29731164951875205
TFIDF_bpe_prefix,isotonic_tiebreak,test,deployed_per_format_TPR_0.005,0.53016926651178231,0,0.53016926651178231,0.53016926651178231,0.53016926651178231,0.53016926651178231,0.53016926651178231,200,calibration_resampling_fixed_trained_models_threshold_and_evaluation_cohorts,0.53016926651178231
TFIDF_bpe_prefix,isotonic_tiebreak,test,deployed_per_format_TPR_0.01,0.63750414868901428,0,0.63750414868901428,0.63750414868901428,0.63750414868901428,0.63750414868901428,0.63750414868901428,200,calibration_resampling_fixed_trained_models_threshold_and_evaluation_cohorts,0.63750414868901428
TFIDF_bpe_prefix,isotonic_tiebreak,test,deployed_per_format_TPR_0.05,0.87149020909392627,0,0.87149020909392627,0.87149020909392627,0.87149020909392627,0.87149020909392627,0.87149020909392627,200,calibration_resampling_fixed_trained_models_threshold_and_evaluation_cohorts,0.87149020909392627
TFIDF_bpe_prefix,isotonic_tiebreak,test,deployed_pooled_FPR_0.001,0.00080348175426849693,0,0.00080348175426849682,0.00080348175426849682,0.00080348175426849682,0.00080348175426849682,0.00080348175426849682,200,calibration_resampling_fixed_trained_models_threshold_and_evaluation_cohorts,0.00080348175426849682
TFIDF_bpe_prefix,isotonic_tiebreak,test,deployed_pooled_FPR_0.005,0.0042182792099096081,0,0.0042182792099096081,0.0042182792099096081,0.0042182792099096081,0.0042182792099096081,0.0042182792099096081,200,calibration_resampling_fixed_trained_models_threshold_and_evaluation_cohorts,0.0042182792099096081
TFIDF_bpe_prefix,isotonic_tiebreak,test,deployed_pooled_FPR_0.01,0.010311349179779043,0,0.010311349179779043,0.010311349179779043,0.010311349179779043,0.010311349179779043,0.010311349179779043,200,calibration_resampling_fixed_trained_models_threshold_and_evaluation_cohorts,0.010311349179779043
TFIDF_bpe_prefix,isotonic_tiebreak,test,deployed_pooled_FPR_0.05,0.044794107800468691,0,0.044794107800468698,0.044794107800468698,0.044794107800468698,0.044794107800468698,0.044794107800468698,200,calibration_resampling_fixed_trained_models_threshold_and_evaluation_cohorts,0.044794107800468698
TFIDF_bpe_prefix,isotonic_tiebreak,test,deployed_pooled_TPR_0.001,0.27573846664454033,0,0.27573846664454033,0.27573846664454033,0.27573846664454033,0.27573846664454033,0.27573846664454033,200,calibration_resampling_fixed_trained_models_threshold_and_evaluation_cohorts,0.27573846664454033
TFIDF_bpe_prefix,isotonic_tiebreak,test,deployed_pooled_TPR_0.005,0.50945901095253898,0,0.50945901095253898,0.50945901095253898,0.50945901095253898,0.50945901095253898,0.50945901095253898,200,calibration_resampling_fixed_trained_models_threshold_and_evaluation_cohorts,0.50945901095253898
TFIDF_bpe_prefix,isotonic_tiebreak,test,deployed_pooled_TPR_0.01,0.63949551941586458,0,0.63949551941586458,0.63949551941586458,0.63949551941586458,0.63949551941586458,0.63949551941586458,200,calibration_resampling_fixed_trained_models_threshold_and_evaluation_cohorts,0.63949551941586458
TFIDF_bpe_prefix,isotonic_tiebreak,test,deployed_pooled_TPR_0.05,0.86757384666445403,0,0.86757384666445403,0.86757384666445403,0.86757384666445403,0.86757384666445403,0.86757384666445403,200,calibration_resampling_fixed_trained_models_threshold_and_evaluation_cohorts,0.86757384666445403
TFIDF_bpe_prefix,temperature,same_period,AP,0.9765270021607122,0,0.97652700216071231,0.97652700216071231,0.97652700216071231,0.97652700216071231,0.97652700216071231,200,calibration_resampling_fixed_trained_models_threshold_and_evaluation_cohorts,0.97652700216071231
TFIDF_bpe_prefix,temperature,same_period,Accuracy,0.92263333333333331,0,0.92263333333333331,0.92263333333333331,0.92263333333333331,0.92263333333333331,0.92263333333333331,200,calibration_resampling_fixed_trained_models_threshold_and_evaluation_cohorts,0.92263333333333331
TFIDF_bpe_prefix,temperature,same_period,Brier,0.057929625829435769,3.4634419831789261e-05,0.057922736076671658,0.057876535288679136,0.058073788697755375,0.057882020398005558,0.058008881758839989,200,calibration_resampling_fixed_trained_models_threshold_and_evaluation_cohorts,0.057927347447492547
TFIDF_bpe_prefix,temperature,same_period,ECE,0.0053120803912155411,0.0012918340310342617,0.0049807275459689427,0.0036933551278686,0.010145837928307701,0.0037615220276525376,0.0083060363202423614,200,calibration_resampling_fixed_trained_models_threshold_and_evaluation_cohorts,0.005198958760691574
TFIDF_bpe_prefix,temperature,same_period,F1,0.92288267933681101,0,0.92288267933681101,0.92288267933681101,0.92288267933681101,0.92288267933681101,0.92288267933681101,200,calibration_resampling_fixed_trained_models_threshold_and_evaluation_cohorts,0.92288267933681101
TFIDF_bpe_prefix,temperature,same_period,LogLoss,0.19738675050558263,0.00012987318056222532,0.19734013200116796,0.19727798512436845,0.19805038643872708,0.19727877010162895,0.19771359754507287,200,calibration_resampling_fixed_trained_models_threshold_and_evaluation_cohorts,0.19735455830689883
TFIDF_bpe_prefix,temperature,same_period,ROC_AUC,0.976051033575007,0,0.976051033575007,0.976051033575007,0.976051033575007,0.976051033575007,0.976051033575007,200,calibration_resampling_fixed_trained_models_threshold_and_evaluation_cohorts,0.976051033575007
TFIDF_bpe_prefix,temperature,same_period,deployed_per_format_FPR_0.001,0.0010036801605888257,0,0.0010036801605888257,0.0010036801605888257,0.0010036801605888257,0.0010036801605888257,0.0010036801605888257,200,calibration_resampling_fixed_trained_models_threshold_and_evaluation_cohorts,0.0010036801605888257
TFIDF_bpe_prefix,temperature,same_period,deployed_per_format_FPR_0.005,0.0055536968885915019,0,0.0055536968885915019,0.0055536968885915019,0.0055536968885915019,0.0055536968885915019,0.0055536968885915019,200,calibration_resampling_fixed_trained_models_threshold_and_evaluation_cohorts,0.0055536968885915019
TFIDF_bpe_prefix,temperature,same_period,deployed_per_format_FPR_0.01,0.010839745734359318,0,0.010839745734359318,0.010839745734359318,0.010839745734359318,0.010839745734359318,0.010839745734359318,200,calibration_resampling_fixed_trained_models_threshold_and_evaluation_cohorts,0.010839745734359318
TFIDF_bpe_prefix,temperature,same_period,deployed_per_format_FPR_0.05,0.051254600200736029,0,0.051254600200736029,0.051254600200736029,0.051254600200736029,0.051254600200736029,0.051254600200736029,200,calibration_resampling_fixed_trained_models_threshold_and_evaluation_cohorts,0.051254600200736029
TFIDF_bpe_prefix,temperature,same_period,deployed_per_format_TPR_0.001,0.34181335104616406,0,0.34181335104616406,0.34181335104616406,0.34181335104616406,0.34181335104616406,0.34181335104616406,200,calibration_resampling_fixed_trained_models_threshold_and_evaluation_cohorts,0.34181335104616406
TFIDF_bpe_prefix,temperature,same_period,deployed_per_format_TPR_0.005,0.58160079707738288,0,0.58160079707738288,0.58160079707738288,0.58160079707738288,0.58160079707738288,0.58160079707738288,200,calibration_resampling_fixed_trained_models_threshold_and_evaluation_cohorts,0.58160079707738288
TFIDF_bpe_prefix,temperature,same_period,deployed_per_format_TPR_0.01,0.67306542676851544,0,0.67306542676851544,0.67306542676851544,0.67306542676851544,0.67306542676851544,0.67306542676851544,200,calibration_resampling_fixed_trained_models_threshold_and_evaluation_cohorts,0.67306542676851544
TFIDF_bpe_prefix,temperature,same_period,deployed_per_format_TPR_0.05,0.88907339754234471,0,0.88907339754234471,0.88907339754234471,0.88907339754234471,0.88907339754234471,0.88907339754234471,200,calibration_resampling_fixed_trained_models_threshold_and_evaluation_cohorts,0.88907339754234471
TFIDF_bpe_prefix,temperature,same_period,deployed_pooled_FPR_0.001,0.00086985613917698224,0,0.00086985613917698224,0.00086985613917698224,0.00086985613917698224,0.00086985613917698224,0.00086985613917698224,200,calibration_resampling_fixed_trained_models_threshold_and_evaluation_cohorts,0.00086985613917698224
TFIDF_bpe_prefix,temperature,same_period,deployed_pooled_FPR_0.005,0.0050853128136500499,0,0.0050853128136500499,0.0050853128136500499,0.0050853128136500499,0.0050853128136500499,0.0050853128136500499,200,calibration_resampling_fixed_trained_models_threshold_and_evaluation_cohorts,0.0050853128136500499
TFIDF_bpe_prefix,temperature,same_period,deployed_pooled_FPR_0.01,0.010973569755771162,0,0.010973569755771162,0.010973569755771162,0.010973569755771162,0.010973569755771162,0.010973569755771162,200,calibration_resampling_fixed_trained_models_threshold_and_evaluation_cohorts,0.010973569755771162
TFIDF_bpe_prefix,temperature,same_period,deployed_pooled_FPR_0.05,0.051455336232853789,0,0.051455336232853796,0.051455336232853796,0.051455336232853796,0.051455336232853796,0.051455336232853796,200,calibration_resampling_fixed_trained_models_threshold_and_evaluation_cohorts,0.051455336232853796
TFIDF_bpe_prefix,temperature,same_period,deployed_pooled_TPR_0.001,0.30939887080704087,0,0.30939887080704087,0.30939887080704087,0.30939887080704087,0.30939887080704087,0.30939887080704087,200,calibration_resampling_fixed_trained_models_threshold_and_evaluation_cohorts,0.30939887080704087
TFIDF_bpe_prefix,temperature,same_period,deployed_pooled_TPR_0.005,0.57137163732979079,0,0.57137163732979079,0.57137163732979079,0.57137163732979079,0.57137163732979079,0.57137163732979079,200,calibration_resampling_fixed_trained_models_threshold_and_evaluation_cohorts,0.57137163732979079
TFIDF_bpe_prefix,temperature,same_period,deployed_pooled_TPR_0.01,0.69000332115576224,0,0.69000332115576224,0.69000332115576224,0.69000332115576224,0.69000332115576224,0.69000332115576224,200,calibration_resampling_fixed_trained_models_threshold_and_evaluation_cohorts,0.69000332115576224
TFIDF_bpe_prefix,temperature,same_period,deployed_pooled_TPR_0.05,0.89013616738625045,0,0.89013616738625045,0.89013616738625045,0.89013616738625045,0.89013616738625045,0.89013616738625045,200,calibration_resampling_fixed_trained_models_threshold_and_evaluation_cohorts,0.89013616738625045
TFIDF_bpe_prefix,temperature,test,AP,0.97622653306395635,0,0.97622653306395635,0.97622653306395635,0.97622653306395635,0.97622653306395635,0.97622653306395635,200,calibration_resampling_fixed_trained_models_threshold_and_evaluation_cohorts,0.97622653306395635
TFIDF_bpe_prefix,temperature,test,Accuracy,0.92313333333333336,0,0.92313333333333336,0.92313333333333336,0.92313333333333336,0.92313333333333336,0.92313333333333336,200,calibration_resampling_fixed_trained_models_threshold_and_evaluation_cohorts,0.92313333333333336
TFIDF_bpe_prefix,temperature,test,Brier,0.05797375372349553,4.4167568046815572e-05,0.05796667933855576,0.057892845643928742,0.058145886267645455,0.057906820365559636,0.058071560131304718,200,calibration_resampling_fixed_trained_models_threshold_and_evaluation_cohorts,0.057972662523773574
TFIDF_bpe_prefix,temperature,test,ECE,0.016852063253540259,0.00028846536436495998,0.016780971929502019,0.016541053811965661,0.018775732156516813,0.016564915885140689,0.017553903837764593,200,calibration_resampling_fixed_trained_models_threshold_and_evaluation_cohorts,0.016797236874076985
TFIDF_bpe_prefix,temperature,test,F1,0.92258627635289381,0,0.92258627635289381,0.92258627635289381,0.92258627635289381,0.92258627635289381,0.92258627635289381,200,calibration_resampling_fixed_trained_models_threshold_and_evaluation_cohorts,0.92258627635289381
TFIDF_bpe_prefix,temperature,test,LogLoss,0.19738763975807491,0.0001319807386317059,0.19734212511589733,0.19727367409368735,0.19805236892961306,0.19727437276830659,0.19771809223756945,200,calibration_resampling_fixed_trained_models_threshold_and_evaluation_cohorts,0.19735700737985001
TFIDF_bpe_prefix,temperature,test,ROC_AUC,0.97651728349121247,0,0.97651728349121236,0.97651728349121236,0.97651728349121236,0.97651728349121236,0.97651728349121236,200,calibration_resampling_fixed_trained_models_threshold_and_evaluation_cohorts,0.97651728349121236
TFIDF_bpe_prefix,temperature,test,deployed_per_format_FPR_0.001,0.00080348175426849693,0,0.00080348175426849682,0.00080348175426849682,0.00080348175426849682,0.00080348175426849682,0.00080348175426849682,200,calibration_resampling_fixed_trained_models_threshold_and_evaluation_cohorts,0.00080348175426849682
TFIDF_bpe_prefix,temperature,test,deployed_per_format_FPR_0.005,0.0044191496484767322,0,0.0044191496484767322,0.0044191496484767322,0.0044191496484767322,0.0044191496484767322,0.0044191496484767322,200,calibration_resampling_fixed_trained_models_threshold_and_evaluation_cohorts,0.0044191496484767322
TFIDF_bpe_prefix,temperature,test,deployed_per_format_FPR_0.01,0.0080348175426849678,0,0.0080348175426849678,0.0080348175426849678,0.0080348175426849678,0.0080348175426849678,0.0080348175426849678,200,calibration_resampling_fixed_trained_models_threshold_and_evaluation_cohorts,0.0080348175426849678
TFIDF_bpe_prefix,temperature,test,deployed_per_format_FPR_0.05,0.045195848677602936,0,0.045195848677602943,0.045195848677602943,0.045195848677602943,0.045195848677602943,0.045195848677602943,200,calibration_resampling_fixed_trained_models_threshold_and_evaluation_cohorts,0.045195848677602943
TFIDF_bpe_prefix,temperature,test,deployed_per_format_TPR_0.001,0.29731164951875205,0,0.29731164951875205,0.29731164951875205,0.29731164951875205,0.29731164951875205,0.29731164951875205,200,calibration_resampling_fixed_trained_models_threshold_and_evaluation_cohorts,0.29731164951875205
TFIDF_bpe_prefix,temperature,test,deployed_per_format_TPR_0.005,0.53016926651178231,0,0.53016926651178231,0.53016926651178231,0.53016926651178231,0.53016926651178231,0.53016926651178231,200,calibration_resampling_fixed_trained_models_threshold_and_evaluation_cohorts,0.53016926651178231
TFIDF_bpe_prefix,temperature,test,deployed_per_format_TPR_0.01,0.63750414868901428,0,0.63750414868901428,0.63750414868901428,0.63750414868901428,0.63750414868901428,0.63750414868901428,200,calibration_resampling_fixed_trained_models_threshold_and_evaluation_cohorts,0.63750414868901428
TFIDF_bpe_prefix,temperature,test,deployed_per_format_TPR_0.05,0.87149020909392627,0,0.87149020909392627,0.87149020909392627,0.87149020909392627,0.87149020909392627,0.87149020909392627,200,calibration_resampling_fixed_trained_models_threshold_and_evaluation_cohorts,0.87149020909392627
TFIDF_bpe_prefix,temperature,test,deployed_pooled_FPR_0.001,0.00080348175426849693,0,0.00080348175426849682,0.00080348175426849682,0.00080348175426849682,0.00080348175426849682,0.00080348175426849682,200,calibration_resampling_fixed_trained_models_threshold_and_evaluation_cohorts,0.00080348175426849682
TFIDF_bpe_prefix,temperature,test,deployed_pooled_FPR_0.005,0.0042182792099096081,0,0.0042182792099096081,0.0042182792099096081,0.0042182792099096081,0.0042182792099096081,0.0042182792099096081,200,calibration_resampling_fixed_trained_models_threshold_and_evaluation_cohorts,0.0042182792099096081
TFIDF_bpe_prefix,temperature,test,deployed_pooled_FPR_0.01,0.010311349179779043,0,0.010311349179779043,0.010311349179779043,0.010311349179779043,0.010311349179779043,0.010311349179779043,200,calibration_resampling_fixed_trained_models_threshold_and_evaluation_cohorts,0.010311349179779043
TFIDF_bpe_prefix,temperature,test,deployed_pooled_FPR_0.05,0.044794107800468691,0,0.044794107800468698,0.044794107800468698,0.044794107800468698,0.044794107800468698,0.044794107800468698,200,calibration_resampling_fixed_trained_models_threshold_and_evaluation_cohorts,0.044794107800468698
TFIDF_bpe_prefix,temperature,test,deployed_pooled_TPR_0.001,0.27573846664454033,0,0.27573846664454033,0.27573846664454033,0.27573846664454033,0.27573846664454033,0.27573846664454033,200,calibration_resampling_fixed_trained_models_threshold_and_evaluation_cohorts,0.27573846664454033
TFIDF_bpe_prefix,temperature,test,deployed_pooled_TPR_0.005,0.50945901095253898,0,0.50945901095253898,0.50945901095253898,0.50945901095253898,0.50945901095253898,0.50945901095253898,200,calibration_resampling_fixed_trained_models_threshold_and_evaluation_cohorts,0.50945901095253898
TFIDF_bpe_prefix,temperature,test,deployed_pooled_TPR_0.01,0.63949551941586458,0,0.63949551941586458,0.63949551941586458,0.63949551941586458,0.63949551941586458,0.63949551941586458,200,calibration_resampling_fixed_trained_models_threshold_and_evaluation_cohorts,0.63949551941586458
TFIDF_bpe_prefix,temperature,test,deployed_pooled_TPR_0.05,0.86757384666445403,0,0.86757384666445403,0.86757384666445403,0.86757384666445403,0.86757384666445403,0.86757384666445403,200,calibration_resampling_fixed_trained_models_threshold_and_evaluation_cohorts,0.86757384666445403
TFIDF_full,format_platt,same_period,AP,0.98950014161146727,5.6711328191400725e-05,0.98950339099590989,0.98927540623684607,0.98959094522185542,0.98937309382245198,0.98958462068754183,200,calibration_resampling_fixed_trained_models_threshold_and_evaluation_cohorts,0.98953230318951668
TFIDF_full,format_platt,same_period,Accuracy,0.95046866666666674,0.00029830415904063439,0.95050000000000001,0.94963333333333333,0.95109999999999995,0.94993249999999996,0.95099999999999996,200,calibration_resampling_fixed_trained_models_threshold_and_evaluation_cohorts,0.95046666666666668
TFIDF_full,format_platt,same_period,Brier,0.037662370459516474,5.2350021668570128e-05,0.037656163036461576,0.037563595333759331,0.03783869200466447,0.037573479490803516,0.037778048446677225,200,calibration_resampling_fixed_trained_models_threshold_and_evaluation_cohorts,0.037617217955224914
TFIDF_full,format_platt,same_period,ECE,0.0038455098766293806,0.00088134781899225627,0.0036998937078562043,0.0019621916398220181,0.0067568599941022793,0.0024526798356699535,0.0057957642771045191,200,calibration_resampling_fixed_trained_models_threshold_and_evaluation_cohorts,0.0034264661362357991
TFIDF_full,format_platt,same_period,F1,0.95060345186293704,0.00026632131807970556,0.95061523333852271,0.94984898270769025,0.95119598123690074,0.95009647373584161,0.95104435769410423,200,calibration_resampling_fixed_trained_models_threshold_and_evaluation_cohorts,0.95060825633184876
TFIDF_full,format_platt,same_period,LogLoss,0.13232987451160116,0.00027919655570870865,0.13231892604388645,0.13178273977954533,0.13319965114480722,0.13186682919417703,0.13293617162979754,200,calibration_resampling_fixed_trained_models_threshold_and_evaluation_cohorts,0.13209835943760256
TFIDF_full,format_platt,same_period,ROC_AUC,0.98881355702671114,6.37116087577063e-05,0.98881577407874044,0.98860427790195848,0.98893062451172931,0.98867931313298774,0.98891415340139577,200,calibration_resampling_fixed_trained_models_threshold_and_evaluation_cohorts,0.98884598337377638
TFIDF_full,format_platt,same_period,deployed_per_format_FPR_0.001,0.00073603211776513886,0,0.00073603211776513886,0.00073603211776513886,0.00073603211776513886,0.00073603211776513886,0.00073603211776513886,200,calibration_resampling_fixed_trained_models_threshold_and_evaluation_cohorts,0.00073603211776513886
TFIDF_full,format_platt,same_period,deployed_per_format_FPR_0.005,0.004349280695884911,0,0.004349280695884911,0.004349280695884911,0.004349280695884911,0.004349280695884911,0.004349280695884911,200,calibration_resampling_fixed_trained_models_threshold_and_evaluation_cohorts,0.004349280695884911
TFIDF_full,format_platt,same_period,deployed_per_format_FPR_0.01,0.011375041820006693,0,0.011375041820006692,0.011375041820006692,0.011375041820006692,0.011375041820006692,0.011375041820006692,200,calibration_resampling_fixed_trained_models_threshold_and_evaluation_cohorts,0.011375041820006692
TFIDF_full,format_platt,same_period,deployed_per_format_FPR_0.05,0.052994312479090006,0,0.052994312479089999,0.052994312479089999,0.052994312479089999,0.052994312479089999,0.052994312479089999,200,calibration_resampling_fixed_trained_models_threshold_and_evaluation_cohorts,0.052994312479089999
TFIDF_full,format_platt,same_period,deployed_per_format_TPR_0.001,0.5450680836931252,0,0.5450680836931252,0.5450680836931252,0.5450680836931252,0.5450680836931252,0.5450680836931252,200,calibration_resampling_fixed_trained_models_threshold_and_evaluation_cohorts,0.5450680836931252
TFIDF_full,format_platt,same_period,deployed_per_format_TPR_0.005,0.7455330454998339,0,0.7455330454998339,0.7455330454998339,0.7455330454998339,0.7455330454998339,0.7455330454998339,200,calibration_resampling_fixed_trained_models_threshold_and_evaluation_cohorts,0.7455330454998339
TFIDF_full,format_platt,same_period,deployed_per_format_TPR_0.01,0.83885752241780143,0,0.83885752241780143,0.83885752241780143,0.83885752241780143,0.83885752241780143,0.83885752241780143,200,calibration_resampling_fixed_trained_models_threshold_and_evaluation_cohorts,0.83885752241780143
TFIDF_full,format_platt,same_period,deployed_per_format_TPR_0.05,0.95230820325473264,0,0.95230820325473264,0.95230820325473264,0.95230820325473264,0.95230820325473264,0.95230820325473264,200,calibration_resampling_fixed_trained_models_threshold_and_evaluation_cohorts,0.95230820325473264
TFIDF_full,format_platt,same_period,deployed_pooled_FPR_0.001,0.00082870525259284042,7.2767802001730126e-05,0.00086985613917698224,0.00066912010705921711,0.00093676814988290398,0.00066912010705921711,0.00093676814988290398,200,calibration_resampling_fixed_trained_models_threshold_and_evaluation_cohorts,0.0008029441284710606
TFIDF_full,format_platt,same_period,deployed_pooled_FPR_0.005,0.0048317162930746069,0.0001908644775353593,0.004817664770826363,0.0042823686851789899,0.0052191368350618939,0.0044161927065908329,0.0051522248243559719,200,calibration_resampling_fixed_trained_models_threshold_and_evaluation_cohorts,0.0050184008029441288
TFIDF_full,format_platt,same_period,deployed_pooled_FPR_0.01,0.011117430578788891,0.00027508902144196757,0.011107393777183004,0.010103713616594179,0.011709601873536301,0.01050351288056206,0.011642689862830378,200,calibration_resampling_fixed_trained_models_threshold_and_evaluation_cohorts,0.011040481766477083
TFIDF_full,format_platt,same_period,deployed_pooled_FPR_0.05,0.053926062228169959,0.00040808291778536836,0.053931080628972901,0.053061224489795916,0.054734024757443961,0.053193375710940113,0.054600200736032119,200,calibration_resampling_fixed_trained_models_threshold_and_evaluation_cohorts,0.05426564068250251
TFIDF_full,format_platt,same_period,deployed_pooled_TPR_0.001,0.54289438724676187,0.0048249303458969845,0.5433410826967785,0.52055795416805051,0.55622716705413489,0.53257057455994683,0.55158253072069074,200,calibration_resampling_fixed_trained_models_threshold_and_evaluation_cohorts,0.54347392892726665
TFIDF_full,format_platt,same_period,deployed_pooled_TPR_0.005,0.75891331783460647,0.0028612051760296699,0.7595483228163401,0.74885420126203917,0.76366655596147459,0.75209730986383261,0.76313849219528396,200,calibration_resampling_fixed_trained_models_threshold_and_evaluation_cohorts,0.76087678512122214
TFIDF_full,format_platt,same_period,deployed_pooled_TPR_0.01,0.83847891066090996,0.001648806975140025,0.8383261374958485,0.83440717369644635,0.84204583194951843,0.83533543673198274,0.84151610760544671,200,calibration_resampling_fixed_trained_models_threshold_and_evaluation_cohorts,0.83865825307206909
TFIDF_full,format_platt,same_period,deployed_pooled_TPR_0.05,0.95300498173364334,0.00032444952478796708,0.95300564596479576,0.95224178013948857,0.95383593490534702,0.95237462636997672,0.9535719030222517,200,calibration_resampling_fixed_trained_models_threshold_and_evaluation_cohorts,0.95297243440717372
TFIDF_full,format_platt,test,AP,0.98905158709616425,6.7586022797986074e-05,0.98905065540619497,0.9888516171034869,0.9892157115107123,0.98888023976903217,0.98918606534042419,200,calibration_resampling_fixed_trained_models_threshold_and_evaluation_cohorts,0.98907946473760222
TFIDF_full,format_platt,test,Accuracy,0.94814666666666669,0.00028608136266395333,0.94816666666666671,0.94740000000000002,0.94940000000000002,0.94756499999999999,0.94863416666666667,200,calibration_resampling_fixed_trained_models_threshold_and_evaluation_cohorts,0.94830000000000003
TFIDF_full,format_platt,test,Brier,0.038761276084108294,0.0001320389837897197,0.038744913717238962,0.038419991605448074,0.03918567020610815,0.038547108419829383,0.039045651431811108,200,calibration_resampling_fixed_trained_models_threshold_and_evaluation_cohorts,0.038722725532263476
TFIDF_full,format_platt,test,ECE,0.0064779215007212208,0.001179684244714185,0.0063979250683569525,0.0039762289719938223,0.010066552694233311,0.0044097778644972066,0.0088233240455784737,200,calibration_resampling_fixed_trained_models_threshold_and_evaluation_cohorts,0.0060223945993753995
TFIDF_full,format_platt,test,F1,0.9481368927303444,0.00032318090905408689,0.94817108903331504,0.94728754676643501,0.94946401225114851,0.94747349435141426,0.94865508506273366,200,calibration_resampling_fixed_trained_models_threshold_and_evaluation_cohorts,0.948287933851232
TFIDF_full,format_platt,test,LogLoss,0.13506368821473028,0.0005053405701146062,0.13499540221644968,0.13369866394563654,0.13683571585491103,0.13426640624911415,0.13621698747925909,200,calibration_resampling_fixed_trained_models_threshold_and_evaluation_cohorts,0.13483587477914116
TFIDF_full,format_platt,test,ROC_AUC,0.98859444991800405,8.1964425253757179e-05,0.98860044594170715,0.98832311406736417,0.98879712741272596,0.9884000542899084,0.98874451631369531,200,calibration_resampling_fixed_trained_models_threshold_and_evaluation_cohorts,0.98862419527655565
TFIDF_full,format_platt,test,deployed_per_format_FPR_0.001,0.001071309005691329,0,0.001071309005691329,0.001071309005691329,0.001071309005691329,0.001071309005691329,0.001071309005691329,200,calibration_resampling_fixed_trained_models_threshold_and_evaluation_cohorts,0.001071309005691329
TFIDF_full,format_platt,test,deployed_per_format_FPR_0.005,0.0046869768998995644,0,0.0046869768998995644,0.0046869768998995644,0.0046869768998995644,0.0046869768998995644,0.0046869768998995644,200,calibration_resampling_fixed_trained_models_threshold_and_evaluation_cohorts,0.0046869768998995644
TFIDF_full,format_platt,test,deployed_per_format_FPR_0.01,0.01178439906260462,0,0.01178439906260462,0.01178439906260462,0.01178439906260462,0.01178439906260462,0.01178439906260462,200,calibration_resampling_fixed_trained_models_threshold_and_evaluation_cohorts,0.01178439906260462
TFIDF_full,format_platt,test,deployed_per_format_FPR_0.05,0.052092400401740874,0,0.052092400401740874,0.052092400401740874,0.052092400401740874,0.052092400401740874,0.052092400401740874,200,calibration_resampling_fixed_trained_models_threshold_and_evaluation_cohorts,0.052092400401740874
TFIDF_full,format_platt,test,deployed_per_format_TPR_0.001,0.53753733820112848,0,0.53753733820112848,0.53753733820112848,0.53753733820112848,0.53753733820112848,0.53753733820112848,200,calibration_resampling_fixed_trained_models_threshold_and_evaluation_cohorts,0.53753733820112848
TFIDF_full,format_platt,test,deployed_per_format_TPR_0.005,0.73913043478260865,0,0.73913043478260865,0.73913043478260865,0.73913043478260865,0.73913043478260865,0.73913043478260865,200,calibration_resampling_fixed_trained_models_threshold_and_evaluation_cohorts,0.73913043478260865
TFIDF_full,format_platt,test,deployed_per_format_TPR_0.01,0.82880849651510113,0,0.82880849651510125,0.82880849651510125,0.82880849651510125,0.82880849651510125,0.82880849651510125,200,calibration_resampling_fixed_trained_models_threshold_and_evaluation_cohorts,0.82880849651510125
TFIDF_full,format_platt,test,deployed_per_format_TPR_0.05,0.94576833720544295,0,0.94576833720544307,0.94576833720544307,0.94576833720544307,0.94576833720544307,0.94576833720544307,200,calibration_resampling_fixed_trained_models_threshold_and_evaluation_cohorts,0.94576833720544307
TFIDF_full,format_platt,test,deployed_pooled_FPR_0.001,0.0011221961834616671,6.4117395254757509e-05,0.0011382658185470371,0.00093739537997991292,0.0013391362571141614,0.001004352192835621,0.0012721794442584534,200,calibration_resampling_fixed_trained_models_threshold_and_evaluation_cohorts,0.0011382658185470371
TFIDF_full,format_platt,test,deployed_pooled_FPR_0.005,0.0052725142283227321,0.0002457170126949143,0.0052226314027452297,0.0046869768998995644,0.0059591563441580182,0.0048861734181452959,0.0058252427184466021,200,calibration_resampling_fixed_trained_models_threshold_and_evaluation_cohorts,0.0053565450284566458
TFIDF_full,format_platt,test,deployed_pooled_FPR_0.01,0.012110813525276196,0.00027886612704333284,0.012119183126883161,0.011516571811181788,0.012721794442584533,0.011583528624037496,0.012587880816873117,200,calibration_resampling_fixed_trained_models_threshold_and_evaluation_cohorts,0.012052226314027453
TFIDF_full,format_platt,test,deployed_pooled_FPR_0.05,0.051232005356545027,0.00061804989282609232,0.051288918647472377,0.049815868764646803,0.052360227653163713,0.050083696016069636,0.052227987947773689,200,calibration_resampling_fixed_trained_models_threshold_and_evaluation_cohorts,0.051422832273183797
TFIDF_full,format_platt,test,deployed_pooled_TPR_0.001,0.53611549950215731,0.0046289212728521318,0.53654165283770328,0.51118486558247589,0.54875539329571854,0.52671589777630268,0.54424991702621972,200,calibration_resampling_fixed_trained_models_threshold_and_evaluation_cohorts,0.53581148357119146
TFIDF_full,format_platt,test,deployed_pooled_TPR_0.005,0.75191868569532039,0.0023719057310210047,0.75200796548290738,0.74324593428476604,0.75638898108197805,0.74563557915698642,0.75519581812147363,200,calibration_resampling_fixed_trained_models_threshold_and_evaluation_cohorts,0.75247261865250581
TFIDF_full,format_platt,test,deployed_pooled_TPR_0.01,0.82916229671423836,0.0019608618478238592,0.82907401261201463,0.82356455360106207,0.83285761699303018,0.82522236973116492,0.83226186525058077,200,calibration_resampling_fixed_trained_models_threshold_and_evaluation_cohorts,0.82914039163624298
TFIDF_full,format_platt,test,deployed_pooled_TPR_0.05,0.94860139395950882,0.00029361316918969743,0.94855625622303352,0.94802522402920675,0.94935280451377368,0.94809160305343509,0.94915366744108864,200,calibration_resampling_fixed_trained_models_threshold_and_evaluation_cohorts,0.94875539329571856
TFIDF_full,isotonic_probability,same_period,AP,0.98784964339197057,0.00021193304558355603,0.98786062281877163,0.98715269791896443,0.98829351564445145,0.98733345940921247,0.98818152390524594,200,calibration_resampling_fixed_trained_models_threshold_and_evaluation_cohorts,0.98830538246637523
TFIDF_full,isotonic_probability,same_period,Accuracy,0.9498023333333333,0.00090525798291631455,0.9496,0.94703333333333328,0.95109999999999995,0.94782916666666661,0.95106749999999995,200,calibration_resampling_fixed_trained_models_threshold_and_evaluation_cohorts,0.9496
TFIDF_full,isotonic_probability,same_period,Brier,0.037917784516444127,0.00011136471879911842,0.03791397477916017,0.03763226127122056,0.038246506105105708,0.037718133805391081,0.038136165000045075,200,calibration_resampling_fixed_trained_models_threshold_and_evaluation_cohorts,0.03777190477922103
TFIDF_full,isotonic_probability,same_period,ECE,0.0054899920447765253,0.0011784221509341247,0.0055826817306365573,0.002127602537905299,0.0085747932175020674,0.0032008174575189853,0.0077555317746854672,200,calibration_resampling_fixed_trained_models_threshold_and_evaluation_cohorts,0.0036367909019390052
TFIDF_full,isotonic_probability,same_period,F1,0.94997092404202321,0.00073889704009333108,0.94993045897079276,0.9479920138775243,0.95116023570929187,0.94855204828923889,0.95111666823039465,200,calibration_resampling_fixed_trained_models_threshold_and_evaluation_cohorts,0.94992382592568059
TFIDF_full,isotonic_probability,same_period,LogLoss,0.13524418757460488,0.0030512975606323809,0.133955858467808,0.13291706958008914,0.14893507494487668,0.13306125704506597,0.14420754887735365,200,calibration_resampling_fixed_trained_models_threshold_and_evaluation_cohorts,0.1328474015987211
TFIDF_full,isotonic_probability,same_period,ROC_AUC,0.98861010428029095,7.0055470863904676e-05,0.9886226137040286,0.98837223256001561,0.98875368657734175,0.98845994140587878,0.98872614120700975,200,calibration_resampling_fixed_trained_models_threshold_and_evaluation_cohorts,0.98869464133906682
TFIDF_full,isotonic_probability,same_period,deployed_per_format_FPR_0.001,0.00063599866175978589,0.0001163788293940158,0.00066912010705921711,0,0.00073603211776513886,0.00033456005352960856,0.00073603211776513886,200,calibration_resampling_fixed_trained_models_threshold_and_evaluation_cohorts,0.00073603211776513886
TFIDF_full,isotonic_probability,same_period,deployed_per_format_FPR_0.005,0.0031803278688524589,0.0003625984619812182,0.0032786885245901639,0.0018066242890598862,0.0038808966209434594,0.0023385747741719639,0.0037487453997992644,200,calibration_resampling_fixed_trained_models_threshold_and_evaluation_cohorts,0.0034794245567079289
TFIDF_full,isotonic_probability,same_period,deployed_per_format_FPR_0.01,0.0099187019069923062,0.0010080971138440244,0.0101706256273001,0.0054867848778855808,0.011308129809300769,0.0076262964202074273,0.011242890598862496,200,calibration_resampling_fixed_trained_models_threshold_and_evaluation_cohorts,0.01057209769153563
TFIDF_full,isotonic_probability,same_period,deployed_per_format_FPR_0.05,0.048036132485781195,0.0026684911804642419,0.048277015724322511,0.039678822348611573,0.05265975242556039,0.042407159585145536,0.051923720307795247,200,calibration_resampling_fixed_trained_models_threshold_and_evaluation_cohorts,0.049514887922382067
TFIDF_full,isotonic_probability,same_period,deployed_per_format_TPR_0.001,0.47815078047160414,0.047649272627674828,0.49717701760212551,0.14320823646629027,0.52155430089671206,0.36685652607107277,0.51703752906011291,200,calibration_resampling_fixed_trained_models_threshold_and_evaluation_cohorts,0.51192294918631687
TFIDF_full,isotonic_probability,same_period,deployed_per_format_TPR_0.005,0.71224543341082691,0.014626159908529968,0.7149119893723016,0.64251079375622722,0.73716373297907667,0.67934739289272672,0.73183327798073727,200,calibration_resampling_fixed_trained_models_threshold_and_evaluation_cohorts,0.72082364662902687
TFIDF_full,isotonic_probability,same_period,deployed_per_format_TPR_0.01,0.82326934573231481,0.011356475277290001,0.82643639986715378,0.77303221521089338,0.83792759880438394,0.79079541680504817,0.83628362670209233,200,calibration_resampling_fixed_trained_models_threshold_and_evaluation_cohorts,0.82922617070740623
TFIDF_full,isotonic_probability,same_period,deployed_per_format_TPR_0.05,0.9469438724676188,0.003291242397845309,0.94785785453337756,0.93643307871139159,0.95164397210229157,0.94014613085353704,0.95118067087346392,200,calibration_resampling_fixed_trained_models_threshold_and_evaluation_cohorts,0.94918631683825971
TFIDF_full,isotonic_probability,same_period,deployed_pooled_FPR_0.001,0.00050685848109735694,9.5677109279432616e-05,0.00053529608564737373,0,0.00060220809635329537,0.0004014720642355303,0.00060220809635329537,200,calibration_resampling_fixed_trained_models_threshold_and_evaluation_cohorts,0.00053529608564737373
TFIDF_full,isotonic_probability,same_period,deployed_pooled_FPR_0.005,0.0035158916025426561,0.00073973057331730343,0.0034794245567079289,0.0015389762462361995,0.004817664770826363,0.0020709267313482769,0.004817664770826363,200,calibration_resampling_fixed_trained_models_threshold_and_evaluation_cohorts,0.0034794245567079289
TFIDF_full,isotonic_probability,same_period,deployed_pooled_FPR_0.01,0.0075664101706256273,0.0015522351617618026,0.0084309133489461358,0.0032117765138842424,0.010237537638006023,0.0038106390097022414,0.010041820006691203,200,calibration_resampling_fixed_trained_models_threshold_and_evaluation_cohorts,0.0084309133489461358
TFIDF_full,isotonic_probability,same_period,deployed_pooled_FPR_0.05,0.049245567079290738,0.0048653175008302896,0.053596520575443292,0.038206758113081295,0.054064904650384743,0.039068250250920041,0.053997992639678825,200,calibration_resampling_fixed_trained_models_threshold_and_evaluation_cohorts,0.053596520575443292
TFIDF_full,isotonic_probability,same_period,deployed_pooled_TPR_0.001,0.4396017934241116,0.049181272815258262,0.44623048820989702,0.14320823646629027,0.48455662570574559,0.40086350049817338,0.48296247093988709,200,calibration_resampling_fixed_trained_models_threshold_and_evaluation_cohorts,0.44623048820989702
TFIDF_full,isotonic_probability,same_period,deployed_pooled_TPR_0.005,0.71576685486549319,0.029353837769263088,0.71836599136499502,0.61262039189637996,0.75543008967120562,0.64228827632015939,0.75543008967120562,200,calibration_resampling_fixed_trained_models_threshold_and_evaluation_cohorts,0.71836599136499502
TFIDF_full,isotonic_probability,same_period,deployed_pooled_TPR_0.01,0.79701428096977756,0.024966698925643904,0.81169046828296243,0.71046164065094652,0.83281301893058779,0.72746761873131849,0.8301577548987048,200,calibration_resampling_fixed_trained_models_threshold_and_evaluation_cohorts,0.81169046828296243
TFIDF_full,isotonic_probability,same_period,deployed_pooled_TPR_0.05,0.94923214878777817,0.0043364552326838326,0.95270674194619731,0.9369644636333444,0.95277316506144138,0.93821321819993353,0.95277316506144138,200,calibration_resampling_fixed_trained_models_threshold_and_evaluation_cohorts,0.95270674194619731
TFIDF_full,isotonic_probability,test,AP,0.98697551862410493,0.0002295473974818184,0.98699187387795195,0.98624051314331029,0.98745428033075433,0.98645008685000557,0.98731812940452346,200,calibration_resampling_fixed_trained_models_threshold_and_evaluation_cohorts,0.98743003353724135
TFIDF_full,isotonic_probability,test,Accuracy,0.9480223333333333,0.00093392605013103861,0.94803333333333328,0.94530000000000003,0.94933333333333336,0.94603333333333328,0.94930000000000003,200,calibration_resampling_fixed_trained_models_threshold_and_evaluation_cohorts,0.94876666666666665
TFIDF_full,isotonic_probability,test,Brier,0.039046851453172299,0.00013836490561012921,0.03903669700622571,0.038764424080138159,0.039488942908217445,0.038796441776481852,0.039358701131743883,200,calibration_resampling_fixed_trained_models_threshold_and_evaluation_cohorts,0.038889321427180809
TFIDF_full,isotonic_probability,test,ECE,0.0082091833985658957,0.0013926014997248674,0.0082193338714565464,0.0036433596505270277,0.012081113028119024,0.0054858359645989169,0.011309261897502797,200,calibration_resampling_fixed_trained_models_threshold_and_evaluation_cohorts,0.0070862691770601687
TFIDF_full,isotonic_probability,test,F1,0.94803052973068691,0.0012385369602637636,0.94794483956058628,0.94449893462305945,0.94979369532926228,0.94549659529913943,0.94973034397180267,200,calibration_resampling_fixed_trained_models_threshold_and_evaluation_cohorts,0.94894535791396772
TFIDF_full,isotonic_probability,test,LogLoss,0.13985707650271098,0.0041034300988442383,0.13801625900959441,0.13600065642518577,0.15539216374821974,0.13626832466378744,0.15202857240861534,200,calibration_resampling_fixed_trained_models_threshold_and_evaluation_cohorts,0.13620267733716498
TFIDF_full,isotonic_probability,test,ROC_AUC,0.98822902191163364,6.8425809457678481e-05,0.98823386128028401,0.98791903536855308,0.98837378390772002,0.98805884766058383,0.98833310892171211,200,calibration_resampling_fixed_trained_models_threshold_and_evaluation_cohorts,0.98831512502845886
TFIDF_full,isotonic_probability,test,deployed_per_format_FPR_0.001,0.00078473384666889853,0.00021249649200145437,0.00087043856712420487,0,0.00093739537997991292,0.0002661533311014396,0.00093739537997991292,200,calibration_resampling_fixed_trained_models_threshold_and_evaluation_cohorts,0.00093739537997991292
TFIDF_full,isotonic_probability,test,deployed_per_format_FPR_0.005,0.0037445597589554737,0.00035385278849145354,0.0038165383327753597,0.0022765316370940742,0.0044191496484767322,0.0029410780046869771,0.0042869099430867088,200,calibration_resampling_fixed_trained_models_threshold_and_evaluation_cohorts,0.0038834951456310678
TFIDF_full,isotonic_probability,test,deployed_per_format_FPR_0.01,0.010346836290592569,0.000898718824546739,0.010646133244057584,0.0058921995313023102,0.011717442249748912,0.0081687311683963839,0.011583528624037496,200,calibration_resampling_fixed_trained_models_threshold_and_evaluation_cohorts,0.010847003682624708
TFIDF_full,isotonic_probability,test,deployed_per_format_FPR_0.05,0.047271175092065618,0.0024656250172639975,0.047505858721124873,0.039973217274857718,0.051690659524606629,0.041980247740207567,0.050955808503515235,200,calibration_resampling_fixed_trained_models_threshold_and_evaluation_cohorts,0.048677602946099768
TFIDF_full,isotonic_probability,test,deployed_per_format_TPR_0.001,0.47712578825091273,0.049191910779752213,0.49777630268835049,0.13601062064387653,0.51709259873879854,0.35667441088616003,0.51410554264852304,200,calibration_resampling_fixed_trained_models_threshold_and_evaluation_cohorts,0.51118486558247589
TFIDF_full,isotonic_probability,test,deployed_per_format_TPR_0.005,0.70842482575506138,0.015064133485369639,0.71164951875207438,0.63703949551941585,0.73129770992366416,0.67337205443079984,0.7275141055426485,200,calibration_resampling_fixed_trained_models_threshold_and_evaluation_cohorts,0.71934948556256229
TFIDF_full,isotonic_probability,test,deployed_per_format_TPR_0.01,0.81484799203451719,0.010977709395487938,0.81795552605376698,0.76720876203119814,0.82794556920013274,0.785262197145702,0.82670096249585134,200,calibration_resampling_fixed_trained_models_threshold_and_evaluation_cohorts,0.82157318287421177
TFIDF_full,isotonic_probability,test,deployed_per_format_TPR_0.05,0.94054895453036835,0.0032873276231497428,0.94148689014271492,0.92923996017258548,0.94537006306007298,0.9334201792233654,0.94490540989047456,200,calibration_resampling_fixed_trained_models_threshold_and_evaluation_cohorts,0.94271490209093922
TFIDF_full,isotonic_probability,test,deployed_pooled_FPR_0.001,0.00070907264814194847,0.00012234226314044365,0.00066956812855708072,0,0.00087043856712420487,0.00066956812855708072,0.00087043856712420487,200,calibration_resampling_fixed_trained_models_threshold_and_evaluation_cohorts,0.00066956812855708072
TFIDF_full,isotonic_probability,test,deployed_pooled_FPR_0.005,0.0041332440575828589,0.00081863986118760866,0.0040843655841981919,0.0022095748242383661,0.005624372279879478,0.0025443588885169068,0.005624372279879478,200,calibration_resampling_fixed_trained_models_threshold_and_evaluation_cohorts,0.0040843655841981919
TFIDF_full,isotonic_probability,test,deployed_pooled_FPR_0.01,0.0086062939404084361,0.0018072528572494458,0.0097756946769333771,0.0038165383327753597,0.011382658185470372,0.0042852360227653161,0.011252092400401741,200,calibration_resampling_fixed_trained_models_threshold_and_evaluation_cohorts,0.0097756946769333771
TFIDF_full,isotonic_probability,test,deployed_pooled_FPR_0.05,0.047644794107800467,0.0037671892670666412,0.050887177770338132,0.037763642450619347,0.051088048208905258,0.039089387345162367,0.051021091396049545,200,calibration_resampling_fixed_trained_models_threshold_and_evaluation_cohorts,0.050887177770338132
TFIDF_full,isotonic_probability,test,deployed_pooled_TPR_0.001,0.43123099900431461,0.048940699742281941,0.43710587454364419,0.13601062064387653,0.47573846664454034,0.39329571855293727,0.47414537006306007,200,calibration_resampling_fixed_trained_models_threshold_and_evaluation_cohorts,0.43710587454364419
TFIDF_full,isotonic_probability,test,deployed_pooled_TPR_0.005,0.70930401593096581,0.028407447955085621,0.7112512446067043,0.60856289412545639,0.74829074012612018,0.64038997676734155,0.74829074012612018,200,calibration_resampling_fixed_trained_models_threshold_and_evaluation_cohorts,0.7112512446067043
TFIDF_full,isotonic_probability,test,deployed_pooled_TPR_0.01,0.78804480584135417,0.023706833469910989,0.80199137072685034,0.70414868901427152,0.8220378360438102,0.72111350813143049,0.82029040823099897,200,calibration_resampling_fixed_trained_models_threshold_and_evaluation_cohorts,0.80199137072685034
TFIDF_full,isotonic_probability,test,deployed_pooled_TPR_0.05,0.94369200132758058,0.0053302074193074958,0.94822436110189179,0.92997012943909729,0.94848987719880518,0.93167441088615999,0.94842349817457683,200,calibration_resampling_fixed_trained_models_threshold_and_evaluation_cohorts,0.94822436110189179
TFIDF_full,isotonic_tiebreak,same_period,AP,0.98946082470947117,0,0.98946082470947117,0.98946082470947117,0.98946082470947117,0.98946082470947117,0.98946082470947117,200,calibration_resampling_fixed_trained_models_threshold_and_evaluation_cohorts,0.98946082470947117
TFIDF_full,isotonic_tiebreak,same_period,Accuracy,0.9498023333333333,0.00090525798291631455,0.9496,0.94703333333333328,0.95109999999999995,0.94782916666666661,0.95106749999999995,200,calibration_resampling_fixed_trained_models_threshold_and_evaluation_cohorts,0.9496
TFIDF_full,isotonic_tiebreak,same_period,Brier,0.037917784516444127,0.00011136471879911842,0.03791397477916017,0.03763226127122056,0.038246506105105708,0.037718133805391081,0.038136165000045075,200,calibration_resampling_fixed_trained_models_threshold_and_evaluation_cohorts,0.03777190477922103
TFIDF_full,isotonic_tiebreak,same_period,ECE,0.0054899920447765253,0.0011784221509341247,0.0055826817306365573,0.002127602537905299,0.0085747932175020674,0.0032008174575189853,0.0077555317746854672,200,calibration_resampling_fixed_trained_models_threshold_and_evaluation_cohorts,0.0036367909019390052
TFIDF_full,isotonic_tiebreak,same_period,F1,0.94997092404202321,0.00073889704009333108,0.94993045897079276,0.9479920138775243,0.95116023570929187,0.94855204828923889,0.95111666823039465,200,calibration_resampling_fixed_trained_models_threshold_and_evaluation_cohorts,0.94992382592568059
TFIDF_full,isotonic_tiebreak,same_period,LogLoss,0.13524418757460488,0.0030512975606323809,0.133955858467808,0.13291706958008914,0.14893507494487668,0.13306125704506597,0.14420754887735365,200,calibration_resampling_fixed_trained_models_threshold_and_evaluation_cohorts,0.1328474015987211
TFIDF_full,isotonic_tiebreak,same_period,ROC_AUC,0.98883804548927812,0,0.98883804548927812,0.98883804548927812,0.98883804548927812,0.98883804548927812,0.98883804548927812,200,calibration_resampling_fixed_trained_models_threshold_and_evaluation_cohorts,0.98883804548927812
TFIDF_full,isotonic_tiebreak,same_period,deployed_per_format_FPR_0.001,0.00073603211776513886,0,0.00073603211776513886,0.00073603211776513886,0.00073603211776513886,0.00073603211776513886,0.00073603211776513886,200,calibration_resampling_fixed_trained_models_threshold_and_evaluation_cohorts,0.00073603211776513886
TFIDF_full,isotonic_tiebreak,same_period,deployed_per_format_FPR_0.005,0.004349280695884911,0,0.004349280695884911,0.004349280695884911,0.004349280695884911,0.004349280695884911,0.004349280695884911,200,calibration_resampling_fixed_trained_models_threshold_and_evaluation_cohorts,0.004349280695884911
TFIDF_full,isotonic_tiebreak,same_period,deployed_per_format_FPR_0.01,0.011375041820006693,0,0.011375041820006692,0.011375041820006692,0.011375041820006692,0.011375041820006692,0.011375041820006692,200,calibration_resampling_fixed_trained_models_threshold_and_evaluation_cohorts,0.011375041820006692
TFIDF_full,isotonic_tiebreak,same_period,deployed_per_format_FPR_0.05,0.052994312479090006,0,0.052994312479089999,0.052994312479089999,0.052994312479089999,0.052994312479089999,0.052994312479089999,200,calibration_resampling_fixed_trained_models_threshold_and_evaluation_cohorts,0.052994312479089999
TFIDF_full,isotonic_tiebreak,same_period,deployed_per_format_TPR_0.001,0.5450680836931252,0,0.5450680836931252,0.5450680836931252,0.5450680836931252,0.5450680836931252,0.5450680836931252,200,calibration_resampling_fixed_trained_models_threshold_and_evaluation_cohorts,0.5450680836931252
TFIDF_full,isotonic_tiebreak,same_period,deployed_per_format_TPR_0.005,0.7455330454998339,0,0.7455330454998339,0.7455330454998339,0.7455330454998339,0.7455330454998339,0.7455330454998339,200,calibration_resampling_fixed_trained_models_threshold_and_evaluation_cohorts,0.7455330454998339
TFIDF_full,isotonic_tiebreak,same_period,deployed_per_format_TPR_0.01,0.83885752241780143,0,0.83885752241780143,0.83885752241780143,0.83885752241780143,0.83885752241780143,0.83885752241780143,200,calibration_resampling_fixed_trained_models_threshold_and_evaluation_cohorts,0.83885752241780143
TFIDF_full,isotonic_tiebreak,same_period,deployed_per_format_TPR_0.05,0.95230820325473264,0,0.95230820325473264,0.95230820325473264,0.95230820325473264,0.95230820325473264,0.95230820325473264,200,calibration_resampling_fixed_trained_models_threshold_and_evaluation_cohorts,0.95230820325473264
TFIDF_full,isotonic_tiebreak,same_period,deployed_pooled_FPR_0.001,0.00066912010705921722,0,0.00066912010705921711,0.00066912010705921711,0.00066912010705921711,0.00066912010705921711,0.00066912010705921711,200,calibration_resampling_fixed_trained_models_threshold_and_evaluation_cohorts,0.00066912010705921711
TFIDF_full,isotonic_tiebreak,same_period,deployed_pooled_FPR_0.005,0.004817664770826363,0,0.004817664770826363,0.004817664770826363,0.004817664770826363,0.004817664770826363,0.004817664770826363,200,calibration_resampling_fixed_trained_models_threshold_and_evaluation_cohorts,0.004817664770826363
TFIDF_full,isotonic_tiebreak,same_period,deployed_pooled_FPR_0.01,0.010438273670123788,0,0.010438273670123788,0.010438273670123788,0.010438273670123788,0.010438273670123788,0.010438273670123788,200,calibration_resampling_fixed_trained_models_threshold_and_evaluation_cohorts,0.010438273670123788
TFIDF_full,isotonic_tiebreak,same_period,deployed_pooled_FPR_0.05,0.054064904650384743,0,0.054064904650384743,0.054064904650384743,0.054064904650384743,0.054064904650384743,0.054064904650384743,200,calibration_resampling_fixed_trained_models_threshold_and_evaluation_cohorts,0.054064904650384743
TFIDF_full,isotonic_tiebreak,same_period,deployed_pooled_TPR_0.001,0.52706741946197277,0,0.52706741946197277,0.52706741946197277,0.52706741946197277,0.52706741946197277,0.52706741946197277,200,calibration_resampling_fixed_trained_models_threshold_and_evaluation_cohorts,0.52706741946197277
TFIDF_full,isotonic_tiebreak,same_period,deployed_pooled_TPR_0.005,0.75569578213218203,0,0.75569578213218203,0.75569578213218203,0.75569578213218203,0.75569578213218203,0.75569578213218203,200,calibration_resampling_fixed_trained_models_threshold_and_evaluation_cohorts,0.75569578213218203
TFIDF_full,isotonic_tiebreak,same_period,deployed_pooled_TPR_0.01,0.83427432746595831,0,0.8342743274659582,0.8342743274659582,0.8342743274659582,0.8342743274659582,0.8342743274659582,200,calibration_resampling_fixed_trained_models_threshold_and_evaluation_cohorts,0.8342743274659582
TFIDF_full,isotonic_tiebreak,same_period,deployed_pooled_TPR_0.05,0.95277316506144127,0,0.95277316506144138,0.95277316506144138,0.95277316506144138,0.95277316506144138,0.95277316506144138,200,calibration_resampling_fixed_trained_models_threshold_and_evaluation_cohorts,0.95277316506144138
TFIDF_full,isotonic_tiebreak,test,AP,0.9887822683744063,0,0.9887822683744063,0.9887822683744063,0.9887822683744063,0.9887822683744063,0.9887822683744063,200,calibration_resampling_fixed_trained_models_threshold_and_evaluation_cohorts,0.9887822683744063
TFIDF_full,isotonic_tiebreak,test,Accuracy,0.9480223333333333,0.00093392605013103861,0.94803333333333328,0.94530000000000003,0.94933333333333336,0.94603333333333328,0.94930000000000003,200,calibration_resampling_fixed_trained_models_threshold_and_evaluation_cohorts,0.94876666666666665
TFIDF_full,isotonic_tiebreak,test,Brier,0.039046851453172299,0.00013836490561012921,0.03903669700622571,0.038764424080138159,0.039488942908217445,0.038796441776481852,0.039358701131743883,200,calibration_resampling_fixed_trained_models_threshold_and_evaluation_cohorts,0.038889321427180809
TFIDF_full,isotonic_tiebreak,test,ECE,0.0082091833985658957,0.0013926014997248674,0.0082193338714565464,0.0036433596505270277,0.012081113028119024,0.0054858359645989169,0.011309261897502797,200,calibration_resampling_fixed_trained_models_threshold_and_evaluation_cohorts,0.0070862691770601687
TFIDF_full,isotonic_tiebreak,test,F1,0.94803052973068691,0.0012385369602637636,0.94794483956058628,0.94449893462305945,0.94979369532926228,0.94549659529913943,0.94973034397180267,200,calibration_resampling_fixed_trained_models_threshold_and_evaluation_cohorts,0.94894535791396772
TFIDF_full,isotonic_tiebreak,test,LogLoss,0.13985707650271098,0.0041034300988442383,0.13801625900959441,0.13600065642518577,0.15539216374821974,0.13626832466378744,0.15202857240861534,200,calibration_resampling_fixed_trained_models_threshold_and_evaluation_cohorts,0.13620267733716498
TFIDF_full,isotonic_tiebreak,test,ROC_AUC,0.98847876587904826,0,0.98847876587904826,0.98847876587904826,0.98847876587904826,0.98847876587904826,0.98847876587904826,200,calibration_resampling_fixed_trained_models_threshold_and_evaluation_cohorts,0.98847876587904826
TFIDF_full,isotonic_tiebreak,test,deployed_per_format_FPR_0.001,0.001071309005691329,0,0.001071309005691329,0.001071309005691329,0.001071309005691329,0.001071309005691329,0.001071309005691329,200,calibration_resampling_fixed_trained_models_threshold_and_evaluation_cohorts,0.001071309005691329
TFIDF_full,isotonic_tiebreak,test,deployed_per_format_FPR_0.005,0.0046869768998995644,0,0.0046869768998995644,0.0046869768998995644,0.0046869768998995644,0.0046869768998995644,0.0046869768998995644,200,calibration_resampling_fixed_trained_models_threshold_and_evaluation_cohorts,0.0046869768998995644
TFIDF_full,isotonic_tiebreak,test,deployed_per_format_FPR_0.01,0.01178439906260462,0,0.01178439906260462,0.01178439906260462,0.01178439906260462,0.01178439906260462,0.01178439906260462,200,calibration_resampling_fixed_trained_models_threshold_and_evaluation_cohorts,0.01178439906260462
TFIDF_full,isotonic_tiebreak,test,deployed_per_format_FPR_0.05,0.052092400401740874,0,0.052092400401740874,0.052092400401740874,0.052092400401740874,0.052092400401740874,0.052092400401740874,200,calibration_resampling_fixed_trained_models_threshold_and_evaluation_cohorts,0.052092400401740874
TFIDF_full,isotonic_tiebreak,test,deployed_per_format_TPR_0.001,0.53753733820112848,0,0.53753733820112848,0.53753733820112848,0.53753733820112848,0.53753733820112848,0.53753733820112848,200,calibration_resampling_fixed_trained_models_threshold_and_evaluation_cohorts,0.53753733820112848
TFIDF_full,isotonic_tiebreak,test,deployed_per_format_TPR_0.005,0.73913043478260865,0,0.73913043478260865,0.73913043478260865,0.73913043478260865,0.73913043478260865,0.73913043478260865,200,calibration_resampling_fixed_trained_models_threshold_and_evaluation_cohorts,0.73913043478260865
TFIDF_full,isotonic_tiebreak,test,deployed_per_format_TPR_0.01,0.82880849651510113,0,0.82880849651510125,0.82880849651510125,0.82880849651510125,0.82880849651510125,0.82880849651510125,200,calibration_resampling_fixed_trained_models_threshold_and_evaluation_cohorts,0.82880849651510125
TFIDF_full,isotonic_tiebreak,test,deployed_per_format_TPR_0.05,0.94576833720544295,0,0.94576833720544307,0.94576833720544307,0.94576833720544307,0.94576833720544307,0.94576833720544307,200,calibration_resampling_fixed_trained_models_threshold_and_evaluation_cohorts,0.94576833720544307
TFIDF_full,isotonic_tiebreak,test,deployed_pooled_FPR_0.001,0.001071309005691329,0,0.001071309005691329,0.001071309005691329,0.001071309005691329,0.001071309005691329,0.001071309005691329,200,calibration_resampling_fixed_trained_models_threshold_and_evaluation_cohorts,0.001071309005691329
TFIDF_full,isotonic_tiebreak,test,deployed_pooled_FPR_0.005,0.005691329092735186,0,0.005691329092735186,0.005691329092735186,0.005691329092735186,0.005691329092735186,0.005691329092735186,200,calibration_resampling_fixed_trained_models_threshold_and_evaluation_cohorts,0.005691329092735186
TFIDF_full,isotonic_tiebreak,test,deployed_pooled_FPR_0.01,0.011516571811181788,0,0.011516571811181788,0.011516571811181788,0.011516571811181788,0.011516571811181788,0.011516571811181788,200,calibration_resampling_fixed_trained_models_threshold_and_evaluation_cohorts,0.011516571811181788
TFIDF_full,isotonic_tiebreak,test,deployed_pooled_FPR_0.05,0.051088048208905251,0,0.051088048208905258,0.051088048208905258,0.051088048208905258,0.051088048208905258,0.051088048208905258,200,calibration_resampling_fixed_trained_models_threshold_and_evaluation_cohorts,0.051088048208905258
TFIDF_full,isotonic_tiebreak,test,deployed_pooled_TPR_0.001,0.51842017922336536,0,0.51842017922336536,0.51842017922336536,0.51842017922336536,0.51842017922336536,0.51842017922336536,200,calibration_resampling_fixed_trained_models_threshold_and_evaluation_cohorts,0.51842017922336536
TFIDF_full,isotonic_tiebreak,test,deployed_pooled_TPR_0.005,0.74848987719880522,0,0.74848987719880522,0.74848987719880522,0.74848987719880522,0.74848987719880522,0.74848987719880522,200,calibration_resampling_fixed_trained_models_threshold_and_evaluation_cohorts,0.74848987719880522
TFIDF_full,isotonic_tiebreak,test,deployed_pooled_TPR_0.01,0.82336541652837691,0,0.82336541652837703,0.82336541652837703,0.82336541652837703,0.82336541652837703,0.82336541652837703,200,calibration_resampling_fixed_trained_models_threshold_and_evaluation_cohorts,0.82336541652837703
TFIDF_full,isotonic_tiebreak,test,deployed_pooled_TPR_0.05,0.94848987719880506,0,0.94848987719880518,0.94848987719880518,0.94848987719880518,0.94848987719880518,0.94848987719880518,200,calibration_resampling_fixed_trained_models_threshold_and_evaluation_cohorts,0.94848987719880518
TFIDF_full,temperature,same_period,AP,0.98946082470947117,0,0.98946082470947117,0.98946082470947117,0.98946082470947117,0.98946082470947117,0.98946082470947117,200,calibration_resampling_fixed_trained_models_threshold_and_evaluation_cohorts,0.98946082470947117
TFIDF_full,temperature,same_period,Accuracy,0.95099999999999996,0,0.95099999999999996,0.95099999999999996,0.95099999999999996,0.95099999999999996,0.95099999999999996,200,calibration_resampling_fixed_trained_models_threshold_and_evaluation_cohorts,0.95099999999999996
TFIDF_full,temperature,same_period,Brier,0.037610689414678669,1.4214286769420589e-05,0.037606152103597759,0.037597388679709548,0.037673039928783708,0.037597492085406428,0.037648476692679345,200,calibration_resampling_fixed_trained_models_threshold_and_evaluation_cohorts,0.037606206639821359
TFIDF_full,temperature,same_period,ECE,0.0036331185128563341,0.00075753693512608893,0.0033820854295390883,0.0027550034540332596,0.0063401646925338884,0.0028198850893040289,0.0055991765948933021,200,calibration_resampling_fixed_trained_models_threshold_and_evaluation_cohorts,0.0033434572296312001
TFIDF_full,temperature,same_period,F1,0.95107827476038342,0,0.95107827476038342,0.95107827476038342,0.95107827476038342,0.95107827476038342,0.95107827476038342,200,calibration_resampling_fixed_trained_models_threshold_and_evaluation_cohorts,0.95107827476038342
TFIDF_full,temperature,same_period,LogLoss,0.13220708694617403,0.00010772898111463178,0.13216860761973104,0.13211597684136037,0.13270722344141642,0.13211607022066821,0.13250269316687074,200,calibration_resampling_fixed_trained_models_threshold_and_evaluation_cohorts,0.1321635723282916
TFIDF_full,temperature,same_period,ROC_AUC,0.98883804548927812,0,0.98883804548927812,0.98883804548927812,0.98883804548927812,0.98883804548927812,0.98883804548927812,200,calibration_resampling_fixed_trained_models_threshold_and_evaluation_cohorts,0.98883804548927812
TFIDF_full,temperature,same_period,deployed_per_format_FPR_0.001,0.00073603211776513886,0,0.00073603211776513886,0.00073603211776513886,0.00073603211776513886,0.00073603211776513886,0.00073603211776513886,200,calibration_resampling_fixed_trained_models_threshold_and_evaluation_cohorts,0.00073603211776513886
TFIDF_full,temperature,same_period,deployed_per_format_FPR_0.005,0.004349280695884911,0,0.004349280695884911,0.004349280695884911,0.004349280695884911,0.004349280695884911,0.004349280695884911,200,calibration_resampling_fixed_trained_models_threshold_and_evaluation_cohorts,0.004349280695884911
TFIDF_full,temperature,same_period,deployed_per_format_FPR_0.01,0.011375041820006693,0,0.011375041820006692,0.011375041820006692,0.011375041820006692,0.011375041820006692,0.011375041820006692,200,calibration_resampling_fixed_trained_models_threshold_and_evaluation_cohorts,0.011375041820006692
TFIDF_full,temperature,same_period,deployed_per_format_FPR_0.05,0.052994312479090006,0,0.052994312479089999,0.052994312479089999,0.052994312479089999,0.052994312479089999,0.052994312479089999,200,calibration_resampling_fixed_trained_models_threshold_and_evaluation_cohorts,0.052994312479089999
TFIDF_full,temperature,same_period,deployed_per_format_TPR_0.001,0.5450680836931252,0,0.5450680836931252,0.5450680836931252,0.5450680836931252,0.5450680836931252,0.5450680836931252,200,calibration_resampling_fixed_trained_models_threshold_and_evaluation_cohorts,0.5450680836931252
TFIDF_full,temperature,same_period,deployed_per_format_TPR_0.005,0.7455330454998339,0,0.7455330454998339,0.7455330454998339,0.7455330454998339,0.7455330454998339,0.7455330454998339,200,calibration_resampling_fixed_trained_models_threshold_and_evaluation_cohorts,0.7455330454998339
TFIDF_full,temperature,same_period,deployed_per_format_TPR_0.01,0.83885752241780143,0,0.83885752241780143,0.83885752241780143,0.83885752241780143,0.83885752241780143,0.83885752241780143,200,calibration_resampling_fixed_trained_models_threshold_and_evaluation_cohorts,0.83885752241780143
TFIDF_full,temperature,same_period,deployed_per_format_TPR_0.05,0.95230820325473264,0,0.95230820325473264,0.95230820325473264,0.95230820325473264,0.95230820325473264,0.95230820325473264,200,calibration_resampling_fixed_trained_models_threshold_and_evaluation_cohorts,0.95230820325473264
TFIDF_full,temperature,same_period,deployed_pooled_FPR_0.001,0.00066912010705921722,0,0.00066912010705921711,0.00066912010705921711,0.00066912010705921711,0.00066912010705921711,0.00066912010705921711,200,calibration_resampling_fixed_trained_models_threshold_and_evaluation_cohorts,0.00066912010705921711
TFIDF_full,temperature,same_period,deployed_pooled_FPR_0.005,0.004817664770826363,0,0.004817664770826363,0.004817664770826363,0.004817664770826363,0.004817664770826363,0.004817664770826363,200,calibration_resampling_fixed_trained_models_threshold_and_evaluation_cohorts,0.004817664770826363
TFIDF_full,temperature,same_period,deployed_pooled_FPR_0.01,0.010438273670123788,0,0.010438273670123788,0.010438273670123788,0.010438273670123788,0.010438273670123788,0.010438273670123788,200,calibration_resampling_fixed_trained_models_threshold_and_evaluation_cohorts,0.010438273670123788
TFIDF_full,temperature,same_period,deployed_pooled_FPR_0.05,0.054064904650384743,0,0.054064904650384743,0.054064904650384743,0.054064904650384743,0.054064904650384743,0.054064904650384743,200,calibration_resampling_fixed_trained_models_threshold_and_evaluation_cohorts,0.054064904650384743
TFIDF_full,temperature,same_period,deployed_pooled_TPR_0.001,0.52706741946197277,0,0.52706741946197277,0.52706741946197277,0.52706741946197277,0.52706741946197277,0.52706741946197277,200,calibration_resampling_fixed_trained_models_threshold_and_evaluation_cohorts,0.52706741946197277
TFIDF_full,temperature,same_period,deployed_pooled_TPR_0.005,0.75569578213218203,0,0.75569578213218203,0.75569578213218203,0.75569578213218203,0.75569578213218203,0.75569578213218203,200,calibration_resampling_fixed_trained_models_threshold_and_evaluation_cohorts,0.75569578213218203
TFIDF_full,temperature,same_period,deployed_pooled_TPR_0.01,0.83427432746595831,0,0.8342743274659582,0.8342743274659582,0.8342743274659582,0.8342743274659582,0.8342743274659582,200,calibration_resampling_fixed_trained_models_threshold_and_evaluation_cohorts,0.8342743274659582
TFIDF_full,temperature,same_period,deployed_pooled_TPR_0.05,0.95277316506144127,0,0.95277316506144138,0.95277316506144138,0.95277316506144138,0.95277316506144138,0.95277316506144138,200,calibration_resampling_fixed_trained_models_threshold_and_evaluation_cohorts,0.95277316506144138
TFIDF_full,temperature,test,AP,0.9887822683744063,0,0.9887822683744063,0.9887822683744063,0.9887822683744063,0.9887822683744063,0.9887822683744063,200,calibration_resampling_fixed_trained_models_threshold_and_evaluation_cohorts,0.9887822683744063
TFIDF_full,temperature,test,Accuracy,0.94816666666666682,0,0.94816666666666671,0.94816666666666671,0.94816666666666671,0.94816666666666671,0.94816666666666671,200,calibration_resampling_fixed_trained_models_threshold_and_evaluation_cohorts,0.94816666666666671
TFIDF_full,temperature,test,Brier,0.038859499884940502,2.0049502144417346e-05,0.038854243710025146,0.038836879559655098,0.038947275859868159,0.038837291368124201,0.038912409489100658,200,calibration_resampling_fixed_trained_models_threshold_and_evaluation_cohorts,0.038854121209360416
TFIDF_full,temperature,test,ECE,0.0071267055640655084,0.00079612185716367142,0.0069875729718868957,0.0061460919773471566,0.0096505494179656252,0.006165124301382427,0.0089049955508828157,200,calibration_resampling_fixed_trained_models_threshold_and_evaluation_cohorts,0.0069319375843110804
TFIDF_full,temperature,test,F1,0.94810612381111303,0,0.94810612381111292,0.94810612381111292,0.94810612381111292,0.94810612381111292,0.94810612381111292,200,calibration_resampling_fixed_trained_models_threshold_and_evaluation_cohorts,0.94810612381111292
TFIDF_full,temperature,test,LogLoss,0.13565679719957996,0.00014948791305050956,0.13560470147341436,0.13552419317321832,0.13639251350208256,0.13552498975850505,0.13607650306493591,200,calibration_resampling_fixed_trained_models_threshold_and_evaluation_cohorts,0.13560386785496772
TFIDF_full,temperature,test,ROC_AUC,0.98847876587904826,0,0.98847876587904826,0.98847876587904826,0.98847876587904826,0.98847876587904826,0.98847876587904826,200,calibration_resampling_fixed_trained_models_threshold_and_evaluation_cohorts,0.98847876587904826
TFIDF_full,temperature,test,deployed_per_format_FPR_0.001,0.001071309005691329,0,0.001071309005691329,0.001071309005691329,0.001071309005691329,0.001071309005691329,0.001071309005691329,200,calibration_resampling_fixed_trained_models_threshold_and_evaluation_cohorts,0.001071309005691329
TFIDF_full,temperature,test,deployed_per_format_FPR_0.005,0.0046869768998995644,0,0.0046869768998995644,0.0046869768998995644,0.0046869768998995644,0.0046869768998995644,0.0046869768998995644,200,calibration_resampling_fixed_trained_models_threshold_and_evaluation_cohorts,0.0046869768998995644
TFIDF_full,temperature,test,deployed_per_format_FPR_0.01,0.01178439906260462,0,0.01178439906260462,0.01178439906260462,0.01178439906260462,0.01178439906260462,0.01178439906260462,200,calibration_resampling_fixed_trained_models_threshold_and_evaluation_cohorts,0.01178439906260462
TFIDF_full,temperature,test,deployed_per_format_FPR_0.05,0.052092400401740874,0,0.052092400401740874,0.052092400401740874,0.052092400401740874,0.052092400401740874,0.052092400401740874,200,calibration_resampling_fixed_trained_models_threshold_and_evaluation_cohorts,0.052092400401740874
TFIDF_full,temperature,test,deployed_per_format_TPR_0.001,0.53753733820112848,0,0.53753733820112848,0.53753733820112848,0.53753733820112848,0.53753733820112848,0.53753733820112848,200,calibration_resampling_fixed_trained_models_threshold_and_evaluation_cohorts,0.53753733820112848
TFIDF_full,temperature,test,deployed_per_format_TPR_0.005,0.73913043478260865,0,0.73913043478260865,0.73913043478260865,0.73913043478260865,0.73913043478260865,0.73913043478260865,200,calibration_resampling_fixed_trained_models_threshold_and_evaluation_cohorts,0.73913043478260865
TFIDF_full,temperature,test,deployed_per_format_TPR_0.01,0.82880849651510113,0,0.82880849651510125,0.82880849651510125,0.82880849651510125,0.82880849651510125,0.82880849651510125,200,calibration_resampling_fixed_trained_models_threshold_and_evaluation_cohorts,0.82880849651510125
TFIDF_full,temperature,test,deployed_per_format_TPR_0.05,0.94576833720544295,0,0.94576833720544307,0.94576833720544307,0.94576833720544307,0.94576833720544307,0.94576833720544307,200,calibration_resampling_fixed_trained_models_threshold_and_evaluation_cohorts,0.94576833720544307
TFIDF_full,temperature,test,deployed_pooled_FPR_0.001,0.001071309005691329,0,0.001071309005691329,0.001071309005691329,0.001071309005691329,0.001071309005691329,0.001071309005691329,200,calibration_resampling_fixed_trained_models_threshold_and_evaluation_cohorts,0.001071309005691329
TFIDF_full,temperature,test,deployed_pooled_FPR_0.005,0.005691329092735186,0,0.005691329092735186,0.005691329092735186,0.005691329092735186,0.005691329092735186,0.005691329092735186,200,calibration_resampling_fixed_trained_models_threshold_and_evaluation_cohorts,0.005691329092735186
TFIDF_full,temperature,test,deployed_pooled_FPR_0.01,0.011516571811181788,0,0.011516571811181788,0.011516571811181788,0.011516571811181788,0.011516571811181788,0.011516571811181788,200,calibration_resampling_fixed_trained_models_threshold_and_evaluation_cohorts,0.011516571811181788
TFIDF_full,temperature,test,deployed_pooled_FPR_0.05,0.051088048208905251,0,0.051088048208905258,0.051088048208905258,0.051088048208905258,0.051088048208905258,0.051088048208905258,200,calibration_resampling_fixed_trained_models_threshold_and_evaluation_cohorts,0.051088048208905258
TFIDF_full,temperature,test,deployed_pooled_TPR_0.001,0.51842017922336536,0,0.51842017922336536,0.51842017922336536,0.51842017922336536,0.51842017922336536,0.51842017922336536,200,calibration_resampling_fixed_trained_models_threshold_and_evaluation_cohorts,0.51842017922336536
TFIDF_full,temperature,test,deployed_pooled_TPR_0.005,0.74848987719880522,0,0.74848987719880522,0.74848987719880522,0.74848987719880522,0.74848987719880522,0.74848987719880522,200,calibration_resampling_fixed_trained_models_threshold_and_evaluation_cohorts,0.74848987719880522
TFIDF_full,temperature,test,deployed_pooled_TPR_0.01,0.82336541652837691,0,0.82336541652837703,0.82336541652837703,0.82336541652837703,0.82336541652837703,0.82336541652837703,200,calibration_resampling_fixed_trained_models_threshold_and_evaluation_cohorts,0.82336541652837703
TFIDF_full,temperature,test,deployed_pooled_TPR_0.05,0.94848987719880506,0,0.94848987719880518,0.94848987719880518,0.94848987719880518,0.94848987719880518,0.94848987719880518,200,calibration_resampling_fixed_trained_models_threshold_and_evaluation_cohorts,0.94848987719880518
TFIDF_prefix,format_platt,same_period,AP,0.98197411113092026,8.1838877016231961e-05,0.98197993775470427,0.98172669068023311,0.98213480447688783,0.98178242357052103,0.98209296523736356,200,calibration_resampling_fixed_trained_models_threshold_and_evaluation_cohorts,0.98201669369642541
TFIDF_prefix,format_platt,same_period,Accuracy,0.93355450000000006,0.00019924977941063334,0.93356666666666666,0.93289999999999995,0.93403333333333338,0.93316583333333336,0.93393333333333328,200,calibration_resampling_fixed_trained_models_threshold_and_evaluation_cohorts,0.93336666666666668
TFIDF_prefix,format_platt,same_period,Brier,0.049963663129040763,6.8959859651366302e-05,0.049959934842337725,0.049834377074979772,0.050158719271464161,0.049850488503175791,0.050115976662527262,200,calibration_resampling_fixed_trained_models_threshold_and_evaluation_cohorts,0.049923471510646328
TFIDF_prefix,format_platt,same_period,ECE,0.0063226546477191678,0.001194675977631727,0.0059940561679966801,0.0045404039813487004,0.011975254849713318,0.0048557344737233258,0.0089382983792582662,200,calibration_resampling_fixed_trained_models_threshold_and_evaluation_cohorts,0.0060395931994913282
TFIDF_prefix,format_platt,same_period,F1,0.93377288970525085,0.00014474172135116068,0.93378540098992957,0.93330682834708278,0.93412336473486235,0.93348814745510722,0.93402378216773707,200,calibration_resampling_fixed_trained_models_threshold_and_evaluation_cohorts,0.93356376084283288
TFIDF_prefix,format_platt,same_period,LogLoss,0.17366846366251029,0.00031960802010815405,0.1736481733933265,0.17306053239675204,0.17463041967834292,0.17316265907920256,0.17436988189146133,200,calibration_resampling_fixed_trained_models_threshold_and_evaluation_cohorts,0.17343515567048984
TFIDF_prefix,format_platt,same_period,ROC_AUC,0.98124830007158981,7.9614100978463533e-05,0.98125549687945801,0.9809724730743602,0.98142253245849176,0.98108125998138407,0.98136622570147869,200,calibration_resampling_fixed_trained_models_threshold_and_evaluation_cohorts,0.98128886399472703
TFIDF_prefix,format_platt,same_period,deployed_per_format_FPR_0.001,0.00086985613917698224,0,0.00086985613917698224,0.00086985613917698224,0.00086985613917698224,0.00086985613917698224,0.00086985613917698224,200,calibration_resampling_fixed_trained_models_threshold_and_evaluation_cohorts,0.00086985613917698224
TFIDF_prefix,format_platt,same_period,deployed_per_format_FPR_0.005,0.0068919371027099359,0,0.0068919371027099368,0.0068919371027099368,0.0068919371027099368,0.0068919371027099368,0.0068919371027099368,200,calibration_resampling_fixed_trained_models_threshold_and_evaluation_cohorts,0.0068919371027099368
TFIDF_prefix,format_platt,same_period,deployed_per_format_FPR_0.01,0.012244897959183675,0,0.012244897959183673,0.012244897959183673,0.012244897959183673,0.012244897959183673,0.012244897959183673,200,calibration_resampling_fixed_trained_models_threshold_and_evaluation_cohorts,0.012244897959183673
TFIDF_prefix,format_platt,same_period,deployed_per_format_FPR_0.05,0.049180327868852458,0,0.049180327868852458,0.049180327868852458,0.049180327868852458,0.049180327868852458,0.049180327868852458,200,calibration_resampling_fixed_trained_models_threshold_and_evaluation_cohorts,0.049180327868852458
TFIDF_prefix,format_platt,same_period,deployed_per_format_TPR_0.001,0.4149452009299236,0,0.4149452009299236,0.4149452009299236,0.4149452009299236,0.4149452009299236,0.4149452009299236,200,calibration_resampling_fixed_trained_models_threshold_and_evaluation_cohorts,0.4149452009299236
TFIDF_prefix,format_platt,same_period,deployed_per_format_TPR_0.005,0.65885088010627701,0,0.65885088010627701,0.65885088010627701,0.65885088010627701,0.65885088010627701,0.65885088010627701,200,calibration_resampling_fixed_trained_models_threshold_and_evaluation_cohorts,0.65885088010627701
TFIDF_prefix,format_platt,same_period,deployed_per_format_TPR_0.01,0.75171039521753569,0,0.75171039521753569,0.75171039521753569,0.75171039521753569,0.75171039521753569,0.75171039521753569,200,calibration_resampling_fixed_trained_models_threshold_and_evaluation_cohorts,0.75171039521753569
TFIDF_prefix,format_platt,same_period,deployed_per_format_TPR_0.05,0.91464629691132515,0,0.91464629691132515,0.91464629691132515,0.91464629691132515,0.91464629691132515,0.91464629691132515,200,calibration_resampling_fixed_trained_models_threshold_and_evaluation_cohorts,0.91464629691132515
TFIDF_prefix,format_platt,same_period,deployed_pooled_FPR_0.001,0.00097524255603880893,8.9354256438302517e-05,0.0010036801605888257,0.0008029441284710606,0.0012044161927065907,0.00086985613917698224,0.0011375041820006692,200,calibration_resampling_fixed_trained_models_threshold_and_evaluation_cohorts,0.00086985613917698224
TFIDF_prefix,format_platt,same_period,deployed_pooled_FPR_0.005,0.0066356641017062566,0.00018420859503210374,0.0066912010705921709,0.0061559049849447978,0.0070926731348277018,0.0062228169956507189,0.0069588491134158579,200,calibration_resampling_fixed_trained_models_threshold_and_evaluation_cohorts,0.0067581130812980929
TFIDF_prefix,format_platt,same_period,deployed_pooled_FPR_0.01,0.012075276012044162,0.00011596826271487007,0.012044161927065908,0.011776513884242222,0.012378721980595517,0.011843425894948143,0.012311809969889596,200,calibration_resampling_fixed_trained_models_threshold_and_evaluation_cohorts,0.011977249916359987
TFIDF_prefix,format_platt,same_period,deployed_pooled_FPR_0.05,0.049248912679826028,0.00033756849554624385,0.049180327868852458,0.048645031783205082,0.05011709601873536,0.048711943793911007,0.049851120776179328,200,calibration_resampling_fixed_trained_models_threshold_and_evaluation_cohorts,0.049046503847440616
TFIDF_prefix,format_platt,same_period,deployed_pooled_TPR_0.001,0.40976718698106945,0.0052460772619830204,0.40896712055795414,0.3918963799402192,0.43327798073729656,0.40179176353370977,0.42172700099634675,200,calibration_resampling_fixed_trained_models_threshold_and_evaluation_cohorts,0.40352042510793756
TFIDF_prefix,format_platt,same_period,deployed_pooled_TPR_0.005,0.65703487213550316,0.0020127469065657805,0.65682497509133175,0.65340418465626038,0.66423115244104947,0.65360345400199271,0.66130853537030887,200,calibration_resampling_fixed_trained_models_threshold_and_evaluation_cohorts,0.65752241780139487
TFIDF_prefix,format_platt,same_period,deployed_pooled_TPR_0.01,0.74933842577216869,0.0023318468604150815,0.7490534706077715,0.7444038525406842,0.75410162736632347,0.74552640318830954,0.75350381932912658,200,calibration_resampling_fixed_trained_models_threshold_and_evaluation_cohorts,0.74832281634008635
TFIDF_prefix,format_platt,same_period,deployed_pooled_TPR_0.05,0.91524078379275986,0.00029274908123154387,0.91524410494852204,0.91424775821986048,0.91590833610096312,0.91464629691132515,0.91570906675523078,200,calibration_resampling_fixed_trained_models_threshold_and_evaluation_cohorts,0.91531052806376623
TFIDF_prefix,format_platt,test,AP,0.97903474898455078,9.876594318135174e-05,0.97904397926888898,0.97874984154160005,0.97927635983459393,0.9788436614947148,0.97921860938928384,200,calibration_resampling_fixed_trained_models_threshold_and_evaluation_cohorts,0.97906872904207287
TFIDF_prefix,format_platt,test,Accuracy,0.92809033333333335,0.00051822820167539386,0.92820000000000003,0.92679999999999996,0.92926666666666669,0.92693333333333339,0.92886749999999996,200,calibration_resampling_fixed_trained_models_threshold_and_evaluation_cohorts,0.92856666666666665
TFIDF_prefix,format_platt,test,Brier,0.053942404438505072,0.00027471515482920764,0.053924754472848169,0.053302083400085541,0.054641144032904522,0.053430038974044448,0.054481344473030352,200,calibration_resampling_fixed_trained_models_threshold_and_evaluation_cohorts,0.053912841975706345
TFIDF_prefix,format_platt,test,ECE,0.018162479729825595,0.0017433133778861473,0.018176841657163666,0.013267211764672431,0.023164433167110761,0.014823780113726686,0.021554794537851588,200,calibration_resampling_fixed_trained_models_threshold_and_evaluation_cohorts,0.018222623603577841
TFIDF_prefix,format_platt,test,F1,0.92756064097898783,0.00060996759757268057,0.92771044138085323,0.92609544322541559,0.92894930690417199,0.92621259921524735,0.92846500721460601,200,calibration_resampling_fixed_trained_models_threshold_and_evaluation_cohorts,0.92805103239885844
TFIDF_prefix,format_platt,test,LogLoss,0.18545801433648676,0.00086109020059715847,0.18542526752442737,0.18334573919657893,0.18806217887657223,0.18387305627556538,0.18722927524176816,200,calibration_resampling_fixed_trained_models_threshold_and_evaluation_cohorts,0.18524118336820544
TFIDF_prefix,format_platt,test,ROC_AUC,0.97929957969210757,0.00011388652415577503,0.97929921572971756,0.97895320256569252,0.97958078768367995,0.97903939162857601,0.97952496096871156,200,calibration_resampling_fixed_trained_models_threshold_and_evaluation_cohorts,0.97933455639333677
TFIDF_prefix,format_platt,test,deployed_per_format_FPR_0.001,0.0015400066956812856,0,0.0015400066956812856,0.0015400066956812856,0.0015400066956812856,0.0015400066956812856,0.0015400066956812856,200,calibration_resampling_fixed_trained_models_threshold_and_evaluation_cohorts,0.0015400066956812856
TFIDF_prefix,format_platt,test,deployed_per_format_FPR_0.005,0.0058921995313023102,0,0.0058921995313023102,0.0058921995313023102,0.0058921995313023102,0.0058921995313023102,0.0058921995313023102,200,calibration_resampling_fixed_trained_models_threshold_and_evaluation_cohorts,0.0058921995313023102
TFIDF_prefix,format_platt,test,deployed_per_format_FPR_0.01,0.010512219618346167,0,0.010512219618346167,0.010512219618346167,0.010512219618346167,0.010512219618346167,0.010512219618346167,200,calibration_resampling_fixed_trained_models_threshold_and_evaluation_cohorts,0.010512219618346167
TFIDF_prefix,format_platt,test,deployed_per_format_FPR_0.05,0.047807164378975558,0,0.047807164378975558,0.047807164378975558,0.047807164378975558,0.047807164378975558,0.047807164378975558,200,calibration_resampling_fixed_trained_models_threshold_and_evaluation_cohorts,0.047807164378975558
TFIDF_prefix,format_platt,test,deployed_per_format_TPR_0.001,0.35778294059077331,0,0.35778294059077331,0.35778294059077331,0.35778294059077331,0.35778294059077331,0.35778294059077331,200,calibration_resampling_fixed_trained_models_threshold_and_evaluation_cohorts,0.35778294059077331
TFIDF_prefix,format_platt,test,deployed_per_format_TPR_0.005,0.59561898440092931,0,0.59561898440092931,0.59561898440092931,0.59561898440092931,0.59561898440092931,0.59561898440092931,200,calibration_resampling_fixed_trained_models_threshold_and_evaluation_cohorts,0.59561898440092931
TFIDF_prefix,format_platt,test,deployed_per_format_TPR_0.01,0.69943577829405912,0,0.69943577829405912,0.69943577829405912,0.69943577829405912,0.69943577829405912,0.69943577829405912,200,calibration_resampling_fixed_trained_models_threshold_and_evaluation_cohorts,0.69943577829405912
TFIDF_prefix,format_platt,test,deployed_per_format_TPR_0.05,0.89259873879853968,0,0.89259873879853968,0.89259873879853968,0.89259873879853968,0.89259873879853968,0.89259873879853968,200,calibration_resampling_fixed_trained_models_threshold_and_evaluation_cohorts,0.89259873879853968
TFIDF_prefix,format_platt,test,deployed_pooled_FPR_0.001,0.0014824238366253767,9.3503714887295848e-05,0.0014730498828255775,0.0013391362571141614,0.0018078339471041178,0.0014060930699698695,0.0017408771342484097,200,calibration_resampling_fixed_trained_models_threshold_and_evaluation_cohorts,0.0014060930699698695
TFIDF_prefix,format_platt,test,deployed_pooled_FPR_0.005,0.0056049548041513233,0.0001355173787871412,0.005624372279879478,0.0052226314027452297,0.0058252427184466021,0.0053565450284566458,0.0058252427184466021,200,calibration_resampling_fixed_trained_models_threshold_and_evaluation_cohorts,0.005691329092735186
TFIDF_prefix,format_platt,test,deployed_pooled_FPR_0.01,0.010767994643454973,0.00023172753137901535,0.010713090056913292,0.010378305992634751,0.01144961499832608,0.010445262805490459,0.011315701372614664,200,calibration_resampling_fixed_trained_models_threshold_and_evaluation_cohorts,0.010512219618346167
TFIDF_prefix,format_platt,test,deployed_pooled_FPR_0.05,0.045866421158352863,0.00023698750811284734,0.045932373619015733,0.044928021426180111,0.046668898560428523,0.045396719116170069,0.046335788416471381,200,calibration_resampling_fixed_trained_models_threshold_and_evaluation_cohorts,0.045932373619015733
TFIDF_prefix,format_platt,test,deployed_pooled_TPR_0.001,0.35643378692333222,0.0035643969565897549,0.35609027547295052,0.349419183538002,0.37119150348489877,0.35074012612014605,0.36362927314968468,200,calibration_resampling_fixed_trained_models_threshold_and_evaluation_cohorts,0.35134417524062395
TFIDF_prefix,format_platt,test,deployed_pooled_TPR_0.005,0.5909867241951543,0.0022715929630644002,0.59077331563226021,0.58499834052439426,0.59787587122469299,0.58758712246929967,0.5968818453368735,200,calibration_resampling_fixed_trained_models_threshold_and_evaluation_cohorts,0.59117158977763029
TFIDF_prefix,format_platt,test,deployed_pooled_TPR_0.01,0.69311417192167268,0.0034072708723820191,0.69312977099236639,0.6872884168602722,0.70082973780285429,0.68768503153003646,0.69904248257550616,200,calibration_resampling_fixed_trained_models_threshold_and_evaluation_cohorts,0.69233322270162634
TFIDF_prefix,format_platt,test,deployed_pooled_TPR_0.05,0.89042847660139401,0.0006733677050367934,0.89047461002323269,0.88874875539329568,0.89259873879853968,0.88908065051443741,0.89193660803186192,200,calibration_resampling_fixed_trained_models_threshold_and_evaluation_cohorts,0.89054098904746104
TFIDF_prefix,isotonic_probability,same_period,AP,0.97938565047275017,0.00031076474503818663,0.97940449169060395,0.9782152585599706,0.98015743507384878,0.97874778569421117,0.97995279223362219,200,calibration_resampling_fixed_trained_models_threshold_and_evaluation_cohorts,0.97969048985223184
TFIDF_prefix,isotonic_probability,same_period,Accuracy,0.93366983333333342,0.00050339547798774098,0.9337333333333333,0.92956666666666665,0.93413333333333337,0.93309666666666669,0.93403333333333338,200,calibration_resampling_fixed_trained_models_threshold_and_evaluation_cohorts,0.93400000000000005
TFIDF_prefix,isotonic_probability,same_period,Brier,0.05027007084795989,0.00012207478902517566,0.050264065858648538,0.050013678090461949,0.050739582672696799,0.050064750277530351,0.050574915168323561,200,calibration_resampling_fixed_trained_models_threshold_and_evaluation_cohorts,0.050133272694904675
TFIDF_prefix,isotonic_probability,same_period,ECE,0.0087610339273739065,0.0016151841799051595,0.0087630574036129671,0.004327700275972437,0.012705243489748509,0.0059481859716659603,0.011934898314022478,200,calibration_resampling_fixed_trained_models_threshold_and_evaluation_cohorts,0.0084275680969159474
TFIDF_prefix,isotonic_probability,same_period,F1,0.93334052911336007,0.00074926846351728725,0.9336014748457242,0.9277680921614877,0.93409324364624413,0.93214720606142609,0.93394848369611483,200,calibration_resampling_fixed_trained_models_threshold_and_evaluation_cohorts,0.9336016096579477
TFIDF_prefix,isotonic_probability,same_period,LogLoss,0.17703425560693201,0.0034992197024259603,0.1760719398431263,0.17401092828922168,0.20505528565796624,0.17418247354155067,0.18626833484268748,200,calibration_resampling_fixed_trained_models_threshold_and_evaluation_cohorts,0.17429121940945075
TFIDF_prefix,isotonic_probability,same_period,ROC_AUC,0.9809951168454597,0.00010180243833987729,0.9810121102739271,0.98051840252518963,0.98117801139326422,0.98074401133615241,0.98113651450202832,200,calibration_resampling_fixed_trained_models_threshold_and_evaluation_cohorts,0.98104501182738113
TFIDF_prefix,isotonic_probability,same_period,deployed_per_format_FPR_0.001,0.00056072264971562401,0.00018475130266068705,0.00060220809635329537,0,0.0008029441284710606,0.00026764804282368687,0.0008029441284710606,200,calibration_resampling_fixed_trained_models_threshold_and_evaluation_cohorts,0.00060220809635329537
TFIDF_prefix,isotonic_probability,same_period,deployed_per_format_FPR_0.005,0.0056704583472733357,0.00071388913283054159,0.0053529608564737369,0.0026764804282368685,0.0068919371027099368,0.0046085647373703582,0.0068250250920040148,200,calibration_resampling_fixed_trained_models_threshold_and_evaluation_cohorts,0.0063566410170625628
TFIDF_prefix,isotonic_probability,same_period,deployed_per_format_FPR_0.01,0.0099464703914352633,0.001077520490338293,0.0101706256273001,0.0076279692204750749,0.011843425894948143,0.0076279692204750749,0.011575777852124457,200,calibration_resampling_fixed_trained_models_threshold_and_evaluation_cohorts,0.010103713616594179
TFIDF_prefix,isotonic_probability,same_period,deployed_per_format_FPR_0.05,0.047057878889260628,0.0016320857622443546,0.047507527601204413,0.041017062562730008,0.04911341585814654,0.043919371027099363,0.048912679826028774,200,calibration_resampling_fixed_trained_models_threshold_and_evaluation_cohorts,0.048845767815322849
TFIDF_prefix,isotonic_probability,same_period,deployed_per_format_TPR_0.001,0.30534307539023581,0.067079780509614342,0.31278644968449021,0,0.38950514779143142,0.19827299900365328,0.38870807040850214,200,calibration_resampling_fixed_trained_models_threshold_and_evaluation_cohorts,0.30733975423447357
TFIDF_prefix,isotonic_probability,same_period,deployed_per_format_TPR_0.005,0.63460445034872137,0.016129365933456135,0.62935901693789442,0.53065426768515445,0.65858518764530061,0.60100298904018601,0.65486549319163068,200,calibration_resampling_fixed_trained_models_threshold_and_evaluation_cohorts,0.64935237462636997
TFIDF_prefix,isotonic_probability,same_period,deployed_per_format_TPR_0.01,0.70745699103287951,0.020905616621281452,0.71099302557289934,0.66276984390567917,0.74327465958153438,0.66429757555629354,0.73810195948189972,200,calibration_resampling_fixed_trained_models_threshold_and_evaluation_cohorts,0.7119893723015609
TFIDF_prefix,isotonic_probability,same_period,deployed_per_format_TPR_0.05,0.91129259382265038,0.002474803293627802,0.91175689139820659,0.89950182663566924,0.91391564264364,0.9050664231152441,0.91391564264364,200,calibration_resampling_fixed_trained_models_threshold_and_evaluation_cohorts,0.91384921952839593
TFIDF_prefix,isotonic_probability,same_period,deployed_pooled_FPR_0.001,0.0001712947474071596,0.00016791967963935189,6.6912010705921717e-05,0,0.0004014720642355303,0,0.0004014720642355303,200,calibration_resampling_fixed_trained_models_threshold_and_evaluation_cohorts,0
TFIDF_prefix,isotonic_probability,same_period,deployed_pooled_FPR_0.005,0.0046289729006356636,0.0014500401301019454,0.0035463365674138509,0.0013382402141184342,0.0065573770491803279,0.0034125125460020074,0.0065573770491803279,200,calibration_resampling_fixed_trained_models_threshold_and_evaluation_cohorts,0.0065573770491803279
TFIDF_prefix,isotonic_probability,same_period,deployed_pooled_FPR_0.01,0.010049514887922382,0.0009144395703017022,0.0096353295416527259,0.0065573770491803279,0.012044161927065908,0.0095015055202408837,0.011913683506189363,200,calibration_resampling_fixed_trained_models_threshold_and_evaluation_cohorts,0.0096353295416527259
TFIDF_prefix,isotonic_probability,same_period,deployed_pooled_FPR_0.05,0.042517564402810307,0.0017557704728075642,0.04228839076614252,0.036667781866845099,0.048778855804616932,0.041017062562730008,0.047474071595851465,200,calibration_resampling_fixed_trained_models_threshold_and_evaluation_cohorts,0.04228839076614252
TFIDF_prefix,isotonic_probability,same_period,deployed_pooled_TPR_0.001,0.17867685154433743,0.097878997067790768,0.12653603454001994,0,0.31039521753570243,0.078312852872799738,0.31039521753570243,200,calibration_resampling_fixed_trained_models_threshold_and_evaluation_cohorts,0.078312852872799738
TFIDF_prefix,isotonic_probability,same_period,deployed_pooled_TPR_0.005,0.60621786781800069,0.036796528283629538,0.58053802723347725,0.45818664895383593,0.65280637661906349,0.57502490866821654,0.65280637661906349,200,calibration_resampling_fixed_trained_models_threshold_and_evaluation_cohorts,0.65280637661906349
TFIDF_prefix,isotonic_probability,same_period,deployed_pooled_TPR_0.01,0.72240119561607441,0.013178739786302103,0.71717037529060113,0.65280637661906349,0.74706077715044839,0.71471272002656927,0.74550647625373634,200,calibration_resampling_fixed_trained_models_threshold_and_evaluation_cohorts,0.71717037529060113
TFIDF_prefix,isotonic_probability,same_period,deployed_pooled_TPR_0.05,0.90254400531384915,0.0036164698173839112,0.90189305878445702,0.89020259050149453,0.91511125871803389,0.89950182663566924,0.91277980737296582,200,calibration_resampling_fixed_trained_models_threshold_and_evaluation_cohorts,0.90189305878445702
TFIDF_prefix,isotonic_probability,test,AP,0.9761738119392368,0.00033707230183864018,0.97619295113964166,0.97470991720699618,0.97696853426837849,0.97546165444040078,0.97670417864539738,200,calibration_resampling_fixed_trained_models_threshold_and_evaluation_cohorts,0.97662983421934002
TFIDF_prefix,isotonic_probability,test,Accuracy,0.92582283333333337,0.0021991079291329547,0.92583333333333329,0.91649999999999998,0.92956666666666665,0.92226666666666668,0.9288008333333333,200,calibration_resampling_fixed_trained_models_threshold_and_evaluation_cohorts,0.92566666666666664
TFIDF_prefix,isotonic_probability,test,Brier,0.054744860282563639,0.0003047715428279336,0.054730036772571738,0.054028798793673408,0.055618442460867071,0.054194463799666921,0.055428502939834465,200,calibration_resampling_fixed_trained_models_threshold_and_evaluation_cohorts,0.054575168943077478
TFIDF_prefix,isotonic_probability,test,ECE,0.019384520213306399,0.0016982590293155542,0.019343275815986133,0.015861347876829707,0.024462638491829437,0.016347051385212013,0.022912543719393792,200,calibration_resampling_fixed_trained_models_threshold_and_evaluation_cohorts,0.019136523654563864
TFIDF_prefix,isotonic_probability,test,F1,0.92456522374414229,0.0028222527417622106,0.9245737143631988,0.91300573016148634,0.9297214752846662,0.92003840351117816,0.92837751784696854,200,calibration_resampling_fixed_trained_models_threshold_and_evaluation_cohorts,0.92435549525101768
TFIDF_prefix,isotonic_probability,test,LogLoss,0.19011022505185043,0.004805088029506196,0.18844617745838063,0.18610588532792172,0.22657832605945022,0.18642143311203879,0.20229665197930524,200,calibration_resampling_fixed_trained_models_threshold_and_evaluation_cohorts,0.18723004474266852
TFIDF_prefix,isotonic_probability,test,ROC_AUC,0.97896513588977385,0.00010899248272312585,0.97898548317185063,0.97849134055961717,0.979170013303583,0.97868413512431507,0.97911671069156747,200,calibration_resampling_fixed_trained_models_threshold_and_evaluation_cohorts,0.97913222148282553
TFIDF_prefix,isotonic_probability,test,deployed_per_format_FPR_0.001,0.00084399062604620021,0.00027966960661694745,0.00087043856712420487,0,0.0013391362571141614,0.00040174087713424841,0.0012721794442584534,200,calibration_resampling_fixed_trained_models_threshold_and_evaluation_cohorts,0.00087043856712420487
TFIDF_prefix,isotonic_probability,test,deployed_per_format_FPR_0.005,0.0050585872112487449,0.00035466758282904417,0.0050217609641781055,0.0029460997656511551,0.0058252427184466021,0.0042115835286240374,0.0055590893873451626,200,calibration_resampling_fixed_trained_models_threshold_and_evaluation_cohorts,0.0053565450284566458
TFIDF_prefix,isotonic_probability,test,deployed_per_format_FPR_0.01,0.008150987612989621,0.0010442923994351677,0.0081687311683963839,0.0058921995313023102,0.0098426514897890869,0.0059591563441580182,0.0097773685972547698,200,calibration_resampling_fixed_trained_models_threshold_and_evaluation_cohorts,0.0083696016069635081
TFIDF_prefix,isotonic_probability,test,deployed_per_format_FPR_0.05,0.045082022095748242,0.0018253759399599911,0.045396719116170069,0.038232340140609306,0.047539337127552726,0.042241379310344829,0.047204553063274188,200,calibration_resampling_fixed_trained_models_threshold_and_evaluation_cohorts,0.047137596250418481
TFIDF_prefix,isotonic_probability,test,deployed_per_format_TPR_0.001,0.25867374709591767,0.061628472551947366,0.26611350813143048,0,0.33634251576501828,0.15944241619648192,0.33607699966810489,200,calibration_resampling_fixed_trained_models_threshold_and_evaluation_cohorts,0.25018254231662795
TFIDF_prefix,isotonic_probability,test,deployed_per_format_TPR_0.005,0.57166644540325262,0.015629950196751372,0.56840358446730832,0.47268503153003649,0.59541984732824427,0.54304845668768664,0.59106206438765352,200,calibration_resampling_fixed_trained_models_threshold_and_evaluation_cohorts,0.58559575174244938
TFIDF_prefix,isotonic_probability,test,deployed_per_format_TPR_0.01,0.65106339196813812,0.022736549124797764,0.65409890474610022,0.60013275804845667,0.68835048124792564,0.60252240292067705,0.68465151012280123,200,calibration_resampling_fixed_trained_models_threshold_and_evaluation_cohorts,0.65675406571523398
TFIDF_prefix,isotonic_probability,test,deployed_per_format_TPR_0.05,0.88783604381015591,0.0039939043378424315,0.88908065051443741,0.8699634915366744,0.89186856953202787,0.87600730169266516,0.89180384998340523,200,calibration_resampling_fixed_trained_models_threshold_and_evaluation_cohorts,0.89173581148357117
TFIDF_prefix,isotonic_probability,test,deployed_pooled_FPR_0.001,0.00032541011047874122,0.00036704704481373721,0,0,0.00087043856712420487,0,0.00087043856712420487,200,calibration_resampling_fixed_trained_models_threshold_and_evaluation_cohorts,0
TFIDF_prefix,isotonic_probability,test,deployed_pooled_FPR_0.005,0.0043163709407432202,0.00069232613309064489,0.0038165383327753597,0.0017408771342484097,0.0052226314027452297,0.0037495815199196517,0.0052226314027452297,200,calibration_resampling_fixed_trained_models_threshold_and_evaluation_cohorts,0.0052226314027452297
TFIDF_prefix,isotonic_probability,test,deployed_pooled_FPR_0.01,0.0089765651155005021,0.00089170177096112063,0.0086374288583863403,0.0052226314027452297,0.010713090056913292,0.0083026447941078,0.010517241379310347,200,calibration_resampling_fixed_trained_models_threshold_and_evaluation_cohorts,0.0086374288583863403
TFIDF_prefix,isotonic_probability,test,deployed_pooled_FPR_0.05,0.039699698694342145,0.0018030832484899337,0.039303649146300634,0.035286240374958151,0.045731503180448607,0.038232340140609306,0.045078674255105464,200,calibration_resampling_fixed_trained_models_threshold_and_evaluation_cohorts,0.039303649146300634
TFIDF_prefix,isotonic_probability,test,deployed_pooled_TPR_0.001,0.16567341520079654,0.084030351325886099,0.1235313640889479,0,0.27806173249253235,0.079123796880185865,0.27806173249253235,200,calibration_resampling_fixed_trained_models_threshold_and_evaluation_cohorts,0.079123796880185865
TFIDF_prefix,isotonic_probability,test,deployed_pooled_TPR_0.005,0.53752439429140386,0.037049307843022891,0.51271158313972787,0.40292067706604712,0.58499834052439426,0.50408230999004311,0.58499834052439426,200,calibration_resampling_fixed_trained_models_threshold_and_evaluation_cohorts,0.58499834052439426
TFIDF_prefix,isotonic_probability,test,deployed_pooled_TPR_0.01,0.66138433455028212,0.01467168711690091,0.65589113840026547,0.58499834052439426,0.68821772319946894,0.6526385662130767,0.68724692997012948,200,calibration_resampling_fixed_trained_models_threshold_and_evaluation_cohorts,0.65589113840026547
TFIDF_prefix,isotonic_probability,test,deployed_pooled_TPR_0.05,0.87420511118486555,0.0048259874257496945,0.87354795884500502,0.85874543644208434,0.89054098904746104,0.8699634915366744,0.88827580484566881,200,calibration_resampling_fixed_trained_models_threshold_and_evaluation_cohorts,0.87354795884500502
TFIDF_prefix,isotonic_tiebreak,same_period,AP,0.98201817346443177,0,0.98201817346443177,0.98201817346443177,0.98201817346443177,0.98201817346443177,0.98201817346443177,200,calibration_resampling_fixed_trained_models_threshold_and_evaluation_cohorts,0.98201817346443177
TFIDF_prefix,isotonic_tiebreak,same_period,Accuracy,0.93366983333333342,0.00050339547798774098,0.9337333333333333,0.92956666666666665,0.93413333333333337,0.93309666666666669,0.93403333333333338,200,calibration_resampling_fixed_trained_models_threshold_and_evaluation_cohorts,0.93400000000000005
TFIDF_prefix,isotonic_tiebreak,same_period,Brier,0.05027007084795989,0.00012207478902517566,0.050264065858648538,0.050013678090461949,0.050739582672696799,0.050064750277530351,0.050574915168323561,200,calibration_resampling_fixed_trained_models_threshold_and_evaluation_cohorts,0.050133272694904675
TFIDF_prefix,isotonic_tiebreak,same_period,ECE,0.0087610339273739065,0.0016151841799051595,0.0087630574036129671,0.004327700275972437,0.012705243489748509,0.0059481859716659603,0.011934898314022478,200,calibration_resampling_fixed_trained_models_threshold_and_evaluation_cohorts,0.0084275680969159474
TFIDF_prefix,isotonic_tiebreak,same_period,F1,0.93334052911336007,0.00074926846351728725,0.9336014748457242,0.9277680921614877,0.93409324364624413,0.93214720606142609,0.93394848369611483,200,calibration_resampling_fixed_trained_models_threshold_and_evaluation_cohorts,0.9336016096579477
TFIDF_prefix,isotonic_tiebreak,same_period,LogLoss,0.17703425560693201,0.0034992197024259603,0.1760719398431263,0.17401092828922168,0.20505528565796624,0.17418247354155067,0.18626833484268748,200,calibration_resampling_fixed_trained_models_threshold_and_evaluation_cohorts,0.17429121940945075
TFIDF_prefix,isotonic_tiebreak,same_period,ROC_AUC,0.98133247791442524,0,0.98133247791442524,0.98133247791442524,0.98133247791442524,0.98133247791442524,0.98133247791442524,200,calibration_resampling_fixed_trained_models_threshold_and_evaluation_cohorts,0.98133247791442524
TFIDF_prefix,isotonic_tiebreak,same_period,deployed_per_format_FPR_0.001,0.00086985613917698224,0,0.00086985613917698224,0.00086985613917698224,0.00086985613917698224,0.00086985613917698224,0.00086985613917698224,200,calibration_resampling_fixed_trained_models_threshold_and_evaluation_cohorts,0.00086985613917698224
TFIDF_prefix,isotonic_tiebreak,same_period,deployed_per_format_FPR_0.005,0.0068919371027099359,0,0.0068919371027099368,0.0068919371027099368,0.0068919371027099368,0.0068919371027099368,0.0068919371027099368,200,calibration_resampling_fixed_trained_models_threshold_and_evaluation_cohorts,0.0068919371027099368
TFIDF_prefix,isotonic_tiebreak,same_period,deployed_per_format_FPR_0.01,0.012244897959183675,0,0.012244897959183673,0.012244897959183673,0.012244897959183673,0.012244897959183673,0.012244897959183673,200,calibration_resampling_fixed_trained_models_threshold_and_evaluation_cohorts,0.012244897959183673
TFIDF_prefix,isotonic_tiebreak,same_period,deployed_per_format_FPR_0.05,0.049180327868852458,0,0.049180327868852458,0.049180327868852458,0.049180327868852458,0.049180327868852458,0.049180327868852458,200,calibration_resampling_fixed_trained_models_threshold_and_evaluation_cohorts,0.049180327868852458
TFIDF_prefix,isotonic_tiebreak,same_period,deployed_per_format_TPR_0.001,0.4149452009299236,0,0.4149452009299236,0.4149452009299236,0.4149452009299236,0.4149452009299236,0.4149452009299236,200,calibration_resampling_fixed_trained_models_threshold_and_evaluation_cohorts,0.4149452009299236
TFIDF_prefix,isotonic_tiebreak,same_period,deployed_per_format_TPR_0.005,0.65885088010627701,0,0.65885088010627701,0.65885088010627701,0.65885088010627701,0.65885088010627701,0.65885088010627701,200,calibration_resampling_fixed_trained_models_threshold_and_evaluation_cohorts,0.65885088010627701
TFIDF_prefix,isotonic_tiebreak,same_period,deployed_per_format_TPR_0.01,0.75171039521753569,0,0.75171039521753569,0.75171039521753569,0.75171039521753569,0.75171039521753569,0.75171039521753569,200,calibration_resampling_fixed_trained_models_threshold_and_evaluation_cohorts,0.75171039521753569
TFIDF_prefix,isotonic_tiebreak,same_period,deployed_per_format_TPR_0.05,0.91464629691132515,0,0.91464629691132515,0.91464629691132515,0.91464629691132515,0.91464629691132515,0.91464629691132515,200,calibration_resampling_fixed_trained_models_threshold_and_evaluation_cohorts,0.91464629691132515
TFIDF_prefix,isotonic_tiebreak,same_period,deployed_pooled_FPR_0.001,0.0010705921712947475,0,0.0010705921712947475,0.0010705921712947475,0.0010705921712947475,0.0010705921712947475,0.0010705921712947475,200,calibration_resampling_fixed_trained_models_threshold_and_evaluation_cohorts,0.0010705921712947475
TFIDF_prefix,isotonic_tiebreak,same_period,deployed_pooled_FPR_0.005,0.006557377049180327,0,0.0065573770491803279,0.0065573770491803279,0.0065573770491803279,0.0065573770491803279,0.0065573770491803279,200,calibration_resampling_fixed_trained_models_threshold_and_evaluation_cohorts,0.0065573770491803279
TFIDF_prefix,isotonic_tiebreak,same_period,deployed_pooled_FPR_0.01,0.012044161927065908,0,0.012044161927065908,0.012044161927065908,0.012044161927065908,0.012044161927065908,0.012044161927065908,200,calibration_resampling_fixed_trained_models_threshold_and_evaluation_cohorts,0.012044161927065908
TFIDF_prefix,isotonic_tiebreak,same_period,deployed_pooled_FPR_0.05,0.048778855804616932,0,0.048778855804616932,0.048778855804616932,0.048778855804616932,0.048778855804616932,0.048778855804616932,200,calibration_resampling_fixed_trained_models_threshold_and_evaluation_cohorts,0.048778855804616932
TFIDF_prefix,isotonic_tiebreak,same_period,deployed_pooled_TPR_0.001,0.40139488542012619,0,0.40139488542012619,0.40139488542012619,0.40139488542012619,0.40139488542012619,0.40139488542012619,200,calibration_resampling_fixed_trained_models_threshold_and_evaluation_cohorts,0.40139488542012619
TFIDF_prefix,isotonic_tiebreak,same_period,deployed_pooled_TPR_0.005,0.65327133842577212,0,0.65327133842577212,0.65327133842577212,0.65327133842577212,0.65327133842577212,0.65327133842577212,200,calibration_resampling_fixed_trained_models_threshold_and_evaluation_cohorts,0.65327133842577212
TFIDF_prefix,isotonic_tiebreak,same_period,deployed_pooled_TPR_0.01,0.74706077715044839,0,0.74706077715044839,0.74706077715044839,0.74706077715044839,0.74706077715044839,0.74706077715044839,200,calibration_resampling_fixed_trained_models_threshold_and_evaluation_cohorts,0.74706077715044839
TFIDF_prefix,isotonic_tiebreak,same_period,deployed_pooled_TPR_0.05,0.91511125871803389,0,0.91511125871803389,0.91511125871803389,0.91511125871803389,0.91511125871803389,0.91511125871803389,200,calibration_resampling_fixed_trained_models_threshold_and_evaluation_cohorts,0.91511125871803389
TFIDF_prefix,isotonic_tiebreak,test,AP,0.97896199820319074,0,0.97896199820319074,0.97896199820319074,0.97896199820319074,0.97896199820319074,0.97896199820319074,200,calibration_resampling_fixed_trained_models_threshold_and_evaluation_cohorts,0.97896199820319074
TFIDF_prefix,isotonic_tiebreak,test,Accuracy,0.92582283333333337,0.0021991079291329547,0.92583333333333329,0.91649999999999998,0.92956666666666665,0.92226666666666668,0.9288008333333333,200,calibration_resampling_fixed_trained_models_threshold_and_evaluation_cohorts,0.92566666666666664
TFIDF_prefix,isotonic_tiebreak,test,Brier,0.054744860282563639,0.0003047715428279336,0.054730036772571738,0.054028798793673408,0.055618442460867071,0.054194463799666921,0.055428502939834465,200,calibration_resampling_fixed_trained_models_threshold_and_evaluation_cohorts,0.054575168943077478
TFIDF_prefix,isotonic_tiebreak,test,ECE,0.019384520213306399,0.0016982590293155542,0.019343275815986133,0.015861347876829707,0.024462638491829437,0.016347051385212013,0.022912543719393792,200,calibration_resampling_fixed_trained_models_threshold_and_evaluation_cohorts,0.019136523654563864
TFIDF_prefix,isotonic_tiebreak,test,F1,0.92456522374414229,0.0028222527417622106,0.9245737143631988,0.91300573016148634,0.9297214752846662,0.92003840351117816,0.92837751784696854,200,calibration_resampling_fixed_trained_models_threshold_and_evaluation_cohorts,0.92435549525101768
TFIDF_prefix,isotonic_tiebreak,test,LogLoss,0.19011022505185043,0.004805088029506196,0.18844617745838063,0.18610588532792172,0.22657832605945022,0.18642143311203879,0.20229665197930524,200,calibration_resampling_fixed_trained_models_threshold_and_evaluation_cohorts,0.18723004474266852
TFIDF_prefix,isotonic_tiebreak,test,ROC_AUC,0.97930571585177528,0,0.97930571585177528,0.97930571585177528,0.97930571585177528,0.97930571585177528,0.97930571585177528,200,calibration_resampling_fixed_trained_models_threshold_and_evaluation_cohorts,0.97930571585177528
TFIDF_prefix,isotonic_tiebreak,test,deployed_per_format_FPR_0.001,0.0015400066956812856,0,0.0015400066956812856,0.0015400066956812856,0.0015400066956812856,0.0015400066956812856,0.0015400066956812856,200,calibration_resampling_fixed_trained_models_threshold_and_evaluation_cohorts,0.0015400066956812856
TFIDF_prefix,isotonic_tiebreak,test,deployed_per_format_FPR_0.005,0.0058921995313023102,0,0.0058921995313023102,0.0058921995313023102,0.0058921995313023102,0.0058921995313023102,0.0058921995313023102,200,calibration_resampling_fixed_trained_models_threshold_and_evaluation_cohorts,0.0058921995313023102
TFIDF_prefix,isotonic_tiebreak,test,deployed_per_format_FPR_0.01,0.010512219618346167,0,0.010512219618346167,0.010512219618346167,0.010512219618346167,0.010512219618346167,0.010512219618346167,200,calibration_resampling_fixed_trained_models_threshold_and_evaluation_cohorts,0.010512219618346167
TFIDF_prefix,isotonic_tiebreak,test,deployed_per_format_FPR_0.05,0.047807164378975558,0,0.047807164378975558,0.047807164378975558,0.047807164378975558,0.047807164378975558,0.047807164378975558,200,calibration_resampling_fixed_trained_models_threshold_and_evaluation_cohorts,0.047807164378975558
TFIDF_prefix,isotonic_tiebreak,test,deployed_per_format_TPR_0.001,0.35778294059077331,0,0.35778294059077331,0.35778294059077331,0.35778294059077331,0.35778294059077331,0.35778294059077331,200,calibration_resampling_fixed_trained_models_threshold_and_evaluation_cohorts,0.35778294059077331
TFIDF_prefix,isotonic_tiebreak,test,deployed_per_format_TPR_0.005,0.59561898440092931,0,0.59561898440092931,0.59561898440092931,0.59561898440092931,0.59561898440092931,0.59561898440092931,200,calibration_resampling_fixed_trained_models_threshold_and_evaluation_cohorts,0.59561898440092931
TFIDF_prefix,isotonic_tiebreak,test,deployed_per_format_TPR_0.01,0.69943577829405912,0,0.69943577829405912,0.69943577829405912,0.69943577829405912,0.69943577829405912,0.69943577829405912,200,calibration_resampling_fixed_trained_models_threshold_and_evaluation_cohorts,0.69943577829405912
TFIDF_prefix,isotonic_tiebreak,test,deployed_per_format_TPR_0.05,0.89259873879853968,0,0.89259873879853968,0.89259873879853968,0.89259873879853968,0.89259873879853968,0.89259873879853968,200,calibration_resampling_fixed_trained_models_threshold_and_evaluation_cohorts,0.89259873879853968
TFIDF_prefix,isotonic_tiebreak,test,deployed_pooled_FPR_0.001,0.0014730498828255775,0,0.0014730498828255775,0.0014730498828255775,0.0014730498828255775,0.0014730498828255775,0.0014730498828255775,200,calibration_resampling_fixed_trained_models_threshold_and_evaluation_cohorts,0.0014730498828255775
TFIDF_prefix,isotonic_tiebreak,test,deployed_pooled_FPR_0.005,0.0052226314027452288,0,0.0052226314027452297,0.0052226314027452297,0.0052226314027452297,0.0052226314027452297,0.0052226314027452297,200,calibration_resampling_fixed_trained_models_threshold_and_evaluation_cohorts,0.0052226314027452297
TFIDF_prefix,isotonic_tiebreak,test,deployed_pooled_FPR_0.01,0.010713090056913293,0,0.010713090056913292,0.010713090056913292,0.010713090056913292,0.010713090056913292,0.010713090056913292,200,calibration_resampling_fixed_trained_models_threshold_and_evaluation_cohorts,0.010713090056913292
TFIDF_prefix,isotonic_tiebreak,test,deployed_pooled_FPR_0.05,0.045731503180448607,0,0.045731503180448607,0.045731503180448607,0.045731503180448607,0.045731503180448607,0.045731503180448607,200,calibration_resampling_fixed_trained_models_threshold_and_evaluation_cohorts,0.045731503180448607
TFIDF_prefix,isotonic_tiebreak,test,deployed_pooled_TPR_0.001,0.35532691669432459,0,0.35532691669432459,0.35532691669432459,0.35532691669432459,0.35532691669432459,0.35532691669432459,200,calibration_resampling_fixed_trained_models_threshold_and_evaluation_cohorts,0.35532691669432459
TFIDF_prefix,isotonic_tiebreak,test,deployed_pooled_TPR_0.005,0.58566213076667772,0,0.58566213076667772,0.58566213076667772,0.58566213076667772,0.58566213076667772,0.58566213076667772,200,calibration_resampling_fixed_trained_models_threshold_and_evaluation_cohorts,0.58566213076667772
TFIDF_prefix,isotonic_tiebreak,test,deployed_pooled_TPR_0.01,0.68821772319946883,0,0.68821772319946894,0.68821772319946894,0.68821772319946894,0.68821772319946894,0.68821772319946894,200,calibration_resampling_fixed_trained_models_threshold_and_evaluation_cohorts,0.68821772319946894
TFIDF_prefix,isotonic_tiebreak,test,deployed_pooled_TPR_0.05,0.89054098904746093,0,0.89054098904746104,0.89054098904746104,0.89054098904746104,0.89054098904746104,0.89054098904746104,200,calibration_resampling_fixed_trained_models_threshold_and_evaluation_cohorts,0.89054098904746104
TFIDF_prefix,temperature,same_period,AP,0.98201817346443177,0,0.98201817346443177,0.98201817346443177,0.98201817346443177,0.98201817346443177,0.98201817346443177,200,calibration_resampling_fixed_trained_models_threshold_and_evaluation_cohorts,0.98201817346443177
TFIDF_prefix,temperature,same_period,Accuracy,0.93359999999999999,0,0.93359999999999999,0.93359999999999999,0.93359999999999999,0.93359999999999999,0.93359999999999999,200,calibration_resampling_fixed_trained_models_threshold_and_evaluation_cohorts,0.93359999999999999
TFIDF_prefix,temperature,same_period,Brier,0.049934124096297855,4.1681262263818962e-05,0.049924745693916681,0.049864060545935535,0.050124350302880052,0.049871761352283488,0.050029974285111911,200,calibration_resampling_fixed_trained_models_threshold_and_evaluation_cohorts,0.049929303654561476
TFIDF_prefix,temperature,same_period,ECE,0.0068900116549317422,0.0010032477291451777,0.0067354951094651862,0.0052356085778624533,0.011644665858708013,0.0055617247512731484,0.0092690984034385394,200,calibration_resampling_fixed_trained_models_threshold_and_evaluation_cohorts,0.0068571853335612047
TFIDF_prefix,temperature,same_period,F1,0.93379420366923693,0,0.93379420366923693,0.93379420366923693,0.93379420366923693,0.93379420366923693,0.93379420366923693,200,calibration_resampling_fixed_trained_models_threshold_and_evaluation_cohorts,0.93379420366923693
TFIDF_prefix,temperature,same_period,LogLoss,0.17333074991033606,0.00016689663077784406,0.17326992947747261,0.17318155798505819,0.17428359694030507,0.17318265320266257,0.17375621682363324,200,calibration_resampling_fixed_trained_models_threshold_and_evaluation_cohorts,0.1732833917821883
TFIDF_prefix,temperature,same_period,ROC_AUC,0.98133247791442524,0,0.98133247791442524,0.98133247791442524,0.98133247791442524,0.98133247791442524,0.98133247791442524,200,calibration_resampling_fixed_trained_models_threshold_and_evaluation_cohorts,0.98133247791442524
TFIDF_prefix,temperature,same_period,deployed_per_format_FPR_0.001,0.00086985613917698224,0,0.00086985613917698224,0.00086985613917698224,0.00086985613917698224,0.00086985613917698224,0.00086985613917698224,200,calibration_resampling_fixed_trained_models_threshold_and_evaluation_cohorts,0.00086985613917698224
TFIDF_prefix,temperature,same_period,deployed_per_format_FPR_0.005,0.0068919371027099359,0,0.0068919371027099368,0.0068919371027099368,0.0068919371027099368,0.0068919371027099368,0.0068919371027099368,200,calibration_resampling_fixed_trained_models_threshold_and_evaluation_cohorts,0.0068919371027099368
TFIDF_prefix,temperature,same_period,deployed_per_format_FPR_0.01,0.012244897959183675,0,0.012244897959183673,0.012244897959183673,0.012244897959183673,0.012244897959183673,0.012244897959183673,200,calibration_resampling_fixed_trained_models_threshold_and_evaluation_cohorts,0.012244897959183673
TFIDF_prefix,temperature,same_period,deployed_per_format_FPR_0.05,0.049180327868852458,0,0.049180327868852458,0.049180327868852458,0.049180327868852458,0.049180327868852458,0.049180327868852458,200,calibration_resampling_fixed_trained_models_threshold_and_evaluation_cohorts,0.049180327868852458
TFIDF_prefix,temperature,same_period,deployed_per_format_TPR_0.001,0.4149452009299236,0,0.4149452009299236,0.4149452009299236,0.4149452009299236,0.4149452009299236,0.4149452009299236,200,calibration_resampling_fixed_trained_models_threshold_and_evaluation_cohorts,0.4149452009299236
TFIDF_prefix,temperature,same_period,deployed_per_format_TPR_0.005,0.65885088010627701,0,0.65885088010627701,0.65885088010627701,0.65885088010627701,0.65885088010627701,0.65885088010627701,200,calibration_resampling_fixed_trained_models_threshold_and_evaluation_cohorts,0.65885088010627701
TFIDF_prefix,temperature,same_period,deployed_per_format_TPR_0.01,0.75171039521753569,0,0.75171039521753569,0.75171039521753569,0.75171039521753569,0.75171039521753569,0.75171039521753569,200,calibration_resampling_fixed_trained_models_threshold_and_evaluation_cohorts,0.75171039521753569
TFIDF_prefix,temperature,same_period,deployed_per_format_TPR_0.05,0.91464629691132515,0,0.91464629691132515,0.91464629691132515,0.91464629691132515,0.91464629691132515,0.91464629691132515,200,calibration_resampling_fixed_trained_models_threshold_and_evaluation_cohorts,0.91464629691132515
TFIDF_prefix,temperature,same_period,deployed_pooled_FPR_0.001,0.0010705921712947475,0,0.0010705921712947475,0.0010705921712947475,0.0010705921712947475,0.0010705921712947475,0.0010705921712947475,200,calibration_resampling_fixed_trained_models_threshold_and_evaluation_cohorts,0.0010705921712947475
TFIDF_prefix,temperature,same_period,deployed_pooled_FPR_0.005,0.006557377049180327,0,0.0065573770491803279,0.0065573770491803279,0.0065573770491803279,0.0065573770491803279,0.0065573770491803279,200,calibration_resampling_fixed_trained_models_threshold_and_evaluation_cohorts,0.0065573770491803279
TFIDF_prefix,temperature,same_period,deployed_pooled_FPR_0.01,0.012044161927065908,0,0.012044161927065908,0.012044161927065908,0.012044161927065908,0.012044161927065908,0.012044161927065908,200,calibration_resampling_fixed_trained_models_threshold_and_evaluation_cohorts,0.012044161927065908
TFIDF_prefix,temperature,same_period,deployed_pooled_FPR_0.05,0.048778855804616932,0,0.048778855804616932,0.048778855804616932,0.048778855804616932,0.048778855804616932,0.048778855804616932,200,calibration_resampling_fixed_trained_models_threshold_and_evaluation_cohorts,0.048778855804616932
TFIDF_prefix,temperature,same_period,deployed_pooled_TPR_0.001,0.40139488542012619,0,0.40139488542012619,0.40139488542012619,0.40139488542012619,0.40139488542012619,0.40139488542012619,200,calibration_resampling_fixed_trained_models_threshold_and_evaluation_cohorts,0.40139488542012619
TFIDF_prefix,temperature,same_period,deployed_pooled_TPR_0.005,0.65327133842577212,0,0.65327133842577212,0.65327133842577212,0.65327133842577212,0.65327133842577212,0.65327133842577212,200,calibration_resampling_fixed_trained_models_threshold_and_evaluation_cohorts,0.65327133842577212
TFIDF_prefix,temperature,same_period,deployed_pooled_TPR_0.01,0.74706077715044839,0,0.74706077715044839,0.74706077715044839,0.74706077715044839,0.74706077715044839,0.74706077715044839,200,calibration_resampling_fixed_trained_models_threshold_and_evaluation_cohorts,0.74706077715044839
TFIDF_prefix,temperature,same_period,deployed_pooled_TPR_0.05,0.91511125871803389,0,0.91511125871803389,0.91511125871803389,0.91511125871803389,0.91511125871803389,0.91511125871803389,200,calibration_resampling_fixed_trained_models_threshold_and_evaluation_cohorts,0.91511125871803389
TFIDF_prefix,temperature,test,AP,0.97896199820319074,0,0.97896199820319074,0.97896199820319074,0.97896199820319074,0.97896199820319074,0.97896199820319074,200,calibration_resampling_fixed_trained_models_threshold_and_evaluation_cohorts,0.97896199820319074
TFIDF_prefix,temperature,test,Accuracy,0.92826666666666668,0,0.92826666666666668,0.92826666666666668,0.92826666666666668,0.92826666666666668,0.92826666666666668,200,calibration_resampling_fixed_trained_models_threshold_and_evaluation_cohorts,0.92826666666666668
TFIDF_prefix,temperature,test,Brier,0.053937103731195216,2.4366836453335412e-05,0.053929123999772878,0.053911831211263112,0.054068869881547049,0.053912144925468974,0.053997604372461913,200,calibration_resampling_fixed_trained_models_threshold_and_evaluation_cohorts,0.053931590671594816
TFIDF_prefix,temperature,test,ECE,0.018075186877246265,0.0001355515239591693,0.018062456941274133,0.017767101578297573,0.018527737371730763,0.017824601525426736,0.018348319718868245,200,calibration_resampling_fixed_trained_models_threshold_and_evaluation_cohorts,0.018076058662685461
TFIDF_prefix,temperature,test,F1,0.92773673606447293,0,0.92773673606447282,0.92773673606447282,0.92773673606447282,0.92773673606447282,0.92773673606447282,200,calibration_resampling_fixed_trained_models_threshold_and_evaluation_cohorts,0.92773673606447282
TFIDF_prefix,temperature,test,LogLoss,0.18533802863832485,8.5885743518502024e-05,0.18530563892842955,0.18528126364071762,0.18577661202696041,0.18528135595338091,0.18562373191556197,200,calibration_resampling_fixed_trained_models_threshold_and_evaluation_cohorts,0.18528366474239125
TFIDF_prefix,temperature,test,ROC_AUC,0.97930571585177528,0,0.97930571585177528,0.97930571585177528,0.97930571585177528,0.97930571585177528,0.97930571585177528,200,calibration_resampling_fixed_trained_models_threshold_and_evaluation_cohorts,0.97930571585177528
TFIDF_prefix,temperature,test,deployed_per_format_FPR_0.001,0.0015400066956812856,0,0.0015400066956812856,0.0015400066956812856,0.0015400066956812856,0.0015400066956812856,0.0015400066956812856,200,calibration_resampling_fixed_trained_models_threshold_and_evaluation_cohorts,0.0015400066956812856
TFIDF_prefix,temperature,test,deployed_per_format_FPR_0.005,0.0058921995313023102,0,0.0058921995313023102,0.0058921995313023102,0.0058921995313023102,0.0058921995313023102,0.0058921995313023102,200,calibration_resampling_fixed_trained_models_threshold_and_evaluation_cohorts,0.0058921995313023102
TFIDF_prefix,temperature,test,deployed_per_format_FPR_0.01,0.010512219618346167,0,0.010512219618346167,0.010512219618346167,0.010512219618346167,0.010512219618346167,0.010512219618346167,200,calibration_resampling_fixed_trained_models_threshold_and_evaluation_cohorts,0.010512219618346167
TFIDF_prefix,temperature,test,deployed_per_format_FPR_0.05,0.047807164378975558,0,0.047807164378975558,0.047807164378975558,0.047807164378975558,0.047807164378975558,0.047807164378975558,200,calibration_resampling_fixed_trained_models_threshold_and_evaluation_cohorts,0.047807164378975558
TFIDF_prefix,temperature,test,deployed_per_format_TPR_0.001,0.35778294059077331,0,0.35778294059077331,0.35778294059077331,0.35778294059077331,0.35778294059077331,0.35778294059077331,200,calibration_resampling_fixed_trained_models_threshold_and_evaluation_cohorts,0.35778294059077331
TFIDF_prefix,temperature,test,deployed_per_format_TPR_0.005,0.59561898440092931,0,0.59561898440092931,0.59561898440092931,0.59561898440092931,0.59561898440092931,0.59561898440092931,200,calibration_resampling_fixed_trained_models_threshold_and_evaluation_cohorts,0.59561898440092931
TFIDF_prefix,temperature,test,deployed_per_format_TPR_0.01,0.69943577829405912,0,0.69943577829405912,0.69943577829405912,0.69943577829405912,0.69943577829405912,0.69943577829405912,200,calibration_resampling_fixed_trained_models_threshold_and_evaluation_cohorts,0.69943577829405912
TFIDF_prefix,temperature,test,deployed_per_format_TPR_0.05,0.89259873879853968,0,0.89259873879853968,0.89259873879853968,0.89259873879853968,0.89259873879853968,0.89259873879853968,200,calibration_resampling_fixed_trained_models_threshold_and_evaluation_cohorts,0.89259873879853968
TFIDF_prefix,temperature,test,deployed_pooled_FPR_0.001,0.0014730498828255775,0,0.0014730498828255775,0.0014730498828255775,0.0014730498828255775,0.0014730498828255775,0.0014730498828255775,200,calibration_resampling_fixed_trained_models_threshold_and_evaluation_cohorts,0.0014730498828255775
TFIDF_prefix,temperature,test,deployed_pooled_FPR_0.005,0.0052226314027452288,0,0.0052226314027452297,0.0052226314027452297,0.0052226314027452297,0.0052226314027452297,0.0052226314027452297,200,calibration_resampling_fixed_trained_models_threshold_and_evaluation_cohorts,0.0052226314027452297
TFIDF_prefix,temperature,test,deployed_pooled_FPR_0.01,0.010713090056913293,0,0.010713090056913292,0.010713090056913292,0.010713090056913292,0.010713090056913292,0.010713090056913292,200,calibration_resampling_fixed_trained_models_threshold_and_evaluation_cohorts,0.010713090056913292
TFIDF_prefix,temperature,test,deployed_pooled_FPR_0.05,0.045731503180448607,0,0.045731503180448607,0.045731503180448607,0.045731503180448607,0.045731503180448607,0.045731503180448607,200,calibration_resampling_fixed_trained_models_threshold_and_evaluation_cohorts,0.045731503180448607
TFIDF_prefix,temperature,test,deployed_pooled_TPR_0.001,0.35532691669432459,0,0.35532691669432459,0.35532691669432459,0.35532691669432459,0.35532691669432459,0.35532691669432459,200,calibration_resampling_fixed_trained_models_threshold_and_evaluation_cohorts,0.35532691669432459
TFIDF_prefix,temperature,test,deployed_pooled_TPR_0.005,0.58566213076667772,0,0.58566213076667772,0.58566213076667772,0.58566213076667772,0.58566213076667772,0.58566213076667772,200,calibration_resampling_fixed_trained_models_threshold_and_evaluation_cohorts,0.58566213076667772
TFIDF_prefix,temperature,test,deployed_pooled_TPR_0.01,0.68821772319946883,0,0.68821772319946894,0.68821772319946894,0.68821772319946894,0.68821772319946894,0.68821772319946894,200,calibration_resampling_fixed_trained_models_threshold_and_evaluation_cohorts,0.68821772319946894
TFIDF_prefix,temperature,test,deployed_pooled_TPR_0.05,0.89054098904746093,0,0.89054098904746104,0.89054098904746104,0.89054098904746104,0.89054098904746104,0.89054098904746104,200,calibration_resampling_fixed_trained_models_threshold_and_evaluation_cohorts,0.89054098904746104
