codebert,role,subset,label,target_fpr,policy,convention,n,both,codebert_only,lightgbm_only,neither,codebert_positive_rate,lightgbm_positive_rate
CodeBERT_partial_s2026,same_period,Pooled,0,0.001,pooled,oracle,14945,3,11,11,14920,0.00093676814988290398,0.00093676814988290398
CodeBERT_partial_s2026,same_period,Pooled,1,0.001,pooled,oracle,15055,6051,199,5393,3412,0.41514447027565593,0.76014613085353699
CodeBERT_partial_s2026,same_period,Win32,0,0.001,pooled,oracle,4969,1,4,3,4961,0.001006238679814852,0.00080499094385188164
CodeBERT_partial_s2026,same_period,Win32,1,0.001,pooled,oracle,5031,1922,59,1755,1295,0.39375869608427749,0.73086861458954477
CodeBERT_partial_s2026,same_period,Win64,0,0.001,pooled,oracle,4977,1,5,5,4966,0.0012055455093429777,0.0012055455093429777
CodeBERT_partial_s2026,same_period,Win64,1,0.001,pooled,oracle,5023,2567,60,1555,841,0.52299422655783401,0.82062512442763291
CodeBERT_partial_s2026,same_period,Dot_Net,0,0.001,pooled,oracle,4999,1,2,3,4993,0.00060012002400480096,0.00080016003200640128
CodeBERT_partial_s2026,same_period,Dot_Net,1,0.001,pooled,oracle,5001,1562,80,2083,1276,0.32833433313337335,0.7288542291541692
CodeBERT_partial_s2026,same_period,Pooled,0,0.001,pooled,deployment,14945,5,18,16,14906,0.0015389762462361995,0.001405152224824356
CodeBERT_partial_s2026,same_period,Pooled,1,0.001,pooled,deployment,15055,6806,183,5221,2845,0.46423115244104951,0.79887080704085023
CodeBERT_partial_s2026,same_period,Win32,0,0.001,pooled,deployment,4969,1,7,7,4954,0.0016099818877037633,0.0016099818877037633
CodeBERT_partial_s2026,same_period,Win32,1,0.001,pooled,deployment,5031,2126,56,1728,1121,0.43371099185052675,0.76605048698071954
CodeBERT_partial_s2026,same_period,Win64,0,0.001,pooled,deployment,4977,3,8,6,4960,0.0022101667671287923,0.0018083182640144665
CodeBERT_partial_s2026,same_period,Win64,1,0.001,pooled,deployment,5023,2819,50,1438,716,0.57117260601234321,0.84750149313159462
CodeBERT_partial_s2026,same_period,Dot_Net,0,0.001,pooled,deployment,4999,1,3,3,4992,0.00080016003200640128,0.00080016003200640128
CodeBERT_partial_s2026,same_period,Dot_Net,1,0.001,pooled,deployment,5001,1861,77,2055,1008,0.38752249550089984,0.78304339132173562
CodeBERT_partial_s2026,same_period,Pooled,0,0.001,per_format,oracle,14945,2,10,10,14923,0.0008029441284710606,0.0008029441284710606
CodeBERT_partial_s2026,same_period,Pooled,1,0.001,per_format,oracle,15055,5591,152,6238,3074,0.38146795084689472,0.78571903022251743
CodeBERT_partial_s2026,same_period,Win32,0,0.001,per_format,oracle,4969,1,3,3,4962,0.00080499094385188164,0.00080499094385188164
CodeBERT_partial_s2026,same_period,Win32,1,0.001,per_format,oracle,5031,1899,57,1778,1297,0.38878950506857485,0.73086861458954477
CodeBERT_partial_s2026,same_period,Win64,0,0.001,per_format,oracle,4977,0,4,4,4969,0.00080369700622865184,0.00080369700622865184
CodeBERT_partial_s2026,same_period,Win64,1,0.001,per_format,oracle,5023,1808,40,2266,909,0.3679076249253434,0.81106908222177976
CodeBERT_partial_s2026,same_period,Dot_Net,0,0.001,per_format,oracle,4999,1,3,3,4992,0.00080016003200640128,0.00080016003200640128
CodeBERT_partial_s2026,same_period,Dot_Net,1,0.001,per_format,oracle,5001,1884,55,2194,868,0.38772245550889822,0.81543691261747653
CodeBERT_partial_s2026,same_period,Pooled,0,0.001,per_format,deployment,14945,4,14,18,14909,0.0012044161927065907,0.0014720642355302777
CodeBERT_partial_s2026,same_period,Pooled,1,0.001,per_format,deployment,15055,6775,201,5386,2693,0.4633676519428761,0.80777150448356028
CodeBERT_partial_s2026,same_period,Win32,0,0.001,per_format,deployment,4969,1,5,8,4955,0.0012074864157778226,0.0018112296236667338
CodeBERT_partial_s2026,same_period,Win32,1,0.001,per_format,deployment,5031,2033,41,1976,981,0.4122440866626913,0.79685947127807588
CodeBERT_partial_s2026,same_period,Win64,0,0.001,per_format,deployment,4977,2,4,7,4964,0.0012055455093429777,0.0018083182640144665
CodeBERT_partial_s2026,same_period,Win64,1,0.001,per_format,deployment,5023,2411,35,1834,743,0.48695998407326296,0.84511248258013139
CodeBERT_partial_s2026,same_period,Dot_Net,0,0.001,per_format,deployment,4999,1,5,3,4990,0.0012002400480096019,0.00080016003200640128
CodeBERT_partial_s2026,same_period,Dot_Net,1,0.001,per_format,deployment,5001,2331,125,1576,969,0.4911017796440712,0.7812437512497501
CodeBERT_partial_s2026,same_period,Pooled,0,0.0050000000000000001,pooled,oracle,14945,9,65,65,14806,0.0049514887922382069,0.0049514887922382069
CodeBERT_partial_s2026,same_period,Pooled,1,0.0050000000000000001,pooled,oracle,15055,9992,133,3740,1190,0.67253404184656262,0.91212221853204911
CodeBERT_partial_s2026,same_period,Win32,0,0.0050000000000000001,pooled,oracle,4969,3,28,23,4915,0.006238679814852083,0.0052324411350372305
CodeBERT_partial_s2026,same_period,Win32,1,0.0050000000000000001,pooled,oracle,5031,3216,41,1218,556,0.64738620552574044,0.88133571854502091
CodeBERT_partial_s2026,same_period,Win64,0,0.0050000000000000001,pooled,oracle,4977,4,27,13,4933,0.0062286517982720517,0.00341571227647177
CodeBERT_partial_s2026,same_period,Win64,1,0.0050000000000000001,pooled,oracle,5023,3676,62,976,309,0.74417678678080823,0.9261397571172606
CodeBERT_partial_s2026,same_period,Dot_Net,0,0.0050000000000000001,pooled,oracle,4999,2,10,29,4958,0.0024004800960192038,0.0062012402480496097
CodeBERT_partial_s2026,same_period,Dot_Net,1,0.0050000000000000001,pooled,oracle,5001,3100,30,1546,325,0.62587482503499303,0.92901419716056788
CodeBERT_partial_s2026,same_period,Pooled,0,0.0050000000000000001,pooled,deployment,14945,10,68,70,14797,0.0052191368350618939,0.0053529608564737369
CodeBERT_partial_s2026,same_period,Pooled,1,0.0050000000000000001,pooled,deployment,15055,10040,129,3725,1161,0.67545665891730322,0.91431418133510467
CodeBERT_partial_s2026,same_period,Win32,0,0.0050000000000000001,pooled,deployment,4969,3,28,26,4912,0.006238679814852083,0.0058361843429261418
CodeBERT_partial_s2026,same_period,Win32,1,0.0050000000000000001,pooled,deployment,5031,3226,40,1219,546,0.64917511429139341,0.88352216259193006
CodeBERT_partial_s2026,same_period,Win64,0,0.0050000000000000001,pooled,deployment,4977,5,29,13,4930,0.0068314245529435399,0.003616636528028933
CodeBERT_partial_s2026,same_period,Win64,1,0.0050000000000000001,pooled,deployment,5023,3698,61,963,301,0.748357555245869,0.92793151503085802
CodeBERT_partial_s2026,same_period,Dot_Net,0,0.0050000000000000001,pooled,deployment,4999,2,11,31,4955,0.002600520104020804,0.0066013202640528108
CodeBERT_partial_s2026,same_period,Dot_Net,1,0.0050000000000000001,pooled,deployment,5001,3116,28,1543,314,0.62867426514697056,0.93161367726454714
CodeBERT_partial_s2026,same_period,Pooled,0,0.0050000000000000001,per_format,oracle,14945,10,62,62,14811,0.004817664770826363,0.004817664770826363
CodeBERT_partial_s2026,same_period,Pooled,1,0.0050000000000000001,per_format,oracle,15055,9855,135,3815,1250,0.66356692128860839,0.90800398538691462
CodeBERT_partial_s2026,same_period,Win32,0,0.0050000000000000001,per_format,oracle,4969,2,22,22,4923,0.0048299456631112903,0.0048299456631112903
CodeBERT_partial_s2026,same_period,Win32,1,0.0050000000000000001,per_format,oracle,5031,3057,39,1338,597,0.61538461538461542,0.87358378056052477
CodeBERT_partial_s2026,same_period,Win64,0,0.0050000000000000001,per_format,oracle,4977,4,20,20,4933,0.0048221820373719106,0.0048221820373719106
CodeBERT_partial_s2026,same_period,Win64,1,0.0050000000000000001,per_format,oracle,5023,3389,36,1324,274,0.68186342823014134,0.93828389408719892
CodeBERT_partial_s2026,same_period,Dot_Net,0,0.0050000000000000001,per_format,oracle,4999,4,20,20,4955,0.0048009601920384077,0.0048009601920384077
CodeBERT_partial_s2026,same_period,Dot_Net,1,0.0050000000000000001,per_format,oracle,5001,3409,60,1153,379,0.69366126774645076,0.91221755648870229
CodeBERT_partial_s2026,same_period,Pooled,0,0.0050000000000000001,per_format,deployment,14945,11,64,66,14804,0.0050184008029441288,0.0051522248243559719
CodeBERT_partial_s2026,same_period,Pooled,1,0.0050000000000000001,per_format,deployment,15055,10070,131,3668,1186,0.67758219860511459,0.91252075722351378
CodeBERT_partial_s2026,same_period,Win32,0,0.0050000000000000001,per_format,deployment,4969,4,23,27,4915,0.0054336888710002015,0.006238679814852083
CodeBERT_partial_s2026,same_period,Win32,1,0.0050000000000000001,per_format,deployment,5031,3143,33,1339,516,0.63128602663486388,0.8908765652951699
CodeBERT_partial_s2026,same_period,Win64,0,0.0050000000000000001,per_format,deployment,4977,4,25,16,4932,0.0058268032951577257,0.0040184850311432586
CodeBERT_partial_s2026,same_period,Win64,1,0.0050000000000000001,per_format,deployment,5023,3619,47,1065,292,0.72984272347202872,0.93251045192116266
CodeBERT_partial_s2026,same_period,Dot_Net,0,0.0050000000000000001,per_format,deployment,4999,3,16,23,4957,0.0038007601520304059,0.0052010402080416079
CodeBERT_partial_s2026,same_period,Dot_Net,1,0.0050000000000000001,per_format,deployment,5001,3308,51,1264,378,0.67166566686662665,0.9142171565686863
CodeBERT_partial_s2026,same_period,Pooled,0,0.01,pooled,oracle,14945,28,121,121,14675,0.0099698895951823348,0.0099698895951823348
CodeBERT_partial_s2026,same_period,Pooled,1,0.01,pooled,oracle,15055,11468,118,2711,758,0.76957821321819997,0.94181335104616404
CodeBERT_partial_s2026,same_period,Win32,0,0.01,pooled,oracle,4969,8,54,42,4865,0.012477359629704166,0.010062386798148521
CodeBERT_partial_s2026,same_period,Win32,1,0.01,pooled,oracle,5031,3705,39,931,356,0.7441860465116279,0.92148678195189826
CodeBERT_partial_s2026,same_period,Win64,0,0.01,pooled,oracle,4977,10,49,24,4894,0.011854530841872614,0.0068314245529435399
CodeBERT_partial_s2026,same_period,Win64,1,0.01,pooled,oracle,5023,4123,56,642,202,0.83197292454708338,0.94863627314353971
CodeBERT_partial_s2026,same_period,Dot_Net,0,0.01,pooled,oracle,4999,10,18,55,4916,0.005601120224044809,0.01300260052010402
CodeBERT_partial_s2026,same_period,Dot_Net,1,0.01,pooled,oracle,5001,3640,23,1138,200,0.73245350929814035,0.95540891821635676
CodeBERT_partial_s2026,same_period,Pooled,0,0.01,pooled,deployment,14945,30,120,125,14670,0.010036801605888258,0.010371361659417865
CodeBERT_partial_s2026,same_period,Pooled,1,0.01,pooled,deployment,15055,11505,114,2706,730,0.77177017602125542,0.94393889073397541
CodeBERT_partial_s2026,same_period,Win32,0,0.01,pooled,deployment,4969,8,55,45,4861,0.012678607365667137,0.010666130006037432
CodeBERT_partial_s2026,same_period,Win32,1,0.01,pooled,deployment,5031,3718,37,933,343,0.74637249055853705,0.92446829656131979
CodeBERT_partial_s2026,same_period,Win64,0,0.01,pooled,deployment,4977,10,49,24,4894,0.011854530841872614,0.0068314245529435399
CodeBERT_partial_s2026,same_period,Win64,1,0.01,pooled,deployment,5023,4131,56,640,196,0.83356559824805898,0.94983077841927133
CodeBERT_partial_s2026,same_period,Dot_Net,0,0.01,pooled,deployment,4999,12,16,56,4915,0.005601120224044809,0.013602720544108821
CodeBERT_partial_s2026,same_period,Dot_Net,1,0.01,pooled,deployment,5001,3656,21,1133,191,0.73525294941011798,0.95760847830433915
CodeBERT_partial_s2026,same_period,Pooled,0,0.01,per_format,oracle,14945,35,111,112,14687,0.0097691535630645698,0.0098360655737704927
CodeBERT_partial_s2026,same_period,Pooled,1,0.01,per_format,oracle,15055,11725,112,2482,736,0.78625041514447025,0.943673198272999
CodeBERT_partial_s2026,same_period,Win32,0,0.01,per_format,oracle,4969,8,41,41,4879,0.0098611390621855498,0.0098611390621855498
CodeBERT_partial_s2026,same_period,Win32,1,0.01,per_format,oracle,5031,3574,31,1051,375,0.71655734446432118,0.91930033790498911
CodeBERT_partial_s2026,same_period,Win64,0,0.01,per_format,oracle,4977,9,39,40,4889,0.0096443640747438213,0.0098452883263009851
CodeBERT_partial_s2026,same_period,Win64,1,0.01,per_format,oracle,5023,4057,30,778,158,0.81365717698586504,0.96257216802707546
CodeBERT_partial_s2026,same_period,Dot_Net,0,0.01,per_format,oracle,4999,18,31,31,4919,0.0098019603920784151,0.0098019603920784151
CodeBERT_partial_s2026,same_period,Dot_Net,1,0.01,per_format,oracle,5001,4094,51,653,203,0.82883423315336935,0.94921015796840635
CodeBERT_partial_s2026,same_period,Pooled,0,0.01,per_format,deployment,14945,31,122,120,14672,0.010237537638006023,0.010103713616594179
CodeBERT_partial_s2026,same_period,Pooled,1,0.01,per_format,deployment,15055,11708,110,2518,719,0.78498837595483228,0.94493523746263697
CodeBERT_partial_s2026,same_period,Win32,0,0.01,per_format,deployment,4969,8,45,51,4865,0.010666130006037432,0.011873616421815255
CodeBERT_partial_s2026,same_period,Win32,1,0.01,per_format,deployment,5031,3645,28,1019,339,0.7300735440270324,0.92705227588948524
CodeBERT_partial_s2026,same_period,Win64,0,0.01,per_format,deployment,4977,10,49,37,4881,0.011854530841872614,0.0094434398231866591
CodeBERT_partial_s2026,same_period,Win64,1,0.01,per_format,deployment,5023,4145,40,677,161,0.833167429822815,0.95998407326299029
CodeBERT_partial_s2026,same_period,Dot_Net,0,0.01,per_format,deployment,4999,13,28,32,4926,0.0082016403280656125,0.0090018003600720146
CodeBERT_partial_s2026,same_period,Dot_Net,1,0.01,per_format,deployment,5001,3918,42,822,219,0.79184163167366528,0.94781043791241748
CodeBERT_partial_s2026,same_period,Pooled,0,0.050000000000000003,pooled,oracle,14945,322,424,423,13776,0.049916359986617601,0.049849447975911676
CodeBERT_partial_s2026,same_period,Pooled,1,0.050000000000000003,pooled,oracle,15055,13876,61,910,208,0.92573895715709065,0.98213218199933572
CodeBERT_partial_s2026,same_period,Win32,0,0.050000000000000003,pooled,oracle,4969,126,198,214,4431,0.065204266452002418,0.068424230227409941
CodeBERT_partial_s2026,same_period,Win32,1,0.050000000000000003,pooled,oracle,5031,4441,21,470,99,0.88690121248260778,0.9761478831246273
CodeBERT_partial_s2026,same_period,Win64,0,0.050000000000000003,pooled,oracle,4977,67,140,124,4646,0.041591320072332731,0.038376532047418123
CodeBERT_partial_s2026,same_period,Win64,1,0.050000000000000003,pooled,oracle,5023,4684,26,253,60,0.93768664144933311,0.98287875771451327
CodeBERT_partial_s2026,same_period,Dot_Net,0,0.050000000000000003,pooled,oracle,4999,129,86,85,4699,0.04300860172034407,0.042808561712342472
CodeBERT_partial_s2026,same_period,Dot_Net,1,0.050000000000000003,pooled,oracle,5001,4751,14,187,49,0.9528094381123775,0.98740251949610081
CodeBERT_partial_s2026,same_period,Pooled,0,0.050000000000000003,pooled,deployment,14945,321,401,459,13764,0.048310471729675473,0.052191368350618939
CodeBERT_partial_s2026,same_period,Pooled,1,0.050000000000000003,pooled,deployment,15055,13837,58,961,199,0.92294918631683831,0.98292925938226505
CodeBERT_partial_s2026,same_period,Win32,0,0.050000000000000003,pooled,deployment,4969,126,191,233,4419,0.063795532300261623,0.072247937210706381
CodeBERT_partial_s2026,same_period,Win32,1,0.050000000000000003,pooled,deployment,5031,4432,20,484,95,0.88491353607632672,0.97714172132776789
CodeBERT_partial_s2026,same_period,Win64,0,0.050000000000000003,pooled,deployment,4977,66,131,135,4645,0.039582077556761103,0.040385774562989751
CodeBERT_partial_s2026,same_period,Win64,1,0.050000000000000003,pooled,deployment,5023,4663,24,279,57,0.93310770455902847,0.98387417877762295
CodeBERT_partial_s2026,same_period,Dot_Net,0,0.050000000000000003,pooled,deployment,4999,129,79,91,4700,0.041608321664332863,0.044008801760352073
CodeBERT_partial_s2026,same_period,Dot_Net,1,0.050000000000000003,pooled,deployment,5001,4742,14,198,47,0.95100979804039187,0.98780243951209756
CodeBERT_partial_s2026,same_period,Pooled,0,0.050000000000000003,per_format,oracle,14945,318,424,423,13780,0.049648711943793909,0.049581799933087992
CodeBERT_partial_s2026,same_period,Pooled,1,0.050000000000000003,per_format,oracle,15055,13886,66,896,207,0.9267353038857522,0.98186648953835931
CodeBERT_partial_s2026,same_period,Win32,0,0.050000000000000003,per_format,oracle,4969,78,170,169,4552,0.049909438518816664,0.049708190782853691
CodeBERT_partial_s2026,same_period,Win32,1,0.050000000000000003,per_format,oracle,5031,4348,27,533,123,0.86960842774796265,0.97018485390578413
CodeBERT_partial_s2026,same_period,Win64,0,0.050000000000000003,per_format,oracle,4977,85,162,161,4569,0.049628290134619252,0.049427365883062083
CodeBERT_partial_s2026,same_period,Win64,1,0.050000000000000003,per_format,oracle,5023,4732,23,223,45,0.94664543101732035,0.98646227354170812
CodeBERT_partial_s2026,same_period,Dot_Net,0,0.050000000000000003,per_format,oracle,4999,155,92,93,4659,0.04940988197639528,0.049609921984396878
CodeBERT_partial_s2026,same_period,Dot_Net,1,0.050000000000000003,per_format,oracle,5001,4806,16,140,39,0.96420715856828632,0.98900219956008795
CodeBERT_partial_s2026,same_period,Pooled,0,0.050000000000000003,per_format,deployment,14945,308,403,465,13769,0.047574439611910338,0.051722984275677487
CodeBERT_partial_s2026,same_period,Pooled,1,0.050000000000000003,per_format,deployment,15055,13842,61,949,203,0.92348057123879113,0.98246429757555631
CodeBERT_partial_s2026,same_period,Win32,0,0.050000000000000003,per_format,deployment,4969,83,162,205,4519,0.049305695310927752,0.057959347957335483
CodeBERT_partial_s2026,same_period,Win32,1,0.050000000000000003,per_format,deployment,5031,4343,24,549,115,0.86801828662293778,0.97237129795269328
CodeBERT_partial_s2026,same_period,Win64,0,0.050000000000000003,per_format,deployment,4977,86,158,165,4568,0.049025517379947758,0.0504319871408479
CodeBERT_partial_s2026,same_period,Win64,1,0.050000000000000003,per_format,deployment,5023,4730,23,226,44,0.94624726259207648,0.98666135775433006
CodeBERT_partial_s2026,same_period,Dot_Net,0,0.050000000000000003,per_format,deployment,4999,139,83,95,4682,0.044408881776355269,0.046809361872374472
CodeBERT_partial_s2026,same_period,Dot_Net,1,0.050000000000000003,per_format,deployment,5001,4769,14,174,44,0.95640871825634877,0.98840231953609281
CodeBERT_partial_s2026,test,Pooled,0,0.001,pooled,oracle,14935,3,11,11,14910,0.00093739537997991292,0.00093739537997991292
CodeBERT_partial_s2026,test,Pooled,1,0.001,pooled,oracle,15065,5356,306,5919,3484,0.37583803518088282,0.74842349817457687
CodeBERT_partial_s2026,test,Win32,0,0.001,pooled,oracle,5018,0,0,1,5017,0,0.00019928258270227183
CodeBERT_partial_s2026,test,Win32,1,0.001,pooled,oracle,4982,1862,84,1578,1458,0.39060618225612204,0.6904857486953031
CodeBERT_partial_s2026,test,Win64,0,0.001,pooled,oracle,4953,0,6,5,4942,0.0012113870381586917,0.0010094891984655764
CodeBERT_partial_s2026,test,Win64,1,0.001,pooled,oracle,5047,1722,103,2374,848,0.36160095106003565,0.8115712304339211
CodeBERT_partial_s2026,test,Dot_Net,0,0.001,pooled,oracle,4964,3,5,5,4951,0.0016116035455278001,0.0016116035455278001
CodeBERT_partial_s2026,test,Dot_Net,1,0.001,pooled,oracle,5036,1772,119,1967,1178,0.37549642573471009,0.7424543288324067
CodeBERT_partial_s2026,test,Pooled,0,0.001,pooled,deployment,14935,5,13,19,14898,0.0012052226314027451,0.0016069635085369936
CodeBERT_partial_s2026,test,Pooled,1,0.001,pooled,deployment,15065,5859,239,6072,2895,0.40477928974444077,0.79196813806837041
CodeBERT_partial_s2026,test,Win32,0,0.001,pooled,deployment,5018,0,1,3,5014,0.00019928258270227183,0.00059784774810681541
CodeBERT_partial_s2026,test,Win32,1,0.001,pooled,deployment,4982,1988,82,1666,1246,0.41549578482537136,0.73344038538739464
CodeBERT_partial_s2026,test,Win64,0,0.001,pooled,deployment,4953,0,6,7,4940,0.0012113870381586917,0.001413284877851807
CodeBERT_partial_s2026,test,Win64,1,0.001,pooled,deployment,5047,1898,74,2359,716,0.3907271646522687,0.8434713691301764
CodeBERT_partial_s2026,test,Dot_Net,0,0.001,pooled,deployment,4964,5,6,9,4944,0.0022159548751007254,0.0028203062046736503
CodeBERT_partial_s2026,test,Dot_Net,1,0.001,pooled,deployment,5036,1973,83,2047,933,0.40826052422557585,0.79825258141382049
CodeBERT_partial_s2026,test,Pooled,0,0.001,per_format,oracle,14935,1,12,12,14910,0.00087043856712420487,0.00087043856712420487
CodeBERT_partial_s2026,test,Pooled,1,0.001,per_format,oracle,15065,5064,196,6625,3180,0.34915366744108861,0.77590441420511114
CodeBERT_partial_s2026,test,Win32,0,0.001,per_format,oracle,5018,0,5,5,5008,0.00099641291351135913,0.00099641291351135913
CodeBERT_partial_s2026,test,Win32,1,0.001,per_format,oracle,4982,2452,52,1585,893,0.50260939381774383,0.81031714171015656
CodeBERT_partial_s2026,test,Win64,0,0.001,per_format,oracle,4953,0,4,4,4945,0.00080759135877246115,0.00080759135877246115
CodeBERT_partial_s2026,test,Win64,1,0.001,per_format,oracle,5047,1189,67,2878,913,0.24886070933227661,0.80582524271844658
CodeBERT_partial_s2026,test,Dot_Net,0,0.001,per_format,oracle,4964,1,3,3,4957,0.00080580177276390005,0.00080580177276390005
CodeBERT_partial_s2026,test,Dot_Net,1,0.001,per_format,oracle,5036,1423,77,2162,1374,0.29785544082605242,0.71187450357426529
CodeBERT_partial_s2026,test,Pooled,0,0.001,per_format,deployment,14935,4,13,18,14900,0.0011382658185470371,0.0014730498828255775
CodeBERT_partial_s2026,test,Pooled,1,0.001,per_format,deployment,15065,5783,268,6267,2747,0.40165947560570858,0.79986724195154335
CodeBERT_partial_s2026,test,Win32,0,0.001,per_format,deployment,5018,0,0,3,5015,0,0.00059784774810681541
CodeBERT_partial_s2026,test,Win32,1,0.001,per_format,deployment,4982,1917,50,1886,1129,0.3948213568847852,0.7633480529907668
CodeBERT_partial_s2026,test,Win64,0,0.001,per_format,deployment,4953,0,5,6,4942,0.0010094891984655764,0.0012113870381586917
CodeBERT_partial_s2026,test,Win64,1,0.001,per_format,deployment,5047,1435,51,2805,756,0.29443233604121261,0.84010303150386367
CodeBERT_partial_s2026,test,Dot_Net,0,0.001,per_format,deployment,4964,4,8,9,4943,0.0024174053182917004,0.0026188557614826753
CodeBERT_partial_s2026,test,Dot_Net,1,0.001,per_format,deployment,5036,2431,167,1576,862,0.51588562351072276,0.79567116759332801
CodeBERT_partial_s2026,test,Pooled,0,0.0050000000000000001,pooled,oracle,14935,18,56,56,14805,0.0049548041513223975,0.0049548041513223975
CodeBERT_partial_s2026,test,Pooled,1,0.0050000000000000001,pooled,oracle,15065,9704,186,3747,1428,0.65648854961832059,0.89286425489545307
CodeBERT_partial_s2026,test,Win32,0,0.0050000000000000001,pooled,oracle,5018,0,26,8,4984,0.0051813471502590676,0.0015942606616181746
CodeBERT_partial_s2026,test,Win32,1,0.0050000000000000001,pooled,oracle,4982,2932,62,1285,703,0.60096346848655158,0.846447209955841
CodeBERT_partial_s2026,test,Win64,0,0.0050000000000000001,pooled,oracle,4953,4,22,12,4915,0.0052493438320209973,0.0032303654350898446
CodeBERT_partial_s2026,test,Win64,1,0.0050000000000000001,pooled,oracle,5047,3554,64,1055,374,0.71686150188230635,0.91321577174559143
CodeBERT_partial_s2026,test,Dot_Net,0,0.0050000000000000001,pooled,oracle,4964,14,8,36,4906,0.0044319097502014508,0.010072522159548751
CodeBERT_partial_s2026,test,Dot_Net,1,0.0050000000000000001,pooled,oracle,5036,3218,60,1407,351,0.65091342335186653,0.91838760921366158
CodeBERT_partial_s2026,test,Pooled,0,0.0050000000000000001,pooled,deployment,14935,19,54,74,14788,0.0048878473384666886,0.0062269835955808504
CodeBERT_partial_s2026,test,Pooled,1,0.0050000000000000001,pooled,deployment,15065,9725,148,3916,1276,0.65536010620643881,0.90547626949883842
CodeBERT_partial_s2026,test,Win32,0,0.0050000000000000001,pooled,deployment,5018,0,25,11,4982,0.0049820645675567954,0.00219210840972499
CodeBERT_partial_s2026,test,Win32,1,0.0050000000000000001,pooled,deployment,4982,2945,47,1364,626,0.6005620232838218,0.8649136892814131
CodeBERT_partial_s2026,test,Win64,0,0.0050000000000000001,pooled,deployment,4953,4,22,20,4907,0.0052493438320209973,0.0048455481526347667
CodeBERT_partial_s2026,test,Win64,1,0.0050000000000000001,pooled,deployment,5047,3558,51,1091,347,0.71507826431543486,0.92114127204279772
CodeBERT_partial_s2026,test,Dot_Net,0,0.0050000000000000001,pooled,deployment,4964,15,7,43,4899,0.0044319097502014508,0.011684125705076551
CodeBERT_partial_s2026,test,Dot_Net,1,0.0050000000000000001,pooled,deployment,5036,3222,50,1461,303,0.6497220015885623,0.92990468625893563
CodeBERT_partial_s2026,test,Pooled,0,0.0050000000000000001,per_format,oracle,14935,14,59,58,14804,0.0048878473384666886,0.0048208905256109805
CodeBERT_partial_s2026,test,Pooled,1,0.0050000000000000001,per_format,oracle,15065,9611,222,3832,1400,0.65270494523730505,0.89233322270162629
CodeBERT_partial_s2026,test,Win32,0,0.0050000000000000001,per_format,oracle,5018,1,24,23,4970,0.0049820645675567954,0.0047827819848545233
CodeBERT_partial_s2026,test,Win32,1,0.0050000000000000001,per_format,oracle,4982,2955,37,1474,516,0.6005620232838218,0.88900040144520276
CodeBERT_partial_s2026,test,Win64,0,0.0050000000000000001,per_format,oracle,4953,4,20,20,4909,0.0048455481526347667,0.0048455481526347667
CodeBERT_partial_s2026,test,Win64,1,0.0050000000000000001,per_format,oracle,5047,3484,45,1187,331,0.6992272637210224,0.92550029720626115
CodeBERT_partial_s2026,test,Dot_Net,0,0.0050000000000000001,per_format,oracle,4964,9,15,15,4925,0.0048348106365834007,0.0048348106365834007
CodeBERT_partial_s2026,test,Dot_Net,1,0.0050000000000000001,per_format,oracle,5036,3172,140,1171,553,0.65766481334392379,0.86239078633836375
CodeBERT_partial_s2026,test,Pooled,0,0.0050000000000000001,per_format,deployment,14935,22,53,69,14791,0.0050217609641781055,0.0060930699698694343
CodeBERT_partial_s2026,test,Pooled,1,0.0050000000000000001,per_format,deployment,15065,9774,160,3844,1287,0.65940922668436774,0.90394955194158644
CodeBERT_partial_s2026,test,Win32,0,0.0050000000000000001,per_format,deployment,5018,0,19,16,4983,0.0037863690713431648,0.0031885213232363493
CodeBERT_partial_s2026,test,Win32,1,0.0050000000000000001,per_format,deployment,4982,2896,38,1454,594,0.5889201124046568,0.8731433159373746
CodeBERT_partial_s2026,test,Win64,0,0.0050000000000000001,per_format,deployment,4953,4,20,22,4907,0.0048455481526347667,0.0052493438320209973
CodeBERT_partial_s2026,test,Win64,1,0.0050000000000000001,per_format,deployment,5047,3471,44,1202,330,0.69645333861700021,0.92589657222112143
CodeBERT_partial_s2026,test,Dot_Net,0,0.0050000000000000001,per_format,deployment,4964,18,14,31,4901,0.0064464141821112004,0.0098710717163577755
CodeBERT_partial_s2026,test,Dot_Net,1,0.0050000000000000001,per_format,deployment,5036,3407,78,1188,363,0.69201747418586179,0.91243050039714058
CodeBERT_partial_s2026,test,Pooled,0,0.01,pooled,oracle,14935,42,107,107,14679,0.009976565115500503,0.009976565115500503
CodeBERT_partial_s2026,test,Pooled,1,0.01,pooled,oracle,15065,11341,174,2624,926,0.76435446398937934,0.9269830733488218
CodeBERT_partial_s2026,test,Win32,0,0.01,pooled,oracle,5018,7,42,24,4945,0.0097648465524113187,0.0061777600637704265
CodeBERT_partial_s2026,test,Win32,1,0.01,pooled,oracle,4982,3484,68,975,455,0.71296668004817343,0.89502207948615009
CodeBERT_partial_s2026,test,Win64,0,0.01,pooled,oracle,4953,7,49,32,4865,0.011306279022814456,0.007874015748031496
CodeBERT_partial_s2026,test,Win64,1,0.01,pooled,oracle,5047,4096,67,629,255,0.82484644343174163,0.93619972260748963
CodeBERT_partial_s2026,test,Dot_Net,0,0.01,pooled,oracle,4964,28,16,51,4869,0.0088638195004029016,0.015914585012087028
CodeBERT_partial_s2026,test,Dot_Net,1,0.01,pooled,oracle,5036,3761,39,1020,216,0.75456711675933286,0.94936457505957106
CodeBERT_partial_s2026,test,Pooled,0,0.01,pooled,deployment,14935,50,93,136,14656,0.009574824238366253,0.012453967191161701
CodeBERT_partial_s2026,test,Pooled,1,0.01,pooled,deployment,15065,11303,144,2778,840,0.75984069034185198,0.9346830401593097
CodeBERT_partial_s2026,test,Win32,0,0.01,pooled,deployment,5018,7,41,32,4938,0.0095655639697090466,0.0077720207253886009
CodeBERT_partial_s2026,test,Win32,1,0.01,pooled,deployment,4982,3476,54,1044,408,0.70855078281814532,0.90726615816940992
CodeBERT_partial_s2026,test,Win64,0,0.01,pooled,deployment,4953,11,42,39,4861,0.010700585503735109,0.010094891984655765
CodeBERT_partial_s2026,test,Win64,1,0.01,pooled,deployment,5047,4083,62,668,234,0.82127996829799876,0.94135129780067361
CodeBERT_partial_s2026,test,Dot_Net,0,0.01,pooled,deployment,4964,32,10,65,4857,0.0084609186140209517,0.019540692989524575
CodeBERT_partial_s2026,test,Dot_Net,1,0.01,pooled,deployment,5036,3744,28,1066,198,0.74900714853057981,0.95512311358220814
CodeBERT_partial_s2026,test,Pooled,0,0.01,per_format,oracle,14935,40,108,108,14679,0.0099096083026447949,0.0099096083026447949
CodeBERT_partial_s2026,test,Pooled,1,0.01,per_format,oracle,15065,11392,220,2534,919,0.77079322933952876,0.92439429140391638
CodeBERT_partial_s2026,test,Win32,0,0.01,per_format,oracle,5018,7,43,43,4925,0.0099641291351135908,0.0099641291351135908
CodeBERT_partial_s2026,test,Win32,1,0.01,per_format,oracle,4982,3517,52,1042,371,0.71637896427137693,0.91509433962264153
CodeBERT_partial_s2026,test,Win64,0,0.01,per_format,oracle,4953,9,40,40,4864,0.0098929941449626482,0.0098929941449626482
CodeBERT_partial_s2026,test,Win64,1,0.01,per_format,oracle,5047,4049,60,701,237,0.81414701803051315,0.94115316029324347
CodeBERT_partial_s2026,test,Dot_Net,0,0.01,per_format,oracle,4964,24,25,25,4890,0.0098710717163577755,0.0098710717163577755
CodeBERT_partial_s2026,test,Dot_Net,1,0.01,per_format,oracle,5036,3826,108,791,311,0.78117553613979351,0.9167990468625894
CodeBERT_partial_s2026,test,Pooled,0,0.01,per_format,deployment,14935,51,103,127,14654,0.010311349179779043,0.011918312688316036
CodeBERT_partial_s2026,test,Pooled,1,0.01,per_format,deployment,15065,11462,155,2641,807,0.77112512446067039,0.93614337869233322
CodeBERT_partial_s2026,test,Win32,0,0.01,per_format,deployment,5018,7,35,37,4939,0.0083698684734954173,0.0087684336388999598
CodeBERT_partial_s2026,test,Win32,1,0.01,per_format,deployment,4982,3386,48,1146,402,0.68928141308711366,0.90967482938578881
CodeBERT_partial_s2026,test,Win64,0,0.01,per_format,deployment,4953,11,42,48,4852,0.010700585503735109,0.011911972541893802
CodeBERT_partial_s2026,test,Win64,1,0.01,per_format,deployment,5047,4091,49,711,196,0.82028928076084806,0.95145631067961167
CodeBERT_partial_s2026,test,Dot_Net,0,0.01,per_format,deployment,4964,33,26,42,4863,0.011885576148267527,0.015108783239323126
CodeBERT_partial_s2026,test,Dot_Net,1,0.01,per_format,deployment,5036,3985,58,784,209,0.80281969817315335,0.94698173153296272
CodeBERT_partial_s2026,test,Pooled,0,0.050000000000000003,pooled,oracle,14935,338,408,399,13790,0.049949782390358216,0.049347171074656845
CodeBERT_partial_s2026,test,Pooled,1,0.050000000000000003,pooled,oracle,15065,13884,81,890,210,0.9269830733488218,0.98068370394955195
CodeBERT_partial_s2026,test,Win32,0,0.050000000000000003,pooled,oracle,5018,92,162,156,4608,0.050617776006377041,0.049422080510163412
CodeBERT_partial_s2026,test,Win32,1,0.050000000000000003,pooled,oracle,4982,4382,32,462,106,0.88598956242472904,0.9723002810116419
CodeBERT_partial_s2026,test,Win64,0,0.050000000000000003,pooled,oracle,4953,72,155,143,4583,0.04583080961033717,0.043408035534019784
CodeBERT_partial_s2026,test,Win64,1,0.050000000000000003,pooled,oracle,5047,4708,30,253,56,0.93877551020408168,0.98296017436100658
CodeBERT_partial_s2026,test,Dot_Net,0,0.050000000000000003,pooled,oracle,4964,174,91,100,4599,0.053384367445608379,0.055197421434327154
CodeBERT_partial_s2026,test,Dot_Net,1,0.050000000000000003,pooled,oracle,5036,4794,19,175,48,0.95571882446386025,0.98669579030976962
CodeBERT_partial_s2026,test,Pooled,0,0.050000000000000003,pooled,deployment,14935,320,354,447,13814,0.045128891864747236,0.05135587546032809
CodeBERT_partial_s2026,test,Pooled,1,0.050000000000000003,pooled,deployment,15065,13720,68,1064,213,0.91523398606040496,0.98134749419183542
CodeBERT_partial_s2026,test,Win32,0,0.050000000000000003,pooled,deployment,5018,86,139,179,4614,0.044838581108011158,0.052809884416102029
CodeBERT_partial_s2026,test,Win32,1,0.050000000000000003,pooled,deployment,4982,4278,24,573,107,0.86350863107185871,0.97370533922119629
CodeBERT_partial_s2026,test,Win64,0,0.050000000000000003,pooled,deployment,4953,64,142,159,4588,0.041590954976781745,0.04502321825156471
CodeBERT_partial_s2026,test,Win64,1,0.050000000000000003,pooled,deployment,5047,4675,27,288,57,0.93164255993659595,0.98335644937586686
CodeBERT_partial_s2026,test,Dot_Net,0,0.050000000000000003,pooled,deployment,4964,170,73,109,4612,0.048952457695406931,0.056204673650282033
CodeBERT_partial_s2026,test,Dot_Net,1,0.050000000000000003,pooled,deployment,5036,4767,17,203,49,0.94996028594122317,0.98689436060365365
CodeBERT_partial_s2026,test,Pooled,0,0.050000000000000003,per_format,oracle,14935,333,411,405,13786,0.049815868764646803,0.049414127887512552
CodeBERT_partial_s2026,test,Pooled,1,0.050000000000000003,per_format,oracle,15065,13835,78,940,212,0.92353136408894787,0.9807500829737803
CodeBERT_partial_s2026,test,Win32,0,0.050000000000000003,per_format,oracle,5018,91,159,154,4614,0.049820645675567952,0.048824232762056594
CodeBERT_partial_s2026,test,Win32,1,0.050000000000000003,per_format,oracle,4982,4340,30,504,108,0.87715776796467282,0.9723002810116419
CodeBERT_partial_s2026,test,Win64,0,0.050000000000000003,per_format,oracle,4953,77,170,168,4538,0.049868766404199474,0.049464970724813241
CodeBERT_partial_s2026,test,Win64,1,0.050000000000000003,per_format,oracle,5047,4728,26,243,50,0.94194571032296415,0.98494154943530809
CodeBERT_partial_s2026,test,Dot_Net,0,0.050000000000000003,per_format,oracle,4964,165,82,83,4634,0.049758259468170828,0.049959709911361803
CodeBERT_partial_s2026,test,Dot_Net,1,0.050000000000000003,per_format,oracle,5036,4767,22,193,54,0.95095313741064336,0.98490865766481339
CodeBERT_partial_s2026,test,Pooled,0,0.050000000000000003,per_format,deployment,14935,317,376,454,13788,0.046401071309005691,0.051623702711750923
CodeBERT_partial_s2026,test,Pooled,1,0.050000000000000003,per_format,deployment,15065,13706,66,1076,217,0.91417192167275141,0.98121473614337873
CodeBERT_partial_s2026,test,Win32,0,0.050000000000000003,per_format,deployment,5018,54,129,139,4696,0.036468712634515746,0.038461538461538464
CodeBERT_partial_s2026,test,Win32,1,0.050000000000000003,per_format,deployment,4982,4183,30,640,129,0.84564431955038133,0.96808510638297873
CodeBERT_partial_s2026,test,Win64,0,0.050000000000000003,per_format,deployment,4953,83,160,208,4502,0.049061175045427015,0.05875227135069655
CodeBERT_partial_s2026,test,Win64,1,0.050000000000000003,per_format,deployment,5047,4726,19,259,43,0.94016247275609277,0.98771547453933028
CodeBERT_partial_s2026,test,Dot_Net,0,0.050000000000000003,per_format,deployment,4964,180,87,107,4590,0.05378726833199033,0.057816277195809833
CodeBERT_partial_s2026,test,Dot_Net,1,0.050000000000000003,per_format,deployment,5036,4797,17,177,45,0.95591739475774429,0.9876886417791898
CodeBERT_partial_s2027,same_period,Pooled,0,0.001,pooled,oracle,14945,1,13,13,14918,0.00093676814988290398,0.00093676814988290398
CodeBERT_partial_s2027,same_period,Pooled,1,0.001,pooled,oracle,15055,6991,355,4453,3256,0.48794420458319493,0.76014613085353699
CodeBERT_partial_s2027,same_period,Win32,0,0.001,pooled,oracle,4969,0,8,4,4957,0.0016099818877037633,0.00080499094385188164
CodeBERT_partial_s2027,same_period,Win32,1,0.001,pooled,oracle,5031,2365,88,1312,1266,0.48757702246074341,0.73086861458954477
CodeBERT_partial_s2027,same_period,Win64,0,0.001,pooled,oracle,4977,1,3,5,4968,0.00080369700622865184,0.0012055455093429777
CodeBERT_partial_s2027,same_period,Win64,1,0.001,pooled,oracle,5023,2511,101,1611,800,0.52000796336850486,0.82062512442763291
CodeBERT_partial_s2027,same_period,Dot_Net,0,0.001,pooled,oracle,4999,0,2,4,4993,0.00040008001600320064,0.00080016003200640128
CodeBERT_partial_s2027,same_period,Dot_Net,1,0.001,pooled,oracle,5001,2115,166,1530,1190,0.45610877824435114,0.7288542291541692
CodeBERT_partial_s2027,same_period,Pooled,0,0.001,pooled,deployment,14945,2,21,19,14903,0.0015389762462361995,0.001405152224824356
CodeBERT_partial_s2027,same_period,Pooled,1,0.001,pooled,deployment,15055,7695,279,4332,2749,0.52965792095649289,0.79887080704085023
CodeBERT_partial_s2027,same_period,Win32,0,0.001,pooled,deployment,4969,0,11,8,4950,0.0022137250955926746,0.0016099818877037633
CodeBERT_partial_s2027,same_period,Win32,1,0.001,pooled,deployment,5031,2530,76,1324,1101,0.51798847147684357,0.76605048698071954
CodeBERT_partial_s2027,same_period,Win64,0,0.001,pooled,deployment,4977,2,5,7,4963,0.0014064697609001407,0.0018083182640144665
CodeBERT_partial_s2027,same_period,Win64,1,0.001,pooled,deployment,5023,2834,84,1423,682,0.58092773243081819,0.84750149313159462
CodeBERT_partial_s2027,same_period,Dot_Net,0,0.001,pooled,deployment,4999,0,5,4,4990,0.0010002000400080016,0.00080016003200640128
CodeBERT_partial_s2027,same_period,Dot_Net,1,0.001,pooled,deployment,5001,2331,119,1585,966,0.48990201959608076,0.78304339132173562
CodeBERT_partial_s2027,same_period,Pooled,0,0.001,per_format,oracle,14945,0,12,12,14921,0.0008029441284710606,0.0008029441284710606
CodeBERT_partial_s2027,same_period,Pooled,1,0.001,per_format,oracle,15055,7111,274,4718,2952,0.49053470607771504,0.78571903022251743
CodeBERT_partial_s2027,same_period,Win32,0,0.001,per_format,oracle,4969,0,4,4,4961,0.00080499094385188164,0.00080499094385188164
CodeBERT_partial_s2027,same_period,Win32,1,0.001,per_format,oracle,5031,2225,77,1452,1277,0.45756310872589945,0.73086861458954477
CodeBERT_partial_s2027,same_period,Win64,0,0.001,per_format,oracle,4977,0,4,4,4969,0.00080369700622865184,0.00080369700622865184
CodeBERT_partial_s2027,same_period,Win64,1,0.001,per_format,oracle,5023,2530,113,1544,836,0.52617957395978499,0.81106908222177976
CodeBERT_partial_s2027,same_period,Dot_Net,0,0.001,per_format,oracle,4999,0,4,4,4991,0.00080016003200640128,0.00080016003200640128
CodeBERT_partial_s2027,same_period,Dot_Net,1,0.001,per_format,oracle,5001,2356,84,1722,839,0.48790241951609681,0.81543691261747653
CodeBERT_partial_s2027,same_period,Pooled,0,0.001,per_format,deployment,14945,2,19,20,14904,0.001405152224824356,0.0014720642355302777
CodeBERT_partial_s2027,same_period,Pooled,1,0.001,per_format,deployment,15055,7668,255,4493,2639,0.52627034207904355,0.80777150448356028
CodeBERT_partial_s2027,same_period,Win32,0,0.001,per_format,deployment,4969,0,10,9,4950,0.002012477359629704,0.0018112296236667338
CodeBERT_partial_s2027,same_period,Win32,1,0.001,per_format,deployment,5031,2528,49,1481,973,0.51222420989862849,0.79685947127807588
CodeBERT_partial_s2027,same_period,Win64,0,0.001,per_format,deployment,4977,2,5,7,4963,0.0014064697609001407,0.0018083182640144665
CodeBERT_partial_s2027,same_period,Win64,1,0.001,per_format,deployment,5023,2830,88,1415,690,0.58092773243081819,0.84511248258013139
CodeBERT_partial_s2027,same_period,Dot_Net,0,0.001,per_format,deployment,4999,0,4,4,4991,0.00080016003200640128,0.00080016003200640128
CodeBERT_partial_s2027,same_period,Dot_Net,1,0.001,per_format,deployment,5001,2310,118,1597,976,0.48550289942011599,0.7812437512497501
CodeBERT_partial_s2027,same_period,Pooled,0,0.0050000000000000001,pooled,oracle,14945,15,59,59,14812,0.0049514887922382069,0.0049514887922382069
CodeBERT_partial_s2027,same_period,Pooled,1,0.0050000000000000001,pooled,oracle,15055,10445,181,3287,1142,0.70581202258385922,0.91212221853204911
CodeBERT_partial_s2027,same_period,Win32,0,0.0050000000000000001,pooled,oracle,4969,4,27,22,4916,0.006238679814852083,0.0052324411350372305
CodeBERT_partial_s2027,same_period,Win32,1,0.0050000000000000001,pooled,oracle,5031,3337,58,1097,539,0.67481613993241896,0.88133571854502091
CodeBERT_partial_s2027,same_period,Win64,0,0.0050000000000000001,pooled,oracle,4977,5,20,12,4940,0.0050231062889290736,0.00341571227647177
CodeBERT_partial_s2027,same_period,Win64,1,0.0050000000000000001,pooled,oracle,5023,3839,88,813,283,0.78180370296635482,0.9261397571172606
CodeBERT_partial_s2027,same_period,Dot_Net,0,0.0050000000000000001,pooled,oracle,4999,6,12,25,4956,0.0036007201440288058,0.0062012402480496097
CodeBERT_partial_s2027,same_period,Dot_Net,1,0.0050000000000000001,pooled,oracle,5001,3269,35,1377,320,0.66066786642671471,0.92901419716056788
CodeBERT_partial_s2027,same_period,Pooled,0,0.0050000000000000001,pooled,deployment,14945,15,68,65,14797,0.0055536968885915019,0.0053529608564737369
CodeBERT_partial_s2027,same_period,Pooled,1,0.0050000000000000001,pooled,deployment,15055,10633,190,3132,1100,0.71889737628694783,0.91431418133510467
CodeBERT_partial_s2027,same_period,Win32,0,0.0050000000000000001,pooled,deployment,4969,4,34,25,4906,0.0076474139665928757,0.0058361843429261418
CodeBERT_partial_s2027,same_period,Win32,1,0.0050000000000000001,pooled,deployment,5031,3400,59,1045,527,0.6875372689326178,0.88352216259193006
CodeBERT_partial_s2027,same_period,Win64,0,0.0050000000000000001,pooled,deployment,4977,5,20,13,4939,0.0050231062889290736,0.003616636528028933
CodeBERT_partial_s2027,same_period,Win64,1,0.0050000000000000001,pooled,deployment,5023,3890,93,771,269,0.79295241887318335,0.92793151503085802
CodeBERT_partial_s2027,same_period,Dot_Net,0,0.0050000000000000001,pooled,deployment,4999,6,14,27,4952,0.0040008001600320064,0.0066013202640528108
CodeBERT_partial_s2027,same_period,Dot_Net,1,0.0050000000000000001,pooled,deployment,5001,3343,38,1316,304,0.67606478704259143,0.93161367726454714
CodeBERT_partial_s2027,same_period,Pooled,0,0.0050000000000000001,per_format,oracle,14945,14,58,58,14815,0.004817664770826363,0.004817664770826363
CodeBERT_partial_s2027,same_period,Pooled,1,0.0050000000000000001,per_format,oracle,15055,10525,175,3145,1210,0.71072733311192293,0.90800398538691462
CodeBERT_partial_s2027,same_period,Win32,0,0.0050000000000000001,per_format,oracle,4969,3,21,21,4924,0.0048299456631112903,0.0048299456631112903
CodeBERT_partial_s2027,same_period,Win32,1,0.0050000000000000001,per_format,oracle,5031,3193,46,1202,590,0.64380838799443452,0.87358378056052477
CodeBERT_partial_s2027,same_period,Win64,0,0.0050000000000000001,per_format,oracle,4977,6,18,18,4935,0.0048221820373719106,0.0048221820373719106
CodeBERT_partial_s2027,same_period,Win64,1,0.0050000000000000001,per_format,oracle,5023,3839,61,874,249,0.77642842922556243,0.93828389408719892
CodeBERT_partial_s2027,same_period,Dot_Net,0,0.0050000000000000001,per_format,oracle,4999,5,19,19,4956,0.0048009601920384077,0.0048009601920384077
CodeBERT_partial_s2027,same_period,Dot_Net,1,0.0050000000000000001,per_format,oracle,5001,3493,68,1069,371,0.71205758848230349,0.91221755648870229
CodeBERT_partial_s2027,same_period,Pooled,0,0.0050000000000000001,per_format,deployment,14945,16,65,61,14803,0.0054198728671796589,0.0051522248243559719
CodeBERT_partial_s2027,same_period,Pooled,1,0.0050000000000000001,per_format,deployment,15055,10624,188,3114,1129,0.71816672201926268,0.91252075722351378
CodeBERT_partial_s2027,same_period,Win32,0,0.0050000000000000001,per_format,deployment,4969,6,29,25,4909,0.0070436707587039644,0.006238679814852083
CodeBERT_partial_s2027,same_period,Win32,1,0.0050000000000000001,per_format,deployment,5031,3388,50,1094,499,0.68336314847942758,0.8908765652951699
CodeBERT_partial_s2027,same_period,Win64,0,0.0050000000000000001,per_format,deployment,4977,5,21,15,4936,0.0052240305404862367,0.0040184850311432586
CodeBERT_partial_s2027,same_period,Win64,1,0.0050000000000000001,per_format,deployment,5023,3911,82,773,257,0.79494326099940271,0.93251045192116266
CodeBERT_partial_s2027,same_period,Dot_Net,0,0.0050000000000000001,per_format,deployment,4999,5,15,21,4958,0.0040008001600320064,0.0052010402080416079
CodeBERT_partial_s2027,same_period,Dot_Net,1,0.0050000000000000001,per_format,deployment,5001,3325,56,1247,373,0.67606478704259143,0.9142171565686863
CodeBERT_partial_s2027,same_period,Pooled,0,0.01,pooled,oracle,14945,28,121,121,14675,0.0099698895951823348,0.0099698895951823348
CodeBERT_partial_s2027,same_period,Pooled,1,0.01,pooled,oracle,15055,11749,132,2430,744,0.78917303221521085,0.94181335104616404
CodeBERT_partial_s2027,same_period,Win32,0,0.01,pooled,oracle,4969,9,56,41,4863,0.013081102837593077,0.010062386798148521
CodeBERT_partial_s2027,same_period,Win32,1,0.01,pooled,oracle,5031,3756,45,880,350,0.75551580202742996,0.92148678195189826
CodeBERT_partial_s2027,same_period,Win64,0,0.01,pooled,oracle,4977,6,41,28,4902,0.0094434398231866591,0.0068314245529435399
CodeBERT_partial_s2027,same_period,Win64,1,0.01,pooled,oracle,5023,4218,60,547,198,0.85168226159665539,0.94863627314353971
CodeBERT_partial_s2027,same_period,Dot_Net,0,0.01,pooled,oracle,4999,13,24,52,4910,0.0074014802960592121,0.01300260052010402
CodeBERT_partial_s2027,same_period,Dot_Net,1,0.01,pooled,oracle,5001,3775,27,1003,196,0.76024795040991799,0.95540891821635676
CodeBERT_partial_s2027,same_period,Pooled,0,0.01,pooled,deployment,14945,31,119,124,14671,0.010036801605888258,0.010371361659417865
CodeBERT_partial_s2027,same_period,Pooled,1,0.01,pooled,deployment,15055,11761,123,2450,721,0.78937230156094318,0.94393889073397541
CodeBERT_partial_s2027,same_period,Win32,0,0.01,pooled,deployment,4969,9,56,44,4860,0.013081102837593077,0.010666130006037432
CodeBERT_partial_s2027,same_period,Win32,1,0.01,pooled,deployment,5031,3762,40,889,340,0.75571456966805806,0.92446829656131979
CodeBERT_partial_s2027,same_period,Win64,0,0.01,pooled,deployment,4977,7,41,27,4902,0.0096443640747438213,0.0068314245529435399
CodeBERT_partial_s2027,same_period,Win64,1,0.01,pooled,deployment,5023,4219,60,552,192,0.85188134580927732,0.94983077841927133
CodeBERT_partial_s2027,same_period,Dot_Net,0,0.01,pooled,deployment,4999,15,22,53,4909,0.0074014802960592121,0.013602720544108821
CodeBERT_partial_s2027,same_period,Dot_Net,1,0.01,pooled,deployment,5001,3780,23,1009,189,0.76044791041791637,0.95760847830433915
CodeBERT_partial_s2027,same_period,Pooled,0,0.01,per_format,oracle,14945,32,115,115,14683,0.0098360655737704927,0.0098360655737704927
CodeBERT_partial_s2027,same_period,Pooled,1,0.01,per_format,oracle,15055,11786,114,2421,734,0.79043507140484892,0.943673198272999
CodeBERT_partial_s2027,same_period,Win32,0,0.01,per_format,oracle,4969,8,41,41,4879,0.0098611390621855498,0.0098611390621855498
CodeBERT_partial_s2027,same_period,Win32,1,0.01,per_format,oracle,5031,3611,37,1014,369,0.72510435301132981,0.91930033790498911
CodeBERT_partial_s2027,same_period,Win64,0,0.01,per_format,oracle,4977,9,40,40,4888,0.0098452883263009851,0.0098452883263009851
CodeBERT_partial_s2027,same_period,Win64,1,0.01,per_format,oracle,5023,4257,37,578,151,0.85486760899860637,0.96257216802707546
CodeBERT_partial_s2027,same_period,Dot_Net,0,0.01,per_format,oracle,4999,15,34,34,4916,0.0098019603920784151,0.0098019603920784151
CodeBERT_partial_s2027,same_period,Dot_Net,1,0.01,per_format,oracle,5001,3918,40,829,214,0.79144171165766841,0.94921015796840635
CodeBERT_partial_s2027,same_period,Pooled,0,0.01,per_format,deployment,14945,27,124,124,14670,0.010103713616594179,0.010103713616594179
CodeBERT_partial_s2027,same_period,Pooled,1,0.01,per_format,deployment,15055,11806,115,2420,714,0.79182995682497515,0.94493523746263697
CodeBERT_partial_s2027,same_period,Win32,0,0.01,per_format,deployment,4969,10,55,49,4855,0.013081102837593077,0.011873616421815255
CodeBERT_partial_s2027,same_period,Win32,1,0.01,per_format,deployment,5031,3761,39,903,328,0.75531703438680187,0.92705227588948524
CodeBERT_partial_s2027,same_period,Win64,0,0.01,per_format,deployment,4977,6,38,41,4892,0.0088406670685151692,0.0094434398231866591
CodeBERT_partial_s2027,same_period,Win64,1,0.01,per_format,deployment,5023,4209,41,613,160,0.84610790364324107,0.95998407326299029
CodeBERT_partial_s2027,same_period,Dot_Net,0,0.01,per_format,deployment,4999,11,31,34,4923,0.0084016803360672139,0.0090018003600720146
CodeBERT_partial_s2027,same_period,Dot_Net,1,0.01,per_format,deployment,5001,3836,35,904,226,0.77404519096180768,0.94781043791241748
CodeBERT_partial_s2027,same_period,Pooled,0,0.050000000000000003,pooled,oracle,14945,299,448,446,13752,0.049983271997323518,0.049849447975911676
CodeBERT_partial_s2027,same_period,Pooled,1,0.050000000000000003,pooled,oracle,15055,13853,51,933,218,0.9235469943540352,0.98213218199933572
CodeBERT_partial_s2027,same_period,Win32,0,0.050000000000000003,pooled,oracle,4969,117,203,223,4426,0.064399275508150527,0.068424230227409941
CodeBERT_partial_s2027,same_period,Win32,1,0.050000000000000003,pooled,oracle,5031,4422,19,489,101,0.88272709202941757,0.9761478831246273
CodeBERT_partial_s2027,same_period,Win64,0,0.050000000000000003,pooled,oracle,4977,64,160,127,4626,0.045007032348804502,0.038376532047418123
CodeBERT_partial_s2027,same_period,Win64,1,0.050000000000000003,pooled,oracle,5023,4686,21,251,65,0.93708938881146731,0.98287875771451327
CodeBERT_partial_s2027,same_period,Dot_Net,0,0.050000000000000003,pooled,oracle,4999,118,85,96,4700,0.040608121624324867,0.042808561712342472
CodeBERT_partial_s2027,same_period,Dot_Net,1,0.050000000000000003,pooled,oracle,5001,4745,11,193,52,0.95100979804039187,0.98740251949610081
CodeBERT_partial_s2027,same_period,Pooled,0,0.050000000000000003,pooled,deployment,14945,306,439,474,13726,0.049849447975911676,0.052191368350618939
CodeBERT_partial_s2027,same_period,Pooled,1,0.050000000000000003,pooled,deployment,15055,13851,49,947,208,0.92328130189305879,0.98292925938226505
CodeBERT_partial_s2027,same_period,Win32,0,0.050000000000000003,pooled,deployment,4969,120,200,239,4410,0.064399275508150527,0.072247937210706381
CodeBERT_partial_s2027,same_period,Win32,1,0.050000000000000003,pooled,deployment,5031,4420,19,496,96,0.88232955674816138,0.97714172132776789
CodeBERT_partial_s2027,same_period,Win64,0,0.050000000000000003,pooled,deployment,4977,66,157,135,4619,0.044806108097247339,0.040385774562989751
CodeBERT_partial_s2027,same_period,Win64,1,0.050000000000000003,pooled,deployment,5023,4686,20,256,61,0.93689030459884526,0.98387417877762295
CodeBERT_partial_s2027,same_period,Dot_Net,0,0.050000000000000003,pooled,deployment,4999,120,82,100,4697,0.040408081616323262,0.044008801760352073
CodeBERT_partial_s2027,same_period,Dot_Net,1,0.050000000000000003,pooled,deployment,5001,4745,10,195,51,0.9508098380323935,0.98780243951209756
CodeBERT_partial_s2027,same_period,Pooled,0,0.050000000000000003,per_format,oracle,14945,322,417,419,13787,0.049447975911676142,0.049581799933087992
CodeBERT_partial_s2027,same_period,Pooled,1,0.050000000000000003,per_format,oracle,15055,13869,58,913,215,0.92507472600464957,0.98186648953835931
CodeBERT_partial_s2027,same_period,Win32,0,0.050000000000000003,per_format,oracle,4969,85,159,162,4563,0.04910444757496478,0.049708190782853691
CodeBERT_partial_s2027,same_period,Win32,1,0.050000000000000003,per_format,oracle,5031,4327,28,554,122,0.86563307493540054,0.97018485390578413
CodeBERT_partial_s2027,same_period,Win64,0,0.050000000000000003,per_format,oracle,4977,79,169,167,4562,0.049829214386176414,0.049427365883062083
CodeBERT_partial_s2027,same_period,Win64,1,0.050000000000000003,per_format,oracle,5023,4736,21,219,47,0.94704359944256422,0.98646227354170812
CodeBERT_partial_s2027,same_period,Dot_Net,0,0.050000000000000003,per_format,oracle,4999,158,89,90,4662,0.04940988197639528,0.049609921984396878
CodeBERT_partial_s2027,same_period,Dot_Net,1,0.050000000000000003,per_format,oracle,5001,4806,9,140,46,0.96280743851229755,0.98900219956008795
CodeBERT_partial_s2027,same_period,Pooled,0,0.050000000000000003,per_format,deployment,14945,304,431,469,13741,0.049180327868852458,0.051722984275677487
CodeBERT_partial_s2027,same_period,Pooled,1,0.050000000000000003,per_format,deployment,15055,13840,53,951,211,0.92281634008635005,0.98246429757555631
CodeBERT_partial_s2027,same_period,Win32,0,0.050000000000000003,per_format,deployment,4969,96,163,192,4518,0.052123163614409336,0.057959347957335483
CodeBERT_partial_s2027,same_period,Win32,1,0.050000000000000003,per_format,deployment,5031,4343,24,549,115,0.86801828662293778,0.97237129795269328
CodeBERT_partial_s2027,same_period,Win64,0,0.050000000000000003,per_format,deployment,4977,85,194,166,4532,0.056057866184448461,0.0504319871408479
CodeBERT_partial_s2027,same_period,Win64,1,0.050000000000000003,per_format,deployment,5023,4758,21,198,46,0.95142345212024682,0.98666135775433006
CodeBERT_partial_s2027,same_period,Dot_Net,0,0.050000000000000003,per_format,deployment,4999,123,74,111,4691,0.039407881576315265,0.046809361872374472
CodeBERT_partial_s2027,same_period,Dot_Net,1,0.050000000000000003,per_format,deployment,5001,4739,8,204,50,0.94921015796840635,0.98840231953609281
CodeBERT_partial_s2027,test,Pooled,0,0.001,pooled,oracle,14935,4,10,10,14911,0.00093739537997991292,0.00093739537997991292
CodeBERT_partial_s2027,test,Pooled,1,0.001,pooled,oracle,15065,4950,283,6325,3507,0.34736143378692336,0.74842349817457687
CodeBERT_partial_s2027,test,Win32,0,0.001,pooled,oracle,5018,0,0,1,5017,0,0.00019928258270227183
CodeBERT_partial_s2027,test,Win32,1,0.001,pooled,oracle,4982,1849,39,1591,1503,0.37896427137695704,0.6904857486953031
CodeBERT_partial_s2027,test,Win64,0,0.001,pooled,oracle,4953,1,3,4,4945,0.00080759135877246115,0.0010094891984655764
CodeBERT_partial_s2027,test,Win64,1,0.001,pooled,oracle,5047,1134,92,2962,859,0.24291658410937189,0.8115712304339211
CodeBERT_partial_s2027,test,Dot_Net,0,0.001,pooled,oracle,4964,3,7,5,4949,0.00201450443190975,0.0016116035455278001
CodeBERT_partial_s2027,test,Dot_Net,1,0.001,pooled,oracle,5036,1967,152,1772,1145,0.42077045274027003,0.7424543288324067
CodeBERT_partial_s2027,test,Pooled,0,0.001,pooled,deployment,14935,6,21,18,14890,0.0018078339471041178,0.0016069635085369936
CodeBERT_partial_s2027,test,Pooled,1,0.001,pooled,deployment,15065,6358,317,5573,2817,0.44307998672419513,0.79196813806837041
CodeBERT_partial_s2027,test,Win32,0,0.001,pooled,deployment,5018,0,2,3,5013,0.00039856516540454366,0.00059784774810681541
CodeBERT_partial_s2027,test,Win32,1,0.001,pooled,deployment,4982,2281,66,1373,1262,0.47109594540345245,0.73344038538739464
CodeBERT_partial_s2027,test,Win64,0,0.001,pooled,deployment,4953,1,8,6,4938,0.0018170805572380376,0.001413284877851807
CodeBERT_partial_s2027,test,Win64,1,0.001,pooled,deployment,5047,1590,90,2667,700,0.33287101248266299,0.8434713691301764
CodeBERT_partial_s2027,test,Dot_Net,0,0.001,pooled,deployment,4964,5,11,9,4939,0.0032232070910556002,0.0028203062046736503
CodeBERT_partial_s2027,test,Dot_Net,1,0.001,pooled,deployment,5036,2487,161,1533,855,0.52581413820492451,0.79825258141382049
CodeBERT_partial_s2027,test,Pooled,0,0.001,per_format,oracle,14935,2,11,11,14911,0.00087043856712420487,0.00087043856712420487
CodeBERT_partial_s2027,test,Pooled,1,0.001,per_format,oracle,15065,5071,218,6618,3158,0.35107865914371061,0.77590441420511114
CodeBERT_partial_s2027,test,Win32,0,0.001,per_format,oracle,5018,0,5,5,5008,0.00099641291351135913,0.00099641291351135913
CodeBERT_partial_s2027,test,Win32,1,0.001,per_format,oracle,4982,2511,44,1526,901,0.51284624648735444,0.81031714171015656
CodeBERT_partial_s2027,test,Win64,0,0.001,per_format,oracle,4953,1,3,3,4946,0.00080759135877246115,0.00080759135877246115
CodeBERT_partial_s2027,test,Win64,1,0.001,per_format,oracle,5047,1133,98,2934,882,0.24390727164652268,0.80582524271844658
CodeBERT_partial_s2027,test,Dot_Net,0,0.001,per_format,oracle,4964,1,3,3,4957,0.00080580177276390005,0.00080580177276390005
CodeBERT_partial_s2027,test,Dot_Net,1,0.001,per_format,oracle,5036,1427,76,2158,1375,0.29845115170770453,0.71187450357426529
CodeBERT_partial_s2027,test,Pooled,0,0.001,per_format,deployment,14935,5,21,17,14892,0.0017408771342484097,0.0014730498828255775
CodeBERT_partial_s2027,test,Pooled,1,0.001,per_format,deployment,15065,6336,300,5714,2715,0.44049120477928977,0.79986724195154335
CodeBERT_partial_s2027,test,Win32,0,0.001,per_format,deployment,5018,0,2,3,5013,0.00039856516540454366,0.00059784774810681541
CodeBERT_partial_s2027,test,Win32,1,0.001,per_format,deployment,4982,2286,45,1517,1134,0.46788438378161379,0.7633480529907668
CodeBERT_partial_s2027,test,Win64,0,0.001,per_format,deployment,4953,1,8,5,4939,0.0018170805572380376,0.0012113870381586917
CodeBERT_partial_s2027,test,Win64,1,0.001,per_format,deployment,5047,1587,93,2653,714,0.33287101248266299,0.84010303150386367
CodeBERT_partial_s2027,test,Dot_Net,0,0.001,per_format,deployment,4964,4,11,9,4940,0.0030217566478646252,0.0026188557614826753
CodeBERT_partial_s2027,test,Dot_Net,1,0.001,per_format,deployment,5036,2463,162,1544,867,0.52124702144559176,0.79567116759332801
CodeBERT_partial_s2027,test,Pooled,0,0.0050000000000000001,pooled,oracle,14935,23,51,51,14810,0.0049548041513223975,0.0049548041513223975
CodeBERT_partial_s2027,test,Pooled,1,0.0050000000000000001,pooled,oracle,15065,9453,198,3998,1416,0.64062396282774647,0.89286425489545307
CodeBERT_partial_s2027,test,Win32,0,0.0050000000000000001,pooled,oracle,5018,0,15,8,4995,0.0029892387405340772,0.0015942606616181746
CodeBERT_partial_s2027,test,Win32,1,0.0050000000000000001,pooled,oracle,4982,3140,72,1077,693,0.64472099558410279,0.846447209955841
CodeBERT_partial_s2027,test,Win64,0,0.0050000000000000001,pooled,oracle,4953,5,21,11,4916,0.0052493438320209973,0.0032303654350898446
CodeBERT_partial_s2027,test,Win64,1,0.0050000000000000001,pooled,oracle,5047,2934,61,1675,377,0.59342183475331878,0.91321577174559143
CodeBERT_partial_s2027,test,Dot_Net,0,0.0050000000000000001,pooled,oracle,4964,18,15,32,4899,0.0066478646253021753,0.010072522159548751
CodeBERT_partial_s2027,test,Dot_Net,1,0.0050000000000000001,pooled,oracle,5036,3379,65,1246,346,0.68387609213661638,0.91838760921366158
CodeBERT_partial_s2027,test,Pooled,0,0.0050000000000000001,pooled,deployment,14935,26,61,67,14781,0.0058252427184466021,0.0062269835955808504
CodeBERT_partial_s2027,test,Pooled,1,0.0050000000000000001,pooled,deployment,15065,9651,175,3990,1249,0.65224029206770662,0.90547626949883842
CodeBERT_partial_s2027,test,Win32,0,0.0050000000000000001,pooled,deployment,5018,0,21,11,4986,0.0041849342367477086,0.00219210840972499
CodeBERT_partial_s2027,test,Win32,1,0.0050000000000000001,pooled,deployment,4982,3202,57,1107,616,0.65415495784825373,0.8649136892814131
CodeBERT_partial_s2027,test,Win64,0,0.0050000000000000001,pooled,deployment,4953,7,25,17,4904,0.0064607308701796892,0.0048455481526347667
CodeBERT_partial_s2027,test,Win64,1,0.0050000000000000001,pooled,deployment,5047,3014,58,1635,340,0.60867842282544082,0.92114127204279772
CodeBERT_partial_s2027,test,Dot_Net,0,0.0050000000000000001,pooled,deployment,4964,19,15,39,4891,0.0068493150684931503,0.011684125705076551
CodeBERT_partial_s2027,test,Dot_Net,1,0.0050000000000000001,pooled,deployment,5036,3435,60,1248,293,0.69400317712470216,0.92990468625893563
CodeBERT_partial_s2027,test,Pooled,0,0.0050000000000000001,per_format,oracle,14935,14,59,58,14804,0.0048878473384666886,0.0048208905256109805
CodeBERT_partial_s2027,test,Pooled,1,0.0050000000000000001,per_format,oracle,15065,9339,227,4104,1395,0.63498174576833721,0.89233322270162629
CodeBERT_partial_s2027,test,Win32,0,0.0050000000000000001,per_format,oracle,5018,1,24,23,4970,0.0049820645675567954,0.0047827819848545233
CodeBERT_partial_s2027,test,Win32,1,0.0050000000000000001,per_format,oracle,4982,3283,47,1146,506,0.66840626254516255,0.88900040144520276
CodeBERT_partial_s2027,test,Win64,0,0.0050000000000000001,per_format,oracle,4953,4,20,20,4909,0.0048455481526347667,0.0048455481526347667
CodeBERT_partial_s2027,test,Win64,1,0.0050000000000000001,per_format,oracle,5047,2908,45,1763,331,0.58510005944125221,0.92550029720626115
CodeBERT_partial_s2027,test,Dot_Net,0,0.0050000000000000001,per_format,oracle,4964,9,15,15,4925,0.0048348106365834007,0.0048348106365834007
CodeBERT_partial_s2027,test,Dot_Net,1,0.0050000000000000001,per_format,oracle,5036,3148,135,1195,558,0.65190627482128671,0.86239078633836375
CodeBERT_partial_s2027,test,Pooled,0,0.0050000000000000001,per_format,deployment,14935,24,62,67,14782,0.0057582859055908941,0.0060930699698694343
CodeBERT_partial_s2027,test,Pooled,1,0.0050000000000000001,per_format,deployment,15065,9636,179,3982,1268,0.6515101228011948,0.90394955194158644
CodeBERT_partial_s2027,test,Win32,0,0.0050000000000000001,per_format,deployment,5018,0,20,16,4982,0.0039856516540454365,0.0031885213232363493
CodeBERT_partial_s2027,test,Win32,1,0.0050000000000000001,per_format,deployment,4982,3191,49,1159,583,0.65034122842232034,0.8731433159373746
CodeBERT_partial_s2027,test,Win64,0,0.0050000000000000001,per_format,deployment,4953,7,25,19,4902,0.0064607308701796892,0.0052493438320209973
CodeBERT_partial_s2027,test,Win64,1,0.0050000000000000001,per_format,deployment,5047,3031,49,1642,325,0.61026352288488206,0.92589657222112143
CodeBERT_partial_s2027,test,Dot_Net,0,0.0050000000000000001,per_format,deployment,4964,17,17,32,4898,0.0068493150684931503,0.0098710717163577755
CodeBERT_partial_s2027,test,Dot_Net,1,0.0050000000000000001,per_format,deployment,5036,3414,81,1181,360,0.69400317712470216,0.91243050039714058
CodeBERT_partial_s2027,test,Pooled,0,0.01,pooled,oracle,14935,42,107,107,14679,0.009976565115500503,0.009976565115500503
CodeBERT_partial_s2027,test,Pooled,1,0.01,pooled,oracle,15065,10802,168,3163,932,0.72817789578493197,0.9269830733488218
CodeBERT_partial_s2027,test,Win32,0,0.01,pooled,oracle,5018,4,42,27,4945,0.0091669988043045041,0.0061777600637704265
CodeBERT_partial_s2027,test,Win32,1,0.01,pooled,oracle,4982,3500,64,959,459,0.71537535126455243,0.89502207948615009
CodeBERT_partial_s2027,test,Win64,0,0.01,pooled,oracle,4953,9,43,30,4871,0.010498687664041995,0.007874015748031496
CodeBERT_partial_s2027,test,Win64,1,0.01,pooled,oracle,5047,3490,62,1235,260,0.70378442639191596,0.93619972260748963
CodeBERT_partial_s2027,test,Dot_Net,0,0.01,pooled,oracle,4964,29,22,50,4863,0.010273972602739725,0.015914585012087028
CodeBERT_partial_s2027,test,Dot_Net,1,0.01,pooled,oracle,5036,3812,42,969,213,0.76528991262907065,0.94936457505957106
CodeBERT_partial_s2027,test,Pooled,0,0.01,pooled,deployment,14935,50,108,136,14641,0.010579176431201875,0.012453967191161701
CodeBERT_partial_s2027,test,Pooled,1,0.01,pooled,deployment,15065,10951,146,3130,838,0.73660803186193158,0.9346830401593097
CodeBERT_partial_s2027,test,Win32,0,0.01,pooled,deployment,5018,4,43,35,4936,0.0093662813870067762,0.0077720207253886009
CodeBERT_partial_s2027,test,Win32,1,0.01,pooled,deployment,4982,3532,57,988,405,0.72039341629867526,0.90726615816940992
CodeBERT_partial_s2027,test,Win64,0,0.01,pooled,deployment,4953,12,47,38,4856,0.011911972541893802,0.010094891984655765
CodeBERT_partial_s2027,test,Win64,1,0.01,pooled,deployment,5047,3562,57,1189,239,0.71705963938973649,0.94135129780067361
CodeBERT_partial_s2027,test,Dot_Net,0,0.01,pooled,deployment,4964,34,18,63,4849,0.010475423045930701,0.019540692989524575
CodeBERT_partial_s2027,test,Dot_Net,1,0.01,pooled,deployment,5036,3857,32,953,194,0.77223987291501195,0.95512311358220814
CodeBERT_partial_s2027,test,Pooled,0,0.01,per_format,oracle,14935,40,108,108,14679,0.0099096083026447949,0.0099096083026447949
CodeBERT_partial_s2027,test,Pooled,1,0.01,per_format,oracle,15065,10728,205,3198,934,0.72572187188848325,0.92439429140391638
CodeBERT_partial_s2027,test,Win32,0,0.01,per_format,oracle,5018,5,45,45,4923,0.0099641291351135908,0.0099641291351135908
CodeBERT_partial_s2027,test,Win32,1,0.01,per_format,oracle,4982,3560,54,999,369,0.72541148133279809,0.91509433962264153
CodeBERT_partial_s2027,test,Win64,0,0.01,per_format,oracle,4953,11,38,38,4866,0.0098929941449626482,0.0098929941449626482
CodeBERT_partial_s2027,test,Win64,1,0.01,per_format,oracle,5047,3433,54,1317,243,0.69090548840895583,0.94115316029324347
CodeBERT_partial_s2027,test,Dot_Net,0,0.01,per_format,oracle,4964,24,25,25,4890,0.0098710717163577755,0.0098710717163577755
CodeBERT_partial_s2027,test,Dot_Net,1,0.01,per_format,oracle,5036,3735,97,882,322,0.76092136616362194,0.9167990468625894
CodeBERT_partial_s2027,test,Pooled,0,0.01,per_format,deployment,14935,48,109,130,14648,0.010512219618346167,0.011918312688316036
CodeBERT_partial_s2027,test,Pooled,1,0.01,per_format,deployment,15065,10956,150,3147,812,0.7372054430799867,0.93614337869233322
CodeBERT_partial_s2027,test,Win32,0,0.01,per_format,deployment,5018,4,43,40,4931,0.0093662813870067762,0.0087684336388999598
CodeBERT_partial_s2027,test,Win32,1,0.01,per_format,deployment,4982,3532,55,1000,395,0.71999197109594537,0.90967482938578881
CodeBERT_partial_s2027,test,Win64,0,0.01,per_format,deployment,4953,12,40,47,4854,0.010498687664041995,0.011911972541893802
CodeBERT_partial_s2027,test,Win64,1,0.01,per_format,deployment,5047,3503,45,1299,200,0.7029918763621954,0.95145631067961167
CodeBERT_partial_s2027,test,Dot_Net,0,0.01,per_format,deployment,4964,32,26,43,4863,0.011684125705076551,0.015108783239323126
CodeBERT_partial_s2027,test,Dot_Net,1,0.01,per_format,deployment,5036,3921,50,848,217,0.78852263701350278,0.94698173153296272
CodeBERT_partial_s2027,test,Pooled,0,0.050000000000000003,pooled,oracle,14935,323,423,414,13775,0.049949782390358216,0.049347171074656845
CodeBERT_partial_s2027,test,Pooled,1,0.050000000000000003,pooled,oracle,15065,13718,73,1056,218,0.91543312313309,0.98068370394955195
CodeBERT_partial_s2027,test,Win32,0,0.050000000000000003,pooled,oracle,5018,84,170,164,4600,0.050617776006377041,0.049422080510163412
CodeBERT_partial_s2027,test,Win32,1,0.050000000000000003,pooled,oracle,4982,4284,33,560,105,0.86651947009233243,0.9723002810116419
CodeBERT_partial_s2027,test,Win64,0,0.050000000000000003,pooled,oracle,4953,71,150,144,4588,0.044619422572178477,0.043408035534019784
CodeBERT_partial_s2027,test,Win64,1,0.050000000000000003,pooled,oracle,5047,4635,19,326,67,0.92213195957994853,0.98296017436100658
CodeBERT_partial_s2027,test,Dot_Net,0,0.050000000000000003,pooled,oracle,4964,168,103,106,4587,0.054593070104754234,0.055197421434327154
CodeBERT_partial_s2027,test,Dot_Net,1,0.050000000000000003,pooled,oracle,5036,4799,21,170,46,0.9571088165210484,0.98669579030976962
CodeBERT_partial_s2027,test,Pooled,0,0.050000000000000003,pooled,deployment,14935,321,404,446,13764,0.048543689320388349,0.05135587546032809
CodeBERT_partial_s2027,test,Pooled,1,0.050000000000000003,pooled,deployment,15065,13684,68,1100,213,0.91284434118818458,0.98134749419183542
CodeBERT_partial_s2027,test,Win32,0,0.050000000000000003,pooled,deployment,5018,83,164,182,4589,0.049222797927461141,0.052809884416102029
CodeBERT_partial_s2027,test,Win32,1,0.050000000000000003,pooled,deployment,4982,4270,29,581,102,0.86290646326776399,0.97370533922119629
CodeBERT_partial_s2027,test,Win64,0,0.050000000000000003,pooled,deployment,4953,70,146,153,4584,0.043609933373712904,0.04502321825156471
CodeBERT_partial_s2027,test,Win64,1,0.050000000000000003,pooled,deployment,5047,4631,18,332,66,0.92114127204279772,0.98335644937586686
CodeBERT_partial_s2027,test,Dot_Net,0,0.050000000000000003,pooled,deployment,4964,168,94,111,4591,0.052780016116035458,0.056204673650282033
CodeBERT_partial_s2027,test,Dot_Net,1,0.050000000000000003,pooled,deployment,5036,4783,21,187,45,0.95393169181890392,0.98689436060365365
CodeBERT_partial_s2027,test,Pooled,0,0.050000000000000003,per_format,oracle,14935,315,428,423,13769,0.049748911951791097,0.049414127887512552
CodeBERT_partial_s2027,test,Pooled,1,0.050000000000000003,per_format,oracle,15065,13721,79,1054,211,0.91603053435114501,0.9807500829737803
CodeBERT_partial_s2027,test,Win32,0,0.050000000000000003,per_format,oracle,5018,80,170,165,4603,0.049820645675567952,0.048824232762056594
CodeBERT_partial_s2027,test,Win32,1,0.050000000000000003,per_format,oracle,4982,4276,32,568,106,0.86471296668004816,0.9723002810116419
CodeBERT_partial_s2027,test,Win64,0,0.050000000000000003,per_format,oracle,4953,81,165,164,4543,0.049666868564506361,0.049464970724813241
CodeBERT_partial_s2027,test,Win64,1,0.050000000000000003,per_format,oracle,5047,4685,22,286,54,0.93263324747374676,0.98494154943530809
CodeBERT_partial_s2027,test,Dot_Net,0,0.050000000000000003,per_format,oracle,4964,154,93,94,4623,0.049758259468170828,0.049959709911361803
CodeBERT_partial_s2027,test,Dot_Net,1,0.050000000000000003,per_format,oracle,5036,4760,25,200,51,0.95015885623510721,0.98490865766481339
CodeBERT_partial_s2027,test,Pooled,0,0.050000000000000003,per_format,deployment,14935,327,415,444,13749,0.049681955138935384,0.051623702711750923
CodeBERT_partial_s2027,test,Pooled,1,0.050000000000000003,per_format,deployment,15065,13646,66,1136,217,0.91018918021905082,0.98121473614337873
CodeBERT_partial_s2027,test,Win32,0,0.050000000000000003,per_format,deployment,5018,59,150,134,4675,0.041650059784774811,0.038461538461538464
CodeBERT_partial_s2027,test,Win32,1,0.050000000000000003,per_format,deployment,4982,4158,33,665,126,0.84122842232035322,0.96808510638297873
CodeBERT_partial_s2027,test,Win64,0,0.050000000000000003,per_format,deployment,4953,98,176,193,4486,0.055320008075913585,0.05875227135069655
CodeBERT_partial_s2027,test,Win64,1,0.050000000000000003,per_format,deployment,5047,4714,16,271,46,0.93719041014464033,0.98771547453933028
CodeBERT_partial_s2027,test,Dot_Net,0,0.050000000000000003,per_format,deployment,4964,170,89,117,4588,0.052175664786462531,0.057816277195809833
CodeBERT_partial_s2027,test,Dot_Net,1,0.050000000000000003,per_format,deployment,5036,4774,17,200,45,0.95135027799841143,0.9876886417791898
CodeBERT_partial_s2028,same_period,Pooled,0,0.001,pooled,oracle,14945,2,12,12,14919,0.00093676814988290398,0.00093676814988290398
CodeBERT_partial_s2028,same_period,Pooled,1,0.001,pooled,oracle,15055,6368,320,5076,3291,0.44423779475257391,0.76014613085353699
CodeBERT_partial_s2028,same_period,Win32,0,0.001,pooled,oracle,4969,0,3,4,4962,0.00060374320788891128,0.00080499094385188164
CodeBERT_partial_s2028,same_period,Win32,1,0.001,pooled,oracle,5031,2163,90,1514,1264,0.44782349433512225,0.73086861458954477
CodeBERT_partial_s2028,same_period,Win64,0,0.001,pooled,oracle,4977,1,6,5,4965,0.0014064697609001407,0.0012055455093429777
CodeBERT_partial_s2028,same_period,Win64,1,0.001,pooled,oracle,5023,2698,131,1424,770,0.56320923750746565,0.82062512442763291
CodeBERT_partial_s2028,same_period,Dot_Net,0,0.001,pooled,oracle,4999,1,3,3,4992,0.00080016003200640128,0.00080016003200640128
CodeBERT_partial_s2028,same_period,Dot_Net,1,0.001,pooled,oracle,5001,1507,99,2138,1257,0.32113577284543093,0.7288542291541692
CodeBERT_partial_s2028,same_period,Pooled,0,0.001,pooled,deployment,14945,3,11,18,14913,0.00093676814988290398,0.001405152224824356
CodeBERT_partial_s2028,same_period,Pooled,1,0.001,pooled,deployment,15055,6404,205,5623,2823,0.43899036864828961,0.79887080704085023
CodeBERT_partial_s2028,same_period,Win32,0,0.001,pooled,deployment,4969,0,3,8,4958,0.00060374320788891128,0.0016099818877037633
CodeBERT_partial_s2028,same_period,Win32,1,0.001,pooled,deployment,5031,2172,55,1682,1122,0.44265553567879151,0.76605048698071954
CodeBERT_partial_s2028,same_period,Win64,0,0.001,pooled,deployment,4977,2,5,7,4963,0.0014064697609001407,0.0018083182640144665
CodeBERT_partial_s2028,same_period,Win64,1,0.001,pooled,deployment,5023,2707,94,1550,672,0.55763487955405133,0.84750149313159462
CodeBERT_partial_s2028,same_period,Dot_Net,0,0.001,pooled,deployment,4999,1,3,3,4992,0.00080016003200640128,0.00080016003200640128
CodeBERT_partial_s2028,same_period,Dot_Net,1,0.001,pooled,deployment,5001,1525,56,2391,1029,0.31613677264547091,0.78304339132173562
CodeBERT_partial_s2028,same_period,Pooled,0,0.001,per_format,oracle,14945,1,11,11,14922,0.0008029441284710606,0.0008029441284710606
CodeBERT_partial_s2028,same_period,Pooled,1,0.001,per_format,oracle,15055,6105,237,5724,2989,0.42125539687811359,0.78571903022251743
CodeBERT_partial_s2028,same_period,Win32,0,0.001,per_format,oracle,4969,0,4,4,4961,0.00080499094385188164,0.00080499094385188164
CodeBERT_partial_s2028,same_period,Win32,1,0.001,per_format,oracle,5031,2179,91,1498,1263,0.45120254422580003,0.73086861458954477
CodeBERT_partial_s2028,same_period,Win64,0,0.001,per_format,oracle,4977,0,4,4,4969,0.00080369700622865184,0.00080369700622865184
CodeBERT_partial_s2028,same_period,Win64,1,0.001,per_format,oracle,5023,1876,80,2198,869,0.38940871988851283,0.81106908222177976
CodeBERT_partial_s2028,same_period,Dot_Net,0,0.001,per_format,oracle,4999,1,3,3,4992,0.00080016003200640128,0.00080016003200640128
CodeBERT_partial_s2028,same_period,Dot_Net,1,0.001,per_format,oracle,5001,2050,66,2028,857,0.42311537692461509,0.81543691261747653
CodeBERT_partial_s2028,same_period,Pooled,0,0.001,per_format,deployment,14945,3,10,19,14913,0.00086985613917698224,0.0014720642355302777
CodeBERT_partial_s2028,same_period,Pooled,1,0.001,per_format,deployment,15055,6502,233,5659,2661,0.44735968116904684,0.80777150448356028
CodeBERT_partial_s2028,same_period,Win32,0,0.001,per_format,deployment,4969,0,2,9,4958,0.00040249547192594082,0.0018112296236667338
CodeBERT_partial_s2028,same_period,Win32,1,0.001,per_format,deployment,5031,1804,20,2205,1002,0.3625521765056649,0.79685947127807588
CodeBERT_partial_s2028,same_period,Win64,0,0.001,per_format,deployment,4977,2,4,7,4964,0.0012055455093429777,0.0018083182640144665
CodeBERT_partial_s2028,same_period,Win64,1,0.001,per_format,deployment,5023,2416,80,1829,698,0.49691419470435993,0.84511248258013139
CodeBERT_partial_s2028,same_period,Dot_Net,0,0.001,per_format,deployment,4999,1,4,3,4991,0.0010002000400080016,0.00080016003200640128
CodeBERT_partial_s2028,same_period,Dot_Net,1,0.001,per_format,deployment,5001,2282,133,1625,961,0.48290341931613678,0.7812437512497501
CodeBERT_partial_s2028,same_period,Pooled,0,0.0050000000000000001,pooled,oracle,14945,12,62,62,14809,0.0049514887922382069,0.0049514887922382069
CodeBERT_partial_s2028,same_period,Pooled,1,0.0050000000000000001,pooled,oracle,15055,10399,162,3333,1161,0.7014945200929924,0.91212221853204911
CodeBERT_partial_s2028,same_period,Win32,0,0.0050000000000000001,pooled,oracle,4969,2,28,24,4915,0.0060374320788891128,0.0052324411350372305
CodeBERT_partial_s2028,same_period,Win32,1,0.0050000000000000001,pooled,oracle,5031,3304,42,1130,555,0.66507652554164187,0.88133571854502091
CodeBERT_partial_s2028,same_period,Win64,0,0.0050000000000000001,pooled,oracle,4977,5,25,12,4935,0.0060277275467148887,0.00341571227647177
CodeBERT_partial_s2028,same_period,Win64,1,0.0050000000000000001,pooled,oracle,5023,3922,82,730,289,0.79713318733824412,0.9261397571172606
CodeBERT_partial_s2028,same_period,Dot_Net,0,0.0050000000000000001,pooled,oracle,4999,5,9,26,4959,0.0028005601120224045,0.0062012402480496097
CodeBERT_partial_s2028,same_period,Dot_Net,1,0.0050000000000000001,pooled,oracle,5001,3173,38,1473,317,0.64207158568286338,0.92901419716056788
CodeBERT_partial_s2028,same_period,Pooled,0,0.0050000000000000001,pooled,deployment,14945,14,63,66,14802,0.0051522248243559719,0.0053529608564737369
CodeBERT_partial_s2028,same_period,Pooled,1,0.0050000000000000001,pooled,deployment,15055,10495,162,3270,1128,0.70787113915642641,0.91431418133510467
CodeBERT_partial_s2028,same_period,Win32,0,0.0050000000000000001,pooled,deployment,4969,2,29,27,4911,0.006238679814852083,0.0058361843429261418
CodeBERT_partial_s2028,same_period,Win32,1,0.0050000000000000001,pooled,deployment,5031,3338,44,1107,542,0.67223216060425361,0.88352216259193006
CodeBERT_partial_s2028,same_period,Win64,0,0.0050000000000000001,pooled,deployment,4977,5,25,13,4934,0.0060277275467148887,0.003616636528028933
CodeBERT_partial_s2028,same_period,Win64,1,0.0050000000000000001,pooled,deployment,5023,3945,80,716,282,0.80131395580330478,0.92793151503085802
CodeBERT_partial_s2028,same_period,Dot_Net,0,0.0050000000000000001,pooled,deployment,4999,7,9,26,4957,0.0032006401280256051,0.0066013202640528108
CodeBERT_partial_s2028,same_period,Dot_Net,1,0.0050000000000000001,pooled,deployment,5001,3212,38,1447,304,0.64987002599480104,0.93161367726454714
CodeBERT_partial_s2028,same_period,Pooled,0,0.0050000000000000001,per_format,oracle,14945,10,61,62,14812,0.0047507527601204419,0.004817664770826363
CodeBERT_partial_s2028,same_period,Pooled,1,0.0050000000000000001,per_format,oracle,15055,10531,175,3139,1210,0.7111258718033876,0.90800398538691462
CodeBERT_partial_s2028,same_period,Win32,0,0.0050000000000000001,per_format,oracle,4969,1,23,23,4922,0.0048299456631112903,0.0048299456631112903
CodeBERT_partial_s2028,same_period,Win32,1,0.0050000000000000001,per_format,oracle,5031,3233,40,1162,596,0.65056648777579007,0.87358378056052477
CodeBERT_partial_s2028,same_period,Win64,0,0.0050000000000000001,per_format,oracle,4977,5,18,19,4935,0.0046212577858147476,0.0048221820373719106
CodeBERT_partial_s2028,same_period,Win64,1,0.0050000000000000001,per_format,oracle,5023,3857,51,856,259,0.77802110292653792,0.93828389408719892
CodeBERT_partial_s2028,same_period,Dot_Net,0,0.0050000000000000001,per_format,oracle,4999,4,20,20,4955,0.0048009601920384077,0.0048009601920384077
CodeBERT_partial_s2028,same_period,Dot_Net,1,0.0050000000000000001,per_format,oracle,5001,3441,84,1121,355,0.70485902819436108,0.91221755648870229
CodeBERT_partial_s2028,same_period,Pooled,0,0.0050000000000000001,per_format,deployment,14945,13,64,64,14804,0.0051522248243559719,0.0051522248243559719
CodeBERT_partial_s2028,same_period,Pooled,1,0.0050000000000000001,per_format,deployment,15055,10551,172,3187,1145,0.71225506476253742,0.91252075722351378
CodeBERT_partial_s2028,same_period,Win32,0,0.0050000000000000001,per_format,deployment,4969,3,22,28,4916,0.0050311933990742604,0.006238679814852083
CodeBERT_partial_s2028,same_period,Win32,1,0.0050000000000000001,per_format,deployment,5031,3263,34,1219,515,0.65533691115086468,0.8908765652951699
CodeBERT_partial_s2028,same_period,Win64,0,0.0050000000000000001,per_format,deployment,4977,5,25,15,4932,0.0060277275467148887,0.0040184850311432586
CodeBERT_partial_s2028,same_period,Win64,1,0.0050000000000000001,per_format,deployment,5023,3922,64,762,275,0.79354967151104916,0.93251045192116266
CodeBERT_partial_s2028,same_period,Dot_Net,0,0.0050000000000000001,per_format,deployment,4999,5,17,21,4956,0.0044008801760352066,0.0052010402080416079
CodeBERT_partial_s2028,same_period,Dot_Net,1,0.0050000000000000001,per_format,deployment,5001,3366,74,1206,355,0.68786242751449711,0.9142171565686863
CodeBERT_partial_s2028,same_period,Pooled,0,0.01,pooled,oracle,14945,32,117,117,14679,0.0099698895951823348,0.0099698895951823348
CodeBERT_partial_s2028,same_period,Pooled,1,0.01,pooled,oracle,15055,11574,126,2605,750,0.77715044835602787,0.94181335104616404
CodeBERT_partial_s2028,same_period,Win32,0,0.01,pooled,oracle,4969,6,56,44,4863,0.012477359629704166,0.010062386798148521
CodeBERT_partial_s2028,same_period,Win32,1,0.01,pooled,oracle,5031,3669,41,967,354,0.73742794673027234,0.92148678195189826
CodeBERT_partial_s2028,same_period,Win64,0,0.01,pooled,oracle,4977,10,45,24,4898,0.011050833835643962,0.0068314245529435399
CodeBERT_partial_s2028,same_period,Win64,1,0.01,pooled,oracle,5023,4221,53,544,205,0.85088592474616764,0.94863627314353971
CodeBERT_partial_s2028,same_period,Dot_Net,0,0.01,pooled,oracle,4999,16,16,49,4918,0.0064012802560512103,0.01300260052010402
CodeBERT_partial_s2028,same_period,Dot_Net,1,0.01,pooled,oracle,5001,3684,32,1094,191,0.74305138972205564,0.95540891821635676
CodeBERT_partial_s2028,same_period,Pooled,0,0.01,pooled,deployment,14945,35,132,120,14658,0.011174305787888927,0.010371361659417865
CodeBERT_partial_s2028,same_period,Pooled,1,0.01,pooled,deployment,15055,11792,132,2419,712,0.79202922617070737,0.94393889073397541
CodeBERT_partial_s2028,same_period,Win32,0,0.01,pooled,deployment,4969,8,59,45,4857,0.013483598309519017,0.010666130006037432
CodeBERT_partial_s2028,same_period,Win32,1,0.01,pooled,deployment,5031,3722,44,929,336,0.7485589346054462,0.92446829656131979
CodeBERT_partial_s2028,same_period,Win64,0,0.01,pooled,deployment,4977,10,52,24,4891,0.012457303596544103,0.0068314245529435399
CodeBERT_partial_s2028,same_period,Win64,1,0.01,pooled,deployment,5023,4273,58,498,194,0.86223372486561811,0.94983077841927133
CodeBERT_partial_s2028,same_period,Dot_Net,0,0.01,pooled,deployment,4999,17,21,51,4910,0.0076015203040608118,0.013602720544108821
CodeBERT_partial_s2028,same_period,Dot_Net,1,0.01,pooled,deployment,5001,3797,30,992,182,0.76524695060987802,0.95760847830433915
CodeBERT_partial_s2028,same_period,Pooled,0,0.01,per_format,oracle,14945,34,113,113,14685,0.0098360655737704927,0.0098360655737704927
CodeBERT_partial_s2028,same_period,Pooled,1,0.01,per_format,oracle,15055,11758,120,2449,728,0.78897376286947862,0.943673198272999
CodeBERT_partial_s2028,same_period,Win32,0,0.01,per_format,oracle,4969,5,44,44,4876,0.0098611390621855498,0.0098611390621855498
CodeBERT_partial_s2028,same_period,Win32,1,0.01,per_format,oracle,5031,3582,39,1043,367,0.71973762671437091,0.91930033790498911
CodeBERT_partial_s2028,same_period,Win64,0,0.01,per_format,oracle,4977,10,39,39,4889,0.0098452883263009851,0.0098452883263009851
CodeBERT_partial_s2028,same_period,Win64,1,0.01,per_format,oracle,5023,4196,32,639,156,0.84172805096555847,0.96257216802707546
CodeBERT_partial_s2028,same_period,Dot_Net,0,0.01,per_format,oracle,4999,19,30,30,4920,0.0098019603920784151,0.0098019603920784151
CodeBERT_partial_s2028,same_period,Dot_Net,1,0.01,per_format,oracle,5001,3980,49,767,205,0.80563887222555486,0.94921015796840635
CodeBERT_partial_s2028,same_period,Pooled,0,0.01,per_format,deployment,14945,35,130,116,14664,0.011040481766477083,0.010103713616594179
CodeBERT_partial_s2028,same_period,Pooled,1,0.01,per_format,deployment,15055,11851,127,2375,702,0.79561607439388904,0.94493523746263697
CodeBERT_partial_s2028,same_period,Win32,0,0.01,per_format,deployment,4969,6,54,53,4856,0.012074864157778226,0.011873616421815255
CodeBERT_partial_s2028,same_period,Win32,1,0.01,per_format,deployment,5031,3648,37,1016,330,0.73245875571456964,0.92705227588948524
CodeBERT_partial_s2028,same_period,Win64,0,0.01,per_format,deployment,4977,12,50,35,4880,0.012457303596544103,0.0094434398231866591
CodeBERT_partial_s2028,same_period,Win64,1,0.01,per_format,deployment,5023,4284,40,538,161,0.86084013537726456,0.95998407326299029
CodeBERT_partial_s2028,same_period,Dot_Net,0,0.01,per_format,deployment,4999,17,26,28,4928,0.0086017203440688136,0.0090018003600720146
CodeBERT_partial_s2028,same_period,Dot_Net,1,0.01,per_format,deployment,5001,3919,50,821,211,0.79364127174565091,0.94781043791241748
CodeBERT_partial_s2028,same_period,Pooled,0,0.050000000000000003,pooled,oracle,14945,288,459,457,13741,0.049983271997323518,0.049849447975911676
CodeBERT_partial_s2028,same_period,Pooled,1,0.050000000000000003,pooled,oracle,15055,13868,61,918,208,0.92520757223513783,0.98213218199933572
CodeBERT_partial_s2028,same_period,Win32,0,0.050000000000000003,pooled,oracle,4969,108,208,232,4421,0.06359428456429865,0.068424230227409941
CodeBERT_partial_s2028,same_period,Win32,1,0.050000000000000003,pooled,oracle,5031,4424,21,487,99,0.88352216259193006,0.9761478831246273
CodeBERT_partial_s2028,same_period,Win64,0,0.050000000000000003,pooled,oracle,4977,55,166,136,4620,0.044404259594133015,0.038376532047418123
CodeBERT_partial_s2028,same_period,Win64,1,0.050000000000000003,pooled,oracle,5023,4690,28,247,58,0.9392793151503086,0.98287875771451327
CodeBERT_partial_s2028,same_period,Dot_Net,0,0.050000000000000003,pooled,oracle,4999,125,85,89,4700,0.042008401680336066,0.042808561712342472
CodeBERT_partial_s2028,same_period,Dot_Net,1,0.050000000000000003,pooled,oracle,5001,4754,12,184,51,0.95300939812037588,0.98740251949610081
CodeBERT_partial_s2028,same_period,Pooled,0,0.050000000000000003,pooled,deployment,14945,300,461,480,13704,0.05092004014720642,0.052191368350618939
CodeBERT_partial_s2028,same_period,Pooled,1,0.050000000000000003,pooled,deployment,15055,13884,59,914,198,0.92613749584855531,0.98292925938226505
CodeBERT_partial_s2028,same_period,Win32,0,0.050000000000000003,pooled,deployment,4969,113,208,246,4402,0.0646005232441135,0.072247937210706381
CodeBERT_partial_s2028,same_period,Win32,1,0.050000000000000003,pooled,deployment,5031,4432,21,484,94,0.88511230371695493,0.97714172132776789
CodeBERT_partial_s2028,same_period,Win64,0,0.050000000000000003,pooled,deployment,4977,59,168,142,4608,0.045609805103475988,0.040385774562989751
CodeBERT_partial_s2028,same_period,Win64,1,0.050000000000000003,pooled,deployment,5023,4692,27,250,54,0.93947839936293054,0.98387417877762295
CodeBERT_partial_s2028,same_period,Dot_Net,0,0.050000000000000003,pooled,deployment,4999,128,85,92,4694,0.042608521704340867,0.044008801760352073
CodeBERT_partial_s2028,same_period,Dot_Net,1,0.050000000000000003,pooled,deployment,5001,4760,11,180,50,0.95400919816036789,0.98780243951209756
CodeBERT_partial_s2028,same_period,Pooled,0,0.050000000000000003,per_format,oracle,14945,296,448,445,13756,0.049782535965205751,0.049581799933087992
CodeBERT_partial_s2028,same_period,Pooled,1,0.050000000000000003,per_format,oracle,15055,13794,64,988,209,0.92049153105280634,0.98186648953835931
CodeBERT_partial_s2028,same_period,Win32,0,0.050000000000000003,per_format,oracle,4969,73,175,174,4547,0.049909438518816664,0.049708190782853691
CodeBERT_partial_s2028,same_period,Win32,1,0.050000000000000003,per_format,oracle,5031,4267,28,614,122,0.85370701649771419,0.97018485390578413
CodeBERT_partial_s2028,same_period,Win64,0,0.050000000000000003,per_format,oracle,4977,69,179,177,4552,0.049829214386176414,0.049427365883062083
CodeBERT_partial_s2028,same_period,Win64,1,0.050000000000000003,per_format,oracle,5023,4728,25,227,43,0.94624726259207648,0.98646227354170812
CodeBERT_partial_s2028,same_period,Dot_Net,0,0.050000000000000003,per_format,oracle,4999,154,94,94,4657,0.049609921984396878,0.049609921984396878
CodeBERT_partial_s2028,same_period,Dot_Net,1,0.050000000000000003,per_format,oracle,5001,4799,11,147,44,0.96180763847230555,0.98900219956008795
CodeBERT_partial_s2028,same_period,Pooled,0,0.050000000000000003,per_format,deployment,14945,301,467,472,13705,0.051388424222147878,0.051722984275677487
CodeBERT_partial_s2028,same_period,Pooled,1,0.050000000000000003,per_format,deployment,15055,13872,64,919,200,0.92567253404184657,0.98246429757555631
CodeBERT_partial_s2028,same_period,Win32,0,0.050000000000000003,per_format,deployment,4969,85,194,203,4487,0.056148118333668749,0.057959347957335483
CodeBERT_partial_s2028,same_period,Win32,1,0.050000000000000003,per_format,deployment,5031,4340,27,552,112,0.86801828662293778,0.97237129795269328
CodeBERT_partial_s2028,same_period,Win64,0,0.050000000000000003,per_format,deployment,4977,78,188,173,4538,0.053445850914205346,0.0504319871408479
CodeBERT_partial_s2028,same_period,Win64,1,0.050000000000000003,per_format,deployment,5023,4758,27,198,40,0.95261795739597854,0.98666135775433006
CodeBERT_partial_s2028,same_period,Dot_Net,0,0.050000000000000003,per_format,deployment,4999,138,85,96,4680,0.044608921784356874,0.046809361872374472
CodeBERT_partial_s2028,same_period,Dot_Net,1,0.050000000000000003,per_format,deployment,5001,4774,10,169,48,0.95660867826434715,0.98840231953609281
CodeBERT_partial_s2028,test,Pooled,0,0.001,pooled,oracle,14935,2,12,12,14909,0.00093739537997991292,0.00093739537997991292
CodeBERT_partial_s2028,test,Pooled,1,0.001,pooled,oracle,15065,4735,297,6540,3493,0.3340192499170262,0.74842349817457687
CodeBERT_partial_s2028,test,Win32,0,0.001,pooled,oracle,5018,0,3,1,5014,0.00059784774810681541,0.00019928258270227183
CodeBERT_partial_s2028,test,Win32,1,0.001,pooled,oracle,4982,1848,67,1592,1475,0.38438378161380971,0.6904857486953031
CodeBERT_partial_s2028,test,Win64,0,0.001,pooled,oracle,4953,1,4,4,4944,0.0010094891984655764,0.0010094891984655764
CodeBERT_partial_s2028,test,Win64,1,0.001,pooled,oracle,5047,1414,149,2682,802,0.30968892411333465,0.8115712304339211
CodeBERT_partial_s2028,test,Dot_Net,0,0.001,pooled,oracle,4964,1,5,7,4951,0.0012087026591458502,0.0016116035455278001
CodeBERT_partial_s2028,test,Dot_Net,1,0.001,pooled,oracle,5036,1473,81,2266,1216,0.30857823669579032,0.7424543288324067
CodeBERT_partial_s2028,test,Pooled,0,0.001,pooled,deployment,14935,3,14,21,14897,0.0011382658185470371,0.0016069635085369936
CodeBERT_partial_s2028,test,Pooled,1,0.001,pooled,deployment,15065,5463,241,6468,2893,0.37862595419847328,0.79196813806837041
CodeBERT_partial_s2028,test,Win32,0,0.001,pooled,deployment,5018,0,3,3,5012,0.00059784774810681541,0.00059784774810681541
CodeBERT_partial_s2028,test,Win32,1,0.001,pooled,deployment,4982,2002,60,1652,1268,0.41389000401445203,0.73344038538739464
CodeBERT_partial_s2028,test,Win64,0,0.001,pooled,deployment,4953,1,7,6,4939,0.0016151827175449223,0.001413284877851807
CodeBERT_partial_s2028,test,Win64,1,0.001,pooled,deployment,5047,1694,107,2563,683,0.35684565088171188,0.8434713691301764
CodeBERT_partial_s2028,test,Dot_Net,0,0.001,pooled,deployment,4964,2,4,12,4946,0.0012087026591458502,0.0028203062046736503
CodeBERT_partial_s2028,test,Dot_Net,1,0.001,pooled,deployment,5036,1767,74,2253,942,0.36556791104050834,0.79825258141382049
CodeBERT_partial_s2028,test,Pooled,0,0.001,per_format,oracle,14935,2,11,11,14911,0.00087043856712420487,0.00087043856712420487
CodeBERT_partial_s2028,test,Pooled,1,0.001,per_format,oracle,15065,4479,208,7210,3168,0.31111848655824759,0.77590441420511114
CodeBERT_partial_s2028,test,Win32,0,0.001,per_format,oracle,5018,0,5,5,5008,0.00099641291351135913,0.00099641291351135913
CodeBERT_partial_s2028,test,Win32,1,0.001,per_format,oracle,4982,2385,37,1652,908,0.48615014050582095,0.81031714171015656
CodeBERT_partial_s2028,test,Win64,0,0.001,per_format,oracle,4953,1,3,3,4946,0.00080759135877246115,0.00080759135877246115
CodeBERT_partial_s2028,test,Win64,1,0.001,per_format,oracle,5047,930,103,3137,877,0.20467604517535171,0.80582524271844658
CodeBERT_partial_s2028,test,Dot_Net,0,0.001,per_format,oracle,4964,1,3,3,4957,0.00080580177276390005,0.00080580177276390005
CodeBERT_partial_s2028,test,Dot_Net,1,0.001,per_format,oracle,5036,1164,68,2421,1383,0.24463860206513105,0.71187450357426529
CodeBERT_partial_s2028,test,Pooled,0,0.001,per_format,deployment,14935,5,14,17,14899,0.0012721794442584534,0.0014730498828255775
CodeBERT_partial_s2028,test,Pooled,1,0.001,per_format,deployment,15065,5724,289,6326,2726,0.39913707268503151,0.79986724195154335
CodeBERT_partial_s2028,test,Win32,0,0.001,per_format,deployment,5018,0,2,3,5013,0.00039856516540454366,0.00059784774810681541
CodeBERT_partial_s2028,test,Win32,1,0.001,per_format,deployment,4982,1818,27,1985,1152,0.37033319951826577,0.7633480529907668
CodeBERT_partial_s2028,test,Win64,0,0.001,per_format,deployment,4953,1,4,5,4943,0.0010094891984655764,0.0012113870381586917
CodeBERT_partial_s2028,test,Win64,1,0.001,per_format,deployment,5047,1463,98,2777,709,0.30929264909847431,0.84010303150386367
CodeBERT_partial_s2028,test,Dot_Net,0,0.001,per_format,deployment,4964,4,8,9,4943,0.0024174053182917004,0.0026188557614826753
CodeBERT_partial_s2028,test,Dot_Net,1,0.001,per_format,deployment,5036,2443,164,1564,865,0.51767275615567909,0.79567116759332801
CodeBERT_partial_s2028,test,Pooled,0,0.0050000000000000001,pooled,oracle,14935,23,51,51,14810,0.0049548041513223975,0.0049548041513223975
CodeBERT_partial_s2028,test,Pooled,1,0.0050000000000000001,pooled,oracle,15065,9646,212,3805,1402,0.65436442084301361,0.89286425489545307
CodeBERT_partial_s2028,test,Win32,0,0.0050000000000000001,pooled,oracle,5018,1,15,7,4995,0.0031885213232363493,0.0015942606616181746
CodeBERT_partial_s2028,test,Win32,1,0.0050000000000000001,pooled,oracle,4982,3138,70,1079,695,0.64391810517864312,0.846447209955841
CodeBERT_partial_s2028,test,Win64,0,0.0050000000000000001,pooled,oracle,4953,7,24,9,4913,0.0062588330304865734,0.0032303654350898446
CodeBERT_partial_s2028,test,Win64,1,0.0050000000000000001,pooled,oracle,5047,3131,79,1478,359,0.63602139885080244,0.91321577174559143
CodeBERT_partial_s2028,test,Dot_Net,0,0.0050000000000000001,pooled,oracle,4964,15,12,35,4902,0.0054391619661563256,0.010072522159548751
CodeBERT_partial_s2028,test,Dot_Net,1,0.0050000000000000001,pooled,oracle,5036,3377,63,1248,348,0.68308181096108023,0.91838760921366158
CodeBERT_partial_s2028,test,Pooled,0,0.0050000000000000001,pooled,deployment,14935,20,46,73,14796,0.0044191496484767322,0.0062269835955808504
CodeBERT_partial_s2028,test,Pooled,1,0.0050000000000000001,pooled,deployment,15065,9408,156,4233,1268,0.63484898771988052,0.90547626949883842
CodeBERT_partial_s2028,test,Win32,0,0.0050000000000000001,pooled,deployment,5018,1,14,10,4993,0.0029892387405340772,0.00219210840972499
CodeBERT_partial_s2028,test,Win32,1,0.0050000000000000001,pooled,deployment,4982,3095,45,1214,628,0.63026896828582901,0.8649136892814131
CodeBERT_partial_s2028,test,Win64,0,0.0050000000000000001,pooled,deployment,4953,6,21,18,4908,0.0054512416717141131,0.0048455481526347667
CodeBERT_partial_s2028,test,Win64,1,0.0050000000000000001,pooled,deployment,5047,3036,62,1613,336,0.61382999801862492,0.92114127204279772
CodeBERT_partial_s2028,test,Dot_Net,0,0.0050000000000000001,pooled,deployment,4964,13,11,45,4895,0.0048348106365834007,0.011684125705076551
CodeBERT_partial_s2028,test,Dot_Net,1,0.0050000000000000001,pooled,deployment,5036,3277,49,1406,304,0.6604447974583002,0.92990468625893563
CodeBERT_partial_s2028,test,Pooled,0,0.0050000000000000001,per_format,oracle,14935,13,60,59,14803,0.0048878473384666886,0.0048208905256109805
CodeBERT_partial_s2028,test,Pooled,1,0.0050000000000000001,per_format,oracle,15065,9360,239,4083,1383,0.63717225356787255,0.89233322270162629
CodeBERT_partial_s2028,test,Win32,0,0.0050000000000000001,per_format,oracle,5018,1,24,23,4970,0.0049820645675567954,0.0047827819848545233
CodeBERT_partial_s2028,test,Win32,1,0.0050000000000000001,per_format,oracle,4982,3292,47,1137,506,0.67021276595744683,0.88900040144520276
CodeBERT_partial_s2028,test,Win64,0,0.0050000000000000001,per_format,oracle,4953,6,18,18,4911,0.0048455481526347667,0.0048455481526347667
CodeBERT_partial_s2028,test,Win64,1,0.0050000000000000001,per_format,oracle,5047,2844,47,1827,329,0.57281553398058249,0.92550029720626115
CodeBERT_partial_s2028,test,Dot_Net,0,0.0050000000000000001,per_format,oracle,4964,6,18,18,4922,0.0048348106365834007,0.0048348106365834007
CodeBERT_partial_s2028,test,Dot_Net,1,0.0050000000000000001,per_format,oracle,5036,3224,145,1119,548,0.66898332009531369,0.86239078633836375
CodeBERT_partial_s2028,test,Pooled,0,0.0050000000000000001,per_format,deployment,14935,24,46,67,14798,0.0046869768998995644,0.0060930699698694343
CodeBERT_partial_s2028,test,Pooled,1,0.0050000000000000001,per_format,deployment,15065,9445,165,4173,1282,0.63790242283438436,0.90394955194158644
CodeBERT_partial_s2028,test,Win32,0,0.0050000000000000001,per_format,deployment,5018,1,13,15,4989,0.0027899561578318055,0.0031885213232363493
CodeBERT_partial_s2028,test,Win32,1,0.0050000000000000001,per_format,deployment,4982,3024,32,1326,600,0.61340826977117624,0.8731433159373746
CodeBERT_partial_s2028,test,Win64,0,0.0050000000000000001,per_format,deployment,4953,6,20,20,4907,0.0052493438320209973,0.0052493438320209973
CodeBERT_partial_s2028,test,Win64,1,0.0050000000000000001,per_format,deployment,5047,2980,51,1693,323,0.60055478502080439,0.92589657222112143
CodeBERT_partial_s2028,test,Dot_Net,0,0.0050000000000000001,per_format,deployment,4964,17,13,32,4902,0.0060435132957292505,0.0098710717163577755
CodeBERT_partial_s2028,test,Dot_Net,1,0.0050000000000000001,per_format,deployment,5036,3441,82,1154,359,0.6995631453534551,0.91243050039714058
CodeBERT_partial_s2028,test,Pooled,0,0.01,pooled,oracle,14935,40,109,109,14677,0.009976565115500503,0.009976565115500503
CodeBERT_partial_s2028,test,Pooled,1,0.01,pooled,oracle,15065,10942,176,3023,924,0.73800199137072686,0.9269830733488218
CodeBERT_partial_s2028,test,Win32,0,0.01,pooled,oracle,5018,2,37,29,4950,0.0077720207253886009,0.0061777600637704265
CodeBERT_partial_s2028,test,Win32,1,0.01,pooled,oracle,4982,3463,69,996,454,0.7089522280208751,0.89502207948615009
CodeBERT_partial_s2028,test,Win64,0,0.01,pooled,oracle,4953,12,53,27,4861,0.013123359580052493,0.007874015748031496
CodeBERT_partial_s2028,test,Win64,1,0.01,pooled,oracle,5047,3654,66,1071,256,0.73707152764018224,0.93619972260748963
CodeBERT_partial_s2028,test,Dot_Net,0,0.01,pooled,oracle,4964,26,19,53,4866,0.0090652699435938757,0.015914585012087028
CodeBERT_partial_s2028,test,Dot_Net,1,0.01,pooled,oracle,5036,3825,41,956,214,0.76767275615567909,0.94936457505957106
CodeBERT_partial_s2028,test,Pooled,0,0.01,pooled,deployment,14935,52,109,134,14640,0.010780046869769,0.012453967191161701
CodeBERT_partial_s2028,test,Pooled,1,0.01,pooled,deployment,15065,11097,147,2984,837,0.74636574842349812,0.9346830401593097
CodeBERT_partial_s2028,test,Win32,0,0.01,pooled,deployment,5018,4,38,35,4941,0.0083698684734954173,0.0077720207253886009
CodeBERT_partial_s2028,test,Win32,1,0.01,pooled,deployment,4982,3508,58,1012,404,0.71577679646728221,0.90726615816940992
CodeBERT_partial_s2028,test,Win64,0,0.01,pooled,deployment,4953,14,56,36,4847,0.014132848778518069,0.010094891984655765
CodeBERT_partial_s2028,test,Win64,1,0.01,pooled,deployment,5047,3718,62,1033,234,0.74895977808599168,0.94135129780067361
CodeBERT_partial_s2028,test,Dot_Net,0,0.01,pooled,deployment,4964,34,15,63,4852,0.0098710717163577755,0.019540692989524575
CodeBERT_partial_s2028,test,Dot_Net,1,0.01,pooled,deployment,5036,3871,27,939,199,0.77402700555996828,0.95512311358220814
CodeBERT_partial_s2028,test,Pooled,0,0.01,per_format,oracle,14935,40,108,108,14679,0.0099096083026447949,0.0099096083026447949
CodeBERT_partial_s2028,test,Pooled,1,0.01,per_format,oracle,15065,10878,221,3048,918,0.73674078991038827,0.92439429140391638
CodeBERT_partial_s2028,test,Win32,0,0.01,per_format,oracle,5018,5,45,45,4923,0.0099641291351135908,0.0099641291351135908
CodeBERT_partial_s2028,test,Win32,1,0.01,per_format,oracle,4982,3587,61,972,362,0.73223604977920509,0.91509433962264153
CodeBERT_partial_s2028,test,Win64,0,0.01,per_format,oracle,4953,12,37,37,4867,0.0098929941449626482,0.0098929941449626482
CodeBERT_partial_s2028,test,Win64,1,0.01,per_format,oracle,5047,3482,56,1268,241,0.70101050128789377,0.94115316029324347
CodeBERT_partial_s2028,test,Dot_Net,0,0.01,per_format,oracle,4964,23,26,26,4889,0.0098710717163577755,0.0098710717163577755
CodeBERT_partial_s2028,test,Dot_Net,1,0.01,per_format,oracle,5036,3809,104,808,315,0.77700555996822873,0.9167990468625894
CodeBERT_partial_s2028,test,Pooled,0,0.01,per_format,deployment,14935,49,108,129,14649,0.010512219618346167,0.011918312688316036
CodeBERT_partial_s2028,test,Pooled,1,0.01,per_format,deployment,15065,11090,143,3013,819,0.74563557915698642,0.93614337869233322
CodeBERT_partial_s2028,test,Win32,0,0.01,per_format,deployment,5018,2,28,42,4946,0.0059784774810681543,0.0087684336388999598
CodeBERT_partial_s2028,test,Win32,1,0.01,per_format,deployment,4982,3401,41,1131,409,0.69088719389803288,0.90967482938578881
CodeBERT_partial_s2028,test,Win64,0,0.01,per_format,deployment,4953,16,51,43,4843,0.013527155259438725,0.011911972541893802
CodeBERT_partial_s2028,test,Win64,1,0.01,per_format,deployment,5047,3706,49,1096,196,0.74400634040023772,0.95145631067961167
CodeBERT_partial_s2028,test,Dot_Net,0,0.01,per_format,deployment,4964,31,29,44,4860,0.012087026591458501,0.015108783239323126
CodeBERT_partial_s2028,test,Dot_Net,1,0.01,per_format,deployment,5036,3983,53,786,214,0.80142970611596509,0.94698173153296272
CodeBERT_partial_s2028,test,Pooled,0,0.050000000000000003,pooled,oracle,14935,309,436,428,13762,0.04988282557750251,0.049347171074656845
CodeBERT_partial_s2028,test,Pooled,1,0.050000000000000003,pooled,oracle,15065,13765,78,1009,213,0.91888483239296381,0.98068370394955195
CodeBERT_partial_s2028,test,Win32,0,0.050000000000000003,pooled,oracle,5018,68,175,180,4595,0.048425667596652053,0.049422080510163412
CodeBERT_partial_s2028,test,Win32,1,0.050000000000000003,pooled,oracle,4982,4316,34,528,104,0.8731433159373746,0.9723002810116419
CodeBERT_partial_s2028,test,Win64,0,0.050000000000000003,pooled,oracle,4953,71,157,144,4581,0.046032707450030283,0.043408035534019784
CodeBERT_partial_s2028,test,Win64,1,0.050000000000000003,pooled,oracle,5047,4648,26,313,60,0.92609470972855157,0.98296017436100658
CodeBERT_partial_s2028,test,Dot_Net,0,0.050000000000000003,pooled,oracle,4964,170,104,104,4586,0.055197421434327154,0.055197421434327154
CodeBERT_partial_s2028,test,Dot_Net,1,0.050000000000000003,pooled,oracle,5036,4801,18,168,49,0.95691024622716436,0.98669579030976962
CodeBERT_partial_s2028,test,Pooled,0,0.050000000000000003,pooled,deployment,14935,297,395,470,13773,0.046334114496149985,0.05135587546032809
CodeBERT_partial_s2028,test,Pooled,1,0.050000000000000003,pooled,deployment,15065,13679,71,1105,210,0.91271158313972789,0.98134749419183542
CodeBERT_partial_s2028,test,Win32,0,0.050000000000000003,pooled,deployment,5018,65,158,200,4595,0.044440015942606617,0.052809884416102029
CodeBERT_partial_s2028,test,Win32,1,0.050000000000000003,pooled,deployment,4982,4268,28,583,103,0.86230429546366916,0.97370533922119629
CodeBERT_partial_s2028,test,Win64,0,0.050000000000000003,pooled,deployment,4953,70,142,153,4588,0.042802342014940438,0.04502321825156471
CodeBERT_partial_s2028,test,Win64,1,0.050000000000000003,pooled,deployment,5047,4628,25,335,59,0.92193382207251828,0.98335644937586686
CodeBERT_partial_s2028,test,Dot_Net,0,0.050000000000000003,pooled,deployment,4964,162,95,117,4590,0.051772763900080579,0.056204673650282033
CodeBERT_partial_s2028,test,Dot_Net,1,0.050000000000000003,pooled,deployment,5036,4783,18,187,48,0.9533359809372518,0.98689436060365365
CodeBERT_partial_s2028,test,Pooled,0,0.050000000000000003,per_format,oracle,14935,299,445,439,13752,0.049815868764646803,0.049414127887512552
CodeBERT_partial_s2028,test,Pooled,1,0.050000000000000003,per_format,oracle,15065,13818,85,957,205,0.9228675738466644,0.9807500829737803
CodeBERT_partial_s2028,test,Win32,0,0.050000000000000003,per_format,oracle,5018,68,182,177,4591,0.049820645675567952,0.048824232762056594
CodeBERT_partial_s2028,test,Win32,1,0.050000000000000003,per_format,oracle,4982,4371,37,473,101,0.88478522681653959,0.9723002810116419
CodeBERT_partial_s2028,test,Win64,0,0.050000000000000003,per_format,oracle,4953,79,168,166,4540,0.049868766404199474,0.049464970724813241
CodeBERT_partial_s2028,test,Win64,1,0.050000000000000003,per_format,oracle,5047,4684,28,287,48,0.93362393501089758,0.98494154943530809
CodeBERT_partial_s2028,test,Dot_Net,0,0.050000000000000003,per_format,oracle,4964,152,95,96,4621,0.049758259468170828,0.049959709911361803
CodeBERT_partial_s2028,test,Dot_Net,1,0.050000000000000003,per_format,oracle,5036,4763,20,197,56,0.94976171564733913,0.98490865766481339
CodeBERT_partial_s2028,test,Pooled,0,0.050000000000000003,per_format,deployment,14935,296,386,475,13778,0.045664546367592901,0.051623702711750923
CodeBERT_partial_s2028,test,Pooled,1,0.050000000000000003,per_format,deployment,15065,13621,69,1161,214,0.90872884168602719,0.98121473614337873
CodeBERT_partial_s2028,test,Win32,0,0.050000000000000003,per_format,deployment,5018,43,137,150,4688,0.035870864886408928,0.038461538461538464
CodeBERT_partial_s2028,test,Win32,1,0.050000000000000003,per_format,deployment,4982,4153,34,670,125,0.84042553191489366,0.96808510638297873
CodeBERT_partial_s2028,test,Win64,0,0.050000000000000003,per_format,deployment,4953,83,153,208,4509,0.047647890167575209,0.05875227135069655
CodeBERT_partial_s2028,test,Win64,1,0.050000000000000003,per_format,deployment,5047,4675,19,310,43,0.93005745987715471,0.98771547453933028
CodeBERT_partial_s2028,test,Dot_Net,0,0.050000000000000003,per_format,deployment,4964,170,96,117,4581,0.053585817888799354,0.057816277195809833
CodeBERT_partial_s2028,test,Dot_Net,1,0.050000000000000003,per_format,deployment,5036,4793,16,181,46,0.9549245432883241,0.9876886417791898
CodeBERT_unfrozen_s2026,same_period,Pooled,0,0.001,pooled,oracle,14945,3,11,11,14920,0.00093676814988290398,0.00093676814988290398
CodeBERT_unfrozen_s2026,same_period,Pooled,1,0.001,pooled,oracle,15055,6180,310,5264,3301,0.43108601793424112,0.76014613085353699
CodeBERT_unfrozen_s2026,same_period,Win32,0,0.001,pooled,oracle,4969,0,3,4,4962,0.00060374320788891128,0.00080499094385188164
CodeBERT_unfrozen_s2026,same_period,Win32,1,0.001,pooled,oracle,5031,1963,64,1714,1290,0.40290200755317035,0.73086861458954477
CodeBERT_unfrozen_s2026,same_period,Win64,0,0.001,pooled,oracle,4977,2,2,4,4969,0.00080369700622865184,0.0012055455093429777
CodeBERT_unfrozen_s2026,same_period,Win64,1,0.001,pooled,oracle,5023,2335,93,1787,808,0.48337646824606811,0.82062512442763291
CodeBERT_unfrozen_s2026,same_period,Dot_Net,0,0.001,pooled,oracle,4999,1,6,3,4989,0.0014002800560112022,0.00080016003200640128
CodeBERT_unfrozen_s2026,same_period,Dot_Net,1,0.001,pooled,oracle,5001,1882,153,1763,1203,0.40691861627674464,0.7288542291541692
CodeBERT_unfrozen_s2026,same_period,Pooled,0,0.001,pooled,deployment,14945,4,16,17,14908,0.0013382402141184342,0.001405152224824356
CodeBERT_unfrozen_s2026,same_period,Pooled,1,0.001,pooled,deployment,15055,7133,280,4894,2748,0.49239455330455001,0.79887080704085023
CodeBERT_unfrozen_s2026,same_period,Win32,0,0.001,pooled,deployment,4969,0,4,8,4957,0.00080499094385188164,0.0016099818877037633
CodeBERT_unfrozen_s2026,same_period,Win32,1,0.001,pooled,deployment,5031,2196,65,1658,1112,0.44941363546014707,0.76605048698071954
CodeBERT_unfrozen_s2026,same_period,Win64,0,0.001,pooled,deployment,4977,3,4,6,4964,0.0014064697609001407,0.0018083182640144665
CodeBERT_unfrozen_s2026,same_period,Win64,1,0.001,pooled,deployment,5023,2760,89,1497,677,0.56719092175990449,0.84750149313159462
CodeBERT_unfrozen_s2026,same_period,Dot_Net,0,0.001,pooled,deployment,4999,1,8,3,4987,0.0018003600720144029,0.00080016003200640128
CodeBERT_unfrozen_s2026,same_period,Dot_Net,1,0.001,pooled,deployment,5001,2177,126,1739,959,0.46050789842031592,0.78304339132173562
CodeBERT_unfrozen_s2026,same_period,Pooled,0,0.001,per_format,oracle,14945,1,11,11,14922,0.0008029441284710606,0.0008029441284710606
CodeBERT_unfrozen_s2026,same_period,Pooled,1,0.001,per_format,oracle,15055,6316,247,5513,2979,0.43593490534706075,0.78571903022251743
CodeBERT_unfrozen_s2026,same_period,Win32,0,0.001,per_format,oracle,4969,0,4,4,4961,0.00080499094385188164,0.00080499094385188164
CodeBERT_unfrozen_s2026,same_period,Win32,1,0.001,per_format,oracle,5031,2181,90,1496,1264,0.45140131186642812,0.73086861458954477
CodeBERT_unfrozen_s2026,same_period,Win64,0,0.001,per_format,oracle,4977,1,3,3,4970,0.00080369700622865184,0.00080369700622865184
CodeBERT_unfrozen_s2026,same_period,Win64,1,0.001,per_format,oracle,5023,2322,106,1752,843,0.48337646824606811,0.81106908222177976
CodeBERT_unfrozen_s2026,same_period,Dot_Net,0,0.001,per_format,oracle,4999,0,4,4,4991,0.00080016003200640128,0.00080016003200640128
CodeBERT_unfrozen_s2026,same_period,Dot_Net,1,0.001,per_format,oracle,5001,1813,51,2265,872,0.37272545490901821,0.81543691261747653
CodeBERT_unfrozen_s2026,same_period,Pooled,0,0.001,per_format,deployment,14945,4,15,18,14908,0.0012713282034125125,0.0014720642355302777
CodeBERT_unfrozen_s2026,same_period,Pooled,1,0.001,per_format,deployment,15055,7095,260,5066,2634,0.48854201262039187,0.80777150448356028
CodeBERT_unfrozen_s2026,same_period,Win32,0,0.001,per_format,deployment,4969,0,4,9,4956,0.00080499094385188164,0.0018112296236667338
CodeBERT_unfrozen_s2026,same_period,Win32,1,0.001,per_format,deployment,5031,2186,53,1823,969,0.44504074736632876,0.79685947127807588
CodeBERT_unfrozen_s2026,same_period,Win64,0,0.001,per_format,deployment,4977,3,5,6,4963,0.0016073940124573037,0.0018083182640144665
CodeBERT_unfrozen_s2026,same_period,Win64,1,0.001,per_format,deployment,5023,2867,97,1378,681,0.59008560621142747,0.84511248258013139
CodeBERT_unfrozen_s2026,same_period,Dot_Net,0,0.001,per_format,deployment,4999,1,6,3,4989,0.0014002800560112022,0.00080016003200640128
CodeBERT_unfrozen_s2026,same_period,Dot_Net,1,0.001,per_format,deployment,5001,2042,110,1865,984,0.43031393721255751,0.7812437512497501
CodeBERT_unfrozen_s2026,same_period,Pooled,0,0.0050000000000000001,pooled,oracle,14945,15,59,59,14812,0.0049514887922382069,0.0049514887922382069
CodeBERT_unfrozen_s2026,same_period,Pooled,1,0.0050000000000000001,pooled,oracle,15055,10114,153,3618,1170,0.68196612421122549,0.91212221853204911
CodeBERT_unfrozen_s2026,same_period,Win32,0,0.0050000000000000001,pooled,oracle,4969,2,20,24,4923,0.0044274501911853491,0.0052324411350372305
CodeBERT_unfrozen_s2026,same_period,Win32,1,0.0050000000000000001,pooled,oracle,5031,3079,41,1355,556,0.62015503875968991,0.88133571854502091
CodeBERT_unfrozen_s2026,same_period,Win64,0,0.0050000000000000001,pooled,oracle,4977,7,19,10,4941,0.0052240305404862367,0.00341571227647177
CodeBERT_unfrozen_s2026,same_period,Win64,1,0.0050000000000000001,pooled,oracle,5023,3766,65,886,306,0.76269161855464862,0.9261397571172606
CodeBERT_unfrozen_s2026,same_period,Dot_Net,0,0.0050000000000000001,pooled,oracle,4999,6,20,25,4948,0.0052010402080416079,0.0062012402480496097
CodeBERT_unfrozen_s2026,same_period,Dot_Net,1,0.0050000000000000001,pooled,oracle,5001,3269,47,1377,308,0.66306738652269548,0.92901419716056788
CodeBERT_unfrozen_s2026,same_period,Pooled,0,0.0050000000000000001,pooled,deployment,14945,17,68,63,14797,0.0056875209100033458,0.0053529608564737369
CodeBERT_unfrozen_s2026,same_period,Pooled,1,0.0050000000000000001,pooled,deployment,15055,10362,164,3403,1126,0.6991697110594487,0.91431418133510467
CodeBERT_unfrozen_s2026,same_period,Win32,0,0.0050000000000000001,pooled,deployment,4969,2,24,27,4916,0.0052324411350372305,0.0058361843429261418
CodeBERT_unfrozen_s2026,same_period,Win32,1,0.0050000000000000001,pooled,deployment,5031,3163,43,1282,543,0.63724905585370706,0.88352216259193006
CodeBERT_unfrozen_s2026,same_period,Win64,0,0.0050000000000000001,pooled,deployment,4977,8,19,10,4940,0.0054249547920433997,0.003616636528028933
CodeBERT_unfrozen_s2026,same_period,Win64,1,0.0050000000000000001,pooled,deployment,5023,3833,69,828,293,0.77682659765080631,0.92793151503085802
CodeBERT_unfrozen_s2026,same_period,Dot_Net,0,0.0050000000000000001,pooled,deployment,4999,7,25,26,4941,0.0064012802560512103,0.0066013202640528108
CodeBERT_unfrozen_s2026,same_period,Dot_Net,1,0.0050000000000000001,pooled,deployment,5001,3366,52,1293,290,0.68346330733853233,0.93161367726454714
CodeBERT_unfrozen_s2026,same_period,Pooled,0,0.0050000000000000001,per_format,oracle,14945,13,59,59,14814,0.004817664770826363,0.004817664770826363
CodeBERT_unfrozen_s2026,same_period,Pooled,1,0.0050000000000000001,per_format,oracle,15055,10069,153,3601,1232,0.67897708402524082,0.90800398538691462
CodeBERT_unfrozen_s2026,same_period,Win32,0,0.0050000000000000001,per_format,oracle,4969,1,23,23,4922,0.0048299456631112903,0.0048299456631112903
CodeBERT_unfrozen_s2026,same_period,Win32,1,0.0050000000000000001,per_format,oracle,5031,3149,49,1246,587,0.63565891472868219,0.87358378056052477
CodeBERT_unfrozen_s2026,same_period,Win64,0,0.0050000000000000001,per_format,oracle,4977,8,16,16,4937,0.0048221820373719106,0.0048221820373719106
CodeBERT_unfrozen_s2026,same_period,Win64,1,0.0050000000000000001,per_format,oracle,5023,3744,46,969,264,0.75452916583714913,0.93828389408719892
CodeBERT_unfrozen_s2026,same_period,Dot_Net,0,0.0050000000000000001,per_format,oracle,4999,4,20,20,4955,0.0048009601920384077,0.0048009601920384077
CodeBERT_unfrozen_s2026,same_period,Dot_Net,1,0.0050000000000000001,per_format,oracle,5001,3176,58,1386,381,0.64667066586682664,0.91221755648870229
CodeBERT_unfrozen_s2026,same_period,Pooled,0,0.0050000000000000001,per_format,deployment,14945,18,61,59,14807,0.0052860488457678149,0.0051522248243559719
CodeBERT_unfrozen_s2026,same_period,Pooled,1,0.0050000000000000001,per_format,deployment,15055,10301,160,3437,1157,0.69485220856858187,0.91252075722351378
CodeBERT_unfrozen_s2026,same_period,Win32,0,0.0050000000000000001,per_format,deployment,4969,4,19,27,4919,0.0046286979271483192,0.006238679814852083
CodeBERT_unfrozen_s2026,same_period,Win32,1,0.0050000000000000001,per_format,deployment,5031,3150,34,1332,515,0.63287616775988864,0.8908765652951699
CodeBERT_unfrozen_s2026,same_period,Win64,0,0.0050000000000000001,per_format,deployment,4977,8,22,12,4935,0.0060277275467148887,0.0040184850311432586
CodeBERT_unfrozen_s2026,same_period,Win64,1,0.0050000000000000001,per_format,deployment,5023,3886,65,798,274,0.78658172406928129,0.93251045192116266
CodeBERT_unfrozen_s2026,same_period,Dot_Net,0,0.0050000000000000001,per_format,deployment,4999,6,20,20,4953,0.0052010402080416079,0.0052010402080416079
CodeBERT_unfrozen_s2026,same_period,Dot_Net,1,0.0050000000000000001,per_format,deployment,5001,3265,61,1307,368,0.66506698660267949,0.9142171565686863
CodeBERT_unfrozen_s2026,same_period,Pooled,0,0.01,pooled,oracle,14945,35,114,114,14682,0.0099698895951823348,0.0099698895951823348
CodeBERT_unfrozen_s2026,same_period,Pooled,1,0.01,pooled,oracle,15055,11633,126,2546,750,0.78106941215543013,0.94181335104616404
CodeBERT_unfrozen_s2026,same_period,Win32,0,0.01,pooled,oracle,4969,6,47,44,4872,0.010666130006037432,0.010062386798148521
CodeBERT_unfrozen_s2026,same_period,Win32,1,0.01,pooled,oracle,5031,3619,36,1017,359,0.72649572649572647,0.92148678195189826
CodeBERT_unfrozen_s2026,same_period,Win64,0,0.01,pooled,oracle,4977,11,33,23,4910,0.0088406670685151692,0.0068314245529435399
CodeBERT_unfrozen_s2026,same_period,Win64,1,0.01,pooled,oracle,5023,4122,50,643,208,0.83057933505872983,0.94863627314353971
CodeBERT_unfrozen_s2026,same_period,Dot_Net,0,0.01,pooled,oracle,4999,18,34,47,4900,0.010402080416083216,0.01300260052010402
CodeBERT_unfrozen_s2026,same_period,Dot_Net,1,0.01,pooled,oracle,5001,3892,40,886,183,0.78624275144971001,0.95540891821635676
CodeBERT_unfrozen_s2026,same_period,Pooled,0,0.01,pooled,deployment,14945,37,118,118,14672,0.010371361659417865,0.010371361659417865
CodeBERT_unfrozen_s2026,same_period,Pooled,1,0.01,pooled,deployment,15055,11688,123,2523,721,0.78452341414812354,0.94393889073397541
CodeBERT_unfrozen_s2026,same_period,Win32,0,0.01,pooled,deployment,4969,6,50,47,4866,0.011269873213926343,0.010666130006037432
CodeBERT_unfrozen_s2026,same_period,Win32,1,0.01,pooled,deployment,5031,3636,34,1015,346,0.72947724110514811,0.92446829656131979
CodeBERT_unfrozen_s2026,same_period,Win64,0,0.01,pooled,deployment,4977,11,35,23,4908,0.0092425155716294952,0.0068314245529435399
CodeBERT_unfrozen_s2026,same_period,Win64,1,0.01,pooled,deployment,5023,4143,51,628,201,0.83495918773641253,0.94983077841927133
CodeBERT_unfrozen_s2026,same_period,Dot_Net,0,0.01,pooled,deployment,4999,20,33,48,4898,0.010602120424084817,0.013602720544108821
CodeBERT_unfrozen_s2026,same_period,Dot_Net,1,0.01,pooled,deployment,5001,3909,38,880,174,0.78924215156968602,0.95760847830433915
CodeBERT_unfrozen_s2026,same_period,Pooled,0,0.01,per_format,oracle,14945,32,113,115,14685,0.0097022415523586487,0.0098360655737704927
CodeBERT_unfrozen_s2026,same_period,Pooled,1,0.01,per_format,oracle,15055,11625,113,2582,735,0.77967452673530391,0.943673198272999
CodeBERT_unfrozen_s2026,same_period,Win32,0,0.01,per_format,oracle,4969,6,43,43,4877,0.0098611390621855498,0.0098611390621855498
CodeBERT_unfrozen_s2026,same_period,Win32,1,0.01,per_format,oracle,5031,3594,38,1031,368,0.72192407076128007,0.91930033790498911
CodeBERT_unfrozen_s2026,same_period,Win64,0,0.01,per_format,oracle,4977,13,35,36,4893,0.0096443640747438213,0.0098452883263009851
CodeBERT_unfrozen_s2026,same_period,Win64,1,0.01,per_format,oracle,5023,4193,31,642,157,0.84093171411507073,0.96257216802707546
CodeBERT_unfrozen_s2026,same_period,Dot_Net,0,0.01,per_format,oracle,4999,13,35,36,4915,0.0096019203840768154,0.0098019603920784151
CodeBERT_unfrozen_s2026,same_period,Dot_Net,1,0.01,per_format,oracle,5001,3838,44,909,210,0.77624475104979007,0.94921015796840635
CodeBERT_unfrozen_s2026,same_period,Pooled,0,0.01,per_format,deployment,14945,31,119,120,14675,0.010036801605888258,0.010103713616594179
CodeBERT_unfrozen_s2026,same_period,Pooled,1,0.01,per_format,deployment,15055,11641,111,2585,718,0.78060445034872139,0.94493523746263697
CodeBERT_unfrozen_s2026,same_period,Win32,0,0.01,per_format,deployment,4969,7,42,52,4868,0.0098611390621855498,0.011873616421815255
CodeBERT_unfrozen_s2026,same_period,Win32,1,0.01,per_format,deployment,5031,3595,29,1069,338,0.7203339296362552,0.92705227588948524
CodeBERT_unfrozen_s2026,same_period,Win64,0,0.01,per_format,deployment,4977,12,39,35,4891,0.010247136829415311,0.0094434398231866591
CodeBERT_unfrozen_s2026,same_period,Win64,1,0.01,per_format,deployment,5023,4205,36,617,165,0.84431614572964364,0.95998407326299029
CodeBERT_unfrozen_s2026,same_period,Dot_Net,0,0.01,per_format,deployment,4999,12,38,33,4916,0.010002000400080016,0.0090018003600720146
CodeBERT_unfrozen_s2026,same_period,Dot_Net,1,0.01,per_format,deployment,5001,3841,46,899,215,0.77724455108978208,0.94781043791241748
CodeBERT_unfrozen_s2026,same_period,Pooled,0,0.050000000000000003,pooled,oracle,14945,320,427,425,13773,0.049983271997323518,0.049849447975911676
CodeBERT_unfrozen_s2026,same_period,Pooled,1,0.050000000000000003,pooled,oracle,15055,13846,63,940,206,0.92387910993025568,0.98213218199933572
CodeBERT_unfrozen_s2026,same_period,Win32,0,0.050000000000000003,pooled,oracle,4969,116,176,224,4453,0.05876433890118736,0.068424230227409941
CodeBERT_unfrozen_s2026,same_period,Win32,1,0.050000000000000003,pooled,oracle,5031,4418,22,493,98,0.88252832438878948,0.9761478831246273
CodeBERT_unfrozen_s2026,same_period,Win64,0,0.050000000000000003,pooled,oracle,4977,72,156,119,4630,0.04581072935503315,0.038376532047418123
CodeBERT_unfrozen_s2026,same_period,Win64,1,0.050000000000000003,pooled,oracle,5023,4678,26,259,60,0.93649213617360139,0.98287875771451327
CodeBERT_unfrozen_s2026,same_period,Dot_Net,0,0.050000000000000003,pooled,oracle,4999,132,95,82,4690,0.045409081816363273,0.042808561712342472
CodeBERT_unfrozen_s2026,same_period,Dot_Net,1,0.050000000000000003,pooled,oracle,5001,4750,15,188,48,0.9528094381123775,0.98740251949610081
CodeBERT_unfrozen_s2026,same_period,Pooled,0,0.050000000000000003,pooled,deployment,14945,318,405,462,13760,0.048377383740381398,0.052191368350618939
CodeBERT_unfrozen_s2026,same_period,Pooled,1,0.050000000000000003,pooled,deployment,15055,13813,59,985,198,0.92142145466622383,0.98292925938226505
CodeBERT_unfrozen_s2026,same_period,Win32,0,0.050000000000000003,pooled,deployment,4969,114,166,245,4444,0.056349366069631715,0.072247937210706381
CodeBERT_unfrozen_s2026,same_period,Win32,1,0.050000000000000003,pooled,deployment,5031,4388,21,528,94,0.87636652752931821,0.97714172132776789
CodeBERT_unfrozen_s2026,same_period,Win64,0,0.050000000000000003,pooled,deployment,4977,74,150,127,4626,0.045007032348804502,0.040385774562989751
CodeBERT_unfrozen_s2026,same_period,Win64,1,0.050000000000000003,pooled,deployment,5023,4677,25,265,56,0.93609396774835751,0.98387417877762295
CodeBERT_unfrozen_s2026,same_period,Dot_Net,0,0.050000000000000003,pooled,deployment,4999,130,89,90,4690,0.043808761752350468,0.044008801760352073
CodeBERT_unfrozen_s2026,same_period,Dot_Net,1,0.050000000000000003,pooled,deployment,5001,4748,13,192,48,0.95200959808038388,0.98780243951209756
CodeBERT_unfrozen_s2026,same_period,Pooled,0,0.050000000000000003,per_format,oracle,14945,317,428,424,13776,0.049849447975911676,0.049581799933087992
CodeBERT_unfrozen_s2026,same_period,Pooled,1,0.050000000000000003,per_format,oracle,15055,13821,65,961,208,0.92235137827964131,0.98186648953835931
CodeBERT_unfrozen_s2026,same_period,Win32,0,0.050000000000000003,per_format,oracle,4969,81,167,166,4555,0.049909438518816664,0.049708190782853691
CodeBERT_unfrozen_s2026,same_period,Win32,1,0.050000000000000003,per_format,oracle,5031,4319,28,562,122,0.86404293381037567,0.97018485390578413
CodeBERT_unfrozen_s2026,same_period,Win64,0,0.050000000000000003,per_format,oracle,4977,86,162,160,4569,0.049829214386176414,0.049427365883062083
CodeBERT_unfrozen_s2026,same_period,Win64,1,0.050000000000000003,per_format,oracle,5023,4718,24,237,44,0.94405733625323507,0.98646227354170812
CodeBERT_unfrozen_s2026,same_period,Dot_Net,0,0.050000000000000003,per_format,oracle,4999,150,99,98,4652,0.049809961992398483,0.049609921984396878
CodeBERT_unfrozen_s2026,same_period,Dot_Net,1,0.050000000000000003,per_format,oracle,5001,4784,13,162,42,0.95920815836832629,0.98900219956008795
CodeBERT_unfrozen_s2026,same_period,Pooled,0,0.050000000000000003,per_format,deployment,14945,317,419,456,13753,0.049247239879558383,0.051722984275677487
CodeBERT_unfrozen_s2026,same_period,Pooled,1,0.050000000000000003,per_format,deployment,15055,13800,60,991,204,0.9206243772832946,0.98246429757555631
CodeBERT_unfrozen_s2026,same_period,Win32,0,0.050000000000000003,per_format,deployment,4969,89,162,199,4519,0.050513181726705575,0.057959347957335483
CodeBERT_unfrozen_s2026,same_period,Win32,1,0.050000000000000003,per_format,deployment,5031,4327,24,565,115,0.86483800437288805,0.97237129795269328
CodeBERT_unfrozen_s2026,same_period,Win64,0,0.050000000000000003,per_format,deployment,4977,93,175,158,4551,0.053847699417319671,0.0504319871408479
CodeBERT_unfrozen_s2026,same_period,Win64,1,0.050000000000000003,per_format,deployment,5023,4729,25,227,42,0.94644634680469841,0.98666135775433006
CodeBERT_unfrozen_s2026,same_period,Dot_Net,0,0.050000000000000003,per_format,deployment,4999,135,82,99,4683,0.043408681736347272,0.046809361872374472
CodeBERT_unfrozen_s2026,same_period,Dot_Net,1,0.050000000000000003,per_format,deployment,5001,4744,11,199,47,0.9508098380323935,0.98840231953609281
CodeBERT_unfrozen_s2026,test,Pooled,0,0.001,pooled,oracle,14935,0,14,14,14907,0.00093739537997991292,0.00093739537997991292
CodeBERT_unfrozen_s2026,test,Pooled,1,0.001,pooled,oracle,15065,4377,230,6898,3560,0.30580816461998006,0.74842349817457687
CodeBERT_unfrozen_s2026,test,Win32,0,0.001,pooled,oracle,5018,0,1,1,5016,0.00019928258270227183,0.00019928258270227183
CodeBERT_unfrozen_s2026,test,Win32,1,0.001,pooled,oracle,4982,1750,44,1690,1498,0.36009634684865516,0.6904857486953031
CodeBERT_unfrozen_s2026,test,Win64,0,0.001,pooled,oracle,4953,0,3,5,4945,0.00060569351907934583,0.0010094891984655764
CodeBERT_unfrozen_s2026,test,Win64,1,0.001,pooled,oracle,5047,937,82,3159,869,0.20190212007132952,0.8115712304339211
CodeBERT_unfrozen_s2026,test,Dot_Net,0,0.001,pooled,oracle,4964,0,10,8,4946,0.00201450443190975,0.0016116035455278001
CodeBERT_unfrozen_s2026,test,Dot_Net,1,0.001,pooled,oracle,5036,1690,104,2049,1193,0.3562351072279587,0.7424543288324067
CodeBERT_unfrozen_s2026,test,Pooled,0,0.001,pooled,deployment,14935,5,21,19,14890,0.0017408771342484097,0.0016069635085369936
CodeBERT_unfrozen_s2026,test,Pooled,1,0.001,pooled,deployment,15065,5999,294,5932,2840,0.4177231994689678,0.79196813806837041
CodeBERT_unfrozen_s2026,test,Win32,0,0.001,pooled,deployment,5018,0,3,3,5012,0.00059784774810681541,0.00059784774810681541
CodeBERT_unfrozen_s2026,test,Win32,1,0.001,pooled,deployment,4982,2193,57,1461,1271,0.45162585307105579,0.73344038538739464
CodeBERT_unfrozen_s2026,test,Win64,0,0.001,pooled,deployment,4953,2,5,5,4941,0.001413284877851807,0.001413284877851807
CodeBERT_unfrozen_s2026,test,Win64,1,0.001,pooled,deployment,5047,1527,95,2730,695,0.32137903705171389,0.8434713691301764
CodeBERT_unfrozen_s2026,test,Dot_Net,0,0.001,pooled,deployment,4964,3,13,11,4937,0.0032232070910556002,0.0028203062046736503
CodeBERT_unfrozen_s2026,test,Dot_Net,1,0.001,pooled,deployment,5036,2279,142,1741,874,0.48073868149324861,0.79825258141382049
CodeBERT_unfrozen_s2026,test,Pooled,0,0.001,per_format,oracle,14935,1,12,12,14910,0.00087043856712420487,0.00087043856712420487
CodeBERT_unfrozen_s2026,test,Pooled,1,0.001,per_format,oracle,15065,5185,223,6504,3153,0.3589777630268835,0.77590441420511114
CodeBERT_unfrozen_s2026,test,Win32,0,0.001,per_format,oracle,5018,0,5,5,5008,0.00099641291351135913,0.00099641291351135913
CodeBERT_unfrozen_s2026,test,Win32,1,0.001,per_format,oracle,4982,2633,47,1404,898,0.53793657165796871,0.81031714171015656
CodeBERT_unfrozen_s2026,test,Win64,0,0.001,per_format,oracle,4953,1,3,3,4946,0.00080759135877246115,0.00080759135877246115
CodeBERT_unfrozen_s2026,test,Win64,1,0.001,per_format,oracle,5047,1336,132,2731,848,0.2908658609074698,0.80582524271844658
CodeBERT_unfrozen_s2026,test,Dot_Net,0,0.001,per_format,oracle,4964,0,4,4,4956,0.00080580177276390005,0.00080580177276390005
CodeBERT_unfrozen_s2026,test,Dot_Net,1,0.001,per_format,oracle,5036,1216,44,2369,1407,0.25019857029388404,0.71187450357426529
CodeBERT_unfrozen_s2026,test,Pooled,0,0.001,per_format,deployment,14935,4,22,18,14891,0.0017408771342484097,0.0014730498828255775
CodeBERT_unfrozen_s2026,test,Pooled,1,0.001,per_format,deployment,15065,5952,282,6098,2733,0.4138068370394955,0.79986724195154335
CodeBERT_unfrozen_s2026,test,Win32,0,0.001,per_format,deployment,5018,0,3,3,5012,0.00059784774810681541,0.00059784774810681541
CodeBERT_unfrozen_s2026,test,Win32,1,0.001,per_format,deployment,4982,2200,38,1603,1141,0.44921718185467685,0.7633480529907668
CodeBERT_unfrozen_s2026,test,Win64,0,0.001,per_format,deployment,4953,2,7,4,4940,0.0018170805572380376,0.0012113870381586917
CodeBERT_unfrozen_s2026,test,Win64,1,0.001,per_format,deployment,5047,1601,109,2639,698,0.33881513770556765,0.84010303150386367
CodeBERT_unfrozen_s2026,test,Dot_Net,0,0.001,per_format,deployment,4964,2,12,11,4939,0.0028203062046736503,0.0026188557614826753
CodeBERT_unfrozen_s2026,test,Dot_Net,1,0.001,per_format,deployment,5036,2151,135,1856,894,0.45393169181890392,0.79567116759332801
CodeBERT_unfrozen_s2026,test,Pooled,0,0.0050000000000000001,pooled,oracle,14935,22,52,52,14809,0.0049548041513223975,0.0049548041513223975
CodeBERT_unfrozen_s2026,test,Pooled,1,0.0050000000000000001,pooled,oracle,15065,8687,184,4764,1430,0.58884832392963826,0.89286425489545307
CodeBERT_unfrozen_s2026,test,Win32,0,0.0050000000000000001,pooled,oracle,5018,1,13,7,4997,0.0027899561578318055,0.0015942606616181746
CodeBERT_unfrozen_s2026,test,Win32,1,0.0050000000000000001,pooled,oracle,4982,2920,47,1297,718,0.59554395824969897,0.846447209955841
CodeBERT_unfrozen_s2026,test,Win64,0,0.0050000000000000001,pooled,oracle,4953,4,19,12,4918,0.0046436503129416518,0.0032303654350898446
CodeBERT_unfrozen_s2026,test,Win64,1,0.0050000000000000001,pooled,oracle,5047,2431,64,2178,374,0.49435308103824055,0.91321577174559143
CodeBERT_unfrozen_s2026,test,Dot_Net,0,0.0050000000000000001,pooled,oracle,4964,17,20,33,4894,0.007453666398066076,0.010072522159548751
CodeBERT_unfrozen_s2026,test,Dot_Net,1,0.0050000000000000001,pooled,oracle,5036,3336,73,1289,338,0.67692613185067518,0.91838760921366158
CodeBERT_unfrozen_s2026,test,Pooled,0,0.0050000000000000001,pooled,deployment,14935,28,55,65,14787,0.0055574154670237699,0.0062269835955808504
CodeBERT_unfrozen_s2026,test,Pooled,1,0.0050000000000000001,pooled,deployment,15065,8928,159,4713,1265,0.60318619316296052,0.90547626949883842
CodeBERT_unfrozen_s2026,test,Win32,0,0.0050000000000000001,pooled,deployment,5018,1,17,10,4990,0.0035870864886408927,0.00219210840972499
CodeBERT_unfrozen_s2026,test,Win32,1,0.0050000000000000001,pooled,deployment,4982,3000,37,1309,636,0.60959454034524285,0.8649136892814131
CodeBERT_unfrozen_s2026,test,Win64,0,0.0050000000000000001,pooled,deployment,4953,4,20,20,4909,0.0048455481526347667,0.0048455481526347667
CodeBERT_unfrozen_s2026,test,Win64,1,0.0050000000000000001,pooled,deployment,5047,2498,55,2151,343,0.50584505646918965,0.92114127204279772
CodeBERT_unfrozen_s2026,test,Dot_Net,0,0.0050000000000000001,pooled,deployment,4964,23,18,35,4888,0.0082594681708299759,0.011684125705076551
CodeBERT_unfrozen_s2026,test,Dot_Net,1,0.0050000000000000001,pooled,deployment,5036,3430,67,1253,286,0.69440031771247024,0.92990468625893563
CodeBERT_unfrozen_s2026,test,Pooled,0,0.0050000000000000001,per_format,oracle,14935,13,60,59,14803,0.0048878473384666886,0.0048208905256109805
CodeBERT_unfrozen_s2026,test,Pooled,1,0.0050000000000000001,per_format,oracle,15065,8447,193,4996,1429,0.57351476933289081,0.89233322270162629
CodeBERT_unfrozen_s2026,test,Win32,0,0.0050000000000000001,per_format,oracle,5018,1,24,23,4970,0.0049820645675567954,0.0047827819848545233
CodeBERT_unfrozen_s2026,test,Win32,1,0.0050000000000000001,per_format,oracle,4982,3126,31,1303,522,0.63368125250903251,0.88900040144520276
CodeBERT_unfrozen_s2026,test,Win64,0,0.0050000000000000001,per_format,oracle,4953,4,20,20,4909,0.0048455481526347667,0.0048455481526347667
CodeBERT_unfrozen_s2026,test,Win64,1,0.0050000000000000001,per_format,oracle,5047,2558,49,2113,327,0.51654448187041802,0.92550029720626115
CodeBERT_unfrozen_s2026,test,Dot_Net,0,0.0050000000000000001,per_format,oracle,4964,8,16,16,4924,0.0048348106365834007,0.0048348106365834007
CodeBERT_unfrozen_s2026,test,Dot_Net,1,0.0050000000000000001,per_format,oracle,5036,2763,113,1580,580,0.57108816521048456,0.86239078633836375
CodeBERT_unfrozen_s2026,test,Pooled,0,0.0050000000000000001,per_format,deployment,14935,22,57,69,14787,0.0052895882156009377,0.0060930699698694343
CodeBERT_unfrozen_s2026,test,Pooled,1,0.0050000000000000001,per_format,deployment,15065,8881,161,4737,1286,0.60019913707268502,0.90394955194158644
CodeBERT_unfrozen_s2026,test,Win32,0,0.0050000000000000001,per_format,deployment,5018,1,17,15,4985,0.0035870864886408927,0.0031885213232363493
CodeBERT_unfrozen_s2026,test,Win32,1,0.0050000000000000001,per_format,deployment,4982,2990,32,1360,600,0.60658370132476913,0.8731433159373746
CodeBERT_unfrozen_s2026,test,Win64,0,0.0050000000000000001,per_format,deployment,4953,5,20,21,4907,0.0050474459923278824,0.0052493438320209973
CodeBERT_unfrozen_s2026,test,Win64,1,0.0050000000000000001,per_format,deployment,5047,2563,49,2110,325,0.51753516940756883,0.92589657222112143
CodeBERT_unfrozen_s2026,test,Dot_Net,0,0.0050000000000000001,per_format,deployment,4964,16,20,33,4895,0.0072522159548751011,0.0098710717163577755
CodeBERT_unfrozen_s2026,test,Dot_Net,1,0.0050000000000000001,per_format,deployment,5036,3328,80,1267,361,0.67672756155679115,0.91243050039714058
CodeBERT_unfrozen_s2026,test,Pooled,0,0.01,pooled,oracle,14935,54,95,95,14691,0.009976565115500503,0.009976565115500503
CodeBERT_unfrozen_s2026,test,Pooled,1,0.01,pooled,oracle,15065,10081,159,3884,941,0.67972120809824099,0.9269830733488218
CodeBERT_unfrozen_s2026,test,Win32,0,0.01,pooled,oracle,5018,8,35,23,4952,0.0085691510561976877,0.0061777600637704265
CodeBERT_unfrozen_s2026,test,Win32,1,0.01,pooled,oracle,4982,3422,50,1037,473,0.69690887193898032,0.89502207948615009
CodeBERT_unfrozen_s2026,test,Win64,0,0.01,pooled,oracle,4953,8,34,31,4880,0.0084797092671108423,0.007874015748031496
CodeBERT_unfrozen_s2026,test,Win64,1,0.01,pooled,oracle,5047,2780,56,1945,266,0.56191797107192387,0.93619972260748963
CodeBERT_unfrozen_s2026,test,Dot_Net,0,0.01,pooled,oracle,4964,38,26,41,4859,0.012892828364222401,0.015914585012087028
CodeBERT_unfrozen_s2026,test,Dot_Net,1,0.01,pooled,oracle,5036,3879,53,902,202,0.78077839555202544,0.94936457505957106
CodeBERT_unfrozen_s2026,test,Pooled,0,0.01,pooled,deployment,14935,65,101,121,14648,0.01111483093404754,0.012453967191161701
CodeBERT_unfrozen_s2026,test,Pooled,1,0.01,pooled,deployment,15065,10269,143,3812,841,0.6911384002655161,0.9346830401593097
CodeBERT_unfrozen_s2026,test,Win32,0,0.01,pooled,deployment,5018,8,39,31,4940,0.0093662813870067762,0.0077720207253886009
CodeBERT_unfrozen_s2026,test,Win32,1,0.01,pooled,deployment,4982,3484,46,1036,416,0.70855078281814532,0.90726615816940992
CodeBERT_unfrozen_s2026,test,Win64,0,0.01,pooled,deployment,4953,11,38,39,4865,0.0098929941449626482,0.010094891984655765
CodeBERT_unfrozen_s2026,test,Win64,1,0.01,pooled,deployment,5047,2841,54,1910,242,0.57360808401030317,0.94135129780067361
CodeBERT_unfrozen_s2026,test,Dot_Net,0,0.01,pooled,deployment,4964,46,24,51,4843,0.014101531023368252,0.019540692989524575
CodeBERT_unfrozen_s2026,test,Dot_Net,1,0.01,pooled,deployment,5036,3944,43,866,183,0.79169976171564738,0.95512311358220814
CodeBERT_unfrozen_s2026,test,Pooled,0,0.01,per_format,oracle,14935,42,105,106,14682,0.0098426514897890869,0.0099096083026447949
CodeBERT_unfrozen_s2026,test,Pooled,1,0.01,per_format,oracle,15065,10045,191,3881,948,0.6794556920013276,0.92439429140391638
CodeBERT_unfrozen_s2026,test,Win32,0,0.01,per_format,oracle,5018,9,41,41,4927,0.0099641291351135908,0.0099641291351135908
CodeBERT_unfrozen_s2026,test,Win32,1,0.01,per_format,oracle,4982,3546,42,1013,381,0.72019269369731032,0.91509433962264153
CodeBERT_unfrozen_s2026,test,Win64,0,0.01,per_format,oracle,4953,11,38,38,4866,0.0098929941449626482,0.0098929941449626482
CodeBERT_unfrozen_s2026,test,Win64,1,0.01,per_format,oracle,5047,2847,54,1903,243,0.57479690905488412,0.94115316029324347
CodeBERT_unfrozen_s2026,test,Dot_Net,0,0.01,per_format,oracle,4964,22,26,27,4889,0.0096696212731668015,0.0098710717163577755
CodeBERT_unfrozen_s2026,test,Dot_Net,1,0.01,per_format,oracle,5036,3652,95,965,324,0.74404289118347899,0.9167990468625894
CodeBERT_unfrozen_s2026,test,Pooled,0,0.01,per_format,deployment,14935,61,102,117,14655,0.010913960495480416,0.011918312688316036
CodeBERT_unfrozen_s2026,test,Pooled,1,0.01,per_format,deployment,15065,10238,139,3865,823,0.68881513441752407,0.93614337869233322
CodeBERT_unfrozen_s2026,test,Win32,0,0.01,per_format,deployment,5018,9,36,35,4938,0.0089677162216022319,0.0087684336388999598
CodeBERT_unfrozen_s2026,test,Win32,1,0.01,per_format,deployment,4982,3437,43,1095,407,0.69851465274989966,0.90967482938578881
CodeBERT_unfrozen_s2026,test,Win64,0,0.01,per_format,deployment,4953,14,40,45,4854,0.010902483343428226,0.011911972541893802
CodeBERT_unfrozen_s2026,test,Win64,1,0.01,per_format,deployment,5047,2927,40,1875,205,0.5878739845452744,0.95145631067961167
CodeBERT_unfrozen_s2026,test,Dot_Net,0,0.01,per_format,deployment,4964,38,26,37,4863,0.012892828364222401,0.015108783239323126
CodeBERT_unfrozen_s2026,test,Dot_Net,1,0.01,per_format,deployment,5036,3874,56,895,211,0.78038125496425736,0.94698173153296272
CodeBERT_unfrozen_s2026,test,Pooled,0,0.050000000000000003,pooled,oracle,14935,334,409,403,13789,0.049748911951791097,0.049347171074656845
CodeBERT_unfrozen_s2026,test,Pooled,1,0.050000000000000003,pooled,oracle,15065,13477,73,1297,218,0.89943577829405907,0.98068370394955195
CodeBERT_unfrozen_s2026,test,Win32,0,0.050000000000000003,pooled,oracle,5018,82,164,166,4606,0.049023515344758871,0.049422080510163412
CodeBERT_unfrozen_s2026,test,Win32,1,0.050000000000000003,pooled,oracle,4982,4318,31,526,107,0.87294259333600965,0.9723002810116419
CodeBERT_unfrozen_s2026,test,Win64,0,0.050000000000000003,pooled,oracle,4953,76,130,139,4608,0.041590954976781745,0.043408035534019784
CodeBERT_unfrozen_s2026,test,Win64,1,0.050000000000000003,pooled,oracle,5047,4392,25,569,61,0.87517337031900144,0.98296017436100658
CodeBERT_unfrozen_s2026,test,Dot_Net,0,0.050000000000000003,pooled,oracle,4964,176,115,98,4575,0.058622078968573729,0.055197421434327154
CodeBERT_unfrozen_s2026,test,Dot_Net,1,0.050000000000000003,pooled,oracle,5036,4767,17,202,50,0.94996028594122317,0.98669579030976962
CodeBERT_unfrozen_s2026,test,Pooled,0,0.050000000000000003,pooled,deployment,14935,324,359,443,13809,0.045731503180448607,0.05135587546032809
CodeBERT_unfrozen_s2026,test,Pooled,1,0.050000000000000003,pooled,deployment,15065,13297,64,1487,217,0.88689014271490207,0.98134749419183542
CodeBERT_unfrozen_s2026,test,Win32,0,0.050000000000000003,pooled,deployment,5018,74,142,191,4611,0.043045037863690711,0.052809884416102029
CodeBERT_unfrozen_s2026,test,Win32,1,0.050000000000000003,pooled,deployment,4982,4215,25,636,106,0.85106382978723405,0.97370533922119629
CodeBERT_unfrozen_s2026,test,Win64,0,0.050000000000000003,pooled,deployment,4953,73,118,150,4612,0.03856248738138502,0.04502321825156471
CodeBERT_unfrozen_s2026,test,Win64,1,0.050000000000000003,pooled,deployment,5047,4338,23,625,61,0.86407766990291257,0.98335644937586686
CodeBERT_unfrozen_s2026,test,Dot_Net,0,0.050000000000000003,pooled,deployment,4964,177,99,102,4586,0.055600322320709106,0.056204673650282033
CodeBERT_unfrozen_s2026,test,Dot_Net,1,0.050000000000000003,pooled,deployment,5036,4744,16,226,50,0.94519459888800639,0.98689436060365365
CodeBERT_unfrozen_s2026,test,Pooled,0,0.050000000000000003,per_format,oracle,14935,322,422,416,13775,0.049815868764646803,0.049414127887512552
CodeBERT_unfrozen_s2026,test,Pooled,1,0.050000000000000003,per_format,oracle,15065,13488,76,1287,214,0.90036508463325593,0.9807500829737803
CodeBERT_unfrozen_s2026,test,Win32,0,0.050000000000000003,per_format,oracle,5018,81,169,164,4604,0.049820645675567952,0.048824232762056594
CodeBERT_unfrozen_s2026,test,Win32,1,0.050000000000000003,per_format,oracle,4982,4326,31,518,107,0.87454837414692899,0.9723002810116419
CodeBERT_unfrozen_s2026,test,Win64,0,0.050000000000000003,per_format,oracle,4953,87,159,158,4549,0.049666868564506361,0.049464970724813241
CodeBERT_unfrozen_s2026,test,Win64,1,0.050000000000000003,per_format,oracle,5047,4446,26,525,50,0.88607093322765995,0.98494154943530809
CodeBERT_unfrozen_s2026,test,Dot_Net,0,0.050000000000000003,per_format,oracle,4964,154,94,94,4622,0.049959709911361803,0.049959709911361803
CodeBERT_unfrozen_s2026,test,Dot_Net,1,0.050000000000000003,per_format,oracle,5036,4716,19,244,57,0.94023034154090546,0.98490865766481339
CodeBERT_unfrozen_s2026,test,Pooled,0,0.050000000000000003,per_format,deployment,14935,333,384,438,13780,0.048008034817542684,0.051623702711750923
CodeBERT_unfrozen_s2026,test,Pooled,1,0.050000000000000003,per_format,deployment,15065,13374,60,1408,223,0.89173581148357117,0.98121473614337873
CodeBERT_unfrozen_s2026,test,Win32,0,0.050000000000000003,per_format,deployment,5018,55,134,138,4691,0.037664408130729375,0.038461538461538464
CodeBERT_unfrozen_s2026,test,Win32,1,0.050000000000000003,per_format,deployment,4982,4167,28,656,131,0.84203131272581289,0.96808510638297873
CodeBERT_unfrozen_s2026,test,Win64,0,0.050000000000000003,per_format,deployment,4953,101,155,190,4507,0.051685846961437514,0.05875227135069655
CodeBERT_unfrozen_s2026,test,Win64,1,0.050000000000000003,per_format,deployment,5047,4463,19,522,43,0.88805230830196158,0.98771547453933028
CodeBERT_unfrozen_s2026,test,Dot_Net,0,0.050000000000000003,per_format,deployment,4964,177,95,110,4582,0.054794520547945202,0.057816277195809833
CodeBERT_unfrozen_s2026,test,Dot_Net,1,0.050000000000000003,per_format,deployment,5036,4744,13,230,49,0.94459888800635428,0.9876886417791898
CodeBERT_unfrozen_s2027,same_period,Pooled,0,0.001,pooled,oracle,14945,2,12,12,14919,0.00093676814988290398,0.00093676814988290398
CodeBERT_unfrozen_s2027,same_period,Pooled,1,0.001,pooled,oracle,15055,7066,325,4378,3286,0.49093324476917966,0.76014613085353699
CodeBERT_unfrozen_s2027,same_period,Win32,0,0.001,pooled,oracle,4969,0,4,4,4961,0.00080499094385188164,0.00080499094385188164
CodeBERT_unfrozen_s2027,same_period,Win32,1,0.001,pooled,oracle,5031,2250,109,1427,1245,0.46889286424170146,0.73086861458954477
CodeBERT_unfrozen_s2027,same_period,Win64,0,0.001,pooled,oracle,4977,2,6,4,4965,0.0016073940124573037,0.0012055455093429777
CodeBERT_unfrozen_s2027,same_period,Win64,1,0.001,pooled,oracle,5023,3107,134,1015,767,0.64523193310770455,0.82062512442763291
CodeBERT_unfrozen_s2027,same_period,Dot_Net,0,0.001,pooled,oracle,4999,0,2,4,4993,0.00040008001600320064,0.00080016003200640128
CodeBERT_unfrozen_s2027,same_period,Dot_Net,1,0.001,pooled,oracle,5001,1709,82,1936,1274,0.35812837432513495,0.7288542291541692
CodeBERT_unfrozen_s2027,same_period,Pooled,0,0.001,pooled,deployment,14945,3,13,18,14911,0.0010705921712947475,0.001405152224824356
CodeBERT_unfrozen_s2027,same_period,Pooled,1,0.001,pooled,deployment,15055,7240,225,4787,2803,0.49584855529724342,0.79887080704085023
CodeBERT_unfrozen_s2027,same_period,Win32,0,0.001,pooled,deployment,4969,0,5,8,4956,0.001006238679814852,0.0016099818877037633
CodeBERT_unfrozen_s2027,same_period,Win32,1,0.001,pooled,deployment,5031,2309,75,1545,1102,0.4738620552574041,0.76605048698071954
CodeBERT_unfrozen_s2027,same_period,Win64,0,0.001,pooled,deployment,4977,3,6,6,4962,0.0018083182640144665,0.0018083182640144665
CodeBERT_unfrozen_s2027,same_period,Win64,1,0.001,pooled,deployment,5023,3166,101,1091,665,0.650408122635875,0.84750149313159462
CodeBERT_unfrozen_s2027,same_period,Dot_Net,0,0.001,pooled,deployment,4999,0,2,4,4993,0.00040008001600320064,0.00080016003200640128
CodeBERT_unfrozen_s2027,same_period,Dot_Net,1,0.001,pooled,deployment,5001,1765,49,2151,1036,0.36272745450909816,0.78304339132173562
CodeBERT_unfrozen_s2027,same_period,Pooled,0,0.001,per_format,oracle,14945,2,10,10,14923,0.0008029441284710606,0.0008029441284710606
CodeBERT_unfrozen_s2027,same_period,Pooled,1,0.001,per_format,oracle,15055,7024,312,4805,2914,0.48727997343075391,0.78571903022251743
CodeBERT_unfrozen_s2027,same_period,Win32,0,0.001,per_format,oracle,4969,0,4,4,4961,0.00080499094385188164,0.00080499094385188164
CodeBERT_unfrozen_s2027,same_period,Win32,1,0.001,per_format,oracle,5031,2259,111,1418,1243,0.47107930828861061,0.73086861458954477
CodeBERT_unfrozen_s2027,same_period,Win64,0,0.001,per_format,oracle,4977,1,3,3,4970,0.00080369700622865184,0.00080369700622865184
CodeBERT_unfrozen_s2027,same_period,Win64,1,0.001,per_format,oracle,5023,1996,84,2078,865,0.4140951622536333,0.81106908222177976
CodeBERT_unfrozen_s2027,same_period,Dot_Net,0,0.001,per_format,oracle,4999,1,3,3,4992,0.00080016003200640128,0.00080016003200640128
CodeBERT_unfrozen_s2027,same_period,Dot_Net,1,0.001,per_format,oracle,5001,2769,117,1309,806,0.57708458308338328,0.81543691261747653
CodeBERT_unfrozen_s2027,same_period,Pooled,0,0.001,per_format,deployment,14945,4,11,18,14912,0.0010036801605888257,0.0014720642355302777
CodeBERT_unfrozen_s2027,same_period,Pooled,1,0.001,per_format,deployment,15055,7439,250,4722,2644,0.51072733311192298,0.80777150448356028
CodeBERT_unfrozen_s2027,same_period,Win32,0,0.001,per_format,deployment,4969,0,5,9,4955,0.001006238679814852,0.0018112296236667338
CodeBERT_unfrozen_s2027,same_period,Win32,1,0.001,per_format,deployment,5031,2320,64,1689,958,0.4738620552574041,0.79685947127807588
CodeBERT_unfrozen_s2027,same_period,Win64,0,0.001,per_format,deployment,4977,3,4,6,4964,0.0014064697609001407,0.0018083182640144665
CodeBERT_unfrozen_s2027,same_period,Win64,1,0.001,per_format,deployment,5023,2797,89,1448,689,0.57455703762691623,0.84511248258013139
CodeBERT_unfrozen_s2027,same_period,Dot_Net,0,0.001,per_format,deployment,4999,1,2,3,4993,0.00060012002400480096,0.00080016003200640128
CodeBERT_unfrozen_s2027,same_period,Dot_Net,1,0.001,per_format,deployment,5001,2322,97,1585,997,0.48370325934813035,0.7812437512497501
CodeBERT_unfrozen_s2027,same_period,Pooled,0,0.0050000000000000001,pooled,oracle,14945,15,59,59,14812,0.0049514887922382069,0.0049514887922382069
CodeBERT_unfrozen_s2027,same_period,Pooled,1,0.0050000000000000001,pooled,oracle,15055,10428,167,3304,1156,0.70375290601129192,0.91212221853204911
CodeBERT_unfrozen_s2027,same_period,Win32,0,0.0050000000000000001,pooled,oracle,4969,4,28,22,4915,0.0064399275508150531,0.0052324411350372305
CodeBERT_unfrozen_s2027,same_period,Win32,1,0.0050000000000000001,pooled,oracle,5031,3335,53,1099,544,0.67342476644802229,0.88133571854502091
CodeBERT_unfrozen_s2027,same_period,Win64,0,0.0050000000000000001,pooled,oracle,4977,4,21,13,4939,0.0050231062889290736,0.00341571227647177
CodeBERT_unfrozen_s2027,same_period,Win64,1,0.0050000000000000001,pooled,oracle,5023,3894,79,758,292,0.79096157674696399,0.9261397571172606
CodeBERT_unfrozen_s2027,same_period,Dot_Net,0,0.0050000000000000001,pooled,oracle,4999,7,10,24,4958,0.0034006801360272052,0.0062012402480496097
CodeBERT_unfrozen_s2027,same_period,Dot_Net,1,0.0050000000000000001,pooled,oracle,5001,3199,35,1447,320,0.64667066586682664,0.92901419716056788
CodeBERT_unfrozen_s2027,same_period,Pooled,0,0.0050000000000000001,pooled,deployment,14945,15,57,65,14808,0.004817664770826363,0.0053529608564737369
CodeBERT_unfrozen_s2027,same_period,Pooled,1,0.0050000000000000001,pooled,deployment,15055,10375,154,3390,1136,0.69936898040518103,0.91431418133510467
CodeBERT_unfrozen_s2027,same_period,Win32,0,0.0050000000000000001,pooled,deployment,4969,4,27,25,4913,0.006238679814852083,0.0058361843429261418
CodeBERT_unfrozen_s2027,same_period,Win32,1,0.0050000000000000001,pooled,deployment,5031,3320,49,1125,537,0.66964818127608827,0.88352216259193006
CodeBERT_unfrozen_s2027,same_period,Win64,0,0.0050000000000000001,pooled,deployment,4977,4,20,14,4939,0.0048221820373719106,0.003616636528028933
CodeBERT_unfrozen_s2027,same_period,Win64,1,0.0050000000000000001,pooled,deployment,5023,3881,75,780,287,0.78757714513239097,0.92793151503085802
CodeBERT_unfrozen_s2027,same_period,Dot_Net,0,0.0050000000000000001,pooled,deployment,4999,7,10,26,4956,0.0034006801360272052,0.0066013202640528108
CodeBERT_unfrozen_s2027,same_period,Dot_Net,1,0.0050000000000000001,pooled,deployment,5001,3174,30,1485,312,0.64067186562687461,0.93161367726454714
CodeBERT_unfrozen_s2027,same_period,Pooled,0,0.0050000000000000001,per_format,oracle,14945,14,58,58,14815,0.004817664770826363,0.004817664770826363
CodeBERT_unfrozen_s2027,same_period,Pooled,1,0.0050000000000000001,per_format,oracle,15055,10582,164,3088,1221,0.71378279641315179,0.90800398538691462
CodeBERT_unfrozen_s2027,same_period,Win32,0,0.0050000000000000001,per_format,oracle,4969,1,23,23,4922,0.0048299456631112903,0.0048299456631112903
CodeBERT_unfrozen_s2027,same_period,Win32,1,0.0050000000000000001,per_format,oracle,5031,3175,40,1220,596,0.63903796461936002,0.87358378056052477
CodeBERT_unfrozen_s2027,same_period,Win64,0,0.0050000000000000001,per_format,oracle,4977,5,19,19,4934,0.0048221820373719106,0.0048221820373719106
CodeBERT_unfrozen_s2027,same_period,Win64,1,0.0050000000000000001,per_format,oracle,5023,3899,57,814,253,0.78757714513239097,0.93828389408719892
CodeBERT_unfrozen_s2027,same_period,Dot_Net,0,0.0050000000000000001,per_format,oracle,4999,8,16,16,4959,0.0048009601920384077,0.0048009601920384077
CodeBERT_unfrozen_s2027,same_period,Dot_Net,1,0.0050000000000000001,per_format,oracle,5001,3508,67,1054,372,0.71485702859428113,0.91221755648870229
CodeBERT_unfrozen_s2027,same_period,Pooled,0,0.0050000000000000001,per_format,deployment,14945,15,53,62,14815,0.0045500167280026768,0.0051522248243559719
CodeBERT_unfrozen_s2027,same_period,Pooled,1,0.0050000000000000001,per_format,deployment,15055,10506,157,3232,1160,0.70826967784789108,0.91252075722351378
CodeBERT_unfrozen_s2027,same_period,Win32,0,0.0050000000000000001,per_format,deployment,4969,5,21,26,4917,0.0052324411350372305,0.006238679814852083
CodeBERT_unfrozen_s2027,same_period,Win32,1,0.0050000000000000001,per_format,deployment,5031,3266,35,1216,514,0.65613198171337705,0.8908765652951699
CodeBERT_unfrozen_s2027,same_period,Win64,0,0.0050000000000000001,per_format,deployment,4977,4,19,16,4938,0.0046212577858147476,0.0040184850311432586
CodeBERT_unfrozen_s2027,same_period,Win64,1,0.0050000000000000001,per_format,deployment,5023,3868,64,816,275,0.7827991240294645,0.93251045192116266
CodeBERT_unfrozen_s2027,same_period,Dot_Net,0,0.0050000000000000001,per_format,deployment,4999,6,13,20,4960,0.0038007601520304059,0.0052010402080416079
CodeBERT_unfrozen_s2027,same_period,Dot_Net,1,0.0050000000000000001,per_format,deployment,5001,3372,58,1200,371,0.6858628274345131,0.9142171565686863
CodeBERT_unfrozen_s2027,same_period,Pooled,0,0.01,pooled,oracle,14945,36,113,113,14683,0.0099698895951823348,0.0099698895951823348
CodeBERT_unfrozen_s2027,same_period,Pooled,1,0.01,pooled,oracle,15055,11824,134,2355,742,0.794287612089007,0.94181335104616404
CodeBERT_unfrozen_s2027,same_period,Win32,0,0.01,pooled,oracle,4969,9,51,41,4868,0.012074864157778226,0.010062386798148521
CodeBERT_unfrozen_s2027,same_period,Win32,1,0.01,pooled,oracle,5031,3763,39,873,356,0.75571456966805806,0.92148678195189826
CodeBERT_unfrozen_s2027,same_period,Win64,0,0.01,pooled,oracle,4977,7,43,27,4900,0.010046212577858147,0.0068314245529435399
CodeBERT_unfrozen_s2027,same_period,Win64,1,0.01,pooled,oracle,5023,4200,59,565,199,0.84789966155683849,0.94863627314353971
CodeBERT_unfrozen_s2027,same_period,Dot_Net,0,0.01,pooled,oracle,4999,20,19,45,4915,0.0078015603120624123,0.01300260052010402
CodeBERT_unfrozen_s2027,same_period,Dot_Net,1,0.01,pooled,oracle,5001,3861,36,917,187,0.77924415116976609,0.95540891821635676
CodeBERT_unfrozen_s2027,same_period,Pooled,0,0.01,pooled,deployment,14945,36,99,119,14691,0.0090331214452994309,0.010371361659417865
CodeBERT_unfrozen_s2027,same_period,Pooled,1,0.01,pooled,deployment,15055,11665,124,2546,720,0.78306210561275325,0.94393889073397541
CodeBERT_unfrozen_s2027,same_period,Win32,0,0.01,pooled,deployment,4969,9,42,44,4874,0.010263634534111492,0.010666130006037432
CodeBERT_unfrozen_s2027,same_period,Win32,1,0.01,pooled,deployment,5031,3714,36,937,344,0.74537865235539658,0.92446829656131979
CodeBERT_unfrozen_s2027,same_period,Win64,0,0.01,pooled,deployment,4977,7,41,27,4902,0.0096443640747438213,0.0068314245529435399
CodeBERT_unfrozen_s2027,same_period,Win64,1,0.01,pooled,deployment,5023,4170,58,601,194,0.84172805096555847,0.94983077841927133
CodeBERT_unfrozen_s2027,same_period,Dot_Net,0,0.01,pooled,deployment,4999,20,16,48,4915,0.0072014402880576115,0.013602720544108821
CodeBERT_unfrozen_s2027,same_period,Dot_Net,1,0.01,pooled,deployment,5001,3781,30,1008,182,0.76204759048190363,0.95760847830433915
CodeBERT_unfrozen_s2027,same_period,Pooled,0,0.01,per_format,oracle,14945,36,111,111,14687,0.0098360655737704927,0.0098360655737704927
CodeBERT_unfrozen_s2027,same_period,Pooled,1,0.01,per_format,oracle,15055,11832,120,2375,728,0.79388907339754233,0.943673198272999
CodeBERT_unfrozen_s2027,same_period,Win32,0,0.01,per_format,oracle,4969,9,40,40,4880,0.0098611390621855498,0.0098611390621855498
CodeBERT_unfrozen_s2027,same_period,Win32,1,0.01,per_format,oracle,5031,3676,35,949,371,0.73762671437090044,0.91930033790498911
CodeBERT_unfrozen_s2027,same_period,Win64,0,0.01,per_format,oracle,4977,8,41,41,4887,0.0098452883263009851,0.0098452883263009851
CodeBERT_unfrozen_s2027,same_period,Win64,1,0.01,per_format,oracle,5023,4222,35,613,153,0.84750149313159462,0.96257216802707546
CodeBERT_unfrozen_s2027,same_period,Dot_Net,0,0.01,per_format,oracle,4999,19,30,30,4920,0.0098019603920784151,0.0098019603920784151
CodeBERT_unfrozen_s2027,same_period,Dot_Net,1,0.01,per_format,oracle,5001,3934,50,813,204,0.79664067186562693,0.94921015796840635
CodeBERT_unfrozen_s2027,same_period,Pooled,0,0.01,per_format,deployment,14945,34,104,117,14690,0.0092338574774171959,0.010103713616594179
CodeBERT_unfrozen_s2027,same_period,Pooled,1,0.01,per_format,deployment,15055,11700,114,2526,715,0.78472268349385588,0.94493523746263697
CodeBERT_unfrozen_s2027,same_period,Win32,0,0.01,per_format,deployment,4969,9,39,50,4871,0.0096598913262225805,0.011873616421815255
CodeBERT_unfrozen_s2027,same_period,Win32,1,0.01,per_format,deployment,5031,3646,29,1018,338,0.73047107930828858,0.92705227588948524
CodeBERT_unfrozen_s2027,same_period,Win64,0,0.01,per_format,deployment,4977,7,41,40,4889,0.0096443640747438213,0.0094434398231866591
CodeBERT_unfrozen_s2027,same_period,Win64,1,0.01,per_format,deployment,5023,4190,38,632,163,0.84172805096555847,0.95998407326299029
CodeBERT_unfrozen_s2027,same_period,Dot_Net,0,0.01,per_format,deployment,4999,18,24,27,4930,0.0084016803360672139,0.0090018003600720146
CodeBERT_unfrozen_s2027,same_period,Dot_Net,1,0.01,per_format,deployment,5001,3864,47,876,214,0.78204359128174361,0.94781043791241748
CodeBERT_unfrozen_s2027,same_period,Pooled,0,0.050000000000000003,pooled,oracle,14945,310,437,435,13763,0.049983271997323518,0.049849447975911676
CodeBERT_unfrozen_s2027,same_period,Pooled,1,0.050000000000000003,pooled,oracle,15055,13896,63,890,206,0.92720026569246095,0.98213218199933572
CodeBERT_unfrozen_s2027,same_period,Win32,0,0.050000000000000003,pooled,oracle,4969,127,196,213,4433,0.065003018716039446,0.068424230227409941
CodeBERT_unfrozen_s2027,same_period,Win32,1,0.050000000000000003,pooled,oracle,5031,4458,25,453,95,0.8910753329357981,0.9761478831246273
CodeBERT_unfrozen_s2027,same_period,Win64,0,0.050000000000000003,pooled,oracle,4977,61,136,130,4650,0.039582077556761103,0.038376532047418123
CodeBERT_unfrozen_s2027,same_period,Win64,1,0.050000000000000003,pooled,oracle,5023,4672,25,265,61,0.93509854668524783,0.98287875771451327
CodeBERT_unfrozen_s2027,same_period,Dot_Net,0,0.050000000000000003,pooled,oracle,4999,122,105,92,4680,0.045409081816363273,0.042808561712342472
CodeBERT_unfrozen_s2027,same_period,Dot_Net,1,0.050000000000000003,pooled,oracle,5001,4766,13,172,50,0.95560887822435514,0.98740251949610081
CodeBERT_unfrozen_s2027,same_period,Pooled,0,0.050000000000000003,pooled,deployment,14945,317,433,463,13732,0.050184008029441285,0.052191368350618939
CodeBERT_unfrozen_s2027,same_period,Pooled,1,0.050000000000000003,pooled,deployment,15055,13900,60,898,197,0.92726668880770513,0.98292925938226505
CodeBERT_unfrozen_s2027,same_period,Win32,0,0.050000000000000003,pooled,deployment,4969,130,195,229,4415,0.065405514187965391,0.072247937210706381
CodeBERT_unfrozen_s2027,same_period,Win32,1,0.050000000000000003,pooled,deployment,5031,4458,25,458,90,0.8910753329357981,0.97714172132776789
CodeBERT_unfrozen_s2027,same_period,Win64,0,0.050000000000000003,pooled,deployment,4977,63,135,138,4641,0.039783001808318265,0.040385774562989751
CodeBERT_unfrozen_s2027,same_period,Win64,1,0.050000000000000003,pooled,deployment,5023,4674,23,268,58,0.93509854668524783,0.98387417877762295
CodeBERT_unfrozen_s2027,same_period,Dot_Net,0,0.050000000000000003,pooled,deployment,4999,124,103,96,4676,0.045409081816363273,0.044008801760352073
CodeBERT_unfrozen_s2027,same_period,Dot_Net,1,0.050000000000000003,pooled,deployment,5001,4768,12,172,49,0.95580883823235352,0.98780243951209756
CodeBERT_unfrozen_s2027,same_period,Pooled,0,0.050000000000000003,per_format,oracle,14945,298,445,443,13759,0.049715623954499834,0.049581799933087992
CodeBERT_unfrozen_s2027,same_period,Pooled,1,0.050000000000000003,per_format,oracle,15055,13833,67,949,206,0.92328130189305879,0.98186648953835931
CodeBERT_unfrozen_s2027,same_period,Win32,0,0.050000000000000003,per_format,oracle,4969,77,171,170,4551,0.049909438518816664,0.049708190782853691
CodeBERT_unfrozen_s2027,same_period,Win32,1,0.050000000000000003,per_format,oracle,5031,4316,32,565,118,0.86424170145100376,0.97018485390578413
CodeBERT_unfrozen_s2027,same_period,Win64,0,0.050000000000000003,per_format,oracle,4977,77,171,169,4560,0.049829214386176414,0.049427365883062083
CodeBERT_unfrozen_s2027,same_period,Win64,1,0.050000000000000003,per_format,oracle,5023,4724,25,231,43,0.94545092574158873,0.98646227354170812
CodeBERT_unfrozen_s2027,same_period,Dot_Net,0,0.050000000000000003,per_format,oracle,4999,144,103,104,4648,0.04940988197639528,0.049609921984396878
CodeBERT_unfrozen_s2027,same_period,Dot_Net,1,0.050000000000000003,per_format,oracle,5001,4793,10,153,45,0.96040791841631679,0.98900219956008795
CodeBERT_unfrozen_s2027,same_period,Pooled,0,0.050000000000000003,per_format,deployment,14945,304,456,469,13716,0.050853128136500503,0.051722984275677487
CodeBERT_unfrozen_s2027,same_period,Pooled,1,0.050000000000000003,per_format,deployment,15055,13874,64,917,200,0.92580538027233472,0.98246429757555631
CodeBERT_unfrozen_s2027,same_period,Win32,0,0.050000000000000003,per_format,deployment,4969,94,179,194,4502,0.054940631917890927,0.057959347957335483
CodeBERT_unfrozen_s2027,same_period,Win32,1,0.050000000000000003,per_format,deployment,5031,4370,30,522,109,0.87457761876366524,0.97237129795269328
CodeBERT_unfrozen_s2027,same_period,Win64,0,0.050000000000000003,per_format,deployment,4977,80,179,171,4547,0.052039381153305204,0.0504319871408479
CodeBERT_unfrozen_s2027,same_period,Win64,1,0.050000000000000003,per_format,deployment,5023,4729,25,227,42,0.94644634680469841,0.98666135775433006
CodeBERT_unfrozen_s2027,same_period,Dot_Net,0,0.050000000000000003,per_format,deployment,4999,130,98,104,4667,0.045609121824364871,0.046809361872374472
CodeBERT_unfrozen_s2027,same_period,Dot_Net,1,0.050000000000000003,per_format,deployment,5001,4775,9,168,49,0.95660867826434715,0.98840231953609281
CodeBERT_unfrozen_s2027,test,Pooled,0,0.001,pooled,oracle,14935,2,12,12,14909,0.00093739537997991292,0.00093739537997991292
CodeBERT_unfrozen_s2027,test,Pooled,1,0.001,pooled,oracle,15065,5142,314,6133,3476,0.36216395618984398,0.74842349817457687
CodeBERT_unfrozen_s2027,test,Win32,0,0.001,pooled,oracle,5018,0,2,1,5015,0.00039856516540454366,0.00019928258270227183
CodeBERT_unfrozen_s2027,test,Win32,1,0.001,pooled,oracle,4982,1794,99,1646,1443,0.3799678843837816,0.6904857486953031
CodeBERT_unfrozen_s2027,test,Win64,0,0.001,pooled,oracle,4953,1,8,4,4940,0.0018170805572380376,0.0010094891984655764
CodeBERT_unfrozen_s2027,test,Win64,1,0.001,pooled,oracle,5047,1769,144,2327,807,0.37903705171388946,0.8115712304339211
CodeBERT_unfrozen_s2027,test,Dot_Net,0,0.001,pooled,oracle,4964,1,2,7,4954,0.00060435132957292509,0.0016116035455278001
CodeBERT_unfrozen_s2027,test,Dot_Net,1,0.001,pooled,oracle,5036,1579,71,2160,1226,0.32764098490865767,0.7424543288324067
CodeBERT_unfrozen_s2027,test,Pooled,0,0.001,pooled,deployment,14935,5,16,19,14895,0.0014060930699698695,0.0016069635085369936
CodeBERT_unfrozen_s2027,test,Pooled,1,0.001,pooled,deployment,15065,5932,249,5999,2885,0.41028874875539328,0.79196813806837041
CodeBERT_unfrozen_s2027,test,Win32,0,0.001,pooled,deployment,5018,0,3,3,5012,0.00059784774810681541,0.00059784774810681541
CodeBERT_unfrozen_s2027,test,Win32,1,0.001,pooled,deployment,4982,2189,77,1465,1251,0.4548374146928944,0.73344038538739464
CodeBERT_unfrozen_s2027,test,Win64,0,0.001,pooled,deployment,4953,1,11,6,4935,0.0024227740763173833,0.001413284877851807
CodeBERT_unfrozen_s2027,test,Win64,1,0.001,pooled,deployment,5047,1895,117,2362,673,0.39865266494947493,0.8434713691301764
CodeBERT_unfrozen_s2027,test,Dot_Net,0,0.001,pooled,deployment,4964,4,2,10,4948,0.0012087026591458502,0.0028203062046736503
CodeBERT_unfrozen_s2027,test,Dot_Net,1,0.001,pooled,deployment,5036,1848,55,2172,961,0.37787926926131848,0.79825258141382049
CodeBERT_unfrozen_s2027,test,Pooled,0,0.001,per_format,oracle,14935,1,12,12,14910,0.00087043856712420487,0.00087043856712420487
CodeBERT_unfrozen_s2027,test,Pooled,1,0.001,per_format,oracle,15065,5547,274,6142,3102,0.38639230003318953,0.77590441420511114
CodeBERT_unfrozen_s2027,test,Win32,0,0.001,per_format,oracle,5018,0,5,5,5008,0.00099641291351135913,0.00099641291351135913
CodeBERT_unfrozen_s2027,test,Win32,1,0.001,per_format,oracle,4982,2411,51,1626,894,0.4941790445604175,0.81031714171015656
CodeBERT_unfrozen_s2027,test,Win64,0,0.001,per_format,oracle,4953,1,3,3,4946,0.00080759135877246115,0.00080759135877246115
CodeBERT_unfrozen_s2027,test,Win64,1,0.001,per_format,oracle,5047,1410,110,2657,870,0.30116901129383794,0.80582524271844658
CodeBERT_unfrozen_s2027,test,Dot_Net,0,0.001,per_format,oracle,4964,0,4,4,4956,0.00080580177276390005,0.00080580177276390005
CodeBERT_unfrozen_s2027,test,Dot_Net,1,0.001,per_format,oracle,5036,1726,113,1859,1338,0.36517077045274027,0.71187450357426529
CodeBERT_unfrozen_s2027,test,Pooled,0,0.001,per_format,deployment,14935,4,20,18,14893,0.0016069635085369936,0.0014730498828255775
CodeBERT_unfrozen_s2027,test,Pooled,1,0.001,per_format,deployment,15065,6312,272,5738,2743,0.43703949551941584,0.79986724195154335
CodeBERT_unfrozen_s2027,test,Win32,0,0.001,per_format,deployment,5018,0,3,3,5012,0.00059784774810681541,0.00059784774810681541
CodeBERT_unfrozen_s2027,test,Win32,1,0.001,per_format,deployment,4982,2212,54,1591,1125,0.4548374146928944,0.7633480529907668
CodeBERT_unfrozen_s2027,test,Win64,0,0.001,per_format,deployment,4953,1,7,5,4940,0.0016151827175449223,0.0012113870381586917
CodeBERT_unfrozen_s2027,test,Win64,1,0.001,per_format,deployment,5047,1732,96,2508,711,0.36219536358232612,0.84010303150386367
CodeBERT_unfrozen_s2027,test,Dot_Net,0,0.001,per_format,deployment,4964,3,10,10,4941,0.0026188557614826753,0.0026188557614826753
CodeBERT_unfrozen_s2027,test,Dot_Net,1,0.001,per_format,deployment,5036,2368,122,1639,907,0.49444003177124701,0.79567116759332801
CodeBERT_unfrozen_s2027,test,Pooled,0,0.0050000000000000001,pooled,oracle,14935,18,56,56,14805,0.0049548041513223975,0.0049548041513223975
CodeBERT_unfrozen_s2027,test,Pooled,1,0.0050000000000000001,pooled,oracle,15065,8605,192,4846,1422,0.58393627613674082,0.89286425489545307
CodeBERT_unfrozen_s2027,test,Win32,0,0.0050000000000000001,pooled,oracle,5018,1,25,7,4985,0.0051813471502590676,0.0015942606616181746
CodeBERT_unfrozen_s2027,test,Win32,1,0.0050000000000000001,pooled,oracle,4982,3014,72,1203,693,0.61942994781212368,0.846447209955841
CodeBERT_unfrozen_s2027,test,Win64,0,0.0050000000000000001,pooled,oracle,4953,4,20,12,4917,0.0048455481526347667,0.0032303654350898446
CodeBERT_unfrozen_s2027,test,Win64,1,0.0050000000000000001,pooled,oracle,5047,2507,71,2102,367,0.51079849415494349,0.91321577174559143
CodeBERT_unfrozen_s2027,test,Dot_Net,0,0.0050000000000000001,pooled,oracle,4964,13,11,37,4903,0.0048348106365834007,0.010072522159548751
CodeBERT_unfrozen_s2027,test,Dot_Net,1,0.0050000000000000001,pooled,oracle,5036,3084,49,1541,362,0.62212073073868146,0.91838760921366158
CodeBERT_unfrozen_s2027,test,Pooled,0,0.0050000000000000001,pooled,deployment,14935,21,67,72,14775,0.0058921995313023102,0.0062269835955808504
CodeBERT_unfrozen_s2027,test,Pooled,1,0.0050000000000000001,pooled,deployment,15065,8882,168,4759,1256,0.60073016926651179,0.90547626949883842
CodeBERT_unfrozen_s2027,test,Win32,0,0.0050000000000000001,pooled,deployment,5018,1,29,10,4978,0.0059784774810681543,0.00219210840972499
CodeBERT_unfrozen_s2027,test,Win32,1,0.0050000000000000001,pooled,deployment,4982,3107,59,1202,614,0.63548775592131679,0.8649136892814131
CodeBERT_unfrozen_s2027,test,Win64,0,0.0050000000000000001,pooled,deployment,4953,4,26,20,4903,0.0060569351907934586,0.0048455481526347667
CodeBERT_unfrozen_s2027,test,Win64,1,0.0050000000000000001,pooled,deployment,5047,2576,63,2073,335,0.52288488210818307,0.92114127204279772
CodeBERT_unfrozen_s2027,test,Dot_Net,0,0.0050000000000000001,pooled,deployment,4964,16,12,42,4894,0.0056406124093473006,0.011684125705076551
CodeBERT_unfrozen_s2027,test,Dot_Net,1,0.0050000000000000001,pooled,deployment,5036,3199,46,1484,307,0.64436060365369341,0.92990468625893563
CodeBERT_unfrozen_s2027,test,Pooled,0,0.0050000000000000001,per_format,oracle,14935,14,59,58,14804,0.0048878473384666886,0.0048208905256109805
CodeBERT_unfrozen_s2027,test,Pooled,1,0.0050000000000000001,per_format,oracle,15065,8566,197,4877,1425,0.58167938931297714,0.89233322270162629
CodeBERT_unfrozen_s2027,test,Win32,0,0.0050000000000000001,per_format,oracle,5018,1,24,23,4970,0.0049820645675567954,0.0047827819848545233
CodeBERT_unfrozen_s2027,test,Win32,1,0.0050000000000000001,per_format,oracle,4982,2990,30,1439,523,0.60618225612203935,0.88900040144520276
CodeBERT_unfrozen_s2027,test,Win64,0,0.0050000000000000001,per_format,oracle,4953,4,20,20,4909,0.0048455481526347667,0.0048455481526347667
CodeBERT_unfrozen_s2027,test,Win64,1,0.0050000000000000001,per_format,oracle,5047,2528,51,2143,325,0.51099663166237363,0.92550029720626115
CodeBERT_unfrozen_s2027,test,Dot_Net,0,0.0050000000000000001,per_format,oracle,4964,9,15,15,4925,0.0048348106365834007,0.0048348106365834007
CodeBERT_unfrozen_s2027,test,Dot_Net,1,0.0050000000000000001,per_format,oracle,5036,3048,116,1295,577,0.62827640984908661,0.86239078633836375
CodeBERT_unfrozen_s2027,test,Pooled,0,0.0050000000000000001,per_format,deployment,14935,23,65,68,14779,0.0058921995313023102,0.0060930699698694343
CodeBERT_unfrozen_s2027,test,Pooled,1,0.0050000000000000001,per_format,deployment,15065,9010,174,4608,1273,0.60962495851310983,0.90394955194158644
CodeBERT_unfrozen_s2027,test,Win32,0,0.0050000000000000001,per_format,deployment,5018,1,26,15,4976,0.0053806297329613388,0.0031885213232363493
CodeBERT_unfrozen_s2027,test,Win32,1,0.0050000000000000001,per_format,deployment,4982,3041,46,1309,586,0.61963067041348852,0.8731433159373746
CodeBERT_unfrozen_s2027,test,Win64,0,0.0050000000000000001,per_format,deployment,4953,5,23,21,4904,0.0056531395114072279,0.0052493438320209973
CodeBERT_unfrozen_s2027,test,Win64,1,0.0050000000000000001,per_format,deployment,5047,2555,55,2118,319,0.51713889439270855,0.92589657222112143
CodeBERT_unfrozen_s2027,test,Dot_Net,0,0.0050000000000000001,per_format,deployment,4964,17,16,32,4899,0.0066478646253021753,0.0098710717163577755
CodeBERT_unfrozen_s2027,test,Dot_Net,1,0.0050000000000000001,per_format,deployment,5036,3414,73,1181,368,0.69241461477362987,0.91243050039714058
CodeBERT_unfrozen_s2027,test,Pooled,0,0.01,pooled,oracle,14935,38,111,111,14675,0.009976565115500503,0.009976565115500503
CodeBERT_unfrozen_s2027,test,Pooled,1,0.01,pooled,oracle,15065,10237,168,3728,932,0.69067374709591767,0.9269830733488218
CodeBERT_unfrozen_s2027,test,Win32,0,0.01,pooled,oracle,5018,7,53,24,4934,0.011956954962136309,0.0061777600637704265
CodeBERT_unfrozen_s2027,test,Win32,1,0.01,pooled,oracle,4982,3484,60,975,463,0.7113608992372541,0.89502207948615009
CodeBERT_unfrozen_s2027,test,Win64,0,0.01,pooled,oracle,4953,8,33,31,4881,0.0082778114274177274,0.007874015748031496
CodeBERT_unfrozen_s2027,test,Win64,1,0.01,pooled,oracle,5047,2907,65,1818,257,0.58886467208242521,0.93619972260748963
CodeBERT_unfrozen_s2027,test,Dot_Net,0,0.01,pooled,oracle,4964,23,25,56,4860,0.0096696212731668015,0.015914585012087028
CodeBERT_unfrozen_s2027,test,Dot_Net,1,0.01,pooled,oracle,5036,3846,43,935,212,0.77223987291501195,0.94936457505957106
CodeBERT_unfrozen_s2027,test,Pooled,0,0.01,pooled,deployment,14935,46,102,140,14647,0.0099096083026447949,0.012453967191161701
CodeBERT_unfrozen_s2027,test,Pooled,1,0.01,pooled,deployment,15065,10220,138,3861,846,0.68755393295718548,0.9346830401593097
CodeBERT_unfrozen_s2027,test,Win32,0,0.01,pooled,deployment,5018,7,52,32,4927,0.011757672379434038,0.0077720207253886009
CodeBERT_unfrozen_s2027,test,Win32,1,0.01,pooled,deployment,4982,3483,48,1037,414,0.70875150541951026,0.90726615816940992
CodeBERT_unfrozen_s2027,test,Win64,0,0.01,pooled,deployment,4953,10,31,40,4872,0.0082778114274177274,0.010094891984655765
CodeBERT_unfrozen_s2027,test,Win64,1,0.01,pooled,deployment,5047,2900,59,1851,237,0.58628888448583316,0.94135129780067361
CodeBERT_unfrozen_s2027,test,Dot_Net,0,0.01,pooled,deployment,4964,29,19,68,4848,0.0096696212731668015,0.019540692989524575
CodeBERT_unfrozen_s2027,test,Dot_Net,1,0.01,pooled,deployment,5036,3837,31,973,195,0.76806989674344717,0.95512311358220814
CodeBERT_unfrozen_s2027,test,Pooled,0,0.01,per_format,oracle,14935,37,111,111,14676,0.0099096083026447949,0.0099096083026447949
CodeBERT_unfrozen_s2027,test,Pooled,1,0.01,per_format,oracle,15065,10243,206,3683,933,0.69359442416196482,0.92439429140391638
CodeBERT_unfrozen_s2027,test,Win32,0,0.01,per_format,oracle,5018,6,44,44,4924,0.0099641291351135908,0.0099641291351135908
CodeBERT_unfrozen_s2027,test,Win32,1,0.01,per_format,oracle,4982,3428,40,1131,383,0.69610598153352066,0.91509433962264153
CodeBERT_unfrozen_s2027,test,Win64,0,0.01,per_format,oracle,4953,11,38,38,4866,0.0098929941449626482,0.0098929941449626482
CodeBERT_unfrozen_s2027,test,Win64,1,0.01,per_format,oracle,5047,3000,65,1750,232,0.60729146027342973,0.94115316029324347
CodeBERT_unfrozen_s2027,test,Dot_Net,0,0.01,per_format,oracle,4964,20,29,29,4886,0.0098710717163577755,0.0098710717163577755
CodeBERT_unfrozen_s2027,test,Dot_Net,1,0.01,per_format,oracle,5036,3815,101,802,318,0.77760127084988084,0.9167990468625894
CodeBERT_unfrozen_s2027,test,Pooled,0,0.01,per_format,deployment,14935,42,104,136,14653,0.0097756946769333771,0.011918312688316036
CodeBERT_unfrozen_s2027,test,Pooled,1,0.01,per_format,deployment,15065,10274,139,3829,823,0.69120477928974444,0.93614337869233322
CodeBERT_unfrozen_s2027,test,Win32,0,0.01,per_format,deployment,5018,7,46,37,4928,0.010561976883220407,0.0087684336388999598
CodeBERT_unfrozen_s2027,test,Win32,1,0.01,per_format,deployment,4982,3436,45,1096,405,0.6987153753512646,0.90967482938578881
CodeBERT_unfrozen_s2027,test,Win64,0,0.01,per_format,deployment,4953,10,31,49,4863,0.0082778114274177274,0.011911972541893802
CodeBERT_unfrozen_s2027,test,Win64,1,0.01,per_format,deployment,5047,2915,46,1887,199,0.58668515950069344,0.95145631067961167
CodeBERT_unfrozen_s2027,test,Dot_Net,0,0.01,per_format,deployment,4964,25,27,50,4862,0.010475423045930701,0.015108783239323126
CodeBERT_unfrozen_s2027,test,Dot_Net,1,0.01,per_format,deployment,5036,3923,48,846,219,0.78852263701350278,0.94698173153296272
CodeBERT_unfrozen_s2027,test,Pooled,0,0.050000000000000003,pooled,oracle,14935,336,410,401,13788,0.049949782390358216,0.049347171074656845
CodeBERT_unfrozen_s2027,test,Pooled,1,0.050000000000000003,pooled,oracle,15065,13396,66,1378,225,0.89359442416196477,0.98068370394955195
CodeBERT_unfrozen_s2027,test,Win32,0,0.050000000000000003,pooled,oracle,5018,82,166,166,4604,0.049422080510163412,0.049422080510163412
CodeBERT_unfrozen_s2027,test,Win32,1,0.050000000000000003,pooled,oracle,4982,4364,31,480,107,0.88217583299879565,0.9723002810116419
CodeBERT_unfrozen_s2027,test,Win64,0,0.050000000000000003,pooled,oracle,4953,78,141,137,4597,0.044215626892792244,0.043408035534019784
CodeBERT_unfrozen_s2027,test,Win64,1,0.050000000000000003,pooled,oracle,5047,4250,21,711,65,0.84624529423419859,0.98296017436100658
CodeBERT_unfrozen_s2027,test,Dot_Net,0,0.050000000000000003,pooled,oracle,4964,176,103,98,4587,0.056204673650282033,0.055197421434327154
CodeBERT_unfrozen_s2027,test,Dot_Net,1,0.050000000000000003,pooled,oracle,5036,4782,14,187,53,0.95234312946783162,0.98669579030976962
CodeBERT_unfrozen_s2027,test,Pooled,0,0.050000000000000003,pooled,deployment,14935,330,380,437,13788,0.047539337127552726,0.05135587546032809
CodeBERT_unfrozen_s2027,test,Pooled,1,0.050000000000000003,pooled,deployment,15065,13256,59,1528,222,0.88383670760039823,0.98134749419183542
CodeBERT_unfrozen_s2027,test,Win32,0,0.050000000000000003,pooled,deployment,5018,79,151,186,4602,0.045834994021522517,0.052809884416102029
CodeBERT_unfrozen_s2027,test,Win32,1,0.050000000000000003,pooled,deployment,4982,4287,25,564,106,0.86551585708550782,0.97370533922119629
CodeBERT_unfrozen_s2027,test,Win64,0,0.050000000000000003,pooled,deployment,4953,76,134,147,4596,0.042398546335554212,0.04502321825156471
CodeBERT_unfrozen_s2027,test,Win64,1,0.050000000000000003,pooled,deployment,5047,4200,20,763,64,0.83614028135526053,0.98335644937586686
CodeBERT_unfrozen_s2027,test,Dot_Net,0,0.050000000000000003,pooled,deployment,4964,175,95,104,4590,0.054391619661563258,0.056204673650282033
CodeBERT_unfrozen_s2027,test,Dot_Net,1,0.050000000000000003,pooled,deployment,5036,4769,14,201,52,0.94976171564733913,0.98689436060365365
CodeBERT_unfrozen_s2027,test,Pooled,0,0.050000000000000003,per_format,oracle,14935,325,418,413,13779,0.049748911951791097,0.049414127887512552
CodeBERT_unfrozen_s2027,test,Pooled,1,0.050000000000000003,per_format,oracle,15065,13530,74,1245,216,0.90302024560238969,0.9807500829737803
CodeBERT_unfrozen_s2027,test,Win32,0,0.050000000000000003,per_format,oracle,5018,81,168,164,4605,0.049621363092865682,0.048824232762056594
CodeBERT_unfrozen_s2027,test,Win32,1,0.050000000000000003,per_format,oracle,4982,4368,31,476,107,0.88297872340425532,0.9723002810116419
CodeBERT_unfrozen_s2027,test,Win64,0,0.050000000000000003,per_format,oracle,4953,88,158,157,4550,0.049666868564506361,0.049464970724813241
CodeBERT_unfrozen_s2027,test,Win64,1,0.050000000000000003,per_format,oracle,5047,4422,24,549,52,0.88091935803447596,0.98494154943530809
CodeBERT_unfrozen_s2027,test,Dot_Net,0,0.050000000000000003,per_format,oracle,4964,156,92,92,4624,0.049959709911361803,0.049959709911361803
CodeBERT_unfrozen_s2027,test,Dot_Net,1,0.050000000000000003,per_format,oracle,5036,4740,19,220,57,0.94499602859412235,0.98490865766481339
CodeBERT_unfrozen_s2027,test,Pooled,0,0.050000000000000003,per_format,deployment,14935,330,378,441,13786,0.047405423501841314,0.051623702711750923
CodeBERT_unfrozen_s2027,test,Pooled,1,0.050000000000000003,per_format,deployment,15065,13379,62,1403,221,0.8922004646531696,0.98121473614337873
CodeBERT_unfrozen_s2027,test,Win32,0,0.050000000000000003,per_format,deployment,5018,55,135,138,4690,0.037863690713431646,0.038461538461538464
CodeBERT_unfrozen_s2027,test,Win32,1,0.050000000000000003,per_format,deployment,4982,4178,33,645,126,0.84524287434765155,0.96808510638297873
CodeBERT_unfrozen_s2027,test,Win64,0,0.050000000000000003,per_format,deployment,4953,97,150,194,4512,0.049868766404199474,0.05875227135069655
CodeBERT_unfrozen_s2027,test,Win64,1,0.050000000000000003,per_format,deployment,5047,4429,17,556,45,0.88091935803447596,0.98771547453933028
CodeBERT_unfrozen_s2027,test,Dot_Net,0,0.050000000000000003,per_format,deployment,4964,178,93,109,4584,0.054593070104754234,0.057816277195809833
CodeBERT_unfrozen_s2027,test,Dot_Net,1,0.050000000000000003,per_format,deployment,5036,4772,12,202,50,0.94996028594122317,0.9876886417791898
CodeBERT_unfrozen_s2028,same_period,Pooled,0,0.001,pooled,oracle,14945,2,12,12,14919,0.00093676814988290398,0.00093676814988290398
CodeBERT_unfrozen_s2028,same_period,Pooled,1,0.001,pooled,oracle,15055,6927,291,4517,3320,0.47944204583194949,0.76014613085353699
CodeBERT_unfrozen_s2028,same_period,Win32,0,0.001,pooled,oracle,4969,0,9,4,4956,0.0018112296236667338,0.00080499094385188164
CodeBERT_unfrozen_s2028,same_period,Win32,1,0.001,pooled,oracle,5031,2317,100,1360,1254,0.48042138739813156,0.73086861458954477
CodeBERT_unfrozen_s2028,same_period,Win64,0,0.001,pooled,oracle,4977,2,3,4,4968,0.0010046212577858146,0.0012055455093429777
CodeBERT_unfrozen_s2028,same_period,Win64,1,0.001,pooled,oracle,5023,2866,122,1256,779,0.59486362731435394,0.82062512442763291
CodeBERT_unfrozen_s2028,same_period,Dot_Net,0,0.001,pooled,oracle,4999,0,0,4,4995,0,0.00080016003200640128
CodeBERT_unfrozen_s2028,same_period,Dot_Net,1,0.001,pooled,oracle,5001,1744,69,1901,1287,0.36252749450109978,0.7288542291541692
CodeBERT_unfrozen_s2028,same_period,Pooled,0,0.001,pooled,deployment,14945,2,11,19,14913,0.00086985613917698224,0.001405152224824356
CodeBERT_unfrozen_s2028,same_period,Pooled,1,0.001,pooled,deployment,15055,6829,182,5198,2846,0.46569246097641981,0.79887080704085023
CodeBERT_unfrozen_s2028,same_period,Win32,0,0.001,pooled,deployment,4969,0,8,8,4953,0.0016099818877037633,0.0016099818877037633
CodeBERT_unfrozen_s2028,same_period,Win32,1,0.001,pooled,deployment,5031,2301,63,1553,1114,0.46988670244484199,0.76605048698071954
CodeBERT_unfrozen_s2028,same_period,Win64,0,0.001,pooled,deployment,4977,2,3,7,4965,0.0010046212577858146,0.0018083182640144665
CodeBERT_unfrozen_s2028,same_period,Win64,1,0.001,pooled,deployment,5023,2814,80,1443,686,0.57614971132789172,0.84750149313159462
CodeBERT_unfrozen_s2028,same_period,Dot_Net,0,0.001,pooled,deployment,4999,0,0,4,4995,0,0.00080016003200640128
CodeBERT_unfrozen_s2028,same_period,Dot_Net,1,0.001,pooled,deployment,5001,1714,39,2202,1046,0.35052989402119578,0.78304339132173562
CodeBERT_unfrozen_s2028,same_period,Pooled,0,0.001,per_format,oracle,14945,1,11,11,14922,0.0008029441284710606,0.0008029441284710606
CodeBERT_unfrozen_s2028,same_period,Pooled,1,0.001,per_format,oracle,15055,7095,248,4734,2978,0.48774493523746265,0.78571903022251743
CodeBERT_unfrozen_s2028,same_period,Win32,0,0.001,per_format,oracle,4969,0,4,4,4961,0.00080499094385188164,0.00080499094385188164
CodeBERT_unfrozen_s2028,same_period,Win32,1,0.001,per_format,oracle,5031,1956,54,1721,1300,0.39952295766249257,0.73086861458954477
CodeBERT_unfrozen_s2028,same_period,Win64,0,0.001,per_format,oracle,4977,1,3,3,4970,0.00080369700622865184,0.00080369700622865184
CodeBERT_unfrozen_s2028,same_period,Win64,1,0.001,per_format,oracle,5023,2617,106,1457,843,0.5421063109695401,0.81106908222177976
CodeBERT_unfrozen_s2028,same_period,Dot_Net,0,0.001,per_format,oracle,4999,0,4,4,4991,0.00080016003200640128,0.00080016003200640128
CodeBERT_unfrozen_s2028,same_period,Dot_Net,1,0.001,per_format,oracle,5001,2522,88,1556,835,0.52189562087582486,0.81543691261747653
CodeBERT_unfrozen_s2028,same_period,Pooled,0,0.001,per_format,deployment,14945,2,8,20,14915,0.00066912010705921711,0.0014720642355302777
CodeBERT_unfrozen_s2028,same_period,Pooled,1,0.001,per_format,deployment,15055,6843,220,5318,2674,0.46914646296911328,0.80777150448356028
CodeBERT_unfrozen_s2028,same_period,Win32,0,0.001,per_format,deployment,4969,0,2,9,4958,0.00040249547192594082,0.0018112296236667338
CodeBERT_unfrozen_s2028,same_period,Win32,1,0.001,per_format,deployment,5031,1747,21,2262,1001,0.35142118863049093,0.79685947127807588
CodeBERT_unfrozen_s2028,same_period,Win64,0,0.001,per_format,deployment,4977,2,1,7,4967,0.00060277275467148883,0.0018083182640144665
CodeBERT_unfrozen_s2028,same_period,Win64,1,0.001,per_format,deployment,5023,2605,70,1640,708,0.53255026876368705,0.84511248258013139
CodeBERT_unfrozen_s2028,same_period,Dot_Net,0,0.001,per_format,deployment,4999,0,5,4,4990,0.0010002000400080016,0.00080016003200640128
CodeBERT_unfrozen_s2028,same_period,Dot_Net,1,0.001,per_format,deployment,5001,2491,129,1416,965,0.52389522095580887,0.7812437512497501
CodeBERT_unfrozen_s2028,same_period,Pooled,0,0.0050000000000000001,pooled,oracle,14945,13,61,61,14810,0.0049514887922382069,0.0049514887922382069
CodeBERT_unfrozen_s2028,same_period,Pooled,1,0.0050000000000000001,pooled,oracle,15055,10080,152,3652,1171,0.67964131517768178,0.91212221853204911
CodeBERT_unfrozen_s2028,same_period,Win32,0,0.0050000000000000001,pooled,oracle,4969,4,33,22,4910,0.0074461662306299055,0.0052324411350372305
CodeBERT_unfrozen_s2028,same_period,Win32,1,0.0050000000000000001,pooled,oracle,5031,3338,49,1096,548,0.6732259988073942,0.88133571854502091
CodeBERT_unfrozen_s2028,same_period,Win64,0,0.0050000000000000001,pooled,oracle,4977,4,23,13,4937,0.0054249547920433997,0.00341571227647177
CodeBERT_unfrozen_s2028,same_period,Win64,1,0.0050000000000000001,pooled,oracle,5023,3879,76,773,295,0.78737806091976903,0.9261397571172606
CodeBERT_unfrozen_s2028,same_period,Dot_Net,0,0.0050000000000000001,pooled,oracle,4999,5,5,26,4963,0.0020004000800160032,0.0062012402480496097
CodeBERT_unfrozen_s2028,same_period,Dot_Net,1,0.0050000000000000001,pooled,oracle,5001,2863,27,1783,328,0.57788442311537691,0.92901419716056788
CodeBERT_unfrozen_s2028,same_period,Pooled,0,0.0050000000000000001,pooled,deployment,14945,16,68,64,14797,0.0056206088992974239,0.0053529608564737369
CodeBERT_unfrozen_s2028,same_period,Pooled,1,0.0050000000000000001,pooled,deployment,15055,10223,159,3542,1131,0.68960478246429757,0.91431418133510467
CodeBERT_unfrozen_s2028,same_period,Win32,0,0.0050000000000000001,pooled,deployment,4969,5,40,24,4900,0.0090561481183336692,0.0058361843429261418
CodeBERT_unfrozen_s2028,same_period,Win32,1,0.0050000000000000001,pooled,deployment,5031,3369,52,1076,534,0.67998409858874975,0.88352216259193006
CodeBERT_unfrozen_s2028,same_period,Win64,0,0.0050000000000000001,pooled,deployment,4977,6,23,12,4936,0.0058268032951577257,0.003616636528028933
CodeBERT_unfrozen_s2028,same_period,Win64,1,0.0050000000000000001,pooled,deployment,5023,3935,78,726,284,0.79892494525184155,0.92793151503085802
CodeBERT_unfrozen_s2028,same_period,Dot_Net,0,0.0050000000000000001,pooled,deployment,4999,5,5,28,4961,0.0020004000800160032,0.0066013202640528108
CodeBERT_unfrozen_s2028,same_period,Dot_Net,1,0.0050000000000000001,pooled,deployment,5001,2919,29,1740,313,0.5894821035792841,0.93161367726454714
CodeBERT_unfrozen_s2028,same_period,Pooled,0,0.0050000000000000001,per_format,oracle,14945,16,56,56,14817,0.004817664770826363,0.004817664770826363
CodeBERT_unfrozen_s2028,same_period,Pooled,1,0.0050000000000000001,per_format,oracle,15055,10135,146,3535,1239,0.68289604782464297,0.90800398538691462
CodeBERT_unfrozen_s2028,same_period,Win32,0,0.0050000000000000001,per_format,oracle,4969,3,21,21,4924,0.0048299456631112903,0.0048299456631112903
CodeBERT_unfrozen_s2028,same_period,Win32,1,0.0050000000000000001,per_format,oracle,5031,3033,27,1362,609,0.60822898032200357,0.87358378056052477
CodeBERT_unfrozen_s2028,same_period,Win64,0,0.0050000000000000001,per_format,oracle,4977,6,18,18,4935,0.0048221820373719106,0.0048221820373719106
CodeBERT_unfrozen_s2028,same_period,Win64,1,0.0050000000000000001,per_format,oracle,5023,3747,51,966,259,0.75612183953812462,0.93828389408719892
CodeBERT_unfrozen_s2028,same_period,Dot_Net,0,0.0050000000000000001,per_format,oracle,4999,7,17,17,4958,0.0048009601920384077,0.0048009601920384077
CodeBERT_unfrozen_s2028,same_period,Dot_Net,1,0.0050000000000000001,per_format,oracle,5001,3355,68,1207,371,0.68446310737852434,0.91221755648870229
CodeBERT_unfrozen_s2028,same_period,Pooled,0,0.0050000000000000001,per_format,deployment,14945,17,62,60,14806,0.0052860488457678149,0.0051522248243559719
CodeBERT_unfrozen_s2028,same_period,Pooled,1,0.0050000000000000001,per_format,deployment,15055,10362,154,3376,1163,0.69850547990700762,0.91252075722351378
CodeBERT_unfrozen_s2028,same_period,Win32,0,0.0050000000000000001,per_format,deployment,4969,5,24,26,4914,0.0058361843429261418,0.006238679814852083
CodeBERT_unfrozen_s2028,same_period,Win32,1,0.0050000000000000001,per_format,deployment,5031,3168,26,1314,523,0.6348638441661697,0.8908765652951699
CodeBERT_unfrozen_s2028,same_period,Win64,0,0.0050000000000000001,per_format,deployment,4977,5,22,15,4935,0.0054249547920433997,0.0040184850311432586
CodeBERT_unfrozen_s2028,same_period,Win64,1,0.0050000000000000001,per_format,deployment,5023,3879,64,805,275,0.7849890503683058,0.93251045192116266
CodeBERT_unfrozen_s2028,same_period,Dot_Net,0,0.0050000000000000001,per_format,deployment,4999,7,16,19,4957,0.0046009201840368072,0.0052010402080416079
CodeBERT_unfrozen_s2028,same_period,Dot_Net,1,0.0050000000000000001,per_format,deployment,5001,3315,64,1257,365,0.67566486702659467,0.9142171565686863
CodeBERT_unfrozen_s2028,same_period,Pooled,0,0.01,pooled,oracle,14945,29,118,120,14678,0.0098360655737704927,0.0099698895951823348
CodeBERT_unfrozen_s2028,same_period,Pooled,1,0.01,pooled,oracle,15055,11363,125,2816,751,0.7630687479242777,0.94181335104616404
CodeBERT_unfrozen_s2028,same_period,Win32,0,0.01,pooled,oracle,4969,12,60,38,4859,0.014489836989333871,0.010062386798148521
CodeBERT_unfrozen_s2028,same_period,Win32,1,0.01,pooled,oracle,5031,3745,35,891,360,0.75134168157423975,0.92148678195189826
CodeBERT_unfrozen_s2028,same_period,Win64,0,0.01,pooled,oracle,4977,7,43,27,4900,0.010046212577858147,0.0068314245529435399
CodeBERT_unfrozen_s2028,same_period,Win64,1,0.01,pooled,oracle,5023,4210,61,555,197,0.85028867210830184,0.94863627314353971
CodeBERT_unfrozen_s2028,same_period,Dot_Net,0,0.01,pooled,oracle,4999,10,15,55,4919,0.0050010002000400082,0.01300260052010402
CodeBERT_unfrozen_s2028,same_period,Dot_Net,1,0.01,pooled,oracle,5001,3408,29,1370,194,0.68726254749050186,0.95540891821635676
CodeBERT_unfrozen_s2028,same_period,Pooled,0,0.01,pooled,deployment,14945,34,119,121,14671,0.010237537638006023,0.010371361659417865
CodeBERT_unfrozen_s2028,same_period,Pooled,1,0.01,pooled,deployment,15055,11384,122,2827,722,0.76426436399867159,0.94393889073397541
CodeBERT_unfrozen_s2028,same_period,Win32,0,0.01,pooled,deployment,4969,13,61,40,4855,0.014892332461259811,0.010666130006037432
CodeBERT_unfrozen_s2028,same_period,Win32,1,0.01,pooled,deployment,5031,3753,33,898,347,0.75253428741800832,0.92446829656131979
CodeBERT_unfrozen_s2028,same_period,Win64,0,0.01,pooled,deployment,4977,7,45,27,4898,0.010448061080972473,0.0068314245529435399
CodeBERT_unfrozen_s2028,same_period,Win64,1,0.01,pooled,deployment,5023,4213,61,558,191,0.85088592474616764,0.94983077841927133
CodeBERT_unfrozen_s2028,same_period,Dot_Net,0,0.01,pooled,deployment,4999,14,13,54,4918,0.0054010802160432084,0.013602720544108821
CodeBERT_unfrozen_s2028,same_period,Dot_Net,1,0.01,pooled,deployment,5001,3418,28,1371,184,0.68906218756248749,0.95760847830433915
CodeBERT_unfrozen_s2028,same_period,Pooled,0,0.01,per_format,oracle,14945,31,115,116,14683,0.0097691535630645698,0.0098360655737704927
CodeBERT_unfrozen_s2028,same_period,Pooled,1,0.01,per_format,oracle,15055,11517,123,2690,725,0.77316506144138164,0.943673198272999
CodeBERT_unfrozen_s2028,same_period,Win32,0,0.01,per_format,oracle,4969,9,40,40,4880,0.0098611390621855498,0.0098611390621855498
CodeBERT_unfrozen_s2028,same_period,Win32,1,0.01,per_format,oracle,5031,3522,31,1103,375,0.7062214271516597,0.91930033790498911
CodeBERT_unfrozen_s2028,same_period,Win64,0,0.01,per_format,oracle,4977,8,41,41,4887,0.0098452883263009851,0.0098452883263009851
CodeBERT_unfrozen_s2028,same_period,Win64,1,0.01,per_format,oracle,5023,4222,37,613,151,0.84789966155683849,0.96257216802707546
CodeBERT_unfrozen_s2028,same_period,Dot_Net,0,0.01,per_format,oracle,4999,14,34,35,4916,0.0096019203840768154,0.0098019603920784151
CodeBERT_unfrozen_s2028,same_period,Dot_Net,1,0.01,per_format,oracle,5001,3773,55,974,199,0.7654469106178764,0.94921015796840635
CodeBERT_unfrozen_s2028,same_period,Pooled,0,0.01,per_format,deployment,14945,29,104,122,14690,0.0088992974238875887,0.010103713616594179
CodeBERT_unfrozen_s2028,same_period,Pooled,1,0.01,per_format,deployment,15055,11522,118,2704,711,0.77316506144138164,0.94493523746263697
CodeBERT_unfrozen_s2028,same_period,Win32,0,0.01,per_format,deployment,4969,10,42,49,4868,0.010464882270074461,0.011873616421815255
CodeBERT_unfrozen_s2028,same_period,Win32,1,0.01,per_format,deployment,5031,3635,27,1029,340,0.72788709998012324,0.92705227588948524
CodeBERT_unfrozen_s2028,same_period,Win64,0,0.01,per_format,deployment,4977,7,34,40,4896,0.008237894313843681,0.0094434398231866591
CodeBERT_unfrozen_s2028,same_period,Win64,1,0.01,per_format,deployment,5023,4182,39,640,162,0.84033446147720481,0.95998407326299029
CodeBERT_unfrozen_s2028,same_period,Dot_Net,0,0.01,per_format,deployment,4999,12,28,33,4926,0.0080016003200640128,0.0090018003600720146
CodeBERT_unfrozen_s2028,same_period,Dot_Net,1,0.01,per_format,deployment,5001,3705,52,1035,209,0.75124975004998995,0.94781043791241748
CodeBERT_unfrozen_s2028,same_period,Pooled,0,0.050000000000000003,pooled,oracle,14945,297,450,448,13750,0.049983271997323518,0.049849447975911676
CodeBERT_unfrozen_s2028,same_period,Pooled,1,0.050000000000000003,pooled,oracle,15055,13802,53,984,216,0.92029226170707401,0.98213218199933572
CodeBERT_unfrozen_s2028,same_period,Win32,0,0.050000000000000003,pooled,oracle,4969,118,212,222,4417,0.066411752867780241,0.068424230227409941
CodeBERT_unfrozen_s2028,same_period,Win32,1,0.050000000000000003,pooled,oracle,5031,4421,23,490,97,0.88332339495130197,0.9761478831246273
CodeBERT_unfrozen_s2028,same_period,Win64,0,0.050000000000000003,pooled,oracle,4977,60,153,131,4633,0.042796865581675711,0.038376532047418123
CodeBERT_unfrozen_s2028,same_period,Win64,1,0.050000000000000003,pooled,oracle,5023,4677,21,260,65,0.93529763089786977,0.98287875771451327
CodeBERT_unfrozen_s2028,same_period,Dot_Net,0,0.050000000000000003,pooled,oracle,4999,119,85,95,4700,0.040808161632326465,0.042808561712342472
CodeBERT_unfrozen_s2028,same_period,Dot_Net,1,0.050000000000000003,pooled,oracle,5001,4704,9,234,54,0.9424115176964607,0.98740251949610081
CodeBERT_unfrozen_s2028,same_period,Pooled,0,0.050000000000000003,pooled,deployment,14945,303,448,477,13717,0.050250920040147209,0.052191368350618939
CodeBERT_unfrozen_s2028,same_period,Pooled,1,0.050000000000000003,pooled,deployment,15055,13808,50,990,207,0.92049153105280634,0.98292925938226505
CodeBERT_unfrozen_s2028,same_period,Win32,0,0.050000000000000003,pooled,deployment,4969,122,210,237,4400,0.066814248339706173,0.072247937210706381
CodeBERT_unfrozen_s2028,same_period,Win32,1,0.050000000000000003,pooled,deployment,5031,4422,23,494,92,0.88352216259193006,0.97714172132776789
CodeBERT_unfrozen_s2028,same_period,Win64,0,0.050000000000000003,pooled,deployment,4977,61,154,140,4622,0.043198714084790035,0.040385774562989751
CodeBERT_unfrozen_s2028,same_period,Win64,1,0.050000000000000003,pooled,deployment,5023,4679,19,263,62,0.93529763089786977,0.98387417877762295
CodeBERT_unfrozen_s2028,same_period,Dot_Net,0,0.050000000000000003,pooled,deployment,4999,120,84,100,4695,0.040808161632326465,0.044008801760352073
CodeBERT_unfrozen_s2028,same_period,Dot_Net,1,0.050000000000000003,pooled,deployment,5001,4707,8,233,53,0.94281143771245746,0.98780243951209756
CodeBERT_unfrozen_s2028,same_period,Pooled,0,0.050000000000000003,per_format,oracle,14945,302,441,439,13763,0.049715623954499834,0.049581799933087992
CodeBERT_unfrozen_s2028,same_period,Pooled,1,0.050000000000000003,per_format,oracle,15055,13833,51,949,222,0.92221853204915305,0.98186648953835931
CodeBERT_unfrozen_s2028,same_period,Win32,0,0.050000000000000003,per_format,oracle,4969,75,173,172,4549,0.049909438518816664,0.049708190782853691
CodeBERT_unfrozen_s2028,same_period,Win32,1,0.050000000000000003,per_format,oracle,5031,4326,28,555,122,0.86543430729477244,0.97018485390578413
CodeBERT_unfrozen_s2028,same_period,Win64,0,0.050000000000000003,per_format,oracle,4977,74,172,172,4559,0.049427365883062083,0.049427365883062083
CodeBERT_unfrozen_s2028,same_period,Win64,1,0.050000000000000003,per_format,oracle,5023,4741,17,214,51,0.94724268365518616,0.98646227354170812
CodeBERT_unfrozen_s2028,same_period,Dot_Net,0,0.050000000000000003,per_format,oracle,4999,153,96,95,4655,0.049809961992398483,0.049609921984396878
CodeBERT_unfrozen_s2028,same_period,Dot_Net,1,0.050000000000000003,per_format,oracle,5001,4766,6,180,49,0.95420915816836638,0.98900219956008795
CodeBERT_unfrozen_s2028,same_period,Pooled,0,0.050000000000000003,per_format,deployment,14945,305,449,468,13723,0.050451656072264969,0.051722984275677487
CodeBERT_unfrozen_s2028,same_period,Pooled,1,0.050000000000000003,per_format,deployment,15055,13852,49,939,215,0.92334772500830287,0.98246429757555631
CodeBERT_unfrozen_s2028,same_period,Win32,0,0.050000000000000003,per_format,deployment,4969,94,189,194,4492,0.056953109277520626,0.057959347957335483
CodeBERT_unfrozen_s2028,same_period,Win32,1,0.050000000000000003,per_format,deployment,5031,4370,25,522,114,0.87358378056052477,0.97237129795269328
CodeBERT_unfrozen_s2028,same_period,Win64,0,0.050000000000000003,per_format,deployment,4977,75,173,176,4553,0.049829214386176414,0.0504319871408479
CodeBERT_unfrozen_s2028,same_period,Win64,1,0.050000000000000003,per_format,deployment,5023,4741,17,215,50,0.94724268365518616,0.98666135775433006
CodeBERT_unfrozen_s2028,same_period,Dot_Net,0,0.050000000000000003,per_format,deployment,4999,136,87,98,4678,0.044608921784356874,0.046809361872374472
CodeBERT_unfrozen_s2028,same_period,Dot_Net,1,0.050000000000000003,per_format,deployment,5001,4741,7,202,51,0.94941011797640473,0.98840231953609281
CodeBERT_unfrozen_s2028,test,Pooled,0,0.001,pooled,oracle,14935,1,13,13,14908,0.00093739537997991292,0.00093739537997991292
CodeBERT_unfrozen_s2028,test,Pooled,1,0.001,pooled,oracle,15065,5519,292,5756,3498,0.38572850979090606,0.74842349817457687
CodeBERT_unfrozen_s2028,test,Win32,0,0.001,pooled,oracle,5018,0,2,1,5015,0.00039856516540454366,0.00019928258270227183
CodeBERT_unfrozen_s2028,test,Win32,1,0.001,pooled,oracle,4982,2033,98,1407,1444,0.42773986350863108,0.6904857486953031
CodeBERT_unfrozen_s2028,test,Win64,0,0.001,pooled,oracle,4953,1,7,4,4941,0.0016151827175449223,0.0010094891984655764
CodeBERT_unfrozen_s2028,test,Win64,1,0.001,pooled,oracle,5047,1671,128,2425,823,0.3564493758668516,0.8115712304339211
CodeBERT_unfrozen_s2028,test,Dot_Net,0,0.001,pooled,oracle,4964,0,4,8,4952,0.00080580177276390005,0.0016116035455278001
CodeBERT_unfrozen_s2028,test,Dot_Net,1,0.001,pooled,oracle,5036,1815,66,1924,1231,0.37351072279586972,0.7424543288324067
CodeBERT_unfrozen_s2028,test,Pooled,0,0.001,pooled,deployment,14935,3,13,21,14898,0.001071309005691329,0.0016069635085369936
CodeBERT_unfrozen_s2028,test,Pooled,1,0.001,pooled,deployment,15065,6001,229,5930,2905,0.41354132094258217,0.79196813806837041
CodeBERT_unfrozen_s2028,test,Win32,0,0.001,pooled,deployment,5018,0,3,3,5012,0.00059784774810681541,0.00059784774810681541
CodeBERT_unfrozen_s2028,test,Win32,1,0.001,pooled,deployment,4982,2199,85,1455,1243,0.45845042151746285,0.73344038538739464
CodeBERT_unfrozen_s2028,test,Win64,0,0.001,pooled,deployment,4953,2,7,5,4939,0.0018170805572380376,0.001413284877851807
CodeBERT_unfrozen_s2028,test,Win64,1,0.001,pooled,deployment,5047,1827,99,2430,691,0.38161283931048146,0.8434713691301764
CodeBERT_unfrozen_s2028,test,Dot_Net,0,0.001,pooled,deployment,4964,1,3,13,4947,0.00080580177276390005,0.0028203062046736503
CodeBERT_unfrozen_s2028,test,Dot_Net,1,0.001,pooled,deployment,5036,1975,45,2045,971,0.40111199364575062,0.79825258141382049
CodeBERT_unfrozen_s2028,test,Pooled,0,0.001,per_format,oracle,14935,0,13,13,14909,0.00087043856712420487,0.00087043856712420487
CodeBERT_unfrozen_s2028,test,Pooled,1,0.001,per_format,oracle,15065,5674,239,6015,3137,0.39249917026219716,0.77590441420511114
CodeBERT_unfrozen_s2028,test,Win32,0,0.001,per_format,oracle,5018,0,5,5,5008,0.00099641291351135913,0.00099641291351135913
CodeBERT_unfrozen_s2028,test,Win32,1,0.001,per_format,oracle,4982,2369,42,1668,903,0.48394219189080689,0.81031714171015656
CodeBERT_unfrozen_s2028,test,Win64,0,0.001,per_format,oracle,4953,0,4,4,4945,0.00080759135877246115,0.00080759135877246115
CodeBERT_unfrozen_s2028,test,Win64,1,0.001,per_format,oracle,5047,1349,96,2718,884,0.28630869823657618,0.80582524271844658
CodeBERT_unfrozen_s2028,test,Dot_Net,0,0.001,per_format,oracle,4964,0,4,4,4956,0.00080580177276390005,0.00080580177276390005
CodeBERT_unfrozen_s2028,test,Dot_Net,1,0.001,per_format,oracle,5036,1956,101,1629,1350,0.40845909451945989,0.71187450357426529
CodeBERT_unfrozen_s2028,test,Pooled,0,0.001,per_format,deployment,14935,6,19,16,14894,0.0016739203213927017,0.0014730498828255775
CodeBERT_unfrozen_s2028,test,Pooled,1,0.001,per_format,deployment,15065,6152,266,5898,2749,0.42602057749751077,0.79986724195154335
CodeBERT_unfrozen_s2028,test,Win32,0,0.001,per_format,deployment,5018,0,1,3,5014,0.00019928258270227183,0.00059784774810681541
CodeBERT_unfrozen_s2028,test,Win32,1,0.001,per_format,deployment,4982,1791,34,2012,1145,0.36631874749096749,0.7633480529907668
CodeBERT_unfrozen_s2028,test,Win64,0,0.001,per_format,deployment,4953,1,6,5,4941,0.001413284877851807,0.0012113870381586917
CodeBERT_unfrozen_s2028,test,Win64,1,0.001,per_format,deployment,5047,1690,81,2550,726,0.35090152565880722,0.84010303150386367
CodeBERT_unfrozen_s2028,test,Dot_Net,0,0.001,per_format,deployment,4964,5,12,8,4939,0.0034246575342465752,0.0026188557614826753
CodeBERT_unfrozen_s2028,test,Dot_Net,1,0.001,per_format,deployment,5036,2671,151,1336,878,0.56036536934074666,0.79567116759332801
CodeBERT_unfrozen_s2028,test,Pooled,0,0.0050000000000000001,pooled,oracle,14935,22,52,52,14809,0.0049548041513223975,0.0049548041513223975
CodeBERT_unfrozen_s2028,test,Pooled,1,0.0050000000000000001,pooled,oracle,15065,8948,197,4503,1417,0.60703617656820441,0.89286425489545307
CodeBERT_unfrozen_s2028,test,Win32,0,0.0050000000000000001,pooled,oracle,5018,1,18,7,4992,0.0037863690713431648,0.0015942606616181746
CodeBERT_unfrozen_s2028,test,Win32,1,0.0050000000000000001,pooled,oracle,4982,3111,77,1106,688,0.63990365315134479,0.846447209955841
CodeBERT_unfrozen_s2028,test,Win64,0,0.0050000000000000001,pooled,oracle,4953,6,24,10,4913,0.0060569351907934586,0.0032303654350898446
CodeBERT_unfrozen_s2028,test,Win64,1,0.0050000000000000001,pooled,oracle,5047,2756,74,1853,364,0.56072914602734303,0.91321577174559143
CodeBERT_unfrozen_s2028,test,Dot_Net,0,0.0050000000000000001,pooled,oracle,4964,15,10,35,4904,0.0050362610797743757,0.010072522159548751
CodeBERT_unfrozen_s2028,test,Dot_Net,1,0.0050000000000000001,pooled,oracle,5036,3081,46,1544,365,0.62092930897537724,0.91838760921366158
CodeBERT_unfrozen_s2028,test,Pooled,0,0.0050000000000000001,pooled,deployment,14935,26,54,67,14788,0.0053565450284566458,0.0062269835955808504
CodeBERT_unfrozen_s2028,test,Pooled,1,0.0050000000000000001,pooled,deployment,15065,9203,176,4438,1248,0.62256886823763691,0.90547626949883842
CodeBERT_unfrozen_s2028,test,Win32,0,0.0050000000000000001,pooled,deployment,5018,1,21,10,4986,0.0043842168194499799,0.00219210840972499
CodeBERT_unfrozen_s2028,test,Win32,1,0.0050000000000000001,pooled,deployment,4982,3179,66,1130,607,0.65134484142914495,0.8649136892814131
CodeBERT_unfrozen_s2028,test,Win64,0,0.0050000000000000001,pooled,deployment,4953,6,24,18,4905,0.0060569351907934586,0.0048455481526347667
CodeBERT_unfrozen_s2028,test,Win64,1,0.0050000000000000001,pooled,deployment,5047,2862,70,1787,328,0.58093917178521892,0.92114127204279772
CodeBERT_unfrozen_s2028,test,Dot_Net,0,0.0050000000000000001,pooled,deployment,4964,19,9,39,4897,0.0056406124093473006,0.011684125705076551
CodeBERT_unfrozen_s2028,test,Dot_Net,1,0.0050000000000000001,pooled,deployment,5036,3162,40,1521,313,0.63582208101667992,0.92990468625893563
CodeBERT_unfrozen_s2028,test,Pooled,0,0.0050000000000000001,per_format,oracle,14935,17,56,55,14807,0.0048878473384666886,0.0048208905256109805
CodeBERT_unfrozen_s2028,test,Pooled,1,0.0050000000000000001,per_format,oracle,15065,8936,210,4507,1412,0.60710255559243276,0.89233322270162629
CodeBERT_unfrozen_s2028,test,Win32,0,0.0050000000000000001,per_format,oracle,5018,2,23,22,4971,0.0049820645675567954,0.0047827819848545233
CodeBERT_unfrozen_s2028,test,Win32,1,0.0050000000000000001,per_format,oracle,4982,3284,56,1145,497,0.67041348855881178,0.88900040144520276
CodeBERT_unfrozen_s2028,test,Win64,0,0.0050000000000000001,per_format,oracle,4953,5,19,19,4910,0.0048455481526347667,0.0048455481526347667
CodeBERT_unfrozen_s2028,test,Win64,1,0.0050000000000000001,per_format,oracle,5047,2655,50,2016,326,0.53596195759857346,0.92550029720626115
CodeBERT_unfrozen_s2028,test,Dot_Net,0,0.0050000000000000001,per_format,oracle,4964,10,14,14,4926,0.0048348106365834007,0.0048348106365834007
CodeBERT_unfrozen_s2028,test,Dot_Net,1,0.0050000000000000001,per_format,oracle,5036,2997,104,1346,589,0.61576648133439238,0.86239078633836375
CodeBERT_unfrozen_s2028,test,Pooled,0,0.0050000000000000001,per_format,deployment,14935,28,62,63,14782,0.0060261131570137263,0.0060930699698694343
CodeBERT_unfrozen_s2028,test,Pooled,1,0.0050000000000000001,per_format,deployment,15065,9253,176,4365,1271,0.62588781944905414,0.90394955194158644
CodeBERT_unfrozen_s2028,test,Win32,0,0.0050000000000000001,per_format,deployment,5018,1,16,15,4986,0.003387803905938621,0.0031885213232363493
CodeBERT_unfrozen_s2028,test,Win32,1,0.0050000000000000001,per_format,deployment,4982,2995,37,1355,595,0.60859092733841835,0.8731433159373746
CodeBERT_unfrozen_s2028,test,Win64,0,0.0050000000000000001,per_format,deployment,4953,6,24,20,4903,0.0060569351907934586,0.0052493438320209973
CodeBERT_unfrozen_s2028,test,Win64,1,0.0050000000000000001,per_format,deployment,5047,2778,57,1895,317,0.56171983356449373,0.92589657222112143
CodeBERT_unfrozen_s2028,test,Dot_Net,0,0.0050000000000000001,per_format,deployment,4964,21,22,28,4893,0.0086623690572119258,0.0098710717163577755
CodeBERT_unfrozen_s2028,test,Dot_Net,1,0.0050000000000000001,per_format,deployment,5036,3480,82,1115,359,0.70730738681493244,0.91243050039714058
CodeBERT_unfrozen_s2028,test,Pooled,0,0.01,pooled,oracle,14935,43,106,106,14680,0.009976565115500503,0.009976565115500503
CodeBERT_unfrozen_s2028,test,Pooled,1,0.01,pooled,oracle,15065,10543,169,3422,931,0.71105210753401926,0.9269830733488218
CodeBERT_unfrozen_s2028,test,Win32,0,0.01,pooled,oracle,5018,7,39,24,4948,0.0091669988043045041,0.0061777600637704265
CodeBERT_unfrozen_s2028,test,Win32,1,0.01,pooled,oracle,4982,3496,68,963,455,0.71537535126455243,0.89502207948615009
CodeBERT_unfrozen_s2028,test,Win64,0,0.01,pooled,oracle,4953,9,48,30,4866,0.011508176862507571,0.007874015748031496
CodeBERT_unfrozen_s2028,test,Win64,1,0.01,pooled,oracle,5047,3468,65,1257,257,0.70001981375074307,0.93619972260748963
CodeBERT_unfrozen_s2028,test,Dot_Net,0,0.01,pooled,oracle,4964,27,19,52,4866,0.0092667203867848515,0.015914585012087028
CodeBERT_unfrozen_s2028,test,Dot_Net,1,0.01,pooled,oracle,5036,3579,36,1202,219,0.7178316123907863,0.94936457505957106
CodeBERT_unfrozen_s2028,test,Pooled,0,0.01,pooled,deployment,14935,50,101,136,14648,0.010110478741211919,0.012453967191161701
CodeBERT_unfrozen_s2028,test,Pooled,1,0.01,pooled,deployment,15065,10620,143,3461,841,0.71443743776966484,0.9346830401593097
CodeBERT_unfrozen_s2028,test,Win32,0,0.01,pooled,deployment,5018,7,41,32,4938,0.0095655639697090466,0.0077720207253886009
CodeBERT_unfrozen_s2028,test,Win32,1,0.01,pooled,deployment,4982,3522,57,998,405,0.71838619028502615,0.90726615816940992
CodeBERT_unfrozen_s2028,test,Win64,0,0.01,pooled,deployment,4953,11,46,39,4857,0.011508176862507571,0.010094891984655765
CodeBERT_unfrozen_s2028,test,Win64,1,0.01,pooled,deployment,5047,3497,60,1254,236,0.70477511392906678,0.94135129780067361
CodeBERT_unfrozen_s2028,test,Dot_Net,0,0.01,pooled,deployment,4964,32,14,65,4853,0.0092667203867848515,0.019540692989524575
CodeBERT_unfrozen_s2028,test,Dot_Net,1,0.01,pooled,deployment,5036,3601,26,1209,200,0.72021445591739475,0.95512311358220814
CodeBERT_unfrozen_s2028,test,Pooled,0,0.01,per_format,oracle,14935,39,109,109,14678,0.0099096083026447949,0.0099096083026447949
CodeBERT_unfrozen_s2028,test,Pooled,1,0.01,per_format,oracle,15065,10558,193,3368,946,0.71364088947892468,0.92439429140391638
CodeBERT_unfrozen_s2028,test,Win32,0,0.01,per_format,oracle,5018,7,43,43,4925,0.0099641291351135908,0.0099641291351135908
CodeBERT_unfrozen_s2028,test,Win32,1,0.01,per_format,oracle,4982,3544,52,1015,371,0.72179847450822965,0.91509433962264153
CodeBERT_unfrozen_s2028,test,Win64,0,0.01,per_format,oracle,4953,9,40,40,4864,0.0098929941449626482,0.0098929941449626482
CodeBERT_unfrozen_s2028,test,Win64,1,0.01,per_format,oracle,5047,3396,54,1354,243,0.68357440063404007,0.94115316029324347
CodeBERT_unfrozen_s2028,test,Dot_Net,0,0.01,per_format,oracle,4964,23,26,26,4889,0.0098710717163577755,0.0098710717163577755
CodeBERT_unfrozen_s2028,test,Dot_Net,1,0.01,per_format,oracle,5036,3618,87,999,332,0.73570293884034943,0.9167990468625894
CodeBERT_unfrozen_s2028,test,Pooled,0,0.01,per_format,deployment,14935,47,98,131,14659,0.0097087378640776691,0.011918312688316036
CodeBERT_unfrozen_s2028,test,Pooled,1,0.01,per_format,deployment,15065,10611,147,3492,815,0.71410554264852311,0.93614337869233322
CodeBERT_unfrozen_s2028,test,Win32,0,0.01,per_format,deployment,5018,5,27,39,4947,0.0063770426464726986,0.0087684336388999598
CodeBERT_unfrozen_s2028,test,Win32,1,0.01,per_format,deployment,4982,3384,46,1148,404,0.68847852268165399,0.90967482938578881
CodeBERT_unfrozen_s2028,test,Win64,0,0.01,per_format,deployment,4953,10,38,49,4856,0.0096910963052695333,0.011911972541893802
CodeBERT_unfrozen_s2028,test,Win64,1,0.01,per_format,deployment,5047,3399,44,1403,201,0.68218743808202897,0.95145631067961167
CodeBERT_unfrozen_s2028,test,Dot_Net,0,0.01,per_format,deployment,4964,32,33,43,4856,0.013094278807413377,0.015108783239323126
CodeBERT_unfrozen_s2028,test,Dot_Net,1,0.01,per_format,deployment,5036,3828,57,941,210,0.7714455917394758,0.94698173153296272
CodeBERT_unfrozen_s2028,test,Pooled,0,0.050000000000000003,pooled,oracle,14935,340,406,397,13792,0.049949782390358216,0.049347171074656845
CodeBERT_unfrozen_s2028,test,Pooled,1,0.050000000000000003,pooled,oracle,15065,13617,84,1157,207,0.909459010952539,0.98068370394955195
CodeBERT_unfrozen_s2028,test,Win32,0,0.050000000000000003,pooled,oracle,5018,86,183,162,4587,0.053607014746911118,0.049422080510163412
CodeBERT_unfrozen_s2028,test,Win32,1,0.050000000000000003,pooled,oracle,4982,4377,36,467,102,0.88578883982336409,0.9723002810116419
CodeBERT_unfrozen_s2028,test,Win64,0,0.050000000000000003,pooled,oracle,4953,83,142,132,4596,0.045427013930950937,0.043408035534019784
CodeBERT_unfrozen_s2028,test,Win64,1,0.050000000000000003,pooled,oracle,5047,4505,23,456,63,0.89716663364374871,0.98296017436100658
CodeBERT_unfrozen_s2028,test,Dot_Net,0,0.050000000000000003,pooled,oracle,4964,171,81,103,4609,0.050765511684125707,0.055197421434327154
CodeBERT_unfrozen_s2028,test,Dot_Net,1,0.050000000000000003,pooled,oracle,5036,4735,25,234,42,0.94519459888800639,0.98669579030976962
CodeBERT_unfrozen_s2028,test,Pooled,0,0.050000000000000003,pooled,deployment,14935,324,364,443,13804,0.046066287244727153,0.05135587546032809
CodeBERT_unfrozen_s2028,test,Pooled,1,0.050000000000000003,pooled,deployment,15065,13446,69,1338,212,0.89711251244606705,0.98134749419183542
CodeBERT_unfrozen_s2028,test,Win32,0,0.050000000000000003,pooled,deployment,5018,77,162,188,4591,0.047628537265842964,0.052809884416102029
CodeBERT_unfrozen_s2028,test,Win32,1,0.050000000000000003,pooled,deployment,4982,4270,31,581,100,0.86330790847049377,0.97370533922119629
CodeBERT_unfrozen_s2028,test,Win64,0,0.050000000000000003,pooled,deployment,4953,79,132,144,4598,0.042600444175247325,0.04502321825156471
CodeBERT_unfrozen_s2028,test,Win64,1,0.050000000000000003,pooled,deployment,5047,4457,19,506,65,0.88686348325738062,0.98335644937586686
CodeBERT_unfrozen_s2028,test,Dot_Net,0,0.050000000000000003,pooled,deployment,4964,168,70,111,4615,0.047945205479452052,0.056204673650282033
CodeBERT_unfrozen_s2028,test,Dot_Net,1,0.050000000000000003,pooled,deployment,5036,4719,19,251,47,0.94082605242255757,0.98689436060365365
CodeBERT_unfrozen_s2028,test,Pooled,0,0.050000000000000003,per_format,oracle,14935,332,411,406,13786,0.049748911951791097,0.049414127887512552
CodeBERT_unfrozen_s2028,test,Pooled,1,0.050000000000000003,per_format,oracle,15065,13588,85,1187,205,0.9076003982741454,0.9807500829737803
CodeBERT_unfrozen_s2028,test,Win32,0,0.050000000000000003,per_format,oracle,5018,77,171,168,4602,0.049422080510163412,0.048824232762056594
CodeBERT_unfrozen_s2028,test,Win32,1,0.050000000000000003,per_format,oracle,4982,4300,33,544,105,0.86973103171417099,0.9723002810116419
CodeBERT_unfrozen_s2028,test,Win64,0,0.050000000000000003,per_format,oracle,4953,94,153,151,4555,0.049868766404199474,0.049464970724813241
CodeBERT_unfrozen_s2028,test,Win64,1,0.050000000000000003,per_format,oracle,5047,4561,25,410,51,0.90865860907469787,0.98494154943530809
CodeBERT_unfrozen_s2028,test,Dot_Net,0,0.050000000000000003,per_format,oracle,4964,161,87,87,4629,0.049959709911361803,0.049959709911361803
CodeBERT_unfrozen_s2028,test,Dot_Net,1,0.050000000000000003,per_format,oracle,5036,4727,27,233,49,0.94400317712470216,0.98490865766481339
CodeBERT_unfrozen_s2028,test,Pooled,0,0.050000000000000003,per_format,deployment,14935,333,360,438,13804,0.046401071309005691,0.051623702711750923
CodeBERT_unfrozen_s2028,test,Pooled,1,0.050000000000000003,per_format,deployment,15065,13472,74,1310,209,0.89917026219714569,0.98121473614337873
CodeBERT_unfrozen_s2028,test,Win32,0,0.050000000000000003,per_format,deployment,5018,56,148,137,4677,0.040653646871263452,0.038461538461538464
CodeBERT_unfrozen_s2028,test,Win32,1,0.050000000000000003,per_format,deployment,4982,4200,34,623,125,0.84985949417904461,0.96808510638297873
CodeBERT_unfrozen_s2028,test,Win64,0,0.050000000000000003,per_format,deployment,4953,101,136,190,4526,0.047849788007268322,0.05875227135069655
CodeBERT_unfrozen_s2028,test,Win64,1,0.050000000000000003,per_format,deployment,5047,4535,17,450,45,0.90192193382207253,0.98771547453933028
CodeBERT_unfrozen_s2028,test,Dot_Net,0,0.050000000000000003,per_format,deployment,4964,176,76,111,4601,0.050765511684125707,0.057816277195809833
CodeBERT_unfrozen_s2028,test,Dot_Net,1,0.050000000000000003,per_format,deployment,5036,4737,23,237,39,0.94519459888800639,0.9876886417791898
