model,role,subset,probability_threshold,selection_used,ROC_AUC,AP,Accuracy,F1,Brier,LogLoss,ECE
LightGBM,tune,Pooled,0.5,True,0.99474081818211113,0.99534230217670139,0.97016666666666662,0.97020143166305972,0.024741681035988165,0.098767771629319198,0.015254527690900703
LightGBM,tune,Win32,0.5,True,0.99346576476753179,0.99405184609153296,0.95850000000000002,0.95856215676485268,0.033233382695833286,0.11470139399491922,0.022158466888929865
LightGBM,tune,Win64,0.5,True,0.99628590714767873,0.9970820343512885,0.98099999999999998,0.98088531187122741,0.017694632404149688,0.075249280605403993,0.014487589002004758
LightGBM,tune,Dot_Net,0.5,True,0.99377199999999999,0.99398744935780892,0.97099999999999997,0.97123015873015872,0.023297028007981516,0.10635264028763433,0.01720257399448847
LightGBM,calibration,Pooled,0.5,True,0.99535285418837305,0.99578355791312534,0.97216666666666662,0.97219910104877638,0.022599215322362785,0.092077459365152423,0.013039716716251259
LightGBM,calibration,Win32,0.5,True,0.99439026298861122,0.99491890742801525,0.96725000000000005,0.96722541906429826,0.026062373665418668,0.099704798117598484,0.013563957668139727
LightGBM,calibration,Win64,0.5,True,0.99621517335726051,0.99670534449183312,0.97924999999999995,0.97925518620344909,0.01797944131712222,0.079792430410626239,0.013014600082178633
LightGBM,calibration,Dot_Net,0.5,True,0.99537775000000006,0.99568511677591653,0.96999999999999997,0.97011952191235062,0.023755830984547477,0.096735149567232517,0.018558995086054048
LightGBM,threshold,Pooled,0.5,False,0.99600319750599609,0.99640978205127029,0.97193333333333332,0.97192491080657528,0.021970547171722872,0.085447070521357985,0.012141136989389492
LightGBM,threshold,Win32,0.5,False,0.99424106142772828,0.99491357976847472,0.96535000000000004,0.96528577869057752,0.027054500453687076,0.10175620884995872,0.013735812509297706
LightGBM,threshold,Win64,0.5,False,0.99700272379016863,0.99730622480312991,0.97640000000000005,0.97637164597517023,0.018869580891224737,0.074623725720400311,0.012015286424349689
LightGBM,threshold,Dot_Net,0.5,False,0.99647834996478357,0.99680763945416673,0.97404999999999997,0.97410567280347249,0.019987560170256807,0.079961276993714983,0.0123681519427024
LightGBM,same_period,Pooled,0.5,False,0.99588410021956963,0.99626743608029567,0.97250000000000003,0.97250091663611216,0.022042397235661104,0.086949544475327697,0.012313381697618562
LightGBM,same_period,Win32,0.5,False,0.99336994514069121,0.99416389567789654,0.96250000000000002,0.9624962496249625,0.028964404039998601,0.11040518210921757,0.015858397656511772
LightGBM,same_period,Win64,0.5,False,0.99699321637645866,0.997262883139168,0.97750000000000004,0.9774977497749775,0.018240545839839022,0.074369847906305186,0.011149203493426411
LightGBM,same_period,Dot_Net,0.5,False,0.99683987987359524,0.99705728010317274,0.97750000000000004,0.97750674797560733,0.018922241827145678,0.076073603410460322,0.012799078231052204
LightGBM,test,Pooled,0.5,False,0.99566611417481066,0.99594655259609399,0.96840000000000004,0.96839578610481403,0.024551240025592905,0.095059589184649143,0.015355826404235631
LightGBM,test,Win32,0.5,False,0.99423412527426347,0.99471232082612837,0.96379999999999999,0.96316646316646315,0.028242163416897541,0.10980736944067747,0.018270069087976189
LightGBM,test,Win64,0.5,False,0.9967378717583486,0.99707345945781012,0.97270000000000001,0.9728331177231565,0.021178584163425281,0.080259947617390762,0.013656941810473
LightGBM,test,Dot_Net,0.5,False,0.99599267226013,0.99609947735129711,0.96870000000000001,0.96906808973218694,0.024232972496455892,0.095111450495879199,0.01797568092160761
TFIDF_full,tune,Pooled,0.5,True,0.98715927180798746,0.98829700208046845,0.94983333333333331,0.94990847062739225,0.038810391788071122,0.14138623932840216,0.01277688142347732
TFIDF_full,tune,Win32,0.5,True,0.98364941137880957,0.98572126128537574,0.9375,0.93709109209864117,0.046628860138062514,0.16191130674058743,0.020018271572849345
TFIDF_full,tune,Win64,0.5,True,0.9913387834695867,0.99305015416234832,0.96550000000000002,0.96530920060331826,0.0288377122181444,0.10672332592088189,0.016599388957797584
TFIDF_full,tune,Dot_Net,0.5,True,0.98462100000000008,0.98410724827660478,0.94650000000000001,0.94736842105263153,0.040964603008006466,0.15552408532373721,0.016902643254920927
TFIDF_full,calibration,Pooled,0.5,True,0.98805928390815034,0.98869005066895532,0.94958333333333333,0.94963789228335971,0.037818884361062774,0.13660553051044599,0.0076755074511077482
TFIDF_full,calibration,Win32,0.5,True,0.9862021670415575,0.98663479312870994,0.94225000000000003,0.94240837696335078,0.042561417964319156,0.14883942274429071,0.011228008570114712
TFIDF_full,calibration,Win64,0.5,True,0.99203983880673585,0.99323618725938512,0.96050000000000002,0.96048024012006006,0.029768454224461931,0.10727093308686335,0.0069392782504997703
TFIDF_full,calibration,Dot_Net,0.5,True,0.98546299999999998,0.98575458909265246,0.94599999999999995,0.9460539460539461,0.041126780894407203,0.15370623570018396,0.016725956876094007
TFIDF_full,threshold,Pooled,0.5,False,0.98864659568300595,0.98927409447370318,0.95189999999999997,0.9518807523009204,0.037000610166373314,0.13302832164925621,0.0058293051842102459
TFIDF_full,threshold,Win32,0.5,False,0.98514686047889244,0.98628126911261615,0.94159999999999999,0.94146537035180922,0.044338466432065321,0.15391916851941831,0.007459937314980159
TFIDF_full,threshold,Win64,0.5,False,0.99194341202997183,0.9927885805869896,0.96204999999999996,0.96196823169815104,0.029489925850267228,0.10782211334925523,0.0047496087085931735
TFIDF_full,threshold,Dot_Net,0.5,False,0.98806861988068606,0.98811120654028839,0.95204999999999995,0.95220533266882634,0.03717343821678739,0.13734368307909509,0.012270767864124949
TFIDF_full,same_period,Pooled,0.5,False,0.98883804548927812,0.98946082470947117,0.95099999999999996,0.95107827476038342,0.037678561100380648,0.1331297631808033,0.007586164674539252
TFIDF_full,same_period,Win32,0.5,False,0.98304578828010147,0.98485707144436974,0.9375,0.93765586034912718,0.048126991742967189,0.16591144050134304,0.013506076503212264
TFIDF_full,same_period,Win64,0.5,False,0.99293657053783257,0.99356779867684919,0.96189999999999998,0.96188094047023509,0.028916473342155267,0.10289539899732397,0.0059147546955951548
TFIDF_full,same_period,Dot_Net,0.5,False,0.9890492795619712,0.98871103187684517,0.9536,0.95372955723972874,0.035992218216019486,0.13058245004374289,0.011765174282258296
TFIDF_full,test,Pooled,0.5,False,0.98847876587904826,0.9887822683744063,0.94816666666666671,0.94810612381111292,0.039092804775926575,0.13782954921392987,0.012402695323105947
TFIDF_full,test,Win32,0.5,False,0.9860161387691585,0.98686389118720508,0.93859999999999999,0.93689619732785201,0.045912899791387629,0.15765250774702191,0.022185326118789341
TFIDF_full,test,Win64,0.5,False,0.99293965614801727,0.99366431364233021,0.96189999999999998,0.96216108848942294,0.028906335504327991,0.10324242921148255,0.0058713279772600359
TFIDF_full,test,Dot_Net,0.5,False,0.98607627819426169,0.98539655544255056,0.94399999999999995,0.94491442061774544,0.042459179032064115,0.15259371068328523,0.01837971711172694
TFIDF_prefix,tune,Pooled,0.5,True,0.97886854923271749,0.97970299409699257,0.93049999999999999,0.93074240159441957,0.052336633766072095,0.18695456523048601,0.016098763596575114
TFIDF_prefix,tune,Win32,0.5,True,0.96819335496077863,0.97004597334436149,0.90800000000000003,0.90818363273453095,0.068662686910778092,0.23525037119773531,0.02724615854418615
TFIDF_prefix,tune,Win64,0.5,True,0.9820605515137879,0.98441352009349248,0.93999999999999995,0.93957703927492442,0.045081816399346664,0.16460408848939595,0.016544685993496264
TFIDF_prefix,tune,Dot_Net,0.5,True,0.98376399999999997,0.98349478803698887,0.94350000000000001,0.94436238306253073,0.043265397988091543,0.16100923600432668,0.024214805008389562
TFIDF_prefix,calibration,Pooled,0.5,True,0.97975535282196591,0.98081672695993838,0.93158333333333332,0.93189547905433434,0.051626295019063531,0.18391939218162107,0.013463455972432382
TFIDF_prefix,calibration,Win32,0.5,True,0.97272747273572302,0.97456719862669561,0.91649999999999998,0.91670822942643393,0.061969566648111651,0.21328270269318209,0.01604063261025894
TFIDF_prefix,calibration,Win64,0.5,True,0.98125237036049984,0.9832868122500269,0.93400000000000005,0.9343610144206862,0.048965321931317848,0.17529720226745607,0.016291046383716791
TFIDF_prefix,calibration,Dot_Net,0.5,True,0.98379899999999998,0.98409877387122147,0.94425000000000003,0.94456872980362916,0.043943996477761128,0.16317827158422499,0.017852287076416996
TFIDF_prefix,threshold,Pooled,0.5,False,0.98075345595925656,0.98186795705543373,0.93221666666666669,0.93231255721061834,0.050885287558754044,0.17855564229254259,0.011083605560141194
TFIDF_prefix,threshold,Win32,0.5,False,0.96911605421619174,0.97253039616772341,0.90620000000000001,0.90601202404809622,0.068079017773707617,0.22934549474786531,0.020278729788740422
TFIDF_prefix,threshold,Win64,0.5,False,0.9825578297024582,0.98417085244298863,0.93884999999999996,0.93888361401229325,0.046935738450458064,0.16688439693853258,0.0072067093659886018
TFIDF_prefix,threshold,Dot_Net,0.5,False,0.98727182987271833,0.98673720201655468,0.9516,0.95187431639653974,0.037641106452096444,0.13943703519123002,0.010620948875978326
TFIDF_prefix,same_period,Pooled,0.5,False,0.98133247791442524,0.98201817346443177,0.93359999999999999,0.93379420366923693,0.049973776745419633,0.17557230042712896,0.010881102391269102
TFIDF_prefix,same_period,Win32,0.5,False,0.97036634088214357,0.97312207599312239,0.91010000000000002,0.91039569420910993,0.06611930748751077,0.225401525341272,0.021712536939568081
TFIDF_prefix,same_period,Win64,0.5,False,0.98271767430598833,0.98394452308917602,0.93959999999999999,0.93972055888223549,0.046447508841760327,0.16617713237551762,0.0083071939254933495
TFIDF_prefix,same_period,Dot_Net,0.5,False,0.98798683951947353,0.98714293053261604,0.95109999999999995,0.95127055306427499,0.037354513906987824,0.1351382435645973,0.010478641708353676
TFIDF_prefix,test,Pooled,0.5,False,0.97930571585177528,0.97896199820319074,0.92826666666666668,0.92773673606447282,0.054125775863854801,0.18900747822601219,0.022051107029739676
TFIDF_prefix,test,Win32,0.5,False,0.97472041237654439,0.97641659439512107,0.91539999999999999,0.91267547481420319,0.063224515550718258,0.21518136115021971,0.027771419235842292
TFIDF_prefix,test,Win64,0.5,False,0.97637015206663658,0.97450673494375439,0.92490000000000006,0.92422560791040254,0.056842818355218927,0.20154742694505898,0.032136756110135799
TFIDF_prefix,test,Dot_Net,0.5,False,0.98614820192278774,0.98505162230873711,0.94450000000000001,0.94548669089480408,0.042309993685627247,0.15029364658275787,0.016966351739123562
TFIDF_bpe_prefix,tune,Pooled,0.5,True,0.97297819226236271,0.9732112864855208,0.92133333333333334,0.92195767195767198,0.059827809209807993,0.20821409323482259,0.012547235768342489
TFIDF_bpe_prefix,tune,Win32,0.5,True,0.96658779716069776,0.96893176969639994,0.90549999999999997,0.9062964799206743,0.069371088431582711,0.23397814977816769,0.021205497318830299
TFIDF_bpe_prefix,tune,Win64,0.5,True,0.97937748443711103,0.98227719704023175,0.9355,0.93514328808446456,0.051057585190257444,0.1810950345477135,0.020365897932619045
TFIDF_bpe_prefix,tune,Dot_Net,0.5,True,0.97117700000000007,0.9664666490403091,0.92300000000000004,0.92458374142997057,0.05905475400758383,0.20956909537858665,0.024946603496522144
TFIDF_bpe_prefix,calibration,Pooled,0.5,True,0.9748666343180834,0.97575063719211941,0.92149999999999999,0.92196819085487081,0.058984701330420296,0.20189939497493803,0.010385372817866077
TFIDF_bpe_prefix,calibration,Win32,0.5,True,0.96941845792984771,0.97163552044491086,0.90549999999999997,0.90592334494773519,0.067462981340355666,0.22383701399200617,0.011886007381360949
TFIDF_bpe_prefix,calibration,Win64,0.5,True,0.97884882168863929,0.98028651737459649,0.93025000000000002,0.93082072898586665,0.054163507216998412,0.18651725759864779,0.017131688308353807
TFIDF_bpe_prefix,calibration,Dot_Net,0.5,True,0.97560150000000001,0.97486715074674291,0.92874999999999996,0.9291221089281273,0.055327615433906817,0.19534391333416001,0.012799786777733342
TFIDF_bpe_prefix,threshold,Pooled,0.5,False,0.97526644139758267,0.9761199500531349,0.92213333333333336,0.92225513362398903,0.058604040209425105,0.20055551868628974,0.0085178644909456817
TFIDF_bpe_prefix,threshold,Win32,0.5,False,0.96634275414391191,0.96965538659227268,0.90090000000000003,0.90091981603679261,0.071128095488601981,0.23343756321488554,0.011091473700972035
TFIDF_bpe_prefix,threshold,Win64,0.5,False,0.97915438952046441,0.98067828634157284,0.93184999999999996,0.93188746189595717,0.053191846871892497,0.18522894931252526,0.017653870599848742
TFIDF_bpe_prefix,threshold,Dot_Net,0.5,False,0.97825158978251581,0.97661043327813468,0.93364999999999998,0.93391105134717867,0.051492178267780797,0.18300004353145841,0.0087675674858512589
TFIDF_bpe_prefix,same_period,Pooled,0.5,False,0.976051033575007,0.97652700216071231,0.92263333333333331,0.92288267933681101,0.057996456718737169,0.19765250900892528,0.0078105402459485909
TFIDF_bpe_prefix,same_period,Win32,0.5,False,0.96674388163481006,0.96934343373523224,0.90190000000000003,0.90218366736464251,0.070537039572264176,0.23285777745751329,0.0097098300835764106
TFIDF_bpe_prefix,same_period,Win64,0.5,False,0.9806823912393986,0.98123418587112843,0.9335,0.93387690166053494,0.051440412589070818,0.17891291160609488,0.020914515665973861
TFIDF_bpe_prefix,same_period,Dot_Net,0.5,False,0.97918575916743045,0.97779085479554761,0.9325,0.93257416841474383,0.052011917994876512,0.18118683796316767,0.0068956156322404179
TFIDF_bpe_prefix,test,Pooled,0.5,False,0.97651728349121236,0.97622653306395635,0.92313333333333336,0.92258627635289381,0.058057018933034679,0.1976571942697237,0.017403550808684373
TFIDF_bpe_prefix,test,Win32,0.5,False,0.97362241814653927,0.97539568913583552,0.91279999999999994,0.91015866474345763,0.064126415959746511,0.21310404567863389,0.025528238216559959
TFIDF_bpe_prefix,test,Win64,0.5,False,0.97697404542665389,0.97540664842421154,0.92710000000000004,0.92657870883271221,0.057467069456104219,0.20080100506239204,0.031424000988369533
TFIDF_bpe_prefix,test,Dot_Net,0.5,False,0.97983167447400488,0.97873429380883947,0.92949999999999999,0.93056239535112772,0.052577571383253301,0.17906653206814518,0.01058218397939324
CodeBERT_partial_s2026,tune,Pooled,0.5,True,0.98044629266682382,0.98206043801502352,0.9331666666666667,0.93333333333333335,0.061132229579482528,0.2807566407232629,0.057535693697239529
CodeBERT_partial_s2026,tune,Win32,0.5,True,0.96809985159465739,0.97047565936035274,0.90649999999999997,0.90579345088161212,0.083553961912727029,0.37059649638292624,0.079685236811345345
CodeBERT_partial_s2026,tune,Win64,0.5,True,0.98340258506462652,0.98647118921840748,0.94299999999999995,0.9430569430569431,0.053300365047068775,0.25195966403100362,0.051721526768063963
CodeBERT_partial_s2026,tune,Dot_Net,0.5,True,0.98669300000000004,0.98664524966908385,0.94999999999999996,0.95069033530571989,0.046542361778651786,0.21971376175585866,0.043240719343809436
CodeBERT_partial_s2026,calibration,Pooled,0.5,True,0.98230988716626078,0.98336942774684877,0.93733333333333335,0.93745841650033268,0.057687533407426154,0.26702351378604838,0.053347534141619066
CodeBERT_partial_s2026,calibration,Win32,0.5,True,0.97359213426767277,0.97559198485292586,0.91974999999999996,0.91981014239320513,0.072890273037630959,0.3298789198833354,0.065889084762006764
CodeBERT_partial_s2026,calibration,Win64,0.5,True,0.98429193191162123,0.98663682711130851,0.94399999999999995,0.94388777555110226,0.05214687958010758,0.25009747880335464,0.050477503487408065
CodeBERT_partial_s2026,calibration,Dot_Net,0.5,True,0.98682099999999995,0.98623607230296406,0.94825000000000004,0.94862248696947138,0.048025447604539917,0.22109414267145519,0.045636291706534021
CodeBERT_partial_s2026,threshold,Pooled,0.5,False,0.98262615215202287,0.98378038447927996,0.93740000000000001,0.9374833555259654,0.057217374778057266,0.25991178022795131,0.052721869751892067
CodeBERT_partial_s2026,threshold,Win32,0.5,False,0.9718445725110828,0.97480551417288874,0.91420000000000001,0.91431139518625781,0.077602660374675239,0.34287494860296081,0.071148284131588274
CodeBERT_partial_s2026,threshold,Win64,0.5,False,0.98485897553476964,0.98625515840367661,0.94515000000000005,0.94507035201041512,0.05091529650300905,0.24229792990859628,0.047647986686114856
CodeBERT_partial_s2026,threshold,Dot_Net,0.5,False,0.98828191488281913,0.98858001835409148,0.95284999999999997,0.95304486381516706,0.043134167456487502,0.19456246217229686,0.039786316606260926
CodeBERT_partial_s2026,same_period,Pooled,0.5,False,0.98357705475818069,0.984241554500909,0.93936666666666668,0.93940100609654531,0.055552160357323535,0.25108529492699511,0.050937915118858673
CodeBERT_partial_s2026,same_period,Win32,0.5,False,0.97035874058998828,0.97358125386617522,0.91239999999999999,0.91225961538461542,0.079020292460687896,0.34971399894684962,0.07172705886214896
CodeBERT_partial_s2026,same_period,Win64,0.5,False,0.98683396140662327,0.98723437546959758,0.94910000000000005,0.94916608409068215,0.047557056804127119,0.22513697496051568,0.044714594384597933
CodeBERT_partial_s2026,same_period,Dot_Net,0.5,False,0.99005747960229917,0.99001094751813856,0.95660000000000001,0.95668662674650695,0.040079131807155582,0.17840491087362001,0.037027445532785017
CodeBERT_partial_s2026,test,Pooled,0.5,False,0.98395792320989139,0.98409983511102295,0.93886666666666663,0.93858826680953655,0.056293507985618066,0.25738262106180437,0.052174040578436554
CodeBERT_partial_s2026,test,Win32,0.5,False,0.97605440966514945,0.9771975812920346,0.91910000000000003,0.91669241066831431,0.073419126174836674,0.32688026738424114,0.068601955911939336
CodeBERT_partial_s2026,test,Win64,0.5,False,0.98590111422245275,0.98593115520856511,0.94610000000000005,0.94623441396508723,0.050490343414691302,0.24049066704016342,0.047992594275194853
CodeBERT_partial_s2026,test,Dot_Net,0.5,False,0.98792225388964161,0.98678015529340624,0.95140000000000002,0.95201421800947872,0.044971054367326221,0.2047769287610085,0.042003775443868643
CodeBERT_partial_s2027,tune,Pooled,0.5,True,0.98175308801373884,0.98283301117677324,0.93283333333333329,0.93344343517753925,0.06044766140891529,0.26930620178447928,0.056460753229852459
CodeBERT_partial_s2027,tune,Win32,0.5,True,0.97021592777339993,0.97257300519360468,0.90849999999999997,0.90881913303437967,0.080623127502017181,0.34695154623298274,0.074659605484749231
CodeBERT_partial_s2027,tune,Win64,0.5,True,0.9866856671416786,0.98901063861400473,0.94650000000000001,0.94663341645885291,0.049833221007466136,0.23117079674820887,0.048297415929175039
CodeBERT_partial_s2027,tune,Dot_Net,0.5,True,0.98535399999999995,0.98465629201099081,0.94350000000000001,0.94468918257464518,0.050886635717262541,0.22979626237224612,0.048819496551205314
CodeBERT_partial_s2027,calibration,Pooled,0.5,True,0.98210198159330808,0.98296149314118253,0.9361666666666667,0.93667328042328046,0.05806393940278657,0.26189929323901956,0.053163611893883404
CodeBERT_partial_s2027,calibration,Win32,0.5,True,0.9731576159092723,0.97552407259159069,0.91449999999999998,0.91496767777225263,0.076066108958833409,0.32741250334038624,0.068854788730580735
CodeBERT_partial_s2027,calibration,Win64,0.5,True,0.9848079423608328,0.98667420725511723,0.94274999999999998,0.94313384653588284,0.053687417167172465,0.25421178877825784,0.051362024095832001
CodeBERT_partial_s2027,calibration,Dot_Net,0.5,True,0.9858572499999998,0.98478749656009223,0.95125000000000004,0.95181616011860637,0.044438292082353857,0.20407358759841454,0.041192112100113101
CodeBERT_partial_s2027,threshold,Pooled,0.5,False,0.9832186202629114,0.98459436894267205,0.93866666666666665,0.93907284768211918,0.055420289912030532,0.24824052630340185,0.050046343636226134
CodeBERT_partial_s2027,threshold,Win32,0.5,False,0.97270860680460425,0.97585941338442761,0.91479999999999995,0.9154594165509029,0.074890037294397388,0.32330003719364142,0.067174641576326882
CodeBERT_partial_s2027,threshold,Win64,0.5,False,0.98582474186854796,0.98770132926391174,0.94784999999999997,0.94779518494419135,0.048706435742256061,0.23120732770207883,0.045251195093456181
CodeBERT_partial_s2027,threshold,Dot_Net,0.5,False,0.98801394488013961,0.98824166357235599,0.95335000000000003,0.95396002960769799,0.042664396699438147,0.19021421401448529,0.038230444418170556
CodeBERT_partial_s2027,same_period,Pooled,0.5,False,0.98386334305161216,0.98496661170828181,0.9381666666666667,0.9387161782681952,0.055348471839175656,0.2461630282232557,0.050330673302044888
CodeBERT_partial_s2027,same_period,Win32,0.5,False,0.97122953406328938,0.97436961154131363,0.91000000000000003,0.91113744075829384,0.078588615244169546,0.33944541864409683,0.071818783753072185
CodeBERT_partial_s2027,same_period,Win64,0.5,False,0.98775154082260375,0.98892019885890203,0.94820000000000004,0.94847821762482598,0.048096713297914581,0.22276450468611805,0.044779285254313711
CodeBERT_partial_s2027,same_period,Dot_Net,0.5,False,0.98953615958144636,0.98961839441800847,0.95630000000000004,0.9566769108753842,0.039360086975442854,0.17627916133955213,0.034981854680173813
CodeBERT_partial_s2027,test,Pooled,0.5,False,0.98301501217078402,0.98286953466407745,0.93743333333333334,0.93740203435050862,0.05740307297489692,0.2578080400381188,0.052305750406788462
CodeBERT_partial_s2027,test,Win32,0.5,False,0.97686626018673206,0.97792148903463139,0.91900000000000004,0.91722869405272833,0.073870745981785987,0.3214342541380385,0.067928449200971922
CodeBERT_partial_s2027,test,Win64,0.5,False,0.98239848473011082,0.98132825934212908,0.9415,0.94145902131492043,0.054793722068544062,0.25801750125992723,0.050785717375842462
CodeBERT_partial_s2027,test,Dot_Net,0.5,False,0.98797055639364351,0.98671325339043103,0.95179999999999998,0.95277287869880467,0.043544750874360681,0.1939723647163907,0.03968525215443891
CodeBERT_partial_s2028,tune,Pooled,0.5,True,0.98050496012224164,0.98147630051426715,0.93533333333333335,0.93556957821321818,0.059313862234002118,0.289256178439741,0.055394055050408744
CodeBERT_partial_s2028,tune,Win32,0.5,True,0.96817385425875335,0.96937919362339875,0.91200000000000003,0.91129032258064513,0.080155408263868647,0.3793509226979429,0.073892726130055569
CodeBERT_partial_s2028,tune,Win64,0.5,True,0.98497662441561051,0.98801971555204227,0.94750000000000001,0.94757863205192217,0.047434876450953227,0.24062994612025373,0.045741917915769648
CodeBERT_partial_s2028,tune,Dot_Net,0.5,True,0.98512200000000005,0.98418419462502671,0.94650000000000001,0.94742014742014746,0.050351301987184467,0.24778766650102624,0.048567231904723028
CodeBERT_partial_s2028,calibration,Pooled,0.5,True,0.98331635903104919,0.98413742561604611,0.9408333333333333,0.94092195040772175,0.054067778685759245,0.26144884999661927,0.05007672260783666
CodeBERT_partial_s2028,calibration,Win32,0.5,True,0.97493144085337602,0.97671874531892222,0.92100000000000004,0.9206428930185836,0.07126765796041909,0.32718297420982584,0.066808005095360515
CodeBERT_partial_s2028,calibration,Win64,0.5,True,0.98591971487422614,0.98759019212107324,0.94799999999999995,0.94805194805194803,0.047904681876287596,0.24731630090685128,0.045635676404611678
CodeBERT_partial_s2028,calibration,Dot_Net,0.5,True,0.98735000000000006,0.98677814583618861,0.95350000000000001,0.95386904761904767,0.043030996220571043,0.20984727487318072,0.040502700382985285
CodeBERT_partial_s2028,threshold,Pooled,0.5,False,0.9829625273125544,0.98405074521643299,0.93935000000000002,0.93952638138761946,0.055170494184176716,0.26364232122528974,0.049971859641520289
CodeBERT_partial_s2028,threshold,Win32,0.5,False,0.97165735008022458,0.97482559182120077,0.91590000000000005,0.91578209493290608,0.075166845484101089,0.34890719785539392,0.06725425380825871
CodeBERT_partial_s2028,threshold,Win64,0.5,False,0.98544485847692376,0.98670411506057643,0.94704999999999995,0.94712138612872621,0.049291451076384621,0.24978628472784659,0.046290862184830944
CodeBERT_partial_s2028,threshold,Dot_Net,0.5,False,0.98888259988882599,0.98888273423426276,0.95509999999999995,0.95549167327517848,0.041053185992044425,0.19223348109262872,0.037880983815348518
CodeBERT_partial_s2028,same_period,Pooled,0.5,False,0.98347340003126693,0.98438986739171008,0.93946666666666667,0.93975184128458633,0.054915136675548239,0.26275609965042418,0.049832576609685
CodeBERT_partial_s2028,same_period,Win32,0.5,False,0.97083053872590863,0.97407785058835228,0.91320000000000001,0.91337325349301401,0.077561515345407034,0.36212503644944399,0.069883465099977504
CodeBERT_partial_s2028,same_period,Win64,0.5,False,0.9868343414146642,0.98787602056649282,0.94950000000000001,0.9498659783579867,0.047072702139657641,0.23963628501692064,0.043593600154059865
CodeBERT_partial_s2028,same_period,Dot_Net,0.5,False,0.9899289795971592,0.98962929508562403,0.95569999999999999,0.95591601154343719,0.040111192541580028,0.18650697748490797,0.037040172446932459
CodeBERT_partial_s2028,test,Pooled,0.5,False,0.98278646565696637,0.9826242503477608,0.93643333333333334,0.93601744673712461,0.058010009950242948,0.27807164393899109,0.054474956548802023
CodeBERT_partial_s2028,test,Win32,0.5,False,0.97718094426503765,0.97851762991191293,0.91830000000000001,0.91555555555555557,0.073234949839500643,0.33551905608375071,0.06938486192881764
CodeBERT_partial_s2028,test,Win64,0.5,False,0.9815945336929971,0.98088995096742948,0.94110000000000005,0.94096421770071159,0.055319830464649986,0.28566591380262069,0.053034288050577111
CodeBERT_partial_s2028,test,Dot_Net,0.5,False,0.98819302792656771,0.98689063204219241,0.94989999999999997,0.95065497882399286,0.045475249546578243,0.21302996193060209,0.042591443206943386
CodeBERT_unfrozen_s2026,tune,Pooled,0.5,True,0.97937188933317876,0.98132021324422292,0.93133333333333335,0.93089567259308958,0.060064730205173458,0.24214971064556842,0.051637484255794577
CodeBERT_unfrozen_s2026,tune,Win32,0.5,True,0.96693880979715263,0.9712215101200643,0.90349999999999997,0.90117767537122373,0.082752239732051938,0.31758739243605744,0.073095808700510939
CodeBERT_unfrozen_s2026,tune,Win64,0.5,True,0.98346308657716452,0.98629175480117115,0.94650000000000001,0.94609571788413094,0.047968251218230208,0.19958109352828329,0.040865202422575117
CodeBERT_unfrozen_s2026,tune,Dot_Net,0.5,True,0.98319699999999999,0.98247315656954082,0.94399999999999995,0.94466403162055335,0.049473699665238235,0.20928064597236443,0.04275961476112073
CodeBERT_unfrozen_s2026,calibration,Pooled,0.5,True,0.98242879154264184,0.98293889515893995,0.9365,0.93610598691933589,0.055878957945850551,0.22416532765691372,0.047102006776600744
CodeBERT_unfrozen_s2026,calibration,Win32,0.5,True,0.9723615822768511,0.9743445348167753,0.91500000000000004,0.91317671092951991,0.073424006080691703,0.2845027197430387,0.062125563105334763
CodeBERT_unfrozen_s2026,calibration,Win64,0.5,True,0.98549395625261405,0.98605158486889799,0.94674999999999998,0.94654956085319952,0.047330046731453523,0.19559868820333043,0.039672347060842876
CodeBERT_unfrozen_s2026,calibration,Dot_Net,0.5,True,0.98645650000000007,0.98632349537857966,0.94774999999999998,0.94807453416149068,0.046882821025406467,0.1923945750243721,0.040318892550714358
CodeBERT_unfrozen_s2026,threshold,Pooled,0.5,False,0.98277408528833876,0.98410769270434306,0.93445,0.93398015879677032,0.056763687124063371,0.22299018238654503,0.047799463015972835
CodeBERT_unfrozen_s2026,threshold,Win32,0.5,False,0.97122637297474335,0.97435661188810618,0.90885000000000005,0.90733492604076649,0.077390807734739733,0.29252987574750622,0.065706153247868479
CodeBERT_unfrozen_s2026,threshold,Win64,0.5,False,0.98599059553225521,0.98765925938511501,0.94410000000000005,0.94359802239935431,0.048666759412485071,0.19572079488224725,0.041327143940657118
CodeBERT_unfrozen_s2026,threshold,Dot_Net,0.5,False,0.98760748987607483,0.98766896804360371,0.95040000000000002,0.95059268851479228,0.044233494224965329,0.18071987652988156,0.036834725056591827
CodeBERT_unfrozen_s2026,same_period,Pooled,0.5,False,0.98367054712624469,0.98456007553125202,0.93689999999999996,0.93648716658278808,0.054539790170630792,0.21455478119942514,0.045630018534127625
CodeBERT_unfrozen_s2026,same_period,Win32,0.5,False,0.9721330887959333,0.97493957017013,0.91169999999999995,0.91023686083155431,0.074897064455554205,0.2842017033847612,0.062341596369804728
CodeBERT_unfrozen_s2026,same_period,Win64,0.5,False,0.98711100726891399,0.98809718063878893,0.9456,0.94540345242874346,0.047639136729837321,0.18998055775959491,0.040556573986247998
CodeBERT_unfrozen_s2026,same_period,Dot_Net,0.5,False,0.98842115953684639,0.98816771437460915,0.95340000000000003,0.95341863254698123,0.041083169326500857,0.16948208245391944,0.034222428001061692
CodeBERT_unfrozen_s2026,test,Pooled,0.5,False,0.98022549534541259,0.97973481679839369,0.9237333333333333,0.92193257813566265,0.065857335026696509,0.2550744860589389,0.057305619576101467
CodeBERT_unfrozen_s2026,test,Win32,0.5,False,0.97664441731164831,0.97773989675895678,0.91169999999999995,0.90766495869497021,0.075321874052856397,0.28524045357414646,0.068257837666940421
CodeBERT_unfrozen_s2026,test,Win64,0.5,False,0.97676042655129014,0.97550473254347048,0.91459999999999997,0.91146589259796806,0.074082834235468589,0.28586126051811689,0.06544738455879795
CodeBERT_unfrozen_s2026,test,Dot_Net,0.5,False,0.98653042173706296,0.98495386018295472,0.94489999999999996,0.94544014258837505,0.048167296791764513,0.19412174408455327,0.042445109125084479
CodeBERT_unfrozen_s2027,tune,Pooled,0.5,True,0.9795745031683204,0.98142429449319502,0.93566666666666665,0.93579507651363936,0.059828736058954529,0.30470337800556263,0.056185628936528356
CodeBERT_unfrozen_s2027,tune,Win32,0.5,True,0.9698019128688633,0.97176139628891056,0.91500000000000004,0.91414141414141414,0.077841012666510653,0.37765393585453383,0.07088180833678423
CodeBERT_unfrozen_s2027,tune,Win64,0.5,True,0.98111952798819979,0.98547414350921625,0.94699999999999995,0.94678714859437751,0.05023308147167263,0.26799894301095589,0.049735792922031299
CodeBERT_unfrozen_s2027,tune,Dot_Net,0.5,True,0.9840549999999999,0.98344249609123857,0.94499999999999995,0.94607843137254899,0.051412114038680332,0.26845725515119823,0.049958613674609409
CodeBERT_unfrozen_s2027,calibration,Pooled,0.5,True,0.98272673999283766,0.98344767697579849,0.9405,0.94042056074766356,0.055007262273529089,0.27149500605350813,0.050977250002916925
CodeBERT_unfrozen_s2027,calibration,Win32,0.5,True,0.97330487213084749,0.9761894354376941,0.92200000000000004,0.92129162462159431,0.070294168300407259,0.33520209032318793,0.063854925897004297
CodeBERT_unfrozen_s2027,calibration,Win64,0.5,True,0.98495919542370736,0.98559717880064091,0.94574999999999998,0.94568210262828534,0.050903844877096475,0.26334517218171138,0.048596160382426618
CodeBERT_unfrozen_s2027,calibration,Dot_Net,0.5,True,0.98796575000000009,0.98792314898154809,0.95374999999999999,0.95403726708074532,0.043823773643083527,0.21593775565562501,0.041477625187614497
CodeBERT_unfrozen_s2027,threshold,Pooled,0.5,False,0.98226748946415299,0.98377753938280399,0.93823333333333336,0.93803090094308073,0.056896208401862658,0.27812709198382957,0.052027734809779277
CodeBERT_unfrozen_s2027,threshold,Win32,0.5,False,0.97052317006461986,0.97408460400489605,0.91549999999999998,0.91485288190245873,0.076944904629116379,0.36695501851951501,0.068999589001945444
CodeBERT_unfrozen_s2027,threshold,Win64,0.5,False,0.9849182968451774,0.98695556064459267,0.94599999999999995,0.9455315715150292,0.050397940194828052,0.25673821009101183,0.047361709657643268
CodeBERT_unfrozen_s2027,threshold,Dot_Net,0.5,False,0.98813289988132891,0.98810660587028276,0.95320000000000005,0.95349761526232113,0.043345780381643557,0.21068804734096197,0.040535722292750959
CodeBERT_unfrozen_s2027,same_period,Pooled,0.5,False,0.98354107427444304,0.98463479196364634,0.93913333333333338,0.93896242813210318,0.055890843407528562,0.26960051893071635,0.051076613632744822
CodeBERT_unfrozen_s2027,same_period,Win32,0.5,False,0.9709384428737442,0.97456656943851128,0.91479999999999995,0.91413021568232211,0.07772275725520969,0.36811601422073409,0.070037114747367971
CodeBERT_unfrozen_s2027,same_period,Win64,0.5,False,0.98682248116370164,0.98770454100863858,0.94799999999999995,0.94777018883085573,0.048454986754258987,0.24348272315915351,0.04609946281772373
CodeBERT_unfrozen_s2027,same_period,Dot_Net,0.5,False,0.98970485958819432,0.98997421538763519,0.9546,0.9547718669057581,0.041494786213117016,0.19720281941226148,0.039189718818259736
CodeBERT_unfrozen_s2027,test,Pooled,0.5,False,0.97915491524229736,0.97905389961097433,0.9224,0.92059485640221028,0.072250364622746879,0.34481738699509951,0.069155050104977828
CodeBERT_unfrozen_s2027,test,Win32,0.5,False,0.97502591633587576,0.97637771872534396,0.9173,0.91423830758062841,0.076924107875829525,0.37330308504989906,0.072435152270981212
CodeBERT_unfrozen_s2027,test,Win64,0.5,False,0.97526637453685416,0.97470121306899515,0.90190000000000003,0.89737420232241871,0.090957612857562709,0.42497146279400161,0.089519109033590352
CodeBERT_unfrozen_s2027,test,Dot_Net,0.5,False,0.9873410237586715,0.98667558383859044,0.94799999999999995,0.94859628311585609,0.048869373134848418,0.23617761314139771,0.046273578141884944
CodeBERT_unfrozen_s2028,tune,Pooled,0.5,True,0.97865271299758594,0.97975302451411006,0.93183333333333329,0.93182197032838809,0.061428318461028635,0.27252898697934691,0.054101274867751278
CodeBERT_unfrozen_s2028,tune,Win32,0.5,True,0.96668780076082728,0.9689282007990232,0.90549999999999997,0.90449722081859529,0.082301020135623362,0.35048618401473797,0.072596893666501142
CodeBERT_unfrozen_s2028,tune,Win64,0.5,True,0.98384959623990609,0.98615573555035074,0.94899999999999995,0.94884653961885657,0.04746719447089949,0.22206981106945159,0.044807130455125424
CodeBERT_unfrozen_s2028,tune,Dot_Net,0.5,True,0.98197199999999996,0.98164558652770351,0.94099999999999995,0.94175715695952611,0.05451674077656303,0.24503096585385117,0.049145322621979529
CodeBERT_unfrozen_s2028,calibration,Pooled,0.5,True,0.98212648192270136,0.98268850757464443,0.9368333333333333,0.93670674682698729,0.055903447793918419,0.24090082495312662,0.0503030074004771
CodeBERT_unfrozen_s2028,calibration,Win32,0.5,True,0.97403640303802819,0.97573780724144399,0.91600000000000004,0.9157049673858505,0.072845370017068659,0.30465821938848858,0.066556224136223432
CodeBERT_unfrozen_s2028,calibration,Win64,0.5,True,0.98454568705016265,0.98590434007871874,0.94550000000000001,0.94530858003010532,0.049645228083043606,0.22495145083329687,0.045879221797975558
CodeBERT_unfrozen_s2028,calibration,Dot_Net,0.5,True,0.98621499999999995,0.98586978539994963,0.94899999999999995,0.949050949050949,0.045219745281642992,0.19309280463759448,0.039424704300434141
CodeBERT_unfrozen_s2028,threshold,Pooled,0.5,False,0.98189990443191388,0.98310875162030764,0.93643333333333334,0.93633784009347354,0.056683644921768896,0.24579514626366947,0.048980969462761967
CodeBERT_unfrozen_s2028,threshold,Win32,0.5,False,0.97192585573721424,0.97466578280073801,0.91495000000000004,0.91462129197410025,0.074625899920076774,0.31818406984608877,0.063921771334071176
CodeBERT_unfrozen_s2028,threshold,Win64,0.5,False,0.98488827618202091,0.98660245752187814,0.94489999999999996,0.94483380056067279,0.050484875716173931,0.23041589938720272,0.045376934975725827
CodeBERT_unfrozen_s2028,threshold,Dot_Net,0.5,False,0.9870744998707448,0.98742279177172954,0.94945000000000002,0.94947778721703058,0.044940159129055982,0.18878546955771694,0.038503075797582033
CodeBERT_unfrozen_s2028,same_period,Pooled,0.5,False,0.98263402874638661,0.98375676203980178,0.93803333333333339,0.93802713604693799,0.055357601484697275,0.23974805986073275,0.047794928726665478
CodeBERT_unfrozen_s2028,same_period,Win32,0.5,False,0.97135993907605789,0.97404501194570514,0.91290000000000004,0.91285642821410706,0.076631750640716284,0.32484127306391125,0.066208205859715832
CodeBERT_unfrozen_s2028,same_period,Win64,0.5,False,0.98706312625575154,0.9883709970224811,0.94879999999999998,0.94892258579409416,0.046526957268786973,0.21062916117369451,0.04215036053543765
CodeBERT_unfrozen_s2028,same_period,Dot_Net,0.5,False,0.98779387951175501,0.98825214866426903,0.95240000000000002,0.95229504910803764,0.042914096544588574,0.18377374534459254,0.036099282962078441
CodeBERT_unfrozen_s2028,test,Pooled,0.5,False,0.98149175690076851,0.98157459291780302,0.92993333333333328,0.92891444031112613,0.062356621868549532,0.27000836033632541,0.05681721312478763
CodeBERT_unfrozen_s2028,test,Win32,0.5,False,0.97647009505243187,0.97778509853839068,0.91700000000000004,0.91434468524251811,0.073139378696449375,0.31265420486152545,0.067729891139916315
CodeBERT_unfrozen_s2028,test,Win64,0.5,False,0.98036122471781606,0.97982871161374696,0.92589999999999995,0.92454943488443131,0.065912185131800444,0.29206955545819041,0.061865627182425185
CodeBERT_unfrozen_s2028,test,Dot_Net,0.5,False,0.98671195114754762,0.98590091844923078,0.94689999999999996,0.94721145243065907,0.048018301777398756,0.20530132068926041,0.042195106740101185
LightGBM__temperature,tune,Pooled,0.5,True,0.99474081818211113,0.99534230217670139,0.97016666666666662,0.97020143166305972,0.023843347383704857,0.086424868720187037,0.0059840829975502169
LightGBM__temperature,tune,Win32,0.5,True,0.99346576476753179,0.99405184609153296,0.95850000000000002,0.95856215676485268,0.031404508700200597,0.10393567603401356,0.012275661356222066
LightGBM__temperature,tune,Win64,0.5,True,0.99628590714767873,0.9970820343512885,0.98099999999999998,0.98088531187122741,0.01730734341221811,0.065572713217108683,0.012691028317721004
LightGBM__temperature,tune,Dot_Net,0.5,True,0.99377199999999999,0.99398744935780892,0.97099999999999997,0.97123015873015872,0.022818190038695851,0.089766216909438867,0.01017058273286417
LightGBM__temperature,calibration,Pooled,0.5,True,0.99535285418837305,0.99578355791312534,0.97216666666666662,0.97219910104877638,0.022024528816496417,0.081296563317351397,0.0046824747123018467
LightGBM__temperature,calibration,Win32,0.5,True,0.99439026298861122,0.99491890742801525,0.96725000000000005,0.96722541906429826,0.025840149222692538,0.092572497374487334,0.0074844187856653935
LightGBM__temperature,calibration,Win64,0.5,True,0.99621517335726051,0.99670534449183312,0.97924999999999995,0.97925518620344909,0.017716716344021471,0.06884526055265304,0.0079806008910306044
LightGBM__temperature,calibration,Dot_Net,0.5,True,0.99537775000000006,0.99568511677591653,0.96999999999999997,0.97011952191235062,0.022516720882775246,0.082471932024913833,0.011491477451743701
LightGBM__temperature,threshold,Pooled,0.5,False,0.99600319750599609,0.99640978205127029,0.97193333333333332,0.97192491080657528,0.021318938727717035,0.077015715176549857,0.0033344431774877193
LightGBM__temperature,threshold,Win32,0.5,False,0.99424106142772828,0.99491357976847472,0.96535000000000004,0.96528577869057752,0.02645969036514121,0.093508400160336139,0.0054095369073916232
LightGBM__temperature,threshold,Win64,0.5,False,0.99700272379016863,0.99730622480312991,0.97640000000000005,0.97637164597517023,0.018269641011906639,0.06639158633937689,0.0055468254245519058
LightGBM__temperature,threshold,Dot_Net,0.5,False,0.99647834996478357,0.99680763945416673,0.97404999999999997,0.97410567280347249,0.019227484806103257,0.071147159029936596,0.0045024236098490135
LightGBM__temperature,same_period,Pooled,0.5,False,0.99588410021956963,0.99626743608029567,0.97250000000000003,0.97250091663611216,0.021391576833168075,0.077733159461255169,0.0038684903900125652
LightGBM__temperature,same_period,Win32,0.5,False,0.99336994514069121,0.99416389567789654,0.96250000000000002,0.9624962496249625,0.028157050267795296,0.099793845817149299,0.0063445854343865699
LightGBM__temperature,same_period,Win64,0.5,False,0.99699321637645866,0.997262883139168,0.97750000000000004,0.9774977497749775,0.017742455616792389,0.065453378651099361,0.0049448634506807322
LightGBM__temperature,same_period,Dot_Net,0.5,False,0.99683987987359524,0.99705728010317274,0.97750000000000004,0.97750674797560733,0.018275224614916537,0.067952253915516819,0.0057470782261366763
LightGBM__temperature,test,Pooled,0.5,False,0.99566611417481066,0.99594655259609399,0.96840000000000004,0.96839578610481403,0.023491779071135147,0.082895390057620491,0.0061354453594599477
LightGBM__temperature,test,Win32,0.5,False,0.99423412527426347,0.99471232082612837,0.96379999999999999,0.96316646316646315,0.027450967464970916,0.097586206978401716,0.013863525584771991
LightGBM__temperature,test,Win64,0.5,False,0.9967378717583486,0.99707345945781012,0.97270000000000001,0.9728331177231565,0.020230845761784411,0.070794674395020976,0.0055022727865574918
LightGBM__temperature,test,Dot_Net,0.5,False,0.99599267226013,0.99609947735129711,0.96870000000000001,0.96906808973218694,0.022793523986650108,0.080305288799438768,0.0079903602331733055
LightGBM__isotonic,tune,Pooled,0.5,True,0.99462503884774456,0.99451666570825237,0.96933333333333338,0.96940472231459929,0.023884954781567519,0.087240661470244826,0.0055125767077977925
LightGBM__isotonic,tune,Win32,0.5,True,0.99343526366949209,0.99319159194851647,0.95750000000000002,0.95764823119083209,0.031635231146202189,0.10449262569949701,0.012621819648069844
LightGBM__isotonic,tune,Win64,0.5,True,0.99624340608515216,0.99666897577252467,0.98050000000000004,0.98039215686274506,0.016896599404628676,0.063252314997887193,0.010696929920986486
LightGBM__isotonic,tune,Dot_Net,0.5,True,0.9934044999999998,0.9923435434957133,0.96999999999999997,0.97026759167492571,0.023123033793871688,0.093977043713350278,0.012943245350889285
LightGBM__isotonic,calibration,Pooled,0.5,True,0.99562638564362904,0.99545804598966359,0.97258333333333336,0.97264488234805024,0.021544151469526488,0.078487527149609271,4.0592529337857284e-18
LightGBM__isotonic,calibration,Win32,0.5,True,0.99456802049886606,0.99440806266763748,0.96775,0.96780633890691292,0.025410895213482911,0.090081513994259413,0.0068026481760240301
LightGBM__isotonic,calibration,Win64,0.5,True,0.99650855429822449,0.99647785929786736,0.97975000000000001,0.97976517611791158,0.017221253862653604,0.066234806118881717,0.0064072999994603148
LightGBM__isotonic,calibration,Dot_Net,0.5,True,0.99573637500000001,0.99540867339059214,0.97024999999999995,0.97037590241473737,0.022000305332442956,0.079146261335686696,0.0062755329884358318
LightGBM__isotonic,threshold,Pooled,0.5,False,0.99592705313024621,0.99579552288500495,0.97199999999999998,0.97202331390507912,0.021524845705742389,0.07744885331259363,0.0030555807983576877
LightGBM__isotonic,threshold,Win32,0.5,False,0.9941303870350614,0.99407683451885487,0.96540000000000004,0.96538961688506553,0.026643232780330872,0.0938708869120604,0.0051908555807114263
LightGBM__isotonic,threshold,Win64,0.5,False,0.99694521251974455,0.99685396586258301,0.97660000000000002,0.97659297789336796,0.018543153670866664,0.066924926784207237,0.0042954266435507784
LightGBM__isotonic,threshold,Dot_Net,0.5,False,0.99639776996397755,0.99616631234881137,0.97399999999999998,0.97408035091217227,0.019388150666029624,0.071550746241513224,0.0033484742782925901
LightGBM__isotonic,same_period,Pooled,0.5,False,0.9957783321309096,0.99558699462684774,0.97216666666666662,0.97220095215900393,0.02150745991686577,0.078760303482983324,0.0024972432034107606
LightGBM__isotonic,same_period,Win32,0.5,False,0.99319213830579656,0.99319368884197712,0.96189999999999998,0.9619570644033949,0.028523714795666736,0.10082870931435484,0.0066002898858442622
LightGBM__isotonic,same_period,Win64,0.5,False,0.99690669454565661,0.99666300339769709,0.97740000000000005,0.97741355186887868,0.017760651209998157,0.067913247037176799,0.0032785525782976386
LightGBM__isotonic,same_period,Dot_Net,0.5,False,0.99675321987012888,0.99649467760886323,0.97719999999999996,0.97723642172523961,0.018238013744932422,0.067538954097418336,0.0039477495998079615
LightGBM__isotonic,test,Pooled,0.5,False,0.9955821370423511,0.99524313537393827,0.96853333333333336,0.96857314068846123,0.023643545279624027,0.084221844487789632,0.004948003402847582
LightGBM__isotonic,test,Win32,0.5,False,0.99411674375299897,0.99378026206895109,0.96360000000000001,0.9630156472261735,0.02761321623435669,0.09997247874063582,0.012510245717781586
LightGBM__isotonic,test,Win64,0.5,False,0.99669768820773008,0.99663462933259594,0.97289999999999999,0.97304823470909996,0.020367655543908316,0.070925019062932859,0.004743609560938911
LightGBM__isotonic,test,Dot_Net,0.5,False,0.99586942587103711,0.99525210817881904,0.96909999999999996,0.96952963218617494,0.022949764060607072,0.081768035659800245,0.0088501888331115816
LightGBM__isotonic_tiebreak,tune,Pooled,0.5,True,0.99474081818211113,0.99534230217670139,0.96933333333333338,0.96940472231459929,0.023884954781567519,0.087240661470244826,0.0055125767077977925
LightGBM__isotonic_tiebreak,tune,Win32,0.5,True,0.99346576476753179,0.99405184609153296,0.95750000000000002,0.95764823119083209,0.031635231146202189,0.10449262569949701,0.012621819648069844
LightGBM__isotonic_tiebreak,tune,Win64,0.5,True,0.99628590714767873,0.9970820343512885,0.98050000000000004,0.98039215686274506,0.016896599404628676,0.063252314997887193,0.010696929920986486
LightGBM__isotonic_tiebreak,tune,Dot_Net,0.5,True,0.99377199999999999,0.99398744935780892,0.96999999999999997,0.97026759167492571,0.023123033793871688,0.093977043713350278,0.012943245350889285
LightGBM__isotonic_tiebreak,calibration,Pooled,0.5,True,0.99535285418837305,0.99578355791312534,0.97258333333333336,0.97264488234805024,0.021544151469526488,0.078487527149609271,4.0592529337857284e-18
LightGBM__isotonic_tiebreak,calibration,Win32,0.5,True,0.99439026298861122,0.99491890742801525,0.96775,0.96780633890691292,0.025410895213482911,0.090081513994259413,0.0068026481760240301
LightGBM__isotonic_tiebreak,calibration,Win64,0.5,True,0.99621517335726051,0.99670534449183312,0.97975000000000001,0.97976517611791158,0.017221253862653604,0.066234806118881717,0.0064072999994603148
LightGBM__isotonic_tiebreak,calibration,Dot_Net,0.5,True,0.99537775000000006,0.99568511677591653,0.97024999999999995,0.97037590241473737,0.022000305332442956,0.079146261335686696,0.0062755329884358318
LightGBM__isotonic_tiebreak,threshold,Pooled,0.5,False,0.99600319750599609,0.99640978205127029,0.97199999999999998,0.97202331390507912,0.021524845705742389,0.07744885331259363,0.0030555807983576877
LightGBM__isotonic_tiebreak,threshold,Win32,0.5,False,0.99424106142772828,0.99491357976847472,0.96540000000000004,0.96538961688506553,0.026643232780330872,0.0938708869120604,0.0051908555807114263
LightGBM__isotonic_tiebreak,threshold,Win64,0.5,False,0.99700272379016863,0.99730622480312991,0.97660000000000002,0.97659297789336796,0.018543153670866664,0.066924926784207237,0.0042954266435507784
LightGBM__isotonic_tiebreak,threshold,Dot_Net,0.5,False,0.99647834996478357,0.99680763945416673,0.97399999999999998,0.97408035091217227,0.019388150666029624,0.071550746241513224,0.0033484742782925901
LightGBM__isotonic_tiebreak,same_period,Pooled,0.5,False,0.99588410021956963,0.99626743608029567,0.97216666666666662,0.97220095215900393,0.02150745991686577,0.078760303482983324,0.0024972432034107606
LightGBM__isotonic_tiebreak,same_period,Win32,0.5,False,0.99336994514069121,0.99416389567789654,0.96189999999999998,0.9619570644033949,0.028523714795666736,0.10082870931435484,0.0066002898858442622
LightGBM__isotonic_tiebreak,same_period,Win64,0.5,False,0.99699321637645866,0.997262883139168,0.97740000000000005,0.97741355186887868,0.017760651209998157,0.067913247037176799,0.0032785525782976386
LightGBM__isotonic_tiebreak,same_period,Dot_Net,0.5,False,0.99683987987359524,0.99705728010317274,0.97719999999999996,0.97723642172523961,0.018238013744932422,0.067538954097418336,0.0039477495998079615
LightGBM__isotonic_tiebreak,test,Pooled,0.5,False,0.99566611417481066,0.99594655259609399,0.96853333333333336,0.96857314068846123,0.023643545279624027,0.084221844487789632,0.004948003402847582
LightGBM__isotonic_tiebreak,test,Win32,0.5,False,0.99423412527426347,0.99471232082612837,0.96360000000000001,0.9630156472261735,0.02761321623435669,0.09997247874063582,0.012510245717781586
LightGBM__isotonic_tiebreak,test,Win64,0.5,False,0.9967378717583486,0.99707345945781012,0.97289999999999999,0.97304823470909996,0.020367655543908316,0.070925019062932859,0.004743609560938911
LightGBM__isotonic_tiebreak,test,Dot_Net,0.5,False,0.99599267226013,0.99609947735129711,0.96909999999999996,0.96952963218617494,0.022949764060607072,0.081768035659800245,0.0088501888331115816
LightGBM__format_platt,tune,Pooled,0.5,True,0.99484926408455032,0.99545774942450937,0.96933333333333338,0.96940472231459929,0.023840085721512139,0.085955667221608203,0.0072347957459081378
LightGBM__format_platt,tune,Win32,0.5,True,0.99346576476753179,0.99405184609153296,0.95699999999999996,0.95717131474103589,0.03155540512955745,0.10384264744929972,0.010907172917672325
LightGBM__format_platt,tune,Win64,0.5,True,0.99628590714767873,0.9970820343512885,0.97950000000000004,0.97940733299849325,0.017234169591626384,0.06482775868460007,0.012122120324816785
LightGBM__format_platt,tune,Dot_Net,0.5,True,0.99377199999999999,0.99398744935780892,0.97150000000000003,0.97171215880893302,0.022730682443352596,0.089196595530924808,0.011356651416248965
LightGBM__format_platt,calibration,Pooled,0.5,True,0.99536665992953899,0.995786948806334,0.97224999999999995,0.97231690082301103,0.02192815620912018,0.080969426815229506,0.0053734753353948343
LightGBM__format_platt,calibration,Win32,0.5,True,0.99439026298861122,0.99491890742801525,0.96725000000000005,0.96733981550735482,0.025679526578492748,0.091918935654761447,0.0075919686497800945
LightGBM__format_platt,calibration,Win64,0.5,True,0.99621517335726051,0.99670534449183312,0.97924999999999995,0.97927590511860174,0.017710316446782826,0.068662781354189628,0.0069251395492815554
LightGBM__format_platt,calibration,Dot_Net,0.5,True,0.99537775000000006,0.99568511677591653,0.97024999999999995,0.97034637428357839,0.022394625602084963,0.082326563436737443,0.011845031254778215
LightGBM__format_platt,threshold,Pooled,0.5,False,0.99599131067659885,0.99639452885411761,0.9720833333333333,0.97211540062261736,0.021245618739028499,0.076836588541435283,0.0024149537044665815
LightGBM__format_platt,threshold,Win32,0.5,False,0.99424106142772828,0.99491357976847472,0.96555000000000002,0.96558957199220896,0.026394814516579903,0.092998757287542685,0.0039083173334602799
LightGBM__format_platt,threshold,Win64,0.5,False,0.99700272379016863,0.99730622480312991,0.97665000000000002,0.97666516764103328,0.018144838809709855,0.066051985063977026,0.0039404151235194959
LightGBM__format_platt,threshold,Dot_Net,0.5,False,0.99647834996478357,0.99680763945416673,0.97404999999999997,0.97409274696750359,0.019197202890795729,0.071459023272786137,0.0044266499699414453
LightGBM__format_platt,same_period,Pooled,0.5,False,0.99583681958390768,0.99622433444797975,0.97219999999999995,0.97223701731025303,0.021431611540192526,0.077848157694083861,0.0035825031755593716
LightGBM__format_platt,same_period,Win32,0.5,False,0.99336994514069121,0.99416389567789654,0.9617,0.96181836307446911,0.028293719224736332,0.099973002158805502,0.0065871963574990703
LightGBM__format_platt,same_period,Win64,0.5,False,0.99699321637645866,0.997262883139168,0.97740000000000005,0.97741806554756194,0.017737050669455932,0.065236157843679352,0.0035878324461719822
LightGBM__format_platt,same_period,Dot_Net,0.5,False,0.99683987987359524,0.99705728010317274,0.97750000000000004,0.97750224977502254,0.01826406472638531,0.06833531307976673,0.0064534229461492721
LightGBM__format_platt,test,Pooled,0.5,False,0.99567097648833636,0.99597161306884074,0.96853333333333336,0.96856267483681902,0.023284531560984745,0.082248063851368472,0.0049325279187998599
LightGBM__format_platt,test,Win32,0.5,False,0.99423412527426347,0.99471232082612837,0.96389999999999998,0.96336141276768494,0.027054758428638227,0.096247340518597208,0.010507554836006764
LightGBM__format_platt,test,Win64,0.5,False,0.9967378717583486,0.99707345945781012,0.97299999999999998,0.97316103379721675,0.020126623571530489,0.070536024723974383,0.0049931086023219393
LightGBM__format_platt,test,Dot_Net,0.5,False,0.99599267226013,0.99609947735129711,0.96870000000000001,0.9690558576371725,0.022672212682785509,0.079960826311533867,0.0060972407123585084
TFIDF_full__temperature,tune,Pooled,0.5,True,0.98715927180798746,0.98829700208046845,0.94983333333333331,0.94990847062739225,0.038828720919799414,0.13967223909880688,0.0066546126062850099
TFIDF_full__temperature,tune,Win32,0.5,True,0.98364941137880957,0.98572126128537574,0.9375,0.93709109209864117,0.04666876760751798,0.16038531022336452,0.014590126552720855
TFIDF_full__temperature,tune,Win64,0.5,True,0.9913387834695867,0.99305015416234832,0.96550000000000002,0.96530920060331826,0.029040740468649646,0.10750205558446885,0.016323618344067137
TFIDF_full__temperature,tune,Dot_Net,0.5,True,0.98462100000000008,0.98410724827660478,0.94650000000000001,0.94736842105263153,0.040776654683230613,0.15112935148858722,0.016351233521540245
TFIDF_full__temperature,calibration,Pooled,0.5,True,0.98805928390815034,0.98869005066895532,0.94958333333333333,0.94963789228335971,0.037761364834110578,0.13507721098229539,0.0047349199070491231
TFIDF_full__temperature,calibration,Win32,0.5,True,0.9862021670415575,0.98663479312870994,0.94225000000000003,0.94240837696335078,0.042663858802920361,0.14841554530504361,0.0093991220099385007
TFIDF_full__temperature,calibration,Win64,0.5,True,0.99203983880673585,0.99323618725938512,0.96050000000000002,0.96048024012006006,0.029803948247652305,0.10791135065864481,0.010010822755989131
TFIDF_full__temperature,calibration,Dot_Net,0.5,True,0.98546299999999998,0.98575458909265246,0.94599999999999995,0.9460539460539461,0.040816287451759074,0.14890473698319773,0.013867375871352403
TFIDF_full__temperature,threshold,Pooled,0.5,False,0.98864659568300595,0.98927409447370318,0.95189999999999997,0.9518807523009204,0.036995240916668039,0.13209015655162368,0.0033582394988740838
TFIDF_full__temperature,threshold,Win32,0.5,False,0.98514686047889244,0.98628126911261615,0.94159999999999999,0.94146537035180922,0.044393400243923666,0.15325876673313138,0.0056192753374288756
TFIDF_full__temperature,threshold,Win64,0.5,False,0.99194341202997183,0.9927885805869896,0.96204999999999996,0.96196823169815104,0.029669550243338203,0.10890376632226571,0.0087102733906418636
TFIDF_full__temperature,threshold,Dot_Net,0.5,False,0.98806861988068606,0.98811120654028839,0.95204999999999995,0.95220533266882634,0.03692277226274223,0.13410793659947401,0.0058852348164218533
TFIDF_full__temperature,same_period,Pooled,0.5,False,0.98883804548927812,0.98946082470947117,0.95099999999999996,0.95107827476038342,0.037606206639821359,0.1321635723282916,0.0033434572296312001
TFIDF_full__temperature,same_period,Win32,0.5,False,0.98304578828010147,0.98485707144436974,0.9375,0.93765586034912718,0.047996932585903873,0.16392773472863992,0.0070379165508016274
TFIDF_full__temperature,same_period,Win64,0.5,False,0.99293657053783257,0.99356779867684919,0.96189999999999998,0.96188094047023509,0.028992281181193943,0.10417725013141205,0.0086295669526141455
TFIDF_full__temperature,same_period,Dot_Net,0.5,False,0.9890492795619712,0.98871103187684517,0.9536,0.95372955723972874,0.035829406152366239,0.12838573212482285,0.006688907305048921
TFIDF_full__temperature,test,Pooled,0.5,False,0.98847876587904826,0.9887822683744063,0.94816666666666671,0.94810612381111292,0.038854121209360416,0.13560386785496772,0.0069319375843110804
TFIDF_full__temperature,test,Win32,0.5,False,0.9860161387691585,0.98686389118720508,0.93859999999999999,0.93689619732785201,0.045690101494192718,0.15524002329759479,0.021486862850892036
TFIDF_full__temperature,test,Win64,0.5,False,0.99293965614801727,0.99366431364233021,0.96189999999999998,0.96216108848942294,0.028916633640731392,0.10390199917489749,0.0076800632005596149
TFIDF_full__temperature,test,Dot_Net,0.5,False,0.98607627819426169,0.98539655544255056,0.94399999999999995,0.94491442061774544,0.041955628493157135,0.14766958109241093,0.012115291806968857
TFIDF_full__isotonic,tune,Pooled,0.5,True,0.98697515822157145,0.9869771478759336,0.94899999999999995,0.94932096720768466,0.038983663967534263,0.13985340279525671,0.0083384300096897689
TFIDF_full__isotonic,tune,Win32,0.5,True,0.98341440291850502,0.98421645269212121,0.9375,0.93759360958562155,0.046813069638581076,0.16108582049999212,0.015120237062068437
TFIDF_full__isotonic,tune,Win64,0.5,True,0.99138078451961298,0.9923538939892721,0.96599999999999997,0.96586345381526106,0.029007597395264755,0.10694622253109667,0.015539242292737395
TFIDF_full__isotonic,tune,Dot_Net,0.5,True,0.98422599999999993,0.98209495675787561,0.94350000000000001,0.94468918257464518,0.041130324868756972,0.15152816535468133,0.015261669408250111
TFIDF_full__isotonic,calibration,Pooled,0.5,True,0.98849262306748786,0.98815703517275177,0.95008333333333328,0.95038515696181558,0.037242883049863014,0.13201619373677412,2.7385501274087191e-18
TFIDF_full__isotonic,calibration,Win32,0.5,True,0.98658868337187244,0.98598843121534441,0.94325000000000003,0.9437701263314342,0.0420572533966517,0.14579855897087368,0.010110431470028909
TFIDF_full__isotonic,calibration,Win64,0.5,True,0.99228371874530452,0.99277489412006448,0.95974999999999999,0.95988038873660608,0.02932245258297583,0.10574832464890743,0.0087511589904043438
TFIDF_full__isotonic,calibration,Dot_Net,0.5,True,0.98612325000000001,0.98510034349861009,0.94725000000000004,0.94755157842406168,0.040348943169961515,0.14450169759054129,0.010346688138474516
TFIDF_full__isotonic,threshold,Pooled,0.5,False,0.9885289679615713,0.98813944837066847,0.95158333333333334,0.95180263136064236,0.037047917986068331,0.13462148881480704,0.003653211916017177
TFIDF_full__isotonic,threshold,Win32,0.5,False,0.98501114509234866,0.98494771275619186,0.94079999999999997,0.94107693838956907,0.044500403068558354,0.15653190920579396,0.0073304186775579316
TFIDF_full__isotonic,threshold,Win64,0.5,False,0.99185549008777607,0.99197280304291213,0.96204999999999996,0.96210116342937035,0.029690876612638323,0.11029879449387221,0.0073323627116188977
TFIDF_full__isotonic,threshold,Dot_Net,0.5,False,0.98793148987931478,0.98675241238535283,0.95189999999999997,0.95226280269948393,0.036952474277008318,0.13703376274475487,0.0066139392847649704
TFIDF_full__isotonic,same_period,Pooled,0.5,False,0.98869464133906682,0.98830538246637523,0.9496,0.94992382592568059,0.03777190477922103,0.1328474015987211,0.0036367909019390052
TFIDF_full__isotonic,same_period,Win32,0.5,False,0.98284860070021096,0.98335133536778252,0.93569999999999998,0.93630510153541358,0.048300269772326203,0.16491780196295339,0.010543257049386204
TFIDF_full__isotonic,same_period,Win64,0.5,False,0.99280710779840098,0.99270263687925886,0.96020000000000005,0.96031112883925007,0.029171200986478813,0.10515338882965233,0.0082735199487216637
TFIDF_full__isotonic,same_period,Dot_Net,0.5,False,0.98892001955680064,0.98748991498523875,0.95289999999999997,0.95323205242776288,0.03584424357885807,0.12847101400355762,0.0056878532724570852
TFIDF_full__isotonic,test,Pooled,0.5,False,0.98831512502845886,0.98743003353724135,0.94876666666666665,0.94894535791396772,0.038889321427180809,0.13620267733716498,0.0070862691770601687
TFIDF_full__isotonic,test,Win32,0.5,False,0.98585097662865717,0.98560087069541957,0.94059999999999999,0.93936300530828909,0.045574714768072969,0.15612130361305301,0.02093048690491435
TFIDF_full__isotonic,test,Win64,0.5,False,0.99280454420952635,0.99282393628974552,0.96160000000000001,0.96200277063130812,0.028992126644008444,0.10416358113677247,0.0072835767423420107
TFIDF_full__isotonic,test,Dot_Net,0.5,False,0.98587658784231369,0.98340807717998202,0.94410000000000005,0.94521219249240418,0.042101122869461029,0.14832314726166945,0.013590562686967199
TFIDF_full__isotonic_tiebreak,tune,Pooled,0.5,True,0.98715927180798746,0.98829700208046845,0.94899999999999995,0.94932096720768466,0.038983663967534263,0.13985340279525671,0.0083384300096897689
TFIDF_full__isotonic_tiebreak,tune,Win32,0.5,True,0.98364941137880957,0.98572126128537574,0.9375,0.93759360958562155,0.046813069638581076,0.16108582049999212,0.015120237062068437
TFIDF_full__isotonic_tiebreak,tune,Win64,0.5,True,0.9913387834695867,0.99305015416234832,0.96599999999999997,0.96586345381526106,0.029007597395264755,0.10694622253109667,0.015539242292737395
TFIDF_full__isotonic_tiebreak,tune,Dot_Net,0.5,True,0.98462100000000008,0.98410724827660478,0.94350000000000001,0.94468918257464518,0.041130324868756972,0.15152816535468133,0.015261669408250111
TFIDF_full__isotonic_tiebreak,calibration,Pooled,0.5,True,0.98805928390815034,0.98869005066895532,0.95008333333333328,0.95038515696181558,0.037242883049863014,0.13201619373677412,2.7385501274087191e-18
TFIDF_full__isotonic_tiebreak,calibration,Win32,0.5,True,0.9862021670415575,0.98663479312870994,0.94325000000000003,0.9437701263314342,0.0420572533966517,0.14579855897087368,0.010110431470028909
TFIDF_full__isotonic_tiebreak,calibration,Win64,0.5,True,0.99203983880673585,0.99323618725938512,0.95974999999999999,0.95988038873660608,0.02932245258297583,0.10574832464890743,0.0087511589904043438
TFIDF_full__isotonic_tiebreak,calibration,Dot_Net,0.5,True,0.98546299999999998,0.98575458909265246,0.94725000000000004,0.94755157842406168,0.040348943169961515,0.14450169759054129,0.010346688138474516
TFIDF_full__isotonic_tiebreak,threshold,Pooled,0.5,False,0.98864659568300595,0.98927409447370318,0.95158333333333334,0.95180263136064236,0.037047917986068331,0.13462148881480704,0.003653211916017177
TFIDF_full__isotonic_tiebreak,threshold,Win32,0.5,False,0.98514686047889244,0.98628126911261615,0.94079999999999997,0.94107693838956907,0.044500403068558354,0.15653190920579396,0.0073304186775579316
TFIDF_full__isotonic_tiebreak,threshold,Win64,0.5,False,0.99194341202997183,0.9927885805869896,0.96204999999999996,0.96210116342937035,0.029690876612638323,0.11029879449387221,0.0073323627116188977
TFIDF_full__isotonic_tiebreak,threshold,Dot_Net,0.5,False,0.98806861988068606,0.98811120654028839,0.95189999999999997,0.95226280269948393,0.036952474277008318,0.13703376274475487,0.0066139392847649704
TFIDF_full__isotonic_tiebreak,same_period,Pooled,0.5,False,0.98883804548927812,0.98946082470947117,0.9496,0.94992382592568059,0.03777190477922103,0.1328474015987211,0.0036367909019390052
TFIDF_full__isotonic_tiebreak,same_period,Win32,0.5,False,0.98304578828010147,0.98485707144436974,0.93569999999999998,0.93630510153541358,0.048300269772326203,0.16491780196295339,0.010543257049386204
TFIDF_full__isotonic_tiebreak,same_period,Win64,0.5,False,0.99293657053783257,0.99356779867684919,0.96020000000000005,0.96031112883925007,0.029171200986478813,0.10515338882965233,0.0082735199487216637
TFIDF_full__isotonic_tiebreak,same_period,Dot_Net,0.5,False,0.9890492795619712,0.98871103187684517,0.95289999999999997,0.95323205242776288,0.03584424357885807,0.12847101400355762,0.0056878532724570852
TFIDF_full__isotonic_tiebreak,test,Pooled,0.5,False,0.98847876587904826,0.9887822683744063,0.94876666666666665,0.94894535791396772,0.038889321427180809,0.13620267733716498,0.0070862691770601687
TFIDF_full__isotonic_tiebreak,test,Win32,0.5,False,0.9860161387691585,0.98686389118720508,0.94059999999999999,0.93936300530828909,0.045574714768072969,0.15612130361305301,0.02093048690491435
TFIDF_full__isotonic_tiebreak,test,Win64,0.5,False,0.99293965614801727,0.99366431364233021,0.96160000000000001,0.96200277063130812,0.028992126644008444,0.10416358113677247,0.0072835767423420107
TFIDF_full__isotonic_tiebreak,test,Dot_Net,0.5,False,0.98607627819426169,0.98539655544255056,0.94410000000000005,0.94521219249240418,0.042101122869461029,0.14832314726166945,0.013590562686967199
TFIDF_full__format_platt,tune,Pooled,0.5,True,0.98726371765664855,0.98862676048240095,0.94966666666666666,0.94975041597337773,0.038849591761091998,0.13918802397361738,0.0075288550099356193
TFIDF_full__format_platt,tune,Win32,0.5,True,0.98364941137880957,0.98572126128537574,0.9375,0.93709109209864117,0.046619449686102571,0.16050516320116859,0.015739616285720348
TFIDF_full__format_platt,tune,Win64,0.5,True,0.9913387834695867,0.99305015416234832,0.96550000000000002,0.96530920060331826,0.028927022929661799,0.10647569594984947,0.014825058472623134
TFIDF_full__format_platt,tune,Dot_Net,0.5,True,0.98462100000000008,0.98410724827660478,0.94599999999999995,0.94690265486725667,0.041002302667511627,0.15058321276983408,0.019833748728344099
TFIDF_full__format_platt,calibration,Pooled,0.5,True,0.98827489791807199,0.98891869236000263,0.94908333333333328,0.94920608529387318,0.037693304058441492,0.13426098590716742,0.0036926992385831812
TFIDF_full__format_platt,calibration,Win32,0.5,True,0.9862021670415575,0.98663479312870994,0.94225000000000003,0.94246575342465755,0.042578333210528743,0.14821390067161019,0.0083343864680100327
TFIDF_full__format_platt,calibration,Win64,0.5,True,0.99203983880673585,0.99323618725938512,0.95950000000000002,0.95954045954045952,0.029773369408054515,0.10712274224450638,0.0069562697902320284
TFIDF_full__format_platt,calibration,Dot_Net,0.5,True,0.98546299999999998,0.98575458909265246,0.94550000000000001,0.94563591022443894,0.040728209556741224,0.14744631480538567,0.010977449403943016
TFIDF_full__format_platt,threshold,Pooled,0.5,False,0.98873115017389035,0.98938302535369582,0.95184999999999997,0.95188929041282955,0.036922238199913589,0.13160217968785484,0.0030356839317106305
TFIDF_full__format_platt,threshold,Win32,0.5,False,0.98514686047889244,0.98628126911261615,0.9415,0.94142971565879052,0.04433277590328763,0.15310956840001186,0.0040938347484718906
TFIDF_full__format_platt,threshold,Win64,0.5,False,0.99194341202997183,0.9927885805869896,0.96230000000000004,0.9622622622622623,0.029493981124946389,0.10769737604711038,0.003725474257124137
TFIDF_full__format_platt,threshold,Dot_Net,0.5,False,0.98806861988068606,0.98811120654028839,0.95174999999999998,0.95197332404319912,0.036939957571506719,0.13399959461644223,0.0063071525639785912
TFIDF_full__format_platt,same_period,Pooled,0.5,False,0.98884598337377638,0.98953230318951668,0.95046666666666668,0.95060825633184876,0.037617217955224914,0.13209835943760256,0.0034264661362357991
TFIDF_full__format_platt,same_period,Win32,0.5,False,0.98304578828010147,0.98485707144436974,0.93659999999999999,0.93687773795300677,0.048031523068254672,0.16429298536786963,0.0092636359608424465
TFIDF_full__format_platt,same_period,Win64,0.5,False,0.99293657053783257,0.99356779867684919,0.96140000000000003,0.96141543382646943,0.028930806392006299,0.1029408309665532,0.0050478146301120973
TFIDF_full__format_platt,same_period,Dot_Net,0.5,False,0.9890492795619712,0.98871103187684517,0.95340000000000003,0.95357640964335522,0.035889324405413751,0.12906126197838486,0.0090064224592944688
TFIDF_full__format_platt,test,Pooled,0.5,False,0.98862419527655565,0.98907946473760222,0.94830000000000003,0.948287933851232,0.038722725532263476,0.13483587477914116,0.0060223945993753995
TFIDF_full__format_platt,test,Win32,0.5,False,0.9860161387691585,0.98686389118720508,0.93879999999999997,0.93716632443531822,0.045575223178398717,0.15518765678780064,0.020641822965966974
TFIDF_full__format_platt,test,Win64,0.5,False,0.99293965614801727,0.99366431364233021,0.9617,0.96199265654460653,0.02887972374850575,0.10315669481787854,0.0050867807139424329
TFIDF_full__format_platt,test,Dot_Net,0.5,False,0.98607627819426169,0.98539655544255056,0.94440000000000002,0.94536163522012584,0.041713229669885957,0.14616327273174429,0.0094644562169931817
TFIDF_prefix__temperature,tune,Pooled,0.5,True,0.97886854923271749,0.97970299409699257,0.93049999999999999,0.93074240159441957,0.052207694841917777,0.18282829324535324,0.013163020757058604
TFIDF_prefix__temperature,tune,Win32,0.5,True,0.96819335496077863,0.97004597334436149,0.90800000000000003,0.90818363273453095,0.067931656151755948,0.2278509584504364,0.015884773878854563
TFIDF_prefix__temperature,tune,Win64,0.5,True,0.9820605515137879,0.98441352009349248,0.93999999999999995,0.93957703927492442,0.045471410355712109,0.164401786280608,0.022616752032889986
TFIDF_prefix__temperature,tune,Dot_Net,0.5,True,0.98376399999999997,0.98349478803698887,0.94350000000000001,0.94436238306253073,0.043220018018285317,0.15623213500501526,0.024282039540344091
TFIDF_prefix__temperature,calibration,Pooled,0.5,True,0.97975535282196591,0.98081672695993838,0.93158333333333332,0.93189547905433434,0.05150387391848419,0.1803000853051252,0.0084761107537481197
TFIDF_prefix__temperature,calibration,Win32,0.5,True,0.97272747273572302,0.97456719862669561,0.91649999999999998,0.91670822942643393,0.061965078235967273,0.21013809721636403,0.012286691498914223
TFIDF_prefix__temperature,calibration,Win64,0.5,True,0.98125237036049984,0.9832868122500269,0.93400000000000005,0.9343610144206862,0.049036405278109936,0.17384998125019246,0.017968411226257835
TFIDF_prefix__temperature,calibration,Dot_Net,0.5,True,0.98379899999999998,0.98409877387122147,0.94425000000000003,0.94456872980362916,0.043510138241375347,0.15691217744881922,0.010033754784856651
TFIDF_prefix__temperature,threshold,Pooled,0.5,False,0.98075345595925656,0.98186795705543373,0.93221666666666669,0.93231255721061834,0.050736224688065601,0.1757849328855266,0.005240430568428575
TFIDF_prefix__temperature,threshold,Win32,0.5,False,0.96911605421619174,0.97253039616772341,0.90620000000000001,0.90601202404809622,0.067483104071449362,0.22332244882244859,0.0090526436380599928
TFIDF_prefix__temperature,threshold,Win64,0.5,False,0.9825578297024582,0.98417085244298863,0.93884999999999996,0.93888361401229325,0.047254970104810244,0.16746947906762871,0.012420398346559912
TFIDF_prefix__temperature,threshold,Dot_Net,0.5,False,0.98727182987271833,0.98673720201655468,0.9516,0.95187431639653974,0.037470599887937162,0.13656287076650264,0.0030332350453155768
TFIDF_prefix__temperature,same_period,Pooled,0.5,False,0.98133247791442524,0.98201817346443177,0.93359999999999999,0.93379420366923693,0.049929303654561476,0.1732833917821883,0.0068571853335612047
TFIDF_prefix__temperature,same_period,Win32,0.5,False,0.97036634088214357,0.97312207599312239,0.91010000000000002,0.91039569420910993,0.065769272146494431,0.21999154552867586,0.012721727073790625
TFIDF_prefix__temperature,same_period,Win64,0.5,False,0.98271767430598833,0.98394452308917602,0.93959999999999999,0.93972055888223549,0.046791501392985865,0.16636681612613943,0.01236446711805776
TFIDF_prefix__temperature,same_period,Dot_Net,0.5,False,0.98798683951947353,0.98714293053261604,0.95109999999999995,0.95127055306427499,0.037227137424204138,0.13349181369174956,0.0092094488111548693
TFIDF_prefix__temperature,test,Pooled,0.5,False,0.97930571585177528,0.97896199820319074,0.92826666666666668,0.92773673606447282,0.053931590671594816,0.18528366474239125,0.018076058662685461
TFIDF_prefix__temperature,test,Win32,0.5,False,0.97472041237654439,0.97641659439512107,0.91539999999999999,0.91267547481420319,0.062572957209074978,0.20835190961576044,0.02400433686422334
TFIDF_prefix__temperature,test,Win64,0.5,False,0.97637015206663658,0.97450673494375439,0.92490000000000006,0.92422560791040254,0.05748363852122651,0.20193791994321203,0.032677743642377625
TFIDF_prefix__temperature,test,Dot_Net,0.5,False,0.98614820192278774,0.98505162230873711,0.94450000000000001,0.94548669089480408,0.041738176284482953,0.1455611646682014,0.0085168021170761478
TFIDF_prefix__isotonic,tune,Pooled,0.5,True,0.97867471329336764,0.97737796250808928,0.9291666666666667,0.92867930860882697,0.05221647497855772,0.182803721322506,0.0090672709920254155
TFIDF_prefix__isotonic,tune,Win32,0.5,True,0.96788384381837744,0.96652552735746344,0.90400000000000003,0.9026369168356998,0.068686154590040779,0.23015215252211135,0.019542787044011922
TFIDF_prefix__isotonic,tune,Win64,0.5,True,0.9818840471011776,0.98293377610940136,0.9405,0.93950177935943058,0.044807737724429642,0.1610712405270176,0.017755992456609849
TFIDF_prefix__isotonic,tune,Dot_Net,0.5,True,0.98360200000000009,0.9810066900805513,0.94299999999999995,0.94356435643564351,0.043155532621202704,0.15718777091838904,0.020152123091180529
TFIDF_prefix__isotonic,calibration,Pooled,0.5,True,0.98032480492237728,0.97973825862036701,0.93225000000000002,0.93200635610939198,0.050734015766883959,0.1756414430294716,1.9114339740629778e-17
TFIDF_prefix__isotonic,calibration,Win32,0.5,True,0.97346025369571876,0.97343333842354651,0.91549999999999998,0.91477559253656071,0.061129788946330282,0.20554421908125414,0.0085050360706101259
TFIDF_prefix__isotonic,calibration,Win64,0.5,True,0.98179275630331508,0.98217678578408052,0.93600000000000005,0.93571069814163732,0.047891833699602995,0.16729423924532269,0.011218245922193325
TFIDF_prefix__isotonic,calibration,Dot_Net,0.5,True,0.98429875000000011,0.98274187407211,0.94525000000000003,0.94537291095036169,0.043180424654718587,0.15408587076183786,0.0099892988465983858
TFIDF_prefix__isotonic,threshold,Pooled,0.5,False,0.98052649396325797,0.97969313426285531,0.93245,0.9319840910235111,0.050877849210747061,0.17675352449844517,0.0050778479864899495
TFIDF_prefix__isotonic,threshold,Win32,0.5,False,0.96880650193006157,0.96993369593092238,0.90715000000000001,0.90583641803154002,0.06784449890908914,0.22577254376906639,0.011026949842992999
TFIDF_prefix__isotonic,threshold,Win64,0.5,False,0.98241580656516703,0.98229624864683696,0.93840000000000001,0.93793450881612095,0.047131911911168785,0.16621635496732826,0.011179406896034499
TFIDF_prefix__isotonic,threshold,Dot_Net,0.5,False,0.98703504487035054,0.98452820365018345,0.95179999999999998,0.95184334099310619,0.037657136811983238,0.13827167475894092,0.0075810239982560135
TFIDF_prefix__isotonic,same_period,Pooled,0.5,False,0.98104501182738113,0.97969048985223184,0.93400000000000005,0.9336016096579477,0.050133272694904675,0.17429121940945075,0.0084275680969159474
TFIDF_prefix__isotonic,same_period,Win32,0.5,False,0.97007836981253559,0.97047066891332467,0.91169999999999995,0.91079907061319321,0.066075534334475633,0.22127245600516476,0.012848988823069483
TFIDF_prefix__isotonic,same_period,Win64,0.5,False,0.98244862861298143,0.98172018862182997,0.9395,0.93914093149582534,0.046700479192164773,0.16580163615372628,0.010104265669341923
TFIDF_prefix__isotonic,same_period,Dot_Net,0.5,False,0.98763469950538807,0.98478811100726227,0.95079999999999998,0.95070140280561122,0.037623804558073619,0.13579956606946117,0.011042691673275673
TFIDF_prefix__isotonic,test,Pooled,0.5,False,0.97913222148282553,0.97662983421934002,0.92566666666666664,0.92435549525101768,0.054575168943077478,0.18723004474266852,0.019136523654563864
TFIDF_prefix__isotonic,test,Win32,0.5,False,0.9744688491162844,0.9739785635534467,0.91349999999999998,0.90983008443656832,0.06343640379953025,0.21108259727348008,0.025392951555757489
TFIDF_prefix__isotonic,test,Win64,0.5,False,0.97624534103833416,0.97238961645388355,0.91979999999999995,0.917962356792144,0.058202998727110489,0.20280456627417998,0.035453921810991593
TFIDF_prefix__isotonic,test,Dot_Net,0.5,False,0.98600023425214356,0.98294619912684755,0.94369999999999998,0.94431806942933438,0.042086104302591687,0.14780297068034559,0.013407020952518089
TFIDF_prefix__isotonic_tiebreak,tune,Pooled,0.5,True,0.97886854923271749,0.97970299409699257,0.9291666666666667,0.92867930860882697,0.05221647497855772,0.182803721322506,0.0090672709920254155
TFIDF_prefix__isotonic_tiebreak,tune,Win32,0.5,True,0.96819335496077863,0.97004597334436149,0.90400000000000003,0.9026369168356998,0.068686154590040779,0.23015215252211135,0.019542787044011922
TFIDF_prefix__isotonic_tiebreak,tune,Win64,0.5,True,0.9820605515137879,0.98441352009349248,0.9405,0.93950177935943058,0.044807737724429642,0.1610712405270176,0.017755992456609849
TFIDF_prefix__isotonic_tiebreak,tune,Dot_Net,0.5,True,0.98376399999999997,0.98349478803698887,0.94299999999999995,0.94356435643564351,0.043155532621202704,0.15718777091838904,0.020152123091180529
TFIDF_prefix__isotonic_tiebreak,calibration,Pooled,0.5,True,0.97975535282196591,0.98081672695993838,0.93225000000000002,0.93200635610939198,0.050734015766883959,0.1756414430294716,1.9114339740629778e-17
TFIDF_prefix__isotonic_tiebreak,calibration,Win32,0.5,True,0.97272747273572302,0.97456719862669561,0.91549999999999998,0.91477559253656071,0.061129788946330282,0.20554421908125414,0.0085050360706101259
TFIDF_prefix__isotonic_tiebreak,calibration,Win64,0.5,True,0.98125237036049984,0.9832868122500269,0.93600000000000005,0.93571069814163732,0.047891833699602995,0.16729423924532269,0.011218245922193325
TFIDF_prefix__isotonic_tiebreak,calibration,Dot_Net,0.5,True,0.98379899999999998,0.98409877387122147,0.94525000000000003,0.94537291095036169,0.043180424654718587,0.15408587076183786,0.0099892988465983858
TFIDF_prefix__isotonic_tiebreak,threshold,Pooled,0.5,False,0.98075345595925656,0.98186795705543373,0.93245,0.9319840910235111,0.050877849210747061,0.17675352449844517,0.0050778479864899495
TFIDF_prefix__isotonic_tiebreak,threshold,Win32,0.5,False,0.96911605421619174,0.97253039616772341,0.90715000000000001,0.90583641803154002,0.06784449890908914,0.22577254376906639,0.011026949842992999
TFIDF_prefix__isotonic_tiebreak,threshold,Win64,0.5,False,0.9825578297024582,0.98417085244298863,0.93840000000000001,0.93793450881612095,0.047131911911168785,0.16621635496732826,0.011179406896034499
TFIDF_prefix__isotonic_tiebreak,threshold,Dot_Net,0.5,False,0.98727182987271833,0.98673720201655468,0.95179999999999998,0.95184334099310619,0.037657136811983238,0.13827167475894092,0.0075810239982560135
TFIDF_prefix__isotonic_tiebreak,same_period,Pooled,0.5,False,0.98133247791442524,0.98201817346443177,0.93400000000000005,0.9336016096579477,0.050133272694904675,0.17429121940945075,0.0084275680969159474
TFIDF_prefix__isotonic_tiebreak,same_period,Win32,0.5,False,0.97036634088214357,0.97312207599312239,0.91169999999999995,0.91079907061319321,0.066075534334475633,0.22127245600516476,0.012848988823069483
TFIDF_prefix__isotonic_tiebreak,same_period,Win64,0.5,False,0.98271767430598833,0.98394452308917602,0.9395,0.93914093149582534,0.046700479192164773,0.16580163615372628,0.010104265669341923
TFIDF_prefix__isotonic_tiebreak,same_period,Dot_Net,0.5,False,0.98798683951947353,0.98714293053261604,0.95079999999999998,0.95070140280561122,0.037623804558073619,0.13579956606946117,0.011042691673275673
TFIDF_prefix__isotonic_tiebreak,test,Pooled,0.5,False,0.97930571585177528,0.97896199820319074,0.92566666666666664,0.92435549525101768,0.054575168943077478,0.18723004474266852,0.019136523654563864
TFIDF_prefix__isotonic_tiebreak,test,Win32,0.5,False,0.97472041237654439,0.97641659439512107,0.91349999999999998,0.90983008443656832,0.06343640379953025,0.21108259727348008,0.025392951555757489
TFIDF_prefix__isotonic_tiebreak,test,Win64,0.5,False,0.97637015206663658,0.97450673494375439,0.91979999999999995,0.917962356792144,0.058202998727110489,0.20280456627417998,0.035453921810991593
TFIDF_prefix__isotonic_tiebreak,test,Dot_Net,0.5,False,0.98614820192278774,0.98505162230873711,0.94369999999999998,0.94431806942933438,0.042086104302591687,0.14780297068034559,0.013407020952518089
TFIDF_prefix__format_platt,tune,Pooled,0.5,True,0.97884632671172578,0.97975438040948637,0.93083333333333329,0.93109745973767222,0.052190128374078673,0.18279949037743098,0.013588983079643978
TFIDF_prefix__format_platt,tune,Win32,0.5,True,0.96819335496077863,0.97004597334436149,0.90700000000000003,0.90746268656716422,0.067955264159695508,0.2280732824565096,0.013913160906956972
TFIDF_prefix__format_platt,tune,Win64,0.5,True,0.9820605515137879,0.98441352009349248,0.94199999999999995,0.94147325933400605,0.045246611620136448,0.16395101843856746,0.022745076632214291
TFIDF_prefix__format_platt,tune,Dot_Net,0.5,True,0.98376399999999997,0.98349478803698887,0.94350000000000001,0.94436238306253073,0.043368509342404056,0.15637417023721581,0.024483788504056577
TFIDF_prefix__format_platt,calibration,Pooled,0.5,True,0.9798311316185474,0.98091442149981023,0.93149999999999999,0.93180686908909904,0.051432365486731718,0.18001239942297964,0.0092740745225685216
TFIDF_prefix__format_platt,calibration,Win32,0.5,True,0.97272747273572302,0.97456719862669561,0.91600000000000004,0.91633466135458164,0.061967772403793517,0.21010045701538191,0.011344508600320814
TFIDF_prefix__format_platt,calibration,Win64,0.5,True,0.98125237036049984,0.9832868122500269,0.93425000000000002,0.93446299526538745,0.048838730042291306,0.17347921750756726,0.018517804150753138
TFIDF_prefix__format_platt,calibration,Dot_Net,0.5,True,0.98379899999999998,0.98409877387122147,0.94425000000000003,0.94459627329192541,0.043490594014110331,0.15645752374598965,0.0089074989142411166
TFIDF_prefix__format_platt,threshold,Pooled,0.5,False,0.98075402152255464,0.98193191657912171,0.93231666666666668,0.93242816020233277,0.050723824269059505,0.17578226584832302,0.0057020968763099944
TFIDF_prefix__format_platt,threshold,Win32,0.5,False,0.96911605421619174,0.97253039616772341,0.90634999999999999,0.90630783852733732,0.067533131057858145,0.22344361014055922,0.010400398032754504
TFIDF_prefix__format_platt,threshold,Win64,0.5,False,0.9825578297024582,0.98417085244298863,0.93910000000000005,0.93905734013809672,0.047080759721537149,0.1667411069804331,0.0098923501147868999
TFIDF_prefix__format_platt,threshold,Dot_Net,0.5,False,0.98727182987271833,0.98673720201655468,0.95150000000000001,0.95179405625683333,0.037557582027783212,0.13716208042397665,0.0075725950518420911
TFIDF_prefix__format_platt,same_period,Pooled,0.5,False,0.98128886399472703,0.98201669369642541,0.93336666666666668,0.93356376084283288,0.049923471510646328,0.17343515567048984,0.0060395931994913282
TFIDF_prefix__format_platt,same_period,Win32,0.5,False,0.97036634088214357,0.97312207599312239,0.90959999999999996,0.91004975124378107,0.06583785678124085,0.22019449984409811,0.013714656855723944
TFIDF_prefix__format_platt,same_period,Win64,0.5,False,0.98271767430598833,0.98394452308917602,0.93920000000000003,0.93920000000000003,0.046611623162297049,0.16567650073365231,0.010008476419701946
TFIDF_prefix__format_platt,same_period,Dot_Net,0.5,False,0.98798683951947353,0.98714293053261604,0.95130000000000003,0.95148919215061256,0.037320934588401092,0.13443446643371909,0.01037777617345783
TFIDF_prefix__format_platt,test,Pooled,0.5,False,0.97933455639333677,0.97906872904207287,0.92856666666666665,0.92805103239885844,0.053912841975706345,0.18524118336820544,0.018222623603577841
TFIDF_prefix__format_platt,test,Win32,0.5,False,0.97472041237654439,0.97641659439512107,0.91639999999999999,0.91392092257001645,0.062403683067083555,0.20786820578830997,0.022861558373693514
TFIDF_prefix__format_platt,test,Win64,0.5,False,0.97637015206663658,0.97450673494375439,0.92469999999999997,0.92385478814844779,0.057659092555504193,0.20234500136640973,0.03448432886460729
TFIDF_prefix__format_platt,test,Dot_Net,0.5,False,0.98614820192278774,0.98505162230873711,0.9446,0.94560094265514527,0.041675750304531287,0.1455103429498967,0.0087437920156354272
TFIDF_bpe_prefix__temperature,tune,Pooled,0.5,True,0.97297819226236271,0.9732112864855208,0.92133333333333334,0.92195767195767198,0.059751756715686041,0.20823324188874692,0.012820624399930546
TFIDF_bpe_prefix__temperature,tune,Win32,0.5,True,0.96658779716069776,0.96893176969639994,0.90549999999999997,0.9062964799206743,0.069295900191585616,0.2341244113269742,0.020979348073179575
TFIDF_bpe_prefix__temperature,tune,Win64,0.5,True,0.97937748443711103,0.98227719704023175,0.9355,0.93514328808446456,0.050880693342285538,0.18037006112881823,0.021687357530428733
TFIDF_bpe_prefix__temperature,tune,Dot_Net,0.5,True,0.97117700000000007,0.9664666490403091,0.92300000000000004,0.92458374142997057,0.059078676613186977,0.21020525321044842,0.023150074800575807
TFIDF_bpe_prefix__temperature,calibration,Pooled,0.5,True,0.9748666343180834,0.97575063719211941,0.92149999999999999,0.92196819085487081,0.058924543126930282,0.20178362322805016,0.010025105214392876
TFIDF_bpe_prefix__temperature,calibration,Win32,0.5,True,0.96941845792984771,0.97163552044491086,0.90549999999999997,0.90592334494773519,0.067383828172639423,0.22364444647530821,0.010397126884532461
TFIDF_bpe_prefix__temperature,calibration,Win64,0.5,True,0.97884882168863929,0.98028651737459649,0.93025000000000002,0.93082072898586665,0.054052105729623851,0.18586619584029695,0.017759241112203908
TFIDF_bpe_prefix__temperature,calibration,Dot_Net,0.5,True,0.97560150000000001,0.97486715074674291,0.92874999999999996,0.9291221089281273,0.055337695478527564,0.19584022736854534,0.014295196426515534
TFIDF_bpe_prefix__temperature,threshold,Pooled,0.5,False,0.97526644139758267,0.9761199500531349,0.92213333333333336,0.92225513362398903,0.058529991754363797,0.20030438066055692,0.006222883564636174
TFIDF_bpe_prefix__temperature,threshold,Win32,0.5,False,0.96634275414391191,0.96965538659227268,0.90090000000000003,0.90091981603679261,0.071108662430931668,0.23346665802937505,0.0105867749929737
TFIDF_bpe_prefix__temperature,threshold,Win64,0.5,False,0.97915438952046441,0.98067828634157284,0.93184999999999996,0.93188746189595717,0.053026101009576873,0.18438502256808201,0.01432187204013027
TFIDF_bpe_prefix__temperature,threshold,Dot_Net,0.5,False,0.97825158978251581,0.97661043327813468,0.93364999999999998,0.93391105134717867,0.051455211822582864,0.1830614613842137,0.0077156190936719608
TFIDF_bpe_prefix__temperature,same_period,Pooled,0.5,False,0.976051033575007,0.97652700216071231,0.92263333333333331,0.92288267933681101,0.057927347447492547,0.19735455830689883,0.005198958760691574
TFIDF_bpe_prefix__temperature,same_period,Win32,0.5,False,0.96674388163481006,0.96934343373523224,0.90190000000000003,0.90218366736464251,0.07051236639110009,0.23294919000675812,0.0090352654551257971
TFIDF_bpe_prefix__temperature,same_period,Win64,0.5,False,0.9806823912393986,0.98123418587112843,0.9335,0.93387690166053494,0.051271422276213174,0.17796249102915562,0.017511255211532406
TFIDF_bpe_prefix__temperature,same_period,Dot_Net,0.5,False,0.97918575916743045,0.97779085479554761,0.9325,0.93257416841474383,0.051998253675164405,0.18115199388478279,0.0070021203873149238
TFIDF_bpe_prefix__temperature,test,Pooled,0.5,False,0.97651728349121236,0.97622653306395635,0.92313333333333336,0.92258627635289381,0.057972662523773574,0.19735700737985001,0.016797236874076985
TFIDF_bpe_prefix__temperature,test,Win32,0.5,False,0.97362241814653927,0.97539568913583552,0.91279999999999994,0.91015866474345763,0.064088415323152306,0.21313086901470601,0.025327720987538192
TFIDF_bpe_prefix__temperature,test,Win64,0.5,False,0.97697404542665389,0.97540664842421154,0.92710000000000004,0.92657870883271221,0.057201344999986602,0.1996295377905922,0.029217138058167426
TFIDF_bpe_prefix__temperature,test,Dot_Net,0.5,False,0.97983167447400488,0.97873429380883947,0.92949999999999999,0.93056239535112772,0.052628227248181801,0.17931061533425185,0.01033135370258801
TFIDF_bpe_prefix__isotonic,tune,Pooled,0.5,True,0.97270963309617831,0.97039671150824536,0.92066666666666663,0.9204013377926421,0.060068641755369065,0.21447478520468954,0.0097194485267999651
TFIDF_bpe_prefix__isotonic,tune,Win32,0.5,True,0.96650879431659542,0.96610469671748789,0.90400000000000003,0.90332326283987918,0.069757851010816524,0.23493653535578529,0.021185447368404733
TFIDF_bpe_prefix__isotonic,tune,Win64,0.5,True,0.97889547238680974,0.98007252021929381,0.93500000000000005,0.93421052631578949,0.050364556876618095,0.19447906951774815,0.014991834718838262
TFIDF_bpe_prefix__isotonic,tune,Dot_Net,0.5,True,0.97104200000000007,0.96349757989441376,0.92300000000000004,0.92368681863230917,0.060083517378672582,0.2140087507405353,0.027081264154497416
TFIDF_bpe_prefix__isotonic,calibration,Pooled,0.5,True,0.97547297580334136,0.97460219673531334,0.92316666666666669,0.92256005375440953,0.058039615013497609,0.19769695617370198,1.917447682113031e-17
TFIDF_bpe_prefix__isotonic,calibration,Win32,0.5,True,0.97010748704132754,0.97039253054892627,0.90625,0.90470139771283353,0.066660629546408057,0.22005348284372542,0.0072171340977914659
TFIDF_bpe_prefix__isotonic,calibration,Win64,0.5,True,0.97926108003687085,0.97920491382093122,0.93174999999999997,0.93152746425884125,0.052758889485528641,0.18148465376453815,0.011932584266917965
TFIDF_bpe_prefix__isotonic,calibration,Dot_Net,0.5,True,0.97635425000000009,0.97353348405184048,0.93149999999999999,0.93122489959839361,0.054699326008556128,0.19155273191284244,0.011620403060253725
TFIDF_bpe_prefix__isotonic,threshold,Pooled,0.5,False,0.97504181221129815,0.97386190987322996,0.92181666666666662,0.92090309744212318,0.058711580887218735,0.20624879618981723,0.0054880098086491349
TFIDF_bpe_prefix__isotonic,threshold,Win32,0.5,False,0.96605413768872495,0.96721291669952769,0.90290000000000004,0.90105971061748524,0.071118258059971684,0.23805616833173998,0.0079539783700808536
TFIDF_bpe_prefix__isotonic,threshold,Win64,0.5,False,0.97902575167885464,0.97883669640585069,0.93115000000000003,0.93041588761433125,0.05302020534302733,0.18848101686658064,0.010983640736109416
TFIDF_bpe_prefix__isotonic,threshold,Dot_Net,0.5,False,0.97800074978000762,0.97397711879373206,0.93140000000000001,0.93102061337355457,0.051996279258657192,0.19220920337113104,0.01360685563275587
TFIDF_bpe_prefix__isotonic,same_period,Pooled,0.5,False,0.97584917308332697,0.97446212520690645,0.92256666666666665,0.92182399461551401,0.058122660009652383,0.20021273013481289,0.0075320892508313718
TFIDF_bpe_prefix__isotonic,same_period,Win32,0.5,False,0.96648461166847266,0.96732445755701923,0.90269999999999995,0.90124835075611487,0.070636100701539459,0.23643726619924163,0.0075774552450184329
TFIDF_bpe_prefix__isotonic,same_period,Win64,0.5,False,0.98048996716770531,0.97940064527723714,0.93430000000000002,0.93383019438009873,0.051270245625082089,0.18133191417483469,0.015116037424930446
TFIDF_bpe_prefix__isotonic,same_period,Dot_Net,0.5,False,0.97903415916136638,0.97543282336068637,0.93069999999999997,0.93023255813953487,0.052461633702335572,0.18286901003036238,0.012497604126809619
TFIDF_bpe_prefix__isotonic,test,Pooled,0.5,False,0.97632452209380371,0.97417293658305015,0.91893333333333338,0.91721132897603486,0.058747344644482453,0.20282875544449439,0.017999512692312519
TFIDF_bpe_prefix__isotonic,test,Win32,0.5,False,0.97339049514081699,0.97338916905100192,0.90820000000000001,0.90369282417121277,0.065050994070583915,0.22042050816592759,0.026506963863671022
TFIDF_bpe_prefix__isotonic,test,Win64,0.5,False,0.97675230583374351,0.9734363988821545,0.92100000000000004,0.91917331696337223,0.057858352706258595,0.20356450563138123,0.031006495479367589
TFIDF_bpe_prefix__isotonic,test,Dot_Net,0.5,False,0.97968876706568475,0.97679340748735521,0.92759999999999998,0.92810327706057594,0.053332687156604823,0.18450125253617419,0.017368531379613375
TFIDF_bpe_prefix__isotonic_tiebreak,tune,Pooled,0.5,True,0.97297819226236271,0.9732112864855208,0.92066666666666663,0.9204013377926421,0.060068641755369065,0.21447478520468954,0.0097194485267999651
TFIDF_bpe_prefix__isotonic_tiebreak,tune,Win32,0.5,True,0.96658779716069776,0.96893176969639994,0.90400000000000003,0.90332326283987918,0.069757851010816524,0.23493653535578529,0.021185447368404733
TFIDF_bpe_prefix__isotonic_tiebreak,tune,Win64,0.5,True,0.97937748443711103,0.98227719704023175,0.93500000000000005,0.93421052631578949,0.050364556876618095,0.19447906951774815,0.014991834718838262
TFIDF_bpe_prefix__isotonic_tiebreak,tune,Dot_Net,0.5,True,0.97117700000000007,0.9664666490403091,0.92300000000000004,0.92368681863230917,0.060083517378672582,0.2140087507405353,0.027081264154497416
TFIDF_bpe_prefix__isotonic_tiebreak,calibration,Pooled,0.5,True,0.9748666343180834,0.97575063719211941,0.92316666666666669,0.92256005375440953,0.058039615013497609,0.19769695617370198,1.917447682113031e-17
TFIDF_bpe_prefix__isotonic_tiebreak,calibration,Win32,0.5,True,0.96941845792984771,0.97163552044491086,0.90625,0.90470139771283353,0.066660629546408057,0.22005348284372542,0.0072171340977914659
TFIDF_bpe_prefix__isotonic_tiebreak,calibration,Win64,0.5,True,0.97884882168863929,0.98028651737459649,0.93174999999999997,0.93152746425884125,0.052758889485528641,0.18148465376453815,0.011932584266917965
TFIDF_bpe_prefix__isotonic_tiebreak,calibration,Dot_Net,0.5,True,0.97560150000000001,0.97486715074674291,0.93149999999999999,0.93122489959839361,0.054699326008556128,0.19155273191284244,0.011620403060253725
TFIDF_bpe_prefix__isotonic_tiebreak,threshold,Pooled,0.5,False,0.97526644139758267,0.9761199500531349,0.92181666666666662,0.92090309744212318,0.058711580887218735,0.20624879618981723,0.0054880098086491349
TFIDF_bpe_prefix__isotonic_tiebreak,threshold,Win32,0.5,False,0.96634275414391191,0.96965538659227268,0.90290000000000004,0.90105971061748524,0.071118258059971684,0.23805616833173998,0.0079539783700808536
TFIDF_bpe_prefix__isotonic_tiebreak,threshold,Win64,0.5,False,0.97915438952046441,0.98067828634157284,0.93115000000000003,0.93041588761433125,0.05302020534302733,0.18848101686658064,0.010983640736109416
TFIDF_bpe_prefix__isotonic_tiebreak,threshold,Dot_Net,0.5,False,0.97825158978251581,0.97661043327813468,0.93140000000000001,0.93102061337355457,0.051996279258657192,0.19220920337113104,0.01360685563275587
TFIDF_bpe_prefix__isotonic_tiebreak,same_period,Pooled,0.5,False,0.976051033575007,0.97652700216071231,0.92256666666666665,0.92182399461551401,0.058122660009652383,0.20021273013481289,0.0075320892508313718
TFIDF_bpe_prefix__isotonic_tiebreak,same_period,Win32,0.5,False,0.96674388163481006,0.96934343373523224,0.90269999999999995,0.90124835075611487,0.070636100701539459,0.23643726619924163,0.0075774552450184329
TFIDF_bpe_prefix__isotonic_tiebreak,same_period,Win64,0.5,False,0.9806823912393986,0.98123418587112843,0.93430000000000002,0.93383019438009873,0.051270245625082089,0.18133191417483469,0.015116037424930446
TFIDF_bpe_prefix__isotonic_tiebreak,same_period,Dot_Net,0.5,False,0.97918575916743045,0.97779085479554761,0.93069999999999997,0.93023255813953487,0.052461633702335572,0.18286901003036238,0.012497604126809619
TFIDF_bpe_prefix__isotonic_tiebreak,test,Pooled,0.5,False,0.97651728349121236,0.97622653306395635,0.91893333333333338,0.91721132897603486,0.058747344644482453,0.20282875544449439,0.017999512692312519
TFIDF_bpe_prefix__isotonic_tiebreak,test,Win32,0.5,False,0.97362241814653927,0.97539568913583552,0.90820000000000001,0.90369282417121277,0.065050994070583915,0.22042050816592759,0.026506963863671022
TFIDF_bpe_prefix__isotonic_tiebreak,test,Win64,0.5,False,0.97697404542665389,0.97540664842421154,0.92100000000000004,0.91917331696337223,0.057858352706258595,0.20356450563138123,0.031006495479367589
TFIDF_bpe_prefix__isotonic_tiebreak,test,Dot_Net,0.5,False,0.97983167447400488,0.97873429380883947,0.92759999999999998,0.92810327706057594,0.053332687156604823,0.18450125253617419,0.017368531379613375
TFIDF_bpe_prefix__format_platt,tune,Pooled,0.5,True,0.97303574859173114,0.97370835924294541,0.92133333333333334,0.92195767195767198,0.059624584889156222,0.20788323966588745,0.011739516341818969
TFIDF_bpe_prefix__format_platt,tune,Win32,0.5,True,0.96658779716069776,0.96893176969639994,0.90549999999999997,0.90638930163447251,0.069283152646035059,0.23428807541202853,0.017480137235988815
TFIDF_bpe_prefix__format_platt,tune,Win64,0.5,True,0.97937748443711103,0.98227719704023175,0.93500000000000005,0.93454179254783487,0.050524808946331448,0.1798525685198136,0.022280360312118552
TFIDF_bpe_prefix__format_platt,tune,Dot_Net,0.5,True,0.97117700000000007,0.9664666490403091,0.92349999999999999,0.92511013215859028,0.059065793075102152,0.20950907506582031,0.025012894734587472
TFIDF_bpe_prefix__format_platt,calibration,Pooled,0.5,True,0.97501591410284516,0.97598692643285778,0.92125000000000001,0.92175209075101427,0.058825642486042704,0.20125236732768131,0.0088728132782975901
TFIDF_bpe_prefix__format_platt,calibration,Win32,0.5,True,0.96941845792984771,0.97163552044491086,0.90575000000000006,0.90628883917474523,0.067371511206483603,0.22362238869574619,0.010385506037034978
TFIDF_bpe_prefix__format_platt,calibration,Win64,0.5,True,0.97884882168863929,0.98028651737459649,0.92974999999999997,0.93018633540372675,0.053759692384867504,0.18513118088208697,0.015942768290217232
TFIDF_bpe_prefix__format_platt,calibration,Dot_Net,0.5,True,0.97560150000000001,0.97486715074674291,0.92825000000000002,0.92876644328617519,0.055345723866776976,0.19500353240521084,0.0093364160365561749
TFIDF_bpe_prefix__format_platt,threshold,Pooled,0.5,False,0.97529998519013072,0.97632484336838066,0.92220000000000002,0.92233203553958276,0.058490214337720212,0.20014707556311001,0.0061149970964475275
TFIDF_bpe_prefix__format_platt,threshold,Win32,0.5,False,0.96634275414391191,0.96965538659227268,0.90100000000000002,0.9010890198821061,0.071131149007780961,0.23354650934333696,0.010684247726584646
TFIDF_bpe_prefix__format_platt,threshold,Win64,0.5,False,0.97915438952046441,0.98067828634157284,0.93179999999999996,0.93164962918420524,0.052798122507019048,0.18355091714895064,0.011559570936083135
TFIDF_bpe_prefix__format_platt,threshold,Dot_Net,0.5,False,0.97825158978251581,0.97661043327813468,0.93379999999999996,0.93422098569157397,0.051541371498360626,0.18334380019704247,0.010088804175493654
TFIDF_bpe_prefix__format_platt,same_period,Pooled,0.5,False,0.97611534999526106,0.97668566771516208,0.92249999999999999,0.92276004119464472,0.057851801729187337,0.19709854832676266,0.005011047610623506
TFIDF_bpe_prefix__format_platt,same_period,Win32,0.5,False,0.96674388163481006,0.96934343373523224,0.90180000000000005,0.90213274865457449,0.070535027999908365,0.23307444182106807,0.0094086319696849042
TFIDF_bpe_prefix__format_platt,same_period,Win64,0.5,False,0.9806823912393986,0.98123418587112843,0.93379999999999996,0.93402431732110824,0.051008568904422333,0.17667526738524542,0.011626206865434795
TFIDF_bpe_prefix__format_platt,same_period,Dot_Net,0.5,False,0.97918575916743045,0.97779085479554761,0.93189999999999995,0.9321239908302601,0.052011808283231299,0.18154593577397454,0.010111005590650056
TFIDF_bpe_prefix__format_platt,test,Pooled,0.5,False,0.97658115580170346,0.97642385384809693,0.92266666666666663,0.92211105888672529,0.057925332926916116,0.19716473660257935,0.016797964816572118
TFIDF_bpe_prefix__format_platt,test,Win32,0.5,False,0.97362241814653927,0.97539568913583552,0.91269999999999996,0.91012045711932466,0.064005259330410014,0.2129299963338436,0.024697323886831098
TFIDF_bpe_prefix__format_platt,test,Win64,0.5,False,0.97697404542665389,0.97540664842421154,0.9264,0.92567158149868711,0.057239773970188347,0.19927436242354404,0.030178847388586137
TFIDF_bpe_prefix__format_platt,test,Dot_Net,0.5,False,0.97983167447400488,0.97873429380883947,0.92889999999999995,0.93009536918690394,0.05253096548014996,0.17928985105035025,0.0093973294094328898
CodeBERT_partial_s2026__temperature,tune,Pooled,0.5,True,0.98044629266682382,0.98206043801502352,0.9331666666666667,0.93333333333333335,0.053608591411356425,0.19077206973752223,0.031905249503000929
CodeBERT_partial_s2026__temperature,tune,Win32,0.5,True,0.96809985159465739,0.97047565936035274,0.90649999999999997,0.90579345088161212,0.07249006277902148,0.24597443463770344,0.035550037297781785
CodeBERT_partial_s2026__temperature,tune,Win64,0.5,True,0.98340258506462652,0.98647118921840748,0.94299999999999995,0.9430569430569431,0.04662207934747882,0.17018086440680416,0.034228944832844443
CodeBERT_partial_s2026__temperature,tune,Dot_Net,0.5,True,0.98669300000000004,0.98664524966908385,0.94999999999999996,0.95069033530571989,0.041713632107568961,0.15616091016805905,0.033093041827661554
CodeBERT_partial_s2026__temperature,calibration,Pooled,0.5,True,0.98230988716626078,0.98336942774684877,0.93733333333333335,0.93745841650033268,0.050840149236474189,0.18268770825318878,0.028629189461930646
CodeBERT_partial_s2026__temperature,calibration,Win32,0.5,True,0.97359213426767277,0.97559198485292586,0.91974999999999996,0.91981014239320513,0.064494485268817153,0.22368196839858995,0.030428879700053535
CodeBERT_partial_s2026__temperature,calibration,Win64,0.5,True,0.98429193191162123,0.98663682711130851,0.94399999999999995,0.94388777555110226,0.045924792783780706,0.16873237957805731,0.029213500585262404
CodeBERT_partial_s2026__temperature,calibration,Dot_Net,0.5,True,0.98682099999999995,0.98623607230296406,0.94825000000000004,0.94862248696947138,0.042101169656824713,0.15564877678291913,0.02831305663354379
CodeBERT_partial_s2026__temperature,threshold,Pooled,0.5,False,0.98262615215202287,0.98378038447927996,0.93740000000000001,0.9374833555259654,0.050359115643905134,0.1804816635302974,0.028645335019828105
CodeBERT_partial_s2026__temperature,threshold,Win32,0.5,False,0.9718445725110828,0.97480551417288874,0.91420000000000001,0.91431139518625781,0.06796885834489455,0.23205861448650422,0.033829131349818402
CodeBERT_partial_s2026__temperature,threshold,Win64,0.5,False,0.98485897553476964,0.98625515840367661,0.94515000000000005,0.94507035201041512,0.045077547350309798,0.1661401945027868,0.02485485229822219
CodeBERT_partial_s2026__temperature,threshold,Dot_Net,0.5,False,0.98828191488281913,0.98858001835409148,0.95284999999999997,0.95304486381516706,0.038030941236511066,0.14324618160160127,0.027649867907226199
CodeBERT_partial_s2026__temperature,same_period,Pooled,0.5,False,0.98357705475818069,0.984241554500909,0.93936666666666668,0.93940100609654531,0.048930027063663027,0.17594147928799025,0.029114532423400698
CodeBERT_partial_s2026__temperature,same_period,Win32,0.5,False,0.97035874058998828,0.97358125386617522,0.91239999999999999,0.91225961538461542,0.069255229481413549,0.23619231717324951,0.033277735198021401
CodeBERT_partial_s2026__temperature,same_period,Win64,0.5,False,0.98683396140662327,0.98723437546959758,0.94910000000000005,0.94916608409068215,0.042211072782379497,0.15714856151976014,0.026271378091140531
CodeBERT_partial_s2026__temperature,same_period,Dot_Net,0.5,False,0.99005747960229917,0.99001094751813856,0.95660000000000001,0.95668662674650695,0.035323778927196021,0.13448355917096111,0.028539417791220718
CodeBERT_partial_s2026__temperature,test,Pooled,0.5,False,0.98395792320989139,0.98409983511102295,0.93886666666666663,0.93858826680953655,0.049418255332482168,0.17709418658009141,0.029923637360083286
CodeBERT_partial_s2026__temperature,test,Win32,0.5,False,0.97605440966514945,0.9771975812920346,0.91910000000000003,0.91669241066831431,0.064232756605972621,0.22028751982614872,0.035730952509647675
CodeBERT_partial_s2026__temperature,test,Win64,0.5,False,0.98590111422245275,0.98593115520856511,0.94610000000000005,0.94623441396508723,0.044375721944256021,0.16307897738120877,0.028943858603952134
CodeBERT_partial_s2026__temperature,test,Dot_Net,0.5,False,0.98792225388964161,0.98678015529340624,0.95140000000000002,0.95201421800947872,0.039646287447217841,0.14791606253291673,0.028743377517723663
CodeBERT_partial_s2026__isotonic,tune,Pooled,0.5,True,0.98025290117789365,0.98024199596534278,0.93283333333333329,0.93286689988339166,0.05080760884970173,0.18119113099451026,0.0081465705488263165
CodeBERT_partial_s2026__isotonic,tune,Win32,0.5,True,0.96770733746414883,0.96766923270760596,0.90649999999999997,0.90541224076884164,0.068594534084808464,0.24555981368531674,0.016647179630368419
CodeBERT_partial_s2026__isotonic,tune,Win64,0.5,True,0.98328658216455411,0.98520483007090864,0.94299999999999995,0.94299999999999995,0.043101790854230146,0.15406491136749537,0.015479782796362498
CodeBERT_partial_s2026__isotonic,tune,Dot_Net,0.5,True,0.98664649999999998,0.98521035103223864,0.94899999999999995,0.94965449160908189,0.040726501610066607,0.14394866793071864,0.0088848566315697739
CodeBERT_partial_s2026__isotonic,calibration,Pooled,0.5,True,0.98280650495412214,0.98243028866581339,0.93766666666666665,0.93769781775778782,0.047705431510686611,0.16464371780489695,9.9240638854839837e-18
CodeBERT_partial_s2026__isotonic,calibration,Win32,0.5,True,0.9742286611609341,0.97428689907433275,0.92025000000000001,0.9200701578551741,0.061019527422812705,0.20339931672970865,0.0090600572779572543
CodeBERT_partial_s2026__isotonic,calibration,Win64,0.5,True,0.98473069079648856,0.98573015659999164,0.94474999999999998,0.94459764351967912,0.042750345075306513,0.15090020915132626,0.0071062297927691398
CodeBERT_partial_s2026__isotonic,calibration,Dot_Net,0.5,True,0.98723812499999997,0.98541693977771816,0.94799999999999995,0.9483358171882762,0.039346422033940641,0.13963162753365585,0.009321787814378325
CodeBERT_partial_s2026__isotonic,threshold,Pooled,0.5,False,0.98257959651467619,0.9822402897939575,0.93776666666666664,0.93774383940778283,0.048247584632297419,0.16949513791093934,0.0053299233876746774
CodeBERT_partial_s2026__isotonic,threshold,Win32,0.5,False,0.97172234765997856,0.97254775251115344,0.91459999999999997,0.9144031271925428,0.064642567194430609,0.21537092631830695,0.011987976939699684
CodeBERT_partial_s2026__isotonic,threshold,Win64,0.5,False,0.98488473110371,0.98502925102808137,0.94564999999999999,0.9455274367326485,0.042960306743203683,0.15492434118499387,0.0066335937984573212
CodeBERT_partial_s2026__isotonic,threshold,Dot_Net,0.5,False,0.98824627488246275,0.9873315251774305,0.95304999999999995,0.95321142059893371,0.037139879959257931,0.13819014622951722,0.012911463654591953
CodeBERT_partial_s2026__isotonic,same_period,Pooled,0.5,False,0.98351654061126825,0.98270899747619034,0.93923333333333336,0.93915829523078465,0.046889859536050016,0.16591255230257024,0.0046600676411594766
CodeBERT_partial_s2026__isotonic,same_period,Win32,0.5,False,0.97038050142647492,0.97136719439926011,0.9123,0.91186815395437648,0.065616335898014841,0.2207682751741403,0.013756517315449687
CodeBERT_partial_s2026__isotonic,same_period,Win64,0.5,False,0.98670851875225685,0.9857987405013231,0.94920000000000004,0.94922031187524991,0.040440657190070339,0.14899800698120472,0.0064479232337464687
CodeBERT_partial_s2026__isotonic,same_period,Dot_Net,0.5,False,0.98998197959927914,0.98894314990184662,0.95620000000000005,0.95623501199040772,0.034612585520064861,0.12797137475236567,0.016850339780352573
CodeBERT_partial_s2026__isotonic,test,Pooled,0.5,False,0.98392053806343682,0.98269568686174191,0.93856666666666666,0.93817303498943272,0.047206843109194485,0.16494393241275715,0.01022032033879024
CodeBERT_partial_s2026__isotonic,test,Win32,0.5,False,0.97597254860422988,0.97533242071383097,0.91830000000000001,0.91553809573038358,0.061175747815799264,0.20065898175377611,0.018489278103493306
CodeBERT_partial_s2026__isotonic,test,Win64,0.5,False,0.98588873312845926,0.98464674563372878,0.94630000000000003,0.94639113507038031,0.041741722532680027,0.15406963313173044,0.0094135613215420005
CodeBERT_partial_s2026__isotonic,test,Dot_Net,0.5,False,0.98786953115649523,0.9858222553329542,0.95109999999999995,0.95167506670619628,0.038703058979104137,0.14010318235276495,0.012828219463771532
CodeBERT_partial_s2026__isotonic_tiebreak,tune,Pooled,0.5,True,0.98044629266682382,0.98206043801502352,0.93283333333333329,0.93286689988339166,0.05080760884970173,0.18119113099451026,0.0081465705488263165
CodeBERT_partial_s2026__isotonic_tiebreak,tune,Win32,0.5,True,0.96809985159465739,0.97047565936035274,0.90649999999999997,0.90541224076884164,0.068594534084808464,0.24555981368531674,0.016647179630368419
CodeBERT_partial_s2026__isotonic_tiebreak,tune,Win64,0.5,True,0.98340258506462652,0.98647118921840748,0.94299999999999995,0.94299999999999995,0.043101790854230146,0.15406491136749537,0.015479782796362498
CodeBERT_partial_s2026__isotonic_tiebreak,tune,Dot_Net,0.5,True,0.98669300000000004,0.98664524966908385,0.94899999999999995,0.94965449160908189,0.040726501610066607,0.14394866793071864,0.0088848566315697739
CodeBERT_partial_s2026__isotonic_tiebreak,calibration,Pooled,0.5,True,0.98230988716626078,0.98336942774684877,0.93766666666666665,0.93769781775778782,0.047705431510686611,0.16464371780489695,9.9240638854839837e-18
CodeBERT_partial_s2026__isotonic_tiebreak,calibration,Win32,0.5,True,0.97359213426767277,0.97559198485292586,0.92025000000000001,0.9200701578551741,0.061019527422812705,0.20339931672970865,0.0090600572779572543
CodeBERT_partial_s2026__isotonic_tiebreak,calibration,Win64,0.5,True,0.98429193191162123,0.98663682711130851,0.94474999999999998,0.94459764351967912,0.042750345075306513,0.15090020915132626,0.0071062297927691398
CodeBERT_partial_s2026__isotonic_tiebreak,calibration,Dot_Net,0.5,True,0.98682099999999995,0.98623607230296406,0.94799999999999995,0.9483358171882762,0.039346422033940641,0.13963162753365585,0.009321787814378325
CodeBERT_partial_s2026__isotonic_tiebreak,threshold,Pooled,0.5,False,0.98262615215202287,0.98378038447927996,0.93776666666666664,0.93774383940778283,0.048247584632297419,0.16949513791093934,0.0053299233876746774
CodeBERT_partial_s2026__isotonic_tiebreak,threshold,Win32,0.5,False,0.9718445725110828,0.97480551417288874,0.91459999999999997,0.9144031271925428,0.064642567194430609,0.21537092631830695,0.011987976939699684
CodeBERT_partial_s2026__isotonic_tiebreak,threshold,Win64,0.5,False,0.98485897553476964,0.98625515840367661,0.94564999999999999,0.9455274367326485,0.042960306743203683,0.15492434118499387,0.0066335937984573212
CodeBERT_partial_s2026__isotonic_tiebreak,threshold,Dot_Net,0.5,False,0.98828191488281913,0.98858001835409148,0.95304999999999995,0.95321142059893371,0.037139879959257931,0.13819014622951722,0.012911463654591953
CodeBERT_partial_s2026__isotonic_tiebreak,same_period,Pooled,0.5,False,0.98357705475818069,0.984241554500909,0.93923333333333336,0.93915829523078465,0.046889859536050016,0.16591255230257024,0.0046600676411594766
CodeBERT_partial_s2026__isotonic_tiebreak,same_period,Win32,0.5,False,0.97035874058998828,0.97358125386617522,0.9123,0.91186815395437648,0.065616335898014841,0.2207682751741403,0.013756517315449687
CodeBERT_partial_s2026__isotonic_tiebreak,same_period,Win64,0.5,False,0.98683396140662327,0.98723437546959758,0.94920000000000004,0.94922031187524991,0.040440657190070339,0.14899800698120472,0.0064479232337464687
CodeBERT_partial_s2026__isotonic_tiebreak,same_period,Dot_Net,0.5,False,0.99005747960229917,0.99001094751813856,0.95620000000000005,0.95623501199040772,0.034612585520064861,0.12797137475236567,0.016850339780352573
CodeBERT_partial_s2026__isotonic_tiebreak,test,Pooled,0.5,False,0.98395792320989139,0.98409983511102295,0.93856666666666666,0.93817303498943272,0.047206843109194485,0.16494393241275715,0.01022032033879024
CodeBERT_partial_s2026__isotonic_tiebreak,test,Win32,0.5,False,0.97605440966514945,0.9771975812920346,0.91830000000000001,0.91553809573038358,0.061175747815799264,0.20065898175377611,0.018489278103493306
CodeBERT_partial_s2026__isotonic_tiebreak,test,Win64,0.5,False,0.98590111422245275,0.98593115520856511,0.94630000000000003,0.94639113507038031,0.041741722532680027,0.15406963313173044,0.0094135613215420005
CodeBERT_partial_s2026__isotonic_tiebreak,test,Dot_Net,0.5,False,0.98792225388964161,0.98678015529340624,0.95109999999999995,0.95167506670619628,0.038703058979104137,0.14010318235276495,0.012828219463771532
CodeBERT_partial_s2026__format_platt,tune,Pooled,0.5,True,0.97997606412263982,0.98136150578493409,0.93333333333333335,0.93344425956738764,0.053475928753365869,0.1899721346387156,0.032410296012084477
CodeBERT_partial_s2026__format_platt,tune,Win32,0.5,True,0.96809985159465739,0.97047565936035274,0.90700000000000003,0.90606060606060601,0.071980297146460939,0.2448061710608882,0.040021233562663697
CodeBERT_partial_s2026__format_platt,tune,Win64,0.5,True,0.98340258506462652,0.98647118921840748,0.94299999999999995,0.9430569430569431,0.046673212227876751,0.17017943542146896,0.034678245651815244
CodeBERT_partial_s2026__format_platt,tune,Dot_Net,0.5,True,0.98669300000000004,0.98664524966908385,0.94999999999999996,0.95069033530571989,0.041774276885759902,0.15493079743378968,0.027090582825356053
CodeBERT_partial_s2026__format_platt,calibration,Pooled,0.5,True,0.98164503100541689,0.98230452820913294,0.9371666666666667,0.93726077550341158,0.050820678621765931,0.18233228047149994,0.027899356567655426
CodeBERT_partial_s2026__format_platt,calibration,Win32,0.5,True,0.97359213426767277,0.97559198485292586,0.91949999999999998,0.9194194194194194,0.064107276603209015,0.22317039375168057,0.033947631664064032
CodeBERT_partial_s2026__format_platt,calibration,Win64,0.5,True,0.98429193191162123,0.98663682711130851,0.94350000000000001,0.94341512268402605,0.045960551656258022,0.16871459030591768,0.028635541097545861
CodeBERT_partial_s2026__format_platt,calibration,Dot_Net,0.5,True,0.98682099999999995,0.98623607230296406,0.94850000000000001,0.94885799404170801,0.042394207605830757,0.15511185735690161,0.022785009497330345
CodeBERT_partial_s2026__format_platt,threshold,Pooled,0.5,False,0.98225597430651035,0.98318083506132514,0.93763333333333332,0.93768111114811981,0.050256752974334205,0.1798025803978065,0.028418968135016584
CodeBERT_partial_s2026__format_platt,threshold,Win32,0.5,False,0.9718445725110828,0.97480551417288874,0.91500000000000004,0.91496598639455784,0.067442376367456688,0.23122542563788875,0.03763217405396535
CodeBERT_partial_s2026__format_platt,threshold,Win64,0.5,False,0.98485897553476964,0.98625515840367661,0.94510000000000005,0.94502853709822765,0.045092925961054339,0.16609708196149961,0.024156228127611187
CodeBERT_partial_s2026__format_platt,threshold,Dot_Net,0.5,False,0.98828191488281913,0.98858001835409148,0.95279999999999998,0.95298804780876489,0.038234956594491595,0.14208523359403119,0.023929137779923393
CodeBERT_partial_s2026__format_platt,same_period,Pooled,0.5,False,0.98335585178422957,0.98363104806123547,0.9395,0.93949798326610889,0.048831827611872061,0.17516821872678126,0.029676436985667728
CodeBERT_partial_s2026__format_platt,same_period,Win32,0.5,False,0.97035874058998828,0.97358125386617522,0.91290000000000004,0.91261161834052373,0.068713928432903942,0.23523794514780211,0.038248501873484608
CodeBERT_partial_s2026__format_platt,same_period,Win64,0.5,False,0.98683396140662327,0.98723437546959758,0.94899999999999995,0.94907130017974839,0.04223333216980673,0.15714576406560235,0.026251687558701296
CodeBERT_partial_s2026__format_platt,same_period,Dot_Net,0.5,False,0.99005747960229917,0.99001094751813856,0.95660000000000001,0.95667797963665402,0.035548222232905512,0.13312094696693935,0.025335414995824049
CodeBERT_partial_s2026__format_platt,test,Pooled,0.5,False,0.98342691546096805,0.98279319064397808,0.93886666666666663,0.93855122964551363,0.049423658737042693,0.1768294865751309,0.031109831628351757
CodeBERT_partial_s2026__format_platt,test,Win32,0.5,False,0.97605440966514945,0.9771975812920346,0.91910000000000003,0.91657213571207585,0.064028655234918158,0.22057570834796417,0.040621018794947894
CodeBERT_partial_s2026__format_platt,test,Win64,0.5,False,0.98590111422245275,0.98593115520856511,0.94610000000000005,0.94623441396508723,0.044372915829799575,0.16293536736139036,0.029416427902314461
CodeBERT_partial_s2026__format_platt,test,Dot_Net,0.5,False,0.98792225388964161,0.98678015529340624,0.95140000000000002,0.95199525879099167,0.039869405146410318,0.14697738401603822,0.024851720279873809
CodeBERT_partial_s2027__temperature,tune,Pooled,0.5,True,0.98175308801373884,0.98283301117677324,0.93283333333333329,0.93344343517753925,0.053284951858393999,0.19059269959797734,0.029268183639113765
CodeBERT_partial_s2027__temperature,tune,Win32,0.5,True,0.97021592777339993,0.97257300519360468,0.90849999999999997,0.90881913303437967,0.07084187286520463,0.24145822468280209,0.036735227550657966
CodeBERT_partial_s2027__temperature,tune,Win64,0.5,True,0.9866856671416786,0.98901063861400473,0.94650000000000001,0.94663341645885291,0.044027537057566575,0.16336311482567892,0.027955357025787379
CodeBERT_partial_s2027__temperature,tune,Dot_Net,0.5,True,0.98535399999999995,0.98465629201099081,0.94350000000000001,0.94468918257464518,0.044985445652410819,0.16695675928545098,0.027652329486328363
CodeBERT_partial_s2027__temperature,calibration,Pooled,0.5,True,0.98210198159330808,0.98296149314118253,0.9361666666666667,0.93667328042328046,0.051572448686171425,0.18614033213348799,0.026880633828128699
CodeBERT_partial_s2027__temperature,calibration,Win32,0.5,True,0.9731576159092723,0.97552407259159069,0.91449999999999998,0.91496767777225263,0.067039397223920105,0.22932239436358476,0.035320077594481324
CodeBERT_partial_s2027__temperature,calibration,Win64,0.5,True,0.9848079423608328,0.98667420725511723,0.94274999999999998,0.94313384653588284,0.047684427883224807,0.17576172922140518,0.024502225818890548
CodeBERT_partial_s2027__temperature,calibration,Dot_Net,0.5,True,0.9858572499999998,0.98478749656009223,0.95125000000000004,0.95181616011860637,0.039993520951369349,0.15333687281547395,0.023767432063323365
CodeBERT_partial_s2027__temperature,threshold,Pooled,0.5,False,0.9832186202629114,0.98459436894267205,0.93866666666666665,0.93907284768211918,0.049437075444127142,0.17983051460755806,0.02585230940589256
CodeBERT_partial_s2027__temperature,threshold,Win32,0.5,False,0.97270860680460425,0.97585941338442761,0.91479999999999995,0.9154594165509029,0.066411255046972387,0.22894920220922019,0.028041312772963567
CodeBERT_partial_s2027__temperature,threshold,Win64,0.5,False,0.98582474186854796,0.98770132926391174,0.94784999999999997,0.94779518494419135,0.043637828208272979,0.16404501098160332,0.025024390264734395
CodeBERT_partial_s2027__temperature,threshold,Dot_Net,0.5,False,0.98801394488013961,0.98824166357235599,0.95335000000000003,0.95396002960769799,0.038262143077136053,0.14649733063185064,0.025454140956901121
CodeBERT_partial_s2027__temperature,same_period,Pooled,0.5,False,0.98386334305161216,0.98496661170828181,0.9381666666666667,0.9387161782681952,0.049198329448929323,0.17855796681698999,0.026357156454567796
CodeBERT_partial_s2027__temperature,same_period,Win32,0.5,False,0.97122953406328938,0.97436961154131363,0.91000000000000003,0.91113744075829384,0.069179617743444041,0.23699587498020619,0.029850357219068806
CodeBERT_partial_s2027__temperature,same_period,Win64,0.5,False,0.98775154082260375,0.98892019885890203,0.94820000000000004,0.94847821762482598,0.042764152087568369,0.15959655570349551,0.028725070650119325
CodeBERT_partial_s2027__temperature,same_period,Dot_Net,0.5,False,0.98953615958144636,0.98961839441800847,0.95630000000000004,0.9566769108753842,0.035651218515775587,0.13908146976726829,0.022181874186877861
CodeBERT_partial_s2027__temperature,test,Pooled,0.5,False,0.98301501217078402,0.98286953466407745,0.93743333333333334,0.93740203435050862,0.050976299897907987,0.18423552297622256,0.027912983624795908
CodeBERT_partial_s2027__temperature,test,Win32,0.5,False,0.97686626018673206,0.97792148903463139,0.91900000000000004,0.91722869405272833,0.06520706512033296,0.22378760403108058,0.035990864283119081
CodeBERT_partial_s2027__temperature,test,Win64,0.5,False,0.98239848473011082,0.98132825934212908,0.9415,0.94145902131492043,0.048938822249909482,0.18141118561484632,0.023796650190216796
CodeBERT_partial_s2027__temperature,test,Dot_Net,0.5,False,0.98797055639364351,0.98671325339043103,0.95179999999999998,0.95277287869880467,0.038783012323481518,0.14750777928274078,0.025369586349285635
CodeBERT_partial_s2027__isotonic,tune,Pooled,0.5,True,0.98177036602380985,0.98117314381953114,0.9341666666666667,0.93454846727423369,0.049715088841879924,0.17043694179747168,0.0074835621094620271
CodeBERT_partial_s2027__isotonic,tune,Win32,0.5,True,0.96996941889908028,0.96988679185867321,0.91249999999999998,0.91219267436026086,0.066192009654766806,0.21982815020735125,0.017927865034546939
CodeBERT_partial_s2027__isotonic,tune,Win64,0.5,True,0.98668866721668036,0.98773847525705516,0.94599999999999995,0.9460539460539461,0.040614755226479615,0.14275523783015853,0.010376575076041877
CodeBERT_partial_s2027__isotonic,tune,Dot_Net,0.5,True,0.98555700000000002,0.98347919486045721,0.94399999999999995,0.94509803921568625,0.042338501644393359,0.14872743735490518,0.015693613942564317
CodeBERT_partial_s2027__isotonic,calibration,Pooled,0.5,True,0.98271358703822564,0.98181410643807665,0.93708333333333338,0.93738077465372815,0.047989505015195388,0.16480577048271577,2.0178303472562223e-17
CodeBERT_partial_s2027__isotonic,calibration,Win32,0.5,True,0.97388214652069049,0.97378374730462092,0.91749999999999998,0.91745872936468231,0.061791086839030472,0.20226437962623786,0.008567500663539708
CodeBERT_partial_s2027__isotonic,calibration,Win64,0.5,True,0.9853900791491027,0.98564294178521428,0.94274999999999998,0.94304899278786369,0.043521995990098969,0.15098782874032571,0.010811507792063978
CodeBERT_partial_s2027__isotonic,calibration,Dot_Net,0.5,True,0.98648599999999997,0.98423528148175821,0.95099999999999996,0.95146111936602273,0.038655432216456752,0.1411651030815837,0.014332329320672143
CodeBERT_partial_s2027__isotonic,threshold,Pooled,0.5,False,0.98306236034593542,0.98276055096110337,0.93920000000000003,0.93940601953358582,0.047419826556325075,0.16685908679328454,0.0051231878751181919
CodeBERT_partial_s2027__isotonic,threshold,Win32,0.5,False,0.97250458870712575,0.97315300957754591,0.91664999999999996,0.91673742570301187,0.063410208780931357,0.21226587862194596,0.011900267827171469
CodeBERT_partial_s2027__isotonic,threshold,Win64,0.5,False,0.98574019000079716,0.98626690714447651,0.94815000000000005,0.94801744448343273,0.041251771797387718,0.14924952121378546,0.0048270086076244003
CodeBERT_partial_s2027__isotonic,threshold,Dot_Net,0.5,False,0.98777785487777847,0.98651482659829348,0.95279999999999998,0.95334585351388756,0.03759749909065617,0.13906186054412209,0.011983785752613579
CodeBERT_partial_s2027__isotonic,same_period,Pooled,0.5,False,0.98369699637072894,0.98305993613164788,0.93920000000000003,0.93952254641909816,0.046751999566517752,0.1633039932332995,0.003992949771023574
CodeBERT_partial_s2027__isotonic,same_period,Win32,0.5,False,0.97095406347419988,0.97151644484927446,0.91269999999999996,0.91319478969871726,0.064887489845696866,0.21599176192013653,0.012205124363721674
CodeBERT_partial_s2027__isotonic,same_period,Win64,0.5,False,0.98764071847760293,0.98736704929509611,0.94840000000000002,0.94859533771667659,0.039683834053419013,0.14176209742295798,0.0080318231423719775
CodeBERT_partial_s2027__isotonic,same_period,Dot_Net,0.5,False,0.98947101957884065,0.98824356655137813,0.95650000000000002,0.9567809239940388,0.035684674800437376,0.13215812035680397,0.014806973020618272
CodeBERT_partial_s2027__isotonic,test,Pooled,0.5,False,0.98286714494972183,0.98077298567052174,0.93763333333333332,0.93744776169302269,0.048739962943763954,0.17006554164727661,0.014106982907817499
CodeBERT_partial_s2027__isotonic,test,Win32,0.5,False,0.97670281806852222,0.97562906001823135,0.91920000000000002,0.9170771756978654,0.061709604798586747,0.19880929481759557,0.022302390201930273
CodeBERT_partial_s2027__isotonic,test,Win64,0.5,False,0.98222592948312903,0.97926745558464934,0.94140000000000001,0.94127079575065142,0.047115446541722714,0.17062429519220901,0.020110286601430584
CodeBERT_partial_s2027__isotonic,test,Dot_Net,0.5,False,0.9878561904649138,0.98509033177067862,0.95230000000000004,0.95318480714496023,0.037394837490982415,0.14076303493202522,0.01079683192724607
CodeBERT_partial_s2027__isotonic_tiebreak,tune,Pooled,0.5,True,0.98175308801373884,0.98283301117677324,0.9341666666666667,0.93454846727423369,0.049715088841879924,0.17043694179747168,0.0074835621094620271
CodeBERT_partial_s2027__isotonic_tiebreak,tune,Win32,0.5,True,0.97021592777339993,0.97257300519360468,0.91249999999999998,0.91219267436026086,0.066192009654766806,0.21982815020735125,0.017927865034546939
CodeBERT_partial_s2027__isotonic_tiebreak,tune,Win64,0.5,True,0.9866856671416786,0.98901063861400473,0.94599999999999995,0.9460539460539461,0.040614755226479615,0.14275523783015853,0.010376575076041877
CodeBERT_partial_s2027__isotonic_tiebreak,tune,Dot_Net,0.5,True,0.98535399999999995,0.98465629201099081,0.94399999999999995,0.94509803921568625,0.042338501644393359,0.14872743735490518,0.015693613942564317
CodeBERT_partial_s2027__isotonic_tiebreak,calibration,Pooled,0.5,True,0.98210198159330808,0.98296149314118253,0.93708333333333338,0.93738077465372815,0.047989505015195388,0.16480577048271577,2.0178303472562223e-17
CodeBERT_partial_s2027__isotonic_tiebreak,calibration,Win32,0.5,True,0.9731576159092723,0.97552407259159069,0.91749999999999998,0.91745872936468231,0.061791086839030472,0.20226437962623786,0.008567500663539708
CodeBERT_partial_s2027__isotonic_tiebreak,calibration,Win64,0.5,True,0.9848079423608328,0.98667420725511723,0.94274999999999998,0.94304899278786369,0.043521995990098969,0.15098782874032571,0.010811507792063978
CodeBERT_partial_s2027__isotonic_tiebreak,calibration,Dot_Net,0.5,True,0.9858572499999998,0.98478749656009223,0.95099999999999996,0.95146111936602273,0.038655432216456752,0.1411651030815837,0.014332329320672143
CodeBERT_partial_s2027__isotonic_tiebreak,threshold,Pooled,0.5,False,0.9832186202629114,0.98459436894267205,0.93920000000000003,0.93940601953358582,0.047419826556325075,0.16685908679328454,0.0051231878751181919
CodeBERT_partial_s2027__isotonic_tiebreak,threshold,Win32,0.5,False,0.97270860680460425,0.97585941338442761,0.91664999999999996,0.91673742570301187,0.063410208780931357,0.21226587862194596,0.011900267827171469
CodeBERT_partial_s2027__isotonic_tiebreak,threshold,Win64,0.5,False,0.98582474186854796,0.98770132926391174,0.94815000000000005,0.94801744448343273,0.041251771797387718,0.14924952121378546,0.0048270086076244003
CodeBERT_partial_s2027__isotonic_tiebreak,threshold,Dot_Net,0.5,False,0.98801394488013961,0.98824166357235599,0.95279999999999998,0.95334585351388756,0.03759749909065617,0.13906186054412209,0.011983785752613579
CodeBERT_partial_s2027__isotonic_tiebreak,same_period,Pooled,0.5,False,0.98386334305161216,0.98496661170828181,0.93920000000000003,0.93952254641909816,0.046751999566517752,0.1633039932332995,0.003992949771023574
CodeBERT_partial_s2027__isotonic_tiebreak,same_period,Win32,0.5,False,0.97122953406328938,0.97436961154131363,0.91269999999999996,0.91319478969871726,0.064887489845696866,0.21599176192013653,0.012205124363721674
CodeBERT_partial_s2027__isotonic_tiebreak,same_period,Win64,0.5,False,0.98775154082260375,0.98892019885890203,0.94840000000000002,0.94859533771667659,0.039683834053419013,0.14176209742295798,0.0080318231423719775
CodeBERT_partial_s2027__isotonic_tiebreak,same_period,Dot_Net,0.5,False,0.98953615958144636,0.98961839441800847,0.95650000000000002,0.9567809239940388,0.035684674800437376,0.13215812035680397,0.014806973020618272
CodeBERT_partial_s2027__isotonic_tiebreak,test,Pooled,0.5,False,0.98301501217078402,0.98286953466407745,0.93763333333333332,0.93744776169302269,0.048739962943763954,0.17006554164727661,0.014106982907817499
CodeBERT_partial_s2027__isotonic_tiebreak,test,Win32,0.5,False,0.97686626018673206,0.97792148903463139,0.91920000000000002,0.9170771756978654,0.061709604798586747,0.19880929481759557,0.022302390201930273
CodeBERT_partial_s2027__isotonic_tiebreak,test,Win64,0.5,False,0.98239848473011082,0.98132825934212908,0.94140000000000001,0.94127079575065142,0.047115446541722714,0.17062429519220901,0.020110286601430584
CodeBERT_partial_s2027__isotonic_tiebreak,test,Dot_Net,0.5,False,0.98797055639364351,0.98671325339043103,0.95230000000000004,0.95318480714496023,0.037394837490982415,0.14076303493202522,0.01079683192724607
CodeBERT_partial_s2027__format_platt,tune,Pooled,0.5,True,0.98083429788333809,0.98160103048918745,0.9331666666666667,0.93370805091750697,0.052927767897805532,0.18897602480988296,0.028649579254326096
CodeBERT_partial_s2027__format_platt,tune,Win32,0.5,True,0.97021592777339993,0.97257300519360468,0.90949999999999998,0.90972568578553614,0.070199732039865667,0.24017450745927812,0.041184344787882965
CodeBERT_partial_s2027__format_platt,tune,Win64,0.5,True,0.9866856671416786,0.98901063861400473,0.94550000000000001,0.94558162755866204,0.043837775842918633,0.16335999673676652,0.028640838195453946
CodeBERT_partial_s2027__format_platt,tune,Dot_Net,0.5,True,0.98535399999999995,0.98465629201099081,0.94450000000000001,0.94561489465948068,0.044745795810632288,0.16339357023360429,0.0208742890266886
CodeBERT_partial_s2027__format_platt,calibration,Pooled,0.5,True,0.98071640740947741,0.98066410922811897,0.93633333333333335,0.93678636438854879,0.051216279151944086,0.18481107553857043,0.025164875428251673
CodeBERT_partial_s2027__format_platt,calibration,Win32,0.5,True,0.9731576159092723,0.97552407259159069,0.91449999999999998,0.91492537313432831,0.066382495059916224,0.22850537416426783,0.042025882342561369
CodeBERT_partial_s2027__format_platt,calibration,Win64,0.5,True,0.9848079423608328,0.98667420725511723,0.94299999999999995,0.94333996023856859,0.047324061065906219,0.174808396338202,0.025626405014958394
CodeBERT_partial_s2027__format_platt,calibration,Dot_Net,0.5,True,0.9858572499999998,0.98478749656009223,0.95150000000000001,0.95200395843641761,0.0399422813300098,0.15111945611324143,0.011197479880694779
CodeBERT_partial_s2027__format_platt,threshold,Pooled,0.5,False,0.9821413277369988,0.98305443765933365,0.93868333333333331,0.93905004887261645,0.049211248199181261,0.17865454863013075,0.024875826522552318
CodeBERT_partial_s2027__format_platt,threshold,Win32,0.5,False,0.97270860680460425,0.97585941338442761,0.91490000000000005,0.91553349875930523,0.065799276534087681,0.22806430596544541,0.033910407176754385
CodeBERT_partial_s2027__format_platt,threshold,Win64,0.5,False,0.98582474186854796,0.98770132926391174,0.94804999999999995,0.94795892812421734,0.043624282971475956,0.16464527011651281,0.025241941230474282
CodeBERT_partial_s2027__format_platt,threshold,Dot_Net,0.5,False,0.98801394488013961,0.98824166357235599,0.95309999999999995,0.95366986071322735,0.038210185091980133,0.143254069808434,0.017117820774818805
CodeBERT_partial_s2027__format_platt,same_period,Pooled,0.5,False,0.98283126695370004,0.98362208824744291,0.9381666666666667,0.93866349237840163,0.048850153198047093,0.17691535897016436,0.025950038738623879
CodeBERT_partial_s2027__format_platt,same_period,Win32,0.5,False,0.97122953406328938,0.97436961154131363,0.90959999999999996,0.91070723034373768,0.068394635372689083,0.23537403912863916,0.035329534586323715
CodeBERT_partial_s2027__format_platt,same_period,Win64,0.5,False,0.98775154082260375,0.98892019885890203,0.9486,0.94882516925527682,0.042513466127353863,0.15917943897647682,0.028976566586292919
CodeBERT_partial_s2027__format_platt,same_period,Dot_Net,0.5,False,0.98953615958144636,0.98961839441800847,0.95630000000000004,0.95662531017369723,0.035642358094098346,0.13619259880537712,0.013965936555583234
CodeBERT_partial_s2027__format_platt,test,Pooled,0.5,False,0.98182703430764429,0.98077169485046012,0.93759999999999999,0.9375291997597277,0.051074521181462516,0.18416458570465064,0.025771920836731924
CodeBERT_partial_s2027__format_platt,test,Win32,0.5,False,0.97686626018673206,0.97792148903463139,0.91910000000000003,0.91728862079541973,0.065004286418618398,0.22415106096658524,0.042092652598963394
CodeBERT_partial_s2027__format_platt,test,Win64,0.5,False,0.98239848473011082,0.98132825934212908,0.94159999999999999,0.94152983580296357,0.04944473422527973,0.18396979123068374,0.021471293603868066
CodeBERT_partial_s2027__format_platt,test,Dot_Net,0.5,False,0.98797055639364351,0.98671325339043103,0.95209999999999995,0.95302539962734134,0.038774542900489442,0.14437290491668292,0.017746768933896741
CodeBERT_partial_s2028__temperature,tune,Pooled,0.5,True,0.98050496012224164,0.98147630051426715,0.93533333333333335,0.93556957821321818,0.052415623055004856,0.1885895378204786,0.026087426245020633
CodeBERT_partial_s2028__temperature,tune,Win32,0.5,True,0.96817385425875335,0.96937919362339875,0.91200000000000003,0.91129032258064513,0.070589158181852532,0.24293491370860551,0.031934670084538222
CodeBERT_partial_s2028__temperature,tune,Win64,0.5,True,0.98497662441561051,0.98801971555204227,0.94750000000000001,0.94757863205192217,0.042123476426022301,0.15772960161182897,0.025996812481280634
CodeBERT_partial_s2028__temperature,tune,Dot_Net,0.5,True,0.98512200000000005,0.98418419462502671,0.94650000000000001,0.94742014742014746,0.044534234557139743,0.16510409814100149,0.024224744434408089
CodeBERT_partial_s2028__temperature,calibration,Pooled,0.5,True,0.98331635903104919,0.98413742561604611,0.9408333333333333,0.94092195040772175,0.048027171194043157,0.1752211793064111,0.02203308445924354
CodeBERT_partial_s2028__temperature,calibration,Win32,0.5,True,0.97493144085337602,0.97671874531892222,0.92100000000000004,0.9206428930185836,0.062816848960675353,0.21758950031389784,0.028801431191385729
CodeBERT_partial_s2028__temperature,calibration,Win64,0.5,True,0.98591971487422614,0.98759019212107324,0.94799999999999995,0.94805194805194803,0.042771659651361205,0.16110637026894972,0.019434732181754531
CodeBERT_partial_s2028__temperature,calibration,Dot_Net,0.5,True,0.98735000000000006,0.98677814583618861,0.95350000000000001,0.95386904761904767,0.038493004970092913,0.14696766733638578,0.019792529970316081
CodeBERT_partial_s2028__temperature,threshold,Pooled,0.5,False,0.9829625273125544,0.98405074521643299,0.93935000000000002,0.93952638138761946,0.048897342248958212,0.17721945743578013,0.022940343669332251
CodeBERT_partial_s2028__temperature,threshold,Win32,0.5,False,0.97165735008022458,0.97482559182120077,0.91590000000000005,0.91578209493290608,0.066272216313198476,0.22873581410702531,0.024106185022192483
CodeBERT_partial_s2028__temperature,threshold,Win64,0.5,False,0.98544485847692376,0.98670411506057643,0.94704999999999995,0.94712138612872621,0.043975110008443397,0.16358053581109364,0.021664575360061528
CodeBERT_partial_s2028__temperature,threshold,Dot_Net,0.5,False,0.98888259988882599,0.98888273423426276,0.95509999999999995,0.95549167327517848,0.036444700425232762,0.13934202238922147,0.023608448224207761
CodeBERT_partial_s2028__temperature,same_period,Pooled,0.5,False,0.98347340003126693,0.98438986739171008,0.93946666666666667,0.93975184128458633,0.048709942536310648,0.17662897557251769,0.022482706874078991
CodeBERT_partial_s2028__temperature,same_period,Win32,0.5,False,0.97083053872590863,0.97407785058835228,0.91320000000000001,0.91337325349301401,0.068363850656404962,0.23528979695354618,0.024766778778629126
CodeBERT_partial_s2028__temperature,same_period,Win64,0.5,False,0.9868343414146642,0.98787602056649282,0.94950000000000001,0.9498659783579867,0.042234459726639244,0.15865349632893319,0.020248813890260182
CodeBERT_partial_s2028__temperature,same_period,Dot_Net,0.5,False,0.9899289795971592,0.98962929508562403,0.95569999999999999,0.95591601154343719,0.035531517225887717,0.13594363343507365,0.023657129073831031
CodeBERT_partial_s2028__temperature,test,Pooled,0.5,False,0.98278646565696637,0.9826242503477608,0.93643333333333334,0.93601744673712461,0.051086749552075664,0.18329649925759128,0.026473021108383527
CodeBERT_partial_s2028__temperature,test,Win32,0.5,False,0.97718094426503765,0.97851762991191293,0.91830000000000001,0.91555555555555557,0.0640518492887963,0.21914309406098542,0.033536488120240036
CodeBERT_partial_s2028__temperature,test,Win64,0.5,False,0.9815945336929971,0.98088995096742948,0.94110000000000005,0.94096421770071159,0.049229283249219304,0.18208066643835305,0.021949718290222079
CodeBERT_partial_s2028__temperature,test,Dot_Net,0.5,False,0.98819302792656771,0.98689063204219241,0.94989999999999997,0.95065497882399286,0.039979116118211394,0.14866573727343543,0.025827346289176434
CodeBERT_partial_s2028__isotonic,tune,Pooled,0.5,True,0.98031006861314463,0.97900889725465801,0.93466666666666665,0.93514228987425541,0.049779082778615362,0.18003680581421361,0.0093494665411326758
CodeBERT_partial_s2028__isotonic,tune,Win32,0.5,True,0.96771633778816035,0.96595963528857354,0.91049999999999998,0.91045522761380693,0.066873335562216196,0.24367278893071381,0.021604300238459561
CodeBERT_partial_s2028__isotonic,tune,Win64,0.5,True,0.984859121478037,0.98636607243496277,0.94850000000000001,0.94867962132536121,0.039618559441557046,0.14458084458484732,0.019582163277345618
CodeBERT_partial_s2028__isotonic,tune,Dot_Net,0.5,True,0.98502199999999995,0.98154295212181131,0.94499999999999995,0.94602551521099121,0.042845353332072844,0.15185678392707969,0.012498538659995638
CodeBERT_partial_s2028__isotonic,calibration,Pooled,0.5,True,0.98386467195836746,0.98300388847276066,0.94125000000000003,0.94148892024234376,0.045403433802823363,0.15832581703351575,1.6775932495013041e-17
CodeBERT_partial_s2028__isotonic,calibration,Win32,0.5,True,0.97562359509689289,0.97526659339293564,0.92225000000000001,0.9221916437327996,0.058698535959757825,0.19654868674477532,0.0094155779199934231
CodeBERT_partial_s2028__isotonic,calibration,Win64,0.5,True,0.98632734812879974,0.98656139008772559,0.94774999999999998,0.94791926239720903,0.040423632255952399,0.14353458200148941,0.0094604853445769133
CodeBERT_partial_s2028__isotonic,calibration,Dot_Net,0.5,True,0.98795175000000002,0.98571285303757616,0.95374999999999999,0.95419658331270119,0.037088133192759852,0.13489418235428258,0.010930625350554762
CodeBERT_partial_s2028__isotonic,threshold,Pooled,0.5,False,0.98279781339095429,0.98203622967855753,0.93899999999999995,0.93931958352675904,0.046950518556024924,0.1719770498144024,0.0038131135920139625
CodeBERT_partial_s2028__isotonic,threshold,Win32,0.5,False,0.9714956536624938,0.97210260245021995,0.91469999999999996,0.9150144465477732,0.063265019303267792,0.21784966388752022,0.011268488115634207
CodeBERT_partial_s2028__isotonic,threshold,Win64,0.5,False,0.98533493104862691,0.98513315246441735,0.94715000000000005,0.94728968234179423,0.04157089813583683,0.15945620098536076,0.0081609445161077796
CodeBERT_partial_s2028__isotonic,threshold,Dot_Net,0.5,False,0.98864465988644656,0.98698913579148295,0.95515000000000005,0.95556986477784933,0.036015638228970151,0.13862528457032625,0.013625018355364626
CodeBERT_partial_s2028__isotonic,same_period,Pooled,0.5,False,0.98321777659455201,0.98223838162106614,0.93910000000000005,0.93955334987593053,0.046744923512316607,0.16738399446633312,0.0044538858349463034
CodeBERT_partial_s2028__isotonic,same_period,Win32,0.5,False,0.97045294421117556,0.9710251593930288,0.91220000000000001,0.91286224692338225,0.065048470793112614,0.2234680460628943,0.014113017313499877
CodeBERT_partial_s2028__isotonic,same_period,Win64,0.5,False,0.98670199861429064,0.98618665565729868,0.94920000000000004,0.94966309948474037,0.04005352211951077,0.14804845781089729,0.0091107256485094337
CodeBERT_partial_s2028__isotonic,same_period,Dot_Net,0.5,False,0.98962895958515851,0.98773716812344237,0.95589999999999997,0.95614994531172315,0.035132777624326449,0.13063547952520782,0.01444158915492583
CodeBERT_partial_s2028__isotonic,test,Pooled,0.5,False,0.98260776452357823,0.98084106849113661,0.93686666666666663,0.93661736162238141,0.048673341499925284,0.17439478318535503,0.013193417562591177
CodeBERT_partial_s2028__isotonic,test,Win32,0.5,False,0.97705626264916401,0.97644110417703567,0.91969999999999996,0.9174632541885086,0.060020416857171258,0.19820754889788478,0.022903023880822132
CodeBERT_partial_s2028__isotonic,test,Win64,0.5,False,0.98137589437402684,0.97927009585647107,0.94130000000000003,0.94121181772658991,0.047245439693981185,0.17956074893065299,0.015849655678274052
CodeBERT_partial_s2028__isotonic,test,Dot_Net,0.5,False,0.9880035181023783,0.98526882851646391,0.9496,0.95043273013375296,0.038754167948623408,0.14541605172752739,0.0081185768221217723
CodeBERT_partial_s2028__isotonic_tiebreak,tune,Pooled,0.5,True,0.98050496012224164,0.98147630051426715,0.93466666666666665,0.93514228987425541,0.049779082778615362,0.18003680581421361,0.0093494665411326758
CodeBERT_partial_s2028__isotonic_tiebreak,tune,Win32,0.5,True,0.96817385425875335,0.96937919362339875,0.91049999999999998,0.91045522761380693,0.066873335562216196,0.24367278893071381,0.021604300238459561
CodeBERT_partial_s2028__isotonic_tiebreak,tune,Win64,0.5,True,0.98497662441561051,0.98801971555204227,0.94850000000000001,0.94867962132536121,0.039618559441557046,0.14458084458484732,0.019582163277345618
CodeBERT_partial_s2028__isotonic_tiebreak,tune,Dot_Net,0.5,True,0.98512200000000005,0.98418419462502671,0.94499999999999995,0.94602551521099121,0.042845353332072844,0.15185678392707969,0.012498538659995638
CodeBERT_partial_s2028__isotonic_tiebreak,calibration,Pooled,0.5,True,0.98331635903104919,0.98413742561604611,0.94125000000000003,0.94148892024234376,0.045403433802823363,0.15832581703351575,1.6775932495013041e-17
CodeBERT_partial_s2028__isotonic_tiebreak,calibration,Win32,0.5,True,0.97493144085337602,0.97671874531892222,0.92225000000000001,0.9221916437327996,0.058698535959757825,0.19654868674477532,0.0094155779199934231
CodeBERT_partial_s2028__isotonic_tiebreak,calibration,Win64,0.5,True,0.98591971487422614,0.98759019212107324,0.94774999999999998,0.94791926239720903,0.040423632255952399,0.14353458200148941,0.0094604853445769133
CodeBERT_partial_s2028__isotonic_tiebreak,calibration,Dot_Net,0.5,True,0.98735000000000006,0.98677814583618861,0.95374999999999999,0.95419658331270119,0.037088133192759852,0.13489418235428258,0.010930625350554762
CodeBERT_partial_s2028__isotonic_tiebreak,threshold,Pooled,0.5,False,0.9829625273125544,0.98405074521643299,0.93899999999999995,0.93931958352675904,0.046950518556024924,0.1719770498144024,0.0038131135920139625
CodeBERT_partial_s2028__isotonic_tiebreak,threshold,Win32,0.5,False,0.97165735008022458,0.97482559182120077,0.91469999999999996,0.9150144465477732,0.063265019303267792,0.21784966388752022,0.011268488115634207
CodeBERT_partial_s2028__isotonic_tiebreak,threshold,Win64,0.5,False,0.98544485847692376,0.98670411506057643,0.94715000000000005,0.94728968234179423,0.04157089813583683,0.15945620098536076,0.0081609445161077796
CodeBERT_partial_s2028__isotonic_tiebreak,threshold,Dot_Net,0.5,False,0.98888259988882599,0.98888273423426276,0.95515000000000005,0.95556986477784933,0.036015638228970151,0.13862528457032625,0.013625018355364626
CodeBERT_partial_s2028__isotonic_tiebreak,same_period,Pooled,0.5,False,0.98347340003126693,0.98438986739171008,0.93910000000000005,0.93955334987593053,0.046744923512316607,0.16738399446633312,0.0044538858349463034
CodeBERT_partial_s2028__isotonic_tiebreak,same_period,Win32,0.5,False,0.97083053872590863,0.97407785058835228,0.91220000000000001,0.91286224692338225,0.065048470793112614,0.2234680460628943,0.014113017313499877
CodeBERT_partial_s2028__isotonic_tiebreak,same_period,Win64,0.5,False,0.9868343414146642,0.98787602056649282,0.94920000000000004,0.94966309948474037,0.04005352211951077,0.14804845781089729,0.0091107256485094337
CodeBERT_partial_s2028__isotonic_tiebreak,same_period,Dot_Net,0.5,False,0.9899289795971592,0.98962929508562403,0.95589999999999997,0.95614994531172315,0.035132777624326449,0.13063547952520782,0.01444158915492583
CodeBERT_partial_s2028__isotonic_tiebreak,test,Pooled,0.5,False,0.98278646565696637,0.9826242503477608,0.93686666666666663,0.93661736162238141,0.048673341499925284,0.17439478318535503,0.013193417562591177
CodeBERT_partial_s2028__isotonic_tiebreak,test,Win32,0.5,False,0.97718094426503765,0.97851762991191293,0.91969999999999996,0.9174632541885086,0.060020416857171258,0.19820754889788478,0.022903023880822132
CodeBERT_partial_s2028__isotonic_tiebreak,test,Win64,0.5,False,0.9815945336929971,0.98088995096742948,0.94130000000000003,0.94121181772658991,0.047245439693981185,0.17956074893065299,0.015849655678274052
CodeBERT_partial_s2028__isotonic_tiebreak,test,Dot_Net,0.5,False,0.98819302792656771,0.98689063204219241,0.9496,0.95043273013375296,0.038754167948623408,0.14541605172752739,0.0081185768221217723
CodeBERT_partial_s2028__format_platt,tune,Pooled,0.5,True,0.98023762319471186,0.98053172666046673,0.9351666666666667,0.93549991709500913,0.052107585926893081,0.18731507887198928,0.026823224608172734
CodeBERT_partial_s2028__format_platt,tune,Win32,0.5,True,0.96817385425875335,0.96937919362339875,0.91149999999999998,0.9112781954887218,0.069927525540933108,0.24116020528374132,0.036158176462567332
CodeBERT_partial_s2028__format_platt,tune,Win64,0.5,True,0.98497662441561051,0.98801971555204227,0.94750000000000001,0.94757863205192217,0.041967256628367658,0.15768205750497447,0.028038186652497493
CodeBERT_partial_s2028__format_platt,tune,Dot_Net,0.5,True,0.98512200000000005,0.98418419462502671,0.94650000000000001,0.94736842105263153,0.04442797561137847,0.16310297382725189,0.019067563142122212
CodeBERT_partial_s2028__format_platt,calibration,Pooled,0.5,True,0.98242143033256313,0.98248491844639596,0.94074999999999998,0.94085350636386322,0.04786118517085379,0.17446378476457525,0.021486496072263762
CodeBERT_partial_s2028__format_platt,calibration,Win32,0.5,True,0.97493144085337602,0.97671874531892222,0.92100000000000004,0.92080200501253129,0.062279547962636302,0.21687838337033088,0.032069200100554106
CodeBERT_partial_s2028__format_platt,calibration,Win64,0.5,True,0.98591971487422614,0.98759019212107324,0.94799999999999995,0.94799999999999995,0.042673510785759178,0.16100089585427044,0.021033928184094386
CodeBERT_partial_s2028__format_platt,calibration,Dot_Net,0.5,True,0.98735000000000006,0.98677814583618861,0.95325000000000004,0.95360952617216577,0.038630496764165877,0.14551207506912436,0.012857161136590566
CodeBERT_partial_s2028__format_platt,threshold,Pooled,0.5,False,0.98261551145079618,0.98355406485945684,0.93918333333333337,0.93935818390307946,0.048798838173180391,0.17628992848374778,0.021625753673570634
CodeBERT_partial_s2028__format_platt,threshold,Win32,0.5,False,0.97165735008022458,0.97482559182120077,0.91535,0.91537115721069728,0.06589295375838787,0.22798322274944921,0.027814786176276873
CodeBERT_partial_s2028__format_platt,threshold,Win64,0.5,False,0.98544485847692376,0.98670411506057643,0.94669999999999999,0.94673196082350586,0.043910316437036336,0.16353653588937025,0.021554976241175583
CodeBERT_partial_s2028__format_platt,threshold,Dot_Net,0.5,False,0.98888259988882599,0.98888273423426276,0.95550000000000002,0.95584441357412187,0.036593244324116973,0.13735002681242378,0.017306704131332389
CodeBERT_partial_s2028__format_platt,same_period,Pooled,0.5,False,0.98325801269105961,0.98409435072297569,0.93953333333333333,0.93983017115563217,0.048612575354149923,0.17569682557659888,0.020840781100005108
CodeBERT_partial_s2028__format_platt,same_period,Win32,0.5,False,0.97083053872590863,0.97407785058835228,0.91310000000000002,0.91347207009857612,0.067962565627673152,0.23439114271307157,0.026472405314477598
CodeBERT_partial_s2028__format_platt,same_period,Win64,0.5,False,0.9868343414146642,0.98787602056649282,0.94920000000000004,0.94954310687326182,0.042102621268866693,0.15827756815596389,0.020004895002642215
CodeBERT_partial_s2028__format_platt,same_period,Dot_Net,0.5,False,0.9899289795971592,0.98962929508562403,0.95630000000000004,0.95646109395237622,0.035772539165909903,0.1344217658607611,0.017420785643578025
CodeBERT_partial_s2028__format_platt,test,Pooled,0.5,False,0.98220762589875288,0.9817018238034485,0.93693333333333328,0.93653562323896422,0.050857670730915003,0.18232160057686297,0.025240064615389485
CodeBERT_partial_s2028__format_platt,test,Win32,0.5,False,0.97718094426503765,0.97851762991191293,0.91930000000000001,0.91681269972167823,0.063051642889879037,0.21672351507852713,0.038569429452749313
CodeBERT_partial_s2028__format_platt,test,Win64,0.5,False,0.9815945336929971,0.98088995096742948,0.94099999999999995,0.94083433614119538,0.049303367040744332,0.18271559429480916,0.021373886765355732
CodeBERT_partial_s2028__format_platt,test,Dot_Net,0.5,False,0.98819302792656771,0.98689063204219241,0.95050000000000001,0.95117861722063324,0.040218002262121647,0.1475256923572526,0.017670521500725511
CodeBERT_unfrozen_s2026__temperature,tune,Pooled,0.5,True,0.97937188933317876,0.98132021324422292,0.93133333333333335,0.93089567259308958,0.05477195876441586,0.19592771706974921,0.027120414322116863
CodeBERT_unfrozen_s2026__temperature,tune,Win32,0.5,True,0.96693880979715263,0.9712215101200643,0.90349999999999997,0.90117767537122373,0.074696276507198553,0.25221083984636194,0.035867984423931167
CodeBERT_unfrozen_s2026__temperature,tune,Win64,0.5,True,0.98346308657716452,0.98629175480117115,0.94650000000000001,0.94609571788413094,0.044105095335051248,0.16489123908256864,0.026511943824759982
CodeBERT_unfrozen_s2026__temperature,tune,Dot_Net,0.5,True,0.98319699999999999,0.98247315656954082,0.94399999999999995,0.94466403162055335,0.045514504450997806,0.17068107228031715,0.021605329158531368
CodeBERT_unfrozen_s2026__temperature,calibration,Pooled,0.5,True,0.98242879154264184,0.98293889515893995,0.9365,0.93610598691933589,0.051023913033380268,0.18379595698948534,0.027248655212806748
CodeBERT_unfrozen_s2026__temperature,calibration,Win32,0.5,True,0.9723615822768511,0.9743445348167753,0.91500000000000004,0.91317671092951991,0.066843600776752318,0.22980458380126692,0.03137885172166123
CodeBERT_unfrozen_s2026__temperature,calibration,Win64,0.5,True,0.98549395625261405,0.98605158486889799,0.94674999999999998,0.94654956085319952,0.043469692314386375,0.16253373899675708,0.023985623973585019
CodeBERT_unfrozen_s2026__temperature,calibration,Dot_Net,0.5,True,0.98645650000000007,0.98632349537857966,0.94774999999999998,0.94807453416149068,0.042758446009002089,0.15904954817043204,0.028166049139135629
CodeBERT_unfrozen_s2026__temperature,threshold,Pooled,0.5,False,0.98277408528833876,0.98410769270434306,0.93445,0.93398015879677032,0.051559764916353147,0.18384386530724758,0.029990822510006294
CodeBERT_unfrozen_s2026__temperature,threshold,Win32,0.5,False,0.97122637297474335,0.97435661188810618,0.90885000000000005,0.90733492604076649,0.069745887308285209,0.23600912298035845,0.036246796702882125
CodeBERT_unfrozen_s2026__temperature,threshold,Win64,0.5,False,0.98599059553225521,0.98765925938511501,0.94410000000000005,0.94359802239935431,0.044401770745940428,0.16352230872616175,0.027929646138106459
CodeBERT_unfrozen_s2026__temperature,threshold,Dot_Net,0.5,False,0.98760748987607483,0.98766896804360371,0.95040000000000002,0.95059268851479228,0.040531636694833811,0.15200016421522256,0.026229275846012631
CodeBERT_unfrozen_s2026__temperature,same_period,Pooled,0.5,False,0.98367054712624469,0.98456007553125202,0.93689999999999996,0.93648716658278808,0.049698476090364367,0.17841229174841719,0.02920329723725151
CodeBERT_unfrozen_s2026__temperature,same_period,Win32,0.5,False,0.9721330887959333,0.97493957017013,0.91169999999999995,0.91023686083155431,0.067892503695832357,0.23105517885890625,0.034668277470286904
CodeBERT_unfrozen_s2026__temperature,same_period,Win64,0.5,False,0.98711100726891399,0.98809718063878893,0.9456,0.94540345242874346,0.043376036866832689,0.15960347888601117,0.029272571152882846
CodeBERT_unfrozen_s2026__temperature,same_period,Dot_Net,0.5,False,0.98842115953684639,0.98816771437460915,0.95340000000000003,0.95341863254698123,0.037826887708428063,0.14457821750033409,0.024183041116453884
CodeBERT_unfrozen_s2026__temperature,test,Pooled,0.5,False,0.98022549534541259,0.97973481679839369,0.9237333333333333,0.92193257813566265,0.059571364571630578,0.20664116711062863,0.036327205149113528
CodeBERT_unfrozen_s2026__temperature,test,Win32,0.5,False,0.97664441731164831,0.97773989675895678,0.91169999999999995,0.90766495869497021,0.067606476105872199,0.22805185619823784,0.044357515703211933
CodeBERT_unfrozen_s2026__temperature,test,Win64,0.5,False,0.97676042655129014,0.97550473254347048,0.91459999999999997,0.91146589259796806,0.067486059686335836,0.23162955065322216,0.050510526115740292
CodeBERT_unfrozen_s2026__temperature,test,Dot_Net,0.5,False,0.98653042173706296,0.98495386018295472,0.94489999999999996,0.94544014258837505,0.043621557922683671,0.1602420944804259,0.028948744367997752
CodeBERT_unfrozen_s2026__isotonic,tune,Pooled,0.5,True,0.97921427610304523,0.97932483402811354,0.9311666666666667,0.93073956062384711,0.052152733294427024,0.1822722931448017,0.011129021506521558
CodeBERT_unfrozen_s2026__isotonic,tune,Win32,0.5,True,0.96678980443295959,0.96870387161394078,0.90349999999999997,0.90117767537122373,0.070672692037484733,0.23284254982421357,0.017445467619460472
CodeBERT_unfrozen_s2026__isotonic,tune,Win64,0.5,True,0.98316157903947599,0.98455206871839684,0.94599999999999995,0.94561933534743203,0.042076035421735054,0.15397569120065935,0.017471171020434235
CodeBERT_unfrozen_s2026__isotonic,tune,Dot_Net,0.5,True,0.98317949999999998,0.98022578576393848,0.94399999999999995,0.94466403162055335,0.043709472424061299,0.15999863840953224,0.012384145459076668
CodeBERT_unfrozen_s2026__isotonic,calibration,Pooled,0.5,True,0.98300031311532077,0.98211240044798442,0.93658333333333332,0.93620588481850953,0.047722963800710658,0.16390739325532722,4.2558549277297664e-18
CodeBERT_unfrozen_s2026__isotonic,calibration,Win32,0.5,True,0.97318586710288513,0.97306165032561709,0.91525000000000001,0.91349834141362596,0.062509718787900778,0.20714424809213147,0.0081988403810450191
CodeBERT_unfrozen_s2026__isotonic,calibration,Win64,0.5,True,0.9860220919473619,0.98551830583521682,0.94674999999999998,0.94654956085319952,0.041068456369254915,0.14515661686306469,0.0062916298470574823
CodeBERT_unfrozen_s2026__isotonic,calibration,Dot_Net,0.5,True,0.986973875,0.9854278939939044,0.94774999999999998,0.94807453416149068,0.03959071624497628,0.13942131481078557,0.0069270389205855817
CodeBERT_unfrozen_s2026__isotonic,threshold,Pooled,0.5,False,0.98260575965062724,0.98231547421928056,0.93445,0.93399123911182724,0.048739643835829162,0.16961320390762075,0.0069919394915298428
CodeBERT_unfrozen_s2026__isotonic,threshold,Win32,0.5,False,0.97098421336342855,0.97176537142131625,0.90874999999999995,0.90725212176652947,0.065682052912091976,0.2165698889024136,0.0088542409618881275
CodeBERT_unfrozen_s2026__isotonic,threshold,Win64,0.5,False,0.98585083244488869,0.98621522002418049,0.94420000000000004,0.94371027943105013,0.041894254114327074,0.14999255247195548,0.0089736572387497989
CodeBERT_unfrozen_s2026__isotonic,threshold,Dot_Net,0.5,False,0.9874407148744071,0.98606335951018187,0.95040000000000002,0.95059760956175299,0.038642624481068429,0.14227717034849319,0.0075416842636521183
CodeBERT_unfrozen_s2026__isotonic,same_period,Pooled,0.5,False,0.98349410030957085,0.9827135214434144,0.93686666666666663,0.93646001073537311,0.047441791762211354,0.16525207992707255,0.0075409875507543066
CodeBERT_unfrozen_s2026__isotonic,same_period,Win32,0.5,False,0.97195808206867462,0.97242990223051584,0.91149999999999998,0.91005183453603011,0.064590644573519401,0.21328876234665173,0.010866994410901724
CodeBERT_unfrozen_s2026__isotonic,same_period,Win64,0.5,False,0.98687120219463842,0.98641618274215226,0.9456,0.94540345242874346,0.04123838228331473,0.14425616277606054,0.0098662158306325812
CodeBERT_unfrozen_s2026__isotonic,same_period,Dot_Net,0.5,False,0.98829601953184065,0.98653733218658002,0.95350000000000001,0.95352323838080955,0.036496348429799937,0.13821131465850536,0.0086837746116152966
CodeBERT_unfrozen_s2026__isotonic,test,Pooled,0.5,False,0.97999129983663047,0.97751264251305159,0.92379999999999995,0.92201146288209612,0.055948167277148825,0.19038240278152643,0.02417208687200784
CodeBERT_unfrozen_s2026__isotonic,test,Win32,0.5,False,0.97636737372116345,0.97544600406165605,0.91180000000000005,0.90779845285385741,0.062019420144151412,0.20106244703566814,0.020793003404589509
CodeBERT_unfrozen_s2026__isotonic,test,Win64,0.5,False,0.9764901626707736,0.972918796151097,0.91469999999999996,0.91157872913859228,0.065200053816218281,0.21502886001515889,0.049055724447092414
CodeBERT_unfrozen_s2026__isotonic,test,Dot_Net,0.5,False,0.98637129348785435,0.98316997048267019,0.94489999999999996,0.94544014258837505,0.040625027871076774,0.15505590129375224,0.0079689592677057615
CodeBERT_unfrozen_s2026__isotonic_tiebreak,tune,Pooled,0.5,True,0.97937188933317876,0.98132021324422292,0.9311666666666667,0.93073956062384711,0.052152733294427024,0.1822722931448017,0.011129021506521558
CodeBERT_unfrozen_s2026__isotonic_tiebreak,tune,Win32,0.5,True,0.96693880979715263,0.9712215101200643,0.90349999999999997,0.90117767537122373,0.070672692037484733,0.23284254982421357,0.017445467619460472
CodeBERT_unfrozen_s2026__isotonic_tiebreak,tune,Win64,0.5,True,0.98346308657716452,0.98629175480117115,0.94599999999999995,0.94561933534743203,0.042076035421735054,0.15397569120065935,0.017471171020434235
CodeBERT_unfrozen_s2026__isotonic_tiebreak,tune,Dot_Net,0.5,True,0.98319699999999999,0.98247315656954082,0.94399999999999995,0.94466403162055335,0.043709472424061299,0.15999863840953224,0.012384145459076668
CodeBERT_unfrozen_s2026__isotonic_tiebreak,calibration,Pooled,0.5,True,0.98242879154264184,0.98293889515893995,0.93658333333333332,0.93620588481850953,0.047722963800710658,0.16390739325532722,4.2558549277297664e-18
CodeBERT_unfrozen_s2026__isotonic_tiebreak,calibration,Win32,0.5,True,0.9723615822768511,0.9743445348167753,0.91525000000000001,0.91349834141362596,0.062509718787900778,0.20714424809213147,0.0081988403810450191
CodeBERT_unfrozen_s2026__isotonic_tiebreak,calibration,Win64,0.5,True,0.98549395625261405,0.98605158486889799,0.94674999999999998,0.94654956085319952,0.041068456369254915,0.14515661686306469,0.0062916298470574823
CodeBERT_unfrozen_s2026__isotonic_tiebreak,calibration,Dot_Net,0.5,True,0.98645650000000007,0.98632349537857966,0.94774999999999998,0.94807453416149068,0.03959071624497628,0.13942131481078557,0.0069270389205855817
CodeBERT_unfrozen_s2026__isotonic_tiebreak,threshold,Pooled,0.5,False,0.98277408528833876,0.98410769270434306,0.93445,0.93399123911182724,0.048739643835829162,0.16961320390762075,0.0069919394915298428
CodeBERT_unfrozen_s2026__isotonic_tiebreak,threshold,Win32,0.5,False,0.97122637297474335,0.97435661188810618,0.90874999999999995,0.90725212176652947,0.065682052912091976,0.2165698889024136,0.0088542409618881275
CodeBERT_unfrozen_s2026__isotonic_tiebreak,threshold,Win64,0.5,False,0.98599059553225521,0.98765925938511501,0.94420000000000004,0.94371027943105013,0.041894254114327074,0.14999255247195548,0.0089736572387497989
CodeBERT_unfrozen_s2026__isotonic_tiebreak,threshold,Dot_Net,0.5,False,0.98760748987607483,0.98766896804360371,0.95040000000000002,0.95059760956175299,0.038642624481068429,0.14227717034849319,0.0075416842636521183
CodeBERT_unfrozen_s2026__isotonic_tiebreak,same_period,Pooled,0.5,False,0.98367054712624469,0.98456007553125202,0.93686666666666663,0.93646001073537311,0.047441791762211354,0.16525207992707255,0.0075409875507543066
CodeBERT_unfrozen_s2026__isotonic_tiebreak,same_period,Win32,0.5,False,0.9721330887959333,0.97493957017013,0.91149999999999998,0.91005183453603011,0.064590644573519401,0.21328876234665173,0.010866994410901724
CodeBERT_unfrozen_s2026__isotonic_tiebreak,same_period,Win64,0.5,False,0.98711100726891399,0.98809718063878893,0.9456,0.94540345242874346,0.04123838228331473,0.14425616277606054,0.0098662158306325812
CodeBERT_unfrozen_s2026__isotonic_tiebreak,same_period,Dot_Net,0.5,False,0.98842115953684639,0.98816771437460915,0.95350000000000001,0.95352323838080955,0.036496348429799937,0.13821131465850536,0.0086837746116152966
CodeBERT_unfrozen_s2026__isotonic_tiebreak,test,Pooled,0.5,False,0.98022549534541259,0.97973481679839369,0.92379999999999995,0.92201146288209612,0.055948167277148825,0.19038240278152643,0.02417208687200784
CodeBERT_unfrozen_s2026__isotonic_tiebreak,test,Win32,0.5,False,0.97664441731164831,0.97773989675895678,0.91180000000000005,0.90779845285385741,0.062019420144151412,0.20106244703566814,0.020793003404589509
CodeBERT_unfrozen_s2026__isotonic_tiebreak,test,Win64,0.5,False,0.97676042655129014,0.97550473254347048,0.91469999999999996,0.91157872913859228,0.065200053816218281,0.21502886001515889,0.049055724447092414
CodeBERT_unfrozen_s2026__isotonic_tiebreak,test,Dot_Net,0.5,False,0.98653042173706296,0.98495386018295472,0.94489999999999996,0.94544014258837505,0.040625027871076774,0.15505590129375224,0.0079689592677057615
CodeBERT_unfrozen_s2026__format_platt,tune,Pooled,0.5,True,0.97844576577085085,0.98004661771803281,0.93083333333333329,0.93042749371332778,0.054474594959103041,0.19473222860939965,0.024392170652997883
CodeBERT_unfrozen_s2026__format_platt,tune,Win32,0.5,True,0.96693880979715263,0.9712215101200643,0.90300000000000002,0.90071647901740015,0.073569674864753021,0.24944350675793373,0.034290473401325933
CodeBERT_unfrozen_s2026__format_platt,tune,Win64,0.5,True,0.98346308657716452,0.98629175480117115,0.94550000000000001,0.94514343231001507,0.044276893582300393,0.16456035980794553,0.024041253965915638
CodeBERT_unfrozen_s2026__format_platt,tune,Dot_Net,0.5,True,0.98319699999999999,0.98247315656954082,0.94399999999999995,0.94466403162055335,0.045577216430255675,0.17019281926231961,0.017800460136670266
CodeBERT_unfrozen_s2026__format_platt,calibration,Pooled,0.5,True,0.98099046664960721,0.98102125617989111,0.93641666666666667,0.93607038123167152,0.050768553704132087,0.18278628635598784,0.024339957157279699
CodeBERT_unfrozen_s2026__format_platt,calibration,Win32,0.5,True,0.9723615822768511,0.9743445348167753,0.91474999999999995,0.91312101910828025,0.065766968881170326,0.22732195747870315,0.032135832347869361
CodeBERT_unfrozen_s2026__format_platt,calibration,Win64,0.5,True,0.98549395625261405,0.98605158486889799,0.94674999999999998,0.94654956085319952,0.043621636421672168,0.16224772418186115,0.021102024811866814
CodeBERT_unfrozen_s2026__format_platt,calibration,Dot_Net,0.5,True,0.98645650000000007,0.98632349537857966,0.94774999999999998,0.94807453416149068,0.04291705580955376,0.15878917740739917,0.022302337994764204
CodeBERT_unfrozen_s2026__format_platt,threshold,Pooled,0.5,False,0.98148743100737501,0.98264345031662348,0.93440000000000001,0.93395973154362422,0.051392609648941059,0.18313545312141918,0.02724061577088337
CodeBERT_unfrozen_s2026__format_platt,threshold,Win32,0.5,False,0.97122637297474335,0.97435661188810618,0.90859999999999996,0.90721754136635879,0.06899977782537392,0.23486651639712908,0.033957990319198446
CodeBERT_unfrozen_s2026__format_platt,threshold,Win64,0.5,False,0.98599059553225521,0.98765925938511501,0.94420000000000004,0.94371027943105013,0.044493331931244079,0.16288929325778306,0.024498515418346623
CodeBERT_unfrozen_s2026__format_platt,threshold,Dot_Net,0.5,False,0.98760748987607483,0.98766896804360371,0.95040000000000002,0.95057791948983661,0.040684719190205186,0.1516505497093453,0.023920832537533184
CodeBERT_unfrozen_s2026__format_platt,same_period,Pooled,0.5,False,0.98239318550838295,0.98271877419529075,0.93700000000000006,0.93661546716748267,0.049571069433860304,0.17787447918341981,0.02686730922957907
CodeBERT_unfrozen_s2026__format_platt,same_period,Win32,0.5,False,0.9721330887959333,0.97493957017013,0.91149999999999998,0.91016140493350928,0.067182849321044597,0.23018650846448532,0.032976588749603131
CodeBERT_unfrozen_s2026__format_platt,same_period,Win64,0.5,False,0.98711100726891399,0.98809718063878893,0.94579999999999997,0.94561509131045551,0.043524763267062068,0.15919791232582531,0.026420545507257361
CodeBERT_unfrozen_s2026__format_platt,same_period,Dot_Net,0.5,False,0.98842115953684639,0.98816771437460915,0.95369999999999999,0.95370462953704627,0.038005595713474255,0.14423901675994871,0.021767300808700478
CodeBERT_unfrozen_s2026__format_platt,test,Pooled,0.5,False,0.97911347446413166,0.97815951724898764,0.92403333333333337,0.9222741379898366,0.058676185086282202,0.20382120144757998,0.033860678020768968
CodeBERT_unfrozen_s2026__format_platt,test,Win32,0.5,False,0.97664441731164831,0.97773989675895678,0.91220000000000001,0.90829329433883432,0.065200928216550408,0.22177017902706708,0.045190091123651709
CodeBERT_unfrozen_s2026__format_platt,test,Win64,0.5,False,0.97676042655129014,0.97550473254347048,0.91500000000000004,0.91191709844559588,0.066941807242634849,0.22948034248934274,0.045746069739314173
CodeBERT_unfrozen_s2026__format_platt,test,Dot_Net,0.5,False,0.98653042173706296,0.98495386018295472,0.94489999999999996,0.94542933544617214,0.043885819799661385,0.16021308282633012,0.024385399805894464
CodeBERT_unfrozen_s2027__temperature,tune,Pooled,0.5,True,0.9795745031683204,0.98142429449319502,0.93566666666666665,0.93579507651363936,0.054028563848209157,0.1994511320201231,0.029809127957523211
CodeBERT_unfrozen_s2027__temperature,tune,Win32,0.5,True,0.9698019128688633,0.97176139628891056,0.91500000000000004,0.91414141414141414,0.070120547262931973,0.24582194363268844,0.036039547325204091
CodeBERT_unfrozen_s2027__temperature,tune,Win64,0.5,True,0.98111952798819979,0.98547414350921625,0.94699999999999995,0.94678714859437751,0.045460842348939601,0.1746228140273223,0.023523558665891679
CodeBERT_unfrozen_s2027__temperature,tune,Dot_Net,0.5,True,0.9840549999999999,0.98344249609123857,0.94499999999999995,0.94607843137254899,0.046504301932755919,0.17790863840035842,0.033735807502747704
CodeBERT_unfrozen_s2027__temperature,calibration,Pooled,0.5,True,0.98272673999283766,0.98344767697579849,0.9405,0.94042056074766356,0.049229373933984279,0.18254155334806244,0.025387104750728636
CodeBERT_unfrozen_s2027__temperature,calibration,Win32,0.5,True,0.97330487213084749,0.9761894354376941,0.92200000000000004,0.92129162462159431,0.06280614720868892,0.22274933827751789,0.023774455876268481
CodeBERT_unfrozen_s2027__temperature,calibration,Win64,0.5,True,0.98495919542370736,0.98559717880064091,0.94574999999999998,0.94568210262828534,0.045639155912338962,0.17282745424359064,0.024611703350598951
CodeBERT_unfrozen_s2027__temperature,calibration,Dot_Net,0.5,True,0.98796575000000009,0.98792314898154809,0.95374999999999999,0.95403726708074532,0.039242818680924926,0.15204786752307883,0.02929695327574576
CodeBERT_unfrozen_s2027__temperature,threshold,Pooled,0.5,False,0.98226748946415299,0.98377753938280399,0.93823333333333336,0.93803090094308073,0.050761970913200151,0.1865730021155336,0.026887719624115673
CodeBERT_unfrozen_s2027__temperature,threshold,Win32,0.5,False,0.97052317006461986,0.97408460400489605,0.91549999999999998,0.91485288190245873,0.068441915468742717,0.23925121426823967,0.027964839014084805
CodeBERT_unfrozen_s2027__temperature,threshold,Win64,0.5,False,0.9849182968451774,0.98695556064459267,0.94599999999999995,0.9455315715150292,0.04515419651984752,0.17069649219608313,0.024478210869564452
CodeBERT_unfrozen_s2027__temperature,threshold,Dot_Net,0.5,False,0.98813289988132891,0.98810660587028276,0.95320000000000005,0.95349761526232113,0.038689800751010257,0.14977129988227794,0.030128685773406515
CodeBERT_unfrozen_s2027__temperature,same_period,Pooled,0.5,False,0.98354107427444304,0.98463479196364634,0.93913333333333338,0.93896242813210318,0.049741293102890737,0.18244337092611193,0.028982489507880262
CodeBERT_unfrozen_s2027__temperature,same_period,Win32,0.5,False,0.9709384428737442,0.97456656943851128,0.91479999999999995,0.91413021568232211,0.069063693129473025,0.24005898391080818,0.029334833609406915
CodeBERT_unfrozen_s2027__temperature,same_period,Win64,0.5,False,0.98682248116370164,0.98770454100863858,0.94799999999999995,0.94777018883085573,0.043240608708785426,0.16383067992428804,0.027982987356716778
CodeBERT_unfrozen_s2027__temperature,same_period,Dot_Net,0.5,False,0.98970485958819432,0.98997421538763519,0.9546,0.9547718669057581,0.036919577470413766,0.1434404489432396,0.03096575152770531
CodeBERT_unfrozen_s2027__temperature,test,Pooled,0.5,False,0.97915491524229736,0.97905389961097433,0.9224,0.92059485640221028,0.063450994031479246,0.22262529248468715,0.038976858022874483
CodeBERT_unfrozen_s2027__temperature,test,Win32,0.5,False,0.97502591633587576,0.97637771872534396,0.9173,0.91423830758062841,0.068442039964659251,0.23918492710413405,0.030905210849490081
CodeBERT_unfrozen_s2027__temperature,test,Win64,0.5,False,0.97526637453685416,0.97470121306899515,0.90190000000000003,0.89737420232241871,0.078850503245398551,0.26666898510801873,0.057249158292224232
CodeBERT_unfrozen_s2027__temperature,test,Dot_Net,0.5,False,0.9873410237586715,0.98667558383859044,0.94799999999999995,0.94859628311585609,0.043060438884379902,0.16202196524190873,0.033994345448403296
CodeBERT_unfrozen_s2027__isotonic,tune,Pooled,0.5,True,0.97947933522217356,0.97927988767708163,0.93666666666666665,0.93691899070385121,0.051202906854564766,0.17980137173505925,0.012900887061165168
CodeBERT_unfrozen_s2027__isotonic,tune,Win32,0.5,True,0.96934289634426829,0.96825543809803838,0.91600000000000004,0.91549295774647887,0.066543243761977872,0.22473726163205093,0.020366031391516444
CodeBERT_unfrozen_s2027__isotonic,tune,Win64,0.5,True,0.98127353183829602,0.98423990482222368,0.94799999999999995,0.94784353059177529,0.043162908356825277,0.1599479720368821,0.013197400476461129
CodeBERT_unfrozen_s2027__isotonic,tune,Dot_Net,0.5,True,0.98425099999999999,0.98182415109695809,0.94599999999999995,0.94711067580803132,0.043902568444891168,0.15471888153624472,0.015252132120607486
CodeBERT_unfrozen_s2027__isotonic,calibration,Pooled,0.5,True,0.98325673322941332,0.98289373726340179,0.94091666666666662,0.94092158986751107,0.045838915008416289,0.16060594960445118,1.8517594864893757e-17
CodeBERT_unfrozen_s2027__isotonic,calibration,Win32,0.5,True,0.97405590386193819,0.97504194702044811,0.92274999999999996,0.9222641509433962,0.059096293686002076,0.20069269545020013,0.0074925829401457627
CodeBERT_unfrozen_s2027__isotonic,calibration,Win64,0.5,True,0.98547220581216766,0.9855369766983042,0.94599999999999995,0.94597298649324657,0.041789258106356746,0.14888168029461168,0.011125485873115144
CodeBERT_unfrozen_s2027__isotonic,calibration,Dot_Net,0.5,True,0.98836450000000009,0.98703617047962,0.95399999999999996,0.95431976166832178,0.036631193232890033,0.1322434730685417,0.0089350004805471041
CodeBERT_unfrozen_s2027__isotonic,threshold,Pooled,0.5,False,0.98212361082778765,0.98204804925705158,0.93830000000000002,0.93824029895565708,0.0478458926007733,0.16720234585778582,0.0026658033827791612
CodeBERT_unfrozen_s2027__isotonic,threshold,Win32,0.5,False,0.97036469377469592,0.97175163154327227,0.91535,0.91505694646530533,0.06461029675756505,0.21684862280744077,0.0085543265281367905
CodeBERT_unfrozen_s2027__isotonic,threshold,Win64,0.5,False,0.98474253796266353,0.98534612854745163,0.94650000000000001,0.94612286002014101,0.042216461617217718,0.15078697032195468,0.0060140434767483918
CodeBERT_unfrozen_s2027__isotonic,threshold,Dot_Net,0.5,False,0.98790910487909123,0.98663118464273059,0.95304999999999995,0.95340181628703291,0.036710919427537118,0.13397144444396192,0.0085406548816827233
CodeBERT_unfrozen_s2027__isotonic,same_period,Pooled,0.5,False,0.98337806763846491,0.98299201691298199,0.93933333333333335,0.939305009004202,0.046723210814735246,0.16206666207501438,0.0045251241778356916
CodeBERT_unfrozen_s2027__isotonic,same_period,Win32,0.5,False,0.97070723398607428,0.97201214025782534,0.91449999999999998,0.91428571428571426,0.064892460436448571,0.21621417305974272,0.014267366564474833
CodeBERT_unfrozen_s2027__isotonic,same_period,Win64,0.5,False,0.98670299863545119,0.98644932247002481,0.94830000000000003,0.94810799959851455,0.04017945307106182,0.14230131857070116,0.0090516641473403683
CodeBERT_unfrozen_s2027__isotonic,same_period,Dot_Net,0.5,False,0.98949679957987202,0.98840463087434927,0.95520000000000005,0.95541401273885351,0.035097718936695353,0.12768449459459927,0.010821485009794372
CodeBERT_unfrozen_s2027__isotonic,test,Pooled,0.5,False,0.97908455169880415,0.97709198830562793,0.92333333333333334,0.92171012322145829,0.057409641020067972,0.19273785681938377,0.026720063227016901
CodeBERT_unfrozen_s2027__isotonic,test,Win32,0.5,False,0.97503909650669063,0.97431564403544857,0.91810000000000003,0.91533133464282024,0.062843309363452282,0.20832959388330291,0.026522756700432418
CodeBERT_unfrozen_s2027__isotonic,test,Win64,0.5,False,0.97505819614221101,0.97197735358988779,0.90400000000000003,0.89981214777708207,0.069661855473170983,0.22948491887661585,0.055502244384901631
CodeBERT_unfrozen_s2027__isotonic,test,Dot_Net,0.5,False,0.9871698548852772,0.98527527616941035,0.94789999999999996,0.94853304356416079,0.039723758223580624,0.14039905769823255,0.0074671920309666122
CodeBERT_unfrozen_s2027__isotonic_tiebreak,tune,Pooled,0.5,True,0.9795745031683204,0.98142429449319502,0.93666666666666665,0.93691899070385121,0.051202906854564766,0.17980137173505925,0.012900887061165168
CodeBERT_unfrozen_s2027__isotonic_tiebreak,tune,Win32,0.5,True,0.9698019128688633,0.97176139628891056,0.91600000000000004,0.91549295774647887,0.066543243761977872,0.22473726163205093,0.020366031391516444
CodeBERT_unfrozen_s2027__isotonic_tiebreak,tune,Win64,0.5,True,0.98111952798819979,0.98547414350921625,0.94799999999999995,0.94784353059177529,0.043162908356825277,0.1599479720368821,0.013197400476461129
CodeBERT_unfrozen_s2027__isotonic_tiebreak,tune,Dot_Net,0.5,True,0.9840549999999999,0.98344249609123857,0.94599999999999995,0.94711067580803132,0.043902568444891168,0.15471888153624472,0.015252132120607486
CodeBERT_unfrozen_s2027__isotonic_tiebreak,calibration,Pooled,0.5,True,0.98272673999283766,0.98344767697579849,0.94091666666666662,0.94092158986751107,0.045838915008416289,0.16060594960445118,1.8517594864893757e-17
CodeBERT_unfrozen_s2027__isotonic_tiebreak,calibration,Win32,0.5,True,0.97330487213084749,0.9761894354376941,0.92274999999999996,0.9222641509433962,0.059096293686002076,0.20069269545020013,0.0074925829401457627
CodeBERT_unfrozen_s2027__isotonic_tiebreak,calibration,Win64,0.5,True,0.98495919542370736,0.98559717880064091,0.94599999999999995,0.94597298649324657,0.041789258106356746,0.14888168029461168,0.011125485873115144
CodeBERT_unfrozen_s2027__isotonic_tiebreak,calibration,Dot_Net,0.5,True,0.98796575000000009,0.98792314898154809,0.95399999999999996,0.95431976166832178,0.036631193232890033,0.1322434730685417,0.0089350004805471041
CodeBERT_unfrozen_s2027__isotonic_tiebreak,threshold,Pooled,0.5,False,0.98226748946415299,0.98377753938280399,0.93830000000000002,0.93824029895565708,0.0478458926007733,0.16720234585778582,0.0026658033827791612
CodeBERT_unfrozen_s2027__isotonic_tiebreak,threshold,Win32,0.5,False,0.97052317006461986,0.97408460400489605,0.91535,0.91505694646530533,0.06461029675756505,0.21684862280744077,0.0085543265281367905
CodeBERT_unfrozen_s2027__isotonic_tiebreak,threshold,Win64,0.5,False,0.9849182968451774,0.98695556064459267,0.94650000000000001,0.94612286002014101,0.042216461617217718,0.15078697032195468,0.0060140434767483918
CodeBERT_unfrozen_s2027__isotonic_tiebreak,threshold,Dot_Net,0.5,False,0.98813289988132891,0.98810660587028276,0.95304999999999995,0.95340181628703291,0.036710919427537118,0.13397144444396192,0.0085406548816827233
CodeBERT_unfrozen_s2027__isotonic_tiebreak,same_period,Pooled,0.5,False,0.98354107427444304,0.98463479196364634,0.93933333333333335,0.939305009004202,0.046723210814735246,0.16206666207501438,0.0045251241778356916
CodeBERT_unfrozen_s2027__isotonic_tiebreak,same_period,Win32,0.5,False,0.9709384428737442,0.97456656943851128,0.91449999999999998,0.91428571428571426,0.064892460436448571,0.21621417305974272,0.014267366564474833
CodeBERT_unfrozen_s2027__isotonic_tiebreak,same_period,Win64,0.5,False,0.98682248116370164,0.98770454100863858,0.94830000000000003,0.94810799959851455,0.04017945307106182,0.14230131857070116,0.0090516641473403683
CodeBERT_unfrozen_s2027__isotonic_tiebreak,same_period,Dot_Net,0.5,False,0.98970485958819432,0.98997421538763519,0.95520000000000005,0.95541401273885351,0.035097718936695353,0.12768449459459927,0.010821485009794372
CodeBERT_unfrozen_s2027__isotonic_tiebreak,test,Pooled,0.5,False,0.97915491524229736,0.97905389961097433,0.92333333333333334,0.92171012322145829,0.057409641020067972,0.19273785681938377,0.026720063227016901
CodeBERT_unfrozen_s2027__isotonic_tiebreak,test,Win32,0.5,False,0.97502591633587576,0.97637771872534396,0.91810000000000003,0.91533133464282024,0.062843309363452282,0.20832959388330291,0.026522756700432418
CodeBERT_unfrozen_s2027__isotonic_tiebreak,test,Win64,0.5,False,0.97526637453685416,0.97470121306899515,0.90400000000000003,0.89981214777708207,0.069661855473170983,0.22948491887661585,0.055502244384901631
CodeBERT_unfrozen_s2027__isotonic_tiebreak,test,Dot_Net,0.5,False,0.9873410237586715,0.98667558383859044,0.94789999999999996,0.94853304356416079,0.039723758223580624,0.14039905769823255,0.0074671920309666122
CodeBERT_unfrozen_s2027__format_platt,tune,Pooled,0.5,True,0.97842070987843288,0.97997715271519759,0.93566666666666665,0.93579507651363936,0.0538046410135717,0.19789538792879235,0.025031544796575045
CodeBERT_unfrozen_s2027__format_platt,tune,Win32,0.5,True,0.9698019128688633,0.97176139628891056,0.91549999999999998,0.91494715651736291,0.069503441239634492,0.24399439977591345,0.037371007776247481
CodeBERT_unfrozen_s2027__format_platt,tune,Win64,0.5,True,0.98111952798819979,0.98547414350921625,0.94650000000000001,0.94625816172777499,0.045406180065457095,0.17459670069602309,0.02453669300956289
CodeBERT_unfrozen_s2027__format_platt,tune,Dot_Net,0.5,True,0.9840549999999999,0.98344249609123857,0.94499999999999995,0.94591937069813181,0.046504301735623511,0.17509506331444041,0.025094246558968823
CodeBERT_unfrozen_s2027__format_platt,calibration,Pooled,0.5,True,0.98112196841757526,0.98282606296918129,0.94033333333333335,0.94025367156208273,0.049106759920126614,0.18159185317091767,0.025582984697770067
CodeBERT_unfrozen_s2027__format_platt,calibration,Win32,0.5,True,0.97330487213084749,0.9761894354376941,0.92249999999999999,0.92199295420231508,0.062364817972595764,0.22185349939936475,0.033792516435943665
CodeBERT_unfrozen_s2027__format_platt,calibration,Win64,0.5,True,0.98495919542370736,0.98559717880064091,0.94574999999999998,0.94562766224004013,0.045572355009512656,0.17271671770684913,0.025907236124981723
CodeBERT_unfrozen_s2027__format_platt,calibration,Dot_Net,0.5,True,0.98796575000000009,0.98792314898154809,0.95274999999999999,0.95297337646180647,0.039383106778271421,0.15020534240653916,0.018905359379912272
CodeBERT_unfrozen_s2027__format_platt,threshold,Pooled,0.5,False,0.98093721680827595,0.98263393746114613,0.93830000000000002,0.93812054959382207,0.050656905863381514,0.18558790771009365,0.02611398424253383
CodeBERT_unfrozen_s2027__format_platt,threshold,Win32,0.5,False,0.97052317006461986,0.97408460400489605,0.91525000000000001,0.91490536673527789,0.068003073891865676,0.2379873587408565,0.035679086850641473
CodeBERT_unfrozen_s2027__format_platt,threshold,Win64,0.5,False,0.9849182968451774,0.98695556064459267,0.94599999999999995,0.94549308569698198,0.045160618911910658,0.17106555404480228,0.02504369698717783
CodeBERT_unfrozen_s2027__format_platt,threshold,Dot_Net,0.5,False,0.98813289988132891,0.98810660587028276,0.95365,0.95386452993579851,0.038807024786368188,0.14771081034462222,0.018787565404832163
CodeBERT_unfrozen_s2027__format_platt,same_period,Pooled,0.5,False,0.98254650090295648,0.98432799236838153,0.93906666666666672,0.93893231776575137,0.049657153773519071,0.18145391461205804,0.02890007847624166
CodeBERT_unfrozen_s2027__format_platt,same_period,Win32,0.5,False,0.9709384428737442,0.97456656943851128,0.91449999999999998,0.91419969894631214,0.068649247512230699,0.23891508452236909,0.039305319433048498
CodeBERT_unfrozen_s2027__format_platt,same_period,Win64,0.5,False,0.98682248116370164,0.98770454100863858,0.94789999999999996,0.94762239871317988,0.043200217936417894,0.16404837921352661,0.027675248426102202
CodeBERT_unfrozen_s2027__format_platt,same_period,Dot_Net,0.5,False,0.98970485958819432,0.98997421538763519,0.95479999999999998,0.95489922171223307,0.037121995871908606,0.14139828010027844,0.022361875987823
CodeBERT_unfrozen_s2027__format_platt,test,Pooled,0.5,False,0.97756292090373698,0.97759282430225825,0.9220666666666667,0.92023200272944383,0.063461178378931365,0.22203935400494484,0.038227728874955375
CodeBERT_unfrozen_s2027__format_platt,test,Win32,0.5,False,0.97502591633587576,0.97637771872534396,0.91810000000000003,0.91531382483714196,0.067340851909355168,0.23552921663302917,0.044672430024162935
CodeBERT_unfrozen_s2027__format_platt,test,Win64,0.5,False,0.97526637453685416,0.97470121306899515,0.90029999999999999,0.89548170667784888,0.079600300429717552,0.26941162096607241,0.056231375773889508
CodeBERT_unfrozen_s2027__format_platt,test,Dot_Net,0.5,False,0.9873410237586715,0.98667558383859044,0.94779999999999998,0.94831683168316827,0.043442382797721404,0.16117722441573307,0.02045254493559311
CodeBERT_unfrozen_s2028__temperature,tune,Pooled,0.5,True,0.97865271299758594,0.97975302451411006,0.93183333333333329,0.93182197032838809,0.055624598360420219,0.20066544067866501,0.020200861197466211
CodeBERT_unfrozen_s2028__temperature,tune,Win32,0.5,True,0.96668780076082728,0.9689282007990232,0.90549999999999997,0.90449722081859529,0.07377906017861946,0.25307315459162505,0.034041977106904091
CodeBERT_unfrozen_s2028__temperature,tune,Win64,0.5,True,0.98384959623990609,0.98615573555035074,0.94899999999999995,0.94884653961885657,0.043296464277431952,0.16434797910776949,0.02022282890348661
CodeBERT_unfrozen_s2028__temperature,tune,Dot_Net,0.5,True,0.98197199999999996,0.98164558652770351,0.94099999999999995,0.94175715695952611,0.049798270625209209,0.1845751883366005,0.020321690837050058
CodeBERT_unfrozen_s2028__temperature,calibration,Pooled,0.5,True,0.98212648192270136,0.98268850757464443,0.9368333333333333,0.93670674682698729,0.050458276324889445,0.18319058610612138,0.023311624989232123
CodeBERT_unfrozen_s2028__temperature,calibration,Win32,0.5,True,0.97403640303802819,0.97573780724144399,0.91600000000000004,0.9157049673858505,0.065327695302668881,0.22597326836839562,0.028940114649576638
CodeBERT_unfrozen_s2028__temperature,calibration,Win64,0.5,True,0.98454568705016265,0.98590434007871874,0.94550000000000001,0.94530858003010532,0.044813072825098971,0.16744159556586205,0.023418096325227261
CodeBERT_unfrozen_s2028__temperature,calibration,Dot_Net,0.5,True,0.98621499999999995,0.98586978539994963,0.94899999999999995,0.949050949050949,0.041234060846900483,0.1561568943841064,0.021546118726396599
CodeBERT_unfrozen_s2028__temperature,threshold,Pooled,0.5,False,0.98189990443191388,0.98310875162030764,0.93643333333333334,0.93633784009347354,0.051344209134524511,0.18606027459564314,0.021895651202121981
CodeBERT_unfrozen_s2028__temperature,threshold,Win32,0.5,False,0.97192585573721424,0.97466578280073801,0.91495000000000004,0.91462129197410025,0.067281881206545435,0.23331128083622976,0.025418124866355456
CodeBERT_unfrozen_s2028__temperature,threshold,Win64,0.5,False,0.98488827618202091,0.98660245752187814,0.94489999999999996,0.94483380056067279,0.045907913009789199,0.17099979597626225,0.019433431195852134
CodeBERT_unfrozen_s2028__temperature,threshold,Dot_Net,0.5,False,0.9870744998707448,0.98742279177172954,0.94945000000000002,0.94947778721703058,0.040842833187238886,0.15386974697443734,0.024965767093499198
CodeBERT_unfrozen_s2028__temperature,same_period,Pooled,0.5,False,0.98263402874638661,0.98375676203980178,0.93803333333333339,0.93802713604693799,0.050212197934885745,0.18261677146524077,0.021656901415937683
CodeBERT_unfrozen_s2028__temperature,same_period,Win32,0.5,False,0.97135993907605789,0.97404501194570514,0.91290000000000004,0.91285642821410706,0.068950552793770117,0.23771829253618912,0.026325426669539482
CodeBERT_unfrozen_s2028__temperature,same_period,Win64,0.5,False,0.98706312625575154,0.9883709970224811,0.94879999999999998,0.94892258579409416,0.042302058476671005,0.15933911194602601,0.021309884069945606
CodeBERT_unfrozen_s2028__temperature,same_period,Dot_Net,0.5,False,0.98779387951175501,0.98825214866426903,0.95240000000000002,0.95229504910803764,0.039383982534216121,0.15079290991350708,0.022885329896946856
CodeBERT_unfrozen_s2028__temperature,test,Pooled,0.5,False,0.98149175690076851,0.98157459291780302,0.92993333333333328,0.92891444031112613,0.056046246165571953,0.19987146298007902,0.026264096468801418
CodeBERT_unfrozen_s2028__temperature,test,Win32,0.5,False,0.97647009505243187,0.97778509853839068,0.91700000000000004,0.91434468524251811,0.065775560651322673,0.22786174336774148,0.034743076317771314
CodeBERT_unfrozen_s2028__temperature,test,Win64,0.5,False,0.98036122471781606,0.97982871161374696,0.92589999999999995,0.92454943488443131,0.059005114626667111,0.21042657845966181,0.030173944956454136
CodeBERT_unfrozen_s2028__temperature,test,Dot_Net,0.5,False,0.98671195114754762,0.98590091844923078,0.94689999999999996,0.94721145243065907,0.043358063218726088,0.1613260671128337,0.026225024533475354
CodeBERT_unfrozen_s2028__isotonic,tune,Pooled,0.5,True,0.97831681959279659,0.97712570502615703,0.93066666666666664,0.93110301424312691,0.053467641769761536,0.18692528961089608,0.01287998286806483
CodeBERT_unfrozen_s2028__isotonic,tune,Win32,0.5,True,0.96604027744998811,0.964988027111646,0.90449999999999997,0.90502237692690202,0.069936533541336485,0.23899976521159641,0.021734006241660289
CodeBERT_unfrozen_s2028__isotonic,tune,Win64,0.5,True,0.98377209430235768,0.9846089798523131,0.94699999999999995,0.94694694694694692,0.041558121316560628,0.15224286311770072,0.013581100459720958
CodeBERT_unfrozen_s2028__isotonic,tune,Dot_Net,0.5,True,0.98178100000000001,0.97901194294684846,0.9405,0.94135041892557914,0.048908270451387487,0.16953324050339108,0.014558070454602072
CodeBERT_unfrozen_s2028__isotonic,calibration,Pooled,0.5,True,0.98258890480638694,0.98139289968550936,0.93799999999999994,0.93823675909015436,0.047253663198275356,0.16459220218110934,5.2411778620845929e-18
CodeBERT_unfrozen_s2028__isotonic,calibration,Win32,0.5,True,0.97483406173910836,0.97419156146490049,0.91774999999999995,0.91838253535102954,0.06079479645181067,0.20161080309998927,0.012078849996514804
CodeBERT_unfrozen_s2028__isotonic,calibration,Win64,0.5,True,0.98502569677035967,0.98485341779019209,0.94650000000000001,0.94644644644644649,0.041504817921292896,0.14907852790456683,0.011847086352676291
CodeBERT_unfrozen_s2028__isotonic,calibration,Dot_Net,0.5,True,0.98642287500000003,0.98435433715659315,0.94974999999999998,0.9499875590943021,0.039461375221722508,0.14308727553877187,0.016110472244500126
CodeBERT_unfrozen_s2028__isotonic,threshold,Pooled,0.5,False,0.98171787582883108,0.98105978106197889,0.93589999999999995,0.93611720151484956,0.049446859162256857,0.17430013707959524,0.0046960247852221816
CodeBERT_unfrozen_s2028__isotonic,threshold,Win32,0.5,False,0.97179037535999802,0.97188764255402171,0.91349999999999998,0.91392178326201612,0.064988186026772157,0.21858934243083281,0.019567860144064954
CodeBERT_unfrozen_s2028__isotonic,threshold,Win64,0.5,False,0.98474245296078589,0.98501955157086141,0.9446,0.94469402016571824,0.043651972229624671,0.15782947851148257,0.010417971499961544
CodeBERT_unfrozen_s2028__isotonic,threshold,Dot_Net,0.5,False,0.98683430986834308,0.98557432630828334,0.9496,0.94978078915902753,0.039700419230373749,0.14648159029647029,0.015892640775651719
CodeBERT_unfrozen_s2028__isotonic,same_period,Pooled,0.5,False,0.98247696441252153,0.98177011042563045,0.93740000000000001,0.93771557442292386,0.048427518023603643,0.16943782509732982,0.0050574619596323953
CodeBERT_unfrozen_s2028__isotonic,same_period,Win32,0.5,False,0.97134923866473433,0.97136919537462996,0.91200000000000003,0.91280221957986529,0.066084153973553245,0.21909330815197786,0.020908567278461937
CodeBERT_unfrozen_s2028__isotonic,same_period,Win64,0.5,False,0.98683970152808442,0.98686374811551436,0.94799999999999995,0.94828957836117744,0.040413491044133588,0.14524844086053057,0.0075140494937799823
CodeBERT_unfrozen_s2028__isotonic,same_period,Dot_Net,0.5,False,0.98765243950609749,0.9865205258911397,0.95220000000000005,0.95221911235505796,0.038784909053124081,0.14397172627948102,0.016903223761990008
CodeBERT_unfrozen_s2028__isotonic,test,Pooled,0.5,False,0.98133027609074008,0.97943764673121514,0.93149999999999999,0.93097773150169616,0.052026035153952932,0.18037082970509805,0.016045484589109558
CodeBERT_unfrozen_s2028__isotonic,test,Win32,0.5,False,0.97637961387979588,0.97554005257187204,0.91949999999999998,0.91793251095932304,0.0608146368679474,0.20033336999972329,0.018961822250437334
CodeBERT_unfrozen_s2028__isotonic,test,Win64,0.5,False,0.9801095824827083,0.977569463081568,0.92910000000000004,0.92820253164556965,0.053965422786020352,0.1890499870862121,0.024408496859812043
CodeBERT_unfrozen_s2028__isotonic,test,Dot_Net,0.5,False,0.98662256651384816,0.98418593928697162,0.94589999999999996,0.94637724254138167,0.041298045807891044,0.15172913202935873,0.014425698386980913
CodeBERT_unfrozen_s2028__isotonic_tiebreak,tune,Pooled,0.5,True,0.97865271299758594,0.97975302451411006,0.93066666666666664,0.93110301424312691,0.053467641769761536,0.18692528961089608,0.01287998286806483
CodeBERT_unfrozen_s2028__isotonic_tiebreak,tune,Win32,0.5,True,0.96668780076082728,0.9689282007990232,0.90449999999999997,0.90502237692690202,0.069936533541336485,0.23899976521159641,0.021734006241660289
CodeBERT_unfrozen_s2028__isotonic_tiebreak,tune,Win64,0.5,True,0.98384959623990609,0.98615573555035074,0.94699999999999995,0.94694694694694692,0.041558121316560628,0.15224286311770072,0.013581100459720958
CodeBERT_unfrozen_s2028__isotonic_tiebreak,tune,Dot_Net,0.5,True,0.98197199999999996,0.98164558652770351,0.9405,0.94135041892557914,0.048908270451387487,0.16953324050339108,0.014558070454602072
CodeBERT_unfrozen_s2028__isotonic_tiebreak,calibration,Pooled,0.5,True,0.98212648192270136,0.98268850757464443,0.93799999999999994,0.93823675909015436,0.047253663198275356,0.16459220218110934,5.2411778620845929e-18
CodeBERT_unfrozen_s2028__isotonic_tiebreak,calibration,Win32,0.5,True,0.97403640303802819,0.97573780724144399,0.91774999999999995,0.91838253535102954,0.06079479645181067,0.20161080309998927,0.012078849996514804
CodeBERT_unfrozen_s2028__isotonic_tiebreak,calibration,Win64,0.5,True,0.98454568705016265,0.98590434007871874,0.94650000000000001,0.94644644644644649,0.041504817921292896,0.14907852790456683,0.011847086352676291
CodeBERT_unfrozen_s2028__isotonic_tiebreak,calibration,Dot_Net,0.5,True,0.98621499999999995,0.98586978539994963,0.94974999999999998,0.9499875590943021,0.039461375221722508,0.14308727553877187,0.016110472244500126
CodeBERT_unfrozen_s2028__isotonic_tiebreak,threshold,Pooled,0.5,False,0.98189990443191388,0.98310875162030764,0.93589999999999995,0.93611720151484956,0.049446859162256857,0.17430013707959524,0.0046960247852221816
CodeBERT_unfrozen_s2028__isotonic_tiebreak,threshold,Win32,0.5,False,0.97192585573721424,0.97466578280073801,0.91349999999999998,0.91392178326201612,0.064988186026772157,0.21858934243083281,0.019567860144064954
CodeBERT_unfrozen_s2028__isotonic_tiebreak,threshold,Win64,0.5,False,0.98488827618202091,0.98660245752187814,0.9446,0.94469402016571824,0.043651972229624671,0.15782947851148257,0.010417971499961544
CodeBERT_unfrozen_s2028__isotonic_tiebreak,threshold,Dot_Net,0.5,False,0.9870744998707448,0.98742279177172954,0.9496,0.94978078915902753,0.039700419230373749,0.14648159029647029,0.015892640775651719
CodeBERT_unfrozen_s2028__isotonic_tiebreak,same_period,Pooled,0.5,False,0.98263402874638661,0.98375676203980178,0.93740000000000001,0.93771557442292386,0.048427518023603643,0.16943782509732982,0.0050574619596323953
CodeBERT_unfrozen_s2028__isotonic_tiebreak,same_period,Win32,0.5,False,0.97135993907605789,0.97404501194570514,0.91200000000000003,0.91280221957986529,0.066084153973553245,0.21909330815197786,0.020908567278461937
CodeBERT_unfrozen_s2028__isotonic_tiebreak,same_period,Win64,0.5,False,0.98706312625575154,0.9883709970224811,0.94799999999999995,0.94828957836117744,0.040413491044133588,0.14524844086053057,0.0075140494937799823
CodeBERT_unfrozen_s2028__isotonic_tiebreak,same_period,Dot_Net,0.5,False,0.98779387951175501,0.98825214866426903,0.95220000000000005,0.95221911235505796,0.038784909053124081,0.14397172627948102,0.016903223761990008
CodeBERT_unfrozen_s2028__isotonic_tiebreak,test,Pooled,0.5,False,0.98149175690076851,0.98157459291780302,0.93149999999999999,0.93097773150169616,0.052026035153952932,0.18037082970509805,0.016045484589109558
CodeBERT_unfrozen_s2028__isotonic_tiebreak,test,Win32,0.5,False,0.97647009505243187,0.97778509853839068,0.91949999999999998,0.91793251095932304,0.0608146368679474,0.20033336999972329,0.018961822250437334
CodeBERT_unfrozen_s2028__isotonic_tiebreak,test,Win64,0.5,False,0.98036122471781606,0.97982871161374696,0.92910000000000004,0.92820253164556965,0.053965422786020352,0.1890499870862121,0.024408496859812043
CodeBERT_unfrozen_s2028__isotonic_tiebreak,test,Dot_Net,0.5,False,0.98671195114754762,0.98590091844923078,0.94589999999999996,0.94637724254138167,0.041298045807891044,0.15172913202935873,0.014425698386980913
CodeBERT_unfrozen_s2028__format_platt,tune,Pooled,0.5,True,0.97730025037003265,0.97795506462382054,0.93166666666666664,0.93171219187208532,0.055554722093605589,0.20039368699244794,0.022099926072173266
CodeBERT_unfrozen_s2028__format_platt,tune,Win32,0.5,True,0.96668780076082728,0.9689282007990232,0.90600000000000003,0.90514631685166502,0.072926013688860883,0.25029760231453402,0.037345972286891717
CodeBERT_unfrozen_s2028__format_platt,tune,Win64,0.5,True,0.98384959623990609,0.98615573555035074,0.94850000000000001,0.94837092731829575,0.04332608802005402,0.16423756278908519,0.019896990159300205
CodeBERT_unfrozen_s2028__format_platt,tune,Dot_Net,0.5,True,0.98197199999999996,0.98164558652770351,0.9405,0.94129255056734085,0.050412064571901866,0.18664589587372465,0.023090905372763034
CodeBERT_unfrozen_s2028__format_platt,calibration,Pooled,0.5,True,0.98042954244162628,0.9808183310422689,0.93700000000000006,0.93690535803705555,0.050283813817671899,0.18237052496693612,0.025675193558108753
CodeBERT_unfrozen_s2028__format_platt,calibration,Win32,0.5,True,0.97403640303802819,0.97573780724144399,0.91674999999999995,0.9165622650964671,0.064708804717682117,0.22490493176624016,0.035225640291116821
CodeBERT_unfrozen_s2028__format_platt,calibration,Win64,0.5,True,0.98454568705016265,0.98590434007871874,0.94525000000000003,0.94507148231753202,0.044724769871685284,0.16736827593723602,0.02466622054313064
CodeBERT_unfrozen_s2028__format_platt,calibration,Dot_Net,0.5,True,0.98621499999999995,0.98586978539994963,0.94899999999999995,0.949050949050949,0.041417866863648276,0.15483836719733213,0.017133719840078714
CodeBERT_unfrozen_s2028__format_platt,threshold,Pooled,0.5,False,0.98082001409265962,0.98189020867856203,0.93648333333333333,0.93641232709859346,0.051217225791685368,0.18501859380040739,0.023498327466514909
CodeBERT_unfrozen_s2028__format_platt,threshold,Win32,0.5,False,0.97192585573721424,0.97466578280073801,0.91520000000000001,0.9149363025378674,0.066707757188674374,0.23182817666278144,0.032376578135483808
CodeBERT_unfrozen_s2028__format_platt,threshold,Win64,0.5,False,0.98488827618202091,0.98660245752187814,0.94484999999999997,0.9447920316332149,0.045874552575737068,0.1709831286304456,0.020696269876586723
CodeBERT_unfrozen_s2028__format_platt,threshold,Dot_Net,0.5,False,0.9870744998707448,0.98742279177172954,0.94940000000000002,0.94944044764188651,0.041069367610644662,0.15224447610799527,0.019253634462424736
CodeBERT_unfrozen_s2028__format_platt,same_period,Pooled,0.5,False,0.98129903302033283,0.9825721933824918,0.93806666666666672,0.93810380438403629,0.050063188225951454,0.18150292117372566,0.022365201630576405
CodeBERT_unfrozen_s2028__format_platt,same_period,Win32,0.5,False,0.97135993907605789,0.97404501194570514,0.91300000000000003,0.91308691308691303,0.068368938734072321,0.23628409628176697,0.032012053113262953
CodeBERT_unfrozen_s2028__format_platt,same_period,Win64,0.5,False,0.98706312625575154,0.9883709970224811,0.94889999999999997,0.94903759848409297,0.042314839202446344,0.15952394566140851,0.021405661930497626
CodeBERT_unfrozen_s2028__format_platt,same_period,Dot_Net,0.5,False,0.98779387951175501,0.98825214866426903,0.95230000000000004,0.95220919747520294,0.039505786741335674,0.14870072157800146,0.015999736157434438
CodeBERT_unfrozen_s2028__format_platt,test,Pooled,0.5,False,0.97950495737086618,0.97867526249559234,0.93026666666666669,0.92930521762638552,0.05571701572424604,0.19833746725675311,0.027333028479323014
CodeBERT_unfrozen_s2028__format_platt,test,Win32,0.5,False,0.97647009505243187,0.97778509853839068,0.91759999999999997,0.91508656224237428,0.064793598244727996,0.22523058043408428,0.037775383220395156
CodeBERT_unfrozen_s2028__format_platt,test,Win64,0.5,False,0.98036122471781606,0.97982871161374696,0.92630000000000001,0.92500254401139714,0.058644142680600295,0.20903035564531966,0.027602588947485802
CodeBERT_unfrozen_s2028__format_platt,test,Dot_Net,0.5,False,0.98671195114754762,0.98590091844923078,0.94689999999999996,0.94722194612861543,0.043713306247409822,0.16075146569085533,0.018395981708933921
CodeBERT_partial_s2026__fusion_ROC_AUC,tune,Pooled,0.5,True,0.99474081818211113,0.99534230217670139,0.97016666666666662,0.97020143166305972,0.024741681035988165,0.098767771629319198,0.015254527690900703
CodeBERT_partial_s2026__fusion_ROC_AUC,tune,Win32,0.5,True,0.99346576476753179,0.99405184609153296,0.95850000000000002,0.95856215676485268,0.033233382695833286,0.11470139399491922,0.022158466888929865
CodeBERT_partial_s2026__fusion_ROC_AUC,tune,Win64,0.5,True,0.99628590714767873,0.9970820343512885,0.98099999999999998,0.98088531187122741,0.017694632404149688,0.075249280605403993,0.014487589002004758
CodeBERT_partial_s2026__fusion_ROC_AUC,tune,Dot_Net,0.5,True,0.99377199999999999,0.99398744935780892,0.97099999999999997,0.97123015873015872,0.023297028007981516,0.10635264028763433,0.01720257399448847
CodeBERT_partial_s2026__fusion_ROC_AUC,calibration,Pooled,0.5,True,0.99535285418837305,0.99578355791312534,0.97216666666666662,0.97219910104877638,0.022599215322362785,0.092077459365152423,0.013039716716251259
CodeBERT_partial_s2026__fusion_ROC_AUC,calibration,Win32,0.5,True,0.99439026298861122,0.99491890742801525,0.96725000000000005,0.96722541906429826,0.026062373665418668,0.099704798117598484,0.013563957668139727
CodeBERT_partial_s2026__fusion_ROC_AUC,calibration,Win64,0.5,True,0.99621517335726051,0.99670534449183312,0.97924999999999995,0.97925518620344909,0.01797944131712222,0.079792430410626239,0.013014600082178633
CodeBERT_partial_s2026__fusion_ROC_AUC,calibration,Dot_Net,0.5,True,0.99537775000000006,0.99568511677591653,0.96999999999999997,0.97011952191235062,0.023755830984547477,0.096735149567232517,0.018558995086054048
CodeBERT_partial_s2026__fusion_ROC_AUC,threshold,Pooled,0.5,False,0.99600319750599609,0.99640978205127029,0.97193333333333332,0.97192491080657528,0.021970547171722872,0.085447070521357985,0.012141136989389492
CodeBERT_partial_s2026__fusion_ROC_AUC,threshold,Win32,0.5,False,0.99424106142772828,0.99491357976847472,0.96535000000000004,0.96528577869057752,0.027054500453687076,0.10175620884995872,0.013735812509297706
CodeBERT_partial_s2026__fusion_ROC_AUC,threshold,Win64,0.5,False,0.99700272379016863,0.99730622480312991,0.97640000000000005,0.97637164597517023,0.018869580891224737,0.074623725720400311,0.012015286424349689
CodeBERT_partial_s2026__fusion_ROC_AUC,threshold,Dot_Net,0.5,False,0.99647834996478357,0.99680763945416673,0.97404999999999997,0.97410567280347249,0.019987560170256807,0.079961276993714983,0.0123681519427024
CodeBERT_partial_s2026__fusion_ROC_AUC,same_period,Pooled,0.5,False,0.99588410021956963,0.99626743608029567,0.97250000000000003,0.97250091663611216,0.022042397235661104,0.086949544475327697,0.012313381697618562
CodeBERT_partial_s2026__fusion_ROC_AUC,same_period,Win32,0.5,False,0.99336994514069121,0.99416389567789654,0.96250000000000002,0.9624962496249625,0.028964404039998601,0.11040518210921757,0.015858397656511772
CodeBERT_partial_s2026__fusion_ROC_AUC,same_period,Win64,0.5,False,0.99699321637645866,0.997262883139168,0.97750000000000004,0.9774977497749775,0.018240545839839022,0.074369847906305186,0.011149203493426411
CodeBERT_partial_s2026__fusion_ROC_AUC,same_period,Dot_Net,0.5,False,0.99683987987359524,0.99705728010317274,0.97750000000000004,0.97750674797560733,0.018922241827145678,0.076073603410460322,0.012799078231052204
CodeBERT_partial_s2026__fusion_ROC_AUC,test,Pooled,0.5,False,0.99566611417481066,0.99594655259609399,0.96840000000000004,0.96839578610481403,0.024551240025592905,0.095059589184649143,0.015355826404235631
CodeBERT_partial_s2026__fusion_ROC_AUC,test,Win32,0.5,False,0.99423412527426347,0.99471232082612837,0.96379999999999999,0.96316646316646315,0.028242163416897541,0.10980736944067747,0.018270069087976189
CodeBERT_partial_s2026__fusion_ROC_AUC,test,Win64,0.5,False,0.9967378717583486,0.99707345945781012,0.97270000000000001,0.9728331177231565,0.021178584163425281,0.080259947617390762,0.013656941810473
CodeBERT_partial_s2026__fusion_ROC_AUC,test,Dot_Net,0.5,False,0.99599267226013,0.99609947735129711,0.96870000000000001,0.96906808973218694,0.024232972496455892,0.095111450495879199,0.01797568092160761
CodeBERT_partial_s2026__fusion_AP,tune,Pooled,0.5,True,0.99474081818211113,0.99534230217670139,0.97016666666666662,0.97020143166305972,0.024741681035988165,0.098767771629319198,0.015254527690900703
CodeBERT_partial_s2026__fusion_AP,tune,Win32,0.5,True,0.99346576476753179,0.99405184609153296,0.95850000000000002,0.95856215676485268,0.033233382695833286,0.11470139399491922,0.022158466888929865
CodeBERT_partial_s2026__fusion_AP,tune,Win64,0.5,True,0.99628590714767873,0.9970820343512885,0.98099999999999998,0.98088531187122741,0.017694632404149688,0.075249280605403993,0.014487589002004758
CodeBERT_partial_s2026__fusion_AP,tune,Dot_Net,0.5,True,0.99377199999999999,0.99398744935780892,0.97099999999999997,0.97123015873015872,0.023297028007981516,0.10635264028763433,0.01720257399448847
CodeBERT_partial_s2026__fusion_AP,calibration,Pooled,0.5,True,0.99535285418837305,0.99578355791312534,0.97216666666666662,0.97219910104877638,0.022599215322362785,0.092077459365152423,0.013039716716251259
CodeBERT_partial_s2026__fusion_AP,calibration,Win32,0.5,True,0.99439026298861122,0.99491890742801525,0.96725000000000005,0.96722541906429826,0.026062373665418668,0.099704798117598484,0.013563957668139727
CodeBERT_partial_s2026__fusion_AP,calibration,Win64,0.5,True,0.99621517335726051,0.99670534449183312,0.97924999999999995,0.97925518620344909,0.01797944131712222,0.079792430410626239,0.013014600082178633
CodeBERT_partial_s2026__fusion_AP,calibration,Dot_Net,0.5,True,0.99537775000000006,0.99568511677591653,0.96999999999999997,0.97011952191235062,0.023755830984547477,0.096735149567232517,0.018558995086054048
CodeBERT_partial_s2026__fusion_AP,threshold,Pooled,0.5,False,0.99600319750599609,0.99640978205127029,0.97193333333333332,0.97192491080657528,0.021970547171722872,0.085447070521357985,0.012141136989389492
CodeBERT_partial_s2026__fusion_AP,threshold,Win32,0.5,False,0.99424106142772828,0.99491357976847472,0.96535000000000004,0.96528577869057752,0.027054500453687076,0.10175620884995872,0.013735812509297706
CodeBERT_partial_s2026__fusion_AP,threshold,Win64,0.5,False,0.99700272379016863,0.99730622480312991,0.97640000000000005,0.97637164597517023,0.018869580891224737,0.074623725720400311,0.012015286424349689
CodeBERT_partial_s2026__fusion_AP,threshold,Dot_Net,0.5,False,0.99647834996478357,0.99680763945416673,0.97404999999999997,0.97410567280347249,0.019987560170256807,0.079961276993714983,0.0123681519427024
CodeBERT_partial_s2026__fusion_AP,same_period,Pooled,0.5,False,0.99588410021956963,0.99626743608029567,0.97250000000000003,0.97250091663611216,0.022042397235661104,0.086949544475327697,0.012313381697618562
CodeBERT_partial_s2026__fusion_AP,same_period,Win32,0.5,False,0.99336994514069121,0.99416389567789654,0.96250000000000002,0.9624962496249625,0.028964404039998601,0.11040518210921757,0.015858397656511772
CodeBERT_partial_s2026__fusion_AP,same_period,Win64,0.5,False,0.99699321637645866,0.997262883139168,0.97750000000000004,0.9774977497749775,0.018240545839839022,0.074369847906305186,0.011149203493426411
CodeBERT_partial_s2026__fusion_AP,same_period,Dot_Net,0.5,False,0.99683987987359524,0.99705728010317274,0.97750000000000004,0.97750674797560733,0.018922241827145678,0.076073603410460322,0.012799078231052204
CodeBERT_partial_s2026__fusion_AP,test,Pooled,0.5,False,0.99566611417481066,0.99594655259609399,0.96840000000000004,0.96839578610481403,0.024551240025592905,0.095059589184649143,0.015355826404235631
CodeBERT_partial_s2026__fusion_AP,test,Win32,0.5,False,0.99423412527426347,0.99471232082612837,0.96379999999999999,0.96316646316646315,0.028242163416897541,0.10980736944067747,0.018270069087976189
CodeBERT_partial_s2026__fusion_AP,test,Win64,0.5,False,0.9967378717583486,0.99707345945781012,0.97270000000000001,0.9728331177231565,0.021178584163425281,0.080259947617390762,0.013656941810473
CodeBERT_partial_s2026__fusion_AP,test,Dot_Net,0.5,False,0.99599267226013,0.99609947735129711,0.96870000000000001,0.96906808973218694,0.024232972496455892,0.095111450495879199,0.01797568092160761
CodeBERT_partial_s2026__fusion_TPR_0.001,tune,Pooled,0.5,True,0.99472826245775081,0.9953477970863609,0.97050000000000003,0.97052456286427979,0.024695544976380775,0.097727419642402155,0.014863957849185977
CodeBERT_partial_s2026__fusion_TPR_0.001,tune,Win32,0.5,True,0.99339976239144612,0.99400185401831309,0.95850000000000002,0.95856215676485268,0.033140381111789928,0.11402208022172175,0.021518734526121665
CodeBERT_partial_s2026__fusion_TPR_0.001,tune,Win64,0.5,True,0.99640691017275429,0.99715138130314307,0.98150000000000004,0.98137896326119778,0.017664730509407867,0.073791700110245967,0.014429781535235118
CodeBERT_partial_s2026__fusion_TPR_0.001,tune,Dot_Net,0.5,True,0.993834,0.99416806393698498,0.97150000000000003,0.97171215880893302,0.023281523307944519,0.10536847859523873,0.017030081886565556
CodeBERT_partial_s2026__fusion_TPR_0.001,calibration,Pooled,0.5,True,0.99531646481024916,0.99575993703060095,0.97233333333333338,0.97236557349758612,0.022544227678120882,0.090949054138146232,0.012583058216466037
CodeBERT_partial_s2026__fusion_TPR_0.001,calibration,Win32,0.5,True,0.99433976085489606,0.99487975750487978,0.96750000000000003,0.96748374187093544,0.025981519858685066,0.098678019124611577,0.013362676189966277
CodeBERT_partial_s2026__fusion_TPR_0.001,calibration,Win64,0.5,True,0.99612717157522435,0.9966608368908878,0.97950000000000004,0.97950000000000004,0.017915368220973466,0.078616028849314748,0.012802574738980981
CodeBERT_partial_s2026__fusion_TPR_0.001,calibration,Dot_Net,0.5,True,0.99538024999999997,0.99567205761092326,0.96999999999999997,0.97011952191235062,0.023735794954704115,0.095553114440512385,0.018819665922329053
CodeBERT_partial_s2026__fusion_TPR_0.001,threshold,Pooled,0.5,False,0.99601178540134216,0.99641462923310453,0.97198333333333331,0.97197726174004373,0.02191245522649957,0.084177035004684028,0.011766111406310226
CodeBERT_partial_s2026__fusion_TPR_0.001,threshold,Win32,0.5,False,0.99426341231483473,0.99490114861101409,0.96555000000000002,0.96548960681192086,0.026994606356876751,0.10020741244639349,0.013189383267284367
CodeBERT_partial_s2026__fusion_TPR_0.001,threshold,Win64,0.5,False,0.99700328380253911,0.99732325097728247,0.97640000000000005,0.97637401141255376,0.018797781693346671,0.073049787748214676,0.0117932322881292
CodeBERT_partial_s2026__fusion_TPR_0.001,threshold,Dot_Net,0.5,False,0.99647784996477862,0.99681229029332719,0.97399999999999998,0.97405707443624023,0.019944977629275291,0.079273904819443936,0.012295687555326647
CodeBERT_partial_s2026__fusion_TPR_0.001,same_period,Pooled,0.5,False,0.99597299474804057,0.99633345332292178,0.97256666666666669,0.97256940972569406,0.021970136635905805,0.085025211229538017,0.011764404024165752
CodeBERT_partial_s2026__fusion_TPR_0.001,same_period,Win32,0.5,False,0.99353583151736358,0.99430134075739496,0.96250000000000002,0.9624962496249625,0.028886568286815413,0.10760634341773462,0.0154549629012663
CodeBERT_partial_s2026__fusion_TPR_0.001,same_period,Win64,0.5,False,0.99702193698418662,0.99727223926589714,0.97760000000000002,0.97760000000000002,0.018152201604167122,0.072522600777615895,0.010660584213900854
CodeBERT_partial_s2026__fusion_TPR_0.001,same_period,Dot_Net,0.5,False,0.99687923987516958,0.99709156076515049,0.97760000000000002,0.97760895641743306,0.018871640016734883,0.074946689493263538,0.012497992473437379
CodeBERT_partial_s2026__fusion_TPR_0.001,test,Pooled,0.5,False,0.9957269508727441,0.99597949830631405,0.96853333333333336,0.96853123541569441,0.024464769500667751,0.093097761149683572,0.014911696969625694
CodeBERT_partial_s2026__fusion_TPR_0.001,test,Win32,0.5,False,0.99433996664596769,0.994771694910211,0.9637,0.96306847085156166,0.028153437244229571,0.10734002894479233,0.01763969940950819
CodeBERT_partial_s2026__fusion_TPR_0.001,test,Win64,0.5,False,0.99682067907520311,0.99714100707142628,0.97299999999999998,0.97312898089171973,0.021063010514154736,0.078039429398720842,0.012772326218857627
CodeBERT_partial_s2026__fusion_TPR_0.001,test,Dot_Net,0.5,False,0.99600695300044362,0.99610275195622211,0.96889999999999998,0.96927181108586113,0.024177860743618947,0.093913825105537516,0.017681505315202434
CodeBERT_partial_s2026__fusion_TPR_0.005,tune,Pooled,0.5,True,0.99468770635694104,0.99533498538362553,0.96983333333333333,0.96986848676544035,0.024657692584349994,0.097189026623941452,0.014500226851860316
CodeBERT_partial_s2026__fusion_TPR_0.005,tune,Win32,0.5,True,0.99330575900732421,0.99391720768496838,0.95750000000000002,0.95756365451822267,0.033059424121205404,0.1136225739037771,0.019276828272694446
CodeBERT_partial_s2026__fusion_TPR_0.005,tune,Win64,0.5,True,0.99633890847271178,0.99710236964962784,0.98150000000000004,0.98137896326119778,0.017642625770649303,0.073202344536571845,0.014275468828680596
CodeBERT_partial_s2026__fusion_TPR_0.005,tune,Dot_Net,0.5,True,0.99388100000000001,0.99429730599327837,0.97050000000000003,0.97074863658899357,0.023271027861195271,0.10474216143147547,0.01685758977864248
CodeBERT_partial_s2026__fusion_TPR_0.005,calibration,Pooled,0.5,True,0.99529293671614905,0.99574308335717809,0.97241666666666671,0.97244651627403644,0.02249743944448691,0.090338569724517967,0.012376620840596235
CodeBERT_partial_s2026__fusion_TPR_0.005,calibration,Win32,0.5,True,0.99434326100277737,0.99488429334464124,0.96750000000000003,0.96748374187093544,0.025911759643879859,0.098055936293765827,0.013122870709529584
CodeBERT_partial_s2026__fusion_TPR_0.005,calibration,Win64,0.5,True,0.99607467051207788,0.99662909995597082,0.97950000000000004,0.97950000000000004,0.017859492043587919,0.077919705511106316,0.012407962556348566
CodeBERT_partial_s2026__fusion_TPR_0.005,calibration,Dot_Net,0.5,True,0.99535550000000006,0.99564194752930124,0.97024999999999995,0.97036114570361143,0.023721066645992942,0.095040067368681716,0.018680969774882462
CodeBERT_partial_s2026__fusion_TPR_0.005,threshold,Pooled,0.5,False,0.99598440502650465,0.9963927528659563,0.97196666666666665,0.97196199366561098,0.021862657427160846,0.083616923408660851,0.011470514403730493
CodeBERT_partial_s2026__fusion_TPR_0.005,threshold,Win32,0.5,False,0.99420393995437673,0.99485183053437065,0.96555000000000002,0.96548960681192086,0.026946133991299154,0.099699414457232266,0.012846773401861966
CodeBERT_partial_s2026__fusion_TPR_0.005,threshold,Win64,0.5,False,0.99699797368523879,0.99732347458341719,0.97624999999999995,0.97622265605446268,0.018733906866256405,0.072226310554537307,0.011202688238322701
CodeBERT_partial_s2026__fusion_TPR_0.005,threshold,Dot_Net,0.5,False,0.99646270996462716,0.99679840731099367,0.97409999999999997,0.97416201117318435,0.019907931423926981,0.078925045214212966,0.01191418337156556
CodeBERT_partial_s2026__fusion_TPR_0.005,same_period,Pooled,0.5,False,0.9959690924733543,0.99632719122652147,0.9724666666666667,0.97246850209986002,0.021906105495362066,0.084190527746007937,0.011270363591370409
CodeBERT_partial_s2026__fusion_TPR_0.005,same_period,Win32,0.5,False,0.99351047054248776,0.99428574567198069,0.96230000000000004,0.96228868660598177,0.028820417273781516,0.10666424787145727,0.014626729202449415
CodeBERT_partial_s2026__fusion_TPR_0.005,same_period,Win64,0.5,False,0.99702549705951771,0.99727266548287907,0.97750000000000004,0.9774977497749775,0.018071564627996535,0.071605190405517938,0.010212387926873836
CodeBERT_partial_s2026__fusion_TPR_0.005,same_period,Dot_Net,0.5,False,0.99688563987542544,0.9970954057841166,0.97760000000000002,0.9776134319408355,0.018826334584308147,0.074302144961048616,0.012331934418704879
CodeBERT_partial_s2026__fusion_TPR_0.005,test,Pooled,0.5,False,0.99572518195063886,0.99597232131154567,0.96856666666666669,0.96856561885396175,0.024386458434419878,0.092175855258215006,0.014469919524515007
CodeBERT_partial_s2026__fusion_TPR_0.005,test,Win32,0.5,False,0.99435468683674144,0.99477843610168226,0.96350000000000002,0.96286499135212122,0.028075630178637307,0.10627697331891583,0.017085351400029623
CodeBERT_partial_s2026__fusion_TPR_0.005,test,Win64,0.5,False,0.99683368022398466,0.99715118038833472,0.97299999999999998,0.97312363129603818,0.020955693253607088,0.076997096429649123,0.012379818519230151
CodeBERT_partial_s2026__fusion_TPR_0.005,test,Dot_Net,0.5,False,0.99598879205898028,0.99608345535054155,0.96919999999999995,0.96957724219676023,0.024128051871015247,0.093253496026080032,0.01752382163179016
CodeBERT_partial_s2026__stack,tune,Pooled,0.5,True,0.99476026288797881,0.9953725857049962,0.96950000000000003,0.96957605985037409,0.023855363529481595,0.086417092208087992,0.0059393360437874822
CodeBERT_partial_s2026__stack,tune,Win32,0.5,True,0.99351276645959263,0.99409520666881923,0.95650000000000002,0.9566517189835575,0.031228156289775013,0.10381726505707711,0.012690588503737683
CodeBERT_partial_s2026__stack,tune,Win64,0.5,True,0.99633290832270804,0.99711469021073307,0.98050000000000004,0.98037242073477604,0.017207209902133081,0.065047997534021129,0.013789851835473722
CodeBERT_partial_s2026__stack,tune,Dot_Net,0.5,True,0.99387600000000009,0.99414689142476631,0.97150000000000003,0.97179614052449281,0.023130724396536691,0.09038601403316579,0.012589384752782547
CodeBERT_partial_s2026__stack,calibration,Pooled,0.5,True,0.99540279930430176,0.99583032477085021,0.97183333333333333,0.97190824468085102,0.021938099732074539,0.080831102873835423,0.0053017117749972684
CodeBERT_partial_s2026__stack,calibration,Win32,0.5,True,0.99451601830177327,0.99503724676655347,0.96725000000000005,0.96730721237833794,0.025549199452753073,0.091518673977817114,0.0092465679345561103
CodeBERT_partial_s2026__stack,calibration,Win64,0.5,True,0.99628067468366222,0.99678094512806648,0.97950000000000004,0.97952047952047949,0.017391708797893351,0.067822280902036805,0.0073949494778086031
CodeBERT_partial_s2026__stack,calibration,Dot_Net,0.5,True,0.99538050000000011,0.99567601649171467,0.96875,0.96891320567023131,0.022873390945577193,0.083152353741652363,0.011884471882158389
CodeBERT_partial_s2026__stack,threshold,Pooled,0.5,False,0.99606775172307671,0.99646579511409306,0.97213333333333329,0.97215375391379655,0.021164347562015826,0.076331035904713185,0.0026090072983130635
CodeBERT_partial_s2026__stack,threshold,Win32,0.5,False,0.9942958836036202,0.99495110794867181,0.96545000000000003,0.96540675844806012,0.026322923523715461,0.092960045723608817,0.0052664126350578646
CodeBERT_partial_s2026__stack,threshold,Win64,0.5,False,0.99711164619626447,0.99740803443629011,0.97685,0.97683262446835128,0.017920223952831816,0.065002097551076277,0.0040006777135055118
CodeBERT_partial_s2026__stack,threshold,Dot_Net,0.5,False,0.99650647996506481,0.99683608929170675,0.97409999999999997,0.97420832503485366,0.019249895209500208,0.071030964439454489,0.0054755815551312753
CodeBERT_partial_s2026__stack,same_period,Pooled,0.5,False,0.99599848397961777,0.99636669393136046,0.97213333333333329,0.9721778487752929,0.021180608846684164,0.076718733690941524,0.0033622892889685735
CodeBERT_partial_s2026__stack,same_period,Win32,0.5,False,0.99348654962296745,0.99427051255242993,0.96140000000000003,0.96148473358611053,0.028079482067649986,0.099122454692748413,0.005645872511071676
CodeBERT_partial_s2026__stack,same_period,Win64,0.5,False,0.99713093929067531,0.99738012673462229,0.97719999999999996,0.9772182254196643,0.017251718667506809,0.063606995679480832,0.0047090300116860986
CodeBERT_partial_s2026__stack,same_period,Dot_Net,0.5,False,0.99691231987649287,0.99712501036062584,0.9778,0.97783988820123779,0.018210625804895703,0.067426750700595312,0.0064111718096626176
CodeBERT_partial_s2026__stack,test,Pooled,0.5,False,0.99579345878828174,0.99605445074157251,0.96853333333333336,0.96856058082994734,0.023127971295868677,0.081517682812308326,0.0056571909210507924
CodeBERT_partial_s2026__stack,test,Win32,0.5,False,0.99443236784348732,0.99487426040660032,0.96350000000000002,0.96290273401768467,0.026878568639645061,0.095337978485049379,0.013452912359433409
CodeBERT_partial_s2026__stack,test,Win64,0.5,False,0.99692072791551867,0.99723758530435014,0.97360000000000002,0.97371565113500602,0.019633521047048411,0.068715529126251493,0.004904880091792573
CodeBERT_partial_s2026__stack,test,Dot_Net,0.5,False,0.99602691403522359,0.99612956915805373,0.96850000000000003,0.96894409937888204,0.022871824200912556,0.080499540825624077,0.0081620170945379995
CodeBERT_partial_s2027__fusion_ROC_AUC,tune,Pooled,0.5,True,0.99474081818211113,0.99534230217670139,0.97016666666666662,0.97020143166305972,0.024741681035988165,0.098767771629319198,0.015254527690900703
CodeBERT_partial_s2027__fusion_ROC_AUC,tune,Win32,0.5,True,0.99346576476753179,0.99405184609153296,0.95850000000000002,0.95856215676485268,0.033233382695833286,0.11470139399491922,0.022158466888929865
CodeBERT_partial_s2027__fusion_ROC_AUC,tune,Win64,0.5,True,0.99628590714767873,0.9970820343512885,0.98099999999999998,0.98088531187122741,0.017694632404149688,0.075249280605403993,0.014487589002004758
CodeBERT_partial_s2027__fusion_ROC_AUC,tune,Dot_Net,0.5,True,0.99377199999999999,0.99398744935780892,0.97099999999999997,0.97123015873015872,0.023297028007981516,0.10635264028763433,0.01720257399448847
CodeBERT_partial_s2027__fusion_ROC_AUC,calibration,Pooled,0.5,True,0.99535285418837305,0.99578355791312534,0.97216666666666662,0.97219910104877638,0.022599215322362785,0.092077459365152423,0.013039716716251259
CodeBERT_partial_s2027__fusion_ROC_AUC,calibration,Win32,0.5,True,0.99439026298861122,0.99491890742801525,0.96725000000000005,0.96722541906429826,0.026062373665418668,0.099704798117598484,0.013563957668139727
CodeBERT_partial_s2027__fusion_ROC_AUC,calibration,Win64,0.5,True,0.99621517335726051,0.99670534449183312,0.97924999999999995,0.97925518620344909,0.01797944131712222,0.079792430410626239,0.013014600082178633
CodeBERT_partial_s2027__fusion_ROC_AUC,calibration,Dot_Net,0.5,True,0.99537775000000006,0.99568511677591653,0.96999999999999997,0.97011952191235062,0.023755830984547477,0.096735149567232517,0.018558995086054048
CodeBERT_partial_s2027__fusion_ROC_AUC,threshold,Pooled,0.5,False,0.99600319750599609,0.99640978205127029,0.97193333333333332,0.97192491080657528,0.021970547171722872,0.085447070521357985,0.012141136989389492
CodeBERT_partial_s2027__fusion_ROC_AUC,threshold,Win32,0.5,False,0.99424106142772828,0.99491357976847472,0.96535000000000004,0.96528577869057752,0.027054500453687076,0.10175620884995872,0.013735812509297706
CodeBERT_partial_s2027__fusion_ROC_AUC,threshold,Win64,0.5,False,0.99700272379016863,0.99730622480312991,0.97640000000000005,0.97637164597517023,0.018869580891224737,0.074623725720400311,0.012015286424349689
CodeBERT_partial_s2027__fusion_ROC_AUC,threshold,Dot_Net,0.5,False,0.99647834996478357,0.99680763945416673,0.97404999999999997,0.97410567280347249,0.019987560170256807,0.079961276993714983,0.0123681519427024
CodeBERT_partial_s2027__fusion_ROC_AUC,same_period,Pooled,0.5,False,0.99588410021956963,0.99626743608029567,0.97250000000000003,0.97250091663611216,0.022042397235661104,0.086949544475327697,0.012313381697618562
CodeBERT_partial_s2027__fusion_ROC_AUC,same_period,Win32,0.5,False,0.99336994514069121,0.99416389567789654,0.96250000000000002,0.9624962496249625,0.028964404039998601,0.11040518210921757,0.015858397656511772
CodeBERT_partial_s2027__fusion_ROC_AUC,same_period,Win64,0.5,False,0.99699321637645866,0.997262883139168,0.97750000000000004,0.9774977497749775,0.018240545839839022,0.074369847906305186,0.011149203493426411
CodeBERT_partial_s2027__fusion_ROC_AUC,same_period,Dot_Net,0.5,False,0.99683987987359524,0.99705728010317274,0.97750000000000004,0.97750674797560733,0.018922241827145678,0.076073603410460322,0.012799078231052204
CodeBERT_partial_s2027__fusion_ROC_AUC,test,Pooled,0.5,False,0.99566611417481066,0.99594655259609399,0.96840000000000004,0.96839578610481403,0.024551240025592905,0.095059589184649143,0.015355826404235631
CodeBERT_partial_s2027__fusion_ROC_AUC,test,Win32,0.5,False,0.99423412527426347,0.99471232082612837,0.96379999999999999,0.96316646316646315,0.028242163416897541,0.10980736944067747,0.018270069087976189
CodeBERT_partial_s2027__fusion_ROC_AUC,test,Win64,0.5,False,0.9967378717583486,0.99707345945781012,0.97270000000000001,0.9728331177231565,0.021178584163425281,0.080259947617390762,0.013656941810473
CodeBERT_partial_s2027__fusion_ROC_AUC,test,Dot_Net,0.5,False,0.99599267226013,0.99609947735129711,0.96870000000000001,0.96906808973218694,0.024232972496455892,0.095111450495879199,0.01797568092160761
CodeBERT_partial_s2027__fusion_AP,tune,Pooled,0.5,True,0.99471059555356245,0.99534643002092249,0.97016666666666662,0.97019150707743551,0.024696708924175272,0.097612298131660835,0.014609225729543445
CodeBERT_partial_s2027__fusion_AP,tune,Win32,0.5,True,0.99346876487553537,0.99408194290437812,0.95799999999999996,0.95804195804195802,0.033124619758628869,0.1133960151835908,0.021526947410039441
CodeBERT_partial_s2027__fusion_AP,tune,Win64,0.5,True,0.99630690767269192,0.99708615958157643,0.98099999999999998,0.98088531187122741,0.017665226649586942,0.074201216974702791,0.014445061442604466
CodeBERT_partial_s2027__fusion_AP,tune,Dot_Net,0.5,True,0.99383199999999994,0.99417011121568355,0.97150000000000003,0.97171215880893302,0.023300280364310026,0.1052396622366889,0.016990960310923071
CodeBERT_partial_s2027__fusion_AP,calibration,Pooled,0.5,True,0.99529977014135418,0.99578796477025433,0.97233333333333338,0.97236557349758612,0.022544654047055811,0.090860988890935301,0.012669601117828305
CodeBERT_partial_s2027__fusion_AP,calibration,Win32,0.5,True,0.99429700904863227,0.99487550787280266,0.96750000000000003,0.96748374187093544,0.026004499172106781,0.098786638952201994,0.01383397537440623
CodeBERT_partial_s2027__fusion_AP,calibration,Win64,0.5,True,0.99617242249155546,0.99674846348500645,0.97950000000000004,0.97950000000000004,0.017900315965481792,0.077866082624598487,0.012778303912172223
CodeBERT_partial_s2027__fusion_AP,calibration,Dot_Net,0.5,True,0.99531625000000012,0.9956294171422525,0.96999999999999997,0.97011952191235062,0.023729147003578865,0.095930245096005451,0.018642647794951631
CodeBERT_partial_s2027__fusion_AP,threshold,Pooled,0.5,False,0.99603810020603623,0.996428054196835,0.97189999999999999,0.97189156747024108,0.021906204653291805,0.083962868196183774,0.011769795652163217
CodeBERT_partial_s2027__fusion_AP,threshold,Win32,0.5,False,0.99430048378620151,0.99492054900983085,0.96550000000000002,0.96543778801843316,0.026974088297985848,0.099884083769885473,0.013205896798025914
CodeBERT_partial_s2027__fusion_AP,threshold,Win64,0.5,False,0.99702928437689198,0.99734143064025038,0.97624999999999995,0.97622027534418021,0.018793683814277626,0.072870037368767626,0.011781450230939022
CodeBERT_partial_s2027__fusion_AP,threshold,Dot_Net,0.5,False,0.9964972199649722,0.99681468850967847,0.97394999999999998,0.97400588734221427,0.019950841847611939,0.079134483449898221,0.012185521790487321
CodeBERT_partial_s2027__fusion_AP,same_period,Pooled,0.5,False,0.99596258127470372,0.99633517297209462,0.97250000000000003,0.97250091663611216,0.021972246661751051,0.085053984506207436,0.011756305967000225
CodeBERT_partial_s2027__fusion_AP,same_period,Win32,0.5,False,0.99346302871882397,0.99423350624188167,0.96250000000000002,0.9624962496249625,0.028886436966348867,0.10798491640986133,0.015434621190362456
CodeBERT_partial_s2027__fusion_AP,same_period,Win64,0.5,False,0.99707661814123982,0.99733660585697337,0.97750000000000004,0.9774977497749775,0.018150695798046412,0.071985651785652083,0.010642968044736171
CodeBERT_partial_s2027__fusion_AP,same_period,Dot_Net,0.5,False,0.99685191987407684,0.99708011402486318,0.97750000000000004,0.97750674797560733,0.018879607220857877,0.075191385323108886,0.012182559023719531
CodeBERT_partial_s2027__fusion_AP,test,Pooled,0.5,False,0.995672412070849,0.99593436621737275,0.96850000000000003,0.96849894996499886,0.024460975342748506,0.0932853876212138,0.014869769629437755
CodeBERT_partial_s2027__fusion_AP,test,Win32,0.5,False,0.99436528697411919,0.99483052812902728,0.9637,0.96306847085156166,0.028139368638307377,0.10683735734290609,0.017656817018740091
CodeBERT_partial_s2027__fusion_AP,test,Win64,0.5,False,0.99667278600737164,0.99699657337362202,0.97289999999999999,0.97303214250174141,0.021087928591817587,0.079258756996796534,0.012640104189318341
CodeBERT_partial_s2027__fusion_AP,test,Dot_Net,0.5,False,0.99598679195529494,0.99608319313591176,0.96889999999999998,0.96927181108586113,0.024155628798120547,0.093760048523938766,0.017813789147371382
CodeBERT_partial_s2027__fusion_TPR_0.001,tune,Pooled,0.5,True,0.99458137159399596,0.99528118943882593,0.96899999999999997,0.96904127829560582,0.024598039045720117,0.095831847765163583,0.013777741152408911
CodeBERT_partial_s2027__fusion_TPR_0.001,tune,Win32,0.5,True,0.99315675364313116,0.99382888994130625,0.95599999999999996,0.95608782435129736,0.032807277178551815,0.11158281228629326,0.018156153968223544
CodeBERT_partial_s2027__fusion_TPR_0.001,tune,Win64,0.5,True,0.996151903797595,0.9969207357055947,0.98050000000000004,0.98037242073477604,0.017618470629436146,0.072629506181521322,0.014167382297185904
CodeBERT_partial_s2027__fusion_TPR_0.001,tune,Dot_Net,0.5,True,0.99398600000000004,0.99453267273041657,0.97050000000000003,0.97074863658899357,0.023368369329172401,0.10328322482767616,0.016632544519666392
CodeBERT_partial_s2027__fusion_TPR_0.001,calibration,Pooled,0.5,True,0.99519979657504287,0.99571999686690216,0.97216666666666662,0.97219447219447219,0.022409077332921083,0.089200161371465123,0.01149721632849077
CodeBERT_partial_s2027__fusion_TPR_0.001,calibration,Win32,0.5,True,0.99418675439037296,0.99477950912793189,0.96699999999999997,0.96696696696696693,0.025885710662747301,0.097906693094898606,0.011466917570179052
CodeBERT_partial_s2027__fusion_TPR_0.001,calibration,Win64,0.5,True,0.99607892059814207,0.9967315898413317,0.97950000000000004,0.97950000000000004,0.017671936803392997,0.075170794291105486,0.010812901993197763
CodeBERT_partial_s2027__fusion_TPR_0.001,calibration,Dot_Net,0.5,True,0.99521599999999999,0.99553630753516187,0.96999999999999997,0.97011952191235062,0.023669584532622943,0.094522996728391262,0.017587507886022445
CodeBERT_partial_s2027__fusion_TPR_0.001,threshold,Pooled,0.5,False,0.99595558240970095,0.99636072606342807,0.97183333333333333,0.97182582021872499,0.02172940830599868,0.08239057049451827,0.010223192117101734
CodeBERT_partial_s2027__fusion_TPR_0.001,threshold,Win32,0.5,False,0.99415356795511223,0.99479820637925642,0.96530000000000005,0.96523046092184372,0.026765322003283656,0.098448266459063752,0.010817385822201432
CodeBERT_partial_s2027__fusion_TPR_0.001,threshold,Win64,0.5,False,0.99697344314335901,0.99731721013279995,0.97624999999999995,0.976215512493115,0.01856570472375331,0.070800539483543617,0.010278294176332912
CodeBERT_partial_s2027__fusion_TPR_0.001,threshold,Dot_Net,0.5,False,0.99647969996479702,0.99679198035284466,0.97394999999999998,0.97401885004737443,0.019857198190959064,0.077922905540947454,0.011099347535623923
CodeBERT_partial_s2027__fusion_TPR_0.001,same_period,Pooled,0.5,False,0.99591136725282636,0.99629759514077976,0.97233333333333338,0.9723370217304359,0.021773101198423014,0.083096073586950703,0.0099441125257763389
CodeBERT_partial_s2027__fusion_TPR_0.001,same_period,Win32,0.5,False,0.99329506226219333,0.99411192993581921,0.96230000000000004,0.96228868660598177,0.028690570527445152,0.10619611907442023,0.012886084806233468
CodeBERT_partial_s2027__fusion_TPR_0.001,same_period,Win64,0.5,False,0.99706297785261133,0.99733811891276192,0.97750000000000004,0.9774977497749775,0.017869762644284727,0.069444878994264034,0.0089724909212121982
CodeBERT_partial_s2027__fusion_TPR_0.001,same_period,Dot_Net,0.5,False,0.99685911987436482,0.9970834100898297,0.97719999999999996,0.9772182254196643,0.018758970423539158,0.073647222692167835,0.011150070146962156
CodeBERT_partial_s2027__fusion_TPR_0.001,test,Pooled,0.5,False,0.99560314854801157,0.99585471321434915,0.96830000000000005,0.96829471578596438,0.024184519240125938,0.090865028799795466,0.013066225297526733
CodeBERT_partial_s2027__fusion_TPR_0.001,test,Win32,0.5,False,0.99435560684866464,0.99483525907651571,0.96350000000000002,0.96287254602787098,0.027841135100560667,0.10358221001940922,0.01533134685666461
CodeBERT_partial_s2027__fusion_TPR_0.001,test,Win64,0.5,False,0.99659769937271658,0.99689258140299275,0.97240000000000004,0.97252090800477897,0.020811529931782563,0.077532245123698704,0.010608773197599624
CodeBERT_partial_s2027__fusion_TPR_0.001,test,Dot_Net,0.5,False,0.99589814735995918,0.99599278517558143,0.96899999999999997,0.96936758893280628,0.023900892688034588,0.091480631256278477,0.016488811005668277
CodeBERT_partial_s2027__fusion_TPR_0.005,tune,Pooled,0.5,True,0.99474081818211113,0.99534230217670139,0.97016666666666662,0.97020143166305972,0.024741681035988165,0.098767771629319198,0.015254527690900703
CodeBERT_partial_s2027__fusion_TPR_0.005,tune,Win32,0.5,True,0.99346576476753179,0.99405184609153296,0.95850000000000002,0.95856215676485268,0.033233382695833286,0.11470139399491922,0.022158466888929865
CodeBERT_partial_s2027__fusion_TPR_0.005,tune,Win64,0.5,True,0.99628590714767873,0.9970820343512885,0.98099999999999998,0.98088531187122741,0.017694632404149688,0.075249280605403993,0.014487589002004758
CodeBERT_partial_s2027__fusion_TPR_0.005,tune,Dot_Net,0.5,True,0.99377199999999999,0.99398744935780892,0.97099999999999997,0.97123015873015872,0.023297028007981516,0.10635264028763433,0.01720257399448847
CodeBERT_partial_s2027__fusion_TPR_0.005,calibration,Pooled,0.5,True,0.99535285418837305,0.99578355791312534,0.97216666666666662,0.97219910104877638,0.022599215322362785,0.092077459365152423,0.013039716716251259
CodeBERT_partial_s2027__fusion_TPR_0.005,calibration,Win32,0.5,True,0.99439026298861122,0.99491890742801525,0.96725000000000005,0.96722541906429826,0.026062373665418668,0.099704798117598484,0.013563957668139727
CodeBERT_partial_s2027__fusion_TPR_0.005,calibration,Win64,0.5,True,0.99621517335726051,0.99670534449183312,0.97924999999999995,0.97925518620344909,0.01797944131712222,0.079792430410626239,0.013014600082178633
CodeBERT_partial_s2027__fusion_TPR_0.005,calibration,Dot_Net,0.5,True,0.99537775000000006,0.99568511677591653,0.96999999999999997,0.97011952191235062,0.023755830984547477,0.096735149567232517,0.018558995086054048
CodeBERT_partial_s2027__fusion_TPR_0.005,threshold,Pooled,0.5,False,0.99600319750599609,0.99640978205127029,0.97193333333333332,0.97192491080657528,0.021970547171722872,0.085447070521357985,0.012141136989389492
CodeBERT_partial_s2027__fusion_TPR_0.005,threshold,Win32,0.5,False,0.99424106142772828,0.99491357976847472,0.96535000000000004,0.96528577869057752,0.027054500453687076,0.10175620884995872,0.013735812509297706
CodeBERT_partial_s2027__fusion_TPR_0.005,threshold,Win64,0.5,False,0.99700272379016863,0.99730622480312991,0.97640000000000005,0.97637164597517023,0.018869580891224737,0.074623725720400311,0.012015286424349689
CodeBERT_partial_s2027__fusion_TPR_0.005,threshold,Dot_Net,0.5,False,0.99647834996478357,0.99680763945416673,0.97404999999999997,0.97410567280347249,0.019987560170256807,0.079961276993714983,0.0123681519427024
CodeBERT_partial_s2027__fusion_TPR_0.005,same_period,Pooled,0.5,False,0.99588410021956963,0.99626743608029567,0.97250000000000003,0.97250091663611216,0.022042397235661104,0.086949544475327697,0.012313381697618562
CodeBERT_partial_s2027__fusion_TPR_0.005,same_period,Win32,0.5,False,0.99336994514069121,0.99416389567789654,0.96250000000000002,0.9624962496249625,0.028964404039998601,0.11040518210921757,0.015858397656511772
CodeBERT_partial_s2027__fusion_TPR_0.005,same_period,Win64,0.5,False,0.99699321637645866,0.997262883139168,0.97750000000000004,0.9774977497749775,0.018240545839839022,0.074369847906305186,0.011149203493426411
CodeBERT_partial_s2027__fusion_TPR_0.005,same_period,Dot_Net,0.5,False,0.99683987987359524,0.99705728010317274,0.97750000000000004,0.97750674797560733,0.018922241827145678,0.076073603410460322,0.012799078231052204
CodeBERT_partial_s2027__fusion_TPR_0.005,test,Pooled,0.5,False,0.99566611417481066,0.99594655259609399,0.96840000000000004,0.96839578610481403,0.024551240025592905,0.095059589184649143,0.015355826404235631
CodeBERT_partial_s2027__fusion_TPR_0.005,test,Win32,0.5,False,0.99423412527426347,0.99471232082612837,0.96379999999999999,0.96316646316646315,0.028242163416897541,0.10980736944067747,0.018270069087976189
CodeBERT_partial_s2027__fusion_TPR_0.005,test,Win64,0.5,False,0.9967378717583486,0.99707345945781012,0.97270000000000001,0.9728331177231565,0.021178584163425281,0.080259947617390762,0.013656941810473
CodeBERT_partial_s2027__fusion_TPR_0.005,test,Dot_Net,0.5,False,0.99599267226013,0.99609947735129711,0.96870000000000001,0.96906808973218694,0.024232972496455892,0.095111450495879199,0.01797568092160761
CodeBERT_partial_s2027__stack,tune,Pooled,0.5,True,0.99477426307620365,0.99538874413840694,0.96850000000000003,0.96858899783945485,0.023882771488265533,0.086307573815836203,0.005146743398946124
CodeBERT_partial_s2027__stack,tune,Win32,0.5,True,0.99358676912368837,0.99416849094880799,0.95599999999999996,0.95613160518444662,0.031079647017520178,0.10314437470157482,0.011551921662507013
CodeBERT_partial_s2027__stack,tune,Win64,0.5,True,0.99631190779769496,0.99710741194414887,0.97899999999999998,0.97887323943661975,0.017270431073916723,0.065035759305147933,0.011668303439947786
CodeBERT_partial_s2027__stack,tune,Dot_Net,0.5,True,0.99386699999999994,0.99414679678553897,0.97050000000000003,0.97083539298072175,0.023298236373359704,0.090742587440785824,0.011606764022420507
CodeBERT_partial_s2027__stack,calibration,Pooled,0.5,True,0.99539641032951676,0.99583377118779093,0.97175,0.97181341980543778,0.021926860531604461,0.080797083846207429,0.0041322718303243716
CodeBERT_partial_s2027__stack,calibration,Win32,0.5,True,0.99447651663282766,0.99500504786142052,0.96775,0.9677902621722847,0.025618953430913159,0.091825753433312063,0.0093984719838032613
CodeBERT_partial_s2027__stack,calibration,Win64,0.5,True,0.99630917526079898,0.9968190408726304,0.97924999999999995,0.97925518620344909,0.01734591065633731,0.067515772818301012,0.0066396115908288322
CodeBERT_partial_s2027__stack,calibration,Dot_Net,0.5,True,0.99536049999999998,0.99566347712187153,0.96825000000000006,0.96841581696095502,0.022815717507562921,0.083049725287009241,0.010616297212192885
CodeBERT_partial_s2027__stack,threshold,Pooled,0.5,False,0.99607768963690446,0.99647462913917051,0.97194999999999998,0.97196541901953926,0.021134673385976233,0.076217801245597766,0.0028509952980834072
CodeBERT_partial_s2027__stack,threshold,Win32,0.5,False,0.99433761525994979,0.99499122679716279,0.96535000000000004,0.96530663329161448,0.026175359073442428,0.092542309675529899,0.0051838100036944775
CodeBERT_partial_s2027__stack,threshold,Win64,0.5,False,0.99711467626319883,0.99741123987183211,0.97675000000000001,0.97672090112640797,0.017886876819389046,0.064939379098202479,0.0048360061879621869
CodeBERT_partial_s2027__stack,threshold,Dot_Net,0.5,False,0.99650638996506391,0.99683518107556757,0.97375,0.97385848727779711,0.019341784265097216,0.071171714963060906,0.0056092042276855922
CodeBERT_partial_s2027__stack,same_period,Pooled,0.5,False,0.99598783939206292,0.99636428857070203,0.9718,0.97184317380017304,0.02120388390988354,0.076792226923752135,0.0033834081833814117
CodeBERT_partial_s2027__stack,same_period,Win32,0.5,False,0.99346438877110432,0.99425080227847096,0.96150000000000002,0.96157301127857076,0.028043615319368314,0.099155054421891292,0.0054658418693217074
CodeBERT_partial_s2027__stack,same_period,Win64,0.5,False,0.99714861966479196,0.99740186430281697,0.97750000000000004,0.97752023179138781,0.0172448829135501,0.063503199605421112,0.0038484559700789731
CodeBERT_partial_s2027__stack,same_period,Dot_Net,0.5,False,0.99688167987526732,0.99710524987487126,0.97640000000000005,0.97644240367338786,0.018323153496732209,0.067718426743944002,0.005752576657146017
CodeBERT_partial_s2027__stack,test,Pooled,0.5,False,0.99577816961229604,0.99604568475110677,0.96856666666666669,0.9685907470938947,0.023102013540410173,0.081485203509320051,0.0049461190812314293
CodeBERT_partial_s2027__stack,test,Win32,0.5,False,0.99445276810787464,0.99490595462549214,0.96430000000000005,0.96372319886190427,0.02682906318831366,0.095071057911657472,0.013362739727400427
CodeBERT_partial_s2027__stack,test,Win64,0.5,False,0.99684120088851047,0.99716978698005143,0.97230000000000005,0.9724240915878547,0.019757735613237872,0.069297796474307644,0.0047718740933986297
CodeBERT_partial_s2027__stack,test,Dot_Net,0.5,False,0.9960535554163128,0.99615594294742982,0.96909999999999996,0.96951760875998816,0.022719241819679003,0.080086756141995036,0.0076721845035519105
CodeBERT_partial_s2028__fusion_ROC_AUC,tune,Pooled,0.5,True,0.99474081818211113,0.99534230217670139,0.97016666666666662,0.97020143166305972,0.024741681035988165,0.098767771629319198,0.015254527690900703
CodeBERT_partial_s2028__fusion_ROC_AUC,tune,Win32,0.5,True,0.99346576476753179,0.99405184609153296,0.95850000000000002,0.95856215676485268,0.033233382695833286,0.11470139399491922,0.022158466888929865
CodeBERT_partial_s2028__fusion_ROC_AUC,tune,Win64,0.5,True,0.99628590714767873,0.9970820343512885,0.98099999999999998,0.98088531187122741,0.017694632404149688,0.075249280605403993,0.014487589002004758
CodeBERT_partial_s2028__fusion_ROC_AUC,tune,Dot_Net,0.5,True,0.99377199999999999,0.99398744935780892,0.97099999999999997,0.97123015873015872,0.023297028007981516,0.10635264028763433,0.01720257399448847
CodeBERT_partial_s2028__fusion_ROC_AUC,calibration,Pooled,0.5,True,0.99535285418837305,0.99578355791312534,0.97216666666666662,0.97219910104877638,0.022599215322362785,0.092077459365152423,0.013039716716251259
CodeBERT_partial_s2028__fusion_ROC_AUC,calibration,Win32,0.5,True,0.99439026298861122,0.99491890742801525,0.96725000000000005,0.96722541906429826,0.026062373665418668,0.099704798117598484,0.013563957668139727
CodeBERT_partial_s2028__fusion_ROC_AUC,calibration,Win64,0.5,True,0.99621517335726051,0.99670534449183312,0.97924999999999995,0.97925518620344909,0.01797944131712222,0.079792430410626239,0.013014600082178633
CodeBERT_partial_s2028__fusion_ROC_AUC,calibration,Dot_Net,0.5,True,0.99537775000000006,0.99568511677591653,0.96999999999999997,0.97011952191235062,0.023755830984547477,0.096735149567232517,0.018558995086054048
CodeBERT_partial_s2028__fusion_ROC_AUC,threshold,Pooled,0.5,False,0.99600319750599609,0.99640978205127029,0.97193333333333332,0.97192491080657528,0.021970547171722872,0.085447070521357985,0.012141136989389492
CodeBERT_partial_s2028__fusion_ROC_AUC,threshold,Win32,0.5,False,0.99424106142772828,0.99491357976847472,0.96535000000000004,0.96528577869057752,0.027054500453687076,0.10175620884995872,0.013735812509297706
CodeBERT_partial_s2028__fusion_ROC_AUC,threshold,Win64,0.5,False,0.99700272379016863,0.99730622480312991,0.97640000000000005,0.97637164597517023,0.018869580891224737,0.074623725720400311,0.012015286424349689
CodeBERT_partial_s2028__fusion_ROC_AUC,threshold,Dot_Net,0.5,False,0.99647834996478357,0.99680763945416673,0.97404999999999997,0.97410567280347249,0.019987560170256807,0.079961276993714983,0.0123681519427024
CodeBERT_partial_s2028__fusion_ROC_AUC,same_period,Pooled,0.5,False,0.99588410021956963,0.99626743608029567,0.97250000000000003,0.97250091663611216,0.022042397235661104,0.086949544475327697,0.012313381697618562
CodeBERT_partial_s2028__fusion_ROC_AUC,same_period,Win32,0.5,False,0.99336994514069121,0.99416389567789654,0.96250000000000002,0.9624962496249625,0.028964404039998601,0.11040518210921757,0.015858397656511772
CodeBERT_partial_s2028__fusion_ROC_AUC,same_period,Win64,0.5,False,0.99699321637645866,0.997262883139168,0.97750000000000004,0.9774977497749775,0.018240545839839022,0.074369847906305186,0.011149203493426411
CodeBERT_partial_s2028__fusion_ROC_AUC,same_period,Dot_Net,0.5,False,0.99683987987359524,0.99705728010317274,0.97750000000000004,0.97750674797560733,0.018922241827145678,0.076073603410460322,0.012799078231052204
CodeBERT_partial_s2028__fusion_ROC_AUC,test,Pooled,0.5,False,0.99566611417481066,0.99594655259609399,0.96840000000000004,0.96839578610481403,0.024551240025592905,0.095059589184649143,0.015355826404235631
CodeBERT_partial_s2028__fusion_ROC_AUC,test,Win32,0.5,False,0.99423412527426347,0.99471232082612837,0.96379999999999999,0.96316646316646315,0.028242163416897541,0.10980736944067747,0.018270069087976189
CodeBERT_partial_s2028__fusion_ROC_AUC,test,Win64,0.5,False,0.9967378717583486,0.99707345945781012,0.97270000000000001,0.9728331177231565,0.021178584163425281,0.080259947617390762,0.013656941810473
CodeBERT_partial_s2028__fusion_ROC_AUC,test,Dot_Net,0.5,False,0.99599267226013,0.99609947735129711,0.96870000000000001,0.96906808973218694,0.024232972496455892,0.095111450495879199,0.01797568092160761
CodeBERT_partial_s2028__fusion_AP,tune,Pooled,0.5,True,0.99474081818211113,0.99534230217670139,0.97016666666666662,0.97020143166305972,0.024741681035988165,0.098767771629319198,0.015254527690900703
CodeBERT_partial_s2028__fusion_AP,tune,Win32,0.5,True,0.99346576476753179,0.99405184609153296,0.95850000000000002,0.95856215676485268,0.033233382695833286,0.11470139399491922,0.022158466888929865
CodeBERT_partial_s2028__fusion_AP,tune,Win64,0.5,True,0.99628590714767873,0.9970820343512885,0.98099999999999998,0.98088531187122741,0.017694632404149688,0.075249280605403993,0.014487589002004758
CodeBERT_partial_s2028__fusion_AP,tune,Dot_Net,0.5,True,0.99377199999999999,0.99398744935780892,0.97099999999999997,0.97123015873015872,0.023297028007981516,0.10635264028763433,0.01720257399448847
CodeBERT_partial_s2028__fusion_AP,calibration,Pooled,0.5,True,0.99535285418837305,0.99578355791312534,0.97216666666666662,0.97219910104877638,0.022599215322362785,0.092077459365152423,0.013039716716251259
CodeBERT_partial_s2028__fusion_AP,calibration,Win32,0.5,True,0.99439026298861122,0.99491890742801525,0.96725000000000005,0.96722541906429826,0.026062373665418668,0.099704798117598484,0.013563957668139727
CodeBERT_partial_s2028__fusion_AP,calibration,Win64,0.5,True,0.99621517335726051,0.99670534449183312,0.97924999999999995,0.97925518620344909,0.01797944131712222,0.079792430410626239,0.013014600082178633
CodeBERT_partial_s2028__fusion_AP,calibration,Dot_Net,0.5,True,0.99537775000000006,0.99568511677591653,0.96999999999999997,0.97011952191235062,0.023755830984547477,0.096735149567232517,0.018558995086054048
CodeBERT_partial_s2028__fusion_AP,threshold,Pooled,0.5,False,0.99600319750599609,0.99640978205127029,0.97193333333333332,0.97192491080657528,0.021970547171722872,0.085447070521357985,0.012141136989389492
CodeBERT_partial_s2028__fusion_AP,threshold,Win32,0.5,False,0.99424106142772828,0.99491357976847472,0.96535000000000004,0.96528577869057752,0.027054500453687076,0.10175620884995872,0.013735812509297706
CodeBERT_partial_s2028__fusion_AP,threshold,Win64,0.5,False,0.99700272379016863,0.99730622480312991,0.97640000000000005,0.97637164597517023,0.018869580891224737,0.074623725720400311,0.012015286424349689
CodeBERT_partial_s2028__fusion_AP,threshold,Dot_Net,0.5,False,0.99647834996478357,0.99680763945416673,0.97404999999999997,0.97410567280347249,0.019987560170256807,0.079961276993714983,0.0123681519427024
CodeBERT_partial_s2028__fusion_AP,same_period,Pooled,0.5,False,0.99588410021956963,0.99626743608029567,0.97250000000000003,0.97250091663611216,0.022042397235661104,0.086949544475327697,0.012313381697618562
CodeBERT_partial_s2028__fusion_AP,same_period,Win32,0.5,False,0.99336994514069121,0.99416389567789654,0.96250000000000002,0.9624962496249625,0.028964404039998601,0.11040518210921757,0.015858397656511772
CodeBERT_partial_s2028__fusion_AP,same_period,Win64,0.5,False,0.99699321637645866,0.997262883139168,0.97750000000000004,0.9774977497749775,0.018240545839839022,0.074369847906305186,0.011149203493426411
CodeBERT_partial_s2028__fusion_AP,same_period,Dot_Net,0.5,False,0.99683987987359524,0.99705728010317274,0.97750000000000004,0.97750674797560733,0.018922241827145678,0.076073603410460322,0.012799078231052204
CodeBERT_partial_s2028__fusion_AP,test,Pooled,0.5,False,0.99566611417481066,0.99594655259609399,0.96840000000000004,0.96839578610481403,0.024551240025592905,0.095059589184649143,0.015355826404235631
CodeBERT_partial_s2028__fusion_AP,test,Win32,0.5,False,0.99423412527426347,0.99471232082612837,0.96379999999999999,0.96316646316646315,0.028242163416897541,0.10980736944067747,0.018270069087976189
CodeBERT_partial_s2028__fusion_AP,test,Win64,0.5,False,0.9967378717583486,0.99707345945781012,0.97270000000000001,0.9728331177231565,0.021178584163425281,0.080259947617390762,0.013656941810473
CodeBERT_partial_s2028__fusion_AP,test,Dot_Net,0.5,False,0.99599267226013,0.99609947735129711,0.96870000000000001,0.96906808973218694,0.024232972496455892,0.095111450495879199,0.01797568092160761
CodeBERT_partial_s2028__fusion_TPR_0.001,tune,Pooled,0.5,True,0.99477704089132746,0.99534830041264932,0.97050000000000003,0.97052456286427979,0.024695811248258384,0.097523426922784442,0.014770500522514482
CodeBERT_partial_s2028__fusion_TPR_0.001,tune,Win32,0.5,True,0.99342976347148504,0.99402259742105703,0.95850000000000002,0.95856215676485268,0.033128172627136319,0.11381588165033919,0.021556658181116319
CodeBERT_partial_s2028__fusion_TPR_0.001,tune,Win64,0.5,True,0.99658091452286302,0.99724250160862571,0.98150000000000004,0.98137896326119778,0.017653668505268658,0.072864113826139804,0.014386750756696416
CodeBERT_partial_s2028__fusion_TPR_0.001,tune,Dot_Net,0.5,True,0.99373400000000001,0.99398685894159755,0.97150000000000003,0.97171215880893302,0.023305592612370168,0.10589028529187428,0.017027589128909247
CodeBERT_partial_s2028__fusion_TPR_0.001,calibration,Pooled,0.5,True,0.99530732579849146,0.99575436671324957,0.97216666666666662,0.97219910104877638,0.022529427125948569,0.091026551896363703,0.012751856138532344
CodeBERT_partial_s2028__fusion_TPR_0.001,calibration,Win32,0.5,True,0.99427550814021903,0.99482396293137931,0.96725000000000005,0.96722541906429826,0.025977930180595663,0.099066621646823116,0.014209510710295926
CodeBERT_partial_s2028__fusion_TPR_0.001,calibration,Win64,0.5,True,0.9961976730028782,0.9967227939716865,0.97924999999999995,0.97925518620344909,0.017898173054304752,0.078056527642030346,0.0128219941626351
CodeBERT_partial_s2028__fusion_TPR_0.001,calibration,Dot_Net,0.5,True,0.99536325000000003,0.99565690446605237,0.96999999999999997,0.97011952191235062,0.023712178142945271,0.095956506400237659,0.018515987111088726
CodeBERT_partial_s2028__fusion_TPR_0.001,threshold,Pooled,0.5,False,0.99604374806113338,0.99644419721745348,0.97188333333333332,0.97187536468666125,0.02190065118510312,0.083942979209527535,0.011742961780983729
CodeBERT_partial_s2028__fusion_TPR_0.001,threshold,Win32,0.5,False,0.99426718246447199,0.99490141989193315,0.96545000000000003,0.96538596403346189,0.026978657834056428,0.10022417508403396,0.013204243559452771
CodeBERT_partial_s2028__fusion_TPR_0.001,threshold,Win64,0.5,False,0.9970724253298755,0.99738482912708981,0.97624999999999995,0.97622027534418021,0.018787666820154775,0.072454347239933437,0.011798113482573227
CodeBERT_partial_s2028__fusion_TPR_0.001,threshold,Dot_Net,0.5,False,0.99648954996489558,0.99682405118634421,0.97394999999999998,0.97400848091793468,0.019935628901098158,0.07915041530461521,0.01220622019826376
CodeBERT_partial_s2028__fusion_TPR_0.001,same_period,Pooled,0.5,False,0.99598928385592733,0.99637100444550364,0.97256666666666669,0.97256940972569406,0.021958833562749479,0.084786203598806092,0.011787347054994558
CodeBERT_partial_s2028__fusion_TPR_0.001,same_period,Win32,0.5,False,0.99350903048713191,0.99430835616490099,0.96250000000000002,0.9624962496249625,0.028873826154761962,0.10764560327631786,0.015271227364246841
CodeBERT_partial_s2028__fusion_TPR_0.001,same_period,Win64,0.5,False,0.99710777880059931,0.99737382988278167,0.97760000000000002,0.97760000000000002,0.018127949000629751,0.07142515007970647,0.010948527561142889
CodeBERT_partial_s2028__fusion_TPR_0.001,same_period,Dot_Net,0.5,False,0.99683439987337608,0.99704555835248743,0.97760000000000002,0.97760895641743306,0.018874725532856736,0.075287857440393943,0.012286809241185833
CodeBERT_partial_s2028__fusion_TPR_0.001,test,Pooled,0.5,False,0.99571106613001947,0.99595864452017913,0.96856666666666669,0.96856352301896853,0.024457977765675855,0.093051485602500303,0.01491507314908895
CodeBERT_partial_s2028__fusion_TPR_0.001,test,Win32,0.5,False,0.99441636763612462,0.99486135816590981,0.96389999999999998,0.96326447542484994,0.028124870541878046,0.1066749344893711,0.017741868545223333
CodeBERT_partial_s2028__fusion_TPR_0.001,test,Win64,0.5,False,0.99675235303791443,0.99705941037044832,0.97289999999999999,0.97303214250174141,0.02107955181562399,0.078733116171057591,0.012700441999372775
CodeBERT_partial_s2028__fusion_TPR_0.001,test,Dot_Net,0.5,False,0.99600039266035534,0.99609566078128164,0.96889999999999998,0.96927181108586113,0.024169510939525532,0.093746406147072234,0.017982336458725472
CodeBERT_partial_s2028__fusion_TPR_0.005,tune,Pooled,0.5,True,0.99474081818211113,0.99534230217670139,0.97016666666666662,0.97020143166305972,0.024741681035988165,0.098767771629319198,0.015254527690900703
CodeBERT_partial_s2028__fusion_TPR_0.005,tune,Win32,0.5,True,0.99346576476753179,0.99405184609153296,0.95850000000000002,0.95856215676485268,0.033233382695833286,0.11470139399491922,0.022158466888929865
CodeBERT_partial_s2028__fusion_TPR_0.005,tune,Win64,0.5,True,0.99628590714767873,0.9970820343512885,0.98099999999999998,0.98088531187122741,0.017694632404149688,0.075249280605403993,0.014487589002004758
CodeBERT_partial_s2028__fusion_TPR_0.005,tune,Dot_Net,0.5,True,0.99377199999999999,0.99398744935780892,0.97099999999999997,0.97123015873015872,0.023297028007981516,0.10635264028763433,0.01720257399448847
CodeBERT_partial_s2028__fusion_TPR_0.005,calibration,Pooled,0.5,True,0.99535285418837305,0.99578355791312534,0.97216666666666662,0.97219910104877638,0.022599215322362785,0.092077459365152423,0.013039716716251259
CodeBERT_partial_s2028__fusion_TPR_0.005,calibration,Win32,0.5,True,0.99439026298861122,0.99491890742801525,0.96725000000000005,0.96722541906429826,0.026062373665418668,0.099704798117598484,0.013563957668139727
CodeBERT_partial_s2028__fusion_TPR_0.005,calibration,Win64,0.5,True,0.99621517335726051,0.99670534449183312,0.97924999999999995,0.97925518620344909,0.01797944131712222,0.079792430410626239,0.013014600082178633
CodeBERT_partial_s2028__fusion_TPR_0.005,calibration,Dot_Net,0.5,True,0.99537775000000006,0.99568511677591653,0.96999999999999997,0.97011952191235062,0.023755830984547477,0.096735149567232517,0.018558995086054048
CodeBERT_partial_s2028__fusion_TPR_0.005,threshold,Pooled,0.5,False,0.99600319750599609,0.99640978205127029,0.97193333333333332,0.97192491080657528,0.021970547171722872,0.085447070521357985,0.012141136989389492
CodeBERT_partial_s2028__fusion_TPR_0.005,threshold,Win32,0.5,False,0.99424106142772828,0.99491357976847472,0.96535000000000004,0.96528577869057752,0.027054500453687076,0.10175620884995872,0.013735812509297706
CodeBERT_partial_s2028__fusion_TPR_0.005,threshold,Win64,0.5,False,0.99700272379016863,0.99730622480312991,0.97640000000000005,0.97637164597517023,0.018869580891224737,0.074623725720400311,0.012015286424349689
CodeBERT_partial_s2028__fusion_TPR_0.005,threshold,Dot_Net,0.5,False,0.99647834996478357,0.99680763945416673,0.97404999999999997,0.97410567280347249,0.019987560170256807,0.079961276993714983,0.0123681519427024
CodeBERT_partial_s2028__fusion_TPR_0.005,same_period,Pooled,0.5,False,0.99588410021956963,0.99626743608029567,0.97250000000000003,0.97250091663611216,0.022042397235661104,0.086949544475327697,0.012313381697618562
CodeBERT_partial_s2028__fusion_TPR_0.005,same_period,Win32,0.5,False,0.99336994514069121,0.99416389567789654,0.96250000000000002,0.9624962496249625,0.028964404039998601,0.11040518210921757,0.015858397656511772
CodeBERT_partial_s2028__fusion_TPR_0.005,same_period,Win64,0.5,False,0.99699321637645866,0.997262883139168,0.97750000000000004,0.9774977497749775,0.018240545839839022,0.074369847906305186,0.011149203493426411
CodeBERT_partial_s2028__fusion_TPR_0.005,same_period,Dot_Net,0.5,False,0.99683987987359524,0.99705728010317274,0.97750000000000004,0.97750674797560733,0.018922241827145678,0.076073603410460322,0.012799078231052204
CodeBERT_partial_s2028__fusion_TPR_0.005,test,Pooled,0.5,False,0.99566611417481066,0.99594655259609399,0.96840000000000004,0.96839578610481403,0.024551240025592905,0.095059589184649143,0.015355826404235631
CodeBERT_partial_s2028__fusion_TPR_0.005,test,Win32,0.5,False,0.99423412527426347,0.99471232082612837,0.96379999999999999,0.96316646316646315,0.028242163416897541,0.10980736944067747,0.018270069087976189
CodeBERT_partial_s2028__fusion_TPR_0.005,test,Win64,0.5,False,0.9967378717583486,0.99707345945781012,0.97270000000000001,0.9728331177231565,0.021178584163425281,0.080259947617390762,0.013656941810473
CodeBERT_partial_s2028__fusion_TPR_0.005,test,Dot_Net,0.5,False,0.99599267226013,0.99609947735129711,0.96870000000000001,0.96906808973218694,0.024232972496455892,0.095111450495879199,0.01797568092160761
CodeBERT_partial_s2028__stack,tune,Pooled,0.5,True,0.99476292959049784,0.99535953529650023,0.96966666666666668,0.96972721224218228,0.023939453129956684,0.086660305729447107,0.0060138495508839009
CodeBERT_partial_s2028__stack,tune,Win32,0.5,True,0.99346976491153671,0.99405601805564314,0.95750000000000002,0.95752123938030986,0.03108319944372049,0.10361428643715355,0.011195501584789075
CodeBERT_partial_s2028__stack,tune,Win64,0.5,True,0.99644391109777741,0.99716097708797025,0.98150000000000004,0.98137896326119778,0.017096727499147306,0.064810527734692966,0.014051417100754086
CodeBERT_partial_s2028__stack,tune,Dot_Net,0.5,True,0.99383999999999995,0.99412418424476523,0.96999999999999997,0.97035573122529639,0.023638432447002252,0.091556103016494778,0.012424415766998631
CodeBERT_partial_s2028__stack,calibration,Pooled,0.5,True,0.99543968868914801,0.99587032518867646,0.97216666666666662,0.97223607647547794,0.021782063461112697,0.080340016731766967,0.0043875321849497391
CodeBERT_partial_s2028__stack,calibration,Win32,0.5,True,0.99457002058336963,0.9950957643984627,0.96699999999999997,0.96704942586120823,0.0253501005174788,0.090950956466933255,0.0070192426281016716
CodeBERT_partial_s2028__stack,calibration,Win64,0.5,True,0.99635267614169187,0.99685263782365718,0.97950000000000004,0.97953070394408392,0.017153309990695895,0.066897889663347032,0.0057928038217166262
CodeBERT_partial_s2028__stack,calibration,Dot_Net,0.5,True,0.9953805,0.99567979602937773,0.96999999999999997,0.97013439522150324,0.02284277987516339,0.083171204065020585,0.0095568569928674296
CodeBERT_partial_s2028__stack,threshold,Pooled,0.5,False,0.99611308345477911,0.99650943320822949,0.97226666666666661,0.97228514323784143,0.021040100118259818,0.075893988557190456,0.0030376060582768842
CodeBERT_partial_s2028__stack,threshold,Win32,0.5,False,0.99433146501584657,0.99498236325316525,0.96550000000000002,0.96545163228519926,0.026170345572304781,0.092606605494695918,0.005400201053999765
CodeBERT_partial_s2028__stack,threshold,Win64,0.5,False,0.99718183774679581,0.99747608990193914,0.97689999999999999,0.97687224669603523,0.017724566735321801,0.064258290573883534,0.0045291464420650056
CodeBERT_partial_s2028__stack,threshold,Dot_Net,0.5,False,0.99654160996541596,0.99687344970145864,0.97440000000000004,0.97451722078439185,0.019225388047152878,0.070817069602991931,0.0058544754417673081
CodeBERT_partial_s2028__stack,same_period,Pooled,0.5,False,0.99604552905655719,0.9964224468035201,0.97266666666666668,0.97270669684462785,0.021052451125627553,0.076241200978058046,0.0029925994496936541
CodeBERT_partial_s2028__stack,same_period,Win32,0.5,False,0.99355039207707152,0.99434350540462213,0.96230000000000004,0.96238651102464334,0.027955759133615556,0.098656273522240628,0.005072066428547203
CodeBERT_partial_s2028__stack,same_period,Win64,0.5,False,0.99722106119765497,0.99747562275738078,0.97829999999999995,0.97830216978302165,0.016939612498298926,0.06238642728611965,0.0044240083258778335
CodeBERT_partial_s2028__stack,same_period,Dot_Net,0.5,False,0.99687831987513276,0.9970937036230425,0.97740000000000005,0.97744510978043908,0.018261981744968164,0.06768090212581386,0.005404702082115167
CodeBERT_partial_s2028__stack,test,Pooled,0.5,False,0.99582570383821645,0.99608168148038279,0.9690333333333333,0.9690529331423432,0.023039889427519958,0.081192591183458368,0.004684568844370845
CodeBERT_partial_s2028__stack,test,Win32,0.5,False,0.99459344993111121,0.99503348738278863,0.96509999999999996,0.96448560089549196,0.026622889803417388,0.094243208757969418,0.013252513937907356
CodeBERT_partial_s2028__stack,test,Win64,0.5,False,0.9969029263425716,0.99721582831562272,0.97340000000000004,0.97351652727996818,0.019586990190542122,0.068769086931681003,0.0057381932669577024
CodeBERT_partial_s2028__stack,test,Dot_Net,0.5,False,0.99604775511562527,0.99615228834647374,0.96860000000000002,0.96905794245171462,0.022909788288600356,0.080565477860724655,0.0084052268460318765
CodeBERT_unfrozen_s2026__fusion_ROC_AUC,tune,Pooled,0.5,True,0.99474081818211113,0.99534230217670139,0.97016666666666662,0.97020143166305972,0.024741681035988165,0.098767771629319198,0.015254527690900703
CodeBERT_unfrozen_s2026__fusion_ROC_AUC,tune,Win32,0.5,True,0.99346576476753179,0.99405184609153296,0.95850000000000002,0.95856215676485268,0.033233382695833286,0.11470139399491922,0.022158466888929865
CodeBERT_unfrozen_s2026__fusion_ROC_AUC,tune,Win64,0.5,True,0.99628590714767873,0.9970820343512885,0.98099999999999998,0.98088531187122741,0.017694632404149688,0.075249280605403993,0.014487589002004758
CodeBERT_unfrozen_s2026__fusion_ROC_AUC,tune,Dot_Net,0.5,True,0.99377199999999999,0.99398744935780892,0.97099999999999997,0.97123015873015872,0.023297028007981516,0.10635264028763433,0.01720257399448847
CodeBERT_unfrozen_s2026__fusion_ROC_AUC,calibration,Pooled,0.5,True,0.99535285418837305,0.99578355791312534,0.97216666666666662,0.97219910104877638,0.022599215322362785,0.092077459365152423,0.013039716716251259
CodeBERT_unfrozen_s2026__fusion_ROC_AUC,calibration,Win32,0.5,True,0.99439026298861122,0.99491890742801525,0.96725000000000005,0.96722541906429826,0.026062373665418668,0.099704798117598484,0.013563957668139727
CodeBERT_unfrozen_s2026__fusion_ROC_AUC,calibration,Win64,0.5,True,0.99621517335726051,0.99670534449183312,0.97924999999999995,0.97925518620344909,0.01797944131712222,0.079792430410626239,0.013014600082178633
CodeBERT_unfrozen_s2026__fusion_ROC_AUC,calibration,Dot_Net,0.5,True,0.99537775000000006,0.99568511677591653,0.96999999999999997,0.97011952191235062,0.023755830984547477,0.096735149567232517,0.018558995086054048
CodeBERT_unfrozen_s2026__fusion_ROC_AUC,threshold,Pooled,0.5,False,0.99600319750599609,0.99640978205127029,0.97193333333333332,0.97192491080657528,0.021970547171722872,0.085447070521357985,0.012141136989389492
CodeBERT_unfrozen_s2026__fusion_ROC_AUC,threshold,Win32,0.5,False,0.99424106142772828,0.99491357976847472,0.96535000000000004,0.96528577869057752,0.027054500453687076,0.10175620884995872,0.013735812509297706
CodeBERT_unfrozen_s2026__fusion_ROC_AUC,threshold,Win64,0.5,False,0.99700272379016863,0.99730622480312991,0.97640000000000005,0.97637164597517023,0.018869580891224737,0.074623725720400311,0.012015286424349689
CodeBERT_unfrozen_s2026__fusion_ROC_AUC,threshold,Dot_Net,0.5,False,0.99647834996478357,0.99680763945416673,0.97404999999999997,0.97410567280347249,0.019987560170256807,0.079961276993714983,0.0123681519427024
CodeBERT_unfrozen_s2026__fusion_ROC_AUC,same_period,Pooled,0.5,False,0.99588410021956963,0.99626743608029567,0.97250000000000003,0.97250091663611216,0.022042397235661104,0.086949544475327697,0.012313381697618562
CodeBERT_unfrozen_s2026__fusion_ROC_AUC,same_period,Win32,0.5,False,0.99336994514069121,0.99416389567789654,0.96250000000000002,0.9624962496249625,0.028964404039998601,0.11040518210921757,0.015858397656511772
CodeBERT_unfrozen_s2026__fusion_ROC_AUC,same_period,Win64,0.5,False,0.99699321637645866,0.997262883139168,0.97750000000000004,0.9774977497749775,0.018240545839839022,0.074369847906305186,0.011149203493426411
CodeBERT_unfrozen_s2026__fusion_ROC_AUC,same_period,Dot_Net,0.5,False,0.99683987987359524,0.99705728010317274,0.97750000000000004,0.97750674797560733,0.018922241827145678,0.076073603410460322,0.012799078231052204
CodeBERT_unfrozen_s2026__fusion_ROC_AUC,test,Pooled,0.5,False,0.99566611417481066,0.99594655259609399,0.96840000000000004,0.96839578610481403,0.024551240025592905,0.095059589184649143,0.015355826404235631
CodeBERT_unfrozen_s2026__fusion_ROC_AUC,test,Win32,0.5,False,0.99423412527426347,0.99471232082612837,0.96379999999999999,0.96316646316646315,0.028242163416897541,0.10980736944067747,0.018270069087976189
CodeBERT_unfrozen_s2026__fusion_ROC_AUC,test,Win64,0.5,False,0.9967378717583486,0.99707345945781012,0.97270000000000001,0.9728331177231565,0.021178584163425281,0.080259947617390762,0.013656941810473
CodeBERT_unfrozen_s2026__fusion_ROC_AUC,test,Dot_Net,0.5,False,0.99599267226013,0.99609947735129711,0.96870000000000001,0.96906808973218694,0.024232972496455892,0.095111450495879199,0.01797568092160761
CodeBERT_unfrozen_s2026__fusion_AP,tune,Pooled,0.5,True,0.99474081818211113,0.99534230217670139,0.97016666666666662,0.97020143166305972,0.024741681035988165,0.098767771629319198,0.015254527690900703
CodeBERT_unfrozen_s2026__fusion_AP,tune,Win32,0.5,True,0.99346576476753179,0.99405184609153296,0.95850000000000002,0.95856215676485268,0.033233382695833286,0.11470139399491922,0.022158466888929865
CodeBERT_unfrozen_s2026__fusion_AP,tune,Win64,0.5,True,0.99628590714767873,0.9970820343512885,0.98099999999999998,0.98088531187122741,0.017694632404149688,0.075249280605403993,0.014487589002004758
CodeBERT_unfrozen_s2026__fusion_AP,tune,Dot_Net,0.5,True,0.99377199999999999,0.99398744935780892,0.97099999999999997,0.97123015873015872,0.023297028007981516,0.10635264028763433,0.01720257399448847
CodeBERT_unfrozen_s2026__fusion_AP,calibration,Pooled,0.5,True,0.99535285418837305,0.99578355791312534,0.97216666666666662,0.97219910104877638,0.022599215322362785,0.092077459365152423,0.013039716716251259
CodeBERT_unfrozen_s2026__fusion_AP,calibration,Win32,0.5,True,0.99439026298861122,0.99491890742801525,0.96725000000000005,0.96722541906429826,0.026062373665418668,0.099704798117598484,0.013563957668139727
CodeBERT_unfrozen_s2026__fusion_AP,calibration,Win64,0.5,True,0.99621517335726051,0.99670534449183312,0.97924999999999995,0.97925518620344909,0.01797944131712222,0.079792430410626239,0.013014600082178633
CodeBERT_unfrozen_s2026__fusion_AP,calibration,Dot_Net,0.5,True,0.99537775000000006,0.99568511677591653,0.96999999999999997,0.97011952191235062,0.023755830984547477,0.096735149567232517,0.018558995086054048
CodeBERT_unfrozen_s2026__fusion_AP,threshold,Pooled,0.5,False,0.99600319750599609,0.99640978205127029,0.97193333333333332,0.97192491080657528,0.021970547171722872,0.085447070521357985,0.012141136989389492
CodeBERT_unfrozen_s2026__fusion_AP,threshold,Win32,0.5,False,0.99424106142772828,0.99491357976847472,0.96535000000000004,0.96528577869057752,0.027054500453687076,0.10175620884995872,0.013735812509297706
CodeBERT_unfrozen_s2026__fusion_AP,threshold,Win64,0.5,False,0.99700272379016863,0.99730622480312991,0.97640000000000005,0.97637164597517023,0.018869580891224737,0.074623725720400311,0.012015286424349689
CodeBERT_unfrozen_s2026__fusion_AP,threshold,Dot_Net,0.5,False,0.99647834996478357,0.99680763945416673,0.97404999999999997,0.97410567280347249,0.019987560170256807,0.079961276993714983,0.0123681519427024
CodeBERT_unfrozen_s2026__fusion_AP,same_period,Pooled,0.5,False,0.99588410021956963,0.99626743608029567,0.97250000000000003,0.97250091663611216,0.022042397235661104,0.086949544475327697,0.012313381697618562
CodeBERT_unfrozen_s2026__fusion_AP,same_period,Win32,0.5,False,0.99336994514069121,0.99416389567789654,0.96250000000000002,0.9624962496249625,0.028964404039998601,0.11040518210921757,0.015858397656511772
CodeBERT_unfrozen_s2026__fusion_AP,same_period,Win64,0.5,False,0.99699321637645866,0.997262883139168,0.97750000000000004,0.9774977497749775,0.018240545839839022,0.074369847906305186,0.011149203493426411
CodeBERT_unfrozen_s2026__fusion_AP,same_period,Dot_Net,0.5,False,0.99683987987359524,0.99705728010317274,0.97750000000000004,0.97750674797560733,0.018922241827145678,0.076073603410460322,0.012799078231052204
CodeBERT_unfrozen_s2026__fusion_AP,test,Pooled,0.5,False,0.99566611417481066,0.99594655259609399,0.96840000000000004,0.96839578610481403,0.024551240025592905,0.095059589184649143,0.015355826404235631
CodeBERT_unfrozen_s2026__fusion_AP,test,Win32,0.5,False,0.99423412527426347,0.99471232082612837,0.96379999999999999,0.96316646316646315,0.028242163416897541,0.10980736944067747,0.018270069087976189
CodeBERT_unfrozen_s2026__fusion_AP,test,Win64,0.5,False,0.9967378717583486,0.99707345945781012,0.97270000000000001,0.9728331177231565,0.021178584163425281,0.080259947617390762,0.013656941810473
CodeBERT_unfrozen_s2026__fusion_AP,test,Dot_Net,0.5,False,0.99599267226013,0.99609947735129711,0.96870000000000001,0.96906808973218694,0.024232972496455892,0.095111450495879199,0.01797568092160761
CodeBERT_unfrozen_s2026__fusion_TPR_0.001,tune,Pooled,0.5,True,0.9947801520442664,0.99538235695218824,0.97033333333333338,0.97036297036297037,0.024707596983468649,0.097034662669350569,0.014547151832407497
CodeBERT_unfrozen_s2026__fusion_TPR_0.001,tune,Win32,0.5,True,0.99331275925933338,0.99393833934381293,0.95850000000000002,0.95856215676485268,0.033169156229692978,0.11427761317260468,0.021882099762044992
CodeBERT_unfrozen_s2026__fusion_TPR_0.001,tune,Win64,0.5,True,0.99658591464786617,0.99727618199640899,0.98099999999999998,0.98088531187122741,0.017668465676207494,0.072228056807439059,0.013999741441780882
CodeBERT_unfrozen_s2026__fusion_TPR_0.001,tune,Dot_Net,0.5,True,0.99387700000000001,0.99419958968732647,0.97150000000000003,0.97171215880893302,0.023285169044505474,0.10459831802800795,0.016950931683338812
CodeBERT_unfrozen_s2026__fusion_TPR_0.001,calibration,Pooled,0.5,True,0.99532924275981927,0.99578354978913985,0.97224999999999995,0.97228002996753515,0.022535189293132338,0.090419916800277972,0.0125766205506469
CodeBERT_unfrozen_s2026__fusion_TPR_0.001,calibration,Win32,0.5,True,0.99434701116122159,0.99489092540052593,0.96725000000000005,0.96722541906429826,0.025989143597217775,0.098377229520759904,0.013957650165312682
CodeBERT_unfrozen_s2026__fusion_TPR_0.001,calibration,Win64,0.5,True,0.99618017264849612,0.99673414536994809,0.97950000000000004,0.97950000000000004,0.017897168006083604,0.077618963522855078,0.012799121319838376
CodeBERT_unfrozen_s2026__fusion_TPR_0.001,calibration,Dot_Net,0.5,True,0.99539049999999996,0.99567302946315406,0.96999999999999997,0.97011952191235062,0.02371925627609563,0.095263557357218989,0.018294222286736467
CodeBERT_unfrozen_s2026__fusion_TPR_0.001,threshold,Pooled,0.5,False,0.9960086253580811,0.99640854958481651,0.97194999999999998,0.97194298574643656,0.021918408969722847,0.084032551973166447,0.011678905797220654
CodeBERT_unfrozen_s2026__fusion_TPR_0.001,threshold,Win32,0.5,False,0.99427992297014267,0.99491095910642502,0.96550000000000002,0.96543778801843316,0.027007034365150513,0.10007798896220213,0.013168568827118341
CodeBERT_unfrozen_s2026__fusion_TPR_0.001,threshold,Win64,0.5,False,0.99700563385445184,0.99731704125567822,0.97635000000000005,0.97632277118686495,0.018803072656823936,0.072967878364427821,0.011840039450902135
CodeBERT_unfrozen_s2026__fusion_TPR_0.001,threshold,Dot_Net,0.5,False,0.99646193996461951,0.9967986336373289,0.97399999999999998,0.97405707443624023,0.019945119887194086,0.079051788592869363,0.012129537143499566
CodeBERT_unfrozen_s2026__fusion_TPR_0.001,same_period,Pooled,0.5,False,0.99598850162318864,0.99633818682708952,0.97253333333333336,0.97253699506732438,0.021966313876302563,0.08468277341439473,0.011730630995897908
CodeBERT_unfrozen_s2026__fusion_TPR_0.001,same_period,Win32,0.5,False,0.99359663385460539,0.99433823679333155,0.96250000000000002,0.9624962496249625,0.028866019769116479,0.10703750955550556,0.015190815503096047
CodeBERT_unfrozen_s2026__fusion_TPR_0.001,same_period,Win64,0.5,False,0.99704397745056283,0.99728128974964336,0.97750000000000004,0.97750224977502254,0.018159491796012488,0.072193204579000844,0.010869856822422513
CodeBERT_unfrozen_s2026__fusion_TPR_0.001,same_period,Dot_Net,0.5,False,0.99686535987461444,0.99707747747040154,0.97760000000000002,0.97760895641743306,0.018873430063778722,0.074817606108677825,0.012447835529346788
CodeBERT_unfrozen_s2026__fusion_TPR_0.001,test,Pooled,0.5,False,0.99562452672722412,0.9958524697798079,0.96853333333333336,0.96853123541569441,0.024479222599132419,0.093150570309996961,0.014778236843041626
CodeBERT_unfrozen_s2026__fusion_TPR_0.001,test,Win32,0.5,False,0.99441136757132365,0.99486177785408469,0.9637,0.96306847085156166,0.028166313495926253,0.10660575951614833,0.017668383505778897
CodeBERT_unfrozen_s2026__fusion_TPR_0.001,test,Win64,0.5,False,0.99651825235277791,0.9967522161274025,0.97299999999999998,0.97312898089171973,0.02109884829632162,0.079230151975044308,0.012404885659981695
CodeBERT_unfrozen_s2026__fusion_TPR_0.001,test,Dot_Net,0.5,False,0.99597411129792968,0.99607826446553127,0.96889999999999998,0.96927181108586113,0.024172506005149398,0.093615799438798275,0.017535925702150942
CodeBERT_unfrozen_s2026__fusion_TPR_0.005,tune,Pooled,0.5,True,0.99470659549978391,0.9953371950953035,0.96983333333333333,0.96987851555999338,0.024681337467195828,0.096354389167760929,0.013915245297301156
CodeBERT_unfrozen_s2026__fusion_TPR_0.005,tune,Win32,0.5,True,0.99315875371513374,0.99381228946912414,0.95799999999999996,0.95808383233532934,0.033116231077421412,0.11410137377080293,0.020208642578335601
CodeBERT_unfrozen_s2026__fusion_TPR_0.005,tune,Win64,0.5,True,0.99652591314782868,0.99723894319630635,0.98099999999999998,0.98088531187122741,0.017648943451620512,0.07139470872470087,0.013612008109336871
CodeBERT_unfrozen_s2026__fusion_TPR_0.005,tune,Dot_Net,0.5,True,0.99388100000000001,0.99425329677853602,0.97050000000000003,0.97074863658899357,0.02327883787254556,0.10356708500777904,0.016785751284124486
CodeBERT_unfrozen_s2026__fusion_TPR_0.005,calibration,Pooled,0.5,True,0.99531163141193346,0.99577600667289468,0.97233333333333338,0.97236097236097241,0.02247917989936583,0.089460483057801576,0.011925705084347668
CodeBERT_unfrozen_s2026__fusion_TPR_0.005,calibration,Win32,0.5,True,0.99434626112953284,0.9948972534022712,0.96725000000000005,0.96722541906429826,0.025926960930882616,0.097594447197568615,0.013574213500962272
CodeBERT_unfrozen_s2026__fusion_TPR_0.005,calibration,Win64,0.5,True,0.99614967203085869,0.99672761825388179,0.97950000000000004,0.97950000000000004,0.017822486197371902,0.076350679198427807,0.012270742577915114
CodeBERT_unfrozen_s2026__fusion_TPR_0.005,calibration,Dot_Net,0.5,True,0.99538700000000002,0.99566885000687488,0.97024999999999995,0.97036114570361143,0.023688092569842986,0.094436322777408335,0.018356508798584397
CodeBERT_unfrozen_s2026__fusion_TPR_0.005,threshold,Pooled,0.5,False,0.99597404821805346,0.99638020705790709,0.97193333333333332,0.97192678291601375,0.021874352981895002,0.083368615649613745,0.011302566590966534
CodeBERT_unfrozen_s2026__fusion_TPR_0.005,threshold,Win32,0.5,False,0.994229440966512,0.99486836715427973,0.96550000000000002,0.96543778801843316,0.02697069613845935,0.099473811051753611,0.012609336873100977
CodeBERT_unfrozen_s2026__fusion_TPR_0.005,threshold,Win64,0.5,False,0.99698655343296527,0.99730574042797482,0.97624999999999995,0.97622027534418021,0.0187439276551426,0.072116240192525813,0.011135730062358812
CodeBERT_unfrozen_s2026__fusion_TPR_0.005,threshold,Dot_Net,0.5,False,0.99643813996438135,0.99677784105954026,0.97404999999999997,0.97411083952711131,0.019908435152083074,0.078515795704561783,0.011882176148622964
CodeBERT_unfrozen_s2026__fusion_TPR_0.005,same_period,Pooled,0.5,False,0.99597826593001981,0.99632677579873707,0.9724666666666667,0.97247217223222027,0.021898332684392681,0.083692004027820871,0.011185236931092107
CodeBERT_unfrozen_s2026__fusion_TPR_0.005,same_period,Win32,0.5,False,0.99360231407295307,0.99434890559753553,0.96230000000000004,0.96229622962296235,0.028778902384598765,0.1057515107360065,0.014440429301234533
CodeBERT_unfrozen_s2026__fusion_TPR_0.005,same_period,Win64,0.5,False,0.99703493725927239,0.9972713992765202,0.97750000000000004,0.97750224977502254,0.018086014316887503,0.071173125594830827,0.010527625044970849
CodeBERT_unfrozen_s2026__fusion_TPR_0.005,same_period,Dot_Net,0.5,False,0.99684851987394085,0.99706271077096409,0.97760000000000002,0.9776134319408355,0.018830081351691771,0.074151375752625329,0.011847359907530945
CodeBERT_unfrozen_s2026__fusion_TPR_0.005,test,Pooled,0.5,False,0.99555412984977176,0.99576049850150539,0.9684666666666667,0.96846456430428696,0.024417004735832984,0.092313957518066037,0.014095730990210754
CodeBERT_unfrozen_s2026__fusion_TPR_0.005,test,Win32,0.5,False,0.99443816791865625,0.99488530588817992,0.96340000000000003,0.96276703967446597,0.02810150694924448,0.10529636510301717,0.01684049052491212
CodeBERT_unfrozen_s2026__fusion_TPR_0.005,test,Win64,0.5,False,0.99640964275603394,0.99659344346625933,0.97289999999999999,0.9730214036834246,0.021031410982103291,0.078778277053168339,0.01157522688035172
CodeBERT_unfrozen_s2026__fusion_TPR_0.005,test,Dot_Net,0.5,False,0.99591658831593821,0.99601753885393096,0.96909999999999996,0.96947545194112417,0.024118096276151173,0.092867230398012576,0.01704523861815738
CodeBERT_unfrozen_s2026__stack,tune,Pooled,0.5,True,0.99471848454851453,0.99531784419667313,0.96950000000000003,0.96956594046233158,0.024075964021772089,0.086978486477377076,0.0063375865383183102
CodeBERT_unfrozen_s2026__stack,tune,Win32,0.5,True,0.99333175994335798,0.99393576615990509,0.95750000000000002,0.95756365451822267,0.031429932659415981,0.1045099614381117,0.013455067829693607
CodeBERT_unfrozen_s2026__stack,tune,Win64,0.5,True,0.9963949098727467,0.99714102551879091,0.97999999999999998,0.97987927565392352,0.017435945704368669,0.065330493008268667,0.014156103303817018
CodeBERT_unfrozen_s2026__stack,tune,Dot_Net,0.5,True,0.99383899999999992,0.99409301955317153,0.97099999999999997,0.97131552917903063,0.023362013701531608,0.091095004985750822,0.012192030517142408
CodeBERT_unfrozen_s2026__stack,calibration,Pooled,0.5,True,0.99540085483371488,0.99582809950031792,0.97158333333333335,0.97164712729691527,0.021964746205668659,0.080830558279625833,0.0038582762345915267
CodeBERT_unfrozen_s2026__stack,calibration,Win32,0.5,True,0.99450276774193713,0.99502174669865473,0.96675,0.96679151061173529,0.025678948333905431,0.091686490824985353,0.0070907180735544518
CodeBERT_unfrozen_s2026__stack,calibration,Win64,0.5,True,0.99630942526586164,0.99680790181674306,0.97875000000000001,0.97875531117220693,0.017367329996959655,0.067564963299266548,0.0051004853952249397
CodeBERT_unfrozen_s2026__stack,calibration,Dot_Net,0.5,True,0.99537450000000005,0.99566763025521132,0.96924999999999994,0.96941059437950761,0.022847960286140889,0.083240220714625598,0.010532851393319269
CodeBERT_unfrozen_s2026__stack,threshold,Pooled,0.5,False,0.9960462547621165,0.99644589275999873,0.97216666666666662,0.97218335665267508,0.021247423161150792,0.076554915637400731,0.0030551707919817565
CodeBERT_unfrozen_s2026__stack,threshold,Win32,0.5,False,0.99426385233229908,0.99492460918555459,0.96545000000000003,0.96540675844806012,0.026465639168759582,0.093307784223715606,0.0053545151417635313
CodeBERT_unfrozen_s2026__stack,threshold,Win64,0.5,False,0.99709433581387819,0.99739018487155273,0.9768,0.97677677677677677,0.017937658605599566,0.065158551771449691,0.0045287066760450554
CodeBERT_unfrozen_s2026__stack,threshold,Dot_Net,0.5,False,0.99649135996491367,0.99682331801772128,0.97424999999999995,0.97435386683930081,0.019338971709093222,0.071198410917036895,0.0048561962455770441
CodeBERT_unfrozen_s2026__stack,same_period,Pooled,0.5,False,0.99599192833592554,0.99635804282893048,0.97213333333333329,0.97217599680489919,0.021220110496976665,0.076816189108692895,0.003741739719180133
CodeBERT_unfrozen_s2026__stack,same_period,Win32,0.5,False,0.99353323141741579,0.99430416796718246,0.96160000000000001,0.96165368484122227,0.028006513861779724,0.098819989000450692,0.0054472117922786407
CodeBERT_unfrozen_s2026__stack,same_period,Win64,0.5,False,0.9971098188437667,0.99735859424218565,0.97719999999999996,0.9772182254196643,0.017362048926654387,0.063922448624800454,0.0049001221950112977
CodeBERT_unfrozen_s2026__stack,same_period,Dot_Net,0.5,False,0.99688235987529439,0.99709720858197959,0.97760000000000002,0.97765363128491622,0.018291768702495874,0.067706129700827553,0.006564775252541199
CodeBERT_unfrozen_s2026__stack,test,Pooled,0.5,False,0.99574346673843106,0.99600933764649968,0.96850000000000003,0.96851993737299713,0.023226261186161095,0.081935595111241488,0.0047932424599187035
CodeBERT_unfrozen_s2026__stack,test,Win32,0.5,False,0.99438376721362309,0.99483748555217866,0.96399999999999997,0.96338486574450777,0.02703787480386436,0.095798979075118654,0.012565460944370232
CodeBERT_unfrozen_s2026__stack,test,Win64,0.5,False,0.99684056083195527,0.99716385904434968,0.97309999999999997,0.97322050771528124,0.019801323796197635,0.069478761003822428,0.0049507842171604794
CodeBERT_unfrozen_s2026__stack,test,Dot_Net,0.5,False,0.99601779356241837,0.99612294678338564,0.96840000000000004,0.96884243738907516,0.022839584958421283,0.080529045254783369,0.0075627305395304534
CodeBERT_unfrozen_s2027__fusion_ROC_AUC,tune,Pooled,0.5,True,0.99473992928127142,0.99534760009780454,0.97050000000000003,0.97052456286427979,0.024702398736732075,0.097868599040695059,0.014792586344997083
CodeBERT_unfrozen_s2027__fusion_ROC_AUC,tune,Win32,0.5,True,0.99338576188742789,0.99398909516985745,0.95850000000000002,0.95856215676485268,0.033112012583209831,0.11403106111333541,0.021182407418987508
CodeBERT_unfrozen_s2027__fusion_ROC_AUC,tune,Win64,0.5,True,0.99643091077276935,0.99715320543764674,0.98150000000000004,0.98137896326119778,0.01768900049481294,0.074141297608955894,0.014512137518040364
CodeBERT_unfrozen_s2027__fusion_ROC_AUC,tune,Dot_Net,0.5,True,0.99387400000000004,0.99420265901204374,0.97150000000000003,0.97171215880893302,0.023306183132173443,0.10543343839979386,0.017012470805716464
CodeBERT_unfrozen_s2027__fusion_ROC_AUC,calibration,Pooled,0.5,True,0.99542224401016943,0.99590352664792658,0.97224999999999995,0.97228002996753515,0.022530455005635965,0.090139143595686824,0.012842592639298328
CodeBERT_unfrozen_s2027__fusion_ROC_AUC,calibration,Win32,0.5,True,0.9944155140554688,0.99494392485388827,0.96725000000000005,0.96722541906429826,0.025973170930934871,0.098199561338938535,0.01457375130186208
CodeBERT_unfrozen_s2027__fusion_ROC_AUC,calibration,Win64,0.5,True,0.99637667662770169,0.99694305282822482,0.97950000000000004,0.97950000000000004,0.017901172976752238,0.076310702797646207,0.012752921748424764
CodeBERT_unfrozen_s2027__fusion_ROC_AUC,calibration,Dot_Net,0.5,True,0.99536325000000003,0.99567257494589578,0.96999999999999997,0.97011952191235062,0.023717021109220787,0.095907166650475772,0.018204243138866771
CodeBERT_unfrozen_s2027__fusion_ROC_AUC,threshold,Pooled,0.5,False,0.99604653365482365,0.99644670074988795,0.97191666666666665,0.9719096440776861,0.02190429172402647,0.083912620410562591,0.011755247370445658
CodeBERT_unfrozen_s2027__fusion_ROC_AUC,threshold,Win32,0.5,False,0.99430033378024785,0.99493673304034391,0.96545000000000003,0.96538596403346189,0.02698053817607186,0.10000341083749321,0.013201935705395322
CodeBERT_unfrozen_s2027__fusion_ROC_AUC,threshold,Win64,0.5,False,0.99707138530690143,0.99738214355335031,0.97635000000000005,0.97632277118686495,0.018790449155738225,0.072503983914145489,0.011830668772156147
CodeBERT_unfrozen_s2027__fusion_ROC_AUC,threshold,Dot_Net,0.5,False,0.99646890996468918,0.99679999359838245,0.97394999999999998,0.97400848091793468,0.019941887840269332,0.079230466480049111,0.012196566835461503
CodeBERT_unfrozen_s2027__fusion_ROC_AUC,same_period,Pooled,0.5,False,0.99597336808639303,0.9963402123170213,0.97256666666666669,0.97256758108063068,0.021958651910985175,0.085035413463774204,0.011791928281696845
CodeBERT_unfrozen_s2027__fusion_ROC_AUC,same_period,Win32,0.5,False,0.99355415222161148,0.99431604346884273,0.96250000000000002,0.9624962496249625,0.028871195722818963,0.10760973635432868,0.015594796456271806
CodeBERT_unfrozen_s2027__fusion_ROC_AUC,same_period,Win64,0.5,False,0.99707485810399743,0.99732056701105543,0.97760000000000002,0.97759551910382081,0.018135918969288303,0.072229442042925335,0.010853138522843534
CodeBERT_unfrozen_s2027__fusion_ROC_AUC,same_period,Dot_Net,0.5,False,0.99683119987324809,0.99705686339411981,0.97760000000000002,0.97760895641743306,0.018868841040848263,0.075267061994068629,0.012490053859471512
CodeBERT_unfrozen_s2027__fusion_ROC_AUC,test,Pooled,0.5,False,0.99560173518813855,0.99583160220697886,0.96860000000000002,0.9685958127750367,0.024474598942892875,0.093612064039572271,0.014779655700544823
CodeBERT_unfrozen_s2027__fusion_ROC_AUC,test,Win32,0.5,False,0.99428176589168593,0.99475167375866591,0.96389999999999998,0.96326447542484994,0.028147176028686431,0.10787116645177189,0.017382235926582293
CodeBERT_unfrozen_s2027__fusion_ROC_AUC,test,Win64,0.5,False,0.99663730287208196,0.9968865409933072,0.97299999999999998,0.97312898089171973,0.021090840127122486,0.078867531072473712,0.012204950158778824
CodeBERT_unfrozen_s2027__fusion_ROC_AUC,test,Dot_Net,0.5,False,0.99598231172303975,0.99608517129529195,0.96889999999999998,0.96927181108586113,0.024185780672869701,0.094097494594471212,0.017724129323515098
CodeBERT_unfrozen_s2027__fusion_AP,tune,Pooled,0.5,True,0.99473992928127142,0.99534760009780454,0.97050000000000003,0.97052456286427979,0.024702398736732075,0.097868599040695059,0.014792586344997083
CodeBERT_unfrozen_s2027__fusion_AP,tune,Win32,0.5,True,0.99338576188742789,0.99398909516985745,0.95850000000000002,0.95856215676485268,0.033112012583209831,0.11403106111333541,0.021182407418987508
CodeBERT_unfrozen_s2027__fusion_AP,tune,Win64,0.5,True,0.99643091077276935,0.99715320543764674,0.98150000000000004,0.98137896326119778,0.01768900049481294,0.074141297608955894,0.014512137518040364
CodeBERT_unfrozen_s2027__fusion_AP,tune,Dot_Net,0.5,True,0.99387400000000004,0.99420265901204374,0.97150000000000003,0.97171215880893302,0.023306183132173443,0.10543343839979386,0.017012470805716464
CodeBERT_unfrozen_s2027__fusion_AP,calibration,Pooled,0.5,True,0.99542224401016943,0.99590352664792658,0.97224999999999995,0.97228002996753515,0.022530455005635965,0.090139143595686824,0.012842592639298328
CodeBERT_unfrozen_s2027__fusion_AP,calibration,Win32,0.5,True,0.9944155140554688,0.99494392485388827,0.96725000000000005,0.96722541906429826,0.025973170930934871,0.098199561338938535,0.01457375130186208
CodeBERT_unfrozen_s2027__fusion_AP,calibration,Win64,0.5,True,0.99637667662770169,0.99694305282822482,0.97950000000000004,0.97950000000000004,0.017901172976752238,0.076310702797646207,0.012752921748424764
CodeBERT_unfrozen_s2027__fusion_AP,calibration,Dot_Net,0.5,True,0.99536325000000003,0.99567257494589578,0.96999999999999997,0.97011952191235062,0.023717021109220787,0.095907166650475772,0.018204243138866771
CodeBERT_unfrozen_s2027__fusion_AP,threshold,Pooled,0.5,False,0.99604653365482365,0.99644670074988795,0.97191666666666665,0.9719096440776861,0.02190429172402647,0.083912620410562591,0.011755247370445658
CodeBERT_unfrozen_s2027__fusion_AP,threshold,Win32,0.5,False,0.99430033378024785,0.99493673304034391,0.96545000000000003,0.96538596403346189,0.02698053817607186,0.10000341083749321,0.013201935705395322
CodeBERT_unfrozen_s2027__fusion_AP,threshold,Win64,0.5,False,0.99707138530690143,0.99738214355335031,0.97635000000000005,0.97632277118686495,0.018790449155738225,0.072503983914145489,0.011830668772156147
CodeBERT_unfrozen_s2027__fusion_AP,threshold,Dot_Net,0.5,False,0.99646890996468918,0.99679999359838245,0.97394999999999998,0.97400848091793468,0.019941887840269332,0.079230466480049111,0.012196566835461503
CodeBERT_unfrozen_s2027__fusion_AP,same_period,Pooled,0.5,False,0.99597336808639303,0.9963402123170213,0.97256666666666669,0.97256758108063068,0.021958651910985175,0.085035413463774204,0.011791928281696845
CodeBERT_unfrozen_s2027__fusion_AP,same_period,Win32,0.5,False,0.99355415222161148,0.99431604346884273,0.96250000000000002,0.9624962496249625,0.028871195722818963,0.10760973635432868,0.015594796456271806
CodeBERT_unfrozen_s2027__fusion_AP,same_period,Win64,0.5,False,0.99707485810399743,0.99732056701105543,0.97760000000000002,0.97759551910382081,0.018135918969288303,0.072229442042925335,0.010853138522843534
CodeBERT_unfrozen_s2027__fusion_AP,same_period,Dot_Net,0.5,False,0.99683119987324809,0.99705686339411981,0.97760000000000002,0.97760895641743306,0.018868841040848263,0.075267061994068629,0.012490053859471512
CodeBERT_unfrozen_s2027__fusion_AP,test,Pooled,0.5,False,0.99560173518813855,0.99583160220697886,0.96860000000000002,0.9685958127750367,0.024474598942892875,0.093612064039572271,0.014779655700544823
CodeBERT_unfrozen_s2027__fusion_AP,test,Win32,0.5,False,0.99428176589168593,0.99475167375866591,0.96389999999999998,0.96326447542484994,0.028147176028686431,0.10787116645177189,0.017382235926582293
CodeBERT_unfrozen_s2027__fusion_AP,test,Win64,0.5,False,0.99663730287208196,0.9968865409933072,0.97299999999999998,0.97312898089171973,0.021090840127122486,0.078867531072473712,0.012204950158778824
CodeBERT_unfrozen_s2027__fusion_AP,test,Dot_Net,0.5,False,0.99598231172303975,0.99608517129529195,0.96889999999999998,0.96927181108586113,0.024185780672869701,0.094097494594471212,0.017724129323515098
CodeBERT_unfrozen_s2027__fusion_TPR_0.001,tune,Pooled,0.5,True,0.99469815094180725,0.99532110131071572,0.96983333333333333,0.96986848676544035,0.024670998313223162,0.097398500649385766,0.014738498231786997
CodeBERT_unfrozen_s2027__fusion_TPR_0.001,tune,Win32,0.5,True,0.99329375857530877,0.99390857604993021,0.95750000000000002,0.95756365451822267,0.033002106034471831,0.11360967375378758,0.02009936627168243
CodeBERT_unfrozen_s2027__fusion_TPR_0.001,tune,Win64,0.5,True,0.9963469086727168,0.9970811895620616,0.98150000000000004,0.98137896326119778,0.017690055785476434,0.073663758582334399,0.014497614837049835
CodeBERT_unfrozen_s2027__fusion_TPR_0.001,tune,Dot_Net,0.5,True,0.99392800000000003,0.9943006640158798,0.97050000000000003,0.97074863658899357,0.023320833119721232,0.10492206961203533,0.016401239694803088
CodeBERT_unfrozen_s2027__fusion_TPR_0.001,calibration,Pooled,0.5,True,0.99540941050429677,0.99589695069065831,0.97233333333333338,0.97236097236097241,0.022469630866408911,0.089346868330334714,0.012597972638654148
CodeBERT_unfrozen_s2027__fusion_TPR_0.001,calibration,Win32,0.5,True,0.99440901378083213,0.99494744059440454,0.96725000000000005,0.96722541906429826,0.025894705987983071,0.097537145795961219,0.014510832899913628
CodeBERT_unfrozen_s2027__fusion_TPR_0.001,calibration,Win64,0.5,True,0.99637117651632445,0.99694598854672423,0.97950000000000004,0.97950000000000004,0.017831137209634172,0.07508818013919398,0.01248939439935878
CodeBERT_unfrozen_s2027__fusion_TPR_0.001,calibration,Dot_Net,0.5,True,0.99533799999999995,0.99564940619735975,0.97024999999999995,0.97036114570361143,0.023683049401609497,0.095415279055848956,0.018349716323234351
CodeBERT_unfrozen_s2027__fusion_TPR_0.001,threshold,Pooled,0.5,False,0.99603536905753565,0.99643821769264995,0.97188333333333332,0.97187536468666125,0.021846430459360328,0.083230091107410559,0.011332746408230388
CodeBERT_unfrozen_s2027__fusion_TPR_0.001,threshold,Win32,0.5,False,0.99428240306857785,0.99491930399154072,0.96545000000000003,0.96538596403346189,0.026918148955413609,0.099302673917838272,0.012671508411291591
CodeBERT_unfrozen_s2027__fusion_TPR_0.001,threshold,Win64,0.5,False,0.9970818355377471,0.99739765549033332,0.97624999999999995,0.97621789415711213,0.018719285406686516,0.071558908654818135,0.011185612882130736
CodeBERT_unfrozen_s2027__fusion_TPR_0.001,threshold,Dot_Net,0.5,False,0.99644799996447997,0.99678344797293761,0.97394999999999998,0.97401107397615605,0.019901857015980868,0.078828690749575298,0.011767478203537896
CodeBERT_unfrozen_s2027__fusion_TPR_0.001,same_period,Pooled,0.5,False,0.99596660355100342,0.99633763895689942,0.97250000000000003,0.97250274972502748,0.021883436480983894,0.084181371146872047,0.011365484565290709
CodeBERT_unfrozen_s2027__fusion_TPR_0.001,same_period,Win32,0.5,False,0.99353939165421523,0.99431159713599404,0.96230000000000004,0.96229622962296235,0.028789720574312696,0.10654556967677505,0.014635400798961938
CodeBERT_unfrozen_s2027__fusion_TPR_0.001,same_period,Win64,0.5,False,0.99709241847557495,0.99734205824843902,0.97760000000000002,0.97759551910382081,0.018039509700347588,0.071220305162244521,0.010379128709553619
CodeBERT_unfrozen_s2027__fusion_TPR_0.001,same_period,Dot_Net,0.5,False,0.99681571987262885,0.99704358561852913,0.97760000000000002,0.9776134319408355,0.018821079168291396,0.074778238601596575,0.012253056631637933
CodeBERT_unfrozen_s2027__fusion_TPR_0.001,test,Pooled,0.5,False,0.99554382298956512,0.99575783325843803,0.96866666666666668,0.96866457763850922,0.024409142351681155,0.092990218620100165,0.014219075524988582
CodeBERT_unfrozen_s2027__fusion_TPR_0.001,test,Win32,0.5,False,0.99430124614414994,0.99476797926701344,0.96379999999999999,0.96316646316646315,0.02806394231386523,0.10692117750440247,0.016675000982279968
CodeBERT_unfrozen_s2027__fusion_TPR_0.001,test,Win64,0.5,False,0.99658221800478286,0.99679535910039396,0.97309999999999997,0.97322583855877376,0.02101896547108725,0.078470551770168442,0.011793594798953755
CodeBERT_unfrozen_s2027__fusion_TPR_0.001,test,Dot_Net,0.5,False,0.99595311020923316,0.99605835893396433,0.96909999999999996,0.96947545194112417,0.024144519270090984,0.093578926585729555,0.01730146281230056
CodeBERT_unfrozen_s2027__fusion_TPR_0.005,tune,Pooled,0.5,True,0.99461303868640893,0.99525271581986485,0.96916666666666662,0.96920259697020139,0.024631843093446917,0.096912812869420911,0.013725862959987043
CodeBERT_unfrozen_s2027__fusion_TPR_0.005,tune,Win32,0.5,True,0.99307775079902882,0.99371385461964801,0.95650000000000002,0.95656515227159256,0.032816683628652206,0.1131671928089879,0.018572725185143055
CodeBERT_unfrozen_s2027__fusion_TPR_0.005,tune,Win64,0.5,True,0.9962599064976625,0.99700436643146839,0.98050000000000004,0.98037242073477604,0.017712227966804151,0.073217761350618957,0.014357586603947555
CodeBERT_unfrozen_s2027__fusion_TPR_0.005,tune,Dot_Net,0.5,True,0.99396899999999999,0.99438143744492702,0.97050000000000003,0.97074863658899357,0.023366617684884388,0.10435348444865587,0.017136093093250933
CodeBERT_unfrozen_s2027__fusion_TPR_0.005,calibration,Pooled,0.5,True,0.99538171568751099,0.99587521304429261,0.97241666666666671,0.97244192823245357,0.02237179112045411,0.088463665779938916,0.011848572295041463
CodeBERT_unfrozen_s2027__fusion_TPR_0.005,calibration,Win32,0.5,True,0.99439976339000324,0.99494848913084988,0.96725000000000005,0.96722541906429826,0.025769989476675442,0.096858128222228904,0.014260695657363433
CodeBERT_unfrozen_s2027__fusion_TPR_0.005,calibration,Win64,0.5,True,0.99632567559493079,0.99691172320048094,0.97950000000000004,0.97950000000000004,0.017715763395153787,0.073741789849424269,0.011872617241672077
CodeBERT_unfrozen_s2027__fusion_TPR_0.005,calibration,Dot_Net,0.5,True,0.99530375000000004,0.99561973867705778,0.97050000000000003,0.97060288988540111,0.023629620489533095,0.094791079268163575,0.018619336453015122
CodeBERT_unfrozen_s2027__fusion_TPR_0.005,threshold,Pooled,0.5,False,0.99599992079447131,0.99640900143766353,0.97188333333333332,0.97187348905450244,0.021755890479118821,0.082502315641267282,0.010623973818936061
CodeBERT_unfrozen_s2027__fusion_TPR_0.005,threshold,Win32,0.5,False,0.99423827131698861,0.99487736297530127,0.96545000000000003,0.96537902700536093,0.026828089684967971,0.098647574112413192,0.011555350544025667
CodeBERT_unfrozen_s2027__fusion_TPR_0.005,threshold,Win64,0.5,False,0.99706231510654064,0.99739094579219423,0.97629999999999995,0.97626201923076927,0.018600861867887487,0.070510477059350402,0.010564779003193655
CodeBERT_unfrozen_s2027__fusion_TPR_0.005,threshold,Dot_Net,0.5,False,0.99641711996417126,0.99675923643023423,0.97389999999999999,0.97396768402154399,0.019838719884501001,0.078348895752038253,0.011295326896649013
CodeBERT_unfrozen_s2027__fusion_TPR_0.005,same_period,Pooled,0.5,False,0.99595734564875815,0.99633424892947731,0.97253333333333336,0.97253516432237852,0.021758595305005235,0.083196803787050758,0.010301739254844552
CodeBERT_unfrozen_s2027__fusion_TPR_0.005,same_period,Win32,0.5,False,0.99351519072393135,0.99429739581040621,0.96230000000000004,0.96228868660598177,0.028661969783320269,0.10541542773169139,0.013232218014194132
CodeBERT_unfrozen_s2027__fusion_TPR_0.005,same_period,Win64,0.5,False,0.99711065886154138,0.99736741013244001,0.97770000000000001,0.97769330799239773,0.017871343967296147,0.069990216288693549,0.0092788850738685178
CodeBERT_unfrozen_s2027__fusion_TPR_0.005,same_period,Dot_Net,0.5,False,0.99679539987181598,0.99702591386209727,0.97760000000000002,0.97761790567545959,0.018742472164399299,0.074184767340767344,0.011974430299105261
CodeBERT_unfrozen_s2027__fusion_TPR_0.005,test,Pooled,0.5,False,0.99546911492004675,0.99567095741815437,0.96850000000000003,0.96849474912485412,0.024311782643722666,0.092412861507832247,0.013089477659818903
CodeBERT_unfrozen_s2027__fusion_TPR_0.005,test,Win32,0.5,False,0.99428016587094969,0.99474698185529009,0.9637,0.96306847085156166,0.027932735904392554,0.10586802213762733,0.016067884103020878
CodeBERT_unfrozen_s2027__fusion_TPR_0.005,test,Win64,0.5,False,0.99651317190386945,0.99669753750396084,0.9728,0.97291915571485466,0.020922824299819461,0.078386904583913411,0.010873157095117943
CodeBERT_unfrozen_s2027__fusion_TPR_0.005,test,Dot_Net,0.5,False,0.9959115480546511,0.99601813978324627,0.96899999999999997,0.9693736415728117,0.024079787726955983,0.092983657801956013,0.01668598527444537
CodeBERT_unfrozen_s2027__stack,tune,Pooled,0.5,True,0.99467859512333434,0.99529760318637461,0.96766666666666667,0.967741935483871,0.024155325915456521,0.087346614859211136,0.0060952507492026149
CodeBERT_unfrozen_s2027__stack,tune,Win32,0.5,True,0.99343476365149141,0.99403709827979425,0.95699999999999996,0.95699999999999996,0.030910014641600033,0.10349772968528288,0.014675922694944568
CodeBERT_unfrozen_s2027__stack,tune,Win64,0.5,True,0.99630590764769122,0.9970746647835218,0.97750000000000004,0.97735279315551082,0.017600842998486001,0.066118515236531325,0.012477256558251087
CodeBERT_unfrozen_s2027__stack,tune,Dot_Net,0.5,True,0.99379600000000001,0.99410285546309274,0.96850000000000003,0.96891958559447455,0.02395512010628353,0.092423599655819227,0.012791497887364436
CodeBERT_unfrozen_s2027__stack,calibration,Pooled,0.5,True,0.99548096702189015,0.99592623192870111,0.97191666666666665,0.9719703900856691,0.021810427538045001,0.080153816234137032,0.0053639407183823868
CodeBERT_unfrozen_s2027__stack,calibration,Win32,0.5,True,0.99464627380506831,0.99515482883585793,0.96899999999999997,0.96899999999999997,0.025217653717140357,0.090483923083035822,0.010210838089587554
CodeBERT_unfrozen_s2027__stack,calibration,Win64,0.5,True,0.99642017750859446,0.99693956165530717,0.97875000000000001,0.97876592555583308,0.01728471045114267,0.066808318953737678,0.005466451150284519
CodeBERT_unfrozen_s2027__stack,calibration,Dot_Net,0.5,True,0.99539124999999995,0.9956979489603035,0.96799999999999997,0.96815920398009947,0.022928918445851973,0.083169206665637582,0.010684382157856696
CodeBERT_unfrozen_s2027__stack,threshold,Pooled,0.5,False,0.99609914104168529,0.99649554114326155,0.97191666666666665,0.97192368574523036,0.021188530276872015,0.076169506106822008,0.0028522747300254703
CodeBERT_unfrozen_s2027__stack,threshold,Win32,0.5,False,0.99432979494956153,0.99497665460938456,0.96504999999999996,0.96498873027798648,0.026384333889885682,0.092864427167696287,0.005609698993389315
CodeBERT_unfrozen_s2027__stack,threshold,Win64,0.5,False,0.99718280776822366,0.99747750025889115,0.97614999999999996,0.97609621648709599,0.017848195628270856,0.064442605422985799,0.0045772128139676118
CodeBERT_unfrozen_s2027__stack,threshold,Dot_Net,0.5,False,0.99650258996502583,0.99683488843282553,0.97455000000000003,0.97467031599900478,0.019333061312459519,0.071201485729783937,0.0058650061959749219
CodeBERT_unfrozen_s2027__stack,same_period,Pooled,0.5,False,0.9960528758219972,0.99641816754678847,0.97216666666666662,0.97221205364571195,0.021029153279149799,0.076199378258088007,0.0028448545883730646
CodeBERT_unfrozen_s2027__stack,same_period,Win32,0.5,False,0.99356451261986511,0.99433171597745595,0.96150000000000002,0.96160367009075498,0.028026427671815544,0.098784859362530716,0.0063165056253116844
CodeBERT_unfrozen_s2027__stack,same_period,Win64,0.5,False,0.99723430147781911,0.99747617011797163,0.97799999999999998,0.97800879648140748,0.016870885531261218,0.062401592808135557,0.0046665303878111134
CodeBERT_unfrozen_s2027__stack,same_period,Dot_Net,0.5,False,0.99688651987546084,0.99710537303972646,0.97699999999999998,0.97704132561389501,0.018190146634372642,0.067411682603597756,0.0054405440362024389
CodeBERT_unfrozen_s2027__stack,test,Pooled,0.5,False,0.99576660050616506,0.99603506956336219,0.9684666666666667,0.96849187316813212,0.023172664588831018,0.081727705290882677,0.0044724527272093847
CodeBERT_unfrozen_s2027__stack,test,Win32,0.5,False,0.9944461280218192,0.99490165016708598,0.96419999999999995,0.96358087487283828,0.026836967735854044,0.095224301005127257,0.012913303667782171
CodeBERT_unfrozen_s2027__stack,test,Win64,0.5,False,0.99689652577701771,0.99722196374938177,0.97340000000000004,0.97353760445682447,0.019649419842767073,0.068881937161916332,0.0045033297648829065
CodeBERT_unfrozen_s2027__stack,test,Dot_Net,0.5,False,0.99599803253800689,0.99610600185557141,0.96779999999999999,0.96825083809899426,0.023031606187871926,0.081076877705604414,0.008820789668156994
CodeBERT_unfrozen_s2028__fusion_ROC_AUC,tune,Pooled,0.5,True,0.99474081818211113,0.99534230217670139,0.97016666666666662,0.97020143166305972,0.024741681035988165,0.098767771629319198,0.015254527690900703
CodeBERT_unfrozen_s2028__fusion_ROC_AUC,tune,Win32,0.5,True,0.99346576476753179,0.99405184609153296,0.95850000000000002,0.95856215676485268,0.033233382695833286,0.11470139399491922,0.022158466888929865
CodeBERT_unfrozen_s2028__fusion_ROC_AUC,tune,Win64,0.5,True,0.99628590714767873,0.9970820343512885,0.98099999999999998,0.98088531187122741,0.017694632404149688,0.075249280605403993,0.014487589002004758
CodeBERT_unfrozen_s2028__fusion_ROC_AUC,tune,Dot_Net,0.5,True,0.99377199999999999,0.99398744935780892,0.97099999999999997,0.97123015873015872,0.023297028007981516,0.10635264028763433,0.01720257399448847
CodeBERT_unfrozen_s2028__fusion_ROC_AUC,calibration,Pooled,0.5,True,0.99535285418837305,0.99578355791312534,0.97216666666666662,0.97219910104877638,0.022599215322362785,0.092077459365152423,0.013039716716251259
CodeBERT_unfrozen_s2028__fusion_ROC_AUC,calibration,Win32,0.5,True,0.99439026298861122,0.99491890742801525,0.96725000000000005,0.96722541906429826,0.026062373665418668,0.099704798117598484,0.013563957668139727
CodeBERT_unfrozen_s2028__fusion_ROC_AUC,calibration,Win64,0.5,True,0.99621517335726051,0.99670534449183312,0.97924999999999995,0.97925518620344909,0.01797944131712222,0.079792430410626239,0.013014600082178633
CodeBERT_unfrozen_s2028__fusion_ROC_AUC,calibration,Dot_Net,0.5,True,0.99537775000000006,0.99568511677591653,0.96999999999999997,0.97011952191235062,0.023755830984547477,0.096735149567232517,0.018558995086054048
CodeBERT_unfrozen_s2028__fusion_ROC_AUC,threshold,Pooled,0.5,False,0.99600319750599609,0.99640978205127029,0.97193333333333332,0.97192491080657528,0.021970547171722872,0.085447070521357985,0.012141136989389492
CodeBERT_unfrozen_s2028__fusion_ROC_AUC,threshold,Win32,0.5,False,0.99424106142772828,0.99491357976847472,0.96535000000000004,0.96528577869057752,0.027054500453687076,0.10175620884995872,0.013735812509297706
CodeBERT_unfrozen_s2028__fusion_ROC_AUC,threshold,Win64,0.5,False,0.99700272379016863,0.99730622480312991,0.97640000000000005,0.97637164597517023,0.018869580891224737,0.074623725720400311,0.012015286424349689
CodeBERT_unfrozen_s2028__fusion_ROC_AUC,threshold,Dot_Net,0.5,False,0.99647834996478357,0.99680763945416673,0.97404999999999997,0.97410567280347249,0.019987560170256807,0.079961276993714983,0.0123681519427024
CodeBERT_unfrozen_s2028__fusion_ROC_AUC,same_period,Pooled,0.5,False,0.99588410021956963,0.99626743608029567,0.97250000000000003,0.97250091663611216,0.022042397235661104,0.086949544475327697,0.012313381697618562
CodeBERT_unfrozen_s2028__fusion_ROC_AUC,same_period,Win32,0.5,False,0.99336994514069121,0.99416389567789654,0.96250000000000002,0.9624962496249625,0.028964404039998601,0.11040518210921757,0.015858397656511772
CodeBERT_unfrozen_s2028__fusion_ROC_AUC,same_period,Win64,0.5,False,0.99699321637645866,0.997262883139168,0.97750000000000004,0.9774977497749775,0.018240545839839022,0.074369847906305186,0.011149203493426411
CodeBERT_unfrozen_s2028__fusion_ROC_AUC,same_period,Dot_Net,0.5,False,0.99683987987359524,0.99705728010317274,0.97750000000000004,0.97750674797560733,0.018922241827145678,0.076073603410460322,0.012799078231052204
CodeBERT_unfrozen_s2028__fusion_ROC_AUC,test,Pooled,0.5,False,0.99566611417481066,0.99594655259609399,0.96840000000000004,0.96839578610481403,0.024551240025592905,0.095059589184649143,0.015355826404235631
CodeBERT_unfrozen_s2028__fusion_ROC_AUC,test,Win32,0.5,False,0.99423412527426347,0.99471232082612837,0.96379999999999999,0.96316646316646315,0.028242163416897541,0.10980736944067747,0.018270069087976189
CodeBERT_unfrozen_s2028__fusion_ROC_AUC,test,Win64,0.5,False,0.9967378717583486,0.99707345945781012,0.97270000000000001,0.9728331177231565,0.021178584163425281,0.080259947617390762,0.013656941810473
CodeBERT_unfrozen_s2028__fusion_ROC_AUC,test,Dot_Net,0.5,False,0.99599267226013,0.99609947735129711,0.96870000000000001,0.96906808973218694,0.024232972496455892,0.095111450495879199,0.01797568092160761
CodeBERT_unfrozen_s2028__fusion_AP,tune,Pooled,0.5,True,0.99474081818211113,0.99534230217670139,0.97016666666666662,0.97020143166305972,0.024741681035988165,0.098767771629319198,0.015254527690900703
CodeBERT_unfrozen_s2028__fusion_AP,tune,Win32,0.5,True,0.99346576476753179,0.99405184609153296,0.95850000000000002,0.95856215676485268,0.033233382695833286,0.11470139399491922,0.022158466888929865
CodeBERT_unfrozen_s2028__fusion_AP,tune,Win64,0.5,True,0.99628590714767873,0.9970820343512885,0.98099999999999998,0.98088531187122741,0.017694632404149688,0.075249280605403993,0.014487589002004758
CodeBERT_unfrozen_s2028__fusion_AP,tune,Dot_Net,0.5,True,0.99377199999999999,0.99398744935780892,0.97099999999999997,0.97123015873015872,0.023297028007981516,0.10635264028763433,0.01720257399448847
CodeBERT_unfrozen_s2028__fusion_AP,calibration,Pooled,0.5,True,0.99535285418837305,0.99578355791312534,0.97216666666666662,0.97219910104877638,0.022599215322362785,0.092077459365152423,0.013039716716251259
CodeBERT_unfrozen_s2028__fusion_AP,calibration,Win32,0.5,True,0.99439026298861122,0.99491890742801525,0.96725000000000005,0.96722541906429826,0.026062373665418668,0.099704798117598484,0.013563957668139727
CodeBERT_unfrozen_s2028__fusion_AP,calibration,Win64,0.5,True,0.99621517335726051,0.99670534449183312,0.97924999999999995,0.97925518620344909,0.01797944131712222,0.079792430410626239,0.013014600082178633
CodeBERT_unfrozen_s2028__fusion_AP,calibration,Dot_Net,0.5,True,0.99537775000000006,0.99568511677591653,0.96999999999999997,0.97011952191235062,0.023755830984547477,0.096735149567232517,0.018558995086054048
CodeBERT_unfrozen_s2028__fusion_AP,threshold,Pooled,0.5,False,0.99600319750599609,0.99640978205127029,0.97193333333333332,0.97192491080657528,0.021970547171722872,0.085447070521357985,0.012141136989389492
CodeBERT_unfrozen_s2028__fusion_AP,threshold,Win32,0.5,False,0.99424106142772828,0.99491357976847472,0.96535000000000004,0.96528577869057752,0.027054500453687076,0.10175620884995872,0.013735812509297706
CodeBERT_unfrozen_s2028__fusion_AP,threshold,Win64,0.5,False,0.99700272379016863,0.99730622480312991,0.97640000000000005,0.97637164597517023,0.018869580891224737,0.074623725720400311,0.012015286424349689
CodeBERT_unfrozen_s2028__fusion_AP,threshold,Dot_Net,0.5,False,0.99647834996478357,0.99680763945416673,0.97404999999999997,0.97410567280347249,0.019987560170256807,0.079961276993714983,0.0123681519427024
CodeBERT_unfrozen_s2028__fusion_AP,same_period,Pooled,0.5,False,0.99588410021956963,0.99626743608029567,0.97250000000000003,0.97250091663611216,0.022042397235661104,0.086949544475327697,0.012313381697618562
CodeBERT_unfrozen_s2028__fusion_AP,same_period,Win32,0.5,False,0.99336994514069121,0.99416389567789654,0.96250000000000002,0.9624962496249625,0.028964404039998601,0.11040518210921757,0.015858397656511772
CodeBERT_unfrozen_s2028__fusion_AP,same_period,Win64,0.5,False,0.99699321637645866,0.997262883139168,0.97750000000000004,0.9774977497749775,0.018240545839839022,0.074369847906305186,0.011149203493426411
CodeBERT_unfrozen_s2028__fusion_AP,same_period,Dot_Net,0.5,False,0.99683987987359524,0.99705728010317274,0.97750000000000004,0.97750674797560733,0.018922241827145678,0.076073603410460322,0.012799078231052204
CodeBERT_unfrozen_s2028__fusion_AP,test,Pooled,0.5,False,0.99566611417481066,0.99594655259609399,0.96840000000000004,0.96839578610481403,0.024551240025592905,0.095059589184649143,0.015355826404235631
CodeBERT_unfrozen_s2028__fusion_AP,test,Win32,0.5,False,0.99423412527426347,0.99471232082612837,0.96379999999999999,0.96316646316646315,0.028242163416897541,0.10980736944067747,0.018270069087976189
CodeBERT_unfrozen_s2028__fusion_AP,test,Win64,0.5,False,0.9967378717583486,0.99707345945781012,0.97270000000000001,0.9728331177231565,0.021178584163425281,0.080259947617390762,0.013656941810473
CodeBERT_unfrozen_s2028__fusion_AP,test,Dot_Net,0.5,False,0.99599267226013,0.99609947735129711,0.96870000000000001,0.96906808973218694,0.024232972496455892,0.095111450495879199,0.01797568092160761
CodeBERT_unfrozen_s2028__fusion_TPR_0.001,tune,Pooled,0.5,True,0.99472204015187304,0.99538846940268666,0.97033333333333338,0.97035309793471014,0.024704804541430248,0.097451440835458286,0.01449266001119939
CodeBERT_unfrozen_s2028__fusion_TPR_0.001,tune,Win32,0.5,True,0.99333376001536045,0.99395456802653004,0.95799999999999996,0.95804195804195802,0.033175439320821856,0.11436283855981381,0.021541126218619287
CodeBERT_unfrozen_s2028__fusion_TPR_0.001,tune,Win64,0.5,True,0.99623690592264813,0.99707649746174432,0.98150000000000004,0.98137896326119778,0.017659334955053337,0.074175810163166656,0.014041376303594708
CodeBERT_unfrozen_s2028__fusion_TPR_0.001,tune,Dot_Net,0.5,True,0.99406499999999998,0.99446969208758684,0.97150000000000003,0.97171215880893302,0.023279639348415551,0.10381567378339437,0.016909308632637357
CodeBERT_unfrozen_s2028__fusion_TPR_0.001,calibration,Pooled,0.5,True,0.99534588187241191,0.99577044553323546,0.97233333333333338,0.97236557349758612,0.022538063594165627,0.090561961070915548,0.012634857005582402
CodeBERT_unfrozen_s2028__fusion_TPR_0.001,calibration,Win32,0.5,True,0.99423925660859169,0.99479663348150982,0.96750000000000003,0.96748374187093544,0.025996126792390255,0.099266364499580637,0.01393039997773473
CodeBERT_unfrozen_s2028__fusion_TPR_0.001,calibration,Win64,0.5,True,0.99625467415715163,0.99673116816491036,0.97950000000000004,0.97950000000000004,0.017909624117661373,0.077316961837100698,0.012398358328501368
CodeBERT_unfrozen_s2028__fusion_TPR_0.001,calibration,Dot_Net,0.5,True,0.99544125000000017,0.99575079394759713,0.96999999999999997,0.97011952191235062,0.023708439872445256,0.095102556876065336,0.018140273203870714
CodeBERT_unfrozen_s2028__fusion_TPR_0.001,threshold,Pooled,0.5,False,0.99602571781429916,0.99641879479287698,0.97189999999999999,0.97189250466791144,0.021908475526971481,0.083986670273501998,0.011734670692112469
CodeBERT_unfrozen_s2028__fusion_TPR_0.001,threshold,Win32,0.5,False,0.99431223425257742,0.99492809830987194,0.96545000000000003,0.96538596403346189,0.026986121438148155,0.099904337387749162,0.013212169917019789
CodeBERT_unfrozen_s2028__fusion_TPR_0.001,threshold,Win64,0.5,False,0.99699668365674188,0.99731067957628805,0.97629999999999995,0.97627152583099719,0.018793981289878987,0.073029675190783017,0.011773520125877636
CodeBERT_unfrozen_s2028__fusion_TPR_0.001,threshold,Dot_Net,0.5,False,0.9964790799647909,0.99681188744699112,0.97394999999999998,0.97400848091793468,0.019945323852887296,0.079025998241973774,0.012130931068698319
CodeBERT_unfrozen_s2028__fusion_TPR_0.001,same_period,Pooled,0.5,False,0.99596630576922196,0.99632941897003646,0.97266666666666668,0.97266666666666668,0.021967232110220163,0.084927502630239016,0.011722429639710282
CodeBERT_unfrozen_s2028__fusion_TPR_0.001,same_period,Win32,0.5,False,0.99351023053326171,0.99427185462364065,0.9627,0.96268880664199263,0.028880349203071597,0.10764871919168541,0.015250452420122325
CodeBERT_unfrozen_s2028__fusion_TPR_0.001,same_period,Win64,0.5,False,0.99700281657959877,0.99726193994253853,0.97770000000000001,0.97769776977697764,0.018145954009415287,0.072503973974107697,0.010581637927667644
CodeBERT_unfrozen_s2028__fusion_TPR_0.001,same_period,Dot_Net,0.5,False,0.99692771987710882,0.99714252999635478,0.97760000000000002,0.97760895641743306,0.018875393118173604,0.074629814724923943,0.012239384323590763
CodeBERT_unfrozen_s2028__fusion_TPR_0.001,test,Pooled,0.5,False,0.99567456322235393,0.99589985789808466,0.96856666666666669,0.96856352301896853,0.024467898649469369,0.093089028472428018,0.014815667710244436
CodeBERT_unfrozen_s2028__fusion_TPR_0.001,test,Win32,0.5,False,0.99437228706484049,0.99480372666425243,0.96379999999999999,0.96316646316646315,0.028149245215139184,0.10687357147865073,0.01797036106996645
CodeBERT_unfrozen_s2028__fusion_TPR_0.001,test,Win64,0.5,False,0.99671843004047833,0.99699605973120198,0.97299999999999998,0.97312898089171973,0.021095353957765309,0.078497013681302699,0.012488665602904009
CodeBERT_unfrozen_s2028__fusion_TPR_0.001,test,Dot_Net,0.5,False,0.99593354919519028,0.99602882343971166,0.96889999999999998,0.96927181108586113,0.024159096775503618,0.093896500257330665,0.017652926249557322
CodeBERT_unfrozen_s2028__fusion_TPR_0.005,tune,Pooled,0.5,True,0.9946728172678766,0.99536837667651779,0.96950000000000003,0.96953554186782087,0.024676084468464421,0.096791120005651654,0.013959785816478946
CodeBERT_unfrozen_s2028__fusion_TPR_0.005,tune,Win32,0.5,True,0.9931847546511674,0.9938289462220109,0.95699999999999996,0.95704295704295705,0.033128579173071229,0.11426014207697466,0.019320730033558074
CodeBERT_unfrozen_s2028__fusion_TPR_0.005,tune,Win64,0.5,True,0.99615390384759628,0.99702200980924161,0.98099999999999998,0.98088531187122741,0.017630765244740096,0.073504353661351621,0.014085544271667643
CodeBERT_unfrozen_s2028__fusion_TPR_0.005,tune,Dot_Net,0.5,True,0.99415300000000006,0.99461368200927747,0.97050000000000003,0.97074863658899357,0.023268908987581934,0.1026088642786287,0.01645181199420994
CodeBERT_unfrozen_s2028__fusion_TPR_0.005,calibration,Pooled,0.5,True,0.99531671481361017,0.99574386995178954,0.97241666666666671,0.97244651627403644,0.022484875382188931,0.089774738626610215,0.012181325051094035
CodeBERT_unfrozen_s2028__fusion_TPR_0.005,calibration,Win32,0.5,True,0.99417575392560331,0.99474692988989344,0.96750000000000003,0.96748374187093544,0.025940669350403157,0.098974926963568938,0.014116641760292419
CodeBERT_unfrozen_s2028__fusion_TPR_0.005,calibration,Win64,0.5,True,0.99622742360532801,0.99671746917417359,0.97950000000000004,0.97950000000000004,0.017847614495314062,0.076216397295774396,0.011748666493147325
CodeBERT_unfrozen_s2028__fusion_TPR_0.005,calibration,Dot_Net,0.5,True,0.99544450000000007,0.99575768003219745,0.97024999999999995,0.97036114570361143,0.023666342300849564,0.094132891620487325,0.018306352545401743
CodeBERT_unfrozen_s2028__fusion_TPR_0.005,threshold,Pooled,0.5,False,0.99599704519954879,0.99639460933449908,0.97193333333333332,0.97192771887710872,0.021854670601861539,0.083346634807989817,0.011416200947942091
CodeBERT_unfrozen_s2028__fusion_TPR_0.005,threshold,Win32,0.5,False,0.99426173224815295,0.99488797738444523,0.96555000000000002,0.96548960681192086,0.026928734200593135,0.099290007696547264,0.012692041905346112
CodeBERT_unfrozen_s2028__fusion_TPR_0.005,threshold,Win64,0.5,False,0.99697819324828885,0.99729912612051341,0.97619999999999996,0.97616901972564329,0.018726295881454354,0.072254170383624319,0.010969413132334259
CodeBERT_unfrozen_s2028__fusion_TPR_0.005,threshold,Dot_Net,0.5,False,0.9964598399645983,0.99679245613783496,0.97404999999999997,0.9741134221158162,0.019908981723537129,0.078495726343797853,0.011834805649231311
CodeBERT_unfrozen_s2028__fusion_TPR_0.005,same_period,Pooled,0.5,False,0.99595016332997377,0.99631484639500667,0.97260000000000002,0.97260182654489702,0.021900315816454605,0.084093916872132413,0.011158485227869757
CodeBERT_unfrozen_s2028__fusion_TPR_0.005,same_period,Win32,0.5,False,0.99349502994895111,0.99426093375131164,0.96250000000000002,0.9624887466239872,0.028807622210648309,0.10663967496315986,0.014446185019124969
CodeBERT_unfrozen_s2028__fusion_TPR_0.005,same_period,Win64,0.5,False,0.996990096310438,0.99725542286917168,0.97770000000000001,0.97769776977697764,0.018058987551612025,0.07159935762474269,0.010121788135073717
CodeBERT_unfrozen_s2028__fusion_TPR_0.005,same_period,Dot_Net,0.5,False,0.99691475987659028,0.99712720435126057,0.97760000000000002,0.9776134319408355,0.018834337687103481,0.0740427180284947,0.01167812709519073
CodeBERT_unfrozen_s2028__fusion_TPR_0.005,test,Pooled,0.5,False,0.99563991812735164,0.99585071370080125,0.96850000000000003,0.96849684968496852,0.024393878388387309,0.092199772701005545,0.014360436945636629
CodeBERT_unfrozen_s2028__fusion_TPR_0.005,test,Win32,0.5,False,0.99441004755421636,0.99482961344158616,0.96360000000000001,0.96296296296296291,0.028067274293270793,0.10560615214032965,0.017199646703456403
CodeBERT_unfrozen_s2028__fusion_TPR_0.005,test,Win64,0.5,False,0.99666830561148378,0.99693287836558997,0.97289999999999999,0.9730214036834246,0.021022842261506219,0.077822579200650499,0.012097513024207562
CodeBERT_unfrozen_s2028__fusion_TPR_0.005,test,Dot_Net,0.5,False,0.99587998641849595,0.99596832227042975,0.96899999999999997,0.96937969182141448,0.024091518610384905,0.093170586762036489,0.0171195830303843
CodeBERT_unfrozen_s2028__stack,tune,Pooled,0.5,True,0.99471837343590952,0.99534505622511182,0.96899999999999997,0.96906187624750495,0.024057051443871463,0.086861836624978178,0.0057080006137409239
CodeBERT_unfrozen_s2028__stack,tune,Win32,0.5,True,0.9933297598713553,0.99393276361946648,0.95599999999999996,0.95604395604395609,0.0314622015618789,0.104638537438712,0.011953888661629129
CodeBERT_unfrozen_s2028__stack,tune,Win64,0.5,True,0.99633090827270676,0.99712961318248872,0.97999999999999998,0.97987927565392352,0.017231767406951023,0.064875187372547147,0.013666120993016461
CodeBERT_unfrozen_s2028__stack,tune,Dot_Net,0.5,True,0.99388399999999999,0.99418520925092324,0.97099999999999997,0.97131552917903063,0.023477185362784474,0.091071785063675373,0.011754186096324677
CodeBERT_unfrozen_s2028__stack,calibration,Pooled,0.5,True,0.99541563281017442,0.99583716451873383,0.97150000000000003,0.9715663451945461,0.021880330094300272,0.080669411774209818,0.0056804883109051541
CodeBERT_unfrozen_s2028__stack,calibration,Win32,0.5,True,0.99446476613636925,0.99499309518767953,0.96699999999999997,0.96704942586120823,0.025555091745625536,0.091776764826280846,0.0091830776952050528
CodeBERT_unfrozen_s2028__stack,calibration,Win64,0.5,True,0.99632067549367875,0.99680125254484042,0.97875000000000001,0.97874468617154287,0.017283106518863309,0.067449745671778208,0.0056095326418197766
CodeBERT_unfrozen_s2028__stack,calibration,Dot_Net,0.5,True,0.99543200000000009,0.99573334854618056,0.96875,0.96892866020382795,0.022802792018411979,0.082781724824570399,0.011674224056378295
CodeBERT_unfrozen_s2028__stack,threshold,Pooled,0.5,False,0.99607514515762607,0.99647063721406093,0.97233333333333338,0.97235452819505042,0.02114741129327195,0.076256468588152854,0.0028765749151979107
CodeBERT_unfrozen_s2028__stack,threshold,Win32,0.5,False,0.99430320389416249,0.99495423562727203,0.96584999999999999,0.96581410481005059,0.026333088773863717,0.092919813265314954,0.0051497557262883981
CodeBERT_unfrozen_s2028__stack,threshold,Win64,0.5,False,0.9971182063411782,0.99741430754783977,0.97685,0.97682102628285361,0.017809327586569831,0.064779096949662093,0.0040135053520900131
CodeBERT_unfrozen_s2028__stack,threshold,Dot_Net,0.5,False,0.9965052099650521,0.99683677684081817,0.97430000000000005,0.97441767867808082,0.019299817519382308,0.071070495549481458,0.0049795333932822509
CodeBERT_unfrozen_s2028__stack,same_period,Pooled,0.5,False,0.99600089290089355,0.99637075704307865,0.97223333333333328,0.97228230126776027,0.021130462883200481,0.076677782836367961,0.0031759180779008973
CodeBERT_unfrozen_s2028__stack,same_period,Win32,0.5,False,0.99349542996432771,0.99426754503960169,0.96179999999999999,0.96188385551786071,0.028083204913642426,0.099140616085222899,0.0059630079124064301
CodeBERT_unfrozen_s2028__stack,same_period,Win64,0.5,False,0.99714653962077826,0.99740036666286669,0.97770000000000001,0.97772005195324208,0.017075485061977629,0.063236671356441967,0.0043095792719316959
CodeBERT_unfrozen_s2028__stack,same_period,Dot_Net,0.5,False,0.99690127987605126,0.99711717752358242,0.97719999999999996,0.97725004989024145,0.018232698673981401,0.067656061067438988,0.0056968661119988183
CodeBERT_unfrozen_s2028__stack,test,Pooled,0.5,False,0.99578309859374026,0.99604236634776422,0.96913333333333329,0.96915800692779108,0.023122383803926314,0.081549409910494558,0.004464669401261924
CodeBERT_unfrozen_s2028__stack,test,Win32,0.5,False,0.99446056820896411,0.99490563809669474,0.96450000000000002,0.96391909746925497,0.02685893182156069,0.095087488365268411,0.012354420721574498
CodeBERT_unfrozen_s2028__stack,test,Win64,0.5,False,0.9968773240803559,0.99719254285626968,0.97370000000000001,0.97381781981085114,0.019751266041674154,0.06922318560416009,0.0046920772554014372
CodeBERT_unfrozen_s2028__stack,test,Dot_Net,0.5,False,0.99600947313108723,0.99610984104420619,0.96919999999999995,0.96962524654832349,0.022756953548544095,0.080337555762055132,0.0082642107397358708
