left,right,metric,observed_difference,bootstrap_mean,percentile_lo,percentile_hi,replicates,threshold_convention,interval_scope,stratification
CodeBERT_partial_s2026,LightGBM,ROC_AUC,-0.011708190964919263,-0.011700603615778989,-0.012726303027245766,-0.010759659820278669,1000,none,conditional_sampling,format_x_class
CodeBERT_partial_s2026,LightGBM,AP,-0.011846717485071045,-0.011813939347623764,-0.012952563835922932,-0.010747194421692322,1000,none,conditional_sampling,format_x_class
CodeBERT_partial_s2026,LightGBM,Accuracy,-0.029533333333333411,-0.029540199999999999,-0.032033333333333358,-0.026899166666666703,1000,none,conditional_sampling,format_x_class
CodeBERT_partial_s2026,LightGBM,F1,-0.029807519295277474,-0.029814679411891448,-0.03226081954134289,-0.027156825749223259,1000,none,conditional_sampling,format_x_class
CodeBERT_partial_s2026,LightGBM,Brier,0.031742267960025161,0.03173764257512416,0.029528189702447239,0.033932274450975894,1000,none,conditional_sampling,format_x_class
CodeBERT_partial_s2026,LightGBM,LogLoss,0.16232303187715524,0.16229587305954232,0.15241162638536276,0.17274925647903247,1000,none,conditional_sampling,format_x_class
CodeBERT_partial_s2026,LightGBM,ECE,0.036818214174200919,0.036749799378713449,0.034242950232802646,0.03923234327688891,1000,none,conditional_sampling,format_x_class
CodeBERT_partial_s2026,LightGBM,oracle_pooled_TPR_0.001,-0.37258546299369405,-0.37620092930633914,-0.46368735479588447,-0.2783654165283771,1000,oracle_reselected_in_each_resample,exploratory_extreme_tail,format_x_class
CodeBERT_partial_s2026,LightGBM,oracle_pooled_TPR_0.005,-0.23637570527713248,-0.23031948224361101,-0.25450547626949882,-0.20317291735811482,1000,oracle_reselected_in_each_resample,conditional_sampling,format_x_class
CodeBERT_partial_s2026,LightGBM,oracle_pooled_TPR_0.01,-0.16262860935944246,-0.16251603053435115,-0.18128775307002987,-0.14230833056754066,1000,oracle_reselected_in_each_resample,conditional_sampling,format_x_class
CodeBERT_partial_s2026,LightGBM,oracle_pooled_TPR_0.05,-0.053700630600730159,-0.055326053767009623,-0.064852306671091875,-0.04825755061400594,1000,oracle_reselected_in_each_resample,conditional_sampling,format_x_class
CodeBERT_partial_s2026,LightGBM,oracle_per_format_TPR_0.001,-0.42675074676402253,-0.40762323265847994,-0.49481579820776639,-0.31894789246598076,1000,oracle_reselected_in_each_resample,exploratory_extreme_tail,format_x_class
CodeBERT_partial_s2026,LightGBM,oracle_per_format_TPR_0.005,-0.23962827746432125,-0.23546783936276139,-0.27262197145701961,-0.19846664454032525,1000,oracle_reselected_in_each_resample,conditional_sampling,format_x_class
CodeBERT_partial_s2026,LightGBM,oracle_per_format_TPR_0.01,-0.15360106206438762,-0.1568424161964819,-0.17909558579488882,-0.13700298705609026,1000,oracle_reselected_in_each_resample,conditional_sampling,format_x_class
CodeBERT_partial_s2026,LightGBM,oracle_per_format_TPR_0.05,-0.057218718884832431,-0.056795751742449392,-0.064785927646863639,-0.048921340856289408,1000,oracle_reselected_in_each_resample,conditional_sampling,format_x_class
CodeBERT_partial_s2026,LightGBM,fixed_pooled_TPR_0.001,-0.38718884832392964,-0.38737112512446059,-0.39575340192499164,-0.37895784931961507,1000,independent_deployment_rule_held_fixed,exploratory_extreme_tail,format_x_class
CodeBERT_partial_s2026,LightGBM,fixed_pooled_FPR_0.001,-0.00040174087713424852,-0.00040970873786407757,-0.0011382658185470371,0.00033478406427854047,1000,independent_deployment_rule_held_fixed,exploratory_extreme_tail,format_x_class
CodeBERT_partial_s2026,LightGBM,fixed_pooled_TPR_0.005,-0.25011616329239961,-0.25008084965151012,-0.2572220378360438,-0.24274311317623631,1000,independent_deployment_rule_held_fixed,conditional_sampling,format_x_class
CodeBERT_partial_s2026,LightGBM,fixed_pooled_FPR_0.005,-0.0013391362571141619,-0.001307130900569133,-0.0027452293270840309,0.00020087043856712415,1000,independent_deployment_rule_held_fixed,conditional_sampling,format_x_class
CodeBERT_partial_s2026,LightGBM,fixed_pooled_TPR_0.01,-0.17484234981745772,-0.17473435114503816,-0.18128111516760703,-0.16820278791901755,1000,independent_deployment_rule_held_fixed,conditional_sampling,format_x_class
CodeBERT_partial_s2026,LightGBM,fixed_pooled_FPR_0.01,-0.0028791429527954479,-0.0028684968195513898,-0.0048242383662537667,-0.00093572145965852157,1000,independent_deployment_rule_held_fixed,conditional_sampling,format_x_class
CodeBERT_partial_s2026,LightGBM,fixed_pooled_TPR_0.05,-0.066113508131430465,-0.066059541984732836,-0.070029870560902818,-0.062129107202124167,1000,independent_deployment_rule_held_fixed,conditional_sampling,format_x_class
CodeBERT_partial_s2026,LightGBM,fixed_pooled_FPR_0.05,-0.0062269835955808539,-0.0062052226314027459,-0.010043521928356211,-0.0021426180113826576,1000,independent_deployment_rule_held_fixed,conditional_sampling,format_x_class
CodeBERT_partial_s2026,LightGBM,fixed_per_format_TPR_0.001,-0.39820776634583477,-0.39837278460006637,-0.40670428144706267,-0.39017424493859937,1000,independent_deployment_rule_held_fixed,exploratory_extreme_tail,format_x_class
CodeBERT_partial_s2026,LightGBM,fixed_per_format_FPR_0.001,-0.00033478406427854047,-0.00034984934717107461,-0.0010713090056913292,0.00040174087713424852,1000,independent_deployment_rule_held_fixed,exploratory_extreme_tail,format_x_class
CodeBERT_partial_s2026,LightGBM,fixed_per_format_TPR_0.005,-0.24454032525721869,-0.24449538665781614,-0.2515117822768006,-0.23677397942250256,1000,independent_deployment_rule_held_fixed,conditional_sampling,format_x_class
CodeBERT_partial_s2026,LightGBM,fixed_per_format_FPR_0.005,-0.0010713090056913288,-0.001076799464345497,-0.0025443588885169068,0.00033645798459993145,1000,independent_deployment_rule_held_fixed,conditional_sampling,format_x_class
CodeBERT_partial_s2026,LightGBM,fixed_per_format_TPR_0.01,-0.16501825423166283,-0.16496110189180219,-0.17112512446067041,-0.15871224692997021,1000,independent_deployment_rule_held_fixed,conditional_sampling,format_x_class
CodeBERT_partial_s2026,LightGBM,fixed_per_format_FPR_0.01,-0.0016069635085369932,-0.0016069635085369939,-0.0035487110813525284,0.00033478406427854025,1000,independent_deployment_rule_held_fixed,conditional_sampling,format_x_class
CodeBERT_partial_s2026,LightGBM,fixed_per_format_TPR_0.05,-0.067042814470627321,-0.067030136076999675,-0.071158313972784604,-0.063257550614005953,1000,independent_deployment_rule_held_fixed,conditional_sampling,format_x_class
CodeBERT_partial_s2026,LightGBM,fixed_per_format_FPR_0.05,-0.0052226314027452314,-0.0051677268162035493,-0.008905256109809169,-0.0012052226314027414,1000,independent_deployment_rule_held_fixed,conditional_sampling,format_x_class
CodeBERT_partial_s2027,LightGBM,ROC_AUC,-0.012651102004026638,-0.012640133955848717,-0.013635535600612991,-0.011645685291201566,1000,none,conditional_sampling,format_x_class
CodeBERT_partial_s2027,LightGBM,AP,-0.013077017932016544,-0.013046377125449747,-0.01425555468241943,-0.011875686277119227,1000,none,conditional_sampling,format_x_class
CodeBERT_partial_s2027,LightGBM,Accuracy,-0.030966666666666698,-0.030975133333333332,-0.033533333333333304,-0.02810000000000001,1000,none,conditional_sampling,format_x_class
CodeBERT_partial_s2027,LightGBM,F1,-0.03099375175430541,-0.03100168746888805,-0.033528976460602072,-0.028109080540408341,1000,none,conditional_sampling,format_x_class
CodeBERT_partial_s2027,LightGBM,Brier,0.032851832949304015,0.032850529556201408,0.030380756056111888,0.03491128210457952,1000,none,conditional_sampling,format_x_class
CodeBERT_partial_s2027,LightGBM,LogLoss,0.16274845085346967,0.16267677701783559,0.15144054278459912,0.1727179872405824,1000,none,conditional_sampling,format_x_class
CodeBERT_partial_s2027,LightGBM,ECE,0.036949924002552828,0.036899467213265529,0.033997242368932833,0.039479704463201766,1000,none,conditional_sampling,format_x_class
CodeBERT_partial_s2027,LightGBM,oracle_pooled_TPR_0.001,-0.40106206438765352,-0.3948748755393296,-0.48877696647859281,-0.31807168934616659,1000,oracle_reselected_in_each_resample,exploratory_extreme_tail,format_x_class
CodeBERT_partial_s2027,LightGBM,oracle_pooled_TPR_0.005,-0.2522402920677066,-0.24711523398606039,-0.26883670760039835,-0.22123962827746435,1000,oracle_reselected_in_each_resample,conditional_sampling,format_x_class
CodeBERT_partial_s2027,LightGBM,oracle_pooled_TPR_0.01,-0.19880517756388982,-0.1982315964155327,-0.21918519747759702,-0.17623299037504148,1000,oracle_reselected_in_each_resample,conditional_sampling,format_x_class
CodeBERT_partial_s2027,LightGBM,oracle_pooled_TPR_0.05,-0.065250580816461956,-0.065129837371390636,-0.073151344175240607,-0.056350813143046803,1000,oracle_reselected_in_each_resample,conditional_sampling,format_x_class
CodeBERT_partial_s2027,LightGBM,oracle_per_format_TPR_0.001,-0.42482575506140052,-0.41926890142714907,-0.50648523066710915,-0.33328742117490878,1000,oracle_reselected_in_each_resample,exploratory_extreme_tail,format_x_class
CodeBERT_partial_s2027,LightGBM,oracle_per_format_TPR_0.005,-0.25735147693328908,-0.25617796216395616,-0.2914105542648523,-0.22522402920677076,1000,oracle_reselected_in_each_resample,conditional_sampling,format_x_class
CodeBERT_partial_s2027,LightGBM,oracle_per_format_TPR_0.01,-0.19867241951543313,-0.19902110852970464,-0.22383338864918678,-0.17743113176236314,1000,oracle_reselected_in_each_resample,conditional_sampling,format_x_class
CodeBERT_partial_s2027,LightGBM,oracle_per_format_TPR_0.05,-0.064719548622635292,-0.064959110521075336,-0.072490872884168556,-0.056355791569863922,1000,oracle_reselected_in_each_resample,conditional_sampling,format_x_class
CodeBERT_partial_s2027,LightGBM,fixed_pooled_TPR_0.001,-0.34888815134417528,-0.34909658148025219,-0.3570527713242615,-0.34098904746100239,1000,independent_deployment_rule_held_fixed,exploratory_extreme_tail,format_x_class
CodeBERT_partial_s2027,LightGBM,fixed_pooled_FPR_0.001,0.00020087043856712415,0.00019317040508871775,-0.00060261131570137245,0.001004352192835621,1000,independent_deployment_rule_held_fixed,exploratory_extreme_tail,format_x_class
CodeBERT_partial_s2027,LightGBM,fixed_pooled_TPR_0.005,-0.2532359774311318,-0.25323624294722868,-0.25994357782940591,-0.24580152671755728,1000,independent_deployment_rule_held_fixed,conditional_sampling,format_x_class
CodeBERT_partial_s2027,LightGBM,fixed_pooled_FPR_0.005,-0.0004017408771342483,-0.00041198526950117173,-0.0018747907599598254,0.0010043521928356208,1000,independent_deployment_rule_held_fixed,conditional_sampling,format_x_class
CodeBERT_partial_s2027,LightGBM,fixed_pooled_TPR_0.01,-0.19807500829737812,-0.19808317291735814,-0.20484732824427487,-0.19163458347162288,1000,independent_deployment_rule_held_fixed,conditional_sampling,format_x_class
CodeBERT_partial_s2027,LightGBM,fixed_pooled_FPR_0.01,-0.0018747907599598254,-0.001894409106126548,-0.004017408771342483,0.0002678272514228322,1000,independent_deployment_rule_held_fixed,conditional_sampling,format_x_class
CodeBERT_partial_s2027,LightGBM,fixed_pooled_TPR_0.05,-0.068503153003650841,-0.068470693660803189,-0.072618652505808123,-0.064254895453036864,1000,independent_deployment_rule_held_fixed,conditional_sampling,format_x_class
CodeBERT_partial_s2027,LightGBM,fixed_pooled_FPR_0.05,-0.0028121861399397416,-0.0027509206561767661,-0.0065634415801807851,0.0012068965517241395,1000,independent_deployment_rule_held_fixed,conditional_sampling,format_x_class
CodeBERT_partial_s2027,LightGBM,fixed_per_format_TPR_0.001,-0.35937603717225358,-0.35957862595419854,-0.36760869565217391,-0.35140723531364082,1000,independent_deployment_rule_held_fixed,exploratory_extreme_tail,format_x_class
CodeBERT_partial_s2027,LightGBM,fixed_per_format_FPR_0.001,0.0002678272514228322,0.00025617676598593901,-0.0005356545028456644,0.001071309005691329,1000,independent_deployment_rule_held_fixed,exploratory_extreme_tail,format_x_class
CodeBERT_partial_s2027,LightGBM,fixed_per_format_TPR_0.005,-0.25243942914039164,-0.25242887487553933,-0.25947560570859607,-0.24500331895121141,1000,independent_deployment_rule_held_fixed,conditional_sampling,format_x_class
CodeBERT_partial_s2027,LightGBM,fixed_per_format_FPR_0.005,-0.00033478406427854025,-0.00036176765985939063,-0.0019417475728155343,0.0011382658185470369,1000,independent_deployment_rule_held_fixed,conditional_sampling,format_x_class
CodeBERT_partial_s2027,LightGBM,fixed_per_format_TPR_0.01,-0.19893793561234652,-0.19900079654829075,-0.20564553601062063,-0.19249585131098568,1000,independent_deployment_rule_held_fixed,conditional_sampling,format_x_class
CodeBERT_partial_s2027,LightGBM,fixed_per_format_FPR_0.01,-0.0014060930699698691,-0.0014287914295279544,-0.003416471375962505,0.00073652494141278856,1000,independent_deployment_rule_held_fixed,conditional_sampling,format_x_class
CodeBERT_partial_s2027,LightGBM,fixed_per_format_TPR_0.05,-0.07102555592432791,-0.071010421506803853,-0.075142714902090901,-0.066974775970793154,1000,independent_deployment_rule_held_fixed,conditional_sampling,format_x_class
CodeBERT_partial_s2027,LightGBM,fixed_per_format_FPR_0.05,-0.0019417475728155387,-0.0018774690324740541,-0.0056243722798794762,0.0019434214931369231,1000,independent_deployment_rule_held_fixed,conditional_sampling,format_x_class
CodeBERT_partial_s2028,LightGBM,ROC_AUC,-0.012879648517844289,-0.012876173848153365,-0.013881489885754338,-0.011941498234800101,1000,none,conditional_sampling,format_x_class
CodeBERT_partial_s2028,LightGBM,AP,-0.013322302248333195,-0.013288757096976675,-0.014746555307190143,-0.012034220898396812,1000,none,conditional_sampling,format_x_class
CodeBERT_partial_s2028,LightGBM,Accuracy,-0.031966666666666699,-0.031956900000000003,-0.034502499999999978,-0.0293000000000001,1000,none,conditional_sampling,format_x_class
CodeBERT_partial_s2028,LightGBM,F1,-0.032378339367689413,-0.032367587661330216,-0.034957041904791139,-0.029680947152691636,1000,none,conditional_sampling,format_x_class
CodeBERT_partial_s2028,LightGBM,Brier,0.033458769924650043,0.033440344305997544,0.031184624708861033,0.035623681741668016,1000,none,conditional_sampling,format_x_class
CodeBERT_partial_s2028,LightGBM,LogLoss,0.18301205475434196,0.18295403110424063,0.17234193463368661,0.19380445389336429,1000,none,conditional_sampling,format_x_class
CodeBERT_partial_s2028,LightGBM,ECE,0.039119130144566389,0.03895953913933721,0.036378688930487943,0.041413058458696625,1000,none,conditional_sampling,format_x_class
CodeBERT_partial_s2028,LightGBM,oracle_pooled_TPR_0.001,-0.41440424825755068,-0.41268065051443742,-0.52081148357119145,-0.31535180882841019,1000,oracle_reselected_in_each_resample,exploratory_extreme_tail,format_x_class
CodeBERT_partial_s2028,LightGBM,oracle_pooled_TPR_0.005,-0.23849983405243946,-0.23662741453700628,-0.28026883504812472,-0.20530700298705618,1000,oracle_reselected_in_each_resample,conditional_sampling,format_x_class
CodeBERT_partial_s2028,LightGBM,oracle_pooled_TPR_0.01,-0.18898108197809493,-0.18928569532027878,-0.21088947892465981,-0.16647693328908064,1000,oracle_reselected_in_each_resample,conditional_sampling,format_x_class
CodeBERT_partial_s2028,LightGBM,oracle_pooled_TPR_0.05,-0.061798871556588142,-0.060979621639561908,-0.068375373382011273,-0.052897444407567169,1000,oracle_reselected_in_each_resample,conditional_sampling,format_x_class
CodeBERT_partial_s2028,LightGBM,oracle_per_format_TPR_0.001,-0.46478592764686355,-0.43481978094922008,-0.53866578161301026,-0.32339528708927973,1000,oracle_reselected_in_each_resample,exploratory_extreme_tail,format_x_class
CodeBERT_partial_s2028,LightGBM,oracle_per_format_TPR_0.005,-0.25516096913375375,-0.25042210421506805,-0.28968304015930957,-0.21300531032193837,1000,oracle_reselected_in_each_resample,conditional_sampling,format_x_class
CodeBERT_partial_s2028,LightGBM,oracle_per_format_TPR_0.01,-0.18765350149352811,-0.18861002323265846,-0.20962661798871562,-0.1705277132426154,1000,oracle_reselected_in_each_resample,conditional_sampling,format_x_class
CodeBERT_partial_s2028,LightGBM,oracle_per_format_TPR_0.05,-0.0578825091271159,-0.059223232658479931,-0.06664454032525724,-0.051707600398274052,1000,oracle_reselected_in_each_resample,conditional_sampling,format_x_class
CodeBERT_partial_s2028,LightGBM,fixed_pooled_TPR_0.001,-0.41334218386989713,-0.41358260869565222,-0.42197311649518748,-0.40530866246266173,1000,independent_deployment_rule_held_fixed,exploratory_extreme_tail,format_x_class
CodeBERT_partial_s2028,LightGBM,fixed_pooled_FPR_0.001,-0.00046869768998995657,-0.00047981252092400394,-0.001206896551724138,0.00033478406427854025,1000,independent_deployment_rule_held_fixed,exploratory_extreme_tail,format_x_class
CodeBERT_partial_s2028,LightGBM,fixed_pooled_TPR_0.005,-0.2706272817789579,-0.27063876535014936,-0.27759873879853969,-0.26332392963823426,1000,independent_deployment_rule_held_fixed,conditional_sampling,format_x_class
CodeBERT_partial_s2028,LightGBM,fixed_pooled_FPR_0.005,-0.0018078339471041182,-0.0017874121191831271,-0.0032139270170739873,-0.00040006695681285716,1000,independent_deployment_rule_held_fixed,conditional_sampling,format_x_class
CodeBERT_partial_s2028,LightGBM,fixed_pooled_TPR_0.01,-0.18831729173581158,-0.18826027215399932,-0.19482243611018923,-0.18194324593428479,1000,independent_deployment_rule_held_fixed,conditional_sampling,format_x_class
CodeBERT_partial_s2028,LightGBM,fixed_pooled_FPR_0.01,-0.0016739203213927013,-0.0016749246735855371,-0.0037495815199196508,0.00047037161031134755,1000,independent_deployment_rule_held_fixed,conditional_sampling,format_x_class
CodeBERT_partial_s2028,LightGBM,fixed_pooled_TPR_0.05,-0.068635911052107534,-0.068584600066379023,-0.072618652505808123,-0.064387653501493558,1000,independent_deployment_rule_held_fixed,conditional_sampling,format_x_class
CodeBERT_partial_s2028,LightGBM,fixed_pooled_FPR_0.05,-0.0050217609641781055,-0.004968396384332106,-0.0089052561098091759,-0.0010043521928356225,1000,independent_deployment_rule_held_fixed,conditional_sampling,format_x_class
CodeBERT_partial_s2028,LightGBM,fixed_per_format_TPR_0.001,-0.40073016926651184,-0.40100252240292072,-0.40942748091603054,-0.3931596415532691,1000,independent_deployment_rule_held_fixed,exploratory_extreme_tail,format_x_class
CodeBERT_partial_s2028,LightGBM,fixed_per_format_FPR_0.001,-0.00020087043856712415,-0.00021238701037830599,-0.00093739537997991292,0.0005356545028456644,1000,independent_deployment_rule_held_fixed,exploratory_extreme_tail,format_x_class
CodeBERT_partial_s2028,LightGBM,fixed_per_format_TPR_0.005,-0.26604712910720207,-0.26604015930965819,-0.27275141055426488,-0.2589429140391637,1000,independent_deployment_rule_held_fixed,conditional_sampling,format_x_class
CodeBERT_partial_s2028,LightGBM,fixed_per_format_FPR_0.005,-0.0014060930699698699,-0.0014054904586541684,-0.0028138600602611316,0,1000,independent_deployment_rule_held_fixed,conditional_sampling,format_x_class
CodeBERT_partial_s2028,LightGBM,fixed_per_format_TPR_0.01,-0.1905077995353468,-0.1905134417524062,-0.19688350481247929,-0.18406737470959167,1000,independent_deployment_rule_held_fixed,conditional_sampling,format_x_class
CodeBERT_partial_s2028,LightGBM,fixed_per_format_FPR_0.01,-0.0014060930699698691,-0.0014132574489454301,-0.0034817542684968204,0.00073652494141278856,1000,independent_deployment_rule_held_fixed,conditional_sampling,format_x_class
CodeBERT_partial_s2028,LightGBM,fixed_per_format_TPR_0.05,-0.072485894457351541,-0.0724013939595088,-0.076335877862595436,-0.068103219382675051,1000,independent_deployment_rule_held_fixed,conditional_sampling,format_x_class
CodeBERT_partial_s2028,LightGBM,fixed_per_format_FPR_0.05,-0.0059591563441580217,-0.0058894543019752258,-0.0096417810512219593,-0.002008704385671245,1000,independent_deployment_rule_held_fixed,conditional_sampling,format_x_class
CodeBERT_unfrozen_s2026,LightGBM,ROC_AUC,-0.015440618829398067,-0.015425223166968349,-0.016481297704367983,-0.014389702095517227,1000,none,conditional_sampling,format_x_class
CodeBERT_unfrozen_s2026,LightGBM,AP,-0.0162117357977003,-0.01617377845408503,-0.017417278428645051,-0.014916100983554823,1000,none,conditional_sampling,format_x_class
CodeBERT_unfrozen_s2026,LightGBM,Accuracy,-0.044666666666666743,-0.044751333333333337,-0.047366666666666668,-0.041965833333333376,1000,none,conditional_sampling,format_x_class
CodeBERT_unfrozen_s2026,LightGBM,F1,-0.046463207969151377,-0.046556196077096851,-0.049214888189610437,-0.043675858555788524,1000,none,conditional_sampling,format_x_class
CodeBERT_unfrozen_s2026,LightGBM,Brier,0.041306095001103604,0.041342949530330596,0.039018923845455418,0.043532890638996027,1000,none,conditional_sampling,format_x_class
CodeBERT_unfrozen_s2026,LightGBM,LogLoss,0.16001489687428977,0.16003474310929289,0.15079564174077983,0.16875697377380822,1000,none,conditional_sampling,format_x_class
CodeBERT_unfrozen_s2026,LightGBM,ECE,0.04194979317186584,0.041806842628588865,0.038997681878699876,0.044522466436789698,1000,none,conditional_sampling,format_x_class
CodeBERT_unfrozen_s2026,LightGBM,oracle_pooled_TPR_0.001,-0.44261533355459681,-0.4280967142383007,-0.5057451045469632,-0.33740458015267172,1000,oracle_reselected_in_each_resample,exploratory_extreme_tail,format_x_class
CodeBERT_unfrozen_s2026,LightGBM,oracle_pooled_TPR_0.005,-0.30401593096581481,-0.2975701958181215,-0.32910720212412869,-0.26530534351145041,1000,oracle_reselected_in_each_resample,conditional_sampling,format_x_class
CodeBERT_unfrozen_s2026,LightGBM,oracle_pooled_TPR_0.01,-0.2472618652505808,-0.24808204447394622,-0.27057915698639223,-0.22581978094922006,1000,oracle_reselected_in_each_resample,conditional_sampling,format_x_class
CodeBERT_unfrozen_s2026,LightGBM,oracle_pooled_TPR_0.05,-0.081247925655492881,-0.08177358114835713,-0.091808828410222421,-0.072816130102887455,1000,oracle_reselected_in_each_resample,conditional_sampling,format_x_class
CodeBERT_unfrozen_s2026,LightGBM,oracle_per_format_TPR_0.001,-0.41692665117822764,-0.4179446398937936,-0.4934019249917026,-0.35152671755725196,1000,oracle_reselected_in_each_resample,exploratory_extreme_tail,format_x_class
CodeBERT_unfrozen_s2026,LightGBM,oracle_per_format_TPR_0.005,-0.31881845336873549,-0.31853089943577834,-0.35473780285429812,-0.281105210753402,1000,oracle_reselected_in_each_resample,conditional_sampling,format_x_class
CodeBERT_unfrozen_s2026,LightGBM,oracle_per_format_TPR_0.01,-0.24493859940258877,-0.24581188184533687,-0.27103385330235641,-0.22356289412545638,1000,oracle_reselected_in_each_resample,conditional_sampling,format_x_class
CodeBERT_unfrozen_s2026,LightGBM,oracle_per_format_TPR_0.05,-0.080384998340524372,-0.079835512777962164,-0.086896780617324976,-0.072948888151344149,1000,oracle_reselected_in_each_resample,conditional_sampling,format_x_class
CodeBERT_unfrozen_s2026,LightGBM,fixed_pooled_TPR_0.001,-0.37424493859940261,-0.37452970461334223,-0.38274145370063056,-0.36634583471622972,1000,independent_deployment_rule_held_fixed,exploratory_extreme_tail,format_x_class
CodeBERT_unfrozen_s2026,LightGBM,fixed_pooled_FPR_0.001,0.0001339136257114161,0.00012025443588885168,-0.00066956812855708072,0.0010043521928356208,1000,independent_deployment_rule_held_fixed,exploratory_extreme_tail,format_x_class
CodeBERT_unfrozen_s2026,LightGBM,fixed_pooled_TPR_0.005,-0.3022900763358779,-0.30237504148689015,-0.31005642217059404,-0.2944573514769333,1000,independent_deployment_rule_held_fixed,conditional_sampling,format_x_class
CodeBERT_unfrozen_s2026,LightGBM,fixed_pooled_FPR_0.005,-0.00066956812855708051,-0.00067405423501841314,-0.0020756611985269504,0.00080348175426849661,1000,independent_deployment_rule_held_fixed,conditional_sampling,format_x_class
CodeBERT_unfrozen_s2026,LightGBM,fixed_pooled_TPR_0.01,-0.2435446398937936,-0.24353767009624958,-0.25064885496183209,-0.23637570527713236,1000,independent_deployment_rule_held_fixed,conditional_sampling,format_x_class
CodeBERT_unfrozen_s2026,LightGBM,fixed_pooled_FPR_0.01,-0.001339136257114161,-0.0013906930030130563,-0.0033495145631067969,0.0005356545028456644,1000,independent_deployment_rule_held_fixed,conditional_sampling,format_x_class
CodeBERT_unfrozen_s2026,LightGBM,fixed_pooled_TPR_0.05,-0.094457351476933349,-0.094542051111848643,-0.099039163624294768,-0.089541984732824376,1000,independent_deployment_rule_held_fixed,conditional_sampling,format_x_class
CodeBERT_unfrozen_s2026,LightGBM,fixed_pooled_FPR_0.05,-0.0056243722798794832,-0.0055807164378975553,-0.0095764981586876456,-0.0018747907599598254,1000,independent_deployment_rule_held_fixed,conditional_sampling,format_x_class
CodeBERT_unfrozen_s2026,LightGBM,fixed_per_format_TPR_0.001,-0.38606040491204785,-0.38630467972120808,-0.39456023896448728,-0.37829239960172584,1000,independent_deployment_rule_held_fixed,exploratory_extreme_tail,format_x_class
CodeBERT_unfrozen_s2026,LightGBM,fixed_per_format_FPR_0.001,0.0002678272514228322,0.000241044526280549,-0.00053732842316705739,0.001071309005691329,1000,independent_deployment_rule_held_fixed,exploratory_extreme_tail,format_x_class
CodeBERT_unfrozen_s2026,LightGBM,fixed_per_format_TPR_0.005,-0.30375041486890142,-0.30385642217059411,-0.31138400265516097,-0.29611516760703616,1000,independent_deployment_rule_held_fixed,conditional_sampling,format_x_class
CodeBERT_unfrozen_s2026,LightGBM,fixed_per_format_FPR_0.005,-0.00080348175426849661,-0.00083126883160361564,-0.0022765316370940737,0.00060261131570137245,1000,independent_deployment_rule_held_fixed,conditional_sampling,format_x_class
CodeBERT_unfrozen_s2026,LightGBM,fixed_per_format_TPR_0.01,-0.24732824427480915,-0.24736913375373382,-0.25429970129439095,-0.24035844673083306,1000,independent_deployment_rule_held_fixed,conditional_sampling,format_x_class
CodeBERT_unfrozen_s2026,LightGBM,fixed_per_format_FPR_0.01,-0.0010043521928356208,-0.0010585202544358889,-0.0029477736859725486,0.00093739537997991271,1000,independent_deployment_rule_held_fixed,conditional_sampling,format_x_class
CodeBERT_unfrozen_s2026,LightGBM,fixed_per_format_TPR_0.05,-0.089478924659807557,-0.089490076335877855,-0.093929638234317991,-0.085029870560902721,1000,independent_deployment_rule_held_fixed,conditional_sampling,format_x_class
CodeBERT_unfrozen_s2026,LightGBM,fixed_per_format_FPR_0.05,-0.0036156678942082382,-0.0035852025443588883,-0.0073685972547706743,0.00020254435888851703,1000,independent_deployment_rule_held_fixed,conditional_sampling,format_x_class
CodeBERT_unfrozen_s2027,LightGBM,ROC_AUC,-0.016511198932513294,-0.016506660420623428,-0.01777222994520667,-0.015230031541703359,1000,none,conditional_sampling,format_x_class
CodeBERT_unfrozen_s2027,LightGBM,AP,-0.016892652985119661,-0.016860687984405289,-0.018317202456091742,-0.015438260186499386,1000,none,conditional_sampling,format_x_class
CodeBERT_unfrozen_s2027,LightGBM,Accuracy,-0.046000000000000041,-0.046056066666666666,-0.048834166666666616,-0.043031666666666704,1000,none,conditional_sampling,format_x_class
CodeBERT_unfrozen_s2027,LightGBM,F1,-0.047800929702603745,-0.047858385880303014,-0.050734981926739017,-0.044681004907303069,1000,none,conditional_sampling,format_x_class
CodeBERT_unfrozen_s2027,LightGBM,Brier,0.047699124597153975,0.047732644671802923,0.045194340357219101,0.0501290070706241,1000,none,conditional_sampling,format_x_class
CodeBERT_unfrozen_s2027,LightGBM,LogLoss,0.24975779781045038,0.24983385610282058,0.23699551855295453,0.26209314578373422,1000,none,conditional_sampling,format_x_class
CodeBERT_unfrozen_s2027,LightGBM,ECE,0.053799223700742194,0.053619385138082377,0.050599543447707986,0.056409287835003825,1000,none,conditional_sampling,format_x_class
CodeBERT_unfrozen_s2027,LightGBM,oracle_pooled_TPR_0.001,-0.38625954198473289,-0.38372240292067705,-0.5025672087620312,-0.29916030534351146,1000,oracle_reselected_in_each_resample,exploratory_extreme_tail,format_x_class
CodeBERT_unfrozen_s2027,LightGBM,oracle_pooled_TPR_0.005,-0.30892797875871225,-0.30868781944905416,-0.3410769996681049,-0.2708795220710255,1000,oracle_reselected_in_each_resample,conditional_sampling,format_x_class
CodeBERT_unfrozen_s2027,LightGBM,oracle_pooled_TPR_0.01,-0.23630932625290413,-0.23537557251908395,-0.25861433786923338,-0.21088450049784269,1000,oracle_reselected_in_each_resample,conditional_sampling,format_x_class
CodeBERT_unfrozen_s2027,LightGBM,oracle_pooled_TPR_0.05,-0.087089279787587182,-0.088216063723863272,-0.099900431463657458,-0.0785894457351477,1000,oracle_reselected_in_each_resample,conditional_sampling,format_x_class
CodeBERT_unfrozen_s2027,LightGBM,oracle_per_format_TPR_0.001,-0.38951211417192161,-0.38953620975771652,-0.46884168602721543,-0.31243942914039158,1000,oracle_reselected_in_each_resample,exploratory_extreme_tail,format_x_class
CodeBERT_unfrozen_s2027,LightGBM,oracle_per_format_TPR_0.005,-0.31065383338864916,-0.30779873879853958,-0.34497344839030875,-0.27114005974112187,1000,oracle_reselected_in_each_resample,conditional_sampling,format_x_class
CodeBERT_unfrozen_s2027,LightGBM,oracle_per_format_TPR_0.01,-0.23079986724195156,-0.23140152671755726,-0.25522734815798198,-0.21015101228011945,1000,oracle_reselected_in_each_resample,conditional_sampling,format_x_class
CodeBERT_unfrozen_s2027,LightGBM,oracle_per_format_TPR_0.05,-0.077729837371390609,-0.079680650514437443,-0.092870892797875859,-0.069897112512446125,1000,oracle_reselected_in_each_resample,conditional_sampling,format_x_class
CodeBERT_unfrozen_s2027,LightGBM,fixed_pooled_TPR_0.001,-0.38167938931297712,-0.38178918021905078,-0.39004314636574838,-0.37344507135745098,1000,independent_deployment_rule_held_fixed,exploratory_extreme_tail,format_x_class
CodeBERT_unfrozen_s2027,LightGBM,fixed_pooled_FPR_0.001,-0.00020087043856712415,-0.0002091061265483763,-0.001004352192835621,0.00053565450284566462,1000,independent_deployment_rule_held_fixed,exploratory_extreme_tail,format_x_class
CodeBERT_unfrozen_s2027,LightGBM,fixed_pooled_TPR_0.005,-0.30474610023232662,-0.30475081314304681,-0.31191503484898775,-0.29711251244606707,1000,independent_deployment_rule_held_fixed,conditional_sampling,format_x_class
CodeBERT_unfrozen_s2027,LightGBM,fixed_pooled_FPR_0.005,-0.00033478406427854025,-0.0003279544693672581,-0.0018078339471041174,0.001139939738868428,1000,independent_deployment_rule_held_fixed,conditional_sampling,format_x_class
CodeBERT_unfrozen_s2027,LightGBM,fixed_pooled_TPR_0.01,-0.24712910720212422,-0.2471081978094922,-0.25363591105210759,-0.24015599070693661,1000,independent_deployment_rule_held_fixed,conditional_sampling,format_x_class
CodeBERT_unfrozen_s2027,LightGBM,fixed_pooled_FPR_0.01,-0.0025443588885169059,-0.0025606963508536997,-0.0045530632741881492,-0.0005356545028456644,1000,independent_deployment_rule_held_fixed,conditional_sampling,format_x_class
CodeBERT_unfrozen_s2027,LightGBM,fixed_pooled_TPR_0.05,-0.097510786591437193,-0.09753740458015267,-0.10215731828742114,-0.092731496846996331,1000,independent_deployment_rule_held_fixed,conditional_sampling,format_x_class
CodeBERT_unfrozen_s2027,LightGBM,fixed_pooled_FPR_0.05,-0.0038165383327753641,-0.0037340475393371274,-0.0077669902912621408,6.6956812855713255e-05,1000,independent_deployment_rule_held_fixed,conditional_sampling,format_x_class
CodeBERT_unfrozen_s2027,LightGBM,fixed_per_format_TPR_0.001,-0.36282774643212751,-0.36298187852638569,-0.37119150348489877,-0.35446232990375043,1000,independent_deployment_rule_held_fixed,exploratory_extreme_tail,format_x_class
CodeBERT_unfrozen_s2027,LightGBM,fixed_per_format_FPR_0.001,0.0001339136257114161,0.00012775359892869099,-0.00066956812855708072,0.00087043856712420487,1000,independent_deployment_rule_held_fixed,exploratory_extreme_tail,format_x_class
CodeBERT_unfrozen_s2027,LightGBM,fixed_per_format_TPR_0.005,-0.29432459342847661,-0.29434337869233318,-0.3016959840690342,-0.28682376369067375,1000,independent_deployment_rule_held_fixed,conditional_sampling,format_x_class
CodeBERT_unfrozen_s2027,LightGBM,fixed_per_format_FPR_0.005,-0.00020087043856712415,-0.00021292266488115165,-0.0016069635085369932,0.0012052226314027449,1000,independent_deployment_rule_held_fixed,conditional_sampling,format_x_class
CodeBERT_unfrozen_s2027,LightGBM,fixed_per_format_TPR_0.01,-0.24493859940258877,-0.24496687686691007,-0.25151012280119478,-0.23776800531032194,1000,independent_deployment_rule_held_fixed,conditional_sampling,format_x_class
CodeBERT_unfrozen_s2027,LightGBM,fixed_per_format_FPR_0.01,-0.0021426180113826594,-0.0021715433545363245,-0.0042199531302310016,-0.00019919651824573298,1000,independent_deployment_rule_held_fixed,conditional_sampling,format_x_class
CodeBERT_unfrozen_s2027,LightGBM,fixed_per_format_TPR_0.05,-0.089014271490209129,-0.089031198141387338,-0.09359442416196484,-0.084500497842681765,1000,independent_deployment_rule_held_fixed,conditional_sampling,format_x_class
CodeBERT_unfrozen_s2027,LightGBM,fixed_per_format_FPR_0.05,-0.0042182792099096089,-0.0041298962169400736,-0.0081687311683963787,-0.00046702376966856001,1000,independent_deployment_rule_held_fixed,conditional_sampling,format_x_class
CodeBERT_unfrozen_s2028,LightGBM,ROC_AUC,-0.014174357274042149,-0.014162858860349702,-0.015151456288456813,-0.013137564638713701,1000,none,conditional_sampling,format_x_class
CodeBERT_unfrozen_s2028,LightGBM,AP,-0.014371959678290969,-0.014338036944653073,-0.015431552447056466,-0.013233447724898892,1000,none,conditional_sampling,format_x_class
CodeBERT_unfrozen_s2028,LightGBM,Accuracy,-0.03846666666666676,-0.038466233333333336,-0.041000833333333368,-0.035732499999999952,1000,none,conditional_sampling,format_x_class
CodeBERT_unfrozen_s2028,LightGBM,F1,-0.039481345793687894,-0.039483087046407093,-0.042106526379209308,-0.036667495163475061,1000,none,conditional_sampling,format_x_class
CodeBERT_unfrozen_s2028,LightGBM,Brier,0.037805381842956627,0.037791274489280095,0.035611892156421833,0.040002748002289361,1000,none,conditional_sampling,format_x_class
CodeBERT_unfrozen_s2028,LightGBM,LogLoss,0.17494877115167629,0.17486885751439882,0.1651211333548771,0.18416129055782607,1000,none,conditional_sampling,format_x_class
CodeBERT_unfrozen_s2028,LightGBM,ECE,0.041461386720551996,0.041315006963780633,0.038436519929350127,0.043947412253006329,1000,none,conditional_sampling,format_x_class
CodeBERT_unfrozen_s2028,LightGBM,oracle_pooled_TPR_0.001,-0.36269498838367081,-0.35748556256223035,-0.44636574842349819,-0.28082309990043147,1000,oracle_reselected_in_each_resample,exploratory_extreme_tail,format_x_class
CodeBERT_unfrozen_s2028,LightGBM,oracle_pooled_TPR_0.005,-0.28582807832724866,-0.27812685031530032,-0.31060238964487219,-0.24433786923332224,1000,oracle_reselected_in_each_resample,conditional_sampling,format_x_class
CodeBERT_unfrozen_s2028,LightGBM,oracle_pooled_TPR_0.01,-0.21593096581480253,-0.21499329571855294,-0.23538001991370727,-0.19050116163292397,1000,oracle_reselected_in_each_resample,conditional_sampling,format_x_class
CodeBERT_unfrozen_s2028,LightGBM,oracle_pooled_TPR_0.05,-0.071224692997012951,-0.073207102555592429,-0.083041818785263843,-0.064251576501825336,1000,oracle_reselected_in_each_resample,conditional_sampling,format_x_class
CodeBERT_unfrozen_s2028,LightGBM,oracle_per_format_TPR_0.001,-0.38340524394291398,-0.37014603385330236,-0.45735977431131764,-0.29571523398606042,1000,oracle_reselected_in_each_resample,exploratory_extreme_tail,format_x_class
CodeBERT_unfrozen_s2028,LightGBM,oracle_per_format_TPR_0.005,-0.28523066710919354,-0.28262522402920676,-0.31304845668768666,-0.25084633255891142,1000,oracle_reselected_in_each_resample,conditional_sampling,format_x_class
CodeBERT_unfrozen_s2028,LightGBM,oracle_per_format_TPR_0.01,-0.2107534019249917,-0.21263385330235643,-0.24162628609359449,-0.18944407567208765,1000,oracle_reselected_in_each_resample,conditional_sampling,format_x_class
CodeBERT_unfrozen_s2028,LightGBM,oracle_per_format_TPR_0.05,-0.073149684699634898,-0.073613408562894125,-0.082177231994689626,-0.064188516428808517,1000,oracle_reselected_in_each_resample,conditional_sampling,format_x_class
CodeBERT_unfrozen_s2028,LightGBM,fixed_pooled_TPR_0.001,-0.37842681712578824,-0.37872074344507145,-0.38672585462993697,-0.37079156986392298,1000,independent_deployment_rule_held_fixed,exploratory_extreme_tail,format_x_class
CodeBERT_unfrozen_s2028,LightGBM,fixed_pooled_FPR_0.001,-0.00053565450284566462,-0.00053940408436558413,-0.0012721794442584532,0.00020087043856712415,1000,independent_deployment_rule_held_fixed,exploratory_extreme_tail,format_x_class
CodeBERT_unfrozen_s2028,LightGBM,fixed_pooled_TPR_0.005,-0.28290740126120151,-0.28291835380019914,-0.29007633587786263,-0.27540491204779294,1000,independent_deployment_rule_held_fixed,conditional_sampling,format_x_class
CodeBERT_unfrozen_s2028,LightGBM,fixed_pooled_FPR_0.005,-0.00087043856712420466,-0.00087740207566119844,-0.0023451623702711753,0.00053732842316705554,1000,independent_deployment_rule_held_fixed,conditional_sampling,format_x_class
CodeBERT_unfrozen_s2028,LightGBM,fixed_pooled_TPR_0.01,-0.22024560238964486,-0.22015280451377367,-0.22681878526385668,-0.21307500829737802,1000,independent_deployment_rule_held_fixed,conditional_sampling,format_x_class
CodeBERT_unfrozen_s2028,LightGBM,fixed_pooled_FPR_0.01,-0.0023434884499497818,-0.0023566789420823571,-0.004352192835621025,-0.00026615333110144101,1000,independent_deployment_rule_held_fixed,conditional_sampling,format_x_class
CodeBERT_unfrozen_s2028,LightGBM,fixed_pooled_TPR_0.05,-0.084234981745768378,-0.084234716229671422,-0.08875041486890145,-0.079721208098241014,1000,independent_deployment_rule_held_fixed,conditional_sampling,format_x_class
CodeBERT_unfrozen_s2028,LightGBM,fixed_pooled_FPR_0.05,-0.0052895882156009377,-0.0052629394040843653,-0.0089052561098091759,-0.0014713759625041825,1000,independent_deployment_rule_held_fixed,conditional_sampling,format_x_class
CodeBERT_unfrozen_s2028,LightGBM,fixed_per_format_TPR_0.001,-0.37384666445403258,-0.37411934948556258,-0.38227680053103219,-0.36594590109525393,1000,independent_deployment_rule_held_fixed,exploratory_extreme_tail,format_x_class
CodeBERT_unfrozen_s2028,LightGBM,fixed_per_format_FPR_0.001,0.00020087043856712415,0.00018915299631737525,-0.00053565450284566462,0.0010043521928356208,1000,independent_deployment_rule_held_fixed,exploratory_extreme_tail,format_x_class
CodeBERT_unfrozen_s2028,LightGBM,fixed_per_format_TPR_0.005,-0.2780617324925323,-0.27799754397610354,-0.2850331895121142,-0.27069034185197471,1000,independent_deployment_rule_held_fixed,conditional_sampling,format_x_class
CodeBERT_unfrozen_s2028,LightGBM,fixed_per_format_FPR_0.005,-6.6956812855708051e-05,-8.2289922999665194e-05,-0.0015400066956812852,0.0014077669902912611,1000,independent_deployment_rule_held_fixed,conditional_sampling,format_x_class
CodeBERT_unfrozen_s2028,LightGBM,fixed_per_format_TPR_0.01,-0.22203783604381011,-0.2220695652173913,-0.22827746432127449,-0.21499834052439426,1000,independent_deployment_rule_held_fixed,conditional_sampling,format_x_class
CodeBERT_unfrozen_s2028,LightGBM,fixed_per_format_FPR_0.01,-0.0022095748242383674,-0.0022438567124204887,-0.0042182792099096089,-0.0002678272514228322,1000,independent_deployment_rule_held_fixed,conditional_sampling,format_x_class
CodeBERT_unfrozen_s2028,LightGBM,fixed_per_format_TPR_0.05,-0.082044473946233043,-0.081998274145370059,-0.086359110521075366,-0.077661798871556553,1000,independent_deployment_rule_held_fixed,conditional_sampling,format_x_class
CodeBERT_unfrozen_s2028,LightGBM,fixed_per_format_FPR_0.05,-0.0052226314027452314,-0.0052147974556411118,-0.008905256109809169,-0.0012052226314027482,1000,independent_deployment_rule_held_fixed,conditional_sampling,format_x_class
CodeBERT_partial_s2026,TFIDF_prefix,ROC_AUC,0.0046522073581161116,0.0046383500334617406,0.0036097895616039157,0.0056677659280491201,1000,none,conditional_sampling,format_x_class
CodeBERT_partial_s2026,TFIDF_prefix,AP,0.005137836907832205,0.0051361819635196053,0.003898534024105285,0.0064091812431337786,1000,none,conditional_sampling,format_x_class
CodeBERT_partial_s2026,TFIDF_prefix,Accuracy,0.010599999999999943,0.010603100000000001,0.0078658333333333549,0.01330083333333342,1000,none,conditional_sampling,format_x_class
CodeBERT_partial_s2026,TFIDF_prefix,F1,0.010851530745063731,0.01085509448974927,0.0080794907447306503,0.013601508512801055,1000,none,conditional_sampling,format_x_class
CodeBERT_partial_s2026,TFIDF_prefix,Brier,0.0021677321217632647,0.0021696752218790505,0.00019449297930645756,0.0041398400858944744,1000,none,conditional_sampling,format_x_class
CodeBERT_partial_s2026,TFIDF_prefix,LogLoss,0.068375142835792185,0.068413526084255133,0.059408002755879791,0.077330230333801556,1000,none,conditional_sampling,format_x_class
CodeBERT_partial_s2026,TFIDF_prefix,ECE,0.030122933548696877,0.030213626542571564,0.027467242563947024,0.033136740077425182,1000,none,conditional_sampling,format_x_class
CodeBERT_partial_s2026,TFIDF_prefix,oracle_pooled_TPR_0.001,0.09253235977431129,0.078793826750746754,-0.026231330899435797,0.18196647859276463,1000,oracle_reselected_in_each_resample,exploratory_extreme_tail,format_x_class
CodeBERT_partial_s2026,TFIDF_prefix,oracle_pooled_TPR_0.005,0.080451377364752719,0.086600663790242297,0.050112844341188123,0.14125622303352148,1000,oracle_reselected_in_each_resample,conditional_sampling,format_x_class
CodeBERT_partial_s2026,TFIDF_prefix,oracle_pooled_TPR_0.01,0.088815134417524089,0.087336939926983062,0.057016262860935862,0.11596747427812815,1000,oracle_reselected_in_each_resample,conditional_sampling,format_x_class
CodeBERT_partial_s2026,TFIDF_prefix,oracle_pooled_TPR_0.05,0.0269498838367076,0.025984998340524399,0.016659475605708574,0.033856621307666757,1000,oracle_reselected_in_each_resample,conditional_sampling,format_x_class
CodeBERT_partial_s2026,TFIDF_prefix,oracle_per_format_TPR_0.001,0.048788582807832714,0.056964420843013605,-0.033469963491536636,0.14546963159641549,1000,oracle_reselected_in_each_resample,exploratory_extreme_tail,format_x_class
CodeBERT_partial_s2026,TFIDF_prefix,oracle_per_format_TPR_0.005,0.084965151012280193,0.086271158313972793,0.033089943577829357,0.13933952870892807,1000,oracle_reselected_in_each_resample,conditional_sampling,format_x_class
CodeBERT_partial_s2026,TFIDF_prefix,oracle_per_format_TPR_0.01,0.08755393295718561,0.085737072685031529,0.056815466312645224,0.11483737139064054,1000,oracle_reselected_in_each_resample,conditional_sampling,format_x_class
CodeBERT_partial_s2026,TFIDF_prefix,oracle_per_format_TPR_0.05,0.022369731164951889,0.023498771988051777,0.014668104878858279,0.032724858944573554,1000,oracle_reselected_in_each_resample,conditional_sampling,format_x_class
CodeBERT_partial_s2026,TFIDF_prefix,fixed_pooled_TPR_0.001,0.049452373050116183,0.049269366080318622,0.0413541320942582,0.056888483239296406,1000,independent_deployment_rule_held_fixed,exploratory_extreme_tail,format_x_class
CodeBERT_partial_s2026,TFIDF_prefix,fixed_pooled_FPR_0.001,-0.00026782725142283242,-0.00027211248744559758,-0.001004352192835621,0.00040174087713424841,1000,independent_deployment_rule_held_fixed,exploratory_extreme_tail,format_x_class
CodeBERT_partial_s2026,TFIDF_prefix,fixed_pooled_TPR_0.005,0.069697975439761084,0.069753866578161294,0.062195486226352403,0.077729837371390609,1000,independent_deployment_rule_held_fixed,conditional_sampling,format_x_class
CodeBERT_partial_s2026,TFIDF_prefix,fixed_pooled_FPR_0.005,-0.00033478406427854112,-0.00030666220287914304,-0.0018747907599598263,0.0012721794442584538,1000,independent_deployment_rule_held_fixed,conditional_sampling,format_x_class
CodeBERT_partial_s2026,TFIDF_prefix,fixed_pooled_TPR_0.01,0.071622967142383032,0.07167885828078327,0.064852306671091986,0.079190175904414239,1000,independent_deployment_rule_held_fixed,conditional_sampling,format_x_class
CodeBERT_partial_s2026,TFIDF_prefix,fixed_pooled_FPR_0.01,-0.0011382658185470386,-0.001089789086039505,-0.0030816873116839647,0.00087043856712420466,1000,independent_deployment_rule_held_fixed,conditional_sampling,format_x_class
CodeBERT_partial_s2026,TFIDF_prefix,fixed_pooled_TPR_0.05,0.024692997012943918,0.024768403584467309,0.020243942914039192,0.029405907733156322,1000,independent_deployment_rule_held_fixed,conditional_sampling,format_x_class
CodeBERT_partial_s2026,TFIDF_prefix,fixed_pooled_FPR_0.05,-0.00060261131570137072,-0.00059892869099430874,-0.0038165383327753571,0.0027452293270840283,1000,independent_deployment_rule_held_fixed,conditional_sampling,format_x_class
CodeBERT_partial_s2026,TFIDF_prefix,fixed_per_format_TPR_0.001,0.04387653501493527,0.04378287421174909,0.036375705277132409,0.05085131098572853,1000,independent_deployment_rule_held_fixed,exploratory_extreme_tail,format_x_class
CodeBERT_partial_s2026,TFIDF_prefix,fixed_per_format_FPR_0.001,-0.00040174087713424852,-0.00041473049882825576,-0.0011382658185470371,0.0002678272514228322,1000,independent_deployment_rule_held_fixed,exploratory_extreme_tail,format_x_class
CodeBERT_partial_s2026,TFIDF_prefix,fixed_per_format_TPR_0.005,0.063790242283438436,0.063863923000331904,0.055557583803518162,0.07182542316627949,1000,independent_deployment_rule_held_fixed,conditional_sampling,format_x_class
CodeBERT_partial_s2026,TFIDF_prefix,fixed_per_format_FPR_0.005,-0.00087043856712420466,-0.00086501506528289249,-0.0024104452628054907,0.00060261131570137245,1000,independent_deployment_rule_held_fixed,conditional_sampling,format_x_class
CodeBERT_partial_s2026,TFIDF_prefix,fixed_per_format_TPR_0.01,0.071689346166611267,0.071782011284434122,0.064917026219714513,0.078858280783272394,1000,independent_deployment_rule_held_fixed,conditional_sampling,format_x_class
CodeBERT_partial_s2026,TFIDF_prefix,fixed_per_format_FPR_0.01,-0.00020087043856712415,-0.00017020421827920997,-0.0022765316370940737,0.0018095078674255102,1000,independent_deployment_rule_held_fixed,conditional_sampling,format_x_class
CodeBERT_partial_s2026,TFIDF_prefix,fixed_per_format_TPR_0.05,0.021573182874211727,0.02157437769664786,0.017389644872220389,0.026020577497510747,1000,independent_deployment_rule_held_fixed,conditional_sampling,format_x_class
CodeBERT_partial_s2026,TFIDF_prefix,fixed_per_format_FPR_0.05,-0.0014060930699698673,-0.0013720120522263139,-0.0045547371945095401,0.0019417475728155317,1000,independent_deployment_rule_held_fixed,conditional_sampling,format_x_class
CodeBERT_partial_s2027,TFIDF_prefix,ROC_AUC,0.0037092963190087369,0.0036988196933920138,0.0026251556834789415,0.0047369410603376374,1000,none,conditional_sampling,format_x_class
CodeBERT_partial_s2027,TFIDF_prefix,AP,0.0039075364608867069,0.0039037441856936209,0.0025777743237739375,0.0052994884436698671,1000,none,conditional_sampling,format_x_class
CodeBERT_partial_s2027,TFIDF_prefix,Accuracy,0.0091666666666666563,0.0091681666666666665,0.006365833333333298,0.011933333333333351,1000,none,conditional_sampling,format_x_class
CodeBERT_partial_s2027,TFIDF_prefix,F1,0.009665298286035795,0.0096680864327526664,0.0068212515871117953,0.012426630005368375,1000,none,conditional_sampling,format_x_class
CodeBERT_partial_s2027,TFIDF_prefix,Brier,0.0032772971110421184,0.0032825622029562895,0.0013384664649814502,0.0052627595431465673,1000,none,conditional_sampling,format_x_class
CodeBERT_partial_s2027,TFIDF_prefix,LogLoss,0.068800561812106614,0.068794430042548413,0.059620015593936461,0.077362257474389323,1000,none,conditional_sampling,format_x_class
CodeBERT_partial_s2027,TFIDF_prefix,ECE,0.030254643377048786,0.030363294377123644,0.027466334194104373,0.0333127375006411,1000,none,conditional_sampling,format_x_class
CodeBERT_partial_s2027,TFIDF_prefix,oracle_pooled_TPR_0.001,0.064055758380351824,0.060119880517756387,-0.044950215731828724,0.15134915366744109,1000,oracle_reselected_in_each_resample,exploratory_extreme_tail,format_x_class
CodeBERT_partial_s2027,TFIDF_prefix,oracle_pooled_TPR_0.005,0.064586790574178599,0.069804912047792891,0.035175904414205039,0.12499502157318287,1000,oracle_reselected_in_each_resample,conditional_sampling,format_x_class
CodeBERT_partial_s2027,TFIDF_prefix,oracle_pooled_TPR_0.01,0.052638566213076721,0.051621374045801534,0.02176900099568535,0.0807948888151344,1000,oracle_reselected_in_each_resample,conditional_sampling,format_x_class
CodeBERT_partial_s2027,TFIDF_prefix,oracle_pooled_TPR_0.05,0.015399933620975803,0.016181214736143382,0.0078327248589445918,0.024495519415864586,1000,oracle_reselected_in_each_resample,conditional_sampling,format_x_class
CodeBERT_partial_s2027,TFIDF_prefix,oracle_per_format_TPR_0.001,0.050713574510454718,0.0453187520743445,-0.049264852306671103,0.13850979090607365,1000,oracle_reselected_in_each_resample,exploratory_extreme_tail,format_x_class
CodeBERT_partial_s2027,TFIDF_prefix,oracle_per_format_TPR_0.005,0.067241951543312362,0.065561035512777949,0.013599402588781895,0.12075174244938601,1000,oracle_reselected_in_each_resample,conditional_sampling,format_x_class
CodeBERT_partial_s2027,TFIDF_prefix,oracle_per_format_TPR_0.01,0.042482575506140097,0.043558380351808826,0.014266511782276781,0.074809160305343458,1000,oracle_reselected_in_each_resample,conditional_sampling,format_x_class
CodeBERT_partial_s2027,TFIDF_prefix,oracle_per_format_TPR_0.05,0.014868901427149028,0.015335413209425823,0.0067026219714569927,0.024296382343179546,1000,oracle_reselected_in_each_resample,conditional_sampling,format_x_class
CodeBERT_partial_s2027,TFIDF_prefix,fixed_pooled_TPR_0.001,0.087753070029870539,0.087543909724527053,0.079721208098240959,0.095522734815798205,1000,independent_deployment_rule_held_fixed,exploratory_extreme_tail,format_x_class
CodeBERT_partial_s2027,TFIDF_prefix,fixed_pooled_FPR_0.001,0.00033478406427854025,0.00033076665550719781,-0.00046869768998995635,0.0011382658185470371,1000,independent_deployment_rule_held_fixed,exploratory_extreme_tail,format_x_class
CodeBERT_partial_s2027,TFIDF_prefix,fixed_pooled_TPR_0.005,0.066578161301028893,0.066598473282442741,0.059475605708596113,0.073946232990374949,1000,independent_deployment_rule_held_fixed,conditional_sampling,format_x_class
CodeBERT_partial_s2027,TFIDF_prefix,fixed_pooled_FPR_0.005,0.00060261131570137245,0.00058848342818881827,-0.0010043521928356208,0.0021426180113826576,1000,independent_deployment_rule_held_fixed,conditional_sampling,format_x_class
CodeBERT_partial_s2027,TFIDF_prefix,fixed_pooled_TPR_0.01,0.048390308662462633,0.04833003650846332,0.0413541320942582,0.055295386657816185,1000,independent_deployment_rule_held_fixed,conditional_sampling,format_x_class
CodeBERT_partial_s2027,TFIDF_prefix,fixed_pooled_FPR_0.01,-0.0001339136257114161,-0.00011570137261466354,-0.0021426180113826594,0.0018078339471041191,1000,independent_deployment_rule_held_fixed,conditional_sampling,format_x_class
CodeBERT_partial_s2027,TFIDF_prefix,fixed_pooled_TPR_0.05,0.022303352140723542,0.022357251908396946,0.017789578493196175,0.027082641885164294,1000,independent_deployment_rule_held_fixed,conditional_sampling,format_x_class
CodeBERT_partial_s2027,TFIDF_prefix,fixed_pooled_FPR_0.05,0.0028121861399397416,0.0028553732842316703,-0.0005356545028456644,0.0059591563441580148,1000,independent_deployment_rule_held_fixed,conditional_sampling,format_x_class
CodeBERT_partial_s2027,TFIDF_prefix,fixed_per_format_TPR_0.001,0.082708264188516456,0.082577032857616986,0.074741121805509458,0.090741785595751745,1000,independent_deployment_rule_held_fixed,exploratory_extreme_tail,format_x_class
CodeBERT_partial_s2027,TFIDF_prefix,fixed_per_format_FPR_0.001,0.00020087043856712415,0.00019129561432875791,-0.00066956812855708051,0.001004352192835621,1000,independent_deployment_rule_held_fixed,exploratory_extreme_tail,format_x_class
CodeBERT_partial_s2027,TFIDF_prefix,fixed_per_format_TPR_0.005,0.055891138400265494,0.055930434782608694,0.048919681380683699,0.063460006637902411,1000,independent_deployment_rule_held_fixed,conditional_sampling,format_x_class
CodeBERT_partial_s2027,TFIDF_prefix,fixed_per_format_FPR_0.005,-0.0001339136257114161,-0.00014998326079678604,-0.0017408771342484093,0.0013391362571141619,1000,independent_deployment_rule_held_fixed,conditional_sampling,format_x_class
CodeBERT_partial_s2027,TFIDF_prefix,fixed_per_format_TPR_0.01,0.037769664785927581,0.037742316627945569,0.030794888815134373,0.044342847660139406,1000,independent_deployment_rule_held_fixed,conditional_sampling,format_x_class
CodeBERT_partial_s2027,TFIDF_prefix,fixed_per_format_FPR_0.01,0,7.9678607298292941e-06,-0.0019417475728155335,0.0018747907599598271,1000,independent_deployment_rule_held_fixed,conditional_sampling,format_x_class
CodeBERT_partial_s2027,TFIDF_prefix,fixed_per_format_TPR_0.05,0.017590441420511138,0.017594092266843681,0.013473282442748036,0.022236973116495196,1000,independent_deployment_rule_held_fixed,conditional_sampling,format_x_class
CodeBERT_partial_s2027,TFIDF_prefix,fixed_per_format_FPR_0.05,0.0018747907599598254,0.0019182457315031801,-0.001339136257114161,0.0051573485102109091,1000,independent_deployment_rule_held_fixed,conditional_sampling,format_x_class
CodeBERT_partial_s2028,TFIDF_prefix,ROC_AUC,0.0034807498051910857,0.0034627798010873679,0.0024065344671470395,0.0045247601871634593,1000,none,conditional_sampling,format_x_class
CodeBERT_partial_s2028,TFIDF_prefix,AP,0.0036622521445700551,0.0036613642141666951,0.0021680418165574479,0.0051410780766342054,1000,none,conditional_sampling,format_x_class
CodeBERT_partial_s2028,TFIDF_prefix,Accuracy,0.0081666666666666554,0.0081863999999999982,0.0055666666666667171,0.01093333333333335,1000,none,conditional_sampling,format_x_class
CodeBERT_partial_s2028,TFIDF_prefix,F1,0.0082807106726517921,0.0083021862403104933,0.0056076357293737833,0.011145115311959891,1000,none,conditional_sampling,format_x_class
CodeBERT_partial_s2028,TFIDF_prefix,Brier,0.0038842340863881469,0.0038723769527524267,0.002011443062507297,0.0057433448613025632,1000,none,conditional_sampling,format_x_class
CodeBERT_partial_s2028,TFIDF_prefix,LogLoss,0.089064165712978899,0.089071684128953471,0.07973895713932995,0.098575197278092566,1000,none,conditional_sampling,format_x_class
CodeBERT_partial_s2028,TFIDF_prefix,ECE,0.032423849519062346,0.032423366303195325,0.029630942431976979,0.035311289464927717,1000,none,conditional_sampling,format_x_class
CodeBERT_partial_s2028,TFIDF_prefix,oracle_pooled_TPR_0.001,0.050713574510454662,0.042314105542648521,-0.076558247593760398,0.15898108197809491,1000,oracle_reselected_in_each_resample,exploratory_extreme_tail,format_x_class
CodeBERT_partial_s2028,TFIDF_prefix,oracle_pooled_TPR_0.005,0.07832724858944573,0.080292731496847,0.035378360438101497,0.13681214736143377,1000,oracle_reselected_in_each_resample,conditional_sampling,format_x_class
CodeBERT_partial_s2028,TFIDF_prefix,oracle_pooled_TPR_0.01,0.06246266179887161,0.060567275141055428,0.029853966146697664,0.091073680716893479,1000,oracle_reselected_in_each_resample,conditional_sampling,format_x_class
CodeBERT_partial_s2028,TFIDF_prefix,oracle_pooled_TPR_0.05,0.018851642880849617,0.020331430467972124,0.012278460006637903,0.02841022236973112,1000,oracle_reselected_in_each_resample,conditional_sampling,format_x_class
CodeBERT_partial_s2028,TFIDF_prefix,oracle_per_format_TPR_0.001,0.01075340192499169,0.029767872552273481,-0.089153667441088602,0.16157484234981748,1000,oracle_reselected_in_each_resample,exploratory_extreme_tail,format_x_class
CodeBERT_partial_s2028,TFIDF_prefix,oracle_per_format_TPR_0.005,0.069432459342847697,0.071316893461666114,0.014603385330235641,0.12560736807168935,1000,oracle_reselected_in_each_resample,conditional_sampling,format_x_class
CodeBERT_partial_s2028,TFIDF_prefix,oracle_per_format_TPR_0.01,0.053501493528045119,0.053969465648854964,0.027009624958513112,0.081450381679389339,1000,oracle_reselected_in_each_resample,conditional_sampling,format_x_class
CodeBERT_partial_s2028,TFIDF_prefix,oracle_per_format_TPR_0.05,0.021705940922668421,0.021071291072021239,0.01214570195818121,0.030136076999668138,1000,oracle_reselected_in_each_resample,conditional_sampling,format_x_class
CodeBERT_partial_s2028,TFIDF_prefix,fixed_pooled_TPR_0.001,0.02329903750414869,0.023057882509127117,0.015663790242283426,0.03087454364420843,1000,independent_deployment_rule_held_fixed,exploratory_extreme_tail,format_x_class
CodeBERT_partial_s2028,TFIDF_prefix,fixed_pooled_FPR_0.001,-0.00033478406427854047,-0.00034221627050552396,-0.001071309005691329,0.0004017408771342483,1000,independent_deployment_rule_held_fixed,exploratory_extreme_tail,format_x_class
CodeBERT_partial_s2028,TFIDF_prefix,fixed_pooled_TPR_0.005,0.049186856953202795,0.049195950879522068,0.041750746764022573,0.056822104215068059,1000,independent_deployment_rule_held_fixed,conditional_sampling,format_x_class
CodeBERT_partial_s2028,TFIDF_prefix,fixed_pooled_FPR_0.005,-0.00080348175426849747,-0.00078694342149313718,-0.0022095748242383665,0.00060261131570137332,1000,independent_deployment_rule_held_fixed,conditional_sampling,format_x_class
CodeBERT_partial_s2028,TFIDF_prefix,fixed_pooled_TPR_0.01,0.058148025224029176,0.058152937271822101,0.051443743776966477,0.064654829074012654,1000,independent_deployment_rule_held_fixed,conditional_sampling,format_x_class
CodeBERT_partial_s2028,TFIDF_prefix,fixed_pooled_FPR_0.01,6.6956812855708051e-05,0.00010378305992634757,-0.0019417475728155335,0.0020756611985269496,1000,independent_deployment_rule_held_fixed,conditional_sampling,format_x_class
CodeBERT_partial_s2028,TFIDF_prefix,fixed_pooled_TPR_0.05,0.022170594092266849,0.022243345502821109,0.017588781944905429,0.026750746764022559,1000,independent_deployment_rule_held_fixed,conditional_sampling,format_x_class
CodeBERT_partial_s2028,TFIDF_prefix,fixed_pooled_FPR_0.05,0.00060261131570137766,0.00063789755607633072,-0.0024774020756612031,0.0038165383327753571,1000,independent_deployment_rule_held_fixed,conditional_sampling,format_x_class
CodeBERT_partial_s2028,TFIDF_prefix,fixed_per_format_TPR_0.001,0.0413541320942582,0.041153136408894786,0.033919681380683742,0.048589445735147674,1000,independent_deployment_rule_held_fixed,exploratory_extreme_tail,format_x_class
CodeBERT_partial_s2028,TFIDF_prefix,fixed_per_format_FPR_0.001,-0.0002678272514228322,-0.00027726816203548708,-0.001071309005691329,0.00046869768998995657,1000,independent_deployment_rule_held_fixed,exploratory_extreme_tail,format_x_class
CodeBERT_partial_s2028,TFIDF_prefix,fixed_per_format_TPR_0.005,0.042283438433455056,0.042319150348489876,0.035179223365416568,0.050182542316627887,1000,independent_deployment_rule_held_fixed,conditional_sampling,format_x_class
CodeBERT_partial_s2028,TFIDF_prefix,fixed_per_format_FPR_0.005,-0.0012052226314027458,-0.0011937060595915636,-0.0026113157013726148,0.0002678272514228322,1000,independent_deployment_rule_held_fixed,conditional_sampling,format_x_class
CodeBERT_partial_s2028,TFIDF_prefix,fixed_per_format_TPR_0.01,0.046199800862927298,0.046229671423830068,0.03969465648854964,0.052704945237304957,1000,independent_deployment_rule_held_fixed,conditional_sampling,format_x_class
CodeBERT_partial_s2028,TFIDF_prefix,fixed_per_format_FPR_0.01,0,2.3501841312353568e-05,-0.0019417475728155352,0.0019417475728155352,1000,independent_deployment_rule_held_fixed,conditional_sampling,format_x_class
CodeBERT_partial_s2028,TFIDF_prefix,fixed_per_format_TPR_0.05,0.016130102887487507,0.016203119814138738,0.011880185861267826,0.020713574510454743,1000,independent_deployment_rule_held_fixed,conditional_sampling,format_x_class
CodeBERT_partial_s2028,TFIDF_prefix,fixed_per_format_FPR_0.05,-0.0021426180113826576,-0.0020937395379979915,-0.0052895882156009377,0.0012721794442584547,1000,independent_deployment_rule_held_fixed,conditional_sampling,format_x_class
CodeBERT_unfrozen_s2026,TFIDF_prefix,ROC_AUC,0.00091977949363730716,0.00091373048227238226,-0.00010974883861700199,0.0019860594604497015,1000,none,conditional_sampling,format_x_class
CodeBERT_unfrozen_s2026,TFIDF_prefix,AP,0.00077281859520295093,0.00077634285705833908,-0.00043522667582684136,0.002054595720754923,1000,none,conditional_sampling,format_x_class
CodeBERT_unfrozen_s2026,TFIDF_prefix,Accuracy,-0.0045333333333333892,-0.004608033333333335,-0.0076341666666667109,-0.0015333333333333865,1000,none,conditional_sampling,format_x_class
CodeBERT_unfrozen_s2026,TFIDF_prefix,F1,-0.0058041579288101719,-0.0058864221754561293,-0.0089803070584904606,-0.0026923136040953371,1000,none,conditional_sampling,format_x_class
CodeBERT_unfrozen_s2026,TFIDF_prefix,Brier,0.011731559162841708,0.011774982177085475,0.0096503793031197157,0.013731045076964798,1000,none,conditional_sampling,format_x_class
CodeBERT_unfrozen_s2026,TFIDF_prefix,LogLoss,0.066067007832926711,0.066152396134005725,0.058110050799648719,0.074104026522058691,1000,none,conditional_sampling,format_x_class
CodeBERT_unfrozen_s2026,TFIDF_prefix,ECE,0.035254512546361791,0.035270669792446988,0.032387564719050368,0.038002037812293603,1000,none,conditional_sampling,format_x_class
CodeBERT_unfrozen_s2026,TFIDF_prefix,oracle_pooled_TPR_0.001,0.022502489213408527,0.026898041818785263,-0.06228177895784931,0.12714404248257552,1000,oracle_reselected_in_each_resample,exploratory_extreme_tail,format_x_class
CodeBERT_unfrozen_s2026,TFIDF_prefix,oracle_pooled_TPR_0.005,0.012811151676070387,0.019349950215731826,-0.024367739794225018,0.074809160305343569,1000,oracle_reselected_in_each_resample,conditional_sampling,format_x_class
CodeBERT_unfrozen_s2026,TFIDF_prefix,oracle_pooled_TPR_0.01,0.0041818785263857405,0.0017709259873879856,-0.026234649850647163,0.027754729505476295,1000,oracle_reselected_in_each_resample,conditional_sampling,format_x_class
CodeBERT_unfrozen_s2026,TFIDF_prefix,oracle_pooled_TPR_0.05,-0.00059741121805512165,-0.00046252904082309966,-0.0096299369399269752,0.0082990375041487284,1000,oracle_reselected_in_each_resample,conditional_sampling,format_x_class
CodeBERT_unfrozen_s2026,TFIDF_prefix,oracle_per_format_TPR_0.001,0.058612678393627604,0.046643013607699964,-0.034978426817125756,0.12328244274809157,1000,oracle_reselected_in_each_resample,exploratory_extreme_tail,format_x_class
CodeBERT_unfrozen_s2026,TFIDF_prefix,oracle_per_format_TPR_0.005,0.0057749751078659539,0.0032080982409558602,-0.048662462661798855,0.057950547626949844,1000,oracle_reselected_in_each_resample,conditional_sampling,format_x_class
CodeBERT_unfrozen_s2026,TFIDF_prefix,oracle_per_format_TPR_0.01,-0.0037836043810155484,-0.0032323929638234331,-0.03445237305011617,0.026355791569864003,1000,oracle_reselected_in_each_resample,conditional_sampling,format_x_class
CodeBERT_unfrozen_s2026,TFIDF_prefix,oracle_per_format_TPR_0.05,-0.00079654829074005118,0.0004590109525389997,-0.0080335214072353445,0.0086973116495188095,1000,oracle_reselected_in_each_resample,conditional_sampling,format_x_class
CodeBERT_unfrozen_s2026,TFIDF_prefix,fixed_pooled_TPR_0.001,0.062396282774643208,0.062110786591437102,0.055222369731164955,0.068904746100232339,1000,independent_deployment_rule_held_fixed,exploratory_extreme_tail,format_x_class
CodeBERT_unfrozen_s2026,TFIDF_prefix,fixed_pooled_FPR_0.001,0.0002678272514228322,0.00025785068630733177,-0.00046869768998995657,0.001004352192835621,1000,independent_deployment_rule_held_fixed,exploratory_extreme_tail,format_x_class
CodeBERT_unfrozen_s2026,TFIDF_prefix,fixed_pooled_TPR_0.005,0.017524062396282791,0.017459674742781279,0.01068536342515769,0.024960172585463011,1000,independent_deployment_rule_held_fixed,conditional_sampling,format_x_class
CodeBERT_unfrozen_s2026,TFIDF_prefix,fixed_pooled_FPR_0.005,0.00033478406427854025,0.00032641446267157691,-0.0011382658185470369,0.0018078339471041174,1000,independent_deployment_rule_held_fixed,conditional_sampling,format_x_class
CodeBERT_unfrozen_s2026,TFIDF_prefix,fixed_pooled_TPR_0.01,0.0029206770660471504,0.0028755393295718532,-0.003187852638566138,0.0098904746100232366,1000,independent_deployment_rule_held_fixed,conditional_sampling,format_x_class
CodeBERT_unfrozen_s2026,TFIDF_prefix,fixed_pooled_FPR_0.01,0.0004017408771342483,0.00038801473049882842,-0.0014730498828255771,0.0022112487445597588,1000,independent_deployment_rule_held_fixed,conditional_sampling,format_x_class
CodeBERT_unfrozen_s2026,TFIDF_prefix,fixed_pooled_TPR_0.05,-0.0036508463325589657,-0.0037141055426485226,-0.0086292731496846499,0.00099568536342509455,1000,independent_deployment_rule_held_fixed,conditional_sampling,format_x_class
CodeBERT_unfrozen_s2026,TFIDF_prefix,fixed_pooled_FPR_0.05,0,2.5577502510880389e-05,-0.0030130565785068675,0.0031469702042182801,1000,independent_deployment_rule_held_fixed,conditional_sampling,format_x_class
CodeBERT_unfrozen_s2026,TFIDF_prefix,fixed_per_format_TPR_0.001,0.056023896448722188,0.055850979090607371,0.048720544307998714,0.062329903750414861,1000,independent_deployment_rule_held_fixed,exploratory_extreme_tail,format_x_class
CodeBERT_unfrozen_s2026,TFIDF_prefix,fixed_per_format_FPR_0.001,0.00020087043856712415,0.0001761633746233679,-0.00060261131570137267,0.00093739537997991292,1000,independent_deployment_rule_held_fixed,exploratory_extreme_tail,format_x_class
CodeBERT_unfrozen_s2026,TFIDF_prefix,fixed_per_format_TPR_0.005,0.0045801526717557106,0.0045028874875539327,-0.0023896448722203756,0.012150680384998332,1000,independent_deployment_rule_held_fixed,conditional_sampling,format_x_class
CodeBERT_unfrozen_s2026,TFIDF_prefix,fixed_per_format_FPR_0.005,-0.00060261131570137245,-0.00061948443254101115,-0.0020087043856712424,0.00080348175426849661,1000,independent_deployment_rule_held_fixed,conditional_sampling,format_x_class
CodeBERT_unfrozen_s2026,TFIDF_prefix,fixed_per_format_TPR_0.01,-0.010620643876535052,-0.01062602057749751,-0.017061068702290072,-0.0035828078327248035,1000,independent_deployment_rule_held_fixed,conditional_sampling,format_x_class
CodeBERT_unfrozen_s2026,TFIDF_prefix,fixed_per_format_FPR_0.01,0.0004017408771342483,0.00037823903582189498,-0.0014730498828255771,0.0022112487445597583,1000,independent_deployment_rule_held_fixed,conditional_sampling,format_x_class
CodeBERT_unfrozen_s2026,TFIDF_prefix,fixed_per_format_TPR_0.05,-0.00086292731496850905,-0.00088556256223033575,-0.005577497510786622,0.0038516428808497106,1000,independent_deployment_rule_held_fixed,conditional_sampling,format_x_class
CodeBERT_unfrozen_s2026,TFIDF_prefix,fixed_per_format_FPR_0.05,0.00020087043856712589,0.0002105122196183461,-0.0030147304988282597,0.0034147974556411123,1000,independent_deployment_rule_held_fixed,conditional_sampling,format_x_class
CodeBERT_unfrozen_s2027,TFIDF_prefix,ROC_AUC,-0.00015080060947791907,-0.00016770677138269762,-0.0012856581973594017,0.0010130579118653501,1000,none,conditional_sampling,format_x_class
CodeBERT_unfrozen_s2027,TFIDF_prefix,AP,9.1901407783590017e-05,8.9433326738081465e-05,-0.0012040255523392245,0.0014423114739833484,1000,none,conditional_sampling,format_x_class
CodeBERT_unfrozen_s2027,TFIDF_prefix,Accuracy,-0.0058666666666666867,-0.0059127666666666679,-0.008700000000000041,-0.0030333333333333323,1000,none,conditional_sampling,format_x_class
CodeBERT_unfrozen_s2027,TFIDF_prefix,F1,-0.0071418796622625402,-0.0071886119786622937,-0.010043100753668082,-0.0042203646492106617,1000,none,conditional_sampling,format_x_class
CodeBERT_unfrozen_s2027,TFIDF_prefix,Brier,0.018124588758892078,0.018164677318557806,0.015844226403757499,0.020367133188505016,1000,none,conditional_sampling,format_x_class
CodeBERT_unfrozen_s2027,TFIDF_prefix,LogLoss,0.15580990876908732,0.15595150912753339,0.14440544603476188,0.16688543041640685,1000,none,conditional_sampling,format_x_class
CodeBERT_unfrozen_s2027,TFIDF_prefix,ECE,0.047103943075238151,0.047083212301940493,0.044045339532989711,0.050048491081196696,1000,none,conditional_sampling,format_x_class
CodeBERT_unfrozen_s2027,TFIDF_prefix,oracle_pooled_TPR_0.001,0.07885828078327245,0.071272353136408895,-0.055708596083637568,0.15807334882177229,1000,oracle_reselected_in_each_resample,exploratory_extreme_tail,format_x_class
CodeBERT_unfrozen_s2027,TFIDF_prefix,oracle_pooled_TPR_0.005,0.0078991038831729421,0.008232326584799202,-0.033456687686690967,0.065064719548622571,1000,oracle_reselected_in_each_resample,conditional_sampling,format_x_class
CodeBERT_unfrozen_s2027,TFIDF_prefix,oracle_pooled_TPR_0.01,0.015134417524062416,0.014477397942250248,-0.016730833056754046,0.044497178891470292,1000,oracle_reselected_in_each_resample,conditional_sampling,format_x_class
CodeBERT_unfrozen_s2027,TFIDF_prefix,oracle_pooled_TPR_0.05,-0.0064387653501494224,-0.0069050116163292411,-0.017990375041486928,0.0019913707268502945,1000,oracle_reselected_in_each_resample,conditional_sampling,format_x_class
CodeBERT_unfrozen_s2027,TFIDF_prefix,oracle_per_format_TPR_0.001,0.086027215399933632,0.075051443743776952,-0.029686359110521077,0.16802190507799533,1000,oracle_reselected_in_each_resample,exploratory_extreme_tail,format_x_class
CodeBERT_unfrozen_s2027,TFIDF_prefix,oracle_per_format_TPR_0.005,0.013939595087952283,0.013940258878194492,-0.035733488217723257,0.06685197477597081,1000,oracle_reselected_in_each_resample,conditional_sampling,format_x_class
CodeBERT_unfrozen_s2027,TFIDF_prefix,oracle_per_format_TPR_0.01,0.010355127779621665,0.01117796216395619,-0.01699303020245602,0.040424825755061344,1000,oracle_reselected_in_each_resample,conditional_sampling,format_x_class
CodeBERT_unfrozen_s2027,TFIDF_prefix,oracle_per_format_TPR_0.05,0.0018586126783937118,0.00061387321606372477,-0.011286093594424118,0.010957517424493905,1000,oracle_reselected_in_each_resample,conditional_sampling,format_x_class
CodeBERT_unfrozen_s2027,TFIDF_prefix,fixed_pooled_TPR_0.001,0.054961832061068694,0.054851310985728513,0.047062728177895807,0.062595419847328249,1000,independent_deployment_rule_held_fixed,exploratory_extreme_tail,format_x_class
CodeBERT_unfrozen_s2027,TFIDF_prefix,fixed_pooled_FPR_0.001,-6.6956812855708051e-05,-7.1509876129896208e-05,-0.00080515567458988937,0.00073652494141278856,1000,independent_deployment_rule_held_fixed,exploratory_extreme_tail,format_x_class
CodeBERT_unfrozen_s2027,TFIDF_prefix,fixed_pooled_TPR_0.005,0.015068038499834069,0.015083903086624623,0.008096581480252163,0.022968801858612716,1000,independent_deployment_rule_held_fixed,conditional_sampling,format_x_class
CodeBERT_unfrozen_s2027,TFIDF_prefix,fixed_pooled_FPR_0.005,0.00066956812855708051,0.00067251422832273185,-0.00080515567458988926,0.0020756611985269504,1000,independent_deployment_rule_held_fixed,conditional_sampling,format_x_class
CodeBERT_unfrozen_s2027,TFIDF_prefix,fixed_pooled_TPR_0.01,-0.0006637902422834685,-0.0006949883836707601,-0.0076335877862595547,0.0062412877530699778,1000,independent_deployment_rule_held_fixed,conditional_sampling,format_x_class
CodeBERT_unfrozen_s2027,TFIDF_prefix,fixed_pooled_FPR_0.01,-0.00080348175426849661,-0.00078198861734181477,-0.0026113157013726157,0.0012052226314027449,1000,independent_deployment_rule_held_fixed,conditional_sampling,format_x_class
CodeBERT_unfrozen_s2027,TFIDF_prefix,fixed_pooled_TPR_0.05,-0.0067042814470628098,-0.0067094590109525384,-0.011350813143046867,-0.0016578161301028559,1000,independent_deployment_rule_held_fixed,conditional_sampling,format_x_class
CodeBERT_unfrozen_s2027,TFIDF_prefix,fixed_pooled_FPR_0.05,0.0018078339471041191,0.0018722464010713091,-0.0012052226314027417,0.0050217609641781055,1000,independent_deployment_rule_held_fixed,conditional_sampling,format_x_class
CodeBERT_unfrozen_s2027,TFIDF_prefix,fixed_per_format_TPR_0.001,0.079256554928642531,0.079173780285429818,0.07154995021573185,0.086624626617988698,1000,independent_deployment_rule_held_fixed,exploratory_extreme_tail,format_x_class
CodeBERT_unfrozen_s2027,TFIDF_prefix,fixed_per_format_FPR_0.001,6.6956812855708051e-05,6.2872447271509872e-05,-0.00080348175426849661,0.00087043856712420487,1000,independent_deployment_rule_held_fixed,exploratory_extreme_tail,format_x_class
CodeBERT_unfrozen_s2027,TFIDF_prefix,fixed_per_format_TPR_0.005,0.014005974112180519,0.014015930965814802,0.0071689346166612352,0.021574842349817436,1000,independent_deployment_rule_held_fixed,conditional_sampling,format_x_class
CodeBERT_unfrozen_s2027,TFIDF_prefix,fixed_per_format_FPR_0.005,0,-1.1382658185470194e-06,-0.0014730498828255771,0.0014077669902912611,1000,independent_deployment_rule_held_fixed,conditional_sampling,format_x_class
CodeBERT_unfrozen_s2027,TFIDF_prefix,fixed_per_format_TPR_0.01,-0.0082309990043146763,-0.0082237636906737459,-0.015403252572187217,-0.0011948224361102433,1000,independent_deployment_rule_held_fixed,conditional_sampling,format_x_class
CodeBERT_unfrozen_s2027,TFIDF_prefix,fixed_per_format_FPR_0.01,-0.00073652494141279029,-0.00073478406427854065,-0.0026129896216940084,0.0011382658185470386,1000,independent_deployment_rule_held_fixed,conditional_sampling,format_x_class
CodeBERT_unfrozen_s2027,TFIDF_prefix,fixed_per_format_TPR_0.05,-0.0003982741453700811,-0.00042668436773979313,-0.0052472618652505939,0.0043859940258877917,1000,independent_deployment_rule_held_fixed,conditional_sampling,format_x_class
CodeBERT_unfrozen_s2027,TFIDF_prefix,fixed_per_format_FPR_0.05,-0.00040174087713424483,-0.00033418145296283897,-0.0034817542684968186,0.0030147304988282584,1000,independent_deployment_rule_held_fixed,conditional_sampling,format_x_class
CodeBERT_unfrozen_s2028,TFIDF_prefix,ROC_AUC,0.0021860410489932258,0.0021760947888910301,0.0011287321395258647,0.0032095374346474857,1000,none,conditional_sampling,format_x_class
CodeBERT_unfrozen_s2028,TFIDF_prefix,AP,0.0026125947146122819,0.002612084366490294,0.0013614221518134073,0.0038591748657320901,1000,none,conditional_sampling,format_x_class
CodeBERT_unfrozen_s2028,TFIDF_prefix,Accuracy,0.0016666666666665941,0.001677066666666664,-0.0010666666666666602,0.0044333333333332892,1000,none,conditional_sampling,format_x_class
CodeBERT_unfrozen_s2028,TFIDF_prefix,F1,0.0011777042466533105,0.0011866868552336198,-0.001733626189536,0.0039830908049547312,1000,none,conditional_sampling,format_x_class
CodeBERT_unfrozen_s2028,TFIDF_prefix,Brier,0.0082308460046947307,0.0082233071360349897,0.006302184192553812,0.010303819848489378,1000,none,conditional_sampling,format_x_class
CodeBERT_unfrozen_s2028,TFIDF_prefix,LogLoss,0.081000882110313227,0.080986510539111642,0.072092690770782925,0.089812592253425125,1000,none,conditional_sampling,format_x_class
CodeBERT_unfrozen_s2028,TFIDF_prefix,ECE,0.034766106095047954,0.034778834127638741,0.031862568221366988,0.037496218464594173,1000,none,conditional_sampling,format_x_class
CodeBERT_unfrozen_s2028,TFIDF_prefix,oracle_pooled_TPR_0.001,0.10242283438433453,0.097509193494855623,-0.0028177895784932097,0.17657318287421175,1000,oracle_reselected_in_each_resample,exploratory_extreme_tail,format_x_class
CodeBERT_unfrozen_s2028,TFIDF_prefix,oracle_pooled_TPR_0.005,0.030999004314636536,0.038793295718552938,-7.1357451045472579e-05,0.090726850315300311,1000,oracle_reselected_in_each_resample,conditional_sampling,format_x_class
CodeBERT_unfrozen_s2028,TFIDF_prefix,oracle_pooled_TPR_0.01,0.035512777962164011,0.034859674742781281,0.0065416528377032533,0.061468635911052116,1000,oracle_reselected_in_each_resample,conditional_sampling,format_x_class
CodeBERT_unfrozen_s2028,TFIDF_prefix,oracle_pooled_TPR_0.05,0.0094258214404248086,0.0081039495519415888,-0.0013292399601726429,0.016795552605376792,1000,oracle_reselected_in_each_resample,conditional_sampling,format_x_class
CodeBERT_unfrozen_s2028,TFIDF_prefix,oracle_per_format_TPR_0.001,0.092134085628941265,0.094441619648191172,0.0041138400265515757,0.18023398606040489,1000,oracle_reselected_in_each_resample,exploratory_extreme_tail,format_x_class
CodeBERT_unfrozen_s2028,TFIDF_prefix,oracle_per_format_TPR_0.005,0.039362761367407906,0.039113773647527383,-0.0071025555924327799,0.086631264520411588,1000,oracle_reselected_in_each_resample,conditional_sampling,format_x_class
CodeBERT_unfrozen_s2028,TFIDF_prefix,oracle_per_format_TPR_0.01,0.030401593096581525,0.029945635579156984,-0.00039993362097578966,0.058084965151012351,1000,oracle_reselected_in_each_resample,conditional_sampling,format_x_class
CodeBERT_unfrozen_s2028,TFIDF_prefix,oracle_per_format_TPR_0.05,0.0064387653501494224,0.0066811151676070372,-0.0021971457019581693,0.015267175572519109,1000,oracle_reselected_in_each_resample,conditional_sampling,format_x_class
CodeBERT_unfrozen_s2028,TFIDF_prefix,fixed_pooled_TPR_0.001,0.058214404248257579,0.057919747759707929,0.050779953534683064,0.064853966146697639,1000,independent_deployment_rule_held_fixed,exploratory_extreme_tail,format_x_class
CodeBERT_unfrozen_s2028,TFIDF_prefix,fixed_pooled_FPR_0.001,-0.00040174087713424852,-0.00040180783394710409,-0.0011382658185470371,0.0002678272514228322,1000,independent_deployment_rule_held_fixed,exploratory_extreme_tail,format_x_class
CodeBERT_unfrozen_s2028,TFIDF_prefix,fixed_pooled_TPR_0.005,0.036906737470959183,0.036916362429472285,0.030134417524062429,0.044676402256886849,1000,independent_deployment_rule_held_fixed,conditional_sampling,format_x_class
CodeBERT_unfrozen_s2028,TFIDF_prefix,fixed_pooled_FPR_0.005,0.0001339136257114161,0.00012306662202879148,-0.0012052226314027458,0.001473049882825578,1000,independent_deployment_rule_held_fixed,conditional_sampling,format_x_class
CodeBERT_unfrozen_s2028,TFIDF_prefix,fixed_pooled_TPR_0.01,0.026219714570195896,0.026260404912047793,0.019648191171589779,0.033523066710919314,1000,independent_deployment_rule_held_fixed,conditional_sampling,format_x_class
CodeBERT_unfrozen_s2028,TFIDF_prefix,fixed_pooled_FPR_0.01,-0.00060261131570137245,-0.00057797120857047224,-0.0025443588885169077,0.0013391362571141627,1000,independent_deployment_rule_held_fixed,conditional_sampling,format_x_class
CodeBERT_unfrozen_s2028,TFIDF_prefix,fixed_pooled_TPR_0.05,0.0065715233986060051,0.006593229339528708,0.0016594756057086684,0.011018918021905022,1000,independent_deployment_rule_held_fixed,conditional_sampling,format_x_class
CodeBERT_unfrozen_s2028,TFIDF_prefix,fixed_pooled_FPR_0.05,0.00033478406427854546,0.00034335453632407107,-0.0025443588885169094,0.0036156678942082382,1000,independent_deployment_rule_held_fixed,conditional_sampling,format_x_class
CodeBERT_unfrozen_s2028,TFIDF_prefix,fixed_per_format_TPR_0.001,0.068237636906737453,0.068036309326252889,0.060935944241619633,0.074877198805177569,1000,independent_deployment_rule_held_fixed,exploratory_extreme_tail,format_x_class
CodeBERT_unfrozen_s2028,TFIDF_prefix,fixed_per_format_FPR_0.001,0.0001339136257114161,0.00012427184466019415,-0.00066956812855708072,0.00087043856712420487,1000,independent_deployment_rule_held_fixed,exploratory_extreme_tail,format_x_class
CodeBERT_unfrozen_s2028,TFIDF_prefix,fixed_per_format_TPR_0.005,0.030268835048124831,0.030361765682044475,0.023494855625622257,0.037837703285761741,1000,independent_deployment_rule_held_fixed,conditional_sampling,format_x_class
CodeBERT_unfrozen_s2028,TFIDF_prefix,fixed_per_format_FPR_0.005,0.0001339136257114161,0.00012949447606293941,-0.0012052226314027449,0.0016069635085369932,1000,independent_deployment_rule_held_fixed,conditional_sampling,format_x_class
CodeBERT_unfrozen_s2028,TFIDF_prefix,fixed_per_format_TPR_0.01,0.014669764354463988,0.014673547958845007,0.0078991038831729421,0.021510122801194798,1000,independent_deployment_rule_held_fixed,conditional_sampling,format_x_class
CodeBERT_unfrozen_s2028,TFIDF_prefix,fixed_per_format_FPR_0.01,-0.00080348175426849834,-0.0008070974221627054,-0.0026113157013726157,0.0010729829260127217,1000,independent_deployment_rule_held_fixed,conditional_sampling,format_x_class
CodeBERT_unfrozen_s2028,TFIDF_prefix,fixed_per_format_TPR_0.05,0.0065715233986060051,0.0066062396282774646,0.001923332227016239,0.010821440424825692,1000,independent_deployment_rule_held_fixed,conditional_sampling,format_x_class
CodeBERT_unfrozen_s2028,TFIDF_prefix,fixed_per_format_FPR_0.05,-0.0014060930699698673,-0.0014190826916638769,-0.004686976899899567,0.0018747907599598254,1000,independent_deployment_rule_held_fixed,conditional_sampling,format_x_class
CodeBERT_partial_s2026,TFIDF_full,ROC_AUC,-0.0045208426691568659,-0.0045374348051646736,-0.0055208400024399111,-0.0035944036060233807,1000,none,conditional_sampling,format_x_class
CodeBERT_partial_s2026,TFIDF_full,AP,-0.0046824332633833565,-0.0046822142602029422,-0.0057722505596295689,-0.0036212571136952617,1000,none,conditional_sampling,format_x_class
CodeBERT_partial_s2026,TFIDF_full,Accuracy,-0.009300000000000086,-0.0093415999999999985,-0.012000000000000011,-0.0065999999999999392,1000,none,conditional_sampling,format_x_class
CodeBERT_partial_s2026,TFIDF_full,F1,-0.0095178570015763686,-0.0095583077480539576,-0.012224850961679093,-0.0068194141827537611,1000,none,conditional_sampling,format_x_class
CodeBERT_partial_s2026,TFIDF_full,Brier,0.017200703209691491,0.017230831703346047,0.015192286853646009,0.019336208790334538,1000,none,conditional_sampling,format_x_class
CodeBERT_partial_s2026,TFIDF_full,LogLoss,0.1195530718478745,0.1196605537640292,0.11009386793599461,0.12868769595349516,1000,none,conditional_sampling,format_x_class
CodeBERT_partial_s2026,TFIDF_full,ECE,0.039771345255330603,0.039452626506019037,0.036762795895231612,0.041978496551921644,1000,none,conditional_sampling,format_x_class
CodeBERT_partial_s2026,TFIDF_full,oracle_pooled_TPR_0.001,-0.124128775307003,-0.11969910388317292,-0.23259541984732823,0.0063076667772983801,1000,oracle_reselected_in_each_resample,exploratory_extreme_tail,format_x_class
CodeBERT_partial_s2026,TFIDF_full,oracle_pooled_TPR_0.005,-0.080384998340524372,-0.078375107865914367,-0.10661135081314299,-0.046325921008961164,1000,oracle_reselected_in_each_resample,conditional_sampling,format_x_class
CodeBERT_partial_s2026,TFIDF_full,oracle_pooled_TPR_0.01,-0.042947228675738525,-0.042291934948556258,-0.066181546631264521,-0.019176900099568524,1000,oracle_reselected_in_each_resample,conditional_sampling,format_x_class
CodeBERT_partial_s2026,TFIDF_full,oracle_pooled_TPR_0.05,-0.020577497510786524,-0.021831795552605379,-0.030799867241951606,-0.014337869233322253,1000,oracle_reselected_in_each_resample,conditional_sampling,format_x_class
CodeBERT_partial_s2026,TFIDF_full,oracle_per_format_TPR_0.001,-0.16939926983073345,-0.16958665781613008,-0.27031198141387325,-0.080084633255891186,1000,oracle_reselected_in_each_resample,exploratory_extreme_tail,format_x_class
CodeBERT_partial_s2026,TFIDF_full,oracle_per_format_TPR_0.005,-0.084566876866910001,-0.085904215068038497,-0.12625456355791576,-0.044005974112180546,1000,oracle_reselected_in_each_resample,conditional_sampling,format_x_class
CodeBERT_partial_s2026,TFIDF_full,oracle_per_format_TPR_0.01,-0.041951543312313211,-0.046826617988715569,-0.070097909060736763,-0.025605708596083701,1000,oracle_reselected_in_each_resample,conditional_sampling,format_x_class
CodeBERT_partial_s2026,TFIDF_full,oracle_per_format_TPR_0.05,-0.020975771656156716,-0.020986325921008964,-0.02960836375705278,-0.012479256554928653,1000,oracle_reselected_in_each_resample,conditional_sampling,format_x_class
CodeBERT_partial_s2026,TFIDF_full,fixed_pooled_TPR_0.001,-0.11364088947892459,-0.11377119150348489,-0.12220544307998676,-0.10494357782940594,1000,independent_deployment_rule_held_fixed,exploratory_extreme_tail,format_x_class
CodeBERT_partial_s2026,TFIDF_full,fixed_pooled_FPR_0.001,0.0001339136257114161,0.00014007365249414126,-0.00053565450284566462,0.00080515567458988807,1000,independent_deployment_rule_held_fixed,exploratory_extreme_tail,format_x_class
CodeBERT_partial_s2026,TFIDF_full,fixed_pooled_TPR_0.005,-0.093129770992366412,-0.093133554596747437,-0.10016760703617655,-0.085828078327248591,1000,independent_deployment_rule_held_fixed,conditional_sampling,format_x_class
CodeBERT_partial_s2026,TFIDF_full,fixed_pooled_FPR_0.005,-0.00080348175426849747,-0.00076397723468362929,-0.0022765316370940746,0.00066956812855708051,1000,independent_deployment_rule_held_fixed,conditional_sampling,format_x_class
CodeBERT_partial_s2026,TFIDF_full,fixed_pooled_TPR_0.01,-0.063524726186525049,-0.063427613674078981,-0.069966810487885889,-0.057017922336541578,1000,independent_deployment_rule_held_fixed,conditional_sampling,format_x_class
CodeBERT_partial_s2026,TFIDF_full,fixed_pooled_FPR_0.01,-0.0019417475728155352,-0.0018908603950451963,-0.0038834951456310687,0.0001339136257114161,1000,independent_deployment_rule_held_fixed,conditional_sampling,format_x_class
CodeBERT_partial_s2026,TFIDF_full,fixed_pooled_TPR_0.05,-0.033255891138400218,-0.033204513773647526,-0.037305011616329153,-0.029074012612014588,1000,independent_deployment_rule_held_fixed,conditional_sampling,format_x_class
CodeBERT_partial_s2026,TFIDF_full,fixed_pooled_FPR_0.05,-0.0059591563441580217,-0.0059348510210913957,-0.0095078674255105466,-0.0024104452628054968,1000,independent_deployment_rule_held_fixed,conditional_sampling,format_x_class
CodeBERT_partial_s2026,TFIDF_full,fixed_per_format_TPR_0.001,-0.1358778625954199,-0.13599960172585462,-0.14411052107534023,-0.12810819780949223,1000,independent_deployment_rule_held_fixed,exploratory_extreme_tail,format_x_class
CodeBERT_partial_s2026,TFIDF_full,fixed_per_format_FPR_0.001,6.6956812855708051e-05,6.6019417475728147e-05,-0.00053565450284566462,0.00073652494141278877,1000,independent_deployment_rule_held_fixed,exploratory_extreme_tail,format_x_class
CodeBERT_partial_s2026,TFIDF_full,fixed_per_format_TPR_0.005,-0.079721208098240903,-0.079758579488881515,-0.08709093926319289,-0.072618652505808234,1000,independent_deployment_rule_held_fixed,conditional_sampling,format_x_class
CodeBERT_partial_s2026,TFIDF_full,fixed_per_format_FPR_0.005,0.00033478406427854112,0.0003655841981921662,-0.00093739537997991357,0.0016086374288583852,1000,independent_deployment_rule_held_fixed,conditional_sampling,format_x_class
CodeBERT_partial_s2026,TFIDF_full,fixed_per_format_TPR_0.01,-0.057683372054430859,-0.057622768005310319,-0.063790242283438436,-0.051508463325589116,1000,independent_deployment_rule_held_fixed,conditional_sampling,format_x_class
CodeBERT_partial_s2026,TFIDF_full,fixed_per_format_FPR_0.01,-0.0014730498828255771,-0.0014239035821894878,-0.0033478406427854043,0.0005356545028456644,1000,independent_deployment_rule_held_fixed,conditional_sampling,format_x_class
CodeBERT_partial_s2026,TFIDF_full,fixed_per_format_TPR_0.05,-0.031596415532691657,-0.031646531695984068,-0.035579156986392357,-0.027812811151676105,1000,independent_deployment_rule_held_fixed,conditional_sampling,format_x_class
CodeBERT_partial_s2026,TFIDF_full,fixed_per_format_FPR_0.05,-0.0056913290927351826,-0.0056014060930699699,-0.0090391697355205886,-0.0021426180113826576,1000,independent_deployment_rule_held_fixed,conditional_sampling,format_x_class
CodeBERT_partial_s2027,TFIDF_full,ROC_AUC,-0.0054637537082642407,-0.0054769651452344003,-0.0064367440344156842,-0.0044439973372833704,1000,none,conditional_sampling,format_x_class
CodeBERT_partial_s2027,TFIDF_full,AP,-0.0059127337103288546,-0.0059146520380289266,-0.0070668803985054233,-0.0047124015726022683,1000,none,conditional_sampling,format_x_class
CodeBERT_partial_s2027,TFIDF_full,Accuracy,-0.010733333333333372,-0.010776533333333331,-0.013399999999999971,-0.0081333333333333258,1000,none,conditional_sampling,format_x_class
CodeBERT_partial_s2027,TFIDF_full,F1,-0.010704089460604305,-0.010745315805050561,-0.013368098375330099,-0.0081007777810909003,1000,none,conditional_sampling,format_x_class
CodeBERT_partial_s2027,TFIDF_full,Brier,0.018310268198970345,0.018343718684423287,0.016279285051934735,0.020416980991233867,1000,none,conditional_sampling,format_x_class
CodeBERT_partial_s2027,TFIDF_full,LogLoss,0.11997849082418893,0.1200414577223225,0.11015468343635272,0.12955443976001049,1000,none,conditional_sampling,format_x_class
CodeBERT_partial_s2027,TFIDF_full,ECE,0.039903055083682512,0.039602294340571123,0.036944958031252861,0.042115480319719956,1000,none,conditional_sampling,format_x_class
CodeBERT_partial_s2027,TFIDF_full,oracle_pooled_TPR_0.001,-0.15260537670096247,-0.13837305011616327,-0.25311151676070359,0.0055127779621639813,1000,oracle_reselected_in_each_resample,exploratory_extreme_tail,format_x_class
CodeBERT_partial_s2027,TFIDF_full,oracle_pooled_TPR_0.005,-0.096249585131098492,-0.095170859608363745,-0.12008131430467972,-0.066312645204115506,1000,oracle_reselected_in_each_resample,conditional_sampling,format_x_class
CodeBERT_partial_s2027,TFIDF_full,oracle_pooled_TPR_0.01,-0.079123796880185893,-0.0780075008297378,-0.10243113176236307,-0.051968138068370424,1000,oracle_reselected_in_each_resample,conditional_sampling,format_x_class
CodeBERT_partial_s2027,TFIDF_full,oracle_pooled_TPR_0.05,-0.032127447726518321,-0.031635579156986393,-0.040026551609691263,-0.024024228343843327,1000,oracle_reselected_in_each_resample,conditional_sampling,format_x_class
CodeBERT_partial_s2027,TFIDF_full,oracle_per_format_TPR_0.001,-0.16747427812811144,-0.18123232658479918,-0.27118320610687019,-0.087937271822104271,1000,oracle_reselected_in_each_resample,exploratory_extreme_tail,format_x_class
CodeBERT_partial_s2027,TFIDF_full,oracle_per_format_TPR_0.005,-0.10229007633587783,-0.10661433786923333,-0.14856787255227355,-0.06709923664122143,1000,oracle_reselected_in_each_resample,conditional_sampling,format_x_class
CodeBERT_partial_s2027,TFIDF_full,oracle_per_format_TPR_0.01,-0.087022900763358724,-0.089005310321938258,-0.11463823431795561,-0.064845668768669054,1000,oracle_reselected_in_each_resample,conditional_sampling,format_x_class
CodeBERT_partial_s2027,TFIDF_full,oracle_per_format_TPR_0.05,-0.028476601393959577,-0.029149684699634915,-0.036842017922336545,-0.020969133753733781,1000,oracle_reselected_in_each_resample,conditional_sampling,format_x_class
CodeBERT_partial_s2027,TFIDF_full,fixed_pooled_TPR_0.001,-0.075340192499170233,-0.075496647859276469,-0.084175240623962866,-0.066910056422170572,1000,independent_deployment_rule_held_fixed,exploratory_extreme_tail,format_x_class
CodeBERT_partial_s2027,TFIDF_full,fixed_pooled_FPR_0.001,0.00073652494141278877,0.00074295279544693668,-6.6956812855708051e-05,0.0015400066956812856,1000,independent_deployment_rule_held_fixed,exploratory_extreme_tail,format_x_class
CodeBERT_partial_s2027,TFIDF_full,fixed_pooled_TPR_0.005,-0.096249585131098603,-0.09628894789246599,-0.10342017922336544,-0.088815134417524089,1000,independent_deployment_rule_held_fixed,conditional_sampling,format_x_class
CodeBERT_partial_s2027,TFIDF_full,fixed_pooled_FPR_0.005,0.0001339136257114161,0.00013116839638433212,-0.0012721794442584538,0.0015400066956812852,1000,independent_deployment_rule_held_fixed,conditional_sampling,format_x_class
CodeBERT_partial_s2027,TFIDF_full,fixed_pooled_TPR_0.01,-0.086757384666445447,-0.086776435446398931,-0.09399269830733481,-0.079785927646863652,1000,independent_deployment_rule_held_fixed,conditional_sampling,format_x_class
CodeBERT_partial_s2027,TFIDF_full,fixed_pooled_FPR_0.01,-0.00093739537997991271,-0.00091677268162035494,-0.0026799464345497164,0.0010729829260127217,1000,independent_deployment_rule_held_fixed,conditional_sampling,format_x_class
CodeBERT_partial_s2027,TFIDF_full,fixed_pooled_TPR_0.05,-0.035645536010620593,-0.035615665449717886,-0.039629936939927002,-0.031530036508463311,1000,independent_deployment_rule_held_fixed,conditional_sampling,format_x_class
CodeBERT_partial_s2027,TFIDF_full,fixed_pooled_FPR_0.05,-0.0025443588885169094,-0.0024805490458654168,-0.0061617007030465402,0.001339136257114161,1000,independent_deployment_rule_held_fixed,conditional_sampling,format_x_class
CodeBERT_partial_s2027,TFIDF_full,fixed_per_format_TPR_0.001,-0.097046133421838709,-0.097205443079986728,-0.10594258214404251,-0.088747095917690033,1000,independent_deployment_rule_held_fixed,exploratory_extreme_tail,format_x_class
CodeBERT_partial_s2027,TFIDF_full,fixed_per_format_FPR_0.001,0.00066956812855708072,0.00067204553063274176,-6.6956812855708051e-05,0.0014060930699698695,1000,independent_deployment_rule_held_fixed,exploratory_extreme_tail,format_x_class
CodeBERT_partial_s2027,TFIDF_full,fixed_per_format_TPR_0.005,-0.087620311981413845,-0.087692067706604718,-0.095121141719216706,-0.08045137736475283,1000,independent_deployment_rule_held_fixed,conditional_sampling,format_x_class
CodeBERT_partial_s2027,TFIDF_full,fixed_per_format_FPR_0.005,0.0010713090056913297,0.0010806160026782727,-0.00026950117174422481,0.0024774020756611987,1000,independent_deployment_rule_held_fixed,conditional_sampling,format_x_class
CodeBERT_partial_s2027,TFIDF_full,fixed_per_format_TPR_0.01,-0.091603053435114545,-0.09166246266179888,-0.098576169930302049,-0.084633255891138459,1000,independent_deployment_rule_held_fixed,conditional_sampling,format_x_class
CodeBERT_partial_s2027,TFIDF_full,fixed_per_format_FPR_0.01,-0.001272179444258453,-0.0012457315031804486,-0.0032808838299296945,0.00080348175426849661,1000,independent_deployment_rule_held_fixed,conditional_sampling,format_x_class
CodeBERT_partial_s2027,TFIDF_full,fixed_per_format_TPR_0.05,-0.035579156986392246,-0.035626817125788253,-0.039961832061068625,-0.031463657484234964,1000,independent_deployment_rule_held_fixed,conditional_sampling,format_x_class
CodeBERT_partial_s2027,TFIDF_full,fixed_per_format_FPR_0.05,-0.0024104452628054898,-0.0023111483093404754,-0.0058921995313023084,0.0012052226314027484,1000,independent_deployment_rule_held_fixed,conditional_sampling,format_x_class
CodeBERT_partial_s2028,TFIDF_full,ROC_AUC,-0.0056923002220818919,-0.0057130050375390467,-0.006656054874808132,-0.0047287503509788331,1000,none,conditional_sampling,format_x_class
CodeBERT_partial_s2028,TFIDF_full,AP,-0.0061580180266455065,-0.0061570320095558524,-0.0075493723190627584,-0.0048480242918978065,1000,none,conditional_sampling,format_x_class
CodeBERT_partial_s2028,TFIDF_full,Accuracy,-0.011733333333333373,-0.011758300000000001,-0.01419999999999999,-0.0092316666666666537,1000,none,conditional_sampling,format_x_class
CodeBERT_partial_s2028,TFIDF_full,F1,-0.012088677073988308,-0.012111215997492736,-0.014571965998273626,-0.0094769125693935415,1000,none,conditional_sampling,format_x_class
CodeBERT_partial_s2028,TFIDF_full,Brier,0.018917205174316373,0.018933533434219423,0.017003399107289683,0.02090494761629837,1000,none,conditional_sampling,format_x_class
CodeBERT_partial_s2028,TFIDF_full,LogLoss,0.14024209472506122,0.14031871180872751,0.13071712182336764,0.15033314427693539,1000,none,conditional_sampling,format_x_class
CodeBERT_partial_s2028,TFIDF_full,ECE,0.042072261225696073,0.04166236626664279,0.039133749126801377,0.044247322258225738,1000,none,conditional_sampling,format_x_class
CodeBERT_partial_s2028,TFIDF_full,oracle_pooled_TPR_0.001,-0.16594756057085963,-0.15617882509127118,-0.28450215731828743,-0.025087952207102592,1000,oracle_reselected_in_each_resample,exploratory_extreme_tail,format_x_class
CodeBERT_partial_s2028,TFIDF_full,oracle_pooled_TPR_0.005,-0.08250912711583136,-0.08468304015930965,-0.12552273481579812,-0.053084965151012367,1000,oracle_reselected_in_each_resample,conditional_sampling,format_x_class
CodeBERT_partial_s2028,TFIDF_full,oracle_pooled_TPR_0.01,-0.069299701294391003,-0.069061599734483906,-0.094130434782608741,-0.040949220046465291,1000,oracle_reselected_in_each_resample,conditional_sampling,format_x_class
CodeBERT_partial_s2028,TFIDF_full,oracle_pooled_TPR_0.05,-0.028675738466644507,-0.027485363425157651,-0.03465151012280121,-0.02010620643876538,1000,oracle_reselected_in_each_resample,conditional_sampling,format_x_class
CodeBERT_partial_s2028,TFIDF_full,oracle_per_format_TPR_0.001,-0.20743445071357447,-0.19678320610687025,-0.30774477265184208,-0.078748755393295719,1000,oracle_reselected_in_each_resample,exploratory_extreme_tail,format_x_class
CodeBERT_partial_s2028,TFIDF_full,oracle_per_format_TPR_0.005,-0.1000995685363425,-0.10085847992034518,-0.14464487222037825,-0.054696315964155362,1000,oracle_reselected_in_each_resample,conditional_sampling,format_x_class
CodeBERT_partial_s2028,TFIDF_full,oracle_per_format_TPR_0.01,-0.076003982741453702,-0.07859422502489212,-0.10076335877862597,-0.058544639893793549,1000,oracle_reselected_in_each_resample,conditional_sampling,format_x_class
CodeBERT_partial_s2028,TFIDF_full,oracle_per_format_TPR_0.05,-0.021639561898440185,-0.023413806837039496,-0.031664454032525824,-0.015665449717889079,1000,oracle_reselected_in_each_resample,conditional_sampling,format_x_class
CodeBERT_partial_s2028,TFIDF_full,fixed_pooled_TPR_0.001,-0.13979422502489208,-0.1399826750746764,-0.14928642548954529,-0.13136076999668106,1000,independent_deployment_rule_held_fixed,exploratory_extreme_tail,format_x_class
CodeBERT_partial_s2028,TFIDF_full,fixed_pooled_FPR_0.001,6.6956812855708051e-05,6.9969869434214938e-05,-0.00060261131570137267,0.00073652494141278888,1000,independent_deployment_rule_held_fixed,exploratory_extreme_tail,format_x_class
CodeBERT_partial_s2028,TFIDF_full,fixed_pooled_TPR_0.005,-0.1136408894789247,-0.11369147029538666,-0.1217424493859941,-0.10613674078991042,1000,independent_deployment_rule_held_fixed,conditional_sampling,format_x_class
CodeBERT_partial_s2028,TFIDF_full,fixed_pooled_FPR_0.005,-0.0012721794442584538,-0.0012442584532976232,-0.0026113157013726148,6.6956812855708051e-05,1000,independent_deployment_rule_held_fixed,conditional_sampling,format_x_class
CodeBERT_partial_s2028,TFIDF_full,fixed_pooled_TPR_0.01,-0.076999668104878904,-0.07695353468304017,-0.083639230003318965,-0.070559243279123773,1000,independent_deployment_rule_held_fixed,conditional_sampling,format_x_class
CodeBERT_partial_s2028,TFIDF_full,fixed_pooled_FPR_0.01,-0.00073652494141278856,-0.00069728824907934386,-0.0026782725142283238,0.0012738533645798458,1000,independent_deployment_rule_held_fixed,conditional_sampling,format_x_class
CodeBERT_partial_s2028,TFIDF_full,fixed_pooled_TPR_0.05,-0.035778294059077287,-0.035729571855293726,-0.039965151012280042,-0.031928310653833392,1000,independent_deployment_rule_held_fixed,conditional_sampling,format_x_class
CodeBERT_partial_s2028,TFIDF_full,fixed_pooled_FPR_0.05,-0.0047539337127552733,-0.0046980247740207566,-0.0083026447941077983,-0.0012035487110813505,1000,independent_deployment_rule_held_fixed,conditional_sampling,format_x_class
CodeBERT_partial_s2028,TFIDF_full,fixed_per_format_TPR_0.001,-0.13840026551609697,-0.13862933952870893,-0.14736475273813471,-0.13043478260869568,1000,independent_deployment_rule_held_fixed,exploratory_extreme_tail,format_x_class
CodeBERT_partial_s2028,TFIDF_full,fixed_per_format_FPR_0.001,0.00020087043856712437,0.00020348175426849682,-0.00046869768998995657,0.00093739537997991292,1000,independent_deployment_rule_held_fixed,exploratory_extreme_tail,format_x_class
CodeBERT_partial_s2028,TFIDF_full,fixed_per_format_TPR_0.005,-0.10122801194822428,-0.10130335214072352,-0.10899435778294053,-0.093327248589445744,1000,independent_deployment_rule_held_fixed,conditional_sampling,format_x_class
CodeBERT_partial_s2028,TFIDF_full,fixed_per_format_FPR_0.005,0,3.689320388349515e-05,-0.0012068965517241384,0.001273853364579845,1000,independent_deployment_rule_held_fixed,conditional_sampling,format_x_class
CodeBERT_partial_s2028,TFIDF_full,fixed_per_format_TPR_0.01,-0.083172917358114828,-0.083175107865914366,-0.089877198805177638,-0.07666777298373717,1000,independent_deployment_rule_held_fixed,conditional_sampling,format_x_class
CodeBERT_partial_s2028,TFIDF_full,fixed_per_format_FPR_0.01,-0.001272179444258453,-0.0012301975225979243,-0.0030800133913625721,0.0007381988617341797,1000,independent_deployment_rule_held_fixed,conditional_sampling,format_x_class
CodeBERT_partial_s2028,TFIDF_full,fixed_per_format_TPR_0.05,-0.037039495519415877,-0.037017789578493193,-0.04115499502157316,-0.032857616993030248,1000,independent_deployment_rule_held_fixed,conditional_sampling,format_x_class
CodeBERT_partial_s2028,TFIDF_full,fixed_per_format_FPR_0.05,-0.0064278540341479729,-0.0063231335788416472,-0.0097087378640776725,-0.0027452293270840353,1000,independent_deployment_rule_held_fixed,conditional_sampling,format_x_class
CodeBERT_unfrozen_s2026,TFIDF_full,ROC_AUC,-0.0082532705336356704,-0.0082620543563540309,-0.009187062068165483,-0.0072351274151703556,1000,none,conditional_sampling,format_x_class
CodeBERT_unfrozen_s2026,TFIDF_full,AP,-0.0090474515760126106,-0.009042053366664209,-0.010191671605911385,-0.0078893762397909718,1000,none,conditional_sampling,format_x_class
CodeBERT_unfrozen_s2026,TFIDF_full,Accuracy,-0.024433333333333418,-0.02455273333333333,-0.027366666666666654,-0.021632500000000061,1000,none,conditional_sampling,format_x_class
CodeBERT_unfrozen_s2026,TFIDF_full,F1,-0.026173545675450272,-0.026299824413259357,-0.02925709407354992,-0.023299595464537168,1000,none,conditional_sampling,format_x_class
CodeBERT_unfrozen_s2026,TFIDF_full,Brier,0.026764530250769934,0.026836138658552472,0.024662849852969661,0.028983745484109511,1000,none,conditional_sampling,format_x_class
CodeBERT_unfrozen_s2026,TFIDF_full,LogLoss,0.11724493684500903,0.11739942381377981,0.10876586771356722,0.12531987475213174,1000,none,conditional_sampling,format_x_class
CodeBERT_unfrozen_s2026,TFIDF_full,ECE,0.044902924252995524,0.04450966975589446,0.041711704509483402,0.047159006491817632,1000,none,conditional_sampling,format_x_class
CodeBERT_unfrozen_s2026,TFIDF_full,oracle_pooled_TPR_0.001,-0.19415864586790577,-0.17159488881513443,-0.26684367739794224,-0.051773979422502447,1000,oracle_reselected_in_each_resample,exploratory_extreme_tail,format_x_class
CodeBERT_unfrozen_s2026,TFIDF_full,oracle_pooled_TPR_0.005,-0.1480252240292067,-0.14562582144042482,-0.17842847660139394,-0.11191171589777626,1000,oracle_reselected_in_each_resample,conditional_sampling,format_x_class
CodeBERT_unfrozen_s2026,TFIDF_full,oracle_pooled_TPR_0.01,-0.12758048456687687,-0.12785794888815136,-0.15055592432791243,-0.10354795884500501,1000,oracle_reselected_in_each_resample,conditional_sampling,format_x_class
CodeBERT_unfrozen_s2026,TFIDF_full,oracle_pooled_TPR_0.05,-0.048124792565549246,-0.04827932293395288,-0.057952207102555553,-0.039361101891802197,1000,oracle_reselected_in_each_resample,conditional_sampling,format_x_class
CodeBERT_unfrozen_s2026,TFIDF_full,oracle_per_format_TPR_0.001,-0.15957517424493856,-0.17990806505144372,-0.26426817125788254,-0.10825921008961165,1000,oracle_reselected_in_each_resample,exploratory_extreme_tail,format_x_class
CodeBERT_unfrozen_s2026,TFIDF_full,oracle_per_format_TPR_0.005,-0.16375705277132424,-0.16896727514105545,-0.21009624958513107,-0.12598738798539655,1000,oracle_reselected_in_each_resample,conditional_sampling,format_x_class
CodeBERT_unfrozen_s2026,TFIDF_full,oracle_per_format_TPR_0.01,-0.13328908065051437,-0.13579608363757051,-0.16004314636574846,-0.11270494523730501,1000,oracle_reselected_in_each_resample,conditional_sampling,format_x_class
CodeBERT_unfrozen_s2026,TFIDF_full,oracle_per_format_TPR_0.05,-0.044142051111848657,-0.044026086956521736,-0.051246266179887257,-0.036043810155990785,1000,oracle_reselected_in_each_resample,conditional_sampling,format_x_class
CodeBERT_unfrozen_s2026,TFIDF_full,fixed_pooled_TPR_0.001,-0.10069697975439756,-0.1009297709923664,-0.10932957185529374,-0.092597079322933928,1000,independent_deployment_rule_held_fixed,exploratory_extreme_tail,format_x_class
CodeBERT_unfrozen_s2026,TFIDF_full,fixed_pooled_FPR_0.001,0.00066956812855708072,0.00067003682624707059,-6.6956812855708051e-05,0.0014060930699698695,1000,independent_deployment_rule_held_fixed,exploratory_extreme_tail,format_x_class
CodeBERT_unfrozen_s2026,TFIDF_full,fixed_pooled_TPR_0.005,-0.1453036840358447,-0.14542774643212744,-0.15340192499170258,-0.13786923332227019,1000,independent_deployment_rule_held_fixed,conditional_sampling,format_x_class
CodeBERT_unfrozen_s2026,TFIDF_full,fixed_pooled_FPR_0.005,-0.0001339136257114161,-0.00013090056913290927,-0.0014060930699698691,0.0012068965517241369,1000,independent_deployment_rule_held_fixed,conditional_sampling,format_x_class
CodeBERT_unfrozen_s2026,TFIDF_full,fixed_pooled_TPR_0.01,-0.13222701626286093,-0.13223093262529043,-0.13966146697643544,-0.12432625290408239,1000,independent_deployment_rule_held_fixed,conditional_sampling,format_x_class
CodeBERT_unfrozen_s2026,TFIDF_full,fixed_pooled_FPR_0.01,-0.0004017408771342483,-0.00041305657850686304,-0.0022095748242383657,0.001339136257114161,1000,independent_deployment_rule_held_fixed,conditional_sampling,format_x_class
CodeBERT_unfrozen_s2026,TFIDF_full,fixed_pooled_TPR_0.05,-0.061599734483903101,-0.061687022900763361,-0.066312645204115506,-0.057084301360770029,1000,independent_deployment_rule_held_fixed,conditional_sampling,format_x_class
CodeBERT_unfrozen_s2026,TFIDF_full,fixed_pooled_FPR_0.05,-0.005356545028456651,-0.005310344827586206,-0.0087043856712420431,-0.0020070304653498471,1000,independent_deployment_rule_held_fixed,conditional_sampling,format_x_class
CodeBERT_unfrozen_s2026,TFIDF_full,fixed_per_format_TPR_0.001,-0.12373050116163298,-0.12393149684699635,-0.13229339528708922,-0.11596083637570526,1000,independent_deployment_rule_held_fixed,exploratory_extreme_tail,format_x_class
CodeBERT_unfrozen_s2026,TFIDF_full,fixed_per_format_FPR_0.001,0.00066956812855708072,0.00065691329092735183,-6.6956812855708051e-05,0.0013391362571141614,1000,independent_deployment_rule_held_fixed,exploratory_extreme_tail,format_x_class
CodeBERT_unfrozen_s2026,TFIDF_full,fixed_per_format_TPR_0.005,-0.13893129770992363,-0.13911961500165948,-0.14709591769000996,-0.13136408894789242,1000,independent_deployment_rule_held_fixed,conditional_sampling,format_x_class
CodeBERT_unfrozen_s2026,TFIDF_full,fixed_per_format_FPR_0.005,0.00060261131570137332,0.00061111483093404776,-0.00053732842316705782,0.0018747907599598263,1000,independent_deployment_rule_held_fixed,conditional_sampling,format_x_class
CodeBERT_unfrozen_s2026,TFIDF_full,fixed_per_format_TPR_0.01,-0.13999336209757718,-0.14003079986724196,-0.14729837371390642,-0.13288914702953869,1000,independent_deployment_rule_held_fixed,conditional_sampling,format_x_class
CodeBERT_unfrozen_s2026,TFIDF_full,fixed_per_format_FPR_0.01,-0.00087043856712420466,-0.00087546032808838296,-0.0026799464345497164,0.0010043521928356208,1000,independent_deployment_rule_held_fixed,conditional_sampling,format_x_class
CodeBERT_unfrozen_s2026,TFIDF_full,fixed_per_format_TPR_0.05,-0.054032525721871894,-0.054106471954862262,-0.058547958845005077,-0.049581812147361355,1000,independent_deployment_rule_held_fixed,conditional_sampling,format_x_class
CodeBERT_unfrozen_s2026,TFIDF_full,fixed_per_format_FPR_0.05,-0.0040843655841981893,-0.0040188818212253093,-0.0075661198526950149,-0.00073485102109139221,1000,independent_deployment_rule_held_fixed,conditional_sampling,format_x_class
CodeBERT_unfrozen_s2027,TFIDF_full,ROC_AUC,-0.0093238506367508966,-0.0093434916100091133,-0.010421877033024265,-0.0081610275792957099,1000,none,conditional_sampling,format_x_class
CodeBERT_unfrozen_s2027,TFIDF_full,AP,-0.0097283687634319715,-0.0097289628969844666,-0.011027084326947639,-0.0084519339611128473,1000,none,conditional_sampling,format_x_class
CodeBERT_unfrozen_s2027,TFIDF_full,Accuracy,-0.025766666666666715,-0.025857466666666669,-0.028600833333333402,-0.023000000000000017,1000,none,conditional_sampling,format_x_class
CodeBERT_unfrozen_s2027,TFIDF_full,F1,-0.02751126740890264,-0.027602014216465524,-0.030476092595016095,-0.024652693660576704,1000,none,conditional_sampling,format_x_class
CodeBERT_unfrozen_s2027,TFIDF_full,Brier,0.033157559846820304,0.0332258338000248,0.030838518878795209,0.035537576418980511,1000,none,conditional_sampling,format_x_class
CodeBERT_unfrozen_s2027,TFIDF_full,LogLoss,0.20698783778116964,0.20719853680730752,0.1948072491619281,0.21863878786281343,1000,none,conditional_sampling,format_x_class
CodeBERT_unfrozen_s2027,TFIDF_full,ECE,0.056752354781871878,0.056322212265387958,0.053391238684620354,0.0591004532466399,1000,none,conditional_sampling,format_x_class
CodeBERT_unfrozen_s2027,TFIDF_full,oracle_pooled_TPR_0.001,-0.13780285429804184,-0.12722057749751078,-0.25576999668104883,0.0047892465980749945,1000,oracle_reselected_in_each_resample,exploratory_extreme_tail,format_x_class
CodeBERT_unfrozen_s2027,TFIDF_full,oracle_pooled_TPR_0.005,-0.15293727182210415,-0.15674344507135746,-0.19104215068038499,-0.11781944905409891,1000,oracle_reselected_in_each_resample,conditional_sampling,format_x_class
CodeBERT_unfrozen_s2027,TFIDF_full,oracle_pooled_TPR_0.01,-0.1166279455692002,-0.11515147693328907,-0.14019415864586793,-0.089195154331231388,1000,oracle_reselected_in_each_resample,conditional_sampling,format_x_class
CodeBERT_unfrozen_s2027,TFIDF_full,oracle_pooled_TPR_0.05,-0.053966146697643547,-0.054721805509459015,-0.065781613010288731,-0.04599734483903084,1000,oracle_reselected_in_each_resample,conditional_sampling,format_x_class
CodeBERT_unfrozen_s2027,TFIDF_full,oracle_per_format_TPR_0.001,-0.13216063723863253,-0.15149963491536675,-0.24387985396614675,-0.067240292067706653,1000,oracle_reselected_in_each_resample,exploratory_extreme_tail,format_x_class
CodeBERT_unfrozen_s2027,TFIDF_full,oracle_per_format_TPR_0.005,-0.15559243279123791,-0.15823511450381678,-0.20099900431463658,-0.11488715565881182,1000,oracle_reselected_in_each_resample,conditional_sampling,format_x_class
CodeBERT_unfrozen_s2027,TFIDF_full,oracle_per_format_TPR_0.01,-0.11915034848987716,-0.1213857285097909,-0.14450713574510454,-0.099430799867242015,1000,oracle_reselected_in_each_resample,conditional_sampling,format_x_class
CodeBERT_unfrozen_s2027,TFIDF_full,oracle_per_format_TPR_0.05,-0.041486890142714894,-0.043871224692997021,-0.056627945569200144,-0.034374377696647869,1000,oracle_reselected_in_each_resample,conditional_sampling,format_x_class
CodeBERT_unfrozen_s2027,TFIDF_full,fixed_pooled_TPR_0.001,-0.10813143046797208,-0.108189246598075,-0.11623464985064724,-0.099960172585462984,1000,independent_deployment_rule_held_fixed,exploratory_extreme_tail,format_x_class
CodeBERT_unfrozen_s2027,TFIDF_full,fixed_pooled_FPR_0.001,0.00033478406427854047,0.00034067626380984261,-0.00040174087713424852,0.001071309005691329,1000,independent_deployment_rule_held_fixed,exploratory_extreme_tail,format_x_class
CodeBERT_unfrozen_s2027,TFIDF_full,fixed_pooled_TPR_0.005,-0.14775970793229343,-0.1478035180882841,-0.15599402588781952,-0.14018918021905069,1000,independent_deployment_rule_held_fixed,conditional_sampling,format_x_class
CodeBERT_unfrozen_s2027,TFIDF_full,fixed_pooled_FPR_0.005,0.00020087043856712415,0.0002151991965182457,-0.0011399397388684304,0.0015416806160026772,1000,independent_deployment_rule_held_fixed,conditional_sampling,format_x_class
CodeBERT_unfrozen_s2027,TFIDF_full,fixed_pooled_TPR_0.01,-0.13581148357119155,-0.13580146033853302,-0.14311649518752079,-0.12850315300365089,1000,independent_deployment_rule_held_fixed,conditional_sampling,format_x_class
CodeBERT_unfrozen_s2027,TFIDF_full,fixed_pooled_FPR_0.01,-0.0016069635085369932,-0.0015830599263475062,-0.0033478406427854043,0.00020254435888851703,1000,independent_deployment_rule_held_fixed,conditional_sampling,format_x_class
CodeBERT_unfrozen_s2027,TFIDF_full,fixed_pooled_TPR_0.05,-0.064653169598406945,-0.064682376369067388,-0.069234981745768365,-0.060073016926651124,1000,independent_deployment_rule_held_fixed,conditional_sampling,format_x_class
CodeBERT_unfrozen_s2027,TFIDF_full,fixed_pooled_FPR_0.05,-0.0035487110813525319,-0.0034636759290257784,-0.0068965517241379309,0,1000,independent_deployment_rule_held_fixed,conditional_sampling,format_x_class
CodeBERT_unfrozen_s2027,TFIDF_full,fixed_per_format_TPR_0.001,-0.10049784268171263,-0.10060869565217391,-0.10853136408894787,-0.092597079322933928,1000,independent_deployment_rule_held_fixed,exploratory_extreme_tail,format_x_class
CodeBERT_unfrozen_s2027,TFIDF_full,fixed_per_format_FPR_0.001,0.00053565450284566462,0.00054362236357549372,-0.00020087043856712437,0.0013391362571141612,1000,independent_deployment_rule_held_fixed,exploratory_extreme_tail,format_x_class
CodeBERT_unfrozen_s2027,TFIDF_full,fixed_per_format_TPR_0.005,-0.12950547626949882,-0.12960657152339861,-0.13767009624958515,-0.12140391636242942,1000,independent_deployment_rule_held_fixed,conditional_sampling,format_x_class
CodeBERT_unfrozen_s2027,TFIDF_full,fixed_per_format_FPR_0.005,0.0012052226314027458,0.0012294609976565116,-6.6956812855708051e-05,0.0024790759959825901,1000,independent_deployment_rule_held_fixed,conditional_sampling,format_x_class
CodeBERT_unfrozen_s2027,TFIDF_full,fixed_per_format_TPR_0.01,-0.1376037172253568,-0.13762854298041821,-0.14510454696315966,-0.13023398606040482,1000,independent_deployment_rule_held_fixed,conditional_sampling,format_x_class
CodeBERT_unfrozen_s2027,TFIDF_full,fixed_per_format_FPR_0.01,-0.0020087043856712433,-0.0019884834281888183,-0.0038834951456310687,-0.00020087043856712415,1000,independent_deployment_rule_held_fixed,conditional_sampling,format_x_class
CodeBERT_unfrozen_s2027,TFIDF_full,fixed_per_format_TPR_0.05,-0.053567872552273466,-0.053647593760371717,-0.058015267175572482,-0.048986060404912046,1000,independent_deployment_rule_held_fixed,conditional_sampling,format_x_class
CodeBERT_unfrozen_s2027,TFIDF_full,fixed_per_format_FPR_0.05,-0.0046869768998995601,-0.0045635754938064942,-0.0079678607298292597,-0.0010696350853699377,1000,independent_deployment_rule_held_fixed,conditional_sampling,format_x_class
CodeBERT_unfrozen_s2028,TFIDF_full,ROC_AUC,-0.0069870089782797518,-0.0069996900497353836,-0.0079201761121958283,-0.0060175422182928593,1000,none,conditional_sampling,format_x_class
CodeBERT_unfrozen_s2028,TFIDF_full,AP,-0.0072076754566032797,-0.007206311857232253,-0.0082725443472486913,-0.0061033853066028822,1000,none,conditional_sampling,format_x_class
CodeBERT_unfrozen_s2028,TFIDF_full,Accuracy,-0.018233333333333435,-0.018267633333333332,-0.020933333333333359,-0.015566666666666725,1000,none,conditional_sampling,format_x_class
CodeBERT_unfrozen_s2028,TFIDF_full,F1,-0.019191683499986789,-0.01922671538256961,-0.021976065903701554,-0.01647653856580783,1000,none,conditional_sampling,format_x_class
CodeBERT_unfrozen_s2028,TFIDF_full,Brier,0.023263817092622957,0.023284463617501985,0.02125946093775755,0.025306573462555017,1000,none,conditional_sampling,format_x_class
CodeBERT_unfrozen_s2028,TFIDF_full,LogLoss,0.13217881112239555,0.1322335382188857,0.12311748539025391,0.1412838206892513,1000,none,conditional_sampling,format_x_class
CodeBERT_unfrozen_s2028,TFIDF_full,ECE,0.04441451780168168,0.044017834091086214,0.041252725531554756,0.046737140984634204,1000,none,conditional_sampling,format_x_class
CodeBERT_unfrozen_s2028,TFIDF_full,oracle_pooled_TPR_0.001,-0.11423830069697977,-0.10098373713906406,-0.19646863591105213,0.016740789910388222,1000,oracle_reselected_in_each_resample,exploratory_extreme_tail,format_x_class
CodeBERT_unfrozen_s2028,TFIDF_full,oracle_pooled_TPR_0.005,-0.12983737139064055,-0.12618247593760371,-0.16024560238964491,-0.090167607036176586,1000,oracle_reselected_in_each_resample,conditional_sampling,format_x_class
CodeBERT_unfrozen_s2028,TFIDF_full,oracle_pooled_TPR_0.01,-0.096249585131098603,-0.094769200132758039,-0.11744108861599734,-0.068768669100564228,1000,oracle_reselected_in_each_resample,conditional_sampling,format_x_class
CodeBERT_unfrozen_s2028,TFIDF_full,oracle_pooled_TPR_0.05,-0.038101559907069316,-0.039712844341188186,-0.04951875207434453,-0.031193162960504454,1000,oracle_reselected_in_each_resample,conditional_sampling,format_x_class
CodeBERT_unfrozen_s2028,TFIDF_full,oracle_per_format_TPR_0.001,-0.1260537670096249,-0.13210945901095256,-0.21588450049784264,-0.058611018918021951,1000,oracle_reselected_in_each_resample,exploratory_extreme_tail,format_x_class
CodeBERT_unfrozen_s2028,TFIDF_full,oracle_per_format_TPR_0.005,-0.13016926651178229,-0.13306159973448389,-0.17146033853302356,-0.092519083969465746,1000,oracle_reselected_in_each_resample,conditional_sampling,format_x_class
CodeBERT_unfrozen_s2028,TFIDF_full,oracle_per_format_TPR_0.01,-0.099103883172917295,-0.10261805509459011,-0.13096913375373387,-0.07811981413873216,1000,oracle_reselected_in_each_resample,conditional_sampling,format_x_class
CodeBERT_unfrozen_s2028,TFIDF_full,oracle_per_format_TPR_0.05,-0.036906737470959183,-0.037803982741453704,-0.046732492532359782,-0.028937935612346484,1000,oracle_reselected_in_each_resample,conditional_sampling,format_x_class
CodeBERT_unfrozen_s2028,TFIDF_full,fixed_pooled_TPR_0.001,-0.10487885828078319,-0.10512080982409561,-0.11304347826086958,-0.097311649518752041,1000,independent_deployment_rule_held_fixed,exploratory_extreme_tail,format_x_class
CodeBERT_unfrozen_s2028,TFIDF_full,fixed_pooled_FPR_0.001,0,1.0378305992634749e-05,-0.00060261131570137267,0.00066956812855708072,1000,independent_deployment_rule_held_fixed,exploratory_extreme_tail,format_x_class
CodeBERT_unfrozen_s2028,TFIDF_full,fixed_pooled_TPR_0.005,-0.12592100896116831,-0.12597105874543643,-0.13348987719880523,-0.11835048124792569,1000,independent_deployment_rule_held_fixed,conditional_sampling,format_x_class
CodeBERT_unfrozen_s2028,TFIDF_full,fixed_pooled_FPR_0.005,-0.00033478406427854025,-0.0003342484097756947,-0.0018078339471041182,0.0010043521928356208,1000,independent_deployment_rule_held_fixed,conditional_sampling,format_x_class
CodeBERT_unfrozen_s2028,TFIDF_full,fixed_pooled_TPR_0.01,-0.10892797875871219,-0.10884606704281446,-0.11583471622967145,-0.10202456023896445,1000,independent_deployment_rule_held_fixed,conditional_sampling,format_x_class
CodeBERT_unfrozen_s2028,TFIDF_full,fixed_pooled_FPR_0.01,-0.0014060930699698691,-0.0013790425175761638,-0.0031469702042182801,0.0005356545028456644,1000,independent_deployment_rule_held_fixed,conditional_sampling,format_x_class
CodeBERT_unfrozen_s2028,TFIDF_full,fixed_pooled_TPR_0.05,-0.051377364752738131,-0.051379688018586125,-0.055627281778957816,-0.046863591105210767,1000,independent_deployment_rule_held_fixed,conditional_sampling,format_x_class
CodeBERT_unfrozen_s2028,TFIDF_full,fixed_pooled_FPR_0.05,-0.0050217609641781055,-0.0049925677937730168,-0.0085704720455306305,-0.0014713759625041825,1000,independent_deployment_rule_held_fixed,conditional_sampling,format_x_class
CodeBERT_unfrozen_s2028,TFIDF_full,fixed_per_format_TPR_0.001,-0.11151676070361771,-0.11174616661135081,-0.119550282110853,-0.10394955194158645,1000,independent_deployment_rule_held_fixed,exploratory_extreme_tail,format_x_class
CodeBERT_unfrozen_s2028,TFIDF_full,fixed_per_format_FPR_0.001,0.00060261131570137267,0.00060502176096417803,-6.6956812855708267e-05,0.0013391362571141612,1000,independent_deployment_rule_held_fixed,exploratory_extreme_tail,format_x_class
CodeBERT_unfrozen_s2028,TFIDF_full,fixed_per_format_TPR_0.005,-0.11324261533355451,-0.11326073680716894,-0.1204795884500498,-0.10527713242615344,1000,independent_deployment_rule_held_fixed,conditional_sampling,format_x_class
CodeBERT_unfrozen_s2028,TFIDF_full,fixed_per_format_FPR_0.005,0.0013391362571141619,0.0013600937395379985,0,0.0027452293270840309,1000,independent_deployment_rule_held_fixed,conditional_sampling,format_x_class
CodeBERT_unfrozen_s2028,TFIDF_full,fixed_per_format_TPR_0.01,-0.11470295386657814,-0.11473123133089944,-0.12153999336209764,-0.10766677729837371,1000,independent_deployment_rule_held_fixed,conditional_sampling,format_x_class
CodeBERT_unfrozen_s2028,TFIDF_full,fixed_per_format_FPR_0.01,-0.0020756611985269513,-0.0020607967860729833,-0.0038834951456310687,-0.0002678272514228322,1000,independent_deployment_rule_held_fixed,conditional_sampling,format_x_class
CodeBERT_unfrozen_s2028,TFIDF_full,fixed_per_format_TPR_0.05,-0.046598075008297379,-0.046614669764354459,-0.050715233986060482,-0.042280119482243639,1000,independent_deployment_rule_held_fixed,conditional_sampling,format_x_class
CodeBERT_unfrozen_s2028,TFIDF_full,fixed_per_format_FPR_0.05,-0.0056913290927351826,-0.0056484767325075324,-0.0092417140944091071,-0.0021409440910612667,1000,independent_deployment_rule_held_fixed,conditional_sampling,format_x_class
CodeBERT_partial_s2026,TFIDF_bpe_prefix,ROC_AUC,0.0074406397186790318,0.007435598719575962,0.0062904401760433409,0.0085185774043979867,1000,none,conditional_sampling,format_x_class
CodeBERT_partial_s2026,TFIDF_bpe_prefix,AP,0.0078733020470665993,0.0078782965759600799,0.0065547914251376325,0.0091884809061455897,1000,none,conditional_sampling,format_x_class
CodeBERT_partial_s2026,TFIDF_bpe_prefix,Accuracy,0.015733333333333266,0.015768133333333333,0.012966666666666682,0.018599999999999953,1000,none,conditional_sampling,format_x_class
CodeBERT_partial_s2026,TFIDF_bpe_prefix,F1,0.016001990456642745,0.016037922755953053,0.013159031928382853,0.01895062345172692,1000,none,conditional_sampling,format_x_class
CodeBERT_partial_s2026,TFIDF_bpe_prefix,Brier,-0.0017635109474166133,-0.0017698852990489916,-0.0037663572549107146,0.00022933029854895794,1000,none,conditional_sampling,format_x_class
CodeBERT_partial_s2026,TFIDF_bpe_prefix,LogLoss,0.059725426792080677,0.059702947690303668,0.050388165738338875,0.068807600109324338,1000,none,conditional_sampling,format_x_class
CodeBERT_partial_s2026,TFIDF_bpe_prefix,ECE,0.03477048976975218,0.034386250706168131,0.030894253642522247,0.037927510879147912,1000,none,conditional_sampling,format_x_class
CodeBERT_partial_s2026,TFIDF_bpe_prefix,oracle_pooled_TPR_0.001,0.053833388649186853,0.055013275804845663,-0.036392300033189495,0.1570892797875871,1000,oracle_reselected_in_each_resample,exploratory_extreme_tail,format_x_class
CodeBERT_partial_s2026,TFIDF_bpe_prefix,oracle_pooled_TPR_0.005,0.12280119482243612,0.12942349817457682,0.097230335214072316,0.16893461666113507,1000,oracle_reselected_in_each_resample,conditional_sampling,format_x_class
CodeBERT_partial_s2026,TFIDF_bpe_prefix,oracle_pooled_TPR_0.01,0.12897444407567205,0.12978008629273149,0.099897112512446151,0.16156820444739461,1000,oracle_reselected_in_each_resample,conditional_sampling,format_x_class
CodeBERT_partial_s2026,TFIDF_bpe_prefix,oracle_pooled_TPR_0.05,0.046398937935612339,0.044781546631264518,0.034780949220046486,0.054631596415532717,1000,oracle_reselected_in_each_resample,conditional_sampling,format_x_class
CodeBERT_partial_s2026,TFIDF_bpe_prefix,oracle_per_format_TPR_0.001,0.069631596415532682,0.056391105210753412,-0.038524726186525013,0.1615897776302688,1000,oracle_reselected_in_each_resample,exploratory_extreme_tail,format_x_class
CodeBERT_partial_s2026,TFIDF_bpe_prefix,oracle_per_format_TPR_0.005,0.088748755393295742,0.094968270826418857,0.053630932625290395,0.14006969797543978,1000,oracle_reselected_in_each_resample,conditional_sampling,format_x_class
CodeBERT_partial_s2026,TFIDF_bpe_prefix,oracle_per_format_TPR_0.01,0.11131762363093267,0.1079285761699303,0.080977431131762367,0.13388981081978102,1000,oracle_reselected_in_each_resample,conditional_sampling,format_x_class
CodeBERT_partial_s2026,TFIDF_bpe_prefix,oracle_per_format_TPR_0.05,0.039628277464321293,0.040032658479920345,0.030199137072685067,0.050786591437105948,1000,oracle_reselected_in_each_resample,conditional_sampling,format_x_class
CodeBERT_partial_s2026,TFIDF_bpe_prefix,fixed_pooled_TPR_0.001,0.12904082309990045,0.12908211085297047,0.12127281778957849,0.13640889478924662,1000,independent_deployment_rule_held_fixed,exploratory_extreme_tail,format_x_class
CodeBERT_partial_s2026,TFIDF_bpe_prefix,fixed_pooled_FPR_0.001,0.0004017408771342483,0.00040174087713424841,-0.00013391362571141621,0.001071309005691329,1000,independent_deployment_rule_held_fixed,exploratory_extreme_tail,format_x_class
CodeBERT_partial_s2026,TFIDF_bpe_prefix,fixed_pooled_TPR_0.005,0.14590109525389983,0.14591510122801196,0.13793229339528701,0.15446564885496183,1000,independent_deployment_rule_held_fixed,conditional_sampling,format_x_class
CodeBERT_partial_s2026,TFIDF_bpe_prefix,fixed_pooled_FPR_0.005,0.00066956812855708051,0.00067813860060261159,-0.00060261131570137245,0.0019417475728155343,1000,independent_deployment_rule_held_fixed,conditional_sampling,format_x_class
CodeBERT_partial_s2026,TFIDF_bpe_prefix,fixed_pooled_TPR_0.01,0.1203451709259874,0.12035718552937272,0.11350813143046801,0.12765018254231664,1000,independent_deployment_rule_held_fixed,conditional_sampling,format_x_class
CodeBERT_partial_s2026,TFIDF_bpe_prefix,fixed_pooled_FPR_0.01,-0.00073652494141279029,-0.0007189822564445937,-0.0026113157013726157,0.0010729829260127217,1000,independent_deployment_rule_held_fixed,conditional_sampling,format_x_class
CodeBERT_partial_s2026,TFIDF_bpe_prefix,fixed_pooled_TPR_0.05,0.047660139395950929,0.047777497510786589,0.042741453700630649,0.052572187188848263,1000,independent_deployment_rule_held_fixed,conditional_sampling,format_x_class
CodeBERT_partial_s2026,TFIDF_bpe_prefix,fixed_pooled_FPR_0.05,0.00033478406427853852,0.00029179779042517578,-0.0032139270170739864,0.0035537328423166986,1000,independent_deployment_rule_held_fixed,conditional_sampling,format_x_class
CodeBERT_partial_s2026,TFIDF_bpe_prefix,fixed_per_format_TPR_0.001,0.10434782608695653,0.10438513109857285,0.097044473946233001,0.11165117822768006,1000,independent_deployment_rule_held_fixed,exploratory_extreme_tail,format_x_class
CodeBERT_partial_s2026,TFIDF_bpe_prefix,fixed_per_format_FPR_0.001,0.00033478406427854025,0.00032882490793438227,-0.0002678272514228322,0.00093739537997991292,1000,independent_deployment_rule_held_fixed,exploratory_extreme_tail,format_x_class
CodeBERT_partial_s2026,TFIDF_bpe_prefix,fixed_per_format_TPR_0.005,0.12923996017258543,0.12927786259541987,0.12153501493528052,0.13793561234649843,1000,independent_deployment_rule_held_fixed,conditional_sampling,format_x_class
CodeBERT_partial_s2026,TFIDF_bpe_prefix,fixed_per_format_FPR_0.005,0.00060261131570137332,0.00059236692333444936,-0.00080348175426849661,0.0018764646802812174,1000,independent_deployment_rule_held_fixed,conditional_sampling,format_x_class
CodeBERT_partial_s2026,TFIDF_bpe_prefix,fixed_per_format_TPR_0.01,0.1336209757716561,0.13369432459342845,0.12684699634915364,0.14125622303352137,1000,independent_deployment_rule_held_fixed,conditional_sampling,format_x_class
CodeBERT_partial_s2026,TFIDF_bpe_prefix,fixed_per_format_FPR_0.01,0.0022765316370940755,0.0022654168061600273,0.00053398058252427185,0.0041513223970539009,1000,independent_deployment_rule_held_fixed,conditional_sampling,format_x_class
CodeBERT_partial_s2026,TFIDF_bpe_prefix,fixed_per_format_TPR_0.05,0.042681712578825137,0.042698838367076004,0.037768005310321873,0.04746266179887159,1000,independent_deployment_rule_held_fixed,conditional_sampling,format_x_class
CodeBERT_partial_s2026,TFIDF_bpe_prefix,fixed_per_format_FPR_0.05,0.0012052226314027484,0.0011979243388014732,-0.0023434884499497835,0.004487780381653832,1000,independent_deployment_rule_held_fixed,conditional_sampling,format_x_class
CodeBERT_partial_s2027,TFIDF_bpe_prefix,ROC_AUC,0.0064977286795716571,0.0064960683795062353,0.0054022106081768493,0.0076069884534497416,1000,none,conditional_sampling,format_x_class
CodeBERT_partial_s2027,TFIDF_bpe_prefix,AP,0.0066430016001211012,0.0066458587981340954,0.0052221623446479879,0.008020273950220801,1000,none,conditional_sampling,format_x_class
CodeBERT_partial_s2027,TFIDF_bpe_prefix,Accuracy,0.014299999999999979,0.014333199999999999,0.011398333333333299,0.016934166666666688,1000,none,conditional_sampling,format_x_class
CodeBERT_partial_s2027,TFIDF_bpe_prefix,F1,0.014815757997614809,0.014850914698956452,0.01187173559924308,0.017537519569655245,1000,none,conditional_sampling,format_x_class
CodeBERT_partial_s2027,TFIDF_bpe_prefix,Brier,-0.00065394595813775963,-0.00065699831797175244,-0.0026100656455522865,0.0012794732070235805,1000,none,conditional_sampling,format_x_class
CodeBERT_partial_s2027,TFIDF_bpe_prefix,LogLoss,0.060150845768395106,0.060083851648596948,0.050898193864494796,0.068909608427201618,1000,none,conditional_sampling,format_x_class
CodeBERT_partial_s2027,TFIDF_bpe_prefix,ECE,0.034902199598104089,0.03453591854072021,0.030993443732216745,0.038203335885554683,1000,none,conditional_sampling,format_x_class
CodeBERT_partial_s2027,TFIDF_bpe_prefix,oracle_pooled_TPR_0.001,0.025356787255227387,0.036339329571855296,-0.053519747759707914,0.13542316627945572,1000,oracle_reselected_in_each_resample,exploratory_extreme_tail,format_x_class
CodeBERT_partial_s2027,TFIDF_bpe_prefix,oracle_pooled_TPR_0.005,0.106936608031862,0.11262774643212745,0.082441088615997304,0.15028211085297044,1000,oracle_reselected_in_each_resample,conditional_sampling,format_x_class
CodeBERT_partial_s2027,TFIDF_bpe_prefix,oracle_pooled_TPR_0.01,0.092797875871224678,0.094064520411549946,0.062716561566544926,0.12878526385662126,1000,oracle_reselected_in_each_resample,conditional_sampling,format_x_class
CodeBERT_partial_s2027,TFIDF_bpe_prefix,oracle_pooled_TPR_0.05,0.034848987719880542,0.034977763026883511,0.025952538997676692,0.044010952538997672,1000,oracle_reselected_in_each_resample,conditional_sampling,format_x_class
CodeBERT_partial_s2027,TFIDF_bpe_prefix,oracle_per_format_TPR_0.001,0.071556588118154685,0.044745436442084306,-0.051272817789578484,0.14863757052771323,1000,oracle_reselected_in_each_resample,exploratory_extreme_tail,format_x_class
CodeBERT_partial_s2027,TFIDF_bpe_prefix,oracle_per_format_TPR_0.005,0.07102555592432791,0.074258148025224027,0.028859940258878173,0.11763026883504812,1000,oracle_reselected_in_each_resample,conditional_sampling,format_x_class
CodeBERT_partial_s2027,TFIDF_bpe_prefix,oracle_per_format_TPR_0.01,0.066246266179887159,0.065749883836707601,0.038101559907069316,0.095328576169930276,1000,oracle_reselected_in_each_resample,conditional_sampling,format_x_class
CodeBERT_partial_s2027,TFIDF_bpe_prefix,oracle_per_format_TPR_0.05,0.032127447726518432,0.031869299701294394,0.022897444407567139,0.041619648191171588,1000,oracle_reselected_in_each_resample,conditional_sampling,format_x_class
CodeBERT_partial_s2027,TFIDF_bpe_prefix,fixed_pooled_TPR_0.001,0.1673415200796548,0.1673566544971789,0.1597079322933953,0.17517590441420511,1000,independent_deployment_rule_held_fixed,exploratory_extreme_tail,format_x_class
CodeBERT_partial_s2027,TFIDF_bpe_prefix,fixed_pooled_FPR_0.001,0.001004352192835621,0.0010046200200870437,0.00033478406427854047,0.0016739203213927015,1000,independent_deployment_rule_held_fixed,exploratory_extreme_tail,format_x_class
CodeBERT_partial_s2027,TFIDF_bpe_prefix,fixed_pooled_TPR_0.005,0.14278128111516764,0.14275970793229339,0.13494855625622304,0.15108363757052767,1000,independent_deployment_rule_held_fixed,conditional_sampling,format_x_class
CodeBERT_partial_s2027,TFIDF_bpe_prefix,fixed_pooled_FPR_0.005,0.0016069635085369941,0.0015732842316705726,0.00019919651824573157,0.002879142952795447,1000,independent_deployment_rule_held_fixed,conditional_sampling,format_x_class
CodeBERT_partial_s2027,TFIDF_bpe_prefix,fixed_pooled_TPR_0.01,0.097112512446067001,0.097008363757052768,0.089610023232658431,0.10434782608695647,1000,independent_deployment_rule_held_fixed,conditional_sampling,format_x_class
CodeBERT_partial_s2027,TFIDF_bpe_prefix,fixed_pooled_FPR_0.01,0.0002678272514228322,0.00025510545698024785,-0.0017408771342484093,0.0020756611985269513,1000,independent_deployment_rule_held_fixed,conditional_sampling,format_x_class
CodeBERT_partial_s2027,TFIDF_bpe_prefix,fixed_pooled_TPR_0.05,0.045270494523730553,0.045366345834716229,0.040555924327912329,0.050580816461997968,1000,independent_deployment_rule_held_fixed,conditional_sampling,format_x_class
CodeBERT_partial_s2027,TFIDF_bpe_prefix,fixed_pooled_FPR_0.05,0.0037495815199196508,0.0037460997656511555,0.00040006695681285228,0.0070974221627050499,1000,independent_deployment_rule_held_fixed,conditional_sampling,format_x_class
CodeBERT_partial_s2027,TFIDF_bpe_prefix,fixed_per_format_TPR_0.001,0.14317955526053772,0.14317928974444075,0.13521075340192501,0.15121307666777295,1000,independent_deployment_rule_held_fixed,exploratory_extreme_tail,format_x_class
CodeBERT_partial_s2027,TFIDF_bpe_prefix,fixed_per_format_FPR_0.001,0.00093739537997991292,0.00093485102109139588,0.0002678272514228322,0.0016069635085369936,1000,independent_deployment_rule_held_fixed,exploratory_extreme_tail,format_x_class
CodeBERT_partial_s2027,TFIDF_bpe_prefix,fixed_per_format_TPR_0.005,0.12134085628941249,0.12134437437769666,0.1136408894789247,0.12930799867241949,1000,independent_deployment_rule_held_fixed,conditional_sampling,format_x_class
CodeBERT_partial_s2027,TFIDF_bpe_prefix,fixed_per_format_FPR_0.005,0.0013391362571141619,0.0013073987278205562,-6.6956812855708078e-05,0.0026782725142283229,1000,independent_deployment_rule_held_fixed,conditional_sampling,format_x_class
CodeBERT_partial_s2027,TFIDF_bpe_prefix,fixed_per_format_TPR_0.01,0.099701294390972417,0.099654629936939923,0.092465980750082943,0.10773315632260205,1000,independent_deployment_rule_held_fixed,conditional_sampling,format_x_class
CodeBERT_partial_s2027,TFIDF_bpe_prefix,fixed_per_format_FPR_0.01,0.0024774020756611996,0.0024435888851690665,0.0006009373953799798,0.0042199531302309998,1000,independent_deployment_rule_held_fixed,conditional_sampling,format_x_class
CodeBERT_partial_s2027,TFIDF_bpe_prefix,fixed_per_format_TPR_0.05,0.038698971125124548,0.038718552937271826,0.034118818453368727,0.043679057417856042,1000,independent_deployment_rule_held_fixed,conditional_sampling,format_x_class
CodeBERT_partial_s2027,TFIDF_bpe_prefix,fixed_per_format_FPR_0.05,0.0044861064613324411,0.0044881821225309674,0.001270505523937062,0.0081017743555406724,1000,independent_deployment_rule_held_fixed,conditional_sampling,format_x_class
CodeBERT_partial_s2028,TFIDF_bpe_prefix,ROC_AUC,0.0062691821657540059,0.0062600284872015898,0.0051001021019172841,0.0073681205791530421,1000,none,conditional_sampling,format_x_class
CodeBERT_partial_s2028,TFIDF_bpe_prefix,AP,0.0063977172838044494,0.0064034788266071688,0.0048461821643602469,0.0079017368712270795,1000,none,conditional_sampling,format_x_class
CodeBERT_partial_s2028,TFIDF_bpe_prefix,Accuracy,0.013299999999999979,0.013351433333333331,0.01063250000000005,0.016267499999999983,1000,none,conditional_sampling,format_x_class
CodeBERT_partial_s2028,TFIDF_bpe_prefix,F1,0.013431170384230806,0.013485014506514278,0.010689706752482219,0.016514210132983025,1000,none,conditional_sampling,format_x_class
CodeBERT_partial_s2028,TFIDF_bpe_prefix,Brier,-4.7008982791731102e-05,-6.7183568175615413e-05,-0.002050641071398151,0.0017022428322485024,1000,none,conditional_sampling,format_x_class
CodeBERT_partial_s2028,TFIDF_bpe_prefix,LogLoss,0.08041444966926739,0.08036110573500202,0.070828125074881745,0.09043922562978414,1000,none,conditional_sampling,format_x_class
CodeBERT_partial_s2028,TFIDF_bpe_prefix,ECE,0.037071405740117649,0.036595990466791892,0.033322702914387749,0.040091374420918237,1000,none,conditional_sampling,format_x_class
CodeBERT_partial_s2028,TFIDF_bpe_prefix,oracle_pooled_TPR_0.001,0.012014603385330225,0.01853355459674743,-0.095799867241951553,0.13310321938267505,1000,oracle_reselected_in_each_resample,exploratory_extreme_tail,format_x_class
CodeBERT_partial_s2028,TFIDF_bpe_prefix,oracle_pooled_TPR_0.005,0.12067706604712913,0.12311556588118155,0.08846332558911385,0.16064055758380352,1000,oracle_reselected_in_each_resample,conditional_sampling,format_x_class
CodeBERT_partial_s2028,TFIDF_bpe_prefix,oracle_pooled_TPR_0.01,0.10262197145701957,0.10301042150680385,0.070295386657816206,0.13787753070029873,1000,oracle_reselected_in_each_resample,conditional_sampling,format_x_class
CodeBERT_partial_s2028,TFIDF_bpe_prefix,oracle_pooled_TPR_0.05,0.038300696979754356,0.039127978758712247,0.030268835048124828,0.048390308662462744,1000,oracle_reselected_in_each_resample,conditional_sampling,format_x_class
CodeBERT_partial_s2028,TFIDF_bpe_prefix,oracle_per_format_TPR_0.001,0.031596415532691657,0.029194556920013277,-0.093898108197809471,0.15420345170925986,1000,oracle_reselected_in_each_resample,exploratory_extreme_tail,format_x_class
CodeBERT_partial_s2028,TFIDF_bpe_prefix,oracle_per_format_TPR_0.005,0.073216063723863245,0.080014005974112165,0.038450049784268144,0.12493030202456024,1000,oracle_reselected_in_each_resample,conditional_sampling,format_x_class
CodeBERT_partial_s2028,TFIDF_bpe_prefix,oracle_per_format_TPR_0.01,0.077265184201792181,0.076160969133753725,0.050116163292399651,0.1019581812147361,1000,oracle_reselected_in_each_resample,conditional_sampling,format_x_class
CodeBERT_partial_s2028,TFIDF_bpe_prefix,oracle_per_format_TPR_0.05,0.038964487222037825,0.037605177563889813,0.028010288748755437,0.048063391968138025,1000,oracle_reselected_in_each_resample,conditional_sampling,format_x_class
CodeBERT_partial_s2028,TFIDF_bpe_prefix,fixed_pooled_TPR_0.001,0.10288748755393295,0.10287062728177895,0.095851310985728522,0.11032359774311318,1000,independent_deployment_rule_held_fixed,exploratory_extreme_tail,format_x_class
CodeBERT_partial_s2028,TFIDF_bpe_prefix,fixed_pooled_FPR_0.001,0.00033478406427854025,0.00033163709407432209,-0.00033478406427854025,0.00093739537997991292,1000,independent_deployment_rule_held_fixed,exploratory_extreme_tail,format_x_class
CodeBERT_partial_s2028,TFIDF_bpe_prefix,fixed_pooled_TPR_0.005,0.12538997676734154,0.12535718552937272,0.117414537006306,0.13335711915034842,1000,independent_deployment_rule_held_fixed,conditional_sampling,format_x_class
CodeBERT_partial_s2028,TFIDF_bpe_prefix,fixed_pooled_FPR_0.005,0.00020087043856712415,0.00019785738198861735,-0.0010713090056913297,0.001339136257114161,1000,independent_deployment_rule_held_fixed,conditional_sampling,format_x_class
CodeBERT_partial_s2028,TFIDF_bpe_prefix,fixed_pooled_TPR_0.01,0.10687022900763354,0.10683126452041157,0.099566876866910015,0.1134517092598739,1000,independent_deployment_rule_held_fixed,conditional_sampling,format_x_class
CodeBERT_partial_s2028,TFIDF_bpe_prefix,fixed_pooled_FPR_0.01,0.00046869768998995635,0.00047458988952125893,-0.0014730498828255788,0.0022782055574154664,1000,independent_deployment_rule_held_fixed,conditional_sampling,format_x_class
CodeBERT_partial_s2028,TFIDF_bpe_prefix,fixed_pooled_TPR_0.05,0.04513773647527386,0.045252439429140388,0.040623962827746385,0.050184201792233707,1000,independent_deployment_rule_held_fixed,conditional_sampling,format_x_class
CodeBERT_partial_s2028,TFIDF_bpe_prefix,fixed_pooled_FPR_0.05,0.0015400066956812869,0.0015286240374958156,-0.002008704385671245,0.0049548041513223923,1000,independent_deployment_rule_held_fixed,conditional_sampling,format_x_class
CodeBERT_partial_s2028,TFIDF_bpe_prefix,fixed_per_format_TPR_0.001,0.10182542316627946,0.10175539329571855,0.094789246598075028,0.10853302356455363,1000,independent_deployment_rule_held_fixed,exploratory_extreme_tail,format_x_class
CodeBERT_partial_s2028,TFIDF_bpe_prefix,fixed_per_format_FPR_0.001,0.00046869768998995657,0.00046628724472715089,-0.00020087043856712415,0.0011382658185470371,1000,independent_deployment_rule_held_fixed,exploratory_extreme_tail,format_x_class
CodeBERT_partial_s2028,TFIDF_bpe_prefix,fixed_per_format_TPR_0.005,0.10773315632260205,0.10773308994357782,0.10029538665781612,0.1153070029870561,1000,independent_deployment_rule_held_fixed,conditional_sampling,format_x_class
CodeBERT_partial_s2028,TFIDF_bpe_prefix,fixed_per_format_FPR_0.005,0.0002678272514228322,0.0002636759290257784,-0.0010043521928356216,0.0014077669902912611,1000,independent_deployment_rule_held_fixed,conditional_sampling,format_x_class
CodeBERT_partial_s2028,TFIDF_bpe_prefix,fixed_per_format_TPR_0.01,0.10813143046797213,0.10814198473282442,0.10062396282774644,0.11543312313308995,1000,independent_deployment_rule_held_fixed,conditional_sampling,format_x_class
CodeBERT_partial_s2028,TFIDF_bpe_prefix,fixed_per_format_FPR_0.01,0.0024774020756611996,0.0024591228657515913,0.0007348510210913959,0.0042182792099096089,1000,independent_deployment_rule_held_fixed,conditional_sampling,format_x_class
CodeBERT_partial_s2028,TFIDF_bpe_prefix,fixed_per_format_TPR_0.05,0.037238632592100918,0.037327580484566879,0.032721539993362136,0.042019581812147377,1000,independent_deployment_rule_held_fixed,conditional_sampling,format_x_class
CodeBERT_partial_s2028,TFIDF_bpe_prefix,fixed_per_format_FPR_0.05,0.00046869768998995809,0.00047619685302979575,-0.0028824907934382332,0.0038851690659524613,1000,independent_deployment_rule_held_fixed,conditional_sampling,format_x_class
CodeBERT_unfrozen_s2026,TFIDF_bpe_prefix,ROC_AUC,0.0037082118542002274,0.0037109791683866042,0.0025543827434092977,0.0047575028908876269,1000,none,conditional_sampling,format_x_class
CodeBERT_unfrozen_s2026,TFIDF_bpe_prefix,AP,0.0035082837344373452,0.0035184574694988131,0.0022031896713858856,0.0047723757102528849,1000,none,conditional_sampling,format_x_class
CodeBERT_unfrozen_s2026,TFIDF_bpe_prefix,Accuracy,0.00059999999999993392,0.00055699999999999912,-0.0024666666666666196,0.0036025000000000449,1000,none,conditional_sampling,format_x_class
CodeBERT_unfrozen_s2026,TFIDF_bpe_prefix,F1,-0.00065369821723115784,-0.00070359390925234407,-0.0037697009030097481,0.0025334360050439926,1000,none,conditional_sampling,format_x_class
CodeBERT_unfrozen_s2026,TFIDF_bpe_prefix,Brier,0.0078003160936618299,0.0078354216561574343,0.0057645477736407939,0.0098238021444135674,1000,none,conditional_sampling,format_x_class
CodeBERT_unfrozen_s2026,TFIDF_bpe_prefix,LogLoss,0.057417291789215202,0.05744181774005426,0.049280253396808409,0.065032638715296076,1000,none,conditional_sampling,format_x_class
CodeBERT_unfrozen_s2026,TFIDF_bpe_prefix,ECE,0.039902068767417094,0.039443293956043554,0.035665110866398578,0.04303348778991499,1000,none,conditional_sampling,format_x_class
CodeBERT_unfrozen_s2026,TFIDF_bpe_prefix,oracle_pooled_TPR_0.001,-0.01619648191171591,0.0031174908728841678,-0.085635579156986441,0.090199137072684954,1000,oracle_reselected_in_each_resample,exploratory_extreme_tail,format_x_class
CodeBERT_unfrozen_s2026,TFIDF_bpe_prefix,oracle_pooled_TPR_0.005,0.05516096913375379,0.06217278460006638,0.025222369731164981,0.10401924991702627,1000,oracle_reselected_in_each_resample,conditional_sampling,format_x_class
CodeBERT_unfrozen_s2026,TFIDF_bpe_prefix,oracle_pooled_TPR_0.01,0.044341188184533697,0.044214072353136416,0.014470627281778947,0.076870229007633628,1000,oracle_reselected_in_each_resample,conditional_sampling,format_x_class
CodeBERT_unfrozen_s2026,TFIDF_bpe_prefix,oracle_pooled_TPR_0.05,0.018851642880849617,0.018334019249917028,0.0088914702953866165,0.028277464321274426,1000,oracle_reselected_in_each_resample,conditional_sampling,format_x_class
CodeBERT_unfrozen_s2026,TFIDF_bpe_prefix,oracle_per_format_TPR_0.001,0.079455692001327571,0.046069697975439763,-0.034125456355791561,0.13640557583803511,1000,oracle_reselected_in_each_resample,exploratory_extreme_tail,format_x_class
CodeBERT_unfrozen_s2026,TFIDF_bpe_prefix,oracle_per_format_TPR_0.005,0.0095585794888815023,0.011905210753401927,-0.03259210089611686,0.05838698971125119,1000,oracle_reselected_in_each_resample,conditional_sampling,format_x_class
CodeBERT_unfrozen_s2026,TFIDF_bpe_prefix,oracle_per_format_TPR_0.01,0.019980086292731514,0.01895911052107534,-0.011354132094258285,0.045406571523398553,1000,oracle_reselected_in_each_resample,conditional_sampling,format_x_class
CodeBERT_unfrozen_s2026,TFIDF_bpe_prefix,oracle_per_format_TPR_0.05,0.016461998008629353,0.016992897444407566,0.0073664122137404586,0.026556588118154641,1000,oracle_reselected_in_each_resample,conditional_sampling,format_x_class
CodeBERT_unfrozen_s2026,TFIDF_bpe_prefix,fixed_pooled_TPR_0.001,0.14198473282442747,0.14192353136408895,0.134749419183538,0.1491536674410886,1000,independent_deployment_rule_held_fixed,exploratory_extreme_tail,format_x_class
CodeBERT_unfrozen_s2026,TFIDF_bpe_prefix,fixed_pooled_FPR_0.001,0.00093739537997991292,0.00093170405088717771,0.0002678272514228322,0.0016069635085369934,1000,independent_deployment_rule_held_fixed,exploratory_extreme_tail,format_x_class
CodeBERT_unfrozen_s2026,TFIDF_bpe_prefix,fixed_pooled_TPR_0.005,0.093727182210421534,0.093620909392631929,0.086091934948556159,0.10142880849651503,1000,independent_deployment_rule_held_fixed,conditional_sampling,format_x_class
CodeBERT_unfrozen_s2026,TFIDF_bpe_prefix,fixed_pooled_FPR_0.005,0.0013391362571141619,0.0013112152661533315,-0.0001339136257114161,0.0026113157013726148,1000,independent_deployment_rule_held_fixed,conditional_sampling,format_x_class
CodeBERT_unfrozen_s2026,TFIDF_bpe_prefix,fixed_pooled_TPR_0.01,0.051642880849651518,0.0515538665781613,0.044538665781612918,0.058884832392963819,1000,independent_deployment_rule_held_fixed,conditional_sampling,format_x_class
CodeBERT_unfrozen_s2026,TFIDF_bpe_prefix,fixed_pooled_FPR_0.01,0.00080348175426849661,0.00075882156009373963,-0.0010729829260127232,0.0025443588885169077,1000,independent_deployment_rule_held_fixed,conditional_sampling,format_x_class
CodeBERT_unfrozen_s2026,TFIDF_bpe_prefix,fixed_pooled_TPR_0.05,0.019316296050448045,0.019294988383670761,0.014470627281778947,0.024495519415864586,1000,independent_deployment_rule_held_fixed,conditional_sampling,format_x_class
CodeBERT_unfrozen_s2026,TFIDF_bpe_prefix,fixed_pooled_FPR_0.05,0.00093739537997990924,0.00091630398393036507,-0.002412119183126889,0.0042182792099096089,1000,independent_deployment_rule_held_fixed,conditional_sampling,format_x_class
CodeBERT_unfrozen_s2026,TFIDF_bpe_prefix,fixed_per_format_TPR_0.001,0.11649518752074345,0.11645323597743114,0.10912545635579157,0.12353136408894788,1000,independent_deployment_rule_held_fixed,exploratory_extreme_tail,format_x_class
CodeBERT_unfrozen_s2026,TFIDF_bpe_prefix,fixed_per_format_FPR_0.001,0.00093739537997991292,0.00091971878138600595,0.0002678272514228322,0.0016069635085369936,1000,independent_deployment_rule_held_fixed,exploratory_extreme_tail,format_x_class
CodeBERT_unfrozen_s2026,TFIDF_bpe_prefix,fixed_per_format_TPR_0.005,0.070029870560902707,0.069916827082641894,0.062192167275141097,0.077532359774311277,1000,independent_deployment_rule_held_fixed,conditional_sampling,format_x_class
CodeBERT_unfrozen_s2026,TFIDF_bpe_prefix,fixed_per_format_FPR_0.005,0.00087043856712420552,0.00083789755607633102,-0.00053732842316705782,0.0020756611985269504,1000,independent_deployment_rule_held_fixed,conditional_sampling,format_x_class
CodeBERT_unfrozen_s2026,TFIDF_bpe_prefix,fixed_per_format_TPR_0.01,0.051310985728509784,0.051286292731496853,0.04407567208762031,0.059143710587454268,1000,independent_deployment_rule_held_fixed,conditional_sampling,format_x_class
CodeBERT_unfrozen_s2026,TFIDF_bpe_prefix,fixed_per_format_FPR_0.01,0.0028791429527954479,0.0028138600602611325,0.0010713090056913288,0.0044861064613324411,1000,independent_deployment_rule_held_fixed,conditional_sampling,format_x_class
CodeBERT_unfrozen_s2026,TFIDF_bpe_prefix,fixed_per_format_TPR_0.05,0.020245602389644901,0.02023889810819781,0.015663790242283374,0.025356787255227387,1000,independent_deployment_rule_held_fixed,conditional_sampling,format_x_class
CodeBERT_unfrozen_s2026,TFIDF_bpe_prefix,fixed_per_format_FPR_0.05,0.0028121861399397416,0.0027804486106461335,-0.00053732842316705695,0.0061617007030465385,1000,independent_deployment_rule_held_fixed,conditional_sampling,format_x_class
CodeBERT_unfrozen_s2027,TFIDF_bpe_prefix,ROC_AUC,0.0026376317510850011,0.002629541914731524,0.0014141836663377843,0.0038297993040090684,1000,none,conditional_sampling,format_x_class
CodeBERT_unfrozen_s2027,TFIDF_bpe_prefix,AP,0.0028273665470179843,0.0028315479391785559,0.00138176052629726,0.0041303675936134815,1000,none,conditional_sampling,format_x_class
CodeBERT_unfrozen_s2027,TFIDF_bpe_prefix,Accuracy,-0.00073333333333336359,-0.00074773333333333434,-0.0036999999999999282,0.0024666666666666196,1000,none,conditional_sampling,format_x_class
CodeBERT_unfrozen_s2027,TFIDF_bpe_prefix,F1,-0.0019914199506835262,-0.0020057837124585081,-0.0050555775678096824,0.001339457366768068,1000,none,conditional_sampling,format_x_class
CodeBERT_unfrozen_s2027,TFIDF_bpe_prefix,Brier,0.0141933456897122,0.014225116797629762,0.011937377677482874,0.016510325692669008,1000,none,conditional_sampling,format_x_class
CodeBERT_unfrozen_s2027,TFIDF_bpe_prefix,LogLoss,0.14716019272537581,0.14724093073358194,0.13564040854826703,0.1584417713696972,1000,none,conditional_sampling,format_x_class
CodeBERT_unfrozen_s2027,TFIDF_bpe_prefix,ECE,0.051751499296293454,0.051255836465537066,0.047675059365074698,0.054940628628104199,1000,none,conditional_sampling,format_x_class
CodeBERT_unfrozen_s2027,TFIDF_bpe_prefix,oracle_pooled_TPR_0.001,0.040159309658148012,0.047491802190507797,-0.07123796880185862,0.13979588450049785,1000,oracle_reselected_in_each_resample,exploratory_extreme_tail,format_x_class
CodeBERT_unfrozen_s2027,TFIDF_bpe_prefix,oracle_pooled_TPR_0.005,0.050248921340856345,0.051055160969133755,0.012743113176236331,0.091561566544971801,1000,oracle_reselected_in_each_resample,conditional_sampling,format_x_class
CodeBERT_unfrozen_s2027,TFIDF_bpe_prefix,oracle_pooled_TPR_0.01,0.055293727182210373,0.056920544307998665,0.023162960504480523,0.090879522071025565,1000,oracle_reselected_in_each_resample,conditional_sampling,format_x_class
CodeBERT_unfrozen_s2027,TFIDF_bpe_prefix,oracle_pooled_TPR_0.05,0.013010288748755316,0.011891536674410884,0.00052605376700964629,0.022305011616329251,1000,oracle_reselected_in_each_resample,conditional_sampling,format_x_class
CodeBERT_unfrozen_s2027,TFIDF_bpe_prefix,oracle_per_format_TPR_0.001,0.1068702290076336,0.074478128111516773,-0.031359110521075317,0.17797709923664121,1000,oracle_reselected_in_each_resample,exploratory_extreme_tail,format_x_class
CodeBERT_unfrozen_s2027,TFIDF_bpe_prefix,oracle_per_format_TPR_0.005,0.017723199468967832,0.022637371390640561,-0.02190673747095917,0.070894457351476925,1000,oracle_reselected_in_each_resample,conditional_sampling,format_x_class
CodeBERT_unfrozen_s2027,TFIDF_bpe_prefix,oracle_per_format_TPR_0.01,0.034118818453368727,0.033369465648854971,0.0058347162296714661,0.059281447062728192,1000,oracle_reselected_in_each_resample,conditional_sampling,format_x_class
CodeBERT_unfrozen_s2027,TFIDF_bpe_prefix,oracle_per_format_TPR_0.05,0.019117158977763116,0.017147759707932295,0.0045121141719216551,0.028078327248589389,1000,oracle_reselected_in_each_resample,conditional_sampling,format_x_class
CodeBERT_unfrozen_s2027,TFIDF_bpe_prefix,fixed_pooled_TPR_0.001,0.13455028211085296,0.13466405575838036,0.12717889147029537,0.14211749087288417,1000,independent_deployment_rule_held_fixed,exploratory_extreme_tail,format_x_class
CodeBERT_unfrozen_s2027,TFIDF_bpe_prefix,fixed_pooled_FPR_0.001,0.00060261131570137267,0.00060234348844994963,-6.6956812855708051e-05,0.0012721794442584534,1000,independent_deployment_rule_held_fixed,exploratory_extreme_tail,format_x_class
CodeBERT_unfrozen_s2027,TFIDF_bpe_prefix,fixed_pooled_TPR_0.005,0.091271158313972811,0.091245137736475274,0.083035180882841009,0.099505476269498794,1000,independent_deployment_rule_held_fixed,conditional_sampling,format_x_class
CodeBERT_unfrozen_s2027,TFIDF_bpe_prefix,fixed_pooled_FPR_0.005,0.0016739203213927021,0.0016573150318044863,0.0002678272514228322,0.0029460997656511551,1000,independent_deployment_rule_held_fixed,conditional_sampling,format_x_class
CodeBERT_unfrozen_s2027,TFIDF_bpe_prefix,fixed_pooled_TPR_0.01,0.048058413541320899,0.047983338864918686,0.040819780949220008,0.054965151012280167,1000,independent_deployment_rule_held_fixed,conditional_sampling,format_x_class
CodeBERT_unfrozen_s2027,TFIDF_bpe_prefix,fixed_pooled_FPR_0.01,-0.0004017408771342483,-0.00041118178774690345,-0.0022765316370940755,0.0014060930699698708,1000,independent_deployment_rule_held_fixed,conditional_sampling,format_x_class
CodeBERT_unfrozen_s2027,TFIDF_bpe_prefix,fixed_pooled_TPR_0.05,0.016262860935944201,0.016299634915366741,0.011150016594756011,0.021641221374045783,1000,independent_deployment_rule_held_fixed,conditional_sampling,format_x_class
CodeBERT_unfrozen_s2027,TFIDF_bpe_prefix,fixed_pooled_FPR_0.05,0.0027452293270840283,0.0027629728824907938,-0.00040508871777703687,0.0059591563441580148,1000,independent_deployment_rule_held_fixed,conditional_sampling,format_x_class
CodeBERT_unfrozen_s2027,TFIDF_bpe_prefix,fixed_per_format_TPR_0.001,0.13972784600066379,0.13977603717225356,0.13215565881181546,0.1471042150680385,1000,independent_deployment_rule_held_fixed,exploratory_extreme_tail,format_x_class
CodeBERT_unfrozen_s2027,TFIDF_bpe_prefix,fixed_per_format_FPR_0.001,0.00080348175426849682,0.00080642785403414784,6.6956812855708051e-05,0.0015400066956812856,1000,independent_deployment_rule_held_fixed,exploratory_extreme_tail,format_x_class
CodeBERT_unfrozen_s2027,TFIDF_bpe_prefix,fixed_per_format_TPR_0.005,0.079455692001327516,0.079429870560902754,0.071755725190839725,0.08729007633587782,1000,independent_deployment_rule_held_fixed,conditional_sampling,format_x_class
CodeBERT_unfrozen_s2027,TFIDF_bpe_prefix,fixed_per_format_FPR_0.005,0.001473049882825578,0.0014562437227987951,0.0001339136257114161,0.0027452293270840309,1000,independent_deployment_rule_held_fixed,conditional_sampling,format_x_class
CodeBERT_unfrozen_s2027,TFIDF_bpe_prefix,fixed_per_format_TPR_0.01,0.053700630600730159,0.053688549618320612,0.046330899435778283,0.061068702290076327,1000,independent_deployment_rule_held_fixed,conditional_sampling,format_x_class
CodeBERT_unfrozen_s2027,TFIDF_bpe_prefix,fixed_per_format_FPR_0.01,0.0017408771342484093,0.0017008369601606967,0,0.0034164713759625037,1000,independent_deployment_rule_held_fixed,conditional_sampling,format_x_class
CodeBERT_unfrozen_s2027,TFIDF_bpe_prefix,fixed_per_format_TPR_0.05,0.020710255559243329,0.020697776302688355,0.0159940258878194,0.02582309990043152,1000,independent_deployment_rule_held_fixed,conditional_sampling,format_x_class
CodeBERT_unfrozen_s2027,TFIDF_bpe_prefix,fixed_per_format_FPR_0.05,0.0022095748242383709,0.0022357549380649486,-0.0011399397388684278,0.0055574154670237699,1000,independent_deployment_rule_held_fixed,conditional_sampling,format_x_class
CodeBERT_unfrozen_s2028,TFIDF_bpe_prefix,ROC_AUC,0.004974473409556146,0.004973343475005252,0.0038499267930697883,0.006048663524903841,1000,none,conditional_sampling,format_x_class
CodeBERT_unfrozen_s2028,TFIDF_bpe_prefix,AP,0.0053480598538466761,0.0053541989789307682,0.0039841449011201041,0.0065685291406920449,1000,none,conditional_sampling,format_x_class
CodeBERT_unfrozen_s2028,TFIDF_bpe_prefix,Accuracy,0.0067999999999999172,0.0068420999999999977,0.0040324999999999996,0.0096008333333333848,1000,none,conditional_sampling,format_x_class
CodeBERT_unfrozen_s2028,TFIDF_bpe_prefix,F1,0.0063281639582323246,0.0063695151214374036,0.0034253998630206202,0.0092330609755625816,1000,none,conditional_sampling,format_x_class
CodeBERT_unfrozen_s2028,TFIDF_bpe_prefix,Brier,0.0042996029355148527,0.004283746615106946,0.0023643278887739267,0.0062992098610073696,1000,none,conditional_sampling,format_x_class
CodeBERT_unfrozen_s2028,TFIDF_bpe_prefix,LogLoss,0.072351166066601719,0.072275932145160204,0.063744291259315619,0.080943203531669242,1000,none,conditional_sampling,format_x_class
CodeBERT_unfrozen_s2028,TFIDF_bpe_prefix,ECE,0.039413662316103257,0.038951458291235315,0.035516681856302038,0.042457558418124361,1000,none,conditional_sampling,format_x_class
CodeBERT_unfrozen_s2028,TFIDF_bpe_prefix,oracle_pooled_TPR_0.001,0.06372386325921009,0.073728642548954532,-0.0083737139064056134,0.15964653169598403,1000,oracle_reselected_in_each_resample,exploratory_extreme_tail,format_x_class
CodeBERT_unfrozen_s2028,TFIDF_bpe_prefix,oracle_pooled_TPR_0.005,0.073348821772319939,0.081616130102887499,0.045189180219050828,0.12233986060404911,1000,oracle_reselected_in_each_resample,conditional_sampling,format_x_class
CodeBERT_unfrozen_s2028,TFIDF_bpe_prefix,oracle_pooled_TPR_0.01,0.075672087620311967,0.077302821108529707,0.046395618984400921,0.11166279455691995,1000,oracle_reselected_in_each_resample,conditional_sampling,format_x_class
CodeBERT_unfrozen_s2028,TFIDF_bpe_prefix,oracle_pooled_TPR_0.05,0.028874875539329548,0.026900497842681715,0.017057749751078655,0.036578161301028866,1000,oracle_reselected_in_each_resample,conditional_sampling,format_x_class
CodeBERT_unfrozen_s2028,TFIDF_bpe_prefix,oracle_per_format_TPR_0.001,0.11297709923664123,0.093868304015930965,0.00086126783936274498,0.1933853302356455,1000,oracle_reselected_in_each_resample,exploratory_extreme_tail,format_x_class
CodeBERT_unfrozen_s2028,TFIDF_bpe_prefix,oracle_per_format_TPR_0.005,0.043146365748423454,0.047810886159973448,0.0090540989047460715,0.087241951543312254,1000,oracle_reselected_in_each_resample,conditional_sampling,format_x_class
CodeBERT_unfrozen_s2028,TFIDF_bpe_prefix,oracle_per_format_TPR_0.01,0.054165283770328587,0.05213713906405576,0.021890142714902083,0.081455360106206354,1000,oracle_reselected_in_each_resample,conditional_sampling,format_x_class
CodeBERT_unfrozen_s2028,TFIDF_bpe_prefix,oracle_per_format_TPR_0.05,0.023697311649518826,0.023215001659475605,0.013924659807500798,0.032726518420179256,1000,oracle_reselected_in_each_resample,conditional_sampling,format_x_class
CodeBERT_unfrozen_s2028,TFIDF_bpe_prefix,fixed_pooled_TPR_0.001,0.13780285429804184,0.13773249253235981,0.1305642217059409,0.14497344839030868,1000,independent_deployment_rule_held_fixed,exploratory_extreme_tail,format_x_class
CodeBERT_unfrozen_s2028,TFIDF_bpe_prefix,fixed_pooled_FPR_0.001,0.0002678272514228322,0.00027204553063274185,-0.0002678272514228322,0.00080348175426849693,1000,independent_deployment_rule_held_fixed,exploratory_extreme_tail,format_x_class
CodeBERT_unfrozen_s2028,TFIDF_bpe_prefix,fixed_pooled_TPR_0.005,0.11310985728509793,0.11307759707932293,0.10567540657152341,0.12101228011948217,1000,independent_deployment_rule_held_fixed,conditional_sampling,format_x_class
CodeBERT_unfrozen_s2028,TFIDF_bpe_prefix,fixed_pooled_FPR_0.005,0.0011382658185470377,0.0011078674255105461,-0.00026950117174422567,0.0024104452628054907,1000,independent_deployment_rule_held_fixed,conditional_sampling,format_x_class
CodeBERT_unfrozen_s2028,TFIDF_bpe_prefix,fixed_pooled_TPR_0.01,0.074941918353800263,0.074938732160637248,0.067970461334218357,0.08204779289744446,1000,independent_deployment_rule_held_fixed,conditional_sampling,format_x_class
CodeBERT_unfrozen_s2028,TFIDF_bpe_prefix,fixed_pooled_FPR_0.01,-0.00020087043856712415,-0.00020716437897556089,-0.0020756611985269513,0.0016755942417140941,1000,independent_deployment_rule_held_fixed,conditional_sampling,format_x_class
CodeBERT_unfrozen_s2028,TFIDF_bpe_prefix,fixed_pooled_TPR_0.05,0.029538665781613016,0.029602323265847989,0.024626617988715571,0.034784268171257904,1000,independent_deployment_rule_held_fixed,conditional_sampling,format_x_class
CodeBERT_unfrozen_s2028,TFIDF_bpe_prefix,fixed_pooled_FPR_0.05,0.0012721794442584547,0.0012340810177435557,-0.0021442919317040568,0.0046869768998995601,1000,independent_deployment_rule_held_fixed,conditional_sampling,format_x_class
CodeBERT_unfrozen_s2028,TFIDF_bpe_prefix,fixed_per_format_TPR_0.001,0.12870892797875871,0.12863856621307668,0.12114005974112185,0.13548124792565547,1000,independent_deployment_rule_held_fixed,exploratory_extreme_tail,format_x_class
CodeBERT_unfrozen_s2028,TFIDF_bpe_prefix,fixed_per_format_FPR_0.001,0.00087043856712420487,0.00086782725142283226,0.00020087043856712437,0.0015400066956812856,1000,independent_deployment_rule_held_fixed,exploratory_extreme_tail,format_x_class
CodeBERT_unfrozen_s2028,TFIDF_bpe_prefix,fixed_per_format_TPR_0.005,0.095718552937271828,0.095775705277132431,0.08841354132094259,0.10321938267507469,1000,independent_deployment_rule_held_fixed,conditional_sampling,format_x_class
CodeBERT_unfrozen_s2028,TFIDF_bpe_prefix,fixed_per_format_FPR_0.005,0.0016069635085369941,0.0015868764646802815,0.0001339136257114161,0.0030130565785068631,1000,independent_deployment_rule_held_fixed,conditional_sampling,format_x_class
CodeBERT_unfrozen_s2028,TFIDF_bpe_prefix,fixed_per_format_TPR_0.01,0.076601393959508823,0.076585861267839367,0.069626617988715611,0.08396946564885488,1000,independent_deployment_rule_held_fixed,conditional_sampling,format_x_class
CodeBERT_unfrozen_s2028,TFIDF_bpe_prefix,fixed_per_format_FPR_0.01,0.0016739203213927013,0.001628523602276532,-0.0001339136257114161,0.0033478406427854025,1000,independent_deployment_rule_held_fixed,conditional_sampling,format_x_class
CodeBERT_unfrozen_s2028,TFIDF_bpe_prefix,fixed_per_format_TPR_0.05,0.027680053103219415,0.027730700298705613,0.022965482907401302,0.032925655492864192,1000,independent_deployment_rule_held_fixed,conditional_sampling,format_x_class
CodeBERT_unfrozen_s2028,TFIDF_bpe_prefix,fixed_per_format_FPR_0.05,0.0012052226314027484,0.0011508536993639104,-0.0025443588885169094,0.0044208235687981257,1000,independent_deployment_rule_held_fixed,conditional_sampling,format_x_class
CodeBERT_unfrozen_s2026,CodeBERT_partial_s2026,ROC_AUC,-0.0037324278644788045,-0.0037246195511893587,-0.0045419783438155475,-0.0029442638978442264,1000,none,conditional_sampling,format_x_class
CodeBERT_unfrozen_s2026,CodeBERT_partial_s2026,AP,-0.0043650183126292541,-0.0043598391064612659,-0.0052895753349613108,-0.0034143597913915361,1000,none,conditional_sampling,format_x_class
CodeBERT_unfrozen_s2026,CodeBERT_partial_s2026,Accuracy,-0.015133333333333332,-0.015211133333333333,-0.017666666666666612,-0.012765833333333263,1000,none,conditional_sampling,format_x_class
CodeBERT_unfrozen_s2026,CodeBERT_partial_s2026,F1,-0.016655688673873903,-0.016741516665205396,-0.019283365196336465,-0.014117506034179272,1000,none,conditional_sampling,format_x_class
CodeBERT_unfrozen_s2026,CodeBERT_partial_s2026,Brier,0.0095638270410784432,0.0096053069552064253,0.0075735622345791441,0.011667248388436014,1000,none,conditional_sampling,format_x_class
CodeBERT_unfrozen_s2026,CodeBERT_partial_s2026,LogLoss,-0.0023081350028654746,-0.0022611299502494089,-0.010856149153940602,0.0060313944302771922,1000,none,conditional_sampling,format_x_class
CodeBERT_unfrozen_s2026,CodeBERT_partial_s2026,ECE,0.0051315789976649137,0.0050570432498754196,0.0026466768857737735,0.0076310845206538792,1000,none,conditional_sampling,format_x_class
CodeBERT_unfrozen_s2026,CodeBERT_partial_s2026,oracle_pooled_TPR_0.001,-0.070029870560902763,-0.051895784931961501,-0.15132426153335543,0.037912379688018576,1000,oracle_reselected_in_each_resample,exploratory_extreme_tail,format_x_class
CodeBERT_unfrozen_s2026,CodeBERT_partial_s2026,oracle_pooled_TPR_0.005,-0.067640225688682332,-0.067250713574510457,-0.09665117822767999,-0.038230999004314592,1000,oracle_reselected_in_each_resample,conditional_sampling,format_x_class
CodeBERT_unfrozen_s2026,CodeBERT_partial_s2026,oracle_pooled_TPR_0.01,-0.084633255891138348,-0.085566013939595079,-0.10727348157982075,-0.064717889147029584,1000,oracle_reselected_in_each_resample,conditional_sampling,format_x_class
CodeBERT_unfrozen_s2026,CodeBERT_partial_s2026,oracle_pooled_TPR_0.05,-0.027547295054762722,-0.026447527381347497,-0.034784268171257904,-0.017588781944905429,1000,oracle_reselected_in_each_resample,conditional_sampling,format_x_class
CodeBERT_unfrozen_s2026,CodeBERT_partial_s2026,oracle_per_format_TPR_0.001,0.0098240955857948897,-0.010321407235313641,-0.097655160969133736,0.062202124128775287,1000,oracle_reselected_in_each_resample,exploratory_extreme_tail,format_x_class
CodeBERT_unfrozen_s2026,CodeBERT_partial_s2026,oracle_per_format_TPR_0.005,-0.079190175904414239,-0.083063060073016934,-0.12181712578825099,-0.044990043146365802,1000,oracle_reselected_in_each_resample,conditional_sampling,format_x_class
CodeBERT_unfrozen_s2026,CodeBERT_partial_s2026,oracle_per_format_TPR_0.01,-0.091337537338201158,-0.088969465648854953,-0.11384002655160963,-0.064311317623630973,1000,oracle_reselected_in_each_resample,conditional_sampling,format_x_class
CodeBERT_unfrozen_s2026,CodeBERT_partial_s2026,oracle_per_format_TPR_0.05,-0.02316627945569194,-0.023039761035512776,-0.03133089943577827,-0.014402588781944893,1000,oracle_reselected_in_each_resample,conditional_sampling,format_x_class
CodeBERT_unfrozen_s2026,CodeBERT_partial_s2026,fixed_pooled_TPR_0.001,0.012943909724527025,0.012841420511118487,0.0052422834384334704,0.020048124792565566,1000,independent_deployment_rule_held_fixed,exploratory_extreme_tail,format_x_class
CodeBERT_unfrozen_s2026,CodeBERT_partial_s2026,fixed_pooled_FPR_0.001,0.00053565450284566462,0.00052996317375292919,-6.6956812855708051e-05,0.0011382658185470371,1000,independent_deployment_rule_held_fixed,exploratory_extreme_tail,format_x_class
CodeBERT_unfrozen_s2026,CodeBERT_partial_s2026,fixed_pooled_TPR_0.005,-0.052173913043478293,-0.052294191835380019,-0.059278128111516781,-0.045597411218055058,1000,independent_deployment_rule_held_fixed,conditional_sampling,format_x_class
CodeBERT_unfrozen_s2026,CodeBERT_partial_s2026,fixed_pooled_FPR_0.005,0.00066956812855708137,0.00063307666555072,-0.00053565450284566527,0.0018078339471041174,1000,independent_deployment_rule_held_fixed,conditional_sampling,format_x_class
CodeBERT_unfrozen_s2026,CodeBERT_partial_s2026,fixed_pooled_TPR_0.01,-0.068702290076335881,-0.068803318951211417,-0.075144374377696721,-0.062130766677729876,1000,independent_deployment_rule_held_fixed,conditional_sampling,format_x_class
CodeBERT_unfrozen_s2026,CodeBERT_partial_s2026,fixed_pooled_FPR_0.01,0.0015400066956812869,0.0014778038165383334,-0.0002678272514228322,0.003148644124539671,1000,independent_deployment_rule_held_fixed,conditional_sampling,format_x_class
CodeBERT_unfrozen_s2026,CodeBERT_partial_s2026,fixed_pooled_TPR_0.05,-0.028343843345502884,-0.028482509127115831,-0.032464321274477292,-0.024427480916030638,1000,independent_deployment_rule_held_fixed,conditional_sampling,format_x_class
CodeBERT_unfrozen_s2026,CodeBERT_partial_s2026,fixed_pooled_FPR_0.05,0.00060261131570137072,0.00062450619350518924,-0.0022765316370940702,0.0036156678942082313,1000,independent_deployment_rule_held_fixed,conditional_sampling,format_x_class
CodeBERT_unfrozen_s2026,CodeBERT_partial_s2026,fixed_per_format_TPR_0.001,0.012147361433786918,0.012068104878858279,0.0052439429140391791,0.018984400929306311,1000,independent_deployment_rule_held_fixed,exploratory_extreme_tail,format_x_class
CodeBERT_unfrozen_s2026,CodeBERT_partial_s2026,fixed_per_format_FPR_0.001,0.00060261131570137267,0.00059089387345162363,6.6956812855708051e-05,0.0011382658185470371,1000,independent_deployment_rule_held_fixed,exploratory_extreme_tail,format_x_class
CodeBERT_unfrozen_s2026,CodeBERT_partial_s2026,fixed_per_format_TPR_0.005,-0.059210089611682726,-0.059361035512777965,-0.066183206106870229,-0.052172253567872473,1000,independent_deployment_rule_held_fixed,conditional_sampling,format_x_class
CodeBERT_unfrozen_s2026,CodeBERT_partial_s2026,fixed_per_format_FPR_0.005,0.0002678272514228322,0.0002455306327418815,-0.0010043521928356216,0.0014060930699698699,1000,independent_deployment_rule_held_fixed,conditional_sampling,format_x_class
CodeBERT_unfrozen_s2026,CodeBERT_partial_s2026,fixed_per_format_TPR_0.01,-0.082309990043146319,-0.08240803186193163,-0.088219382675074676,-0.076334218386989616,1000,independent_deployment_rule_held_fixed,conditional_sampling,format_x_class
CodeBERT_unfrozen_s2026,CodeBERT_partial_s2026,fixed_per_format_FPR_0.01,0.00060261131570137245,0.00054844325410110509,-0.0011399397388684313,0.0022095748242383674,1000,independent_deployment_rule_held_fixed,conditional_sampling,format_x_class
CodeBERT_unfrozen_s2026,CodeBERT_partial_s2026,fixed_per_format_TPR_0.05,-0.022436110189180236,-0.022459940258878198,-0.026289412545635549,-0.018652505808164684,1000,independent_deployment_rule_held_fixed,conditional_sampling,format_x_class
CodeBERT_unfrozen_s2026,CodeBERT_partial_s2026,fixed_per_format_FPR_0.05,0.0016069635085369932,0.0015825242718446601,-0.001339136257114161,0.0044861064613324411,1000,independent_deployment_rule_held_fixed,conditional_sampling,format_x_class
CodeBERT_unfrozen_s2027,CodeBERT_partial_s2027,ROC_AUC,-0.003860096928486656,-0.0038665264647747117,-0.0048497941794683665,-0.0029264750638093753,1000,none,conditional_sampling,format_x_class
CodeBERT_unfrozen_s2027,CodeBERT_partial_s2027,AP,-0.0038156350531031169,-0.0038143108589555395,-0.0049596983814873818,-0.0026892976356190537,1000,none,conditional_sampling,format_x_class
CodeBERT_unfrozen_s2027,CodeBERT_partial_s2027,Accuracy,-0.015033333333333343,-0.015080933333333334,-0.017466666666666634,-0.012400000000000074,1000,none,conditional_sampling,format_x_class
CodeBERT_unfrozen_s2027,CodeBERT_partial_s2027,F1,-0.016807177948298335,-0.016856698411414961,-0.019353220344099673,-0.014131956010627125,1000,none,conditional_sampling,format_x_class
CodeBERT_unfrozen_s2027,CodeBERT_partial_s2027,Brier,0.01484729164784996,0.014882115115601514,0.012568184567088487,0.017093420791467358,1000,none,conditional_sampling,format_x_class
CodeBERT_unfrozen_s2027,CodeBERT_partial_s2027,LogLoss,0.087009346956980704,0.087157079084985017,0.07689061495496638,0.097591639043580439,1000,none,conditional_sampling,format_x_class
CodeBERT_unfrozen_s2027,CodeBERT_partial_s2027,ECE,0.016849299698189366,0.016719917924816852,0.014143192815667961,0.019135115750478895,1000,none,conditional_sampling,format_x_class
CodeBERT_unfrozen_s2027,CodeBERT_partial_s2027,oracle_pooled_TPR_0.001,0.014802522402920626,0.011152472618652506,-0.1163707268503153,0.10552937271822099,1000,oracle_reselected_in_each_resample,exploratory_extreme_tail,format_x_class
CodeBERT_unfrozen_s2027,CodeBERT_partial_s2027,oracle_pooled_TPR_0.005,-0.056687686691005656,-0.061572585462993691,-0.092731496846996331,-0.028634251576501832,1000,oracle_reselected_in_each_resample,conditional_sampling,format_x_class
CodeBERT_unfrozen_s2027,CodeBERT_partial_s2027,oracle_pooled_TPR_0.01,-0.037504148689014305,-0.037143976103551281,-0.062336541652837751,-0.010486226352472648,1000,oracle_reselected_in_each_resample,conditional_sampling,format_x_class
CodeBERT_unfrozen_s2027,CodeBERT_partial_s2027,oracle_pooled_TPR_0.05,-0.021838698971125226,-0.023086226352472622,-0.032925655492864303,-0.014005974112180627,1000,oracle_reselected_in_each_resample,conditional_sampling,format_x_class
CodeBERT_unfrozen_s2027,CodeBERT_partial_s2027,oracle_per_format_TPR_0.001,0.035313640889478914,0.029732691669432459,-0.061204779289744438,0.11517258546299369,1000,oracle_reselected_in_each_resample,exploratory_extreme_tail,format_x_class
CodeBERT_unfrozen_s2027,CodeBERT_partial_s2027,oracle_per_format_TPR_0.005,-0.053302356455360078,-0.051620776634583462,-0.0858297378028543,-0.013840026551609685,1000,oracle_reselected_in_each_resample,conditional_sampling,format_x_class
CodeBERT_unfrozen_s2027,CodeBERT_partial_s2027,oracle_per_format_TPR_0.01,-0.032127447726518432,-0.032380418187852637,-0.056423830069697978,-0.0066993030202456855,1000,oracle_reselected_in_each_resample,conditional_sampling,format_x_class
CodeBERT_unfrozen_s2027,CodeBERT_partial_s2027,oracle_per_format_TPR_0.05,-0.013010288748755316,-0.0147215399933621,-0.026156654497178859,-0.0050448058413541386,1000,oracle_reselected_in_each_resample,conditional_sampling,format_x_class
CodeBERT_unfrozen_s2027,CodeBERT_partial_s2027,fixed_pooled_TPR_0.001,-0.032791237968801845,-0.03269259873879854,-0.039629936939927002,-0.025552605376700958,1000,independent_deployment_rule_held_fixed,exploratory_extreme_tail,format_x_class
CodeBERT_unfrozen_s2027,CodeBERT_partial_s2027,fixed_pooled_FPR_0.001,-0.0004017408771342483,-0.00040227653163709396,-0.001071309005691329,0.0002678272514228322,1000,independent_deployment_rule_held_fixed,exploratory_extreme_tail,format_x_class
CodeBERT_unfrozen_s2027,CodeBERT_partial_s2027,fixed_pooled_TPR_0.005,-0.051510122801194824,-0.051514570195818121,-0.057817789578493151,-0.045267175572519025,1000,independent_deployment_rule_held_fixed,conditional_sampling,format_x_class
CodeBERT_unfrozen_s2027,CodeBERT_partial_s2027,fixed_pooled_FPR_0.005,6.6956812855708051e-05,8.4030800133913614e-05,-0.0012052226314027449,0.0014060930699698691,1000,independent_deployment_rule_held_fixed,conditional_sampling,format_x_class
CodeBERT_unfrozen_s2027,CodeBERT_partial_s2027,fixed_pooled_TPR_0.01,-0.049054098904746102,-0.049025024892134082,-0.054766013939595126,-0.042414537006305937,1000,independent_deployment_rule_held_fixed,conditional_sampling,format_x_class
CodeBERT_unfrozen_s2027,CodeBERT_partial_s2027,fixed_pooled_FPR_0.01,-0.00066956812855708051,-0.0006662872447271513,-0.0024774020756611996,0.0010043521928356225,1000,independent_deployment_rule_held_fixed,conditional_sampling,format_x_class
CodeBERT_unfrozen_s2027,CodeBERT_partial_s2027,fixed_pooled_TPR_0.05,-0.029007633587786352,-0.029066710919349485,-0.03319117158977769,-0.024892134085628959,1000,independent_deployment_rule_held_fixed,conditional_sampling,format_x_class
CodeBERT_unfrozen_s2027,CodeBERT_partial_s2027,fixed_pooled_FPR_0.05,-0.0010043521928356225,-0.00098312688316036165,-0.0039504519584867767,0.0022095748242383639,1000,independent_deployment_rule_held_fixed,conditional_sampling,format_x_class
CodeBERT_unfrozen_s2027,CodeBERT_partial_s2027,fixed_per_format_TPR_0.001,-0.0034517092598739252,-0.0034032525721871885,-0.010423166279455665,0.003453368735479577,1000,independent_deployment_rule_held_fixed,exploratory_extreme_tail,format_x_class
CodeBERT_unfrozen_s2027,CodeBERT_partial_s2027,fixed_per_format_FPR_0.001,-0.0001339136257114161,-0.00012842316705724804,-0.00073652494141278899,0.00046869768998995657,1000,independent_deployment_rule_held_fixed,exploratory_extreme_tail,format_x_class
CodeBERT_unfrozen_s2027,CodeBERT_partial_s2027,fixed_per_format_TPR_0.005,-0.041885164288084975,-0.041914503816793895,-0.048260869565217357,-0.035310321938267449,1000,independent_deployment_rule_held_fixed,conditional_sampling,format_x_class
CodeBERT_unfrozen_s2027,CodeBERT_partial_s2027,fixed_per_format_FPR_0.005,0.0001339136257114161,0.00014884499497823904,-0.0012052226314027449,0.0014077669902912611,1000,independent_deployment_rule_held_fixed,conditional_sampling,format_x_class
CodeBERT_unfrozen_s2027,CodeBERT_partial_s2027,fixed_per_format_TPR_0.01,-0.046000663790242258,-0.045966080318619311,-0.051908396946564905,-0.039558579488881425,1000,independent_deployment_rule_held_fixed,conditional_sampling,format_x_class
CodeBERT_unfrozen_s2027,CodeBERT_partial_s2027,fixed_per_format_FPR_0.01,-0.00073652494141279029,-0.00074275192500836997,-0.0024774020756611996,0.00093739537997991271,1000,independent_deployment_rule_held_fixed,conditional_sampling,format_x_class
CodeBERT_unfrozen_s2027,CodeBERT_partial_s2027,fixed_per_format_TPR_0.05,-0.017988715565881219,-0.018020776634583478,-0.022369731164951889,-0.013805177563889772,1000,independent_deployment_rule_held_fixed,conditional_sampling,format_x_class
CodeBERT_unfrozen_s2027,CodeBERT_partial_s2027,fixed_per_format_FPR_0.05,-0.0022765316370940702,-0.0022524271844660193,-0.0050887177770338118,0.00066956812855707725,1000,independent_deployment_rule_held_fixed,conditional_sampling,format_x_class
CodeBERT_unfrozen_s2028,CodeBERT_partial_s2028,ROC_AUC,-0.0012947087561978599,-0.0012866850121963373,-0.0020543305202064348,-0.00050045561966651506,1000,none,conditional_sampling,format_x_class
CodeBERT_unfrozen_s2028,CodeBERT_partial_s2028,AP,-0.0010496574299577732,-0.0010492798476764006,-0.0021203483813493685,0.00017214954860895706,1000,none,conditional_sampling,format_x_class
CodeBERT_unfrozen_s2028,CodeBERT_partial_s2028,Accuracy,-0.0065000000000000613,-0.006509333333333334,-0.0088675000000000229,-0.0043991666666666268,1000,none,conditional_sampling,format_x_class
CodeBERT_unfrozen_s2028,CodeBERT_partial_s2028,F1,-0.0071030064259984815,-0.007115499385076874,-0.0095190390509509344,-0.0049697441377106726,1000,none,conditional_sampling,format_x_class
CodeBERT_unfrozen_s2028,CodeBERT_partial_s2028,Brier,0.0043466119183065838,0.0043509301832825604,0.0025055501982242491,0.0063596760825457661,1000,none,conditional_sampling,format_x_class
CodeBERT_unfrozen_s2028,CodeBERT_partial_s2028,LogLoss,-0.0080632836026656718,-0.0080851735898418171,-0.017550113087077383,0.00073471537821915049,1000,none,conditional_sampling,format_x_class
CodeBERT_unfrozen_s2028,CodeBERT_partial_s2028,ECE,0.0023422565759856073,0.0023554678244434211,0.00017777028968147331,0.0046391625565119022,1000,none,conditional_sampling,format_x_class
CodeBERT_unfrozen_s2028,CodeBERT_partial_s2028,oracle_pooled_TPR_0.001,0.051709259873879865,0.055195087952207102,-0.041317623630932658,0.16539993362097569,1000,oracle_reselected_in_each_resample,exploratory_extreme_tail,format_x_class
CodeBERT_unfrozen_s2028,CodeBERT_partial_s2028,oracle_pooled_TPR_0.005,-0.047328244274809195,-0.041499435778294055,-0.074347826086956559,-0.0033139727845999988,1000,oracle_reselected_in_each_resample,conditional_sampling,format_x_class
CodeBERT_unfrozen_s2028,CodeBERT_partial_s2028,oracle_pooled_TPR_0.01,-0.0269498838367076,-0.025707600398274147,-0.047860935944241567,-0.0015151012280119193,1000,oracle_reselected_in_each_resample,conditional_sampling,format_x_class
CodeBERT_unfrozen_s2028,CodeBERT_partial_s2028,oracle_pooled_TPR_0.05,-0.0094258214404248086,-0.012227480916030533,-0.021573182874211838,-0.0039827414537006974,1000,oracle_reselected_in_each_resample,conditional_sampling,format_x_class
CodeBERT_unfrozen_s2028,CodeBERT_partial_s2028,oracle_per_format_TPR_0.001,0.081380683703949575,0.064673747095917694,-0.046138400265516133,0.17902422834384335,1000,oracle_reselected_in_each_resample,exploratory_extreme_tail,format_x_class
CodeBERT_unfrozen_s2028,CodeBERT_partial_s2028,oracle_per_format_TPR_0.005,-0.030069697975439791,-0.032203119814138731,-0.068720544307998677,0.0057749751078659539,1000,oracle_reselected_in_each_resample,conditional_sampling,format_x_class
CodeBERT_unfrozen_s2028,CodeBERT_partial_s2028,oracle_per_format_TPR_0.01,-0.023099900431463594,-0.02402383006969798,-0.051249585131098674,-0.00099568536342519993,1000,oracle_reselected_in_each_resample,conditional_sampling,format_x_class
CodeBERT_unfrozen_s2028,CodeBERT_partial_s2028,oracle_per_format_TPR_0.05,-0.015267175572518998,-0.014390175904414205,-0.022504148689014292,-0.006173249253235924,1000,oracle_reselected_in_each_resample,conditional_sampling,format_x_class
CodeBERT_unfrozen_s2028,CodeBERT_partial_s2028,fixed_pooled_TPR_0.001,0.034915366744108889,0.034861865250580819,0.028474941918353813,0.041818785263856628,1000,independent_deployment_rule_held_fixed,exploratory_extreme_tail,format_x_class
CodeBERT_unfrozen_s2028,CodeBERT_partial_s2028,fixed_pooled_FPR_0.001,-6.6956812855708051e-05,-5.9591563441580189e-05,-0.00066956812855708072,0.00053565450284566462,1000,independent_deployment_rule_held_fixed,exploratory_extreme_tail,format_x_class
CodeBERT_unfrozen_s2028,CodeBERT_partial_s2028,fixed_pooled_TPR_0.005,-0.012280119482243612,-0.012279588450049783,-0.018320610687022846,-0.0059060736807169407,1000,independent_deployment_rule_held_fixed,conditional_sampling,format_x_class
CodeBERT_unfrozen_s2028,CodeBERT_partial_s2028,fixed_pooled_FPR_0.005,0.00093739537997991357,0.00091001004352192862,-0.0002025443588885176,0.0020756611985269504,1000,independent_deployment_rule_held_fixed,conditional_sampling,format_x_class
CodeBERT_unfrozen_s2028,CodeBERT_partial_s2028,fixed_pooled_TPR_0.01,-0.031928310653833281,-0.031892532359774316,-0.037836043810156039,-0.025819780949220106,1000,independent_deployment_rule_held_fixed,conditional_sampling,format_x_class
CodeBERT_unfrozen_s2028,CodeBERT_partial_s2028,fixed_pooled_FPR_0.01,-0.00066956812855708051,-0.00068175426849681985,-0.0024774020756611979,0.0010060261131570119,1000,independent_deployment_rule_held_fixed,conditional_sampling,format_x_class
CodeBERT_unfrozen_s2028,CodeBERT_partial_s2028,fixed_pooled_TPR_0.05,-0.015599070693660844,-0.015650116163292399,-0.019449054098904739,-0.012213740458015265,1000,independent_deployment_rule_held_fixed,conditional_sampling,format_x_class
CodeBERT_unfrozen_s2028,CodeBERT_partial_s2028,fixed_pooled_FPR_0.05,-0.0002678272514228322,-0.0002945430197522597,-0.0034147974556411123,0.0028138600602611325,1000,independent_deployment_rule_held_fixed,conditional_sampling,format_x_class
CodeBERT_unfrozen_s2028,CodeBERT_partial_s2028,fixed_per_format_TPR_0.001,0.026883504812479253,0.026883172917358113,0.020378360438101595,0.033191171589777635,1000,independent_deployment_rule_held_fixed,exploratory_extreme_tail,format_x_class
CodeBERT_unfrozen_s2028,CodeBERT_partial_s2028,fixed_per_format_FPR_0.001,0.0004017408771342483,0.00040154000669568126,-0.0001339136257114161,0.00093739537997991292,1000,independent_deployment_rule_held_fixed,exploratory_extreme_tail,format_x_class
CodeBERT_unfrozen_s2028,CodeBERT_partial_s2028,fixed_per_format_TPR_0.005,-0.012014603385330225,-0.0119573846664454,-0.018320610687022846,-0.005773315632260247,1000,independent_deployment_rule_held_fixed,conditional_sampling,format_x_class
CodeBERT_unfrozen_s2028,CodeBERT_partial_s2028,fixed_per_format_FPR_0.005,0.0013391362571141619,0.0013232005356545028,6.6956812855708051e-05,0.0025443588885169068,1000,independent_deployment_rule_held_fixed,conditional_sampling,format_x_class
CodeBERT_unfrozen_s2028,CodeBERT_partial_s2028,fixed_per_format_TPR_0.01,-0.031530036508463311,-0.031556123464985063,-0.037308330567540682,-0.025887819449054158,1000,independent_deployment_rule_held_fixed,conditional_sampling,format_x_class
CodeBERT_unfrozen_s2028,CodeBERT_partial_s2028,fixed_per_format_FPR_0.01,-0.00080348175426849834,-0.00083059926347505894,-0.002611315701372614,0.00080515567458988948,1000,independent_deployment_rule_held_fixed,conditional_sampling,format_x_class
CodeBERT_unfrozen_s2028,CodeBERT_partial_s2028,fixed_per_format_TPR_0.05,-0.0095585794888815023,-0.0095968801858612712,-0.013478260869565269,-0.0058413541320941897,1000,independent_deployment_rule_held_fixed,conditional_sampling,format_x_class
CodeBERT_unfrozen_s2028,CodeBERT_partial_s2028,fixed_per_format_FPR_0.05,0.00073652494141279029,0.0006746568463341147,-0.0023434884499497835,0.0036842986273853354,1000,independent_deployment_rule_held_fixed,conditional_sampling,format_x_class
TFIDF_prefix,TFIDF_full,ROC_AUC,-0.0091730500272729776,-0.0091757848386264142,-0.010149698588784648,-0.0083301229211970636,1000,none,conditional_sampling,format_x_class
TFIDF_prefix,TFIDF_full,AP,-0.0098202701712155616,-0.0098183962237225475,-0.010891549595197159,-0.0088104871156413148,1000,none,conditional_sampling,format_x_class
TFIDF_prefix,TFIDF_full,Accuracy,-0.019900000000000029,-0.019944699999999996,-0.02246749999999997,-0.017432500000000076,1000,none,conditional_sampling,format_x_class
TFIDF_prefix,TFIDF_full,F1,-0.0203693877466401,-0.020413402237803226,-0.023001636149858326,-0.017847213342557507,1000,none,conditional_sampling,format_x_class
TFIDF_prefix,TFIDF_full,Brier,0.015032971087928226,0.015061156481466996,0.013670385714842503,0.016422224333561136,1000,none,conditional_sampling,format_x_class
TFIDF_prefix,TFIDF_full,LogLoss,0.051177929012082318,0.051247027679774064,0.046757558318306636,0.056202918250937317,1000,none,conditional_sampling,format_x_class
TFIDF_prefix,TFIDF_full,ECE,0.0096484117066337298,0.0092389999634474723,0.0068764263226400273,0.011630907570706799,1000,none,conditional_sampling,format_x_class
TFIDF_prefix,TFIDF_full,oracle_pooled_TPR_0.001,-0.21666113508131429,-0.19849293063391968,-0.27985396614669761,-0.091435446398937997,1000,oracle_reselected_in_each_resample,exploratory_extreme_tail,format_x_class
TFIDF_prefix,TFIDF_full,oracle_pooled_TPR_0.005,-0.16083637570527709,-0.16497577165615668,-0.21076169930302024,-0.13268337205443081,1000,oracle_reselected_in_each_resample,conditional_sampling,format_x_class
TFIDF_prefix,TFIDF_full,oracle_pooled_TPR_0.01,-0.13176236309326261,-0.12962887487553934,-0.15207932293395288,-0.10620477928974448,1000,oracle_reselected_in_each_resample,conditional_sampling,format_x_class
TFIDF_prefix,TFIDF_full,oracle_pooled_TPR_0.05,-0.047527381347494124,-0.047816793893129775,-0.054034185197477602,-0.041619648191171588,1000,oracle_reselected_in_each_resample,conditional_sampling,format_x_class
TFIDF_prefix,TFIDF_full,oracle_per_format_TPR_0.001,-0.21818785263856616,-0.22655107865914367,-0.30612014603385335,-0.14978592764686363,1000,oracle_reselected_in_each_resample,exploratory_extreme_tail,format_x_class
TFIDF_prefix,TFIDF_full,oracle_per_format_TPR_0.005,-0.16953202787919019,-0.17217537338201128,-0.21846332558911385,-0.12996846996349154,1000,oracle_reselected_in_each_resample,conditional_sampling,format_x_class
TFIDF_prefix,TFIDF_full,oracle_per_format_TPR_0.01,-0.12950547626949882,-0.1325636906737471,-0.15554098904746094,-0.1087952207102556,1000,oracle_reselected_in_each_resample,conditional_sampling,format_x_class
TFIDF_prefix,TFIDF_full,oracle_per_format_TPR_0.05,-0.043345502821108606,-0.044485097909060738,-0.051646199800862935,-0.037570527713242541,1000,oracle_reselected_in_each_resample,conditional_sampling,format_x_class
TFIDF_prefix,TFIDF_full,fixed_pooled_TPR_0.001,-0.16309326252904077,-0.16304055758380351,-0.1699352804513774,-0.15598572850979087,1000,independent_deployment_rule_held_fixed,exploratory_extreme_tail,format_x_class
TFIDF_prefix,TFIDF_full,fixed_pooled_FPR_0.001,0.00040174087713424852,0.00041218613993973887,-0.0002678272514228322,0.001071309005691329,1000,independent_deployment_rule_held_fixed,exploratory_extreme_tail,format_x_class
TFIDF_prefix,TFIDF_full,fixed_pooled_TPR_0.005,-0.1628277464321275,-0.16288742117490873,-0.1692665117822767,-0.15645536010620642,1000,independent_deployment_rule_held_fixed,conditional_sampling,format_x_class
TFIDF_prefix,TFIDF_full,fixed_pooled_FPR_0.005,-0.00046869768998995635,-0.00045731503180448615,-0.0016739203213927021,0.00066956812855708051,1000,independent_deployment_rule_held_fixed,conditional_sampling,format_x_class
TFIDF_prefix,TFIDF_full,fixed_pooled_TPR_0.01,-0.13514769332890808,-0.13510647195486222,-0.14165781613010286,-0.12877530700298701,1000,independent_deployment_rule_held_fixed,conditional_sampling,format_x_class
TFIDF_prefix,TFIDF_full,fixed_pooled_FPR_0.01,-0.00080348175426849661,-0.00080107130900569136,-0.0023451623702711762,0.00087043856712420466,1000,independent_deployment_rule_held_fixed,conditional_sampling,format_x_class
TFIDF_prefix,TFIDF_full,fixed_pooled_TPR_0.05,-0.057948888151344136,-0.057972917358114835,-0.062329903750414806,-0.053964487222037838,1000,independent_deployment_rule_held_fixed,conditional_sampling,format_x_class
TFIDF_prefix,TFIDF_full,fixed_pooled_FPR_0.05,-0.005356545028456651,-0.0053359223300970876,-0.0081704050887177783,-0.0026096417810512248,1000,independent_deployment_rule_held_fixed,conditional_sampling,format_x_class
TFIDF_prefix,TFIDF_full,fixed_per_format_TPR_0.001,-0.17975439761035517,-0.17978247593760369,-0.18646033853302352,-0.17291403916362424,1000,independent_deployment_rule_held_fixed,exploratory_extreme_tail,format_x_class
TFIDF_prefix,TFIDF_full,fixed_per_format_FPR_0.001,0.00046869768998995657,0.0004807499163039839,-0.0002678272514228322,0.0011399397388684284,1000,independent_deployment_rule_held_fixed,exploratory_extreme_tail,format_x_class
TFIDF_prefix,TFIDF_full,fixed_per_format_TPR_0.005,-0.14351145038167934,-0.14362250248921341,-0.1501493528045138,-0.13700298705609026,1000,independent_deployment_rule_held_fixed,conditional_sampling,format_x_class
TFIDF_prefix,TFIDF_full,fixed_per_format_FPR_0.005,0.0012052226314027458,0.0012305992634750588,-6.6956812855708051e-05,0.0024774020756611987,1000,independent_deployment_rule_held_fixed,conditional_sampling,format_x_class
TFIDF_prefix,TFIDF_full,fixed_per_format_TPR_0.01,-0.12937271822104213,-0.12940477928974445,-0.13554596747427816,-0.12306671091934951,1000,independent_deployment_rule_held_fixed,conditional_sampling,format_x_class
TFIDF_prefix,TFIDF_full,fixed_per_format_FPR_0.01,-0.001272179444258453,-0.0012536993639102778,-0.0029460997656511542,0.00046869768998995635,1000,independent_deployment_rule_held_fixed,conditional_sampling,format_x_class
TFIDF_prefix,TFIDF_full,fixed_per_format_TPR_0.05,-0.053169598406903384,-0.053220909392631931,-0.057552273481579874,-0.048986060404912046,1000,independent_deployment_rule_held_fixed,conditional_sampling,format_x_class
TFIDF_prefix,TFIDF_full,fixed_per_format_FPR_0.05,-0.0042852360227653152,-0.0042293940408436557,-0.0071643789755607631,-0.0012052226314027484,1000,independent_deployment_rule_held_fixed,conditional_sampling,format_x_class
TFIDF_bpe_prefix,TFIDF_prefix,ROC_AUC,-0.0027884323605629202,-0.0027972486861142214,-0.0035454943542828328,-0.0020760652616699129,1000,none,conditional_sampling,format_x_class
TFIDF_bpe_prefix,TFIDF_prefix,AP,-0.0027354651392343943,-0.0027421146124404741,-0.0035887759931209572,-0.0018705543223727836,1000,none,conditional_sampling,format_x_class
TFIDF_bpe_prefix,TFIDF_prefix,Accuracy,-0.0051333333333333231,-0.0051650333333333335,-0.0075333333333332808,-0.002832500000000019,1000,none,conditional_sampling,format_x_class
TFIDF_bpe_prefix,TFIDF_prefix,F1,-0.0051504597115790141,-0.0051828282662037851,-0.0075664236427946258,-0.0027033266527976504,1000,none,conditional_sampling,format_x_class
TFIDF_bpe_prefix,TFIDF_prefix,Brier,0.003931243069179878,0.003939560520928042,0.0029423352507871874,0.0050202427523947848,1000,none,conditional_sampling,format_x_class
TFIDF_bpe_prefix,TFIDF_prefix,LogLoss,0.0086497160437115084,0.0087105783939514687,0.0049988159725772325,0.012333460768928772,1000,none,conditional_sampling,format_x_class
TFIDF_bpe_prefix,TFIDF_prefix,ECE,-0.0046475562210553031,-0.0041726241635965684,-0.0068116920919214403,-0.0012399088881037733,1000,none,conditional_sampling,format_x_class
TFIDF_bpe_prefix,TFIDF_prefix,oracle_pooled_TPR_0.001,0.038698971125124437,0.023780550945901095,-0.039304679721208102,0.088554596747427827,1000,oracle_reselected_in_each_resample,exploratory_extreme_tail,format_x_class
TFIDF_bpe_prefix,TFIDF_prefix,oracle_pooled_TPR_0.005,-0.042349817457683403,-0.042822834384334547,-0.079468967806173296,0.0041188184533687,1000,oracle_reselected_in_each_resample,conditional_sampling,format_x_class
TFIDF_bpe_prefix,TFIDF_prefix,oracle_pooled_TPR_0.01,-0.040159309658147957,-0.042443146365748433,-0.067774643212744734,-0.015725190839694599,1000,oracle_reselected_in_each_resample,conditional_sampling,format_x_class
TFIDF_bpe_prefix,TFIDF_prefix,oracle_pooled_TPR_0.05,-0.019449054098904739,-0.018796548290740126,-0.026951543312313309,-0.012012943909724518,1000,oracle_reselected_in_each_resample,conditional_sampling,format_x_class
TFIDF_bpe_prefix,TFIDF_prefix,oracle_per_format_TPR_0.001,-0.020843013607699967,0.00057331563226020483,-0.086762363093262518,0.069780949220046448,1000,oracle_reselected_in_each_resample,exploratory_extreme_tail,format_x_class
TFIDF_bpe_prefix,TFIDF_prefix,oracle_per_format_TPR_0.005,-0.0037836043810155484,-0.0086971125124460646,-0.047129107202124154,0.032399601725854647,1000,oracle_reselected_in_each_resample,conditional_sampling,format_x_class
TFIDF_bpe_prefix,TFIDF_prefix,oracle_per_format_TPR_0.01,-0.023763690673747062,-0.022191503484898775,-0.043345502821108495,0.00041154995021562736,1000,oracle_reselected_in_each_resample,conditional_sampling,format_x_class
TFIDF_bpe_prefix,TFIDF_prefix,oracle_per_format_TPR_0.05,-0.017258546299369404,-0.016533886491868571,-0.02402920677066045,-0.0088881513441752043,1000,oracle_reselected_in_each_resample,conditional_sampling,format_x_class
TFIDF_bpe_prefix,TFIDF_prefix,fixed_pooled_TPR_0.001,-0.079588450049784265,-0.079812744772651836,-0.085564221705940913,-0.074278128111516795,1000,independent_deployment_rule_held_fixed,exploratory_extreme_tail,format_x_class
TFIDF_bpe_prefix,TFIDF_prefix,fixed_pooled_FPR_0.001,-0.00066956812855708072,-0.00067385336457984589,-0.0012721794442584532,-0.00020087043856712415,1000,independent_deployment_rule_held_fixed,exploratory_extreme_tail,format_x_class
TFIDF_bpe_prefix,TFIDF_prefix,fixed_pooled_TPR_0.005,-0.076203119814138742,-0.076161234649850654,-0.082580484566876944,-0.069961832061068652,1000,independent_deployment_rule_held_fixed,conditional_sampling,format_x_class
TFIDF_bpe_prefix,TFIDF_prefix,fixed_pooled_FPR_0.005,-0.0010043521928356216,-0.00098480080348175452,-0.0020756611985269496,6.6956812855708051e-05,1000,independent_deployment_rule_held_fixed,conditional_sampling,format_x_class
TFIDF_bpe_prefix,TFIDF_prefix,fixed_pooled_TPR_0.01,-0.048722203783604368,-0.048678327248589441,-0.053967806173249255,-0.042812811151676018,1000,independent_deployment_rule_held_fixed,conditional_sampling,format_x_class
TFIDF_bpe_prefix,TFIDF_prefix,fixed_pooled_FPR_0.01,-0.0004017408771342483,-0.00037080682959491138,-0.0018095078674255118,0.00093906930030130558,1000,independent_deployment_rule_held_fixed,conditional_sampling,format_x_class
TFIDF_bpe_prefix,TFIDF_prefix,fixed_pooled_TPR_0.05,-0.022967142383007011,-0.02300909392631928,-0.027480916030534375,-0.018717225356787218,1000,independent_deployment_rule_held_fixed,conditional_sampling,format_x_class
TFIDF_bpe_prefix,TFIDF_prefix,fixed_pooled_FPR_0.05,-0.00093739537997990924,-0.00089072648141948468,-0.0032825577502510923,0.0018095078674255102,1000,independent_deployment_rule_held_fixed,conditional_sampling,format_x_class
TFIDF_bpe_prefix,TFIDF_prefix,fixed_per_format_TPR_0.001,-0.06047129107202126,-0.060602256886823767,-0.066511782276800546,-0.055227348157982081,1000,independent_deployment_rule_held_fixed,exploratory_extreme_tail,format_x_class
TFIDF_bpe_prefix,TFIDF_prefix,fixed_per_format_FPR_0.001,-0.00073652494141278877,-0.00074355540676263802,-0.0013391362571141614,-0.00013391362571141632,1000,independent_deployment_rule_held_fixed,exploratory_extreme_tail,format_x_class
TFIDF_bpe_prefix,TFIDF_prefix,fixed_per_format_TPR_0.005,-0.065449717889146997,-0.065413939595087955,-0.071954862263524766,-0.059143710587454379,1000,independent_deployment_rule_held_fixed,conditional_sampling,format_x_class
TFIDF_bpe_prefix,TFIDF_prefix,fixed_per_format_FPR_0.005,-0.001473049882825578,-0.0014573819886173421,-0.0024774020756611987,-0.00040174087713424917,1000,independent_deployment_rule_held_fixed,conditional_sampling,format_x_class
TFIDF_bpe_prefix,TFIDF_prefix,fixed_per_format_TPR_0.01,-0.061931629605044836,-0.061912313308994354,-0.067905741785595719,-0.055823099900431446,1000,independent_deployment_rule_held_fixed,conditional_sampling,format_x_class
TFIDF_bpe_prefix,TFIDF_prefix,fixed_per_format_FPR_0.01,-0.0024774020756611996,-0.0024356210244392373,-0.0039504519584867767,-0.0010026782725142296,1000,independent_deployment_rule_held_fixed,conditional_sampling,format_x_class
TFIDF_bpe_prefix,TFIDF_prefix,fixed_per_format_TPR_0.05,-0.02110852970461341,-0.021124460670428145,-0.025292067706604745,-0.017059409226684363,1000,independent_deployment_rule_held_fixed,conditional_sampling,format_x_class
TFIDF_bpe_prefix,TFIDF_prefix,fixed_per_format_FPR_0.05,-0.0026113157013726157,-0.0025699363910277871,-0.0052226314027452314,6.6956812855706316e-05,1000,independent_deployment_rule_held_fixed,conditional_sampling,format_x_class
CodeBERT_partial_s2026__stack,LightGBM,ROC_AUC,0.00012734461347108095,0.00012791891758856677,9.0387919506482173e-05,0.00016430397415234663,1000,none,conditional_sampling,format_x_class
CodeBERT_partial_s2026__stack,LightGBM,AP,0.00010789814547851329,0.0001084198779978599,7.5008503001952614e-05,0.00014216910697247562,1000,none,conditional_sampling,format_x_class
CodeBERT_partial_s2026__stack,LightGBM,Accuracy,0.00013333333333331865,0.00014060000000000016,-0.00056666666666660426,0.00083333333333335258,1000,none,conditional_sampling,format_x_class
CodeBERT_partial_s2026__stack,LightGBM,F1,0.00016479472513331039,0.00017152281628259692,-0.00053173452846527194,0.00086812349985962152,1000,none,conditional_sampling,format_x_class
CodeBERT_partial_s2026__stack,LightGBM,Brier,-0.0014232687297242273,-0.001427155252325233,-0.0016981613508450775,-0.0011854572854798494,1000,none,conditional_sampling,format_x_class
CodeBERT_partial_s2026__stack,LightGBM,LogLoss,-0.013541906372340817,-0.013541293342532779,-0.015734584417163015,-0.01150069711169187,1000,none,conditional_sampling,format_x_class
CodeBERT_partial_s2026__stack,LightGBM,ECE,-0.0096986354831848382,-0.0094558634887250848,-0.010855633261386201,-0.0079301780247262362,1000,none,conditional_sampling,format_x_class
CodeBERT_partial_s2026__stack,LightGBM,oracle_pooled_TPR_0.001,0.0057749751078658429,0.003608562894125456,-0.0097593760371722516,0.022104215068038502,1000,oracle_reselected_in_each_resample,exploratory_extreme_tail,format_x_class
CodeBERT_partial_s2026__stack,LightGBM,oracle_pooled_TPR_0.005,-0.0007965482907401622,0.0036116163292399602,-0.0037852638566213651,0.011549950215731908,1000,oracle_reselected_in_each_resample,conditional_sampling,format_x_class
CodeBERT_partial_s2026__stack,LightGBM,oracle_pooled_TPR_0.01,0.00073016926651170433,5.5625622303353437e-05,-0.0032542316627945933,0.0027879190175904567,1000,oracle_reselected_in_each_resample,conditional_sampling,format_x_class
CodeBERT_partial_s2026__stack,LightGBM,oracle_pooled_TPR_0.05,0.0011948224361101323,0.0010483903086624629,0.0001327580484566937,0.0019249917026220587,1000,oracle_reselected_in_each_resample,conditional_sampling,format_x_class
CodeBERT_partial_s2026__stack,LightGBM,oracle_per_format_TPR_0.001,0.0059077331563226476,0.0062475273813474962,-0.0060404912047792303,0.023300696979754343,1000,oracle_reselected_in_each_resample,exploratory_extreme_tail,format_x_class
CodeBERT_partial_s2026__stack,LightGBM,oracle_per_format_TPR_0.005,0.0011948224361101323,0.0014591437105874554,-0.0036525058081645634,0.0067706604712910456,1000,oracle_reselected_in_each_resample,conditional_sampling,format_x_class
CodeBERT_partial_s2026__stack,LightGBM,oracle_per_format_TPR_0.01,0.0017258546299369071,0.0021342847660139387,-0.0017922336541652539,0.0065715233986060051,1000,oracle_reselected_in_each_resample,conditional_sampling,format_x_class
CodeBERT_partial_s2026__stack,LightGBM,oracle_per_format_TPR_0.05,0.0012612014603384791,0.0010592100896116828,6.637902422834685e-05,0.0020577497510786413,1000,oracle_reselected_in_each_resample,conditional_sampling,format_x_class
CodeBERT_partial_s2026__stack,LightGBM,fixed_pooled_TPR_0.001,0.0038499834052438953,0.0038535678725522752,0.0022568868237636819,0.0053767009624958728,1000,independent_deployment_rule_held_fixed,exploratory_extreme_tail,format_x_class
CodeBERT_partial_s2026__stack,LightGBM,fixed_pooled_FPR_0.001,6.6956812855708051e-05,6.9501171744224959e-05,-0.0001339136257114161,0.00026782725142283242,1000,independent_deployment_rule_held_fixed,exploratory_extreme_tail,format_x_class
CodeBERT_partial_s2026__stack,LightGBM,fixed_pooled_TPR_0.005,-6.637902422834685e-05,-2.9605044805841141e-05,-0.0014603385330235197,0.0013292399601726413,1000,independent_deployment_rule_held_fixed,conditional_sampling,format_x_class
CodeBERT_partial_s2026__stack,LightGBM,fixed_pooled_FPR_0.005,-0.00033478406427854025,-0.00033036491463006356,-0.00080348175426849661,6.6956812855708051e-05,1000,independent_deployment_rule_held_fixed,conditional_sampling,format_x_class
CodeBERT_partial_s2026__stack,LightGBM,fixed_pooled_TPR_0.01,0.0001327580484566937,0.00014092266843677393,-0.00093096581480256175,0.0011964819117159476,1000,independent_deployment_rule_held_fixed,conditional_sampling,format_x_class
CodeBERT_partial_s2026__stack,LightGBM,fixed_pooled_FPR_0.01,-0.00060261131570137245,-0.00062551054569802455,-0.0012068965517241393,0,1000,independent_deployment_rule_held_fixed,conditional_sampling,format_x_class
CodeBERT_partial_s2026__stack,LightGBM,fixed_pooled_TPR_0.05,0.00019913707268504055,0.00018898108197809482,-0.0005310321938267748,0.00092930633919674488,1000,independent_deployment_rule_held_fixed,conditional_sampling,format_x_class
CodeBERT_partial_s2026__stack,LightGBM,fixed_pooled_FPR_0.05,-0.002008704385671245,-0.0020242383662537663,-0.003081687311683966,-0.00093739537997990924,1000,independent_deployment_rule_held_fixed,conditional_sampling,format_x_class
CodeBERT_partial_s2026__stack,LightGBM,fixed_per_format_TPR_0.001,0.0019913707268502945,0.0020028542980418187,0.00039661466976437254,0.0037172253567872042,1000,independent_deployment_rule_held_fixed,exploratory_extreme_tail,format_x_class
CodeBERT_partial_s2026__stack,LightGBM,fixed_per_format_FPR_0.001,0.0001339136257114161,0.0001296283896886508,0,0.00033478406427854025,1000,independent_deployment_rule_held_fixed,exploratory_extreme_tail,format_x_class
CodeBERT_partial_s2026__stack,LightGBM,fixed_per_format_TPR_0.005,0.0031861931629605378,0.0031872552273481576,0.0017922336541652539,0.0045801526717557106,1000,independent_deployment_rule_held_fixed,conditional_sampling,format_x_class
CodeBERT_partial_s2026__stack,LightGBM,fixed_per_format_FPR_0.005,0.0002678272514228322,0.00026541680616002674,-0.00020087043856712415,0.00073652494141278856,1000,independent_deployment_rule_held_fixed,conditional_sampling,format_x_class
CodeBERT_partial_s2026__stack,LightGBM,fixed_per_format_TPR_0.01,-0.00073016926651181535,-0.00076860272153999633,-0.0019249917026219476,0.00026717557251909455,1000,independent_deployment_rule_held_fixed,conditional_sampling,format_x_class
CodeBERT_partial_s2026__stack,LightGBM,fixed_per_format_FPR_0.01,-0.00080348175426849661,-0.00082209574824238353,-0.0014730498828255771,-0.00020087043856712415,1000,independent_deployment_rule_held_fixed,conditional_sampling,format_x_class
CodeBERT_partial_s2026__stack,LightGBM,fixed_per_format_TPR_0.05,0.00086292731496839803,0.00088350481247925425,0.0001327580484566937,0.0015930965814803244,1000,independent_deployment_rule_held_fixed,conditional_sampling,format_x_class
CodeBERT_partial_s2026__stack,LightGBM,fixed_per_format_FPR_0.05,-0.0002678272514228322,-0.00027505858721124871,-0.0015400066956812869,0.00087043856712420314,1000,independent_deployment_rule_held_fixed,conditional_sampling,format_x_class
CodeBERT_partial_s2027__stack,LightGBM,ROC_AUC,0.00011205543748538105,0.00011233478495318783,7.9525715538394942e-05,0.00014852967794616313,1000,none,conditional_sampling,format_x_class
CodeBERT_partial_s2027__stack,LightGBM,AP,9.9132155012782164e-05,9.9625603371383044e-05,6.9138115708819453e-05,0.00013316648695142763,1000,none,conditional_sampling,format_x_class
CodeBERT_partial_s2027__stack,LightGBM,Accuracy,0.00016666666666664831,0.00017640000000000155,-0.00056666666666660426,0.00083416666666668508,1000,none,conditional_sampling,format_x_class
CodeBERT_partial_s2027__stack,LightGBM,F1,0.0001949609890806725,0.00020420699061223657,-0.00052579209093620016,0.00088511096725515644,1000,none,conditional_sampling,format_x_class
CodeBERT_partial_s2027__stack,LightGBM,Brier,-0.0014492264851827322,-0.0014527041283233361,-0.0017304935633403106,-0.0011968075181431192,1000,none,conditional_sampling,format_x_class
CodeBERT_partial_s2027__stack,LightGBM,LogLoss,-0.013574385675329093,-0.013571735737752883,-0.015818418268062164,-0.011537275445987665,1000,none,conditional_sampling,format_x_class
CodeBERT_partial_s2027__stack,LightGBM,ECE,-0.0104097073230042,-0.0100345487453123,-0.011528293010947814,-0.0085048072032084428,1000,none,conditional_sampling,format_x_class
CodeBERT_partial_s2027__stack,LightGBM,oracle_pooled_TPR_0.001,-0.0044473946232991279,0.0028967142383006968,-0.0073016926651178204,0.017990375041486928,1000,oracle_reselected_in_each_resample,exploratory_extreme_tail,format_x_class
CodeBERT_partial_s2027__stack,LightGBM,oracle_pooled_TPR_0.005,-0.0003982741453700811,0.0044108861599734496,-0.0039213408562894757,0.012149020909392625,1000,oracle_reselected_in_each_resample,conditional_sampling,format_x_class
CodeBERT_partial_s2027__stack,LightGBM,oracle_pooled_TPR_0.01,0.0005310321938267748,0.00023630932625290602,-0.0027231994689678185,0.002920677066047042,1000,oracle_reselected_in_each_resample,conditional_sampling,format_x_class
CodeBERT_partial_s2027__stack,LightGBM,oracle_pooled_TPR_0.05,0.00099568536342509173,0.00091005642217059277,0,0.001792233654165365,1000,oracle_reselected_in_each_resample,conditional_sampling,format_x_class
CodeBERT_partial_s2027__stack,LightGBM,oracle_per_format_TPR_0.001,0.0057085960836376071,0.0019655492864254919,-0.0058446730833057181,0.012877530700298734,1000,oracle_reselected_in_each_resample,exploratory_extreme_tail,format_x_class
CodeBERT_partial_s2027__stack,LightGBM,oracle_per_format_TPR_0.005,0.0015267175572518665,0.0018065051443743765,-0.0034533687354796339,0.0075705277132426191,1000,oracle_reselected_in_each_resample,conditional_sampling,format_x_class
CodeBERT_partial_s2027__stack,LightGBM,oracle_per_format_TPR_0.01,0.0017922336541652539,0.0027346166611350799,-0.0016594756057085602,0.0073016926651178204,1000,oracle_reselected_in_each_resample,conditional_sampling,format_x_class
CodeBERT_partial_s2027__stack,LightGBM,oracle_per_format_TPR_0.05,0.00086292731496850905,0.00098194490540989181,-1.659475605708577e-06,0.0020577497510786413,1000,oracle_reselected_in_each_resample,conditional_sampling,format_x_class
CodeBERT_partial_s2027__stack,LightGBM,fixed_pooled_TPR_0.001,0.011948224361101878,0.01193986060404912,0.0099568536342515834,0.013939595087952176,1000,independent_deployment_rule_held_fixed,exploratory_extreme_tail,format_x_class
CodeBERT_partial_s2027__stack,LightGBM,fixed_pooled_FPR_0.001,0.00020087043856712415,0.00020073652494141276,-6.6956812855708051e-05,0.0005356545028456644,1000,independent_deployment_rule_held_fixed,exploratory_extreme_tail,format_x_class
CodeBERT_partial_s2027__stack,LightGBM,fixed_pooled_TPR_0.005,-0.0003982741453700811,-0.00038300696979754432,-0.0017922336541652539,0.0010620643876534386,1000,independent_deployment_rule_held_fixed,conditional_sampling,format_x_class
CodeBERT_partial_s2027__stack,LightGBM,fixed_pooled_FPR_0.005,-0.00060261131570137245,-0.00059812520924004003,-0.0011382658185470369,-0.0001339136257114161,1000,independent_deployment_rule_held_fixed,conditional_sampling,format_x_class
CodeBERT_partial_s2027__stack,LightGBM,fixed_pooled_TPR_0.01,0.0002655160969133874,0.00026624626617988676,-0.00086292731496840085,0.0013956189844009882,1000,independent_deployment_rule_held_fixed,conditional_sampling,format_x_class
CodeBERT_partial_s2027__stack,LightGBM,fixed_pooled_FPR_0.01,-0.00060261131570137245,-0.00060502176096417792,-0.001339136257114161,0.0001339136257114161,1000,independent_deployment_rule_held_fixed,conditional_sampling,format_x_class
CodeBERT_partial_s2027__stack,LightGBM,fixed_pooled_TPR_0.05,0.00019913707268504055,0.00019840690341851807,-0.00059741121805501063,0.00093096581480256024,1000,independent_deployment_rule_held_fixed,conditional_sampling,format_x_class
CodeBERT_partial_s2027__stack,LightGBM,fixed_pooled_FPR_0.05,-0.0019417475728155387,-0.0019659859390693006,-0.0032139270170739864,-0.00073652494141279029,1000,independent_deployment_rule_held_fixed,conditional_sampling,format_x_class
CodeBERT_partial_s2027__stack,LightGBM,fixed_per_format_TPR_0.001,-0.0027879190175904567,-0.0027993362097577168,-0.0044473946232991279,-0.0012595419847327748,1000,independent_deployment_rule_held_fixed,exploratory_extreme_tail,format_x_class
CodeBERT_partial_s2027__stack,LightGBM,fixed_per_format_FPR_0.001,0.0001339136257114161,0.00012922664881151658,0,0.00033478406427854025,1000,independent_deployment_rule_held_fixed,exploratory_extreme_tail,format_x_class
CodeBERT_partial_s2027__stack,LightGBM,fixed_per_format_TPR_0.005,0.0043146365748423232,0.0043498838367075996,0.0029206770660471504,0.0059077331563225392,1000,independent_deployment_rule_held_fixed,conditional_sampling,format_x_class
CodeBERT_partial_s2027__stack,LightGBM,fixed_per_format_FPR_0.005,0.00033478406427854025,0.00032915969199866078,-0.00020087043856712415,0.0008721124874455958,1000,independent_deployment_rule_held_fixed,conditional_sampling,format_x_class
CodeBERT_partial_s2027__stack,LightGBM,fixed_per_format_TPR_0.01,-0.00033189512114173425,-0.00035771656156654462,-0.0014619980086293366,0.00086292731496850905,1000,independent_deployment_rule_held_fixed,conditional_sampling,format_x_class
CodeBERT_partial_s2027__stack,LightGBM,fixed_per_format_FPR_0.01,-0.00033478406427854025,-0.00035641111483093404,-0.0010043521928356208,0.00033478406427854025,1000,independent_deployment_rule_held_fixed,conditional_sampling,format_x_class
CodeBERT_partial_s2027__stack,LightGBM,fixed_per_format_TPR_0.05,0.00079654829074005118,0.00081785595751742259,6.637902422834685e-05,0.0015283770328575737,1000,independent_deployment_rule_held_fixed,conditional_sampling,format_x_class
CodeBERT_partial_s2027__stack,LightGBM,fixed_per_format_FPR_0.05,-0.00046869768998995809,-0.00045698024774020764,-0.0016069635085369934,0.00066956812855708397,1000,independent_deployment_rule_held_fixed,conditional_sampling,format_x_class
CodeBERT_partial_s2028__stack,LightGBM,ROC_AUC,0.00015958966340579028,0.00016045298183933033,0.00011055985384615385,0.00021200264760533327,1000,none,conditional_sampling,format_x_class
CodeBERT_partial_s2028__stack,LightGBM,AP,0.00013512888428879322,0.00013588307053298399,9.1478218390403371e-05,0.0001809129775118573,1000,none,conditional_sampling,format_x_class
CodeBERT_partial_s2028__stack,LightGBM,Accuracy,0.00063333333333326358,0.00064156666666666771,-0.00016666666666665108,0.0013666666666667382,1000,none,conditional_sampling,format_x_class
CodeBERT_partial_s2028__stack,LightGBM,F1,0.00065714703752917103,0.00066488125970201638,-0.00014426081012671731,0.0014029962083203396,1000,none,conditional_sampling,format_x_class
CodeBERT_partial_s2028__stack,LightGBM,Brier,-0.0015113505980729469,-0.0015148646601121402,-0.0018251221079950948,-0.0012488964616499203,1000,none,conditional_sampling,format_x_class
CodeBERT_partial_s2028__stack,LightGBM,LogLoss,-0.013866998001190775,-0.013866819502679831,-0.016123976414505154,-0.011824165092106745,1000,none,conditional_sampling,format_x_class
CodeBERT_partial_s2028__stack,LightGBM,ECE,-0.010671257559864786,-0.01022102557234443,-0.011607074330817061,-0.008732181025968613,1000,none,conditional_sampling,format_x_class
CodeBERT_partial_s2028__stack,LightGBM,oracle_pooled_TPR_0.001,0.0086956521739129933,0.0043071357451045468,-0.011286093594424229,0.020979090607368127,1000,oracle_reselected_in_each_resample,exploratory_extreme_tail,format_x_class
CodeBERT_partial_s2028__stack,LightGBM,oracle_pooled_TPR_0.005,0.0017922336541652539,0.0042267507467640261,-0.0054447394623299283,0.013479920345170975,1000,oracle_reselected_in_each_resample,conditional_sampling,format_x_class
CodeBERT_partial_s2028__stack,LightGBM,oracle_pooled_TPR_0.01,0.00046465316959842795,-0.00014835711915034565,-0.0035861267839363245,0.0034517092598739252,1000,oracle_reselected_in_each_resample,conditional_sampling,format_x_class
CodeBERT_partial_s2028__stack,LightGBM,oracle_pooled_TPR_0.05,0.00099568536342509173,0.00092811151676070185,0,0.0019249917026219476,1000,oracle_reselected_in_each_resample,conditional_sampling,format_x_class
CodeBERT_partial_s2028__stack,LightGBM,oracle_per_format_TPR_0.001,0.0043810155990707811,0.0076872220378360438,-0.0081662794556919306,0.025091271158313999,1000,oracle_reselected_in_each_resample,exploratory_extreme_tail,format_x_class
CodeBERT_partial_s2028__stack,LightGBM,oracle_per_format_TPR_0.005,0.0035844673083305079,0.0036803186193162989,-0.0027231994689678155,0.010819780949220092,1000,oracle_reselected_in_each_resample,conditional_sampling,format_x_class
CodeBERT_partial_s2028__stack,LightGBM,oracle_per_format_TPR_0.01,0.0029870560902754972,0.0039160305343511441,-0.00073182874211741571,0.0085645536010621158,1000,oracle_reselected_in_each_resample,conditional_sampling,format_x_class
CodeBERT_partial_s2028__stack,LightGBM,oracle_per_format_TPR_0.05,0.00092930633919674488,0.00093813474941918337,-0.00020079654829074635,0.0020577497510786413,1000,oracle_reselected_in_each_resample,conditional_sampling,format_x_class
CodeBERT_partial_s2028__stack,LightGBM,fixed_pooled_TPR_0.001,0.0098904746100232366,0.0098652505808164617,0.0076999668104879015,0.012147361433786918,1000,independent_deployment_rule_held_fixed,exploratory_extreme_tail,format_x_class
CodeBERT_partial_s2028__stack,LightGBM,fixed_pooled_FPR_0.001,0.00020087043856712415,0.00019899564780716434,-6.6956812855708051e-05,0.0005356545028456644,1000,independent_deployment_rule_held_fixed,exploratory_extreme_tail,format_x_class
CodeBERT_partial_s2028__stack,LightGBM,fixed_pooled_TPR_0.005,0.0011948224361101323,0.0012042482575506143,-0.0005310321938266666,0.002789578493196161,1000,independent_deployment_rule_held_fixed,conditional_sampling,format_x_class
CodeBERT_partial_s2028__stack,LightGBM,fixed_pooled_FPR_0.005,-0.0002678272514228322,-0.00026354201540006693,-0.00080348175426849661,0.0002678272514228322,1000,independent_deployment_rule_held_fixed,conditional_sampling,format_x_class
CodeBERT_partial_s2028__stack,LightGBM,fixed_pooled_TPR_0.01,0.0002655160969133874,0.00028669100564221607,-0.0011301028874876023,0.0017258546299369071,1000,independent_deployment_rule_held_fixed,conditional_sampling,format_x_class
CodeBERT_partial_s2028__stack,LightGBM,fixed_pooled_FPR_0.01,-0.00073652494141278856,-0.00073819886173418121,-0.0014730498828255771,0,1000,independent_deployment_rule_held_fixed,conditional_sampling,format_x_class
CodeBERT_partial_s2028__stack,LightGBM,fixed_pooled_TPR_0.05,-6.637902422834685e-05,-6.8171257882509111e-05,-0.0009293063391968559,0.0007965482907401622,1000,independent_deployment_rule_held_fixed,conditional_sampling,format_x_class
CodeBERT_partial_s2028__stack,LightGBM,fixed_pooled_FPR_0.05,-0.0024104452628054898,-0.0024174757281553395,-0.0038834951456310635,-0.0010043521928356225,1000,independent_deployment_rule_held_fixed,conditional_sampling,format_x_class
CodeBERT_partial_s2028__stack,LightGBM,fixed_per_format_TPR_0.001,0.0019913707268502945,0.0019565217391304345,-6.8038499834055427e-05,0.0041818785263856295,1000,independent_deployment_rule_held_fixed,exploratory_extreme_tail,format_x_class
CodeBERT_partial_s2028__stack,LightGBM,fixed_per_format_FPR_0.001,0.00020087043856712415,0.00019497823903582185,-6.6956812855708051e-05,0.00046869768998995679,1000,independent_deployment_rule_held_fixed,exploratory_extreme_tail,format_x_class
CodeBERT_partial_s2028__stack,LightGBM,fixed_per_format_TPR_0.005,0.0027879190175904567,0.0028136740789910394,0.0011284434118818965,0.0045137736475273638,1000,independent_deployment_rule_held_fixed,conditional_sampling,format_x_class
CodeBERT_partial_s2028__stack,LightGBM,fixed_per_format_FPR_0.005,0.0002678272514228322,0.00026983595580850348,-0.00033478406427854025,0.00087043856712420466,1000,independent_deployment_rule_held_fixed,conditional_sampling,format_x_class
CodeBERT_partial_s2028__stack,LightGBM,fixed_per_format_TPR_0.01,0.0001327580484566937,0.00010514437437769541,-0.001327580484566826,0.0015930965814802162,1000,independent_deployment_rule_held_fixed,conditional_sampling,format_x_class
CodeBERT_partial_s2028__stack,LightGBM,fixed_per_format_FPR_0.01,-0.0010713090056913288,-0.0010693003013056577,-0.0018078339471041174,-0.0004017408771342483,1000,independent_deployment_rule_held_fixed,conditional_sampling,format_x_class
CodeBERT_partial_s2028__stack,LightGBM,fixed_per_format_TPR_0.05,0.00086292731496839803,0.00088609359442416008,6.637902422834685e-05,0.0017258546299369071,1000,independent_deployment_rule_held_fixed,conditional_sampling,format_x_class
CodeBERT_partial_s2028__stack,LightGBM,fixed_per_format_FPR_0.05,-0.00080348175426849661,-0.00080676263809842668,-0.0023434884499497835,0.00066956812855707704,1000,independent_deployment_rule_held_fixed,conditional_sampling,format_x_class
CodeBERT_unfrozen_s2026__stack,LightGBM,ROC_AUC,7.7352563620403103e-05,7.7605306144086115e-05,4.4754729283266736e-05,0.00010994695344835325,1000,none,conditional_sampling,format_x_class
CodeBERT_unfrozen_s2026__stack,LightGBM,AP,6.2785050405689269e-05,6.3184627550712415e-05,3.1787622200021851e-05,9.2921159545206189e-05,1000,none,conditional_sampling,format_x_class
CodeBERT_unfrozen_s2026__stack,LightGBM,Accuracy,9.9999999999988987e-05,9.5533333333333803e-05,-0.0005333333333332746,0.00073333333333325539,1000,none,conditional_sampling,format_x_class
CodeBERT_unfrozen_s2026__stack,LightGBM,F1,0.00012415126818310362,0.00011913952551234208,-0.00049963608057816136,0.00074331941090715031,1000,none,conditional_sampling,format_x_class
CodeBERT_unfrozen_s2026__stack,LightGBM,Brier,-0.0013249788394318097,-0.0013277103100115171,-0.0015989806739565189,-0.0010889634500335704,1000,none,conditional_sampling,format_x_class
CodeBERT_unfrozen_s2026__stack,LightGBM,LogLoss,-0.013123994073407655,-0.013119050944170088,-0.015306136939038076,-0.011112553213874115,1000,none,conditional_sampling,format_x_class
CodeBERT_unfrozen_s2026__stack,LightGBM,ECE,-0.010562583944316927,-0.010286578233886477,-0.011719601997933021,-0.0087439562595150195,1000,none,conditional_sampling,format_x_class
CodeBERT_unfrozen_s2026__stack,LightGBM,oracle_pooled_TPR_0.001,0.0002655160969133874,0.00089538665781613085,-0.0087620311981413436,0.018529704613342236,1000,oracle_reselected_in_each_resample,exploratory_extreme_tail,format_x_class
CodeBERT_unfrozen_s2026__stack,LightGBM,oracle_pooled_TPR_0.005,-0.00073016926651181535,0.0015360769996681045,-0.0064387653501494224,0.0098971125124460661,1000,oracle_reselected_in_each_resample,conditional_sampling,format_x_class
CodeBERT_unfrozen_s2026__stack,LightGBM,oracle_pooled_TPR_0.01,-0.0007965482907401622,-0.0015894457351476891,-0.0045137736475273638,0.0013275804845668288,1000,oracle_reselected_in_each_resample,conditional_sampling,format_x_class
CodeBERT_unfrozen_s2026__stack,LightGBM,oracle_pooled_TPR_0.05,0.0012612014603384791,0.00082714902090939141,-0.0001327580484566937,0.0017922336541652539,1000,oracle_reselected_in_each_resample,conditional_sampling,format_x_class
CodeBERT_unfrozen_s2026__stack,LightGBM,oracle_per_format_TPR_0.001,0.0021905077995354461,0.0036135413209425816,-0.0082309990043145653,0.025426485230667036,1000,oracle_reselected_in_each_resample,exploratory_extreme_tail,format_x_class
CodeBERT_unfrozen_s2026__stack,LightGBM,oracle_per_format_TPR_0.005,-0.002190507799535335,-0.00051510122801194701,-0.005577497510786622,0.0050464653169598455,1000,oracle_reselected_in_each_resample,conditional_sampling,format_x_class
CodeBERT_unfrozen_s2026__stack,LightGBM,oracle_per_format_TPR_0.01,0.0014603385330235197,0.0017701958181214716,-0.0023249253235978454,0.0060421506803850457,1000,oracle_reselected_in_each_resample,conditional_sampling,format_x_class
CodeBERT_unfrozen_s2026__stack,LightGBM,oracle_per_format_TPR_0.05,0.00092930633919674488,0.000892997012943911,-0.0001327580484566937,0.0019249917026219505,1000,oracle_reselected_in_each_resample,conditional_sampling,format_x_class
CodeBERT_unfrozen_s2026__stack,LightGBM,fixed_pooled_TPR_0.001,0.00092930633919674488,0.00089266511782276799,-0.00073016926651181535,0.0025887819449053077,1000,independent_deployment_rule_held_fixed,exploratory_extreme_tail,format_x_class
CodeBERT_unfrozen_s2026__stack,LightGBM,fixed_pooled_FPR_0.001,-0.0001339136257114161,-0.00013431536658855037,-0.00033478406427854047,0,1000,independent_deployment_rule_held_fixed,exploratory_extreme_tail,format_x_class
CodeBERT_unfrozen_s2026__stack,LightGBM,fixed_pooled_TPR_0.005,6.637902422834685e-05,8.197809492200459e-05,-0.0013939595087951728,0.0015267175572519776,1000,independent_deployment_rule_held_fixed,conditional_sampling,format_x_class
CodeBERT_unfrozen_s2026__stack,LightGBM,fixed_pooled_FPR_0.005,-0.0001339136257114161,-0.00013190492132574488,-0.0005356545028456644,0.00020087043856712415,1000,independent_deployment_rule_held_fixed,conditional_sampling,format_x_class
CodeBERT_unfrozen_s2026__stack,LightGBM,fixed_pooled_TPR_0.01,0.0002655160969133874,0.00028270826418851536,-0.00086292731496839803,0.0013939595087951728,1000,independent_deployment_rule_held_fixed,conditional_sampling,format_x_class
CodeBERT_unfrozen_s2026__stack,LightGBM,fixed_pooled_FPR_0.01,-0.0002678272514228322,-0.00027807164378975552,-0.00093739537997991271,0.00033478406427854025,1000,independent_deployment_rule_held_fixed,conditional_sampling,format_x_class
CodeBERT_unfrozen_s2026__stack,LightGBM,fixed_pooled_TPR_0.05,0.00046465316959831693,0.00045077995353468139,-0.00033189512114173425,0.0011948224361101323,1000,independent_deployment_rule_held_fixed,conditional_sampling,format_x_class
CodeBERT_unfrozen_s2026__stack,LightGBM,fixed_pooled_FPR_0.05,-0.0014730498828255806,-0.0014803481754268497,-0.0026113157013726157,-0.00033478406427854546,1000,independent_deployment_rule_held_fixed,conditional_sampling,format_x_class
CodeBERT_unfrozen_s2026__stack,LightGBM,fixed_per_format_TPR_0.001,0.0029206770660470394,0.0028766013939595086,0.0011267839362760796,0.0047129107202124043,1000,independent_deployment_rule_held_fixed,exploratory_extreme_tail,format_x_class
CodeBERT_unfrozen_s2026__stack,LightGBM,fixed_per_format_FPR_0.001,6.6956812855708051e-05,6.394375627720119e-05,0,0.00020087043856712437,1000,independent_deployment_rule_held_fixed,exploratory_extreme_tail,format_x_class
CodeBERT_unfrozen_s2026__stack,LightGBM,fixed_per_format_TPR_0.005,0.00033189512114173425,0.00033375373382011242,-0.0010637238632592555,0.0017258546299369071,1000,independent_deployment_rule_held_fixed,conditional_sampling,format_x_class
CodeBERT_unfrozen_s2026__stack,LightGBM,fixed_per_format_FPR_0.005,-0.0001339136257114161,-0.00012654837629728823,-0.00060261131570137245,0.00033478406427854025,1000,independent_deployment_rule_held_fixed,conditional_sampling,format_x_class
CodeBERT_unfrozen_s2026__stack,LightGBM,fixed_per_format_TPR_0.01,-0.0010620643876535496,-0.0010799867241951563,-0.0022568868237636819,0.0001327580484566937,1000,independent_deployment_rule_held_fixed,conditional_sampling,format_x_class
CodeBERT_unfrozen_s2026__stack,LightGBM,fixed_per_format_FPR_0.01,-0.00060261131570137245,-0.00060488784733846645,-0.001272179444258453,0,1000,independent_deployment_rule_held_fixed,conditional_sampling,format_x_class
CodeBERT_unfrozen_s2026__stack,LightGBM,fixed_per_format_TPR_0.05,0.00079654829074005118,0.00081812147361433655,0.0001327580484566937,0.0015930965814802134,1000,independent_deployment_rule_held_fixed,conditional_sampling,format_x_class
CodeBERT_unfrozen_s2026__stack,LightGBM,fixed_per_format_FPR_0.05,-0.0012721794442584547,-0.0012769333779712086,-0.0023434884499497835,-0.00020087043856712589,1000,independent_deployment_rule_held_fixed,conditional_sampling,format_x_class
CodeBERT_unfrozen_s2027__stack,LightGBM,ROC_AUC,0.00010048633135439911,0.00010021253510205308,4.8194460540382238e-05,0.00015206374430810354,1000,none,conditional_sampling,format_x_class
CodeBERT_unfrozen_s2027__stack,LightGBM,AP,8.8516967268192914e-05,8.8415346652156998e-05,3.6118034317869641e-05,0.00014034725262178637,1000,none,conditional_sampling,format_x_class
CodeBERT_unfrozen_s2027__stack,LightGBM,Accuracy,6.6666666666659324e-05,7.886666666666675e-05,-0.00080000000000002292,0.00093333333333334156,1000,none,conditional_sampling,format_x_class
CodeBERT_unfrozen_s2027__stack,LightGBM,F1,9.6087063318095467e-05,0.00010806585774723454,-0.00076220096721348334,0.00095402514223192627,1000,none,conditional_sampling,format_x_class
CodeBERT_unfrozen_s2027__stack,LightGBM,Brier,-0.001378575436761887,-0.0013834167710815985,-0.0017052388763613752,-0.0010908194201613769,1000,none,conditional_sampling,format_x_class
CodeBERT_unfrozen_s2027__stack,LightGBM,LogLoss,-0.013331883893766466,-0.013327193204700482,-0.015575535054144798,-0.011229973661971338,1000,none,conditional_sampling,format_x_class
CodeBERT_unfrozen_s2027__stack,LightGBM,ECE,-0.010883373677026246,-0.010391750986520856,-0.011837553931700707,-0.0088482226634512308,1000,none,conditional_sampling,format_x_class
CodeBERT_unfrozen_s2027__stack,LightGBM,oracle_pooled_TPR_0.001,0.0085628941254562996,0.0080035180882840999,-0.010688682376368996,0.029274809160305337,1000,oracle_reselected_in_each_resample,exploratory_extreme_tail,format_x_class
CodeBERT_unfrozen_s2027__stack,LightGBM,oracle_pooled_TPR_0.005,0.00092930633919674488,0.0029654165283770329,-0.0077680053103219571,0.012479256554928653,1000,oracle_reselected_in_each_resample,conditional_sampling,format_x_class
CodeBERT_unfrozen_s2027__stack,LightGBM,oracle_pooled_TPR_0.01,-0.0011948224361102433,-0.0022754065715233961,-0.0057085960836376071,0.0013939595087951728,1000,oracle_reselected_in_each_resample,conditional_sampling,format_x_class
CodeBERT_unfrozen_s2027__stack,LightGBM,oracle_pooled_TPR_0.05,0.0016594756057085602,0.0014503816793893123,0.0003982741453700811,0.0023896448722203756,1000,oracle_reselected_in_each_resample,conditional_sampling,format_x_class
CodeBERT_unfrozen_s2027__stack,LightGBM,oracle_per_format_TPR_0.001,0.0031861931629605378,0.0082128111516760714,-0.0075024892134085697,0.034454032525721878,1000,oracle_reselected_in_each_resample,exploratory_extreme_tail,format_x_class
CodeBERT_unfrozen_s2027__stack,LightGBM,oracle_per_format_TPR_0.005,0.0034517092598739252,0.0022305343511450399,-0.0053103219382674175,0.0099601725854629956,1000,oracle_reselected_in_each_resample,conditional_sampling,format_x_class
CodeBERT_unfrozen_s2027__stack,LightGBM,oracle_per_format_TPR_0.01,0.003518088284102161,0.0037775638898108178,-0.0015930965814802134,0.0088300696979753974,1000,oracle_reselected_in_each_resample,conditional_sampling,format_x_class
CodeBERT_unfrozen_s2027__stack,LightGBM,oracle_per_format_TPR_0.05,0.00092930633919674488,0.0010586790574178546,-0.0002655160969133874,0.0022568868237636819,1000,oracle_reselected_in_each_resample,conditional_sampling,format_x_class
CodeBERT_unfrozen_s2027__stack,LightGBM,fixed_pooled_TPR_0.001,0.0092930633919681149,0.0092762694988383666,0.0068370394955193925,0.011682708264188602,1000,independent_deployment_rule_held_fixed,exploratory_extreme_tail,format_x_class
CodeBERT_unfrozen_s2027__stack,LightGBM,fixed_pooled_FPR_0.001,6.6956812855708051e-05,6.7827251422832274e-05,-0.0002678272514228322,0.00033478406427854047,1000,independent_deployment_rule_held_fixed,exploratory_extreme_tail,format_x_class
CodeBERT_unfrozen_s2027__stack,LightGBM,fixed_pooled_TPR_0.005,-0.00086292731496850905,-0.00084679721208098075,-0.002655160969133763,0.00092930633919674488,1000,independent_deployment_rule_held_fixed,conditional_sampling,format_x_class
CodeBERT_unfrozen_s2027__stack,LightGBM,fixed_pooled_FPR_0.005,-0.0001339136257114161,-0.00012427184466019415,-0.00073652494141278856,0.00046869768998995635,1000,independent_deployment_rule_held_fixed,conditional_sampling,format_x_class
CodeBERT_unfrozen_s2027__stack,LightGBM,fixed_pooled_TPR_0.01,-0.0001327580484566937,-0.00014324593428476618,-0.0015930965814802134,0.0013939595087952839,1000,independent_deployment_rule_held_fixed,conditional_sampling,format_x_class
CodeBERT_unfrozen_s2027__stack,LightGBM,fixed_pooled_FPR_0.01,-0.0002678272514228322,-0.0002668898560428523,-0.0010043521928356208,0.00046869768998995635,1000,independent_deployment_rule_held_fixed,conditional_sampling,format_x_class
CodeBERT_unfrozen_s2027__stack,LightGBM,fixed_pooled_TPR_0.05,0.00073016926651170433,0.00073693992698307118,-0.00019913707268504055,0.0015930965814803244,1000,independent_deployment_rule_held_fixed,conditional_sampling,format_x_class
CodeBERT_unfrozen_s2027__stack,LightGBM,fixed_pooled_FPR_0.05,-0.0022095748242383709,-0.0022061600267827249,-0.0036156678942082313,-0.00066956812855708397,1000,independent_deployment_rule_held_fixed,conditional_sampling,format_x_class
CodeBERT_unfrozen_s2027__stack,LightGBM,fixed_per_format_TPR_0.001,0.0031861931629604268,0.0031798207766345842,0.00099568536342519993,0.0054430799867242197,1000,independent_deployment_rule_held_fixed,exploratory_extreme_tail,format_x_class
CodeBERT_unfrozen_s2027__stack,LightGBM,fixed_per_format_FPR_0.001,0.00020087043856712415,0.00019926347505858715,0,0.00046869768998995635,1000,independent_deployment_rule_held_fixed,exploratory_extreme_tail,format_x_class
CodeBERT_unfrozen_s2027__stack,LightGBM,fixed_per_format_TPR_0.005,0.0027879190175904567,0.0028119482243611021,0.0010587454364420243,0.0046465316959840575,1000,independent_deployment_rule_held_fixed,conditional_sampling,format_x_class
CodeBERT_unfrozen_s2027__stack,LightGBM,fixed_per_format_FPR_0.005,0.00066956812855708051,0.00065865416806160006,6.6956812855708051e-05,0.001272179444258453,1000,independent_deployment_rule_held_fixed,conditional_sampling,format_x_class
CodeBERT_unfrozen_s2027__stack,LightGBM,fixed_per_format_TPR_0.01,-0.0011284434118817854,-0.0011664122137404575,-0.0027215399933621098,0.00046465316959842795,1000,independent_deployment_rule_held_fixed,conditional_sampling,format_x_class
CodeBERT_unfrozen_s2027__stack,LightGBM,fixed_per_format_FPR_0.01,-0.00073652494141278856,-0.0007516571811181787,-0.0014730498828255771,0,1000,independent_deployment_rule_held_fixed,conditional_sampling,format_x_class
CodeBERT_unfrozen_s2027__stack,LightGBM,fixed_per_format_TPR_0.05,0.0011284434118817854,0.0011664785927646849,0.0002655160969133874,0.0020577497510786413,1000,independent_deployment_rule_held_fixed,conditional_sampling,format_x_class
CodeBERT_unfrozen_s2027__stack,LightGBM,fixed_per_format_FPR_0.05,-0.00073652494141279029,-0.00074020756611985271,-0.0021426180113826576,0.00066956812855707704,1000,independent_deployment_rule_held_fixed,conditional_sampling,format_x_class
CodeBERT_unfrozen_s2028__stack,LightGBM,ROC_AUC,0.00011698441892959988,0.00011772373059005214,7.647443601995762e-05,0.00015896665170710145,1000,none,conditional_sampling,format_x_class
CodeBERT_unfrozen_s2028__stack,LightGBM,AP,9.581375167022621e-05,9.6599524048075918e-05,5.940474477085234e-05,0.00013168107900325687,1000,none,conditional_sampling,format_x_class
CodeBERT_unfrozen_s2028__stack,LightGBM,Accuracy,0.00073333333333325257,0.0007319333333333345,-3.3333333333329662e-05,0.0014675000000000569,1000,none,conditional_sampling,format_x_class
CodeBERT_unfrozen_s2028__stack,LightGBM,F1,0.00076222082297705551,0.00076034822428192527,8.1345969680457669e-06,0.0015018077839557662,1000,none,conditional_sampling,format_x_class
CodeBERT_unfrozen_s2028__stack,LightGBM,Brier,-0.0014288562216665905,-0.0014334505517746444,-0.001724465465912213,-0.0011697591184858939,1000,none,conditional_sampling,format_x_class
CodeBERT_unfrozen_s2028__stack,LightGBM,LogLoss,-0.013510179274154585,-0.013510257972382433,-0.01571907264569989,-0.011449470769486578,1000,none,conditional_sampling,format_x_class
CodeBERT_unfrozen_s2028__stack,LightGBM,ECE,-0.010891157002973707,-0.010420941699904259,-0.01179943743417728,-0.008930798475865068,1000,none,conditional_sampling,format_x_class
CodeBERT_unfrozen_s2028__stack,LightGBM,oracle_pooled_TPR_0.001,0.0055758380351808023,0.0035359442416196484,-0.011219714570195879,0.017394623299037508,1000,oracle_reselected_in_each_resample,exploratory_extreme_tail,format_x_class
CodeBERT_unfrozen_s2028__stack,LightGBM,oracle_pooled_TPR_0.005,-0.002190507799535335,0.001342781281115168,-0.0061085297046133942,0.0077016262860936085,1000,oracle_reselected_in_each_resample,conditional_sampling,format_x_class
CodeBERT_unfrozen_s2028__stack,LightGBM,oracle_pooled_TPR_0.01,-0.001327580484566937,-0.0012776634583471606,-0.004449054098904834,0.0023232658479920287,1000,oracle_reselected_in_each_resample,conditional_sampling,format_x_class
CodeBERT_unfrozen_s2028__stack,LightGBM,oracle_pooled_TPR_0.05,0.0015267175572518665,0.0013269166943245916,6.637902422834685e-05,0.0024560238964487224,1000,oracle_reselected_in_each_resample,conditional_sampling,format_x_class
CodeBERT_unfrozen_s2028__stack,LightGBM,oracle_per_format_TPR_0.001,0.0065715233986061161,0.0065137736475273794,-0.0054430799867242197,0.018589445735147644,1000,oracle_reselected_in_each_resample,exploratory_extreme_tail,format_x_class
CodeBERT_unfrozen_s2028__stack,LightGBM,oracle_per_format_TPR_0.005,-0.00086292731496850905,0.00020982409558579674,-0.0059077331563225366,0.0071705940922669421,1000,oracle_reselected_in_each_resample,conditional_sampling,format_x_class
CodeBERT_unfrozen_s2028__stack,LightGBM,oracle_per_format_TPR_0.01,0.0025224029206770693,0.0018819780949220022,-0.0024560238964487224,0.0064420843013607261,1000,oracle_reselected_in_each_resample,conditional_sampling,format_x_class
CodeBERT_unfrozen_s2028__stack,LightGBM,oracle_per_format_TPR_0.05,0.00099568536342509173,0.0010400929306339215,-6.637902422834685e-05,0.002190507799535335,1000,oracle_reselected_in_each_resample,conditional_sampling,format_x_class
CodeBERT_unfrozen_s2028__stack,LightGBM,fixed_pooled_TPR_0.001,0.010155990706936624,0.010125058081646198,0.008164619980086326,0.012215399933620972,1000,independent_deployment_rule_held_fixed,exploratory_extreme_tail,format_x_class
CodeBERT_unfrozen_s2028__stack,LightGBM,fixed_pooled_FPR_0.001,0,4.0174087713424699e-07,-0.00020087043856712415,0.00020087043856712415,1000,independent_deployment_rule_held_fixed,exploratory_extreme_tail,format_x_class
CodeBERT_unfrozen_s2028__stack,LightGBM,fixed_pooled_TPR_0.005,-0.0018586126783937118,-0.0018552937271822105,-0.0034517092598738168,-0.00033189512114173425,1000,independent_deployment_rule_held_fixed,conditional_sampling,format_x_class
CodeBERT_unfrozen_s2028__stack,LightGBM,fixed_pooled_FPR_0.005,-0.0001339136257114161,-0.00012976230331436222,-0.00060261131570137245,0.0004017408771342483,1000,independent_deployment_rule_held_fixed,conditional_sampling,format_x_class
CodeBERT_unfrozen_s2028__stack,LightGBM,fixed_pooled_TPR_0.01,-0.0002655160969133874,-0.00026186525058081734,-0.0015267175572518665,0.00099568536342520275,1000,independent_deployment_rule_held_fixed,conditional_sampling,format_x_class
CodeBERT_unfrozen_s2028__stack,LightGBM,fixed_pooled_FPR_0.01,-0.00060261131570137245,-0.00060696350853699352,-0.001339136257114161,0.0001339136257114161,1000,independent_deployment_rule_held_fixed,conditional_sampling,format_x_class
CodeBERT_unfrozen_s2028__stack,LightGBM,fixed_pooled_TPR_0.05,0.00066379024228335748,0.00066166611350812986,-0.0001327580484566937,0.0015267175572518665,1000,independent_deployment_rule_held_fixed,conditional_sampling,format_x_class
CodeBERT_unfrozen_s2028__stack,LightGBM,fixed_pooled_FPR_0.05,-0.0017408771342484128,-0.0017436223635754939,-0.0030130565785068605,-0.00046869768998995809,1000,independent_deployment_rule_held_fixed,conditional_sampling,format_x_class
CodeBERT_unfrozen_s2028__stack,LightGBM,fixed_per_format_TPR_0.001,0.0040491204779289358,0.0040460670428144711,0.0021871888483239177,0.005974112180550886,1000,independent_deployment_rule_held_fixed,exploratory_extreme_tail,format_x_class
CodeBERT_unfrozen_s2028__stack,LightGBM,fixed_per_format_FPR_0.001,0.0001339136257114161,0.0001296283896886508,0,0.00033478406427854025,1000,independent_deployment_rule_held_fixed,exploratory_extreme_tail,format_x_class
CodeBERT_unfrozen_s2028__stack,LightGBM,fixed_per_format_TPR_0.005,0.0029870560902754972,0.0030269498838367058,0.001392300033189467,0.0047792897444407512,1000,independent_deployment_rule_held_fixed,conditional_sampling,format_x_class
CodeBERT_unfrozen_s2028__stack,LightGBM,fixed_per_format_FPR_0.005,0.0004017408771342483,0.00039290257783729487,-0.0001339136257114161,0.00093739537997991271,1000,independent_deployment_rule_held_fixed,conditional_sampling,format_x_class
CodeBERT_unfrozen_s2028__stack,LightGBM,fixed_per_format_TPR_0.01,0.0005310321938267748,0.00049478924659807609,-0.000796548290740054,0.0017258546299370181,1000,independent_deployment_rule_held_fixed,conditional_sampling,format_x_class
CodeBERT_unfrozen_s2028__stack,LightGBM,fixed_per_format_FPR_0.01,-0.0002678272514228322,-0.00029199866086374282,-0.0010043521928356208,0.00046869768998995635,1000,independent_deployment_rule_held_fixed,conditional_sampling,format_x_class
CodeBERT_unfrozen_s2028__stack,LightGBM,fixed_per_format_TPR_0.05,0.00079654829074005118,0.00083903086624626401,6.6379024228344072e-05,0.0016611350813143756,1000,independent_deployment_rule_held_fixed,conditional_sampling,format_x_class
CodeBERT_unfrozen_s2028__stack,LightGBM,fixed_per_format_FPR_0.05,-0.0015400066956812869,-0.0015543354536324073,-0.0028121861399397347,-0.00040006695681285386,1000,independent_deployment_rule_held_fixed,conditional_sampling,format_x_class
CodeBERT_partial_s2026__fusion_ROC_AUC,LightGBM,ROC_AUC,0,0,0,0,1000,none,conditional_sampling,format_x_class
CodeBERT_partial_s2026__fusion_ROC_AUC,LightGBM,AP,0,0,0,0,1000,none,conditional_sampling,format_x_class
CodeBERT_partial_s2026__fusion_ROC_AUC,LightGBM,Accuracy,0,0,0,0,1000,none,conditional_sampling,format_x_class
CodeBERT_partial_s2026__fusion_ROC_AUC,LightGBM,F1,0,0,0,0,1000,none,conditional_sampling,format_x_class
CodeBERT_partial_s2026__fusion_ROC_AUC,LightGBM,Brier,0,0,0,0,1000,none,conditional_sampling,format_x_class
CodeBERT_partial_s2026__fusion_ROC_AUC,LightGBM,LogLoss,0,0,0,0,1000,none,conditional_sampling,format_x_class
CodeBERT_partial_s2026__fusion_ROC_AUC,LightGBM,ECE,0,0,0,0,1000,none,conditional_sampling,format_x_class
CodeBERT_partial_s2026__fusion_ROC_AUC,LightGBM,oracle_pooled_TPR_0.001,0,0,0,0,1000,oracle_reselected_in_each_resample,exploratory_extreme_tail,format_x_class
CodeBERT_partial_s2026__fusion_ROC_AUC,LightGBM,oracle_pooled_TPR_0.005,0,0,0,0,1000,oracle_reselected_in_each_resample,conditional_sampling,format_x_class
CodeBERT_partial_s2026__fusion_ROC_AUC,LightGBM,oracle_pooled_TPR_0.01,0,0,0,0,1000,oracle_reselected_in_each_resample,conditional_sampling,format_x_class
CodeBERT_partial_s2026__fusion_ROC_AUC,LightGBM,oracle_pooled_TPR_0.05,0,0,0,0,1000,oracle_reselected_in_each_resample,conditional_sampling,format_x_class
CodeBERT_partial_s2026__fusion_ROC_AUC,LightGBM,oracle_per_format_TPR_0.001,0,0,0,0,1000,oracle_reselected_in_each_resample,exploratory_extreme_tail,format_x_class
CodeBERT_partial_s2026__fusion_ROC_AUC,LightGBM,oracle_per_format_TPR_0.005,0,0,0,0,1000,oracle_reselected_in_each_resample,conditional_sampling,format_x_class
CodeBERT_partial_s2026__fusion_ROC_AUC,LightGBM,oracle_per_format_TPR_0.01,0,0,0,0,1000,oracle_reselected_in_each_resample,conditional_sampling,format_x_class
CodeBERT_partial_s2026__fusion_ROC_AUC,LightGBM,oracle_per_format_TPR_0.05,0,0,0,0,1000,oracle_reselected_in_each_resample,conditional_sampling,format_x_class
CodeBERT_partial_s2026__fusion_ROC_AUC,LightGBM,fixed_pooled_TPR_0.001,0,0,0,0,1000,independent_deployment_rule_held_fixed,exploratory_extreme_tail,format_x_class
CodeBERT_partial_s2026__fusion_ROC_AUC,LightGBM,fixed_pooled_FPR_0.001,0,0,0,0,1000,independent_deployment_rule_held_fixed,exploratory_extreme_tail,format_x_class
CodeBERT_partial_s2026__fusion_ROC_AUC,LightGBM,fixed_pooled_TPR_0.005,0,0,0,0,1000,independent_deployment_rule_held_fixed,conditional_sampling,format_x_class
CodeBERT_partial_s2026__fusion_ROC_AUC,LightGBM,fixed_pooled_FPR_0.005,0,0,0,0,1000,independent_deployment_rule_held_fixed,conditional_sampling,format_x_class
CodeBERT_partial_s2026__fusion_ROC_AUC,LightGBM,fixed_pooled_TPR_0.01,0,0,0,0,1000,independent_deployment_rule_held_fixed,conditional_sampling,format_x_class
CodeBERT_partial_s2026__fusion_ROC_AUC,LightGBM,fixed_pooled_FPR_0.01,0,0,0,0,1000,independent_deployment_rule_held_fixed,conditional_sampling,format_x_class
CodeBERT_partial_s2026__fusion_ROC_AUC,LightGBM,fixed_pooled_TPR_0.05,0,0,0,0,1000,independent_deployment_rule_held_fixed,conditional_sampling,format_x_class
CodeBERT_partial_s2026__fusion_ROC_AUC,LightGBM,fixed_pooled_FPR_0.05,0,0,0,0,1000,independent_deployment_rule_held_fixed,conditional_sampling,format_x_class
CodeBERT_partial_s2026__fusion_ROC_AUC,LightGBM,fixed_per_format_TPR_0.001,0,0,0,0,1000,independent_deployment_rule_held_fixed,exploratory_extreme_tail,format_x_class
CodeBERT_partial_s2026__fusion_ROC_AUC,LightGBM,fixed_per_format_FPR_0.001,0,0,0,0,1000,independent_deployment_rule_held_fixed,exploratory_extreme_tail,format_x_class
CodeBERT_partial_s2026__fusion_ROC_AUC,LightGBM,fixed_per_format_TPR_0.005,0,0,0,0,1000,independent_deployment_rule_held_fixed,conditional_sampling,format_x_class
CodeBERT_partial_s2026__fusion_ROC_AUC,LightGBM,fixed_per_format_FPR_0.005,0,0,0,0,1000,independent_deployment_rule_held_fixed,conditional_sampling,format_x_class
CodeBERT_partial_s2026__fusion_ROC_AUC,LightGBM,fixed_per_format_TPR_0.01,0,0,0,0,1000,independent_deployment_rule_held_fixed,conditional_sampling,format_x_class
CodeBERT_partial_s2026__fusion_ROC_AUC,LightGBM,fixed_per_format_FPR_0.01,0,0,0,0,1000,independent_deployment_rule_held_fixed,conditional_sampling,format_x_class
CodeBERT_partial_s2026__fusion_ROC_AUC,LightGBM,fixed_per_format_TPR_0.05,0,0,0,0,1000,independent_deployment_rule_held_fixed,conditional_sampling,format_x_class
CodeBERT_partial_s2026__fusion_ROC_AUC,LightGBM,fixed_per_format_FPR_0.05,0,0,0,0,1000,independent_deployment_rule_held_fixed,conditional_sampling,format_x_class
CodeBERT_partial_s2026__fusion_AP,LightGBM,ROC_AUC,0,0,0,0,1000,none,conditional_sampling,format_x_class
CodeBERT_partial_s2026__fusion_AP,LightGBM,AP,0,0,0,0,1000,none,conditional_sampling,format_x_class
CodeBERT_partial_s2026__fusion_AP,LightGBM,Accuracy,0,0,0,0,1000,none,conditional_sampling,format_x_class
CodeBERT_partial_s2026__fusion_AP,LightGBM,F1,0,0,0,0,1000,none,conditional_sampling,format_x_class
CodeBERT_partial_s2026__fusion_AP,LightGBM,Brier,0,0,0,0,1000,none,conditional_sampling,format_x_class
CodeBERT_partial_s2026__fusion_AP,LightGBM,LogLoss,0,0,0,0,1000,none,conditional_sampling,format_x_class
CodeBERT_partial_s2026__fusion_AP,LightGBM,ECE,0,0,0,0,1000,none,conditional_sampling,format_x_class
CodeBERT_partial_s2026__fusion_AP,LightGBM,oracle_pooled_TPR_0.001,0,0,0,0,1000,oracle_reselected_in_each_resample,exploratory_extreme_tail,format_x_class
CodeBERT_partial_s2026__fusion_AP,LightGBM,oracle_pooled_TPR_0.005,0,0,0,0,1000,oracle_reselected_in_each_resample,conditional_sampling,format_x_class
CodeBERT_partial_s2026__fusion_AP,LightGBM,oracle_pooled_TPR_0.01,0,0,0,0,1000,oracle_reselected_in_each_resample,conditional_sampling,format_x_class
CodeBERT_partial_s2026__fusion_AP,LightGBM,oracle_pooled_TPR_0.05,0,0,0,0,1000,oracle_reselected_in_each_resample,conditional_sampling,format_x_class
CodeBERT_partial_s2026__fusion_AP,LightGBM,oracle_per_format_TPR_0.001,0,0,0,0,1000,oracle_reselected_in_each_resample,exploratory_extreme_tail,format_x_class
CodeBERT_partial_s2026__fusion_AP,LightGBM,oracle_per_format_TPR_0.005,0,0,0,0,1000,oracle_reselected_in_each_resample,conditional_sampling,format_x_class
CodeBERT_partial_s2026__fusion_AP,LightGBM,oracle_per_format_TPR_0.01,0,0,0,0,1000,oracle_reselected_in_each_resample,conditional_sampling,format_x_class
CodeBERT_partial_s2026__fusion_AP,LightGBM,oracle_per_format_TPR_0.05,0,0,0,0,1000,oracle_reselected_in_each_resample,conditional_sampling,format_x_class
CodeBERT_partial_s2026__fusion_AP,LightGBM,fixed_pooled_TPR_0.001,0,0,0,0,1000,independent_deployment_rule_held_fixed,exploratory_extreme_tail,format_x_class
CodeBERT_partial_s2026__fusion_AP,LightGBM,fixed_pooled_FPR_0.001,0,0,0,0,1000,independent_deployment_rule_held_fixed,exploratory_extreme_tail,format_x_class
CodeBERT_partial_s2026__fusion_AP,LightGBM,fixed_pooled_TPR_0.005,0,0,0,0,1000,independent_deployment_rule_held_fixed,conditional_sampling,format_x_class
CodeBERT_partial_s2026__fusion_AP,LightGBM,fixed_pooled_FPR_0.005,0,0,0,0,1000,independent_deployment_rule_held_fixed,conditional_sampling,format_x_class
CodeBERT_partial_s2026__fusion_AP,LightGBM,fixed_pooled_TPR_0.01,0,0,0,0,1000,independent_deployment_rule_held_fixed,conditional_sampling,format_x_class
CodeBERT_partial_s2026__fusion_AP,LightGBM,fixed_pooled_FPR_0.01,0,0,0,0,1000,independent_deployment_rule_held_fixed,conditional_sampling,format_x_class
CodeBERT_partial_s2026__fusion_AP,LightGBM,fixed_pooled_TPR_0.05,0,0,0,0,1000,independent_deployment_rule_held_fixed,conditional_sampling,format_x_class
CodeBERT_partial_s2026__fusion_AP,LightGBM,fixed_pooled_FPR_0.05,0,0,0,0,1000,independent_deployment_rule_held_fixed,conditional_sampling,format_x_class
CodeBERT_partial_s2026__fusion_AP,LightGBM,fixed_per_format_TPR_0.001,0,0,0,0,1000,independent_deployment_rule_held_fixed,exploratory_extreme_tail,format_x_class
CodeBERT_partial_s2026__fusion_AP,LightGBM,fixed_per_format_FPR_0.001,0,0,0,0,1000,independent_deployment_rule_held_fixed,exploratory_extreme_tail,format_x_class
CodeBERT_partial_s2026__fusion_AP,LightGBM,fixed_per_format_TPR_0.005,0,0,0,0,1000,independent_deployment_rule_held_fixed,conditional_sampling,format_x_class
CodeBERT_partial_s2026__fusion_AP,LightGBM,fixed_per_format_FPR_0.005,0,0,0,0,1000,independent_deployment_rule_held_fixed,conditional_sampling,format_x_class
CodeBERT_partial_s2026__fusion_AP,LightGBM,fixed_per_format_TPR_0.01,0,0,0,0,1000,independent_deployment_rule_held_fixed,conditional_sampling,format_x_class
CodeBERT_partial_s2026__fusion_AP,LightGBM,fixed_per_format_FPR_0.01,0,0,0,0,1000,independent_deployment_rule_held_fixed,conditional_sampling,format_x_class
CodeBERT_partial_s2026__fusion_AP,LightGBM,fixed_per_format_TPR_0.05,0,0,0,0,1000,independent_deployment_rule_held_fixed,conditional_sampling,format_x_class
CodeBERT_partial_s2026__fusion_AP,LightGBM,fixed_per_format_FPR_0.05,0,0,0,0,1000,independent_deployment_rule_held_fixed,conditional_sampling,format_x_class
CodeBERT_partial_s2026__fusion_TPR_0.001,LightGBM,ROC_AUC,6.0836697933441819e-05,6.0333897380963619e-05,-8.3493790048960716e-06,0.00013658189803800178,1000,none,conditional_sampling,format_x_class
CodeBERT_partial_s2026__fusion_TPR_0.001,LightGBM,AP,3.2945710220055879e-05,3.2431966303310353e-05,-2.3683534051585632e-05,9.4067907221875835e-05,1000,none,conditional_sampling,format_x_class
CodeBERT_partial_s2026__fusion_TPR_0.001,LightGBM,Accuracy,0.00013333333333331865,0.00013606666666666722,0,0.00029999999999996972,1000,none,conditional_sampling,format_x_class
CodeBERT_partial_s2026__fusion_TPR_0.001,LightGBM,F1,0.0001354493108803867,0.00013815065064574127,0,0.00030397505165481731,1000,none,conditional_sampling,format_x_class
CodeBERT_partial_s2026__fusion_TPR_0.001,LightGBM,Brier,-8.6470524925153641e-05,-8.6852072805596419e-05,-0.00010393808258688189,-7.1136457809164484e-05,1000,none,conditional_sampling,format_x_class
CodeBERT_partial_s2026__fusion_TPR_0.001,LightGBM,LogLoss,-0.0019618280349655709,-0.0019567931203788996,-0.0025615310757338226,-0.0013916179570905994,1000,none,conditional_sampling,format_x_class
CodeBERT_partial_s2026__fusion_TPR_0.001,LightGBM,ECE,-0.00044412943460993629,-0.00039825529415029557,-0.00065315090558193596,-0.00012508424273299158,1000,none,conditional_sampling,format_x_class
CodeBERT_partial_s2026__fusion_TPR_0.001,LightGBM,oracle_pooled_TPR_0.001,0.00086292731496839803,-0.0015230003318951223,-0.01546631264520415,0.035786591437105823,1000,oracle_reselected_in_each_resample,exploratory_extreme_tail,format_x_class
CodeBERT_partial_s2026__fusion_TPR_0.001,LightGBM,oracle_pooled_TPR_0.005,-0.0002655160969133874,0.0023708596083637577,-0.0044490540989047256,0.010358446730833078,1000,oracle_reselected_in_each_resample,conditional_sampling,format_x_class
CodeBERT_partial_s2026__fusion_TPR_0.001,LightGBM,oracle_pooled_TPR_0.01,0.0013939595087951728,0.00019183538001991507,-0.0014603385330236307,0.0016594756057085602,1000,oracle_reselected_in_each_resample,conditional_sampling,format_x_class
CodeBERT_partial_s2026__fusion_TPR_0.001,LightGBM,oracle_pooled_TPR_0.05,0.0001327580484566937,0.00011032193826750758,-0.0002655160969133874,0.00046465316959842795,1000,oracle_reselected_in_each_resample,conditional_sampling,format_x_class
CodeBERT_partial_s2026__fusion_TPR_0.001,LightGBM,oracle_per_format_TPR_0.001,0.0006637902422834685,0.0045071357451045456,-0.015934284766013995,0.03465151012280121,1000,oracle_reselected_in_each_resample,exploratory_extreme_tail,format_x_class
CodeBERT_partial_s2026__fusion_TPR_0.001,LightGBM,oracle_per_format_TPR_0.005,-0.0016594756057085602,-0.0011504812479256566,-0.0037836043810155484,0.0025887819449054161,1000,oracle_reselected_in_each_resample,conditional_sampling,format_x_class
CodeBERT_partial_s2026__fusion_TPR_0.001,LightGBM,oracle_per_format_TPR_0.01,0.0006637902422834685,0.00042283438433454956,-0.0015267175572518665,0.0046465316959840575,1000,oracle_reselected_in_each_resample,conditional_sampling,format_x_class
CodeBERT_partial_s2026__fusion_TPR_0.001,LightGBM,oracle_per_format_TPR_0.05,0.0001327580484566937,0.00014782608695652211,-0.00019913707268504055,0.0005310321938267748,1000,oracle_reselected_in_each_resample,conditional_sampling,format_x_class
CodeBERT_partial_s2026__fusion_TPR_0.001,LightGBM,fixed_pooled_TPR_0.001,-0.010753401924991746,-0.010794756057085958,-0.012811151676070387,-0.0086292731496847574,1000,independent_deployment_rule_held_fixed,exploratory_extreme_tail,format_x_class
CodeBERT_partial_s2026__fusion_TPR_0.001,LightGBM,fixed_pooled_FPR_0.001,-0.0001339136257114161,-0.00013083361232005353,-0.00033478406427854047,0,1000,independent_deployment_rule_held_fixed,exploratory_extreme_tail,format_x_class
CodeBERT_partial_s2026__fusion_TPR_0.001,LightGBM,fixed_pooled_TPR_0.005,-0.0009293063391968559,-0.00091596415532691389,-0.0017258546299369099,1.6594756057071621e-06,1000,independent_deployment_rule_held_fixed,conditional_sampling,format_x_class
CodeBERT_partial_s2026__fusion_TPR_0.001,LightGBM,fixed_pooled_FPR_0.005,-6.6956812855708051e-05,-6.8095078674255103e-05,-0.0002678272514228322,0.0001339136257114161,1000,independent_deployment_rule_held_fixed,conditional_sampling,format_x_class
CodeBERT_partial_s2026__fusion_TPR_0.001,LightGBM,fixed_pooled_TPR_0.01,6.637902422834685e-05,7.0295386657815212e-05,-0.0002655160969133874,0.00039993362097578549,1000,independent_deployment_rule_held_fixed,conditional_sampling,format_x_class
CodeBERT_partial_s2026__fusion_TPR_0.001,LightGBM,fixed_pooled_FPR_0.01,-6.6956812855708051e-05,-7.0505523937060583e-05,-0.00033478406427854025,0.0001339136257114161,1000,independent_deployment_rule_held_fixed,conditional_sampling,format_x_class
CodeBERT_partial_s2026__fusion_TPR_0.001,LightGBM,fixed_pooled_TPR_0.05,-0.0001327580484566937,-0.00013634251576501855,-0.00046465316959842795,0.00019913707268504055,1000,independent_deployment_rule_held_fixed,conditional_sampling,format_x_class
CodeBERT_partial_s2026__fusion_TPR_0.001,LightGBM,fixed_pooled_FPR_0.05,-0.0002678272514228322,-0.00026293940408436564,-0.00073652494141279029,0.00020254435888851703,1000,independent_deployment_rule_held_fixed,conditional_sampling,format_x_class
CodeBERT_partial_s2026__fusion_TPR_0.001,LightGBM,fixed_per_format_TPR_0.001,-0.014138732160637324,-0.014170925987387985,-0.016330899435778257,-0.012012943909724518,1000,independent_deployment_rule_held_fixed,exploratory_extreme_tail,format_x_class
CodeBERT_partial_s2026__fusion_TPR_0.001,LightGBM,fixed_per_format_FPR_0.001,0,-1.6069635085369954e-06,-0.00020087043856712415,0.00020087043856712415,1000,independent_deployment_rule_held_fixed,exploratory_extreme_tail,format_x_class
CodeBERT_partial_s2026__fusion_TPR_0.001,LightGBM,fixed_per_format_TPR_0.005,0.0002655160969133874,0.00027295054762694915,-0.0006637902422834685,0.0011948224361101323,1000,independent_deployment_rule_held_fixed,conditional_sampling,format_x_class
CodeBERT_partial_s2026__fusion_TPR_0.001,LightGBM,fixed_per_format_FPR_0.005,-6.6956812855708051e-05,-6.3475058587211252e-05,-0.00046869768998995635,0.00033478406427854025,1000,independent_deployment_rule_held_fixed,conditional_sampling,format_x_class
CodeBERT_partial_s2026__fusion_TPR_0.001,LightGBM,fixed_per_format_TPR_0.01,0,-3.3189512114166763e-06,-0.0003982741453700811,0.0003982741453700811,1000,independent_deployment_rule_held_fixed,conditional_sampling,format_x_class
CodeBERT_partial_s2026__fusion_TPR_0.001,LightGBM,fixed_per_format_FPR_0.01,-0.00020087043856712415,-0.00021151657181118176,-0.0005356545028456644,6.6956812855708051e-05,1000,independent_deployment_rule_held_fixed,conditional_sampling,format_x_class
CodeBERT_partial_s2026__fusion_TPR_0.001,LightGBM,fixed_per_format_TPR_0.05,0.0003982741453700811,0.00040179223365416415,0,0.0007965482907401622,1000,independent_deployment_rule_held_fixed,conditional_sampling,format_x_class
CodeBERT_partial_s2026__fusion_TPR_0.001,LightGBM,fixed_per_format_FPR_0.05,-0.00013391362571141957,-0.00014208235687981251,-0.0005356545028456644,0.0002678272514228322,1000,independent_deployment_rule_held_fixed,conditional_sampling,format_x_class
CodeBERT_partial_s2026__fusion_TPR_0.005,LightGBM,ROC_AUC,5.9067775828203217e-05,5.8237315789599451e-05,-2.9746558574086923e-05,0.000147149429805965,1000,none,conditional_sampling,format_x_class
CodeBERT_partial_s2026__fusion_TPR_0.005,LightGBM,AP,2.5768715451679469e-05,2.5073179822992843e-05,-4.4079245009867595e-05,9.7565955793313397e-05,1000,none,conditional_sampling,format_x_class
CodeBERT_partial_s2026__fusion_TPR_0.005,LightGBM,Accuracy,0.00016666666666664831,0.0001670999999999997,-0.00013333333333331865,0.00043333333333328561,1000,none,conditional_sampling,format_x_class
CodeBERT_partial_s2026__fusion_TPR_0.005,LightGBM,F1,0.00016983274914772473,0.00017015909241415228,-0.0001290262416137694,0.00043304853904959636,1000,none,conditional_sampling,format_x_class
CodeBERT_partial_s2026__fusion_TPR_0.005,LightGBM,Brier,-0.00016478159117302646,-0.00016553791331711543,-0.00019971347221107525,-0.00013421364864193197,1000,none,conditional_sampling,format_x_class
CodeBERT_partial_s2026__fusion_TPR_0.005,LightGBM,LogLoss,-0.0028837339264341372,-0.0028781444904118639,-0.0036686778180388705,-0.0020954747255586856,1000,none,conditional_sampling,format_x_class
CodeBERT_partial_s2026__fusion_TPR_0.005,LightGBM,ECE,-0.00088590687972062328,-0.00083679334705731242,-0.0011792721582591533,-0.00047581732834855149,1000,none,conditional_sampling,format_x_class
CodeBERT_partial_s2026__fusion_TPR_0.005,LightGBM,oracle_pooled_TPR_0.001,0.0041154995021572827,0.0014480584135413217,-0.017922336541652872,0.033994357782940569,1000,oracle_reselected_in_each_resample,exploratory_extreme_tail,format_x_class
CodeBERT_partial_s2026__fusion_TPR_0.005,LightGBM,oracle_pooled_TPR_0.005,0.0010620643876534386,0.0019932957185529385,-0.016266179887155726,0.012880849651510037,1000,oracle_reselected_in_each_resample,conditional_sampling,format_x_class
CodeBERT_partial_s2026__fusion_TPR_0.005,LightGBM,oracle_pooled_TPR_0.01,0.0015267175572518665,0.00039993362097577356,-0.0017922336541652539,0.0025224029206770693,1000,oracle_reselected_in_each_resample,conditional_sampling,format_x_class
CodeBERT_partial_s2026__fusion_TPR_0.005,LightGBM,oracle_pooled_TPR_0.05,0.0003982741453700811,0.00023909724527049515,-0.0002655160969133874,0.00073016926651181535,1000,oracle_reselected_in_each_resample,conditional_sampling,format_x_class
CodeBERT_partial_s2026__fusion_TPR_0.005,LightGBM,oracle_per_format_TPR_0.001,0.0038499834052440063,0.0033642880849651499,-0.021908396946564879,0.038234317955526009,1000,oracle_reselected_in_each_resample,exploratory_extreme_tail,format_x_class
CodeBERT_partial_s2026__fusion_TPR_0.005,LightGBM,oracle_per_format_TPR_0.005,-0.0022568868237636819,-0.0014234317955526047,-0.0053767009624958728,0.0030550945901095484,1000,oracle_reselected_in_each_resample,conditional_sampling,format_x_class
CodeBERT_partial_s2026__fusion_TPR_0.005,LightGBM,oracle_per_format_TPR_0.01,0.00046465316959842795,0.00023770328576169829,-0.0039163624294722447,0.0053767009624957644,1000,oracle_reselected_in_each_resample,conditional_sampling,format_x_class
CodeBERT_partial_s2026__fusion_TPR_0.005,LightGBM,oracle_per_format_TPR_0.05,0.0005310321938267748,0.00034244938599402476,-0.0001327580484566937,0.0009293063391968559,1000,oracle_reselected_in_each_resample,conditional_sampling,format_x_class
CodeBERT_partial_s2026__fusion_TPR_0.005,LightGBM,fixed_pooled_TPR_0.001,-0.0053767009624958728,-0.0054246929970129436,-0.0079007633587786508,-0.002919017590441443,1000,independent_deployment_rule_held_fixed,exploratory_extreme_tail,format_x_class
CodeBERT_partial_s2026__fusion_TPR_0.005,LightGBM,fixed_pooled_FPR_0.001,-6.6956812855708051e-05,-6.1734181452962833e-05,-0.00026782725142283242,0.0001339136257114161,1000,independent_deployment_rule_held_fixed,exploratory_extreme_tail,format_x_class
CodeBERT_partial_s2026__fusion_TPR_0.005,LightGBM,fixed_pooled_TPR_0.005,-0.0023896448722203756,-0.0023518752074344514,-0.003518088284102272,-0.0011931629605044279,1000,independent_deployment_rule_held_fixed,conditional_sampling,format_x_class
CodeBERT_partial_s2026__fusion_TPR_0.005,LightGBM,fixed_pooled_FPR_0.005,-0.00046869768998995635,-0.00046709072648141943,-0.00087043856712420466,-0.0001339136257114161,1000,independent_deployment_rule_held_fixed,conditional_sampling,format_x_class
CodeBERT_partial_s2026__fusion_TPR_0.005,LightGBM,fixed_pooled_TPR_0.01,0.00039827414536997008,0.00040703617656820412,-6.637902422834685e-05,0.0009293063391968559,1000,independent_deployment_rule_held_fixed,conditional_sampling,format_x_class
CodeBERT_partial_s2026__fusion_TPR_0.005,LightGBM,fixed_pooled_FPR_0.01,-6.6956812855708051e-05,-7.5661198526950107e-05,-0.0004017408771342483,0.0002678272514228322,1000,independent_deployment_rule_held_fixed,conditional_sampling,format_x_class
CodeBERT_partial_s2026__fusion_TPR_0.005,LightGBM,fixed_pooled_TPR_0.05,0.00019913707268504055,0.00020033189512114213,-0.0002655160969133874,0.0006637902422834685,1000,independent_deployment_rule_held_fixed,conditional_sampling,format_x_class
CodeBERT_partial_s2026__fusion_TPR_0.005,LightGBM,fixed_pooled_FPR_0.05,-0.00040174087713425177,-0.00040468697689989975,-0.0010043521928356225,0.00013558754603281052,1000,independent_deployment_rule_held_fixed,conditional_sampling,format_x_class
CodeBERT_partial_s2026__fusion_TPR_0.005,LightGBM,fixed_per_format_TPR_0.001,-0.012943909724527081,-0.012962694988383669,-0.015268835048124815,-0.010552605376700998,1000,independent_deployment_rule_held_fixed,exploratory_extreme_tail,format_x_class
CodeBERT_partial_s2026__fusion_TPR_0.005,LightGBM,fixed_per_format_FPR_0.001,0,-1.6069635085369954e-06,-0.00020087043856712415,0.00020087043856712415,1000,independent_deployment_rule_held_fixed,exploratory_extreme_tail,format_x_class
CodeBERT_partial_s2026__fusion_TPR_0.005,LightGBM,fixed_per_format_TPR_0.005,0.00086292731496850905,0.00084560238964487278,-0.0002655160969133874,0.0019913707268502945,1000,independent_deployment_rule_held_fixed,conditional_sampling,format_x_class
CodeBERT_partial_s2026__fusion_TPR_0.005,LightGBM,fixed_per_format_FPR_0.005,0,2.7452293270840284e-06,-0.0004017408771342483,0.00046869768998995635,1000,independent_deployment_rule_held_fixed,conditional_sampling,format_x_class
CodeBERT_partial_s2026__fusion_TPR_0.005,LightGBM,fixed_per_format_TPR_0.01,-0.0002655160969133874,-0.00026266179887155639,-0.00086292731496839803,0.00033189512114162599,1000,independent_deployment_rule_held_fixed,conditional_sampling,format_x_class
CodeBERT_partial_s2026__fusion_TPR_0.005,LightGBM,fixed_per_format_FPR_0.01,-0.0002678272514228322,-0.00027479075995982588,-0.00066956812855708051,6.6956812855708051e-05,1000,independent_deployment_rule_held_fixed,conditional_sampling,format_x_class
CodeBERT_partial_s2026__fusion_TPR_0.005,LightGBM,fixed_per_format_TPR_0.05,0.00033189512114173425,0.00033986060404912044,-0.0001327580484566937,0.00079654829074005118,1000,independent_deployment_rule_held_fixed,conditional_sampling,format_x_class
CodeBERT_partial_s2026__fusion_TPR_0.005,LightGBM,fixed_per_format_FPR_0.05,0,-5.1556745898896434e-06,-0.00073652494141279029,0.00066956812855708397,1000,independent_deployment_rule_held_fixed,conditional_sampling,format_x_class
CodeBERT_partial_s2027__fusion_ROC_AUC,LightGBM,ROC_AUC,0,0,0,0,1000,none,conditional_sampling,format_x_class
CodeBERT_partial_s2027__fusion_ROC_AUC,LightGBM,AP,0,0,0,0,1000,none,conditional_sampling,format_x_class
CodeBERT_partial_s2027__fusion_ROC_AUC,LightGBM,Accuracy,0,0,0,0,1000,none,conditional_sampling,format_x_class
CodeBERT_partial_s2027__fusion_ROC_AUC,LightGBM,F1,0,0,0,0,1000,none,conditional_sampling,format_x_class
CodeBERT_partial_s2027__fusion_ROC_AUC,LightGBM,Brier,0,0,0,0,1000,none,conditional_sampling,format_x_class
CodeBERT_partial_s2027__fusion_ROC_AUC,LightGBM,LogLoss,0,0,0,0,1000,none,conditional_sampling,format_x_class
CodeBERT_partial_s2027__fusion_ROC_AUC,LightGBM,ECE,0,0,0,0,1000,none,conditional_sampling,format_x_class
CodeBERT_partial_s2027__fusion_ROC_AUC,LightGBM,oracle_pooled_TPR_0.001,0,0,0,0,1000,oracle_reselected_in_each_resample,exploratory_extreme_tail,format_x_class
CodeBERT_partial_s2027__fusion_ROC_AUC,LightGBM,oracle_pooled_TPR_0.005,0,0,0,0,1000,oracle_reselected_in_each_resample,conditional_sampling,format_x_class
CodeBERT_partial_s2027__fusion_ROC_AUC,LightGBM,oracle_pooled_TPR_0.01,0,0,0,0,1000,oracle_reselected_in_each_resample,conditional_sampling,format_x_class
CodeBERT_partial_s2027__fusion_ROC_AUC,LightGBM,oracle_pooled_TPR_0.05,0,0,0,0,1000,oracle_reselected_in_each_resample,conditional_sampling,format_x_class
CodeBERT_partial_s2027__fusion_ROC_AUC,LightGBM,oracle_per_format_TPR_0.001,0,0,0,0,1000,oracle_reselected_in_each_resample,exploratory_extreme_tail,format_x_class
CodeBERT_partial_s2027__fusion_ROC_AUC,LightGBM,oracle_per_format_TPR_0.005,0,0,0,0,1000,oracle_reselected_in_each_resample,conditional_sampling,format_x_class
CodeBERT_partial_s2027__fusion_ROC_AUC,LightGBM,oracle_per_format_TPR_0.01,0,0,0,0,1000,oracle_reselected_in_each_resample,conditional_sampling,format_x_class
CodeBERT_partial_s2027__fusion_ROC_AUC,LightGBM,oracle_per_format_TPR_0.05,0,0,0,0,1000,oracle_reselected_in_each_resample,conditional_sampling,format_x_class
CodeBERT_partial_s2027__fusion_ROC_AUC,LightGBM,fixed_pooled_TPR_0.001,0,0,0,0,1000,independent_deployment_rule_held_fixed,exploratory_extreme_tail,format_x_class
CodeBERT_partial_s2027__fusion_ROC_AUC,LightGBM,fixed_pooled_FPR_0.001,0,0,0,0,1000,independent_deployment_rule_held_fixed,exploratory_extreme_tail,format_x_class
CodeBERT_partial_s2027__fusion_ROC_AUC,LightGBM,fixed_pooled_TPR_0.005,0,0,0,0,1000,independent_deployment_rule_held_fixed,conditional_sampling,format_x_class
CodeBERT_partial_s2027__fusion_ROC_AUC,LightGBM,fixed_pooled_FPR_0.005,0,0,0,0,1000,independent_deployment_rule_held_fixed,conditional_sampling,format_x_class
CodeBERT_partial_s2027__fusion_ROC_AUC,LightGBM,fixed_pooled_TPR_0.01,0,0,0,0,1000,independent_deployment_rule_held_fixed,conditional_sampling,format_x_class
CodeBERT_partial_s2027__fusion_ROC_AUC,LightGBM,fixed_pooled_FPR_0.01,0,0,0,0,1000,independent_deployment_rule_held_fixed,conditional_sampling,format_x_class
CodeBERT_partial_s2027__fusion_ROC_AUC,LightGBM,fixed_pooled_TPR_0.05,0,0,0,0,1000,independent_deployment_rule_held_fixed,conditional_sampling,format_x_class
CodeBERT_partial_s2027__fusion_ROC_AUC,LightGBM,fixed_pooled_FPR_0.05,0,0,0,0,1000,independent_deployment_rule_held_fixed,conditional_sampling,format_x_class
CodeBERT_partial_s2027__fusion_ROC_AUC,LightGBM,fixed_per_format_TPR_0.001,0,0,0,0,1000,independent_deployment_rule_held_fixed,exploratory_extreme_tail,format_x_class
CodeBERT_partial_s2027__fusion_ROC_AUC,LightGBM,fixed_per_format_FPR_0.001,0,0,0,0,1000,independent_deployment_rule_held_fixed,exploratory_extreme_tail,format_x_class
CodeBERT_partial_s2027__fusion_ROC_AUC,LightGBM,fixed_per_format_TPR_0.005,0,0,0,0,1000,independent_deployment_rule_held_fixed,conditional_sampling,format_x_class
CodeBERT_partial_s2027__fusion_ROC_AUC,LightGBM,fixed_per_format_FPR_0.005,0,0,0,0,1000,independent_deployment_rule_held_fixed,conditional_sampling,format_x_class
CodeBERT_partial_s2027__fusion_ROC_AUC,LightGBM,fixed_per_format_TPR_0.01,0,0,0,0,1000,independent_deployment_rule_held_fixed,conditional_sampling,format_x_class
CodeBERT_partial_s2027__fusion_ROC_AUC,LightGBM,fixed_per_format_FPR_0.01,0,0,0,0,1000,independent_deployment_rule_held_fixed,conditional_sampling,format_x_class
CodeBERT_partial_s2027__fusion_ROC_AUC,LightGBM,fixed_per_format_TPR_0.05,0,0,0,0,1000,independent_deployment_rule_held_fixed,conditional_sampling,format_x_class
CodeBERT_partial_s2027__fusion_ROC_AUC,LightGBM,fixed_per_format_FPR_0.05,0,0,0,0,1000,independent_deployment_rule_held_fixed,conditional_sampling,format_x_class
CodeBERT_partial_s2027__fusion_AP,LightGBM,ROC_AUC,6.297896038343076e-06,4.7515603348637913e-06,-4.6042309016713907e-05,6.6864033335661816e-05,1000,none,conditional_sampling,format_x_class
CodeBERT_partial_s2027__fusion_AP,LightGBM,AP,-1.2186378721246172e-05,-1.3027210356396091e-05,-5.4758042399311038e-05,3.1949620311008643e-05,1000,none,conditional_sampling,format_x_class
CodeBERT_partial_s2027__fusion_AP,LightGBM,Accuracy,9.9999999999988987e-05,0.00010363333333333247,-3.3333333333329662e-05,0.0002666666666666373,1000,none,conditional_sampling,format_x_class
CodeBERT_partial_s2027__fusion_AP,LightGBM,F1,0.00010316386018482948,0.00010673742173772228,-3.2279698213177888e-05,0.00027107746520983744,1000,none,conditional_sampling,format_x_class
CodeBERT_partial_s2027__fusion_AP,LightGBM,Brier,-9.0264682844398703e-05,-9.0519437050339596e-05,-0.00010803580246273644,-7.4276327378160556e-05,1000,none,conditional_sampling,format_x_class
CodeBERT_partial_s2027__fusion_AP,LightGBM,LogLoss,-0.0017742015634353431,-0.0017613566905262449,-0.0022782184217888858,-0.0012702273509337097,1000,none,conditional_sampling,format_x_class
CodeBERT_partial_s2027__fusion_AP,LightGBM,ECE,-0.0004860567747978755,-0.00046368191883444876,-0.00071192930000750737,-0.00022453938076768537,1000,none,conditional_sampling,format_x_class
CodeBERT_partial_s2027__fusion_AP,LightGBM,oracle_pooled_TPR_0.001,-0.012280119482243612,-0.011006040491204782,-0.019052439429140474,0.0056604712910719281,1000,oracle_reselected_in_each_resample,exploratory_extreme_tail,format_x_class
CodeBERT_partial_s2027__fusion_AP,LightGBM,oracle_pooled_TPR_0.005,0.0011948224361101323,0.0028806505144374395,-0.0031214736143378996,0.0094955194158646786,1000,oracle_reselected_in_each_resample,conditional_sampling,format_x_class
CodeBERT_partial_s2027__fusion_AP,LightGBM,oracle_pooled_TPR_0.01,0.0010620643876534386,0.00026325921008961184,-0.001327580484566826,0.0017258546299369071,1000,oracle_reselected_in_each_resample,conditional_sampling,format_x_class
CodeBERT_partial_s2027__fusion_AP,LightGBM,oracle_pooled_TPR_0.05,0.00019913707268504055,7.8393627613674416e-05,-0.0002671755725190932,0.00046465316959842795,1000,oracle_reselected_in_each_resample,conditional_sampling,format_x_class
CodeBERT_partial_s2027__fusion_AP,LightGBM,oracle_per_format_TPR_0.001,-0.0065051443743776582,-0.0081632923996017275,-0.021642880849651599,0.011427149020909346,1000,oracle_reselected_in_each_resample,exploratory_extreme_tail,format_x_class
CodeBERT_partial_s2027__fusion_AP,LightGBM,oracle_per_format_TPR_0.005,-0.0014603385330235197,-0.00051437105874543583,-0.003386989711251284,0.0035197477597079764,1000,oracle_reselected_in_each_resample,conditional_sampling,format_x_class
CodeBERT_partial_s2027__fusion_AP,LightGBM,oracle_per_format_TPR_0.01,0.0010620643876534386,0.00087056090275472778,-0.0011284434118818965,0.0051775638898108323,1000,oracle_reselected_in_each_resample,conditional_sampling,format_x_class
CodeBERT_partial_s2027__fusion_AP,LightGBM,oracle_per_format_TPR_0.05,0.00019913707268504055,0.00013388649186857037,-0.00019913707268504055,0.0005310321938267748,1000,oracle_reselected_in_each_resample,conditional_sampling,format_x_class
CodeBERT_partial_s2027__fusion_AP,LightGBM,fixed_pooled_TPR_0.001,0.0015267175572518665,0.0014781281115167607,-0.0011948224361101323,0.0043162960504481386,1000,independent_deployment_rule_held_fixed,exploratory_extreme_tail,format_x_class
CodeBERT_partial_s2027__fusion_AP,LightGBM,fixed_pooled_FPR_0.001,0.00020087043856712415,0.00020073652494141276,-6.6956812855708051e-05,0.0005356545028456644,1000,independent_deployment_rule_held_fixed,exploratory_extreme_tail,format_x_class
CodeBERT_partial_s2027__fusion_AP,LightGBM,fixed_pooled_TPR_0.005,-0.00086292731496850905,-0.00084858944573514494,-0.0017258546299369071,1.6594756057071621e-06,1000,independent_deployment_rule_held_fixed,conditional_sampling,format_x_class
CodeBERT_partial_s2027__fusion_AP,LightGBM,fixed_pooled_FPR_0.005,-0.0002678272514228322,-0.00026635420154000664,-0.00060261131570137245,6.6956812855708051e-05,1000,independent_deployment_rule_held_fixed,conditional_sampling,format_x_class
CodeBERT_partial_s2027__fusion_AP,LightGBM,fixed_pooled_TPR_0.01,0,9.2930633919630079e-07,-0.00033189512114173425,0.00033189512114173425,1000,independent_deployment_rule_held_fixed,conditional_sampling,format_x_class
CodeBERT_partial_s2027__fusion_AP,LightGBM,fixed_pooled_FPR_0.01,-0.0001339136257114161,-0.00013960495480415131,-0.0004017408771342483,0.0001339136257114161,1000,independent_deployment_rule_held_fixed,conditional_sampling,format_x_class
CodeBERT_partial_s2027__fusion_AP,LightGBM,fixed_pooled_TPR_0.05,6.637902422834685e-05,6.6777298373714273e-05,-0.0002655160969133874,0.00039827414536997284,1000,independent_deployment_rule_held_fixed,conditional_sampling,format_x_class
CodeBERT_partial_s2027__fusion_AP,LightGBM,fixed_pooled_FPR_0.05,0,2.0756611985269027e-06,-0.00046869768998995115,0.00046869768998995809,1000,independent_deployment_rule_held_fixed,conditional_sampling,format_x_class
CodeBERT_partial_s2027__fusion_AP,LightGBM,fixed_per_format_TPR_0.001,-0.017059409226684363,-0.017113840026551606,-0.019382675074676392,-0.014868901427149028,1000,independent_deployment_rule_held_fixed,exploratory_extreme_tail,format_x_class
CodeBERT_partial_s2027__fusion_AP,LightGBM,fixed_per_format_FPR_0.001,0,-2.0087043856712415e-06,-0.00020087043856712415,0.00020087043856712415,1000,independent_deployment_rule_held_fixed,exploratory_extreme_tail,format_x_class
CodeBERT_partial_s2027__fusion_AP,LightGBM,fixed_per_format_TPR_0.005,0.0025224029206770693,0.0025447062728177895,0.0015267175572519776,0.0036508463325589657,1000,independent_deployment_rule_held_fixed,conditional_sampling,format_x_class
CodeBERT_partial_s2027__fusion_AP,LightGBM,fixed_per_format_FPR_0.005,-6.6956812855708051e-05,-6.146635420153999e-05,-0.00046869768998995635,0.0004017408771342483,1000,independent_deployment_rule_held_fixed,conditional_sampling,format_x_class
CodeBERT_partial_s2027__fusion_AP,LightGBM,fixed_per_format_TPR_0.01,0.0001327580484566937,0.00013707268503153146,-0.0002655160969133874,0.0005310321938267748,1000,independent_deployment_rule_held_fixed,conditional_sampling,format_x_class
CodeBERT_partial_s2027__fusion_AP,LightGBM,fixed_per_format_FPR_0.01,0,-4.2852360227653151e-06,-0.0002678272514228322,0.0002678272514228322,1000,independent_deployment_rule_held_fixed,conditional_sampling,format_x_class
CodeBERT_partial_s2027__fusion_AP,LightGBM,fixed_per_format_TPR_0.05,0.0002655160969133874,0.00026949883836707575,-6.637902422834685e-05,0.00059741121805512165,1000,independent_deployment_rule_held_fixed,conditional_sampling,format_x_class
CodeBERT_partial_s2027__fusion_AP,LightGBM,fixed_per_format_FPR_0.05,6.6956812855706316e-05,6.7090726481419479e-05,-0.00033478406427853852,0.00046869768998995809,1000,independent_deployment_rule_held_fixed,conditional_sampling,format_x_class
CodeBERT_partial_s2027__fusion_TPR_0.001,LightGBM,ROC_AUC,-6.2965626799083019e-05,-6.4560154518452644e-05,-0.00015888698354444287,4.0935657569590711e-05,1000,none,conditional_sampling,format_x_class
CodeBERT_partial_s2027__fusion_TPR_0.001,LightGBM,AP,-9.1839381744840409e-05,-9.2241471137881055e-05,-0.0001781469561697252,-4.6679168813623822e-06,1000,none,conditional_sampling,format_x_class
CodeBERT_partial_s2027__fusion_TPR_0.001,LightGBM,Accuracy,-9.9999999999988987e-05,-0.00010226666666666529,-0.00046666666666661527,0.0002666666666666373,1000,none,conditional_sampling,format_x_class
CodeBERT_partial_s2027__fusion_TPR_0.001,LightGBM,F1,-0.00010107031884964979,-0.0001035080834923987,-0.00046417739159527462,0.00026670789250395896,1000,none,conditional_sampling,format_x_class
CodeBERT_partial_s2027__fusion_TPR_0.001,LightGBM,Brier,-0.00036672078546696671,-0.00036794572411788968,-0.00045431105408811251,-0.00028797726884587939,1000,none,conditional_sampling,format_x_class
CodeBERT_partial_s2027__fusion_TPR_0.001,LightGBM,LogLoss,-0.0041945603848536767,-0.004178435116285596,-0.0052649786955377507,-0.0031634019114207875,1000,none,conditional_sampling,format_x_class
CodeBERT_partial_s2027__fusion_TPR_0.001,LightGBM,ECE,-0.0022896011067088974,-0.0022214140137641692,-0.0026840192411144883,-0.0016968300374516764,1000,none,conditional_sampling,format_x_class
CodeBERT_partial_s2027__fusion_TPR_0.001,LightGBM,oracle_pooled_TPR_0.001,-0.020444739462329942,-0.022850049784268172,-0.041088615997344813,0.0031878526385662452,1000,oracle_reselected_in_each_resample,exploratory_extreme_tail,format_x_class
CodeBERT_partial_s2027__fusion_TPR_0.001,LightGBM,oracle_pooled_TPR_0.005,-0.016262860935944312,-0.010318021905077995,-0.021115167607036245,0.0078360438101559016,1000,oracle_reselected_in_each_resample,conditional_sampling,format_x_class
CodeBERT_partial_s2027__fusion_TPR_0.001,LightGBM,oracle_pooled_TPR_0.01,0.0010620643876534386,0.00040803186193163175,-0.0022585462993694985,0.0029887155658812046,1000,oracle_reselected_in_each_resample,conditional_sampling,format_x_class
CodeBERT_partial_s2027__fusion_TPR_0.001,LightGBM,oracle_pooled_TPR_0.05,0.0007965482907401622,0.00048695652173913061,-0.00020079654829074914,0.0012612014603385902,1000,oracle_reselected_in_each_resample,conditional_sampling,format_x_class
CodeBERT_partial_s2027__fusion_TPR_0.001,LightGBM,oracle_per_format_TPR_0.001,-0.018386989711251189,-0.023252837703285765,-0.043348821772319912,0.0037836043810156594,1000,oracle_reselected_in_each_resample,exploratory_extreme_tail,format_x_class
CodeBERT_partial_s2027__fusion_TPR_0.001,LightGBM,oracle_per_format_TPR_0.005,-0.0009293063391968559,-0.001968071689346167,-0.011284434118818413,0.0066395618984401673,1000,oracle_reselected_in_each_resample,conditional_sampling,format_x_class
CodeBERT_partial_s2027__fusion_TPR_0.001,LightGBM,oracle_per_format_TPR_0.01,-0.0001327580484566937,0.00091151676070361611,-0.0039827414537005916,0.0063076667772984331,1000,oracle_reselected_in_each_resample,conditional_sampling,format_x_class
CodeBERT_partial_s2027__fusion_TPR_0.001,LightGBM,oracle_per_format_TPR_0.05,0.0003982741453700811,0.00058752074344507201,-0.00033189512114173425,0.0014603385330235225,1000,oracle_reselected_in_each_resample,conditional_sampling,format_x_class
CodeBERT_partial_s2027__fusion_TPR_0.001,LightGBM,fixed_pooled_TPR_0.001,-0.0060404912047793413,-0.006096448722203782,-0.0091619648191171299,-0.0030517756388981367,1000,independent_deployment_rule_held_fixed,exploratory_extreme_tail,format_x_class
CodeBERT_partial_s2027__fusion_TPR_0.001,LightGBM,fixed_pooled_FPR_0.001,0.00020087043856712415,0.00019866086374288581,-0.0001339136257114161,0.0005356545028456644,1000,independent_deployment_rule_held_fixed,exploratory_extreme_tail,format_x_class
CodeBERT_partial_s2027__fusion_TPR_0.001,LightGBM,fixed_pooled_TPR_0.005,-0.0039163624294723531,-0.0038845668768669106,-0.0060404912047792329,-0.0017905741785595496,1000,independent_deployment_rule_held_fixed,conditional_sampling,format_x_class
CodeBERT_partial_s2027__fusion_TPR_0.001,LightGBM,fixed_pooled_FPR_0.005,-0.00033478406427854025,-0.00031811181787746903,-0.0010713090056913288,0.0004017408771342483,1000,independent_deployment_rule_held_fixed,conditional_sampling,format_x_class
CodeBERT_partial_s2027__fusion_TPR_0.001,LightGBM,fixed_pooled_TPR_0.01,-0.00059741121805512165,-0.00058519747759707796,-0.0015267175572519776,0.00039827414536997284,1000,independent_deployment_rule_held_fixed,conditional_sampling,format_x_class
CodeBERT_partial_s2027__fusion_TPR_0.001,LightGBM,fixed_pooled_FPR_0.01,-0.0002678272514228322,-0.00027063943756277197,-0.00080348175426849661,0.00033478406427854025,1000,independent_deployment_rule_held_fixed,conditional_sampling,format_x_class
CodeBERT_partial_s2027__fusion_TPR_0.001,LightGBM,fixed_pooled_TPR_0.05,0.0001327580484566937,0.00012884168602721481,-0.00046465316959842795,0.00073016926651170433,1000,independent_deployment_rule_held_fixed,conditional_sampling,format_x_class
CodeBERT_partial_s2027__fusion_TPR_0.001,LightGBM,fixed_pooled_FPR_0.05,-0.0010713090056913288,-0.0010736524941412789,-0.0019417475728155317,-0.00020087043856712589,1000,independent_deployment_rule_held_fixed,conditional_sampling,format_x_class
CodeBERT_partial_s2027__fusion_TPR_0.001,LightGBM,fixed_per_format_TPR_0.001,-0.01566544971788919,-0.01571423830069698,-0.018720544307998632,-0.012479256554928653,1000,independent_deployment_rule_held_fixed,exploratory_extreme_tail,format_x_class
CodeBERT_partial_s2027__fusion_TPR_0.001,LightGBM,fixed_per_format_FPR_0.001,0.0004017408771342483,0.00039691998660863737,6.6956812855708051e-05,0.00073652494141278899,1000,independent_deployment_rule_held_fixed,exploratory_extreme_tail,format_x_class
CodeBERT_partial_s2027__fusion_TPR_0.001,LightGBM,fixed_per_format_TPR_0.005,0.0027879190175904567,0.0028321274477265163,0.00079654829074005118,0.0047809492200465665,1000,independent_deployment_rule_held_fixed,conditional_sampling,format_x_class
CodeBERT_partial_s2027__fusion_TPR_0.001,LightGBM,fixed_per_format_FPR_0.005,0.0004017408771342483,0.00040850351523267483,-0.00020087043856712415,0.0010713090056913288,1000,independent_deployment_rule_held_fixed,conditional_sampling,format_x_class
CodeBERT_partial_s2027__fusion_TPR_0.001,LightGBM,fixed_per_format_TPR_0.01,-0.0001327580484566937,-0.00015439761035512779,-0.0009293063391968559,0.0006637902422834685,1000,independent_deployment_rule_held_fixed,conditional_sampling,format_x_class
CodeBERT_partial_s2027__fusion_TPR_0.001,LightGBM,fixed_per_format_FPR_0.01,-0.0002678272514228322,-0.00027298292601272181,-0.00087043856712420466,0.0002678272514228322,1000,independent_deployment_rule_held_fixed,conditional_sampling,format_x_class
CodeBERT_partial_s2027__fusion_TPR_0.001,LightGBM,fixed_per_format_TPR_0.05,0.00073016926651170433,0.00074802522402920494,6.637902422834685e-05,0.0014603385330235197,1000,independent_deployment_rule_held_fixed,conditional_sampling,format_x_class
CodeBERT_partial_s2027__fusion_TPR_0.001,LightGBM,fixed_per_format_FPR_0.05,-0.0005356545028456644,-0.00052326749246735878,-0.0016069635085369932,0.0005356545028456644,1000,independent_deployment_rule_held_fixed,conditional_sampling,format_x_class
CodeBERT_partial_s2027__fusion_TPR_0.005,LightGBM,ROC_AUC,0,0,0,0,1000,none,conditional_sampling,format_x_class
CodeBERT_partial_s2027__fusion_TPR_0.005,LightGBM,AP,0,0,0,0,1000,none,conditional_sampling,format_x_class
CodeBERT_partial_s2027__fusion_TPR_0.005,LightGBM,Accuracy,0,0,0,0,1000,none,conditional_sampling,format_x_class
CodeBERT_partial_s2027__fusion_TPR_0.005,LightGBM,F1,0,0,0,0,1000,none,conditional_sampling,format_x_class
CodeBERT_partial_s2027__fusion_TPR_0.005,LightGBM,Brier,0,0,0,0,1000,none,conditional_sampling,format_x_class
CodeBERT_partial_s2027__fusion_TPR_0.005,LightGBM,LogLoss,0,0,0,0,1000,none,conditional_sampling,format_x_class
CodeBERT_partial_s2027__fusion_TPR_0.005,LightGBM,ECE,0,0,0,0,1000,none,conditional_sampling,format_x_class
CodeBERT_partial_s2027__fusion_TPR_0.005,LightGBM,oracle_pooled_TPR_0.001,0,0,0,0,1000,oracle_reselected_in_each_resample,exploratory_extreme_tail,format_x_class
CodeBERT_partial_s2027__fusion_TPR_0.005,LightGBM,oracle_pooled_TPR_0.005,0,0,0,0,1000,oracle_reselected_in_each_resample,conditional_sampling,format_x_class
CodeBERT_partial_s2027__fusion_TPR_0.005,LightGBM,oracle_pooled_TPR_0.01,0,0,0,0,1000,oracle_reselected_in_each_resample,conditional_sampling,format_x_class
CodeBERT_partial_s2027__fusion_TPR_0.005,LightGBM,oracle_pooled_TPR_0.05,0,0,0,0,1000,oracle_reselected_in_each_resample,conditional_sampling,format_x_class
CodeBERT_partial_s2027__fusion_TPR_0.005,LightGBM,oracle_per_format_TPR_0.001,0,0,0,0,1000,oracle_reselected_in_each_resample,exploratory_extreme_tail,format_x_class
CodeBERT_partial_s2027__fusion_TPR_0.005,LightGBM,oracle_per_format_TPR_0.005,0,0,0,0,1000,oracle_reselected_in_each_resample,conditional_sampling,format_x_class
CodeBERT_partial_s2027__fusion_TPR_0.005,LightGBM,oracle_per_format_TPR_0.01,0,0,0,0,1000,oracle_reselected_in_each_resample,conditional_sampling,format_x_class
CodeBERT_partial_s2027__fusion_TPR_0.005,LightGBM,oracle_per_format_TPR_0.05,0,0,0,0,1000,oracle_reselected_in_each_resample,conditional_sampling,format_x_class
CodeBERT_partial_s2027__fusion_TPR_0.005,LightGBM,fixed_pooled_TPR_0.001,0,0,0,0,1000,independent_deployment_rule_held_fixed,exploratory_extreme_tail,format_x_class
CodeBERT_partial_s2027__fusion_TPR_0.005,LightGBM,fixed_pooled_FPR_0.001,0,0,0,0,1000,independent_deployment_rule_held_fixed,exploratory_extreme_tail,format_x_class
CodeBERT_partial_s2027__fusion_TPR_0.005,LightGBM,fixed_pooled_TPR_0.005,0,0,0,0,1000,independent_deployment_rule_held_fixed,conditional_sampling,format_x_class
CodeBERT_partial_s2027__fusion_TPR_0.005,LightGBM,fixed_pooled_FPR_0.005,0,0,0,0,1000,independent_deployment_rule_held_fixed,conditional_sampling,format_x_class
CodeBERT_partial_s2027__fusion_TPR_0.005,LightGBM,fixed_pooled_TPR_0.01,0,0,0,0,1000,independent_deployment_rule_held_fixed,conditional_sampling,format_x_class
CodeBERT_partial_s2027__fusion_TPR_0.005,LightGBM,fixed_pooled_FPR_0.01,0,0,0,0,1000,independent_deployment_rule_held_fixed,conditional_sampling,format_x_class
CodeBERT_partial_s2027__fusion_TPR_0.005,LightGBM,fixed_pooled_TPR_0.05,0,0,0,0,1000,independent_deployment_rule_held_fixed,conditional_sampling,format_x_class
CodeBERT_partial_s2027__fusion_TPR_0.005,LightGBM,fixed_pooled_FPR_0.05,0,0,0,0,1000,independent_deployment_rule_held_fixed,conditional_sampling,format_x_class
CodeBERT_partial_s2027__fusion_TPR_0.005,LightGBM,fixed_per_format_TPR_0.001,0,0,0,0,1000,independent_deployment_rule_held_fixed,exploratory_extreme_tail,format_x_class
CodeBERT_partial_s2027__fusion_TPR_0.005,LightGBM,fixed_per_format_FPR_0.001,0,0,0,0,1000,independent_deployment_rule_held_fixed,exploratory_extreme_tail,format_x_class
CodeBERT_partial_s2027__fusion_TPR_0.005,LightGBM,fixed_per_format_TPR_0.005,0,0,0,0,1000,independent_deployment_rule_held_fixed,conditional_sampling,format_x_class
CodeBERT_partial_s2027__fusion_TPR_0.005,LightGBM,fixed_per_format_FPR_0.005,0,0,0,0,1000,independent_deployment_rule_held_fixed,conditional_sampling,format_x_class
CodeBERT_partial_s2027__fusion_TPR_0.005,LightGBM,fixed_per_format_TPR_0.01,0,0,0,0,1000,independent_deployment_rule_held_fixed,conditional_sampling,format_x_class
CodeBERT_partial_s2027__fusion_TPR_0.005,LightGBM,fixed_per_format_FPR_0.01,0,0,0,0,1000,independent_deployment_rule_held_fixed,conditional_sampling,format_x_class
CodeBERT_partial_s2027__fusion_TPR_0.005,LightGBM,fixed_per_format_TPR_0.05,0,0,0,0,1000,independent_deployment_rule_held_fixed,conditional_sampling,format_x_class
CodeBERT_partial_s2027__fusion_TPR_0.005,LightGBM,fixed_per_format_FPR_0.05,0,0,0,0,1000,independent_deployment_rule_held_fixed,conditional_sampling,format_x_class
CodeBERT_partial_s2028__fusion_ROC_AUC,LightGBM,ROC_AUC,0,0,0,0,1000,none,conditional_sampling,format_x_class
CodeBERT_partial_s2028__fusion_ROC_AUC,LightGBM,AP,0,0,0,0,1000,none,conditional_sampling,format_x_class
CodeBERT_partial_s2028__fusion_ROC_AUC,LightGBM,Accuracy,0,0,0,0,1000,none,conditional_sampling,format_x_class
CodeBERT_partial_s2028__fusion_ROC_AUC,LightGBM,F1,0,0,0,0,1000,none,conditional_sampling,format_x_class
CodeBERT_partial_s2028__fusion_ROC_AUC,LightGBM,Brier,0,0,0,0,1000,none,conditional_sampling,format_x_class
CodeBERT_partial_s2028__fusion_ROC_AUC,LightGBM,LogLoss,0,0,0,0,1000,none,conditional_sampling,format_x_class
CodeBERT_partial_s2028__fusion_ROC_AUC,LightGBM,ECE,0,0,0,0,1000,none,conditional_sampling,format_x_class
CodeBERT_partial_s2028__fusion_ROC_AUC,LightGBM,oracle_pooled_TPR_0.001,0,0,0,0,1000,oracle_reselected_in_each_resample,exploratory_extreme_tail,format_x_class
CodeBERT_partial_s2028__fusion_ROC_AUC,LightGBM,oracle_pooled_TPR_0.005,0,0,0,0,1000,oracle_reselected_in_each_resample,conditional_sampling,format_x_class
CodeBERT_partial_s2028__fusion_ROC_AUC,LightGBM,oracle_pooled_TPR_0.01,0,0,0,0,1000,oracle_reselected_in_each_resample,conditional_sampling,format_x_class
CodeBERT_partial_s2028__fusion_ROC_AUC,LightGBM,oracle_pooled_TPR_0.05,0,0,0,0,1000,oracle_reselected_in_each_resample,conditional_sampling,format_x_class
CodeBERT_partial_s2028__fusion_ROC_AUC,LightGBM,oracle_per_format_TPR_0.001,0,0,0,0,1000,oracle_reselected_in_each_resample,exploratory_extreme_tail,format_x_class
CodeBERT_partial_s2028__fusion_ROC_AUC,LightGBM,oracle_per_format_TPR_0.005,0,0,0,0,1000,oracle_reselected_in_each_resample,conditional_sampling,format_x_class
CodeBERT_partial_s2028__fusion_ROC_AUC,LightGBM,oracle_per_format_TPR_0.01,0,0,0,0,1000,oracle_reselected_in_each_resample,conditional_sampling,format_x_class
CodeBERT_partial_s2028__fusion_ROC_AUC,LightGBM,oracle_per_format_TPR_0.05,0,0,0,0,1000,oracle_reselected_in_each_resample,conditional_sampling,format_x_class
CodeBERT_partial_s2028__fusion_ROC_AUC,LightGBM,fixed_pooled_TPR_0.001,0,0,0,0,1000,independent_deployment_rule_held_fixed,exploratory_extreme_tail,format_x_class
CodeBERT_partial_s2028__fusion_ROC_AUC,LightGBM,fixed_pooled_FPR_0.001,0,0,0,0,1000,independent_deployment_rule_held_fixed,exploratory_extreme_tail,format_x_class
CodeBERT_partial_s2028__fusion_ROC_AUC,LightGBM,fixed_pooled_TPR_0.005,0,0,0,0,1000,independent_deployment_rule_held_fixed,conditional_sampling,format_x_class
CodeBERT_partial_s2028__fusion_ROC_AUC,LightGBM,fixed_pooled_FPR_0.005,0,0,0,0,1000,independent_deployment_rule_held_fixed,conditional_sampling,format_x_class
CodeBERT_partial_s2028__fusion_ROC_AUC,LightGBM,fixed_pooled_TPR_0.01,0,0,0,0,1000,independent_deployment_rule_held_fixed,conditional_sampling,format_x_class
CodeBERT_partial_s2028__fusion_ROC_AUC,LightGBM,fixed_pooled_FPR_0.01,0,0,0,0,1000,independent_deployment_rule_held_fixed,conditional_sampling,format_x_class
CodeBERT_partial_s2028__fusion_ROC_AUC,LightGBM,fixed_pooled_TPR_0.05,0,0,0,0,1000,independent_deployment_rule_held_fixed,conditional_sampling,format_x_class
CodeBERT_partial_s2028__fusion_ROC_AUC,LightGBM,fixed_pooled_FPR_0.05,0,0,0,0,1000,independent_deployment_rule_held_fixed,conditional_sampling,format_x_class
CodeBERT_partial_s2028__fusion_ROC_AUC,LightGBM,fixed_per_format_TPR_0.001,0,0,0,0,1000,independent_deployment_rule_held_fixed,exploratory_extreme_tail,format_x_class
CodeBERT_partial_s2028__fusion_ROC_AUC,LightGBM,fixed_per_format_FPR_0.001,0,0,0,0,1000,independent_deployment_rule_held_fixed,exploratory_extreme_tail,format_x_class
CodeBERT_partial_s2028__fusion_ROC_AUC,LightGBM,fixed_per_format_TPR_0.005,0,0,0,0,1000,independent_deployment_rule_held_fixed,conditional_sampling,format_x_class
CodeBERT_partial_s2028__fusion_ROC_AUC,LightGBM,fixed_per_format_FPR_0.005,0,0,0,0,1000,independent_deployment_rule_held_fixed,conditional_sampling,format_x_class
CodeBERT_partial_s2028__fusion_ROC_AUC,LightGBM,fixed_per_format_TPR_0.01,0,0,0,0,1000,independent_deployment_rule_held_fixed,conditional_sampling,format_x_class
CodeBERT_partial_s2028__fusion_ROC_AUC,LightGBM,fixed_per_format_FPR_0.01,0,0,0,0,1000,independent_deployment_rule_held_fixed,conditional_sampling,format_x_class
CodeBERT_partial_s2028__fusion_ROC_AUC,LightGBM,fixed_per_format_TPR_0.05,0,0,0,0,1000,independent_deployment_rule_held_fixed,conditional_sampling,format_x_class
CodeBERT_partial_s2028__fusion_ROC_AUC,LightGBM,fixed_per_format_FPR_0.05,0,0,0,0,1000,independent_deployment_rule_held_fixed,conditional_sampling,format_x_class
CodeBERT_partial_s2028__fusion_AP,LightGBM,ROC_AUC,0,0,0,0,1000,none,conditional_sampling,format_x_class
CodeBERT_partial_s2028__fusion_AP,LightGBM,AP,0,0,0,0,1000,none,conditional_sampling,format_x_class
CodeBERT_partial_s2028__fusion_AP,LightGBM,Accuracy,0,0,0,0,1000,none,conditional_sampling,format_x_class
CodeBERT_partial_s2028__fusion_AP,LightGBM,F1,0,0,0,0,1000,none,conditional_sampling,format_x_class
CodeBERT_partial_s2028__fusion_AP,LightGBM,Brier,0,0,0,0,1000,none,conditional_sampling,format_x_class
CodeBERT_partial_s2028__fusion_AP,LightGBM,LogLoss,0,0,0,0,1000,none,conditional_sampling,format_x_class
CodeBERT_partial_s2028__fusion_AP,LightGBM,ECE,0,0,0,0,1000,none,conditional_sampling,format_x_class
CodeBERT_partial_s2028__fusion_AP,LightGBM,oracle_pooled_TPR_0.001,0,0,0,0,1000,oracle_reselected_in_each_resample,exploratory_extreme_tail,format_x_class
CodeBERT_partial_s2028__fusion_AP,LightGBM,oracle_pooled_TPR_0.005,0,0,0,0,1000,oracle_reselected_in_each_resample,conditional_sampling,format_x_class
CodeBERT_partial_s2028__fusion_AP,LightGBM,oracle_pooled_TPR_0.01,0,0,0,0,1000,oracle_reselected_in_each_resample,conditional_sampling,format_x_class
CodeBERT_partial_s2028__fusion_AP,LightGBM,oracle_pooled_TPR_0.05,0,0,0,0,1000,oracle_reselected_in_each_resample,conditional_sampling,format_x_class
CodeBERT_partial_s2028__fusion_AP,LightGBM,oracle_per_format_TPR_0.001,0,0,0,0,1000,oracle_reselected_in_each_resample,exploratory_extreme_tail,format_x_class
CodeBERT_partial_s2028__fusion_AP,LightGBM,oracle_per_format_TPR_0.005,0,0,0,0,1000,oracle_reselected_in_each_resample,conditional_sampling,format_x_class
CodeBERT_partial_s2028__fusion_AP,LightGBM,oracle_per_format_TPR_0.01,0,0,0,0,1000,oracle_reselected_in_each_resample,conditional_sampling,format_x_class
CodeBERT_partial_s2028__fusion_AP,LightGBM,oracle_per_format_TPR_0.05,0,0,0,0,1000,oracle_reselected_in_each_resample,conditional_sampling,format_x_class
CodeBERT_partial_s2028__fusion_AP,LightGBM,fixed_pooled_TPR_0.001,0,0,0,0,1000,independent_deployment_rule_held_fixed,exploratory_extreme_tail,format_x_class
CodeBERT_partial_s2028__fusion_AP,LightGBM,fixed_pooled_FPR_0.001,0,0,0,0,1000,independent_deployment_rule_held_fixed,exploratory_extreme_tail,format_x_class
CodeBERT_partial_s2028__fusion_AP,LightGBM,fixed_pooled_TPR_0.005,0,0,0,0,1000,independent_deployment_rule_held_fixed,conditional_sampling,format_x_class
CodeBERT_partial_s2028__fusion_AP,LightGBM,fixed_pooled_FPR_0.005,0,0,0,0,1000,independent_deployment_rule_held_fixed,conditional_sampling,format_x_class
CodeBERT_partial_s2028__fusion_AP,LightGBM,fixed_pooled_TPR_0.01,0,0,0,0,1000,independent_deployment_rule_held_fixed,conditional_sampling,format_x_class
CodeBERT_partial_s2028__fusion_AP,LightGBM,fixed_pooled_FPR_0.01,0,0,0,0,1000,independent_deployment_rule_held_fixed,conditional_sampling,format_x_class
CodeBERT_partial_s2028__fusion_AP,LightGBM,fixed_pooled_TPR_0.05,0,0,0,0,1000,independent_deployment_rule_held_fixed,conditional_sampling,format_x_class
CodeBERT_partial_s2028__fusion_AP,LightGBM,fixed_pooled_FPR_0.05,0,0,0,0,1000,independent_deployment_rule_held_fixed,conditional_sampling,format_x_class
CodeBERT_partial_s2028__fusion_AP,LightGBM,fixed_per_format_TPR_0.001,0,0,0,0,1000,independent_deployment_rule_held_fixed,exploratory_extreme_tail,format_x_class
CodeBERT_partial_s2028__fusion_AP,LightGBM,fixed_per_format_FPR_0.001,0,0,0,0,1000,independent_deployment_rule_held_fixed,exploratory_extreme_tail,format_x_class
CodeBERT_partial_s2028__fusion_AP,LightGBM,fixed_per_format_TPR_0.005,0,0,0,0,1000,independent_deployment_rule_held_fixed,conditional_sampling,format_x_class
CodeBERT_partial_s2028__fusion_AP,LightGBM,fixed_per_format_FPR_0.005,0,0,0,0,1000,independent_deployment_rule_held_fixed,conditional_sampling,format_x_class
CodeBERT_partial_s2028__fusion_AP,LightGBM,fixed_per_format_TPR_0.01,0,0,0,0,1000,independent_deployment_rule_held_fixed,conditional_sampling,format_x_class
CodeBERT_partial_s2028__fusion_AP,LightGBM,fixed_per_format_FPR_0.01,0,0,0,0,1000,independent_deployment_rule_held_fixed,conditional_sampling,format_x_class
CodeBERT_partial_s2028__fusion_AP,LightGBM,fixed_per_format_TPR_0.05,0,0,0,0,1000,independent_deployment_rule_held_fixed,conditional_sampling,format_x_class
CodeBERT_partial_s2028__fusion_AP,LightGBM,fixed_per_format_FPR_0.05,0,0,0,0,1000,independent_deployment_rule_held_fixed,conditional_sampling,format_x_class
CodeBERT_partial_s2028__fusion_TPR_0.001,LightGBM,ROC_AUC,4.495195520881623e-05,4.4945643979322102e-05,-1.5788629808782816e-05,0.00010942772147593808,1000,none,conditional_sampling,format_x_class
CodeBERT_partial_s2028__fusion_TPR_0.001,LightGBM,AP,1.2091924085133599e-05,1.2178361712580133e-05,-3.6114858930658132e-05,6.0502130494510798e-05,1000,none,conditional_sampling,format_x_class
CodeBERT_partial_s2028__fusion_TPR_0.001,LightGBM,Accuracy,0.00016666666666664831,0.00017043333333333411,0,0.00036666666666662628,1000,none,conditional_sampling,format_x_class
CodeBERT_partial_s2028__fusion_TPR_0.001,LightGBM,F1,0.00016773691415450376,0.0001714410683440999,2.0142625204555567e-06,0.0003654801797142365,1000,none,conditional_sampling,format_x_class
CodeBERT_partial_s2028__fusion_TPR_0.001,LightGBM,Brier,-9.3262259917049894e-05,-9.3568536547396135e-05,-0.00010988142443179245,-7.7576163649000727e-05,1000,none,conditional_sampling,format_x_class
CodeBERT_partial_s2028__fusion_TPR_0.001,LightGBM,LogLoss,-0.0020081035821488402,-0.0020073958064660748,-0.0026029039858326171,-0.0014362403810385966,1000,none,conditional_sampling,format_x_class
CodeBERT_partial_s2028__fusion_TPR_0.001,LightGBM,ECE,-0.00044075325514668015,-0.00042219125622678044,-0.00069009216803886169,-0.0001505531597150176,1000,none,conditional_sampling,format_x_class
CodeBERT_partial_s2028__fusion_TPR_0.001,LightGBM,oracle_pooled_TPR_0.001,-0.011948224361101878,-0.013992897444407567,-0.019581812147361433,0,1000,oracle_reselected_in_each_resample,exploratory_extreme_tail,format_x_class
CodeBERT_partial_s2028__fusion_TPR_0.001,LightGBM,oracle_pooled_TPR_0.005,0,0.0021097909060736821,-0.0030584135413209697,0.0095602389644872093,1000,oracle_reselected_in_each_resample,conditional_sampling,format_x_class
CodeBERT_partial_s2028__fusion_TPR_0.001,LightGBM,oracle_pooled_TPR_0.01,0.0010620643876534386,0.00029757716561566451,-0.0015267175572519776,0.0016611350813143756,1000,oracle_reselected_in_each_resample,conditional_sampling,format_x_class
CodeBERT_partial_s2028__fusion_TPR_0.001,LightGBM,oracle_pooled_TPR_0.05,0.0001327580484566937,4.898771988051842e-05,-0.0002671755725190932,0.00046465316959831693,1000,oracle_reselected_in_each_resample,conditional_sampling,format_x_class
CodeBERT_partial_s2028__fusion_TPR_0.001,LightGBM,oracle_per_format_TPR_0.001,0.00033189512114173425,-0.0017942250248921315,-0.014138732160637216,0.021384002655160928,1000,oracle_reselected_in_each_resample,exploratory_extreme_tail,format_x_class
CodeBERT_partial_s2028__fusion_TPR_0.001,LightGBM,oracle_per_format_TPR_0.005,-0.0014603385330235197,-0.00025854629936940022,-0.0037852638566213651,0.0055094590109524581,1000,oracle_reselected_in_each_resample,conditional_sampling,format_x_class
CodeBERT_partial_s2028__fusion_TPR_0.001,LightGBM,oracle_per_format_TPR_0.01,0.001327580484566826,0.00057802854298041753,-0.0013939595087952839,0.0037188848323929089,1000,oracle_reselected_in_each_resample,conditional_sampling,format_x_class
CodeBERT_partial_s2028__fusion_TPR_0.001,LightGBM,oracle_per_format_TPR_0.05,0.00033189512114173425,0.00014457351476933322,-0.0002655160969133874,0.00059741121805512165,1000,oracle_reselected_in_each_resample,conditional_sampling,format_x_class
CodeBERT_partial_s2028__fusion_TPR_0.001,LightGBM,fixed_pooled_TPR_0.001,-0.00033189512114173425,-0.0003654829074012611,-0.0031861931629605378,0.002391304347826083,1000,independent_deployment_rule_held_fixed,exploratory_extreme_tail,format_x_class
CodeBERT_partial_s2028__fusion_TPR_0.001,LightGBM,fixed_pooled_FPR_0.001,0.00020087043856712415,0.00019899564780716434,-6.6956812855708051e-05,0.0005356545028456644,1000,independent_deployment_rule_held_fixed,exploratory_extreme_tail,format_x_class
CodeBERT_partial_s2028__fusion_TPR_0.001,LightGBM,fixed_pooled_TPR_0.005,-0.00099568536342520275,-0.00097318287421174678,-0.0019249917026219476,1.6594756057071621e-06,1000,independent_deployment_rule_held_fixed,conditional_sampling,format_x_class
CodeBERT_partial_s2028__fusion_TPR_0.001,LightGBM,fixed_pooled_FPR_0.005,-0.00020087043856712415,-0.00019852695011717437,-0.00046869768998995635,0,1000,independent_deployment_rule_held_fixed,conditional_sampling,format_x_class
CodeBERT_partial_s2028__fusion_TPR_0.001,LightGBM,fixed_pooled_TPR_0.01,0.0002655160969133874,0.00027162296714238219,-6.637902422834685e-05,0.0006637902422834685,1000,independent_deployment_rule_held_fixed,conditional_sampling,format_x_class
CodeBERT_partial_s2028__fusion_TPR_0.001,LightGBM,fixed_pooled_FPR_0.01,6.6956812855708051e-05,6.0127217944425835e-05,-0.0001339136257114161,0.0002678272514228322,1000,independent_deployment_rule_held_fixed,conditional_sampling,format_x_class
CodeBERT_partial_s2028__fusion_TPR_0.001,LightGBM,fixed_pooled_TPR_0.05,-0.0001327580484566937,-0.00013567872552273542,-0.0003982741453700811,0.0001327580484566937,1000,independent_deployment_rule_held_fixed,conditional_sampling,format_x_class
CodeBERT_partial_s2028__fusion_TPR_0.001,LightGBM,fixed_pooled_FPR_0.05,-0.00040174087713425177,-0.00039859390693003014,-0.00087043856712420292,6.6956812855713255e-05,1000,independent_deployment_rule_held_fixed,conditional_sampling,format_x_class
CodeBERT_partial_s2028__fusion_TPR_0.001,LightGBM,fixed_per_format_TPR_0.001,-0.0144042482575506,-0.014452572187188848,-0.016860272153999323,-0.011948224361101878,1000,independent_deployment_rule_held_fixed,exploratory_extreme_tail,format_x_class
CodeBERT_partial_s2028__fusion_TPR_0.001,LightGBM,fixed_per_format_FPR_0.001,0.0001339136257114161,0.00013123535319718783,-0.0001339136257114161,0.0004017408771342483,1000,independent_deployment_rule_held_fixed,exploratory_extreme_tail,format_x_class
CodeBERT_partial_s2028__fusion_TPR_0.001,LightGBM,fixed_per_format_TPR_0.005,0,5.3767009624944297e-06,-0.00086292731496840085,0.00086292731496850905,1000,independent_deployment_rule_held_fixed,conditional_sampling,format_x_class
CodeBERT_partial_s2028__fusion_TPR_0.001,LightGBM,fixed_per_format_FPR_0.005,-6.6956812855708051e-05,-5.9323736190157339e-05,-0.00046869768998995635,0.00033478406427854025,1000,independent_deployment_rule_held_fixed,conditional_sampling,format_x_class
CodeBERT_partial_s2028__fusion_TPR_0.001,LightGBM,fixed_per_format_TPR_0.01,0.0003982741453700811,0.00039993362097577167,6.637902422834685e-05,0.0007965482907401622,1000,independent_deployment_rule_held_fixed,conditional_sampling,format_x_class
CodeBERT_partial_s2028__fusion_TPR_0.001,LightGBM,fixed_per_format_FPR_0.01,-6.6956812855708051e-05,-6.8764646802812164e-05,-0.00020087043856712415,0,1000,independent_deployment_rule_held_fixed,conditional_sampling,format_x_class
CodeBERT_partial_s2028__fusion_TPR_0.001,LightGBM,fixed_per_format_TPR_0.05,0.00033189512114173425,0.00033587786259541951,0,0.00073016926651170433,1000,independent_deployment_rule_held_fixed,conditional_sampling,format_x_class
CodeBERT_partial_s2028__fusion_TPR_0.001,LightGBM,fixed_per_format_FPR_0.05,-0.0002678272514228322,-0.00027552728490123891,-0.00066956812855708397,0.00013391362571141957,1000,independent_deployment_rule_held_fixed,conditional_sampling,format_x_class
CodeBERT_partial_s2028__fusion_TPR_0.005,LightGBM,ROC_AUC,0,0,0,0,1000,none,conditional_sampling,format_x_class
CodeBERT_partial_s2028__fusion_TPR_0.005,LightGBM,AP,0,0,0,0,1000,none,conditional_sampling,format_x_class
CodeBERT_partial_s2028__fusion_TPR_0.005,LightGBM,Accuracy,0,0,0,0,1000,none,conditional_sampling,format_x_class
CodeBERT_partial_s2028__fusion_TPR_0.005,LightGBM,F1,0,0,0,0,1000,none,conditional_sampling,format_x_class
CodeBERT_partial_s2028__fusion_TPR_0.005,LightGBM,Brier,0,0,0,0,1000,none,conditional_sampling,format_x_class
CodeBERT_partial_s2028__fusion_TPR_0.005,LightGBM,LogLoss,0,0,0,0,1000,none,conditional_sampling,format_x_class
CodeBERT_partial_s2028__fusion_TPR_0.005,LightGBM,ECE,0,0,0,0,1000,none,conditional_sampling,format_x_class
CodeBERT_partial_s2028__fusion_TPR_0.005,LightGBM,oracle_pooled_TPR_0.001,0,0,0,0,1000,oracle_reselected_in_each_resample,exploratory_extreme_tail,format_x_class
CodeBERT_partial_s2028__fusion_TPR_0.005,LightGBM,oracle_pooled_TPR_0.005,0,0,0,0,1000,oracle_reselected_in_each_resample,conditional_sampling,format_x_class
CodeBERT_partial_s2028__fusion_TPR_0.005,LightGBM,oracle_pooled_TPR_0.01,0,0,0,0,1000,oracle_reselected_in_each_resample,conditional_sampling,format_x_class
CodeBERT_partial_s2028__fusion_TPR_0.005,LightGBM,oracle_pooled_TPR_0.05,0,0,0,0,1000,oracle_reselected_in_each_resample,conditional_sampling,format_x_class
CodeBERT_partial_s2028__fusion_TPR_0.005,LightGBM,oracle_per_format_TPR_0.001,0,0,0,0,1000,oracle_reselected_in_each_resample,exploratory_extreme_tail,format_x_class
CodeBERT_partial_s2028__fusion_TPR_0.005,LightGBM,oracle_per_format_TPR_0.005,0,0,0,0,1000,oracle_reselected_in_each_resample,conditional_sampling,format_x_class
CodeBERT_partial_s2028__fusion_TPR_0.005,LightGBM,oracle_per_format_TPR_0.01,0,0,0,0,1000,oracle_reselected_in_each_resample,conditional_sampling,format_x_class
CodeBERT_partial_s2028__fusion_TPR_0.005,LightGBM,oracle_per_format_TPR_0.05,0,0,0,0,1000,oracle_reselected_in_each_resample,conditional_sampling,format_x_class
CodeBERT_partial_s2028__fusion_TPR_0.005,LightGBM,fixed_pooled_TPR_0.001,0,0,0,0,1000,independent_deployment_rule_held_fixed,exploratory_extreme_tail,format_x_class
CodeBERT_partial_s2028__fusion_TPR_0.005,LightGBM,fixed_pooled_FPR_0.001,0,0,0,0,1000,independent_deployment_rule_held_fixed,exploratory_extreme_tail,format_x_class
CodeBERT_partial_s2028__fusion_TPR_0.005,LightGBM,fixed_pooled_TPR_0.005,0,0,0,0,1000,independent_deployment_rule_held_fixed,conditional_sampling,format_x_class
CodeBERT_partial_s2028__fusion_TPR_0.005,LightGBM,fixed_pooled_FPR_0.005,0,0,0,0,1000,independent_deployment_rule_held_fixed,conditional_sampling,format_x_class
CodeBERT_partial_s2028__fusion_TPR_0.005,LightGBM,fixed_pooled_TPR_0.01,0,0,0,0,1000,independent_deployment_rule_held_fixed,conditional_sampling,format_x_class
CodeBERT_partial_s2028__fusion_TPR_0.005,LightGBM,fixed_pooled_FPR_0.01,0,0,0,0,1000,independent_deployment_rule_held_fixed,conditional_sampling,format_x_class
CodeBERT_partial_s2028__fusion_TPR_0.005,LightGBM,fixed_pooled_TPR_0.05,0,0,0,0,1000,independent_deployment_rule_held_fixed,conditional_sampling,format_x_class
CodeBERT_partial_s2028__fusion_TPR_0.005,LightGBM,fixed_pooled_FPR_0.05,0,0,0,0,1000,independent_deployment_rule_held_fixed,conditional_sampling,format_x_class
CodeBERT_partial_s2028__fusion_TPR_0.005,LightGBM,fixed_per_format_TPR_0.001,0,0,0,0,1000,independent_deployment_rule_held_fixed,exploratory_extreme_tail,format_x_class
CodeBERT_partial_s2028__fusion_TPR_0.005,LightGBM,fixed_per_format_FPR_0.001,0,0,0,0,1000,independent_deployment_rule_held_fixed,exploratory_extreme_tail,format_x_class
CodeBERT_partial_s2028__fusion_TPR_0.005,LightGBM,fixed_per_format_TPR_0.005,0,0,0,0,1000,independent_deployment_rule_held_fixed,conditional_sampling,format_x_class
CodeBERT_partial_s2028__fusion_TPR_0.005,LightGBM,fixed_per_format_FPR_0.005,0,0,0,0,1000,independent_deployment_rule_held_fixed,conditional_sampling,format_x_class
CodeBERT_partial_s2028__fusion_TPR_0.005,LightGBM,fixed_per_format_TPR_0.01,0,0,0,0,1000,independent_deployment_rule_held_fixed,conditional_sampling,format_x_class
CodeBERT_partial_s2028__fusion_TPR_0.005,LightGBM,fixed_per_format_FPR_0.01,0,0,0,0,1000,independent_deployment_rule_held_fixed,conditional_sampling,format_x_class
CodeBERT_partial_s2028__fusion_TPR_0.005,LightGBM,fixed_per_format_TPR_0.05,0,0,0,0,1000,independent_deployment_rule_held_fixed,conditional_sampling,format_x_class
CodeBERT_partial_s2028__fusion_TPR_0.005,LightGBM,fixed_per_format_FPR_0.05,0,0,0,0,1000,independent_deployment_rule_held_fixed,conditional_sampling,format_x_class
CodeBERT_unfrozen_s2026__fusion_ROC_AUC,LightGBM,ROC_AUC,0,0,0,0,1000,none,conditional_sampling,format_x_class
CodeBERT_unfrozen_s2026__fusion_ROC_AUC,LightGBM,AP,0,0,0,0,1000,none,conditional_sampling,format_x_class
CodeBERT_unfrozen_s2026__fusion_ROC_AUC,LightGBM,Accuracy,0,0,0,0,1000,none,conditional_sampling,format_x_class
CodeBERT_unfrozen_s2026__fusion_ROC_AUC,LightGBM,F1,0,0,0,0,1000,none,conditional_sampling,format_x_class
CodeBERT_unfrozen_s2026__fusion_ROC_AUC,LightGBM,Brier,0,0,0,0,1000,none,conditional_sampling,format_x_class
CodeBERT_unfrozen_s2026__fusion_ROC_AUC,LightGBM,LogLoss,0,0,0,0,1000,none,conditional_sampling,format_x_class
CodeBERT_unfrozen_s2026__fusion_ROC_AUC,LightGBM,ECE,0,0,0,0,1000,none,conditional_sampling,format_x_class
CodeBERT_unfrozen_s2026__fusion_ROC_AUC,LightGBM,oracle_pooled_TPR_0.001,0,0,0,0,1000,oracle_reselected_in_each_resample,exploratory_extreme_tail,format_x_class
CodeBERT_unfrozen_s2026__fusion_ROC_AUC,LightGBM,oracle_pooled_TPR_0.005,0,0,0,0,1000,oracle_reselected_in_each_resample,conditional_sampling,format_x_class
CodeBERT_unfrozen_s2026__fusion_ROC_AUC,LightGBM,oracle_pooled_TPR_0.01,0,0,0,0,1000,oracle_reselected_in_each_resample,conditional_sampling,format_x_class
CodeBERT_unfrozen_s2026__fusion_ROC_AUC,LightGBM,oracle_pooled_TPR_0.05,0,0,0,0,1000,oracle_reselected_in_each_resample,conditional_sampling,format_x_class
CodeBERT_unfrozen_s2026__fusion_ROC_AUC,LightGBM,oracle_per_format_TPR_0.001,0,0,0,0,1000,oracle_reselected_in_each_resample,exploratory_extreme_tail,format_x_class
CodeBERT_unfrozen_s2026__fusion_ROC_AUC,LightGBM,oracle_per_format_TPR_0.005,0,0,0,0,1000,oracle_reselected_in_each_resample,conditional_sampling,format_x_class
CodeBERT_unfrozen_s2026__fusion_ROC_AUC,LightGBM,oracle_per_format_TPR_0.01,0,0,0,0,1000,oracle_reselected_in_each_resample,conditional_sampling,format_x_class
CodeBERT_unfrozen_s2026__fusion_ROC_AUC,LightGBM,oracle_per_format_TPR_0.05,0,0,0,0,1000,oracle_reselected_in_each_resample,conditional_sampling,format_x_class
CodeBERT_unfrozen_s2026__fusion_ROC_AUC,LightGBM,fixed_pooled_TPR_0.001,0,0,0,0,1000,independent_deployment_rule_held_fixed,exploratory_extreme_tail,format_x_class
CodeBERT_unfrozen_s2026__fusion_ROC_AUC,LightGBM,fixed_pooled_FPR_0.001,0,0,0,0,1000,independent_deployment_rule_held_fixed,exploratory_extreme_tail,format_x_class
CodeBERT_unfrozen_s2026__fusion_ROC_AUC,LightGBM,fixed_pooled_TPR_0.005,0,0,0,0,1000,independent_deployment_rule_held_fixed,conditional_sampling,format_x_class
CodeBERT_unfrozen_s2026__fusion_ROC_AUC,LightGBM,fixed_pooled_FPR_0.005,0,0,0,0,1000,independent_deployment_rule_held_fixed,conditional_sampling,format_x_class
CodeBERT_unfrozen_s2026__fusion_ROC_AUC,LightGBM,fixed_pooled_TPR_0.01,0,0,0,0,1000,independent_deployment_rule_held_fixed,conditional_sampling,format_x_class
CodeBERT_unfrozen_s2026__fusion_ROC_AUC,LightGBM,fixed_pooled_FPR_0.01,0,0,0,0,1000,independent_deployment_rule_held_fixed,conditional_sampling,format_x_class
CodeBERT_unfrozen_s2026__fusion_ROC_AUC,LightGBM,fixed_pooled_TPR_0.05,0,0,0,0,1000,independent_deployment_rule_held_fixed,conditional_sampling,format_x_class
CodeBERT_unfrozen_s2026__fusion_ROC_AUC,LightGBM,fixed_pooled_FPR_0.05,0,0,0,0,1000,independent_deployment_rule_held_fixed,conditional_sampling,format_x_class
CodeBERT_unfrozen_s2026__fusion_ROC_AUC,LightGBM,fixed_per_format_TPR_0.001,0,0,0,0,1000,independent_deployment_rule_held_fixed,exploratory_extreme_tail,format_x_class
CodeBERT_unfrozen_s2026__fusion_ROC_AUC,LightGBM,fixed_per_format_FPR_0.001,0,0,0,0,1000,independent_deployment_rule_held_fixed,exploratory_extreme_tail,format_x_class
CodeBERT_unfrozen_s2026__fusion_ROC_AUC,LightGBM,fixed_per_format_TPR_0.005,0,0,0,0,1000,independent_deployment_rule_held_fixed,conditional_sampling,format_x_class
CodeBERT_unfrozen_s2026__fusion_ROC_AUC,LightGBM,fixed_per_format_FPR_0.005,0,0,0,0,1000,independent_deployment_rule_held_fixed,conditional_sampling,format_x_class
CodeBERT_unfrozen_s2026__fusion_ROC_AUC,LightGBM,fixed_per_format_TPR_0.01,0,0,0,0,1000,independent_deployment_rule_held_fixed,conditional_sampling,format_x_class
CodeBERT_unfrozen_s2026__fusion_ROC_AUC,LightGBM,fixed_per_format_FPR_0.01,0,0,0,0,1000,independent_deployment_rule_held_fixed,conditional_sampling,format_x_class
CodeBERT_unfrozen_s2026__fusion_ROC_AUC,LightGBM,fixed_per_format_TPR_0.05,0,0,0,0,1000,independent_deployment_rule_held_fixed,conditional_sampling,format_x_class
CodeBERT_unfrozen_s2026__fusion_ROC_AUC,LightGBM,fixed_per_format_FPR_0.05,0,0,0,0,1000,independent_deployment_rule_held_fixed,conditional_sampling,format_x_class
CodeBERT_unfrozen_s2026__fusion_AP,LightGBM,ROC_AUC,0,0,0,0,1000,none,conditional_sampling,format_x_class
CodeBERT_unfrozen_s2026__fusion_AP,LightGBM,AP,0,0,0,0,1000,none,conditional_sampling,format_x_class
CodeBERT_unfrozen_s2026__fusion_AP,LightGBM,Accuracy,0,0,0,0,1000,none,conditional_sampling,format_x_class
CodeBERT_unfrozen_s2026__fusion_AP,LightGBM,F1,0,0,0,0,1000,none,conditional_sampling,format_x_class
CodeBERT_unfrozen_s2026__fusion_AP,LightGBM,Brier,0,0,0,0,1000,none,conditional_sampling,format_x_class
CodeBERT_unfrozen_s2026__fusion_AP,LightGBM,LogLoss,0,0,0,0,1000,none,conditional_sampling,format_x_class
CodeBERT_unfrozen_s2026__fusion_AP,LightGBM,ECE,0,0,0,0,1000,none,conditional_sampling,format_x_class
CodeBERT_unfrozen_s2026__fusion_AP,LightGBM,oracle_pooled_TPR_0.001,0,0,0,0,1000,oracle_reselected_in_each_resample,exploratory_extreme_tail,format_x_class
CodeBERT_unfrozen_s2026__fusion_AP,LightGBM,oracle_pooled_TPR_0.005,0,0,0,0,1000,oracle_reselected_in_each_resample,conditional_sampling,format_x_class
CodeBERT_unfrozen_s2026__fusion_AP,LightGBM,oracle_pooled_TPR_0.01,0,0,0,0,1000,oracle_reselected_in_each_resample,conditional_sampling,format_x_class
CodeBERT_unfrozen_s2026__fusion_AP,LightGBM,oracle_pooled_TPR_0.05,0,0,0,0,1000,oracle_reselected_in_each_resample,conditional_sampling,format_x_class
CodeBERT_unfrozen_s2026__fusion_AP,LightGBM,oracle_per_format_TPR_0.001,0,0,0,0,1000,oracle_reselected_in_each_resample,exploratory_extreme_tail,format_x_class
CodeBERT_unfrozen_s2026__fusion_AP,LightGBM,oracle_per_format_TPR_0.005,0,0,0,0,1000,oracle_reselected_in_each_resample,conditional_sampling,format_x_class
CodeBERT_unfrozen_s2026__fusion_AP,LightGBM,oracle_per_format_TPR_0.01,0,0,0,0,1000,oracle_reselected_in_each_resample,conditional_sampling,format_x_class
CodeBERT_unfrozen_s2026__fusion_AP,LightGBM,oracle_per_format_TPR_0.05,0,0,0,0,1000,oracle_reselected_in_each_resample,conditional_sampling,format_x_class
CodeBERT_unfrozen_s2026__fusion_AP,LightGBM,fixed_pooled_TPR_0.001,0,0,0,0,1000,independent_deployment_rule_held_fixed,exploratory_extreme_tail,format_x_class
CodeBERT_unfrozen_s2026__fusion_AP,LightGBM,fixed_pooled_FPR_0.001,0,0,0,0,1000,independent_deployment_rule_held_fixed,exploratory_extreme_tail,format_x_class
CodeBERT_unfrozen_s2026__fusion_AP,LightGBM,fixed_pooled_TPR_0.005,0,0,0,0,1000,independent_deployment_rule_held_fixed,conditional_sampling,format_x_class
CodeBERT_unfrozen_s2026__fusion_AP,LightGBM,fixed_pooled_FPR_0.005,0,0,0,0,1000,independent_deployment_rule_held_fixed,conditional_sampling,format_x_class
CodeBERT_unfrozen_s2026__fusion_AP,LightGBM,fixed_pooled_TPR_0.01,0,0,0,0,1000,independent_deployment_rule_held_fixed,conditional_sampling,format_x_class
CodeBERT_unfrozen_s2026__fusion_AP,LightGBM,fixed_pooled_FPR_0.01,0,0,0,0,1000,independent_deployment_rule_held_fixed,conditional_sampling,format_x_class
CodeBERT_unfrozen_s2026__fusion_AP,LightGBM,fixed_pooled_TPR_0.05,0,0,0,0,1000,independent_deployment_rule_held_fixed,conditional_sampling,format_x_class
CodeBERT_unfrozen_s2026__fusion_AP,LightGBM,fixed_pooled_FPR_0.05,0,0,0,0,1000,independent_deployment_rule_held_fixed,conditional_sampling,format_x_class
CodeBERT_unfrozen_s2026__fusion_AP,LightGBM,fixed_per_format_TPR_0.001,0,0,0,0,1000,independent_deployment_rule_held_fixed,exploratory_extreme_tail,format_x_class
CodeBERT_unfrozen_s2026__fusion_AP,LightGBM,fixed_per_format_FPR_0.001,0,0,0,0,1000,independent_deployment_rule_held_fixed,exploratory_extreme_tail,format_x_class
CodeBERT_unfrozen_s2026__fusion_AP,LightGBM,fixed_per_format_TPR_0.005,0,0,0,0,1000,independent_deployment_rule_held_fixed,conditional_sampling,format_x_class
CodeBERT_unfrozen_s2026__fusion_AP,LightGBM,fixed_per_format_FPR_0.005,0,0,0,0,1000,independent_deployment_rule_held_fixed,conditional_sampling,format_x_class
CodeBERT_unfrozen_s2026__fusion_AP,LightGBM,fixed_per_format_TPR_0.01,0,0,0,0,1000,independent_deployment_rule_held_fixed,conditional_sampling,format_x_class
CodeBERT_unfrozen_s2026__fusion_AP,LightGBM,fixed_per_format_FPR_0.01,0,0,0,0,1000,independent_deployment_rule_held_fixed,conditional_sampling,format_x_class
CodeBERT_unfrozen_s2026__fusion_AP,LightGBM,fixed_per_format_TPR_0.05,0,0,0,0,1000,independent_deployment_rule_held_fixed,conditional_sampling,format_x_class
CodeBERT_unfrozen_s2026__fusion_AP,LightGBM,fixed_per_format_FPR_0.05,0,0,0,0,1000,independent_deployment_rule_held_fixed,conditional_sampling,format_x_class
CodeBERT_unfrozen_s2026__fusion_TPR_0.001,LightGBM,ROC_AUC,-4.1587447586532988e-05,-4.1977183793777128e-05,-0.0001135815772541987,3.2257272386554392e-05,1000,none,conditional_sampling,format_x_class
CodeBERT_unfrozen_s2026__fusion_TPR_0.001,LightGBM,AP,-9.408281628608961e-05,-9.4078462939898075e-05,-0.00016892782175110811,-1.5527823614205911e-05,1000,none,conditional_sampling,format_x_class
CodeBERT_unfrozen_s2026__fusion_TPR_0.001,LightGBM,Accuracy,0.00013333333333331865,0.00013606666666666722,0,0.00029999999999996972,1000,none,conditional_sampling,format_x_class
CodeBERT_unfrozen_s2026__fusion_TPR_0.001,LightGBM,F1,0.0001354493108803867,0.00013815065064574127,0,0.00030397505165481731,1000,none,conditional_sampling,format_x_class
CodeBERT_unfrozen_s2026__fusion_TPR_0.001,LightGBM,Brier,-7.201742646048559e-05,-7.2125854518158739e-05,-8.7444915057095958e-05,-5.6701212845015814e-05,1000,none,conditional_sampling,format_x_class
CodeBERT_unfrozen_s2026__fusion_TPR_0.001,LightGBM,LogLoss,-0.0019090188746521825,-0.0018996374245821492,-0.0024678824948837731,-0.0013375377330152951,1000,none,conditional_sampling,format_x_class
CodeBERT_unfrozen_s2026__fusion_TPR_0.001,LightGBM,ECE,-0.00057758956119400434,-0.00056416140343646109,-0.00081162846885546682,-0.00032841183627831778,1000,none,conditional_sampling,format_x_class
CodeBERT_unfrozen_s2026__fusion_TPR_0.001,LightGBM,oracle_pooled_TPR_0.001,-0.029140391636242935,-0.032714835711915032,-0.049858944573514807,-0.0095585794888815023,1000,oracle_reselected_in_each_resample,exploratory_extreme_tail,format_x_class
CodeBERT_unfrozen_s2026__fusion_TPR_0.001,LightGBM,oracle_pooled_TPR_0.005,-0.0022568868237636819,0.00074988383670760122,-0.0057085960836376071,0.0087636906737470471,1000,oracle_reselected_in_each_resample,conditional_sampling,format_x_class
CodeBERT_unfrozen_s2026__fusion_TPR_0.001,LightGBM,oracle_pooled_TPR_0.01,0.0011948224361101323,-7.9455692001325956e-05,-0.0015283770328576834,0.0013939595087952839,1000,oracle_reselected_in_each_resample,conditional_sampling,format_x_class
CodeBERT_unfrozen_s2026__fusion_TPR_0.001,LightGBM,oracle_pooled_TPR_0.05,0.0001327580484566937,2.0577497510786525e-05,-0.0003982741453700811,0.0003982741453700811,1000,oracle_reselected_in_each_resample,conditional_sampling,format_x_class
CodeBERT_unfrozen_s2026__fusion_TPR_0.001,LightGBM,oracle_per_format_TPR_0.001,-0.030534351145038108,-0.035702356455360108,-0.071966478592764616,0.00034683040159309869,1000,oracle_reselected_in_each_resample,exploratory_extreme_tail,format_x_class
CodeBERT_unfrozen_s2026__fusion_TPR_0.001,LightGBM,oracle_per_format_TPR_0.005,-0.0023896448722203756,-0.0014779953534683038,-0.0055774975107866194,0.0049153667441088561,1000,oracle_reselected_in_each_resample,conditional_sampling,format_x_class
CodeBERT_unfrozen_s2026__fusion_TPR_0.001,LightGBM,oracle_per_format_TPR_0.01,0,0.00045801526717557153,-0.0019249917026219476,0.004248257550613979,1000,oracle_reselected_in_each_resample,conditional_sampling,format_x_class
CodeBERT_unfrozen_s2026__fusion_TPR_0.001,LightGBM,oracle_per_format_TPR_0.05,0.00019913707268504055,8.5828078327248922e-05,-0.0002655160969133874,0.00046465316959842795,1000,oracle_reselected_in_each_resample,conditional_sampling,format_x_class
CodeBERT_unfrozen_s2026__fusion_TPR_0.001,LightGBM,fixed_pooled_TPR_0.001,-0.028675738466644507,-0.028709459010952544,-0.031994689678061738,-0.025487885828078372,1000,independent_deployment_rule_held_fixed,exploratory_extreme_tail,format_x_class
CodeBERT_unfrozen_s2026__fusion_TPR_0.001,LightGBM,fixed_pooled_FPR_0.001,0,-3.3478406427854071e-07,-0.0002678272514228322,0.0002678272514228322,1000,independent_deployment_rule_held_fixed,exploratory_extreme_tail,format_x_class
CodeBERT_unfrozen_s2026__fusion_TPR_0.001,LightGBM,fixed_pooled_TPR_0.005,-0.0011948224361102433,-0.0011833388649186828,-0.0021241287753069882,-0.0002655160969133874,1000,independent_deployment_rule_held_fixed,conditional_sampling,format_x_class
CodeBERT_unfrozen_s2026__fusion_TPR_0.001,LightGBM,fixed_pooled_FPR_0.005,-0.00020087043856712415,-0.00020220957482423833,-0.0005356545028456644,6.6956812855708051e-05,1000,independent_deployment_rule_held_fixed,conditional_sampling,format_x_class
CodeBERT_unfrozen_s2026__fusion_TPR_0.001,LightGBM,fixed_pooled_TPR_0.01,0.00019913707268504055,0.00021520079654828938,-0.0001327580484566937,0.00059741121805512165,1000,independent_deployment_rule_held_fixed,conditional_sampling,format_x_class
CodeBERT_unfrozen_s2026__fusion_TPR_0.001,LightGBM,fixed_pooled_FPR_0.01,0,-5.222631402745228e-06,-0.00020087043856712415,0.00013558754603280727,1000,independent_deployment_rule_held_fixed,conditional_sampling,format_x_class
CodeBERT_unfrozen_s2026__fusion_TPR_0.001,LightGBM,fixed_pooled_TPR_0.05,-0.00019913707268504055,-0.00020404912047793032,-0.0005310321938267748,6.637902422834685e-05,1000,independent_deployment_rule_held_fixed,conditional_sampling,format_x_class
CodeBERT_unfrozen_s2026__fusion_TPR_0.001,LightGBM,fixed_pooled_FPR_0.05,-0.0005356545028456644,-0.00052574489454301982,-0.0010043521928356225,-6.6956812855706316e-05,1000,independent_deployment_rule_held_fixed,conditional_sampling,format_x_class
CodeBERT_unfrozen_s2026__fusion_TPR_0.001,LightGBM,fixed_per_format_TPR_0.001,-0.035911052107534092,-0.035941586458679058,-0.039296382343179559,-0.032656820444739498,1000,independent_deployment_rule_held_fixed,exploratory_extreme_tail,format_x_class
CodeBERT_unfrozen_s2026__fusion_TPR_0.001,LightGBM,fixed_per_format_FPR_0.001,0,-5.1556745898895223e-06,-0.0002678272514228322,0.0002678272514228322,1000,independent_deployment_rule_held_fixed,exploratory_extreme_tail,format_x_class
CodeBERT_unfrozen_s2026__fusion_TPR_0.001,LightGBM,fixed_per_format_TPR_0.005,-0.0010620643876534386,-0.0010575506140059745,-0.0019266511782277645,-0.0001327580484566937,1000,independent_deployment_rule_held_fixed,conditional_sampling,format_x_class
CodeBERT_unfrozen_s2026__fusion_TPR_0.001,LightGBM,fixed_per_format_FPR_0.005,-6.6956812855708051e-05,-5.9457649815868754e-05,-0.00046869768998995635,0.0004017408771342483,1000,independent_deployment_rule_held_fixed,conditional_sampling,format_x_class
CodeBERT_unfrozen_s2026__fusion_TPR_0.001,LightGBM,fixed_per_format_TPR_0.01,0.0001327580484566937,0.00012439429140391801,-0.00033189512114173425,0.0005310321938267748,1000,independent_deployment_rule_held_fixed,conditional_sampling,format_x_class
CodeBERT_unfrozen_s2026__fusion_TPR_0.001,LightGBM,fixed_per_format_FPR_0.01,0,-3.481754268496817e-06,-0.00020087043856712415,0.00020087043856712415,1000,independent_deployment_rule_held_fixed,conditional_sampling,format_x_class
CodeBERT_unfrozen_s2026__fusion_TPR_0.001,LightGBM,fixed_per_format_TPR_0.05,0.00019913707268504055,0.000200730169266511,-6.637902422834685e-05,0.0005310321938267748,1000,independent_deployment_rule_held_fixed,conditional_sampling,format_x_class
CodeBERT_unfrozen_s2026__fusion_TPR_0.001,LightGBM,fixed_per_format_FPR_0.05,-0.00033478406427854546,-0.00034007365249414144,-0.00073652494141279029,0,1000,independent_deployment_rule_held_fixed,conditional_sampling,format_x_class
CodeBERT_unfrozen_s2026__fusion_TPR_0.005,LightGBM,ROC_AUC,-0.00011198432503889411,-0.00011261670135804947,-0.00021209520489873235,-1.449682777376339e-05,1000,none,conditional_sampling,format_x_class
CodeBERT_unfrozen_s2026__fusion_TPR_0.005,LightGBM,AP,-0.00018605409458860578,-0.00018608799437280354,-0.00028782201818841613,-7.7135646557846568e-05,1000,none,conditional_sampling,format_x_class
CodeBERT_unfrozen_s2026__fusion_TPR_0.005,LightGBM,Accuracy,6.6666666666659324e-05,6.0799999999999967e-05,-0.00023333333333330764,0.00033333333333329662,1000,none,conditional_sampling,format_x_class
CodeBERT_unfrozen_s2026__fusion_TPR_0.005,LightGBM,F1,6.8778199472929735e-05,6.2667226102815061e-05,-0.00023024540612469056,0.00033155915794742802,1000,none,conditional_sampling,format_x_class
CodeBERT_unfrozen_s2026__fusion_TPR_0.005,LightGBM,Brier,-0.00013423528975992083,-0.00013444251005002527,-0.00016516136285977013,-0.00010362940990690518,1000,none,conditional_sampling,format_x_class
CodeBERT_unfrozen_s2026__fusion_TPR_0.005,LightGBM,LogLoss,-0.0027456316665831065,-0.0027332922325321741,-0.003524680935390359,-0.0019608446719733574,1000,none,conditional_sampling,format_x_class
CodeBERT_unfrozen_s2026__fusion_TPR_0.005,LightGBM,ECE,-0.0012600954140248762,-0.0012038952685453732,-0.0015412932986412658,-0.00087257623268518678,1000,none,conditional_sampling,format_x_class
CodeBERT_unfrozen_s2026__fusion_TPR_0.005,LightGBM,oracle_pooled_TPR_0.001,-0.039163624294722865,-0.044681712578825084,-0.073287421174908718,-0.01339528708927974,1000,oracle_reselected_in_each_resample,exploratory_extreme_tail,format_x_class
CodeBERT_unfrozen_s2026__fusion_TPR_0.005,LightGBM,oracle_pooled_TPR_0.005,-0.0029870560902754972,-0.0019076003982741441,-0.038501493528045105,0.0097593760371722498,1000,oracle_reselected_in_each_resample,conditional_sampling,format_x_class
CodeBERT_unfrozen_s2026__fusion_TPR_0.005,LightGBM,oracle_pooled_TPR_0.01,0.0011284434118817854,-0.00024188516428808325,-0.0021921672751411517,0.0021241287753069882,1000,oracle_reselected_in_each_resample,conditional_sampling,format_x_class
CodeBERT_unfrozen_s2026__fusion_TPR_0.005,LightGBM,oracle_pooled_TPR_0.05,0.00019913707268504055,0.00010607368071689393,-0.00046465316959842795,0.00059741121805512165,1000,oracle_reselected_in_each_resample,conditional_sampling,format_x_class
CodeBERT_unfrozen_s2026__fusion_TPR_0.005,LightGBM,oracle_per_format_TPR_0.001,-0.047660139395950818,-0.05074676402256887,-0.097253567872552349,-0.012275141055426491,1000,oracle_reselected_in_each_resample,exploratory_extreme_tail,format_x_class
CodeBERT_unfrozen_s2026__fusion_TPR_0.005,LightGBM,oracle_per_format_TPR_0.005,-0.0044473946232990169,-0.002859873879853965,-0.0076335877862595547,0.0044473946232990169,1000,oracle_reselected_in_each_resample,conditional_sampling,format_x_class
CodeBERT_unfrozen_s2026__fusion_TPR_0.005,LightGBM,oracle_per_format_TPR_0.01,0.0005310321938267748,0.00040969133753733787,-0.0051111848655824854,0.0055111184865582709,1000,oracle_reselected_in_each_resample,conditional_sampling,format_x_class
CodeBERT_unfrozen_s2026__fusion_TPR_0.005,LightGBM,oracle_per_format_TPR_0.05,0.0002655160969133874,0.00019037504148688999,-0.00033189512114173425,0.00073016926651181535,1000,oracle_reselected_in_each_resample,conditional_sampling,format_x_class
CodeBERT_unfrozen_s2026__fusion_TPR_0.005,LightGBM,fixed_pooled_TPR_0.001,-0.031264520411549923,-0.031282177231994689,-0.034850647195486251,-0.027613674078990957,1000,independent_deployment_rule_held_fixed,exploratory_extreme_tail,format_x_class
CodeBERT_unfrozen_s2026__fusion_TPR_0.005,LightGBM,fixed_pooled_FPR_0.001,0.0001339136257114161,0.00013270840308001337,-0.00020087043856712415,0.00046869768998995635,1000,independent_deployment_rule_held_fixed,exploratory_extreme_tail,format_x_class
CodeBERT_unfrozen_s2026__fusion_TPR_0.005,LightGBM,fixed_pooled_TPR_0.005,-0.0021241287753070992,-0.0021130434782608717,-0.0034517092598739252,-0.00073016926651181535,1000,independent_deployment_rule_held_fixed,conditional_sampling,format_x_class
CodeBERT_unfrozen_s2026__fusion_TPR_0.005,LightGBM,fixed_pooled_FPR_0.005,-0.00033478406427854025,-0.00033170405088717777,-0.00080348175426849661,6.6956812855708051e-05,1000,independent_deployment_rule_held_fixed,conditional_sampling,format_x_class
CodeBERT_unfrozen_s2026__fusion_TPR_0.005,LightGBM,fixed_pooled_TPR_0.01,0.00066379024228335748,0.00067680053103219377,0.0001327580484566937,0.001327580484566826,1000,independent_deployment_rule_held_fixed,conditional_sampling,format_x_class
CodeBERT_unfrozen_s2026__fusion_TPR_0.005,LightGBM,fixed_pooled_FPR_0.01,-0.0001339136257114161,-0.000133244057582859,-0.00046869768998995635,0.00020087043856712415,1000,independent_deployment_rule_held_fixed,conditional_sampling,format_x_class
CodeBERT_unfrozen_s2026__fusion_TPR_0.005,LightGBM,fixed_pooled_TPR_0.05,0,-4.646531695990941e-07,-0.0003982741453700811,0.0003982741453700811,1000,independent_deployment_rule_held_fixed,conditional_sampling,format_x_class
CodeBERT_unfrozen_s2026__fusion_TPR_0.005,LightGBM,fixed_pooled_FPR_0.05,-0.00046869768998995809,-0.00046099765651155025,-0.0010713090056913288,0.00013391362571141957,1000,independent_deployment_rule_held_fixed,conditional_sampling,format_x_class
CodeBERT_unfrozen_s2026__fusion_TPR_0.005,LightGBM,fixed_per_format_TPR_0.001,-0.041154995021573271,-0.041182874211749085,-0.045071357451045402,-0.037369731164951903,1000,independent_deployment_rule_held_fixed,exploratory_extreme_tail,format_x_class
CodeBERT_unfrozen_s2026__fusion_TPR_0.005,LightGBM,fixed_per_format_FPR_0.001,6.6956812855708051e-05,6.0528958821560093e-05,-0.00020087043856712415,0.00033478406427854047,1000,independent_deployment_rule_held_fixed,exploratory_extreme_tail,format_x_class
CodeBERT_unfrozen_s2026__fusion_TPR_0.005,LightGBM,fixed_per_format_TPR_0.005,-0.0011948224361101323,-0.0012088947892465983,-0.0024560238964487224,6.637902422834685e-05,1000,independent_deployment_rule_held_fixed,conditional_sampling,format_x_class
CodeBERT_unfrozen_s2026__fusion_TPR_0.005,LightGBM,fixed_per_format_FPR_0.005,-0.0001339136257114161,-0.00012594576498158687,-0.00060261131570137245,0.0004017408771342483,1000,independent_deployment_rule_held_fixed,conditional_sampling,format_x_class
CodeBERT_unfrozen_s2026__fusion_TPR_0.005,LightGBM,fixed_per_format_TPR_0.01,6.637902422834685e-05,5.6355791569865365e-05,-0.00046465316959842795,0.00059741121805512165,1000,independent_deployment_rule_held_fixed,conditional_sampling,format_x_class
CodeBERT_unfrozen_s2026__fusion_TPR_0.005,LightGBM,fixed_per_format_FPR_0.01,-0.00033478406427854025,-0.00033619015734851014,-0.00073652494141278856,0,1000,independent_deployment_rule_held_fixed,conditional_sampling,format_x_class
CodeBERT_unfrozen_s2026__fusion_TPR_0.005,LightGBM,fixed_per_format_TPR_0.05,0.0002655160969133874,0.0002667772983737131,-0.0001344175240623995,0.0006637902422834685,1000,independent_deployment_rule_held_fixed,conditional_sampling,format_x_class
CodeBERT_unfrozen_s2026__fusion_TPR_0.005,LightGBM,fixed_per_format_FPR_0.05,-0.00046869768998995809,-0.00047264814194844333,-0.001071309005691329,0.00013391362571141957,1000,independent_deployment_rule_held_fixed,conditional_sampling,format_x_class
CodeBERT_unfrozen_s2027__fusion_ROC_AUC,LightGBM,ROC_AUC,-6.4378986672108951e-05,-6.625688415703846e-05,-0.00013138924497587413,6.1612268052485492e-06,1000,none,conditional_sampling,format_x_class
CodeBERT_unfrozen_s2027__fusion_ROC_AUC,LightGBM,AP,-0.00011495038911513156,-0.00011622429196299078,-0.00018227172228247877,-4.386623869736266e-05,1000,none,conditional_sampling,format_x_class
CodeBERT_unfrozen_s2027__fusion_ROC_AUC,LightGBM,Accuracy,0.00019999999999997797,0.0002028666666666673,3.3333333333329662e-05,0.00039999999999995595,1000,none,conditional_sampling,format_x_class
CodeBERT_unfrozen_s2027__fusion_ROC_AUC,LightGBM,F1,0.00020002667022267495,0.00020285840834448709,3.2258496290971103e-05,0.00039998033908020535,1000,none,conditional_sampling,format_x_class
CodeBERT_unfrozen_s2027__fusion_ROC_AUC,LightGBM,Brier,-7.6641082700029672e-05,-7.6754579948808246e-05,-9.3480344767177609e-05,-6.1175625667848121e-05,1000,none,conditional_sampling,format_x_class
CodeBERT_unfrozen_s2027__fusion_ROC_AUC,LightGBM,LogLoss,-0.0014475251450768722,-0.0014335353929054401,-0.0019528310848431749,-0.00097137910643193377,1000,none,conditional_sampling,format_x_class
CodeBERT_unfrozen_s2027__fusion_ROC_AUC,LightGBM,ECE,-0.00057617070369080786,-0.00054072650063608245,-0.00079170950841605029,-0.00026504219378119075,1000,none,conditional_sampling,format_x_class
CodeBERT_unfrozen_s2027__fusion_ROC_AUC,LightGBM,oracle_pooled_TPR_0.001,-0.031065383338864994,-0.033485230667109192,-0.047661798871556638,-0.0054928642548954945,1000,oracle_reselected_in_each_resample,exploratory_extreme_tail,format_x_class
CodeBERT_unfrozen_s2027__fusion_ROC_AUC,LightGBM,oracle_pooled_TPR_0.005,-0.0014603385330236307,0.0015018918021905074,-0.0043810155990706727,0.0082990375041487301,1000,oracle_reselected_in_each_resample,conditional_sampling,format_x_class
CodeBERT_unfrozen_s2027__fusion_ROC_AUC,LightGBM,oracle_pooled_TPR_0.01,0.0011284434118817854,-1.9714570195818236e-05,-0.0015283770328576834,0.0014603385330236307,1000,oracle_reselected_in_each_resample,conditional_sampling,format_x_class
CodeBERT_unfrozen_s2027__fusion_ROC_AUC,LightGBM,oracle_pooled_TPR_0.05,0.00019913707268504055,8.3239296382343845e-05,-0.0002655160969133874,0.00046465316959842795,1000,oracle_reselected_in_each_resample,conditional_sampling,format_x_class
CodeBERT_unfrozen_s2027__fusion_ROC_AUC,LightGBM,oracle_per_format_TPR_0.001,-0.031861931629605045,-0.028900165947560574,-0.054233322270162532,0.012814470627281801,1000,oracle_reselected_in_each_resample,exploratory_extreme_tail,format_x_class
CodeBERT_unfrozen_s2027__fusion_ROC_AUC,LightGBM,oracle_per_format_TPR_0.005,-0.0019249917026219476,-0.00036203119814138597,-0.0039180219050780592,0.0057085960836374986,1000,oracle_reselected_in_each_resample,conditional_sampling,format_x_class
CodeBERT_unfrozen_s2027__fusion_ROC_AUC,LightGBM,oracle_per_format_TPR_0.01,0.00033189512114173425,0.00016979754397610224,-0.001659475605708563,0.0029206770660471504,1000,oracle_reselected_in_each_resample,conditional_sampling,format_x_class
CodeBERT_unfrozen_s2027__fusion_ROC_AUC,LightGBM,oracle_per_format_TPR_0.05,0.00019913707268504055,0.0001117822768005311,-0.0002655160969133874,0.00046465316959842795,1000,oracle_reselected_in_each_resample,conditional_sampling,format_x_class
CodeBERT_unfrozen_s2027__fusion_ROC_AUC,LightGBM,fixed_pooled_TPR_0.001,-0.023697311649518715,-0.023747162296714235,-0.027349817457683386,-0.019913707268503167,1000,independent_deployment_rule_held_fixed,exploratory_extreme_tail,format_x_class
CodeBERT_unfrozen_s2027__fusion_ROC_AUC,LightGBM,fixed_pooled_FPR_0.001,0.00020087043856712415,0.00020522263140274521,-0.00020087043856712415,0.00060261131570137267,1000,independent_deployment_rule_held_fixed,exploratory_extreme_tail,format_x_class
CodeBERT_unfrozen_s2027__fusion_ROC_AUC,LightGBM,fixed_pooled_TPR_0.005,-0.00099568536342520275,-0.00099575174244938215,-0.0019249917026219476,-6.4719548622639683e-05,1000,independent_deployment_rule_held_fixed,conditional_sampling,format_x_class
CodeBERT_unfrozen_s2027__fusion_ROC_AUC,LightGBM,fixed_pooled_FPR_0.005,-0.00020087043856712415,-0.00019845999330431869,-0.0005356545028456644,6.6956812855708051e-05,1000,independent_deployment_rule_held_fixed,conditional_sampling,format_x_class
CodeBERT_unfrozen_s2027__fusion_ROC_AUC,LightGBM,fixed_pooled_TPR_0.01,0.0002655160969133874,0.00028084965151012141,-6.8038499834055427e-05,0.00073016926651181535,1000,independent_deployment_rule_held_fixed,conditional_sampling,format_x_class
CodeBERT_unfrozen_s2027__fusion_ROC_AUC,LightGBM,fixed_pooled_FPR_0.01,6.6956812855708051e-05,6.0127217944425835e-05,-0.0001339136257114161,0.0002678272514228322,1000,independent_deployment_rule_held_fixed,conditional_sampling,format_x_class
CodeBERT_unfrozen_s2027__fusion_ROC_AUC,LightGBM,fixed_pooled_TPR_0.05,0,1.3939595087951729e-06,-0.00033189512114173425,0.00033189512114173425,1000,independent_deployment_rule_held_fixed,conditional_sampling,format_x_class
CodeBERT_unfrozen_s2027__fusion_ROC_AUC,LightGBM,fixed_pooled_FPR_0.05,-0.0002678272514228322,-0.0002660194174757284,-0.00073652494141279029,0.00020087043856712589,1000,independent_deployment_rule_held_fixed,conditional_sampling,format_x_class
CodeBERT_unfrozen_s2027__fusion_ROC_AUC,LightGBM,fixed_per_format_TPR_0.001,-0.037305011616329264,-0.03735466312645204,-0.040557583803518149,-0.034050779953534678,1000,independent_deployment_rule_held_fixed,exploratory_extreme_tail,format_x_class
CodeBERT_unfrozen_s2027__fusion_ROC_AUC,LightGBM,fixed_per_format_FPR_0.001,0.0001339136257114161,0.00013672581185135584,-0.00020087043856712415,0.00046869768998995657,1000,independent_deployment_rule_held_fixed,exploratory_extreme_tail,format_x_class
CodeBERT_unfrozen_s2027__fusion_ROC_AUC,LightGBM,fixed_per_format_TPR_0.005,-0.0003982741453700811,-0.00038280783272485883,-0.0012612014603385902,0.0005310321938266666,1000,independent_deployment_rule_held_fixed,conditional_sampling,format_x_class
CodeBERT_unfrozen_s2027__fusion_ROC_AUC,LightGBM,fixed_per_format_FPR_0.005,-6.6956812855708051e-05,-6.0127217944425842e-05,-0.00046869768998995635,0.00033478406427854025,1000,independent_deployment_rule_held_fixed,conditional_sampling,format_x_class
CodeBERT_unfrozen_s2027__fusion_ROC_AUC,LightGBM,fixed_per_format_TPR_0.01,0.00019913707268504055,0.0002022568868237653,-0.0001327580484566937,0.00059741121805512165,1000,independent_deployment_rule_held_fixed,conditional_sampling,format_x_class
CodeBERT_unfrozen_s2027__fusion_ROC_AUC,LightGBM,fixed_per_format_FPR_0.01,-0.0001339136257114161,-0.00013873451623702709,-0.0004017408771342483,0.0001339136257114161,1000,independent_deployment_rule_held_fixed,conditional_sampling,format_x_class
CodeBERT_unfrozen_s2027__fusion_ROC_AUC,LightGBM,fixed_per_format_TPR_0.05,0.0001327580484566937,0.0001416528377032853,-0.00019913707268504055,0.00046465316959842795,1000,independent_deployment_rule_held_fixed,conditional_sampling,format_x_class
CodeBERT_unfrozen_s2027__fusion_ROC_AUC,LightGBM,fixed_per_format_FPR_0.05,-6.6956812855713255e-05,-6.8697689989956484e-05,-0.00040341479745564416,0.0002678272514228322,1000,independent_deployment_rule_held_fixed,conditional_sampling,format_x_class
CodeBERT_unfrozen_s2027__fusion_AP,LightGBM,ROC_AUC,-6.4378986672108951e-05,-6.625688415703846e-05,-0.00013138924497587413,6.1612268052485492e-06,1000,none,conditional_sampling,format_x_class
CodeBERT_unfrozen_s2027__fusion_AP,LightGBM,AP,-0.00011495038911513156,-0.00011622429196299078,-0.00018227172228247877,-4.386623869736266e-05,1000,none,conditional_sampling,format_x_class
CodeBERT_unfrozen_s2027__fusion_AP,LightGBM,Accuracy,0.00019999999999997797,0.0002028666666666673,3.3333333333329662e-05,0.00039999999999995595,1000,none,conditional_sampling,format_x_class
CodeBERT_unfrozen_s2027__fusion_AP,LightGBM,F1,0.00020002667022267495,0.00020285840834448709,3.2258496290971103e-05,0.00039998033908020535,1000,none,conditional_sampling,format_x_class
CodeBERT_unfrozen_s2027__fusion_AP,LightGBM,Brier,-7.6641082700029672e-05,-7.6754579948808246e-05,-9.3480344767177609e-05,-6.1175625667848121e-05,1000,none,conditional_sampling,format_x_class
CodeBERT_unfrozen_s2027__fusion_AP,LightGBM,LogLoss,-0.0014475251450768722,-0.0014335353929054401,-0.0019528310848431749,-0.00097137910643193377,1000,none,conditional_sampling,format_x_class
CodeBERT_unfrozen_s2027__fusion_AP,LightGBM,ECE,-0.00057617070369080786,-0.00054072650063608245,-0.00079170950841605029,-0.00026504219378119075,1000,none,conditional_sampling,format_x_class
CodeBERT_unfrozen_s2027__fusion_AP,LightGBM,oracle_pooled_TPR_0.001,-0.031065383338864994,-0.033485230667109192,-0.047661798871556638,-0.0054928642548954945,1000,oracle_reselected_in_each_resample,exploratory_extreme_tail,format_x_class
CodeBERT_unfrozen_s2027__fusion_AP,LightGBM,oracle_pooled_TPR_0.005,-0.0014603385330236307,0.0015018918021905074,-0.0043810155990706727,0.0082990375041487301,1000,oracle_reselected_in_each_resample,conditional_sampling,format_x_class
CodeBERT_unfrozen_s2027__fusion_AP,LightGBM,oracle_pooled_TPR_0.01,0.0011284434118817854,-1.9714570195818236e-05,-0.0015283770328576834,0.0014603385330236307,1000,oracle_reselected_in_each_resample,conditional_sampling,format_x_class
CodeBERT_unfrozen_s2027__fusion_AP,LightGBM,oracle_pooled_TPR_0.05,0.00019913707268504055,8.3239296382343845e-05,-0.0002655160969133874,0.00046465316959842795,1000,oracle_reselected_in_each_resample,conditional_sampling,format_x_class
CodeBERT_unfrozen_s2027__fusion_AP,LightGBM,oracle_per_format_TPR_0.001,-0.031861931629605045,-0.028900165947560574,-0.054233322270162532,0.012814470627281801,1000,oracle_reselected_in_each_resample,exploratory_extreme_tail,format_x_class
CodeBERT_unfrozen_s2027__fusion_AP,LightGBM,oracle_per_format_TPR_0.005,-0.0019249917026219476,-0.00036203119814138597,-0.0039180219050780592,0.0057085960836374986,1000,oracle_reselected_in_each_resample,conditional_sampling,format_x_class
CodeBERT_unfrozen_s2027__fusion_AP,LightGBM,oracle_per_format_TPR_0.01,0.00033189512114173425,0.00016979754397610224,-0.001659475605708563,0.0029206770660471504,1000,oracle_reselected_in_each_resample,conditional_sampling,format_x_class
CodeBERT_unfrozen_s2027__fusion_AP,LightGBM,oracle_per_format_TPR_0.05,0.00019913707268504055,0.0001117822768005311,-0.0002655160969133874,0.00046465316959842795,1000,oracle_reselected_in_each_resample,conditional_sampling,format_x_class
CodeBERT_unfrozen_s2027__fusion_AP,LightGBM,fixed_pooled_TPR_0.001,-0.023697311649518715,-0.023747162296714235,-0.027349817457683386,-0.019913707268503167,1000,independent_deployment_rule_held_fixed,exploratory_extreme_tail,format_x_class
CodeBERT_unfrozen_s2027__fusion_AP,LightGBM,fixed_pooled_FPR_0.001,0.00020087043856712415,0.00020522263140274521,-0.00020087043856712415,0.00060261131570137267,1000,independent_deployment_rule_held_fixed,exploratory_extreme_tail,format_x_class
CodeBERT_unfrozen_s2027__fusion_AP,LightGBM,fixed_pooled_TPR_0.005,-0.00099568536342520275,-0.00099575174244938215,-0.0019249917026219476,-6.4719548622639683e-05,1000,independent_deployment_rule_held_fixed,conditional_sampling,format_x_class
CodeBERT_unfrozen_s2027__fusion_AP,LightGBM,fixed_pooled_FPR_0.005,-0.00020087043856712415,-0.00019845999330431869,-0.0005356545028456644,6.6956812855708051e-05,1000,independent_deployment_rule_held_fixed,conditional_sampling,format_x_class
CodeBERT_unfrozen_s2027__fusion_AP,LightGBM,fixed_pooled_TPR_0.01,0.0002655160969133874,0.00028084965151012141,-6.8038499834055427e-05,0.00073016926651181535,1000,independent_deployment_rule_held_fixed,conditional_sampling,format_x_class
CodeBERT_unfrozen_s2027__fusion_AP,LightGBM,fixed_pooled_FPR_0.01,6.6956812855708051e-05,6.0127217944425835e-05,-0.0001339136257114161,0.0002678272514228322,1000,independent_deployment_rule_held_fixed,conditional_sampling,format_x_class
CodeBERT_unfrozen_s2027__fusion_AP,LightGBM,fixed_pooled_TPR_0.05,0,1.3939595087951729e-06,-0.00033189512114173425,0.00033189512114173425,1000,independent_deployment_rule_held_fixed,conditional_sampling,format_x_class
CodeBERT_unfrozen_s2027__fusion_AP,LightGBM,fixed_pooled_FPR_0.05,-0.0002678272514228322,-0.0002660194174757284,-0.00073652494141279029,0.00020087043856712589,1000,independent_deployment_rule_held_fixed,conditional_sampling,format_x_class
CodeBERT_unfrozen_s2027__fusion_AP,LightGBM,fixed_per_format_TPR_0.001,-0.037305011616329264,-0.03735466312645204,-0.040557583803518149,-0.034050779953534678,1000,independent_deployment_rule_held_fixed,exploratory_extreme_tail,format_x_class
CodeBERT_unfrozen_s2027__fusion_AP,LightGBM,fixed_per_format_FPR_0.001,0.0001339136257114161,0.00013672581185135584,-0.00020087043856712415,0.00046869768998995657,1000,independent_deployment_rule_held_fixed,exploratory_extreme_tail,format_x_class
CodeBERT_unfrozen_s2027__fusion_AP,LightGBM,fixed_per_format_TPR_0.005,-0.0003982741453700811,-0.00038280783272485883,-0.0012612014603385902,0.0005310321938266666,1000,independent_deployment_rule_held_fixed,conditional_sampling,format_x_class
CodeBERT_unfrozen_s2027__fusion_AP,LightGBM,fixed_per_format_FPR_0.005,-6.6956812855708051e-05,-6.0127217944425842e-05,-0.00046869768998995635,0.00033478406427854025,1000,independent_deployment_rule_held_fixed,conditional_sampling,format_x_class
CodeBERT_unfrozen_s2027__fusion_AP,LightGBM,fixed_per_format_TPR_0.01,0.00019913707268504055,0.0002022568868237653,-0.0001327580484566937,0.00059741121805512165,1000,independent_deployment_rule_held_fixed,conditional_sampling,format_x_class
CodeBERT_unfrozen_s2027__fusion_AP,LightGBM,fixed_per_format_FPR_0.01,-0.0001339136257114161,-0.00013873451623702709,-0.0004017408771342483,0.0001339136257114161,1000,independent_deployment_rule_held_fixed,conditional_sampling,format_x_class
CodeBERT_unfrozen_s2027__fusion_AP,LightGBM,fixed_per_format_TPR_0.05,0.0001327580484566937,0.0001416528377032853,-0.00019913707268504055,0.00046465316959842795,1000,independent_deployment_rule_held_fixed,conditional_sampling,format_x_class
CodeBERT_unfrozen_s2027__fusion_AP,LightGBM,fixed_per_format_FPR_0.05,-6.6956812855713255e-05,-6.8697689989956484e-05,-0.00040341479745564416,0.0002678272514228322,1000,independent_deployment_rule_held_fixed,conditional_sampling,format_x_class
CodeBERT_unfrozen_s2027__fusion_TPR_0.001,LightGBM,ROC_AUC,-0.00012229118524553773,-0.00012479343223222193,-0.00021179642151058497,-3.3440405714471626e-05,1000,none,conditional_sampling,format_x_class
CodeBERT_unfrozen_s2027__fusion_TPR_0.001,LightGBM,AP,-0.0001887193376559626,-0.00019032663541032813,-0.00027743771603178644,-0.00010212189624254355,1000,none,conditional_sampling,format_x_class
CodeBERT_unfrozen_s2027__fusion_TPR_0.001,LightGBM,Accuracy,0.0002666666666666373,0.00026593333333333412,0,0.0005333333333332746,1000,none,conditional_sampling,format_x_class
CodeBERT_unfrozen_s2027__fusion_TPR_0.001,LightGBM,F1,0.0002687915336951896,0.00026791290169923197,0,0.00053083586259357047,1000,none,conditional_sampling,format_x_class
CodeBERT_unfrozen_s2027__fusion_TPR_0.001,LightGBM,Brier,-0.00014209767391175007,-0.00014231560380333731,-0.00017592138235139376,-0.00011141350733778182,1000,none,conditional_sampling,format_x_class
CodeBERT_unfrozen_s2027__fusion_TPR_0.001,LightGBM,LogLoss,-0.0020693705645489779,-0.0020513188274586761,-0.0027809388845747916,-0.001395708776435253,1000,none,conditional_sampling,format_x_class
CodeBERT_unfrozen_s2027__fusion_TPR_0.001,LightGBM,ECE,-0.001136750879247049,-0.0011231088083165682,-0.0014795421512750731,-0.00077133856253023267,1000,none,conditional_sampling,format_x_class
CodeBERT_unfrozen_s2027__fusion_TPR_0.001,LightGBM,oracle_pooled_TPR_0.001,-0.032791237968801901,-0.033622834384334555,-0.05283936276136747,-0.0059658148025223505,1000,oracle_reselected_in_each_resample,exploratory_extreme_tail,format_x_class
CodeBERT_unfrozen_s2027__fusion_TPR_0.001,LightGBM,oracle_pooled_TPR_0.005,-0.0025224029206770693,5.2173913043479625e-05,-0.034917026219714598,0.010960836375705319,1000,oracle_reselected_in_each_resample,conditional_sampling,format_x_class
CodeBERT_unfrozen_s2027__fusion_TPR_0.001,LightGBM,oracle_pooled_TPR_0.01,0.0012612014603384791,-9.3594424161936862e-06,-0.0021921672751411517,0.0023232658479920287,1000,oracle_reselected_in_each_resample,conditional_sampling,format_x_class
CodeBERT_unfrozen_s2027__fusion_TPR_0.001,LightGBM,oracle_pooled_TPR_0.05,0.00046465316959842795,0.00020139395950879502,-0.00033189512114173425,0.00073016926651170433,1000,oracle_reselected_in_each_resample,conditional_sampling,format_x_class
CodeBERT_unfrozen_s2027__fusion_TPR_0.001,LightGBM,oracle_per_format_TPR_0.001,-0.041486890142714894,-0.036128708927978766,-0.070627281778957829,0.0026634583471622959,1000,oracle_reselected_in_each_resample,exploratory_extreme_tail,format_x_class
CodeBERT_unfrozen_s2027__fusion_TPR_0.001,LightGBM,oracle_per_format_TPR_0.005,-0.0019913707268502945,-0.00061374045801526774,-0.0053103219382674175,0.0058463325589114198,1000,oracle_reselected_in_each_resample,conditional_sampling,format_x_class
CodeBERT_unfrozen_s2027__fusion_TPR_0.001,LightGBM,oracle_per_format_TPR_0.01,-0.0006637902422834685,0.00018951211417192148,-0.0033189512114172315,0.0045154331231330707,1000,oracle_reselected_in_each_resample,conditional_sampling,format_x_class
CodeBERT_unfrozen_s2027__fusion_TPR_0.001,LightGBM,oracle_per_format_TPR_0.05,0.00033189512114173425,0.00023398606040491199,-0.0002671755725190932,0.0007965482907401622,1000,oracle_reselected_in_each_resample,conditional_sampling,format_x_class
CodeBERT_unfrozen_s2027__fusion_TPR_0.001,LightGBM,fixed_pooled_TPR_0.001,-0.027480916030534375,-0.027561964819117157,-0.031463657484234964,-0.023498174576833675,1000,independent_deployment_rule_held_fixed,exploratory_extreme_tail,format_x_class
CodeBERT_unfrozen_s2027__fusion_TPR_0.001,LightGBM,fixed_pooled_FPR_0.001,0.00020087043856712415,0.00020522263140274521,-0.00020087043856712415,0.00060261131570137267,1000,independent_deployment_rule_held_fixed,exploratory_extreme_tail,format_x_class
CodeBERT_unfrozen_s2027__fusion_TPR_0.001,LightGBM,fixed_pooled_TPR_0.005,-0.0007965482907401622,-0.00079834052439428909,-0.0021921672751410437,0.00059907069366082599,1000,independent_deployment_rule_held_fixed,conditional_sampling,format_x_class
CodeBERT_unfrozen_s2027__fusion_TPR_0.001,LightGBM,fixed_pooled_FPR_0.005,-0.0002678272514228322,-0.00025972547706729153,-0.00073652494141278856,0.00013391362571141613,1000,independent_deployment_rule_held_fixed,conditional_sampling,format_x_class
CodeBERT_unfrozen_s2027__fusion_TPR_0.001,LightGBM,fixed_pooled_TPR_0.01,0.00066379024228335748,0.00067421174908728892,0.0001327580484566937,0.001327580484566826,1000,independent_deployment_rule_held_fixed,conditional_sampling,format_x_class
CodeBERT_unfrozen_s2027__fusion_TPR_0.001,LightGBM,fixed_pooled_FPR_0.01,0,-1.2052226314027432e-06,-0.00033478406427854025,0.00033478406427854025,1000,independent_deployment_rule_held_fixed,conditional_sampling,format_x_class
CodeBERT_unfrozen_s2027__fusion_TPR_0.001,LightGBM,fixed_pooled_TPR_0.05,0.0001327580484566937,0.00013966146697643478,-0.0002655160969133874,0.0005310321938267748,1000,independent_deployment_rule_held_fixed,conditional_sampling,format_x_class
CodeBERT_unfrozen_s2027__fusion_TPR_0.001,LightGBM,fixed_pooled_FPR_0.05,-0.0002678272514228322,-0.00025651155005021762,-0.00087043856712420986,0.00033478406427853868,1000,independent_deployment_rule_held_fixed,conditional_sampling,format_x_class
CodeBERT_unfrozen_s2027__fusion_TPR_0.001,LightGBM,fixed_per_format_TPR_0.001,-0.041619648191171588,-0.041684832392963826,-0.045137736475273749,-0.038166279455691961,1000,independent_deployment_rule_held_fixed,exploratory_extreme_tail,format_x_class
CodeBERT_unfrozen_s2027__fusion_TPR_0.001,LightGBM,fixed_per_format_FPR_0.001,0.0001339136257114161,0.00013056578506863073,-0.00020087043856712415,0.00046869768998995635,1000,independent_deployment_rule_held_fixed,exploratory_extreme_tail,format_x_class
CodeBERT_unfrozen_s2027__fusion_TPR_0.001,LightGBM,fixed_per_format_TPR_0.005,0.001327580484566937,0.0013459674742781274,6.637902422834685e-05,0.0027215399933621098,1000,independent_deployment_rule_held_fixed,conditional_sampling,format_x_class
CodeBERT_unfrozen_s2027__fusion_TPR_0.001,LightGBM,fixed_per_format_FPR_0.005,0.0001339136257114161,0.00013973886842986273,-0.00033478406427854025,0.00060261131570137245,1000,independent_deployment_rule_held_fixed,conditional_sampling,format_x_class
CodeBERT_unfrozen_s2027__fusion_TPR_0.001,LightGBM,fixed_per_format_TPR_0.01,-0.00033189512114173425,-0.00033235977431131847,-0.00092930633919674488,0.0002655160969133874,1000,independent_deployment_rule_held_fixed,conditional_sampling,format_x_class
CodeBERT_unfrozen_s2027__fusion_TPR_0.001,LightGBM,fixed_per_format_FPR_0.01,-0.00033478406427854025,-0.00033244057582859041,-0.00073652494141278856,0,1000,independent_deployment_rule_held_fixed,conditional_sampling,format_x_class
CodeBERT_unfrozen_s2027__fusion_TPR_0.001,LightGBM,fixed_per_format_TPR_0.05,0.0002655160969133874,0.00027487553932957167,-6.637902422834685e-05,0.00059741121805512165,1000,independent_deployment_rule_held_fixed,conditional_sampling,format_x_class
CodeBERT_unfrozen_s2027__fusion_TPR_0.001,LightGBM,fixed_per_format_FPR_0.05,0.00013391362571141263,0.0001364579845999329,-0.00046869768998995809,0.00066956812855708397,1000,independent_deployment_rule_held_fixed,conditional_sampling,format_x_class
CodeBERT_unfrozen_s2027__fusion_TPR_0.005,LightGBM,ROC_AUC,-0.00019699925476390767,-0.00019913177925229663,-0.00030594518941522988,-8.2196987921254186e-05,1000,none,conditional_sampling,format_x_class
CodeBERT_unfrozen_s2027__fusion_TPR_0.005,LightGBM,AP,-0.00027559517793962485,-0.00027651858850380061,-0.00038875340445836679,-0.0001703406896458593,1000,none,conditional_sampling,format_x_class
CodeBERT_unfrozen_s2027__fusion_TPR_0.005,LightGBM,Accuracy,9.9999999999988987e-05,9.6399999999999484e-05,-0.00023333333333341866,0.00040000000000006697,1000,none,conditional_sampling,format_x_class
CodeBERT_unfrozen_s2027__fusion_TPR_0.005,LightGBM,F1,9.8963020040088168e-05,9.5229850729036783e-05,-0.00024275388818545683,0.0004060216159525759,1000,none,conditional_sampling,format_x_class
CodeBERT_unfrozen_s2027__fusion_TPR_0.005,LightGBM,Brier,-0.00023945738187023877,-0.00023985698322955622,-0.00030834080694162489,-0.00017864086407220662,1000,none,conditional_sampling,format_x_class
CodeBERT_unfrozen_s2027__fusion_TPR_0.005,LightGBM,LogLoss,-0.0026467276768168957,-0.0026248080810838807,-0.0035987427478508965,-0.001738348860290161,1000,none,conditional_sampling,format_x_class
CodeBERT_unfrozen_s2027__fusion_TPR_0.005,LightGBM,ECE,-0.0022663487444167275,-0.0022542970231495037,-0.0027157759420084254,-0.0017982101439716213,1000,none,conditional_sampling,format_x_class
CodeBERT_unfrozen_s2027__fusion_TPR_0.005,LightGBM,oracle_pooled_TPR_0.001,-0.032525721871888513,-0.038530169266511781,-0.065121141719216791,-0.0096797212080982457,1000,oracle_reselected_in_each_resample,exploratory_extreme_tail,format_x_class
CodeBERT_unfrozen_s2027__fusion_TPR_0.005,LightGBM,oracle_pooled_TPR_0.005,-0.035911052107534092,-0.02074795884500498,-0.048523066710919327,0.0062412877530699804,1000,oracle_reselected_in_each_resample,conditional_sampling,format_x_class
CodeBERT_unfrozen_s2027__fusion_TPR_0.005,LightGBM,oracle_pooled_TPR_0.01,0.0005310321938267748,-0.00054649850647195571,-0.0030534351145038441,0.0020577497510786439,1000,oracle_reselected_in_each_resample,conditional_sampling,format_x_class
CodeBERT_unfrozen_s2027__fusion_TPR_0.005,LightGBM,oracle_pooled_TPR_0.05,0.00046465316959842795,0.00042774643212744711,-0.0002655160969133874,0.0010620643876535496,1000,oracle_reselected_in_each_resample,conditional_sampling,format_x_class
CodeBERT_unfrozen_s2027__fusion_TPR_0.005,LightGBM,oracle_per_format_TPR_0.001,-0.041088615997344813,-0.04277484234981746,-0.084049120477929007,-0.001920013275804829,1000,oracle_reselected_in_each_resample,exploratory_extreme_tail,format_x_class
CodeBERT_unfrozen_s2027__fusion_TPR_0.005,LightGBM,oracle_per_format_TPR_0.005,-0.002190507799535335,-0.0012923996017258545,-0.0071025555924327799,0.0059110521075340589,1000,oracle_reselected_in_each_resample,conditional_sampling,format_x_class
CodeBERT_unfrozen_s2027__fusion_TPR_0.005,LightGBM,oracle_per_format_TPR_0.01,-0.0011948224361102433,-0.00010521075340192654,-0.0044473946232990169,0.0047792897444407512,1000,oracle_reselected_in_each_resample,conditional_sampling,format_x_class
CodeBERT_unfrozen_s2027__fusion_TPR_0.005,LightGBM,oracle_per_format_TPR_0.05,0.0003982741453700811,0.00048304015930965684,-0.00019913707268504055,0.0011284434118818965,1000,oracle_reselected_in_each_resample,conditional_sampling,format_x_class
CodeBERT_unfrozen_s2027__fusion_TPR_0.005,LightGBM,fixed_pooled_TPR_0.001,-0.031861931629605045,-0.031944839030866243,-0.035844673083305634,-0.027943909724527094,1000,independent_deployment_rule_held_fixed,exploratory_extreme_tail,format_x_class
CodeBERT_unfrozen_s2027__fusion_TPR_0.005,LightGBM,fixed_pooled_FPR_0.001,6.6956812855708051e-05,6.7827251422832274e-05,-0.00033478406427854025,0.00040341479745563971,1000,independent_deployment_rule_held_fixed,exploratory_extreme_tail,format_x_class
CodeBERT_unfrozen_s2027__fusion_TPR_0.005,LightGBM,fixed_pooled_TPR_0.005,-0.00086292731496850905,-0.00083531364088947914,-0.0027879190175904567,0.0010620643876534386,1000,independent_deployment_rule_held_fixed,conditional_sampling,format_x_class
CodeBERT_unfrozen_s2027__fusion_TPR_0.005,LightGBM,fixed_pooled_FPR_0.005,0.0001339136257114161,0.00014991630398393033,-0.00046869768998995635,0.00073652494141278856,1000,independent_deployment_rule_held_fixed,conditional_sampling,format_x_class
CodeBERT_unfrozen_s2027__fusion_TPR_0.005,LightGBM,fixed_pooled_TPR_0.01,0.00073016926651170433,0.0007567872552273477,0,0.0015267175572518665,1000,independent_deployment_rule_held_fixed,conditional_sampling,format_x_class
CodeBERT_unfrozen_s2027__fusion_TPR_0.005,LightGBM,fixed_pooled_FPR_0.01,-6.6956812855708051e-05,-6.2671576832942723e-05,-0.0005356545028456644,0.0004017408771342483,1000,independent_deployment_rule_held_fixed,conditional_sampling,format_x_class
CodeBERT_unfrozen_s2027__fusion_TPR_0.005,LightGBM,fixed_pooled_TPR_0.05,0.0002655160969133874,0.00026883504812479265,-0.0002655160969133874,0.0007965482907401622,1000,independent_deployment_rule_held_fixed,conditional_sampling,format_x_class
CodeBERT_unfrozen_s2027__fusion_TPR_0.005,LightGBM,fixed_pooled_FPR_0.05,-0.00073652494141279029,-0.00074288583863408111,-0.0015400066956812869,1.6739203213911356e-06,1000,independent_deployment_rule_held_fixed,conditional_sampling,format_x_class
CodeBERT_unfrozen_s2027__fusion_TPR_0.005,LightGBM,fixed_per_format_TPR_0.001,-0.043544639893793646,-0.043590574178559577,-0.047328244274809195,-0.039761035512777987,1000,independent_deployment_rule_held_fixed,exploratory_extreme_tail,format_x_class
CodeBERT_unfrozen_s2027__fusion_TPR_0.005,LightGBM,fixed_per_format_FPR_0.001,6.6956812855708051e-05,6.2738533645798457e-05,-0.00026782725142283242,0.00040174087713424841,1000,independent_deployment_rule_held_fixed,exploratory_extreme_tail,format_x_class
CodeBERT_unfrozen_s2027__fusion_TPR_0.005,LightGBM,fixed_per_format_TPR_0.005,-0.0002655160969133874,-0.00024945237305011727,-0.0021241287753069882,0.0017258546299369071,1000,independent_deployment_rule_held_fixed,conditional_sampling,format_x_class
CodeBERT_unfrozen_s2027__fusion_TPR_0.005,LightGBM,fixed_per_format_FPR_0.005,0.0004017408771342483,0.00040214261801138255,-0.00020087043856712415,0.0010043521928356208,1000,independent_deployment_rule_held_fixed,conditional_sampling,format_x_class
CodeBERT_unfrozen_s2027__fusion_TPR_0.005,LightGBM,fixed_per_format_TPR_0.01,-0.00086292731496850905,-0.00088257550614006077,-0.0017258546299370181,-6.637902422834685e-05,1000,independent_deployment_rule_held_fixed,conditional_sampling,format_x_class
CodeBERT_unfrozen_s2027__fusion_TPR_0.005,LightGBM,fixed_per_format_FPR_0.01,-0.00046869768998995635,-0.00047211248744559751,-0.00093739537997991271,-6.6956812855708051e-05,1000,independent_deployment_rule_held_fixed,conditional_sampling,format_x_class
CodeBERT_unfrozen_s2027__fusion_TPR_0.005,LightGBM,fixed_per_format_TPR_0.05,0.00046465316959831693,0.00048795220710255417,-6.637902422834685e-05,0.0010620643876534386,1000,independent_deployment_rule_held_fixed,conditional_sampling,format_x_class
CodeBERT_unfrozen_s2027__fusion_TPR_0.005,LightGBM,fixed_per_format_FPR_0.05,0.00020087043856711895,0.00020502176096417812,-0.00073652494141278335,0.0010060261131570136,1000,independent_deployment_rule_held_fixed,conditional_sampling,format_x_class
CodeBERT_unfrozen_s2028__fusion_ROC_AUC,LightGBM,ROC_AUC,0,0,0,0,1000,none,conditional_sampling,format_x_class
CodeBERT_unfrozen_s2028__fusion_ROC_AUC,LightGBM,AP,0,0,0,0,1000,none,conditional_sampling,format_x_class
CodeBERT_unfrozen_s2028__fusion_ROC_AUC,LightGBM,Accuracy,0,0,0,0,1000,none,conditional_sampling,format_x_class
CodeBERT_unfrozen_s2028__fusion_ROC_AUC,LightGBM,F1,0,0,0,0,1000,none,conditional_sampling,format_x_class
CodeBERT_unfrozen_s2028__fusion_ROC_AUC,LightGBM,Brier,0,0,0,0,1000,none,conditional_sampling,format_x_class
CodeBERT_unfrozen_s2028__fusion_ROC_AUC,LightGBM,LogLoss,0,0,0,0,1000,none,conditional_sampling,format_x_class
CodeBERT_unfrozen_s2028__fusion_ROC_AUC,LightGBM,ECE,0,0,0,0,1000,none,conditional_sampling,format_x_class
CodeBERT_unfrozen_s2028__fusion_ROC_AUC,LightGBM,oracle_pooled_TPR_0.001,0,0,0,0,1000,oracle_reselected_in_each_resample,exploratory_extreme_tail,format_x_class
CodeBERT_unfrozen_s2028__fusion_ROC_AUC,LightGBM,oracle_pooled_TPR_0.005,0,0,0,0,1000,oracle_reselected_in_each_resample,conditional_sampling,format_x_class
CodeBERT_unfrozen_s2028__fusion_ROC_AUC,LightGBM,oracle_pooled_TPR_0.01,0,0,0,0,1000,oracle_reselected_in_each_resample,conditional_sampling,format_x_class
CodeBERT_unfrozen_s2028__fusion_ROC_AUC,LightGBM,oracle_pooled_TPR_0.05,0,0,0,0,1000,oracle_reselected_in_each_resample,conditional_sampling,format_x_class
CodeBERT_unfrozen_s2028__fusion_ROC_AUC,LightGBM,oracle_per_format_TPR_0.001,0,0,0,0,1000,oracle_reselected_in_each_resample,exploratory_extreme_tail,format_x_class
CodeBERT_unfrozen_s2028__fusion_ROC_AUC,LightGBM,oracle_per_format_TPR_0.005,0,0,0,0,1000,oracle_reselected_in_each_resample,conditional_sampling,format_x_class
CodeBERT_unfrozen_s2028__fusion_ROC_AUC,LightGBM,oracle_per_format_TPR_0.01,0,0,0,0,1000,oracle_reselected_in_each_resample,conditional_sampling,format_x_class
CodeBERT_unfrozen_s2028__fusion_ROC_AUC,LightGBM,oracle_per_format_TPR_0.05,0,0,0,0,1000,oracle_reselected_in_each_resample,conditional_sampling,format_x_class
CodeBERT_unfrozen_s2028__fusion_ROC_AUC,LightGBM,fixed_pooled_TPR_0.001,0,0,0,0,1000,independent_deployment_rule_held_fixed,exploratory_extreme_tail,format_x_class
CodeBERT_unfrozen_s2028__fusion_ROC_AUC,LightGBM,fixed_pooled_FPR_0.001,0,0,0,0,1000,independent_deployment_rule_held_fixed,exploratory_extreme_tail,format_x_class
CodeBERT_unfrozen_s2028__fusion_ROC_AUC,LightGBM,fixed_pooled_TPR_0.005,0,0,0,0,1000,independent_deployment_rule_held_fixed,conditional_sampling,format_x_class
CodeBERT_unfrozen_s2028__fusion_ROC_AUC,LightGBM,fixed_pooled_FPR_0.005,0,0,0,0,1000,independent_deployment_rule_held_fixed,conditional_sampling,format_x_class
CodeBERT_unfrozen_s2028__fusion_ROC_AUC,LightGBM,fixed_pooled_TPR_0.01,0,0,0,0,1000,independent_deployment_rule_held_fixed,conditional_sampling,format_x_class
CodeBERT_unfrozen_s2028__fusion_ROC_AUC,LightGBM,fixed_pooled_FPR_0.01,0,0,0,0,1000,independent_deployment_rule_held_fixed,conditional_sampling,format_x_class
CodeBERT_unfrozen_s2028__fusion_ROC_AUC,LightGBM,fixed_pooled_TPR_0.05,0,0,0,0,1000,independent_deployment_rule_held_fixed,conditional_sampling,format_x_class
CodeBERT_unfrozen_s2028__fusion_ROC_AUC,LightGBM,fixed_pooled_FPR_0.05,0,0,0,0,1000,independent_deployment_rule_held_fixed,conditional_sampling,format_x_class
CodeBERT_unfrozen_s2028__fusion_ROC_AUC,LightGBM,fixed_per_format_TPR_0.001,0,0,0,0,1000,independent_deployment_rule_held_fixed,exploratory_extreme_tail,format_x_class
CodeBERT_unfrozen_s2028__fusion_ROC_AUC,LightGBM,fixed_per_format_FPR_0.001,0,0,0,0,1000,independent_deployment_rule_held_fixed,exploratory_extreme_tail,format_x_class
CodeBERT_unfrozen_s2028__fusion_ROC_AUC,LightGBM,fixed_per_format_TPR_0.005,0,0,0,0,1000,independent_deployment_rule_held_fixed,conditional_sampling,format_x_class
CodeBERT_unfrozen_s2028__fusion_ROC_AUC,LightGBM,fixed_per_format_FPR_0.005,0,0,0,0,1000,independent_deployment_rule_held_fixed,conditional_sampling,format_x_class
CodeBERT_unfrozen_s2028__fusion_ROC_AUC,LightGBM,fixed_per_format_TPR_0.01,0,0,0,0,1000,independent_deployment_rule_held_fixed,conditional_sampling,format_x_class
CodeBERT_unfrozen_s2028__fusion_ROC_AUC,LightGBM,fixed_per_format_FPR_0.01,0,0,0,0,1000,independent_deployment_rule_held_fixed,conditional_sampling,format_x_class
CodeBERT_unfrozen_s2028__fusion_ROC_AUC,LightGBM,fixed_per_format_TPR_0.05,0,0,0,0,1000,independent_deployment_rule_held_fixed,conditional_sampling,format_x_class
CodeBERT_unfrozen_s2028__fusion_ROC_AUC,LightGBM,fixed_per_format_FPR_0.05,0,0,0,0,1000,independent_deployment_rule_held_fixed,conditional_sampling,format_x_class
CodeBERT_unfrozen_s2028__fusion_AP,LightGBM,ROC_AUC,0,0,0,0,1000,none,conditional_sampling,format_x_class
CodeBERT_unfrozen_s2028__fusion_AP,LightGBM,AP,0,0,0,0,1000,none,conditional_sampling,format_x_class
CodeBERT_unfrozen_s2028__fusion_AP,LightGBM,Accuracy,0,0,0,0,1000,none,conditional_sampling,format_x_class
CodeBERT_unfrozen_s2028__fusion_AP,LightGBM,F1,0,0,0,0,1000,none,conditional_sampling,format_x_class
CodeBERT_unfrozen_s2028__fusion_AP,LightGBM,Brier,0,0,0,0,1000,none,conditional_sampling,format_x_class
CodeBERT_unfrozen_s2028__fusion_AP,LightGBM,LogLoss,0,0,0,0,1000,none,conditional_sampling,format_x_class
CodeBERT_unfrozen_s2028__fusion_AP,LightGBM,ECE,0,0,0,0,1000,none,conditional_sampling,format_x_class
CodeBERT_unfrozen_s2028__fusion_AP,LightGBM,oracle_pooled_TPR_0.001,0,0,0,0,1000,oracle_reselected_in_each_resample,exploratory_extreme_tail,format_x_class
CodeBERT_unfrozen_s2028__fusion_AP,LightGBM,oracle_pooled_TPR_0.005,0,0,0,0,1000,oracle_reselected_in_each_resample,conditional_sampling,format_x_class
CodeBERT_unfrozen_s2028__fusion_AP,LightGBM,oracle_pooled_TPR_0.01,0,0,0,0,1000,oracle_reselected_in_each_resample,conditional_sampling,format_x_class
CodeBERT_unfrozen_s2028__fusion_AP,LightGBM,oracle_pooled_TPR_0.05,0,0,0,0,1000,oracle_reselected_in_each_resample,conditional_sampling,format_x_class
CodeBERT_unfrozen_s2028__fusion_AP,LightGBM,oracle_per_format_TPR_0.001,0,0,0,0,1000,oracle_reselected_in_each_resample,exploratory_extreme_tail,format_x_class
CodeBERT_unfrozen_s2028__fusion_AP,LightGBM,oracle_per_format_TPR_0.005,0,0,0,0,1000,oracle_reselected_in_each_resample,conditional_sampling,format_x_class
CodeBERT_unfrozen_s2028__fusion_AP,LightGBM,oracle_per_format_TPR_0.01,0,0,0,0,1000,oracle_reselected_in_each_resample,conditional_sampling,format_x_class
CodeBERT_unfrozen_s2028__fusion_AP,LightGBM,oracle_per_format_TPR_0.05,0,0,0,0,1000,oracle_reselected_in_each_resample,conditional_sampling,format_x_class
CodeBERT_unfrozen_s2028__fusion_AP,LightGBM,fixed_pooled_TPR_0.001,0,0,0,0,1000,independent_deployment_rule_held_fixed,exploratory_extreme_tail,format_x_class
CodeBERT_unfrozen_s2028__fusion_AP,LightGBM,fixed_pooled_FPR_0.001,0,0,0,0,1000,independent_deployment_rule_held_fixed,exploratory_extreme_tail,format_x_class
CodeBERT_unfrozen_s2028__fusion_AP,LightGBM,fixed_pooled_TPR_0.005,0,0,0,0,1000,independent_deployment_rule_held_fixed,conditional_sampling,format_x_class
CodeBERT_unfrozen_s2028__fusion_AP,LightGBM,fixed_pooled_FPR_0.005,0,0,0,0,1000,independent_deployment_rule_held_fixed,conditional_sampling,format_x_class
CodeBERT_unfrozen_s2028__fusion_AP,LightGBM,fixed_pooled_TPR_0.01,0,0,0,0,1000,independent_deployment_rule_held_fixed,conditional_sampling,format_x_class
CodeBERT_unfrozen_s2028__fusion_AP,LightGBM,fixed_pooled_FPR_0.01,0,0,0,0,1000,independent_deployment_rule_held_fixed,conditional_sampling,format_x_class
CodeBERT_unfrozen_s2028__fusion_AP,LightGBM,fixed_pooled_TPR_0.05,0,0,0,0,1000,independent_deployment_rule_held_fixed,conditional_sampling,format_x_class
CodeBERT_unfrozen_s2028__fusion_AP,LightGBM,fixed_pooled_FPR_0.05,0,0,0,0,1000,independent_deployment_rule_held_fixed,conditional_sampling,format_x_class
CodeBERT_unfrozen_s2028__fusion_AP,LightGBM,fixed_per_format_TPR_0.001,0,0,0,0,1000,independent_deployment_rule_held_fixed,exploratory_extreme_tail,format_x_class
CodeBERT_unfrozen_s2028__fusion_AP,LightGBM,fixed_per_format_FPR_0.001,0,0,0,0,1000,independent_deployment_rule_held_fixed,exploratory_extreme_tail,format_x_class
CodeBERT_unfrozen_s2028__fusion_AP,LightGBM,fixed_per_format_TPR_0.005,0,0,0,0,1000,independent_deployment_rule_held_fixed,conditional_sampling,format_x_class
CodeBERT_unfrozen_s2028__fusion_AP,LightGBM,fixed_per_format_FPR_0.005,0,0,0,0,1000,independent_deployment_rule_held_fixed,conditional_sampling,format_x_class
CodeBERT_unfrozen_s2028__fusion_AP,LightGBM,fixed_per_format_TPR_0.01,0,0,0,0,1000,independent_deployment_rule_held_fixed,conditional_sampling,format_x_class
CodeBERT_unfrozen_s2028__fusion_AP,LightGBM,fixed_per_format_FPR_0.01,0,0,0,0,1000,independent_deployment_rule_held_fixed,conditional_sampling,format_x_class
CodeBERT_unfrozen_s2028__fusion_AP,LightGBM,fixed_per_format_TPR_0.05,0,0,0,0,1000,independent_deployment_rule_held_fixed,conditional_sampling,format_x_class
CodeBERT_unfrozen_s2028__fusion_AP,LightGBM,fixed_per_format_FPR_0.05,0,0,0,0,1000,independent_deployment_rule_held_fixed,conditional_sampling,format_x_class
CodeBERT_unfrozen_s2028__fusion_TPR_0.001,LightGBM,ROC_AUC,8.4490475432685841e-06,8.3064226428293253e-06,-6.2088054764664055e-05,8.8007541475024201e-05,1000,none,conditional_sampling,format_x_class
CodeBERT_unfrozen_s2028__fusion_TPR_0.001,LightGBM,AP,-4.6694698009330793e-05,-4.674898686488682e-05,-0.00010867539957461203,1.4112687155576333e-05,1000,none,conditional_sampling,format_x_class
CodeBERT_unfrozen_s2028__fusion_TPR_0.001,LightGBM,Accuracy,0.00016666666666664831,0.00016850000000000054,0,0.00036666666666662628,1000,none,conditional_sampling,format_x_class
CodeBERT_unfrozen_s2028__fusion_TPR_0.001,LightGBM,F1,0.00016773691415450376,0.00016956552988085861,2.0957542267718843e-06,0.00036148601230076295,1000,none,conditional_sampling,format_x_class
CodeBERT_unfrozen_s2028__fusion_TPR_0.001,LightGBM,Brier,-8.334137612353576e-05,-8.3708850993769341e-05,-0.00010110157999319849,-6.7823090929555583e-05,1000,none,conditional_sampling,format_x_class
CodeBERT_unfrozen_s2028__fusion_TPR_0.001,LightGBM,LogLoss,-0.0019705607122211255,-0.0019653668481023393,-0.0025524072211369443,-0.0014038966750997423,1000,none,conditional_sampling,format_x_class
CodeBERT_unfrozen_s2028__fusion_TPR_0.001,LightGBM,ECE,-0.00054015869399119502,-0.00047161180152651463,-0.00071359779283248104,-0.00018341083148316667,1000,none,conditional_sampling,format_x_class
CodeBERT_unfrozen_s2028__fusion_TPR_0.001,LightGBM,oracle_pooled_TPR_0.001,-0.021241287753070104,-0.021419913707268506,-0.033521407235313605,0.0018835048124792083,1000,oracle_reselected_in_each_resample,exploratory_extreme_tail,format_x_class
CodeBERT_unfrozen_s2028__fusion_TPR_0.001,LightGBM,oracle_pooled_TPR_0.005,-0.0020577497510786413,0.00020232326584799333,-0.0047792897444407512,0.0069034185197477393,1000,oracle_reselected_in_each_resample,conditional_sampling,format_x_class
CodeBERT_unfrozen_s2028__fusion_TPR_0.001,LightGBM,oracle_pooled_TPR_0.01,0.001327580484566826,0.00012339860604049214,-0.0013939595087952839,0.0017258546299369071,1000,oracle_reselected_in_each_resample,conditional_sampling,format_x_class
CodeBERT_unfrozen_s2028__fusion_TPR_0.001,LightGBM,oracle_pooled_TPR_0.05,0.00019913707268504055,7.135745104546953e-05,-0.0002655160969133874,0.00046465316959831969,1000,oracle_reselected_in_each_resample,conditional_sampling,format_x_class
CodeBERT_unfrozen_s2028__fusion_TPR_0.001,LightGBM,oracle_per_format_TPR_0.001,-0.010620643876534941,-0.012265648854961831,-0.032198805177563794,0.011692665117822734,1000,oracle_reselected_in_each_resample,exploratory_extreme_tail,format_x_class
CodeBERT_unfrozen_s2028__fusion_TPR_0.001,LightGBM,oracle_per_format_TPR_0.005,-0.0039163624294722421,-0.0027478260869565211,-0.0067723199468968627,0.0030550945901095515,1000,oracle_reselected_in_each_resample,conditional_sampling,format_x_class
CodeBERT_unfrozen_s2028__fusion_TPR_0.001,LightGBM,oracle_per_format_TPR_0.01,0,-0.00016813806837039547,-0.002190507799535335,0.0039827414537007,1000,oracle_reselected_in_each_resample,conditional_sampling,format_x_class
CodeBERT_unfrozen_s2028__fusion_TPR_0.001,LightGBM,oracle_per_format_TPR_0.05,0.00019913707268504055,9.9900431463658234e-05,-0.0002655160969133874,0.00046465316959842795,1000,oracle_reselected_in_each_resample,conditional_sampling,format_x_class
CodeBERT_unfrozen_s2028__fusion_TPR_0.001,LightGBM,fixed_pooled_TPR_0.001,-0.011815466312645184,-0.011877862595419845,-0.015134417524062416,-0.0084965151012279527,1000,independent_deployment_rule_held_fixed,exploratory_extreme_tail,format_x_class
CodeBERT_unfrozen_s2028__fusion_TPR_0.001,LightGBM,fixed_pooled_FPR_0.001,0,4.6869768998995439e-07,-0.0002678272514228322,0.0002678272514228322,1000,independent_deployment_rule_held_fixed,exploratory_extreme_tail,format_x_class
CodeBERT_unfrozen_s2028__fusion_TPR_0.001,LightGBM,fixed_pooled_TPR_0.005,-0.0007965482907401622,-0.0007883172917358079,-0.001727514105542724,0.00019913707268504055,1000,independent_deployment_rule_held_fixed,conditional_sampling,format_x_class
CodeBERT_unfrozen_s2028__fusion_TPR_0.001,LightGBM,fixed_pooled_FPR_0.005,-6.6956812855708051e-05,-6.6086374288583854e-05,-0.0002678272514228322,0.0001339136257114161,1000,independent_deployment_rule_held_fixed,conditional_sampling,format_x_class
CodeBERT_unfrozen_s2028__fusion_TPR_0.001,LightGBM,fixed_pooled_TPR_0.01,0.0002655160969133874,0.00027288416860272015,-6.637902422834685e-05,0.0006637902422834685,1000,independent_deployment_rule_held_fixed,conditional_sampling,format_x_class
CodeBERT_unfrozen_s2028__fusion_TPR_0.001,LightGBM,fixed_pooled_FPR_0.01,0,-5.222631402745228e-06,-0.00020087043856712415,0.00013558754603280727,1000,independent_deployment_rule_held_fixed,conditional_sampling,format_x_class
CodeBERT_unfrozen_s2028__fusion_TPR_0.001,LightGBM,fixed_pooled_TPR_0.05,-0.00019913707268504055,-0.00020438101559907106,-0.0005310321938267748,6.637902422834685e-05,1000,independent_deployment_rule_held_fixed,conditional_sampling,format_x_class
CodeBERT_unfrozen_s2028__fusion_TPR_0.001,LightGBM,fixed_pooled_FPR_0.05,-0.0005356545028456644,-0.00052554402410445267,-0.0010713090056913288,0,1000,independent_deployment_rule_held_fixed,conditional_sampling,format_x_class
CodeBERT_unfrozen_s2028__fusion_TPR_0.001,LightGBM,fixed_per_format_TPR_0.001,-0.019581812147361433,-0.019650846332558907,-0.022701626286093624,-0.016528377032857696,1000,independent_deployment_rule_held_fixed,exploratory_extreme_tail,format_x_class
CodeBERT_unfrozen_s2028__fusion_TPR_0.001,LightGBM,fixed_per_format_FPR_0.001,6.6956812855708051e-05,6.394375627720119e-05,0,0.00020087043856712437,1000,independent_deployment_rule_held_fixed,exploratory_extreme_tail,format_x_class
CodeBERT_unfrozen_s2028__fusion_TPR_0.001,LightGBM,fixed_per_format_TPR_0.005,0.001327580484566937,0.0013342183869897088,0.0002655160969133874,0.0024560238964487224,1000,independent_deployment_rule_held_fixed,conditional_sampling,format_x_class
CodeBERT_unfrozen_s2028__fusion_TPR_0.001,LightGBM,fixed_per_format_FPR_0.005,6.6956812855708051e-05,6.6822899229996636e-05,-0.00033478406427854025,0.00046869768998995635,1000,independent_deployment_rule_held_fixed,conditional_sampling,format_x_class
CodeBERT_unfrozen_s2028__fusion_TPR_0.001,LightGBM,fixed_per_format_TPR_0.01,0.0002655160969133874,0.00025628941254563663,-0.0002655160969133874,0.00073016926651181535,1000,independent_deployment_rule_held_fixed,conditional_sampling,format_x_class
CodeBERT_unfrozen_s2028__fusion_TPR_0.001,LightGBM,fixed_per_format_FPR_0.01,-0.0001339136257114161,-0.0001455641111483093,-0.00046869768998995635,0.0001339136257114161,1000,independent_deployment_rule_held_fixed,conditional_sampling,format_x_class
CodeBERT_unfrozen_s2028__fusion_TPR_0.001,LightGBM,fixed_per_format_TPR_0.05,6.637902422834685e-05,7.527381347494166e-05,-0.00019913707268504055,0.00033355459674743864,1000,independent_deployment_rule_held_fixed,conditional_sampling,format_x_class
CodeBERT_unfrozen_s2028__fusion_TPR_0.001,LightGBM,fixed_per_format_FPR_0.05,-0.00046869768998995809,-0.00047626380984265159,-0.00093739537997990924,-0.00013391362571141263,1000,independent_deployment_rule_held_fixed,conditional_sampling,format_x_class
CodeBERT_unfrozen_s2028__fusion_TPR_0.005,LightGBM,ROC_AUC,-2.6196047459015048e-05,-2.6498359802531125e-05,-0.00011667019080692787,7.0168650944696362e-05,1000,none,conditional_sampling,format_x_class
CodeBERT_unfrozen_s2028__fusion_TPR_0.005,LightGBM,AP,-9.5838895292743587e-05,-9.580248026340343e-05,-0.00017948841937368842,-1.7607930365792838e-05,1000,none,conditional_sampling,format_x_class
CodeBERT_unfrozen_s2028__fusion_TPR_0.005,LightGBM,Accuracy,9.9999999999988987e-05,9.8099999999999633e-05,-0.00016666666666664831,0.00036666666666662628,1000,none,conditional_sampling,format_x_class
CodeBERT_unfrozen_s2028__fusion_TPR_0.005,LightGBM,F1,0.00010106358015449235,9.8958585435867993e-05,-0.0001699013051003534,0.00036532924094523632,1000,none,conditional_sampling,format_x_class
CodeBERT_unfrozen_s2028__fusion_TPR_0.005,LightGBM,Brier,-0.00015736163720559554,-0.00015809201318174956,-0.00019271445673385698,-0.00012602426031798421,1000,none,conditional_sampling,format_x_class
CodeBERT_unfrozen_s2028__fusion_TPR_0.005,LightGBM,LogLoss,-0.0028598164836435985,-0.0028535603288414543,-0.0036583230901998647,-0.0021025684747634785,1000,none,conditional_sampling,format_x_class
CodeBERT_unfrozen_s2028__fusion_TPR_0.005,LightGBM,ECE,-0.00099538945859900183,-0.0010234010456093346,-0.0013915171591677017,-0.00067164348855152604,1000,none,conditional_sampling,format_x_class
CodeBERT_unfrozen_s2028__fusion_TPR_0.005,LightGBM,oracle_pooled_TPR_0.001,-0.020843013607700023,-0.021164819117158978,-0.041493528045137729,0.0034633255891138724,1000,oracle_reselected_in_each_resample,exploratory_extreme_tail,format_x_class
CodeBERT_unfrozen_s2028__fusion_TPR_0.005,LightGBM,oracle_pooled_TPR_0.005,-0.0055758380351809134,-0.0018582807832724828,-0.024296382343179653,0.0090275472950547275,1000,oracle_reselected_in_each_resample,conditional_sampling,format_x_class
CodeBERT_unfrozen_s2028__fusion_TPR_0.005,LightGBM,oracle_pooled_TPR_0.01,0.0018586126783936008,0.00015791569863923084,-0.0021241287753069908,0.0027215399933621098,1000,oracle_reselected_in_each_resample,conditional_sampling,format_x_class
CodeBERT_unfrozen_s2028__fusion_TPR_0.005,LightGBM,oracle_pooled_TPR_0.05,0.00033189512114173425,0.00016853634251576532,-0.0003982741453700811,0.00059907069366082599,1000,oracle_reselected_in_each_resample,conditional_sampling,format_x_class
CodeBERT_unfrozen_s2028__fusion_TPR_0.005,LightGBM,oracle_per_format_TPR_0.001,-0.015532691669432386,-0.015244075672087621,-0.043878194490540978,0.015137736475273719,1000,oracle_reselected_in_each_resample,exploratory_extreme_tail,format_x_class
CodeBERT_unfrozen_s2028__fusion_TPR_0.005,LightGBM,oracle_per_format_TPR_0.005,-0.0046465316959840575,-0.0043380683703949556,-0.0092947228675739312,0.0025224029206770693,1000,oracle_reselected_in_each_resample,conditional_sampling,format_x_class
CodeBERT_unfrozen_s2028__fusion_TPR_0.005,LightGBM,oracle_per_format_TPR_0.01,-0.00073016926651181535,-0.00088516428808496715,-0.0071025555924327799,0.0041171589777629896,1000,oracle_reselected_in_each_resample,conditional_sampling,format_x_class
CodeBERT_unfrozen_s2028__fusion_TPR_0.005,LightGBM,oracle_per_format_TPR_0.05,0.0003982741453700811,0.00021725854629936969,-0.0002655160969133874,0.00073016926651170433,1000,oracle_reselected_in_each_resample,conditional_sampling,format_x_class
CodeBERT_unfrozen_s2028__fusion_TPR_0.005,LightGBM,fixed_pooled_TPR_0.001,-0.014603385330235641,-0.014683969465648854,-0.017922336541652872,-0.011417192167275103,1000,independent_deployment_rule_held_fixed,exploratory_extreme_tail,format_x_class
CodeBERT_unfrozen_s2028__fusion_TPR_0.005,LightGBM,fixed_pooled_FPR_0.001,0,-1.6739203213927005e-06,-0.0002678272514228322,0.0002678272514228322,1000,independent_deployment_rule_held_fixed,exploratory_extreme_tail,format_x_class
CodeBERT_unfrozen_s2028__fusion_TPR_0.005,LightGBM,fixed_pooled_TPR_0.005,-0.0031861931629605378,-0.0031608363757052757,-0.0044473946232990169,-0.0019249917026219476,1000,independent_deployment_rule_held_fixed,conditional_sampling,format_x_class
CodeBERT_unfrozen_s2028__fusion_TPR_0.005,LightGBM,fixed_pooled_FPR_0.005,-0.0004017408771342483,-0.00039685302979578169,-0.00080348175426849661,-6.6956812855708051e-05,1000,independent_deployment_rule_held_fixed,conditional_sampling,format_x_class
CodeBERT_unfrozen_s2028__fusion_TPR_0.005,LightGBM,fixed_pooled_TPR_0.01,0.00059741121805501063,0.00060743445071357314,6.637902422834685e-05,0.0011284434118818965,1000,independent_deployment_rule_held_fixed,conditional_sampling,format_x_class
CodeBERT_unfrozen_s2028__fusion_TPR_0.005,LightGBM,fixed_pooled_FPR_0.01,-0.0001339136257114161,-0.00014101104787412117,-0.00046869768998995635,0.00020087043856712415,1000,independent_deployment_rule_held_fixed,conditional_sampling,format_x_class
CodeBERT_unfrozen_s2028__fusion_TPR_0.005,LightGBM,fixed_pooled_TPR_0.05,0,4.6465316959742873e-07,-0.0003982741453700811,0.0003982741453700811,1000,independent_deployment_rule_held_fixed,conditional_sampling,format_x_class
CodeBERT_unfrozen_s2028__fusion_TPR_0.005,LightGBM,fixed_pooled_FPR_0.05,-0.00033478406427854546,-0.00032614663542015408,-0.00093739537997990924,0.0002678272514228322,1000,independent_deployment_rule_held_fixed,conditional_sampling,format_x_class
CodeBERT_unfrozen_s2028__fusion_TPR_0.005,LightGBM,fixed_per_format_TPR_0.001,-0.019913707268503167,-0.019968735479588454,-0.023431795552605331,-0.016593096581480338,1000,independent_deployment_rule_held_fixed,exploratory_extreme_tail,format_x_class
CodeBERT_unfrozen_s2028__fusion_TPR_0.005,LightGBM,fixed_per_format_FPR_0.001,0.00020087043856712415,0.00019658520254435885,0,0.00040341479745563993,1000,independent_deployment_rule_held_fixed,exploratory_extreme_tail,format_x_class
CodeBERT_unfrozen_s2028__fusion_TPR_0.005,LightGBM,fixed_per_format_TPR_0.005,0.0031861931629605378,0.0032104215068038482,0.0018586126783936008,0.0047129107202124043,1000,independent_deployment_rule_held_fixed,conditional_sampling,format_x_class
CodeBERT_unfrozen_s2028__fusion_TPR_0.005,LightGBM,fixed_per_format_FPR_0.005,0.00060261131570137245,0.00059866086374288558,6.6956812855708051e-05,0.0011382658185470369,1000,independent_deployment_rule_held_fixed,conditional_sampling,format_x_class
CodeBERT_unfrozen_s2028__fusion_TPR_0.005,LightGBM,fixed_per_format_TPR_0.01,0.00033189512114173425,0.0003241951543312316,-0.00033189512114173425,0.00099568536342520275,1000,independent_deployment_rule_held_fixed,conditional_sampling,format_x_class
CodeBERT_unfrozen_s2028__fusion_TPR_0.005,LightGBM,fixed_per_format_FPR_0.01,-6.6956812855708051e-05,-7.0371610311349155e-05,-0.00046869768998995635,0.00033478406427854025,1000,independent_deployment_rule_held_fixed,conditional_sampling,format_x_class
CodeBERT_unfrozen_s2028__fusion_TPR_0.005,LightGBM,fixed_per_format_TPR_0.05,0.00019913707268504055,0.00021048788582807821,-0.0001327580484566937,0.00059741121805512165,1000,independent_deployment_rule_held_fixed,conditional_sampling,format_x_class
CodeBERT_unfrozen_s2028__fusion_TPR_0.005,LightGBM,fixed_per_format_FPR_0.05,-0.0005356545028456644,-0.00054308670907264817,-0.0011382658185470421,0,1000,independent_deployment_rule_held_fixed,conditional_sampling,format_x_class
