model,file_type,view,label,bin,left,right,count,class_total,fraction
CodeBERT_partial_s2026,Win32,full,0,0,-7.5655643939971924,-7.3107424378395081,2436,5018,0.48545237146273418
CodeBERT_partial_s2026,Win32,full,0,1,-7.3107424378395081,-7.0559204816818237,232,5018,0.046233559186927065
CodeBERT_partial_s2026,Win32,full,0,2,-7.0559204816818237,-6.8010985255241394,149,5018,0.0296931048226385
CodeBERT_partial_s2026,Win32,full,0,3,-6.8010985255241394,-6.5462765693664551,133,5018,0.026504583499402153
CodeBERT_partial_s2026,Win32,full,0,4,-6.5462765693664551,-6.2914546132087708,138,5018,0.027500996412913512
CodeBERT_partial_s2026,Win32,full,0,5,-6.2914546132087708,-6.0366326570510864,199,5018,0.039657233957752093
CodeBERT_partial_s2026,Win32,full,0,6,-6.0366326570510864,-5.7818107008934021,165,5018,0.032881626145874851
CodeBERT_partial_s2026,Win32,full,0,7,-5.7818107008934021,-5.5269887447357178,172,5018,0.034276604224790751
CodeBERT_partial_s2026,Win32,full,0,8,-5.5269887447357178,-5.2721667885780334,158,5018,0.031486648066958944
CodeBERT_partial_s2026,Win32,full,0,9,-5.2721667885780334,-5.0173448324203491,157,5018,0.031287365484256674
CodeBERT_partial_s2026,Win32,full,0,10,-5.0173448324203491,-4.7625228762626648,135,5018,0.026903148664806698
CodeBERT_partial_s2026,Win32,full,0,11,-4.7625228762626648,-4.5077009201049805,112,5018,0.022319649262654444
CodeBERT_partial_s2026,Win32,full,0,12,-4.5077009201049805,-4.2528789639472961,78,5018,0.015544041450777202
CodeBERT_partial_s2026,Win32,full,0,13,-4.2528789639472961,-3.9980570077896118,63,5018,0.012554802710243125
CodeBERT_partial_s2026,Win32,full,0,14,-3.9980570077896118,-3.7432350516319275,54,5018,0.010761259465922678
CodeBERT_partial_s2026,Win32,full,0,15,-3.7432350516319275,-3.4884130954742432,41,5018,0.0081705858907931452
CodeBERT_partial_s2026,Win32,full,0,16,-3.4884130954742432,-3.2335911393165588,36,5018,0.0071741729772817854
CodeBERT_partial_s2026,Win32,full,0,17,-3.2335911393165588,-2.9787691831588745,45,5018,0.0089677162216022319
CodeBERT_partial_s2026,Win32,full,0,18,-2.9787691831588745,-2.7239472270011902,61,5018,0.012156237544838581
CodeBERT_partial_s2026,Win32,full,0,19,-2.7239472270011902,-2.4691252708435059,53,5018,0.010561976883220407
CodeBERT_partial_s2026,Win32,full,0,20,-2.4691252708435059,-2.2143033146858215,22,5018,0.0043842168194499799
CodeBERT_partial_s2026,Win32,full,0,21,-2.2143033146858215,-1.9594813585281372,24,5018,0.0047827819848545233
CodeBERT_partial_s2026,Win32,full,0,22,-1.9594813585281372,-1.7046594023704529,21,5018,0.0041849342367477086
CodeBERT_partial_s2026,Win32,full,0,23,-1.7046594023704529,-1.4498374462127686,18,5018,0.0035870864886408927
CodeBERT_partial_s2026,Win32,full,0,24,-1.4498374462127686,-1.1950154900550842,11,5018,0.00219210840972499
CodeBERT_partial_s2026,Win32,full,0,25,-1.1950154900550842,-0.9401935338973999,9,5018,0.0017935432443204463
CodeBERT_partial_s2026,Win32,full,0,26,-0.9401935338973999,-0.68537157773971558,6,5018,0.0011956954962136308
CodeBERT_partial_s2026,Win32,full,0,27,-0.68537157773971558,-0.43054962158203125,1,5018,0.00019928258270227183
CodeBERT_partial_s2026,Win32,full,0,28,-0.43054962158203125,-0.17572766542434692,5,5018,0.00099641291351135913
CodeBERT_partial_s2026,Win32,full,0,29,-0.17572766542434692,0.079094290733337402,13,5018,0.0025906735751295338
CodeBERT_partial_s2026,Win32,full,0,30,0.079094290733337402,0.33391624689102173,1,5018,0.00019928258270227183
CodeBERT_partial_s2026,Win32,full,0,31,0.33391624689102173,0.58873820304870605,7,5018,0.0013949780789159027
CodeBERT_partial_s2026,Win32,full,0,32,0.58873820304870605,0.84356015920639038,5,5018,0.00099641291351135913
CodeBERT_partial_s2026,Win32,full,0,33,0.84356015920639038,1.0983821153640747,5,5018,0.00099641291351135913
CodeBERT_partial_s2026,Win32,full,0,34,1.0983821153640747,1.353204071521759,2,5018,0.00039856516540454366
CodeBERT_partial_s2026,Win32,full,0,35,1.353204071521759,1.6080260276794434,5,5018,0.00099641291351135913
CodeBERT_partial_s2026,Win32,full,0,36,1.6080260276794434,1.8628479838371277,10,5018,0.0019928258270227183
CodeBERT_partial_s2026,Win32,full,0,37,1.8628479838371277,2.117669939994812,10,5018,0.0019928258270227183
CodeBERT_partial_s2026,Win32,full,0,38,2.117669939994812,2.3724918961524963,4,5018,0.00079713033080908732
CodeBERT_partial_s2026,Win32,full,0,39,2.3724918961524963,2.6273138523101807,7,5018,0.0013949780789159027
CodeBERT_partial_s2026,Win32,full,0,40,2.6273138523101807,2.882135808467865,5,5018,0.00099641291351135913
CodeBERT_partial_s2026,Win32,full,0,41,2.882135808467865,3.1369577646255493,10,5018,0.0019928258270227183
CodeBERT_partial_s2026,Win32,full,0,42,3.1369577646255493,3.3917797207832336,20,5018,0.0039856516540454365
CodeBERT_partial_s2026,Win32,full,0,43,3.3917797207832336,3.646601676940918,14,5018,0.0027899561578318055
CodeBERT_partial_s2026,Win32,full,0,44,3.646601676940918,3.9014236330986023,17,5018,0.003387803905938621
CodeBERT_partial_s2026,Win32,full,0,45,3.9014236330986023,4.1562455892562866,19,5018,0.0037863690713431648
CodeBERT_partial_s2026,Win32,full,0,46,4.1562455892562866,4.4110675454139709,12,5018,0.0023913909924272616
CodeBERT_partial_s2026,Win32,full,0,47,4.4110675454139709,4.6658895015716553,20,5018,0.0039856516540454365
CodeBERT_partial_s2026,Win32,full,0,48,4.6658895015716553,4.9207114577293396,17,5018,0.003387803905938621
CodeBERT_partial_s2026,Win32,full,0,49,4.9207114577293396,5.1755334138870239,7,5018,0.0013949780789159027
CodeBERT_partial_s2026,Win32,full,0,50,5.1755334138870239,5.4303553700447083,7,5018,0.0013949780789159027
CodeBERT_partial_s2026,Win32,full,0,51,5.4303553700447083,5.6851773262023926,9,5018,0.0017935432443204463
CodeBERT_partial_s2026,Win32,full,0,52,5.6851773262023926,5.9399992823600769,12,5018,0.0023913909924272616
CodeBERT_partial_s2026,Win32,full,0,53,5.9399992823600769,6.1948212385177612,7,5018,0.0013949780789159027
CodeBERT_partial_s2026,Win32,full,0,54,6.1948212385177612,6.4496431946754456,5,5018,0.00099641291351135913
CodeBERT_partial_s2026,Win32,full,0,55,6.4496431946754456,6.7044651508331299,7,5018,0.0013949780789159027
CodeBERT_partial_s2026,Win32,full,0,56,6.7044651508331299,6.9592871069908142,11,5018,0.00219210840972499
CodeBERT_partial_s2026,Win32,full,0,57,6.9592871069908142,7.2141090631484985,7,5018,0.0013949780789159027
CodeBERT_partial_s2026,Win32,full,0,58,7.2141090631484985,7.4689310193061829,9,5018,0.0017935432443204463
CodeBERT_partial_s2026,Win32,full,0,59,7.4689310193061829,7.7237529754638672,0,5018,0
CodeBERT_partial_s2026,Win32,full,1,0,-7.5655643939971924,-7.3107424378395081,4,4982,0.00080289040545965479
CodeBERT_partial_s2026,Win32,full,1,1,-7.3107424378395081,-7.0559204816818237,5,4982,0.0010036130068245685
CodeBERT_partial_s2026,Win32,full,1,2,-7.0559204816818237,-6.8010985255241394,5,4982,0.0010036130068245685
CodeBERT_partial_s2026,Win32,full,1,3,-6.8010985255241394,-6.5462765693664551,11,4982,0.0022079486150140505
CodeBERT_partial_s2026,Win32,full,1,4,-6.5462765693664551,-6.2914546132087708,18,4982,0.0036130068245684463
CodeBERT_partial_s2026,Win32,full,1,5,-6.2914546132087708,-6.0366326570510864,9,4982,0.0018065034122842231
CodeBERT_partial_s2026,Win32,full,1,6,-6.0366326570510864,-5.7818107008934021,15,4982,0.0030108390204737052
CodeBERT_partial_s2026,Win32,full,1,7,-5.7818107008934021,-5.5269887447357178,21,4982,0.0042151746286631878
CodeBERT_partial_s2026,Win32,full,1,8,-5.5269887447357178,-5.2721667885780334,19,4982,0.0038137294259333603
CodeBERT_partial_s2026,Win32,full,1,9,-5.2721667885780334,-5.0173448324203491,27,4982,0.0054195102368526692
CodeBERT_partial_s2026,Win32,full,1,10,-5.0173448324203491,-4.7625228762626648,30,4982,0.0060216780409474103
CodeBERT_partial_s2026,Win32,full,1,11,-4.7625228762626648,-4.5077009201049805,32,4982,0.0064231232436772383
CodeBERT_partial_s2026,Win32,full,1,12,-4.5077009201049805,-4.2528789639472961,25,4982,0.0050180650341228421
CodeBERT_partial_s2026,Win32,full,1,13,-4.2528789639472961,-3.9980570077896118,21,4982,0.0042151746286631878
CodeBERT_partial_s2026,Win32,full,1,14,-3.9980570077896118,-3.7432350516319275,29,4982,0.0058209554395824972
CodeBERT_partial_s2026,Win32,full,1,15,-3.7432350516319275,-3.4884130954742432,22,4982,0.004415897230028101
CodeBERT_partial_s2026,Win32,full,1,16,-3.4884130954742432,-3.2335911393165588,24,4982,0.0048173424327579289
CodeBERT_partial_s2026,Win32,full,1,17,-3.2335911393165588,-2.9787691831588745,27,4982,0.0054195102368526692
CodeBERT_partial_s2026,Win32,full,1,18,-2.9787691831588745,-2.7239472270011902,33,4982,0.0066238458450421514
CodeBERT_partial_s2026,Win32,full,1,19,-2.7239472270011902,-2.4691252708435059,16,4982,0.0032115616218386192
CodeBERT_partial_s2026,Win32,full,1,20,-2.4691252708435059,-2.2143033146858215,28,4982,0.0056202328382175832
CodeBERT_partial_s2026,Win32,full,1,21,-2.2143033146858215,-1.9594813585281372,19,4982,0.0038137294259333603
CodeBERT_partial_s2026,Win32,full,1,22,-1.9594813585281372,-1.7046594023704529,9,4982,0.0018065034122842231
CodeBERT_partial_s2026,Win32,full,1,23,-1.7046594023704529,-1.4498374462127686,26,4982,0.0052187876354877561
CodeBERT_partial_s2026,Win32,full,1,24,-1.4498374462127686,-1.1950154900550842,14,4982,0.0028101164191087916
CodeBERT_partial_s2026,Win32,full,1,25,-1.1950154900550842,-0.9401935338973999,24,4982,0.0048173424327579289
CodeBERT_partial_s2026,Win32,full,1,26,-0.9401935338973999,-0.68537157773971558,9,4982,0.0018065034122842231
CodeBERT_partial_s2026,Win32,full,1,27,-0.68537157773971558,-0.43054962158203125,5,4982,0.0010036130068245685
CodeBERT_partial_s2026,Win32,full,1,28,-0.43054962158203125,-0.17572766542434692,2,4982,0.00040144520272982739
CodeBERT_partial_s2026,Win32,full,1,29,-0.17572766542434692,0.079094290733337402,9,4982,0.0018065034122842231
CodeBERT_partial_s2026,Win32,full,1,30,0.079094290733337402,0.33391624689102173,12,4982,0.0024086712163789645
CodeBERT_partial_s2026,Win32,full,1,31,0.33391624689102173,0.58873820304870605,4,4982,0.00080289040545965479
CodeBERT_partial_s2026,Win32,full,1,32,0.58873820304870605,0.84356015920639038,9,4982,0.0018065034122842231
CodeBERT_partial_s2026,Win32,full,1,33,0.84356015920639038,1.0983821153640747,14,4982,0.0028101164191087916
CodeBERT_partial_s2026,Win32,full,1,34,1.0983821153640747,1.353204071521759,30,4982,0.0060216780409474103
CodeBERT_partial_s2026,Win32,full,1,35,1.353204071521759,1.6080260276794434,50,4982,0.010036130068245684
CodeBERT_partial_s2026,Win32,full,1,36,1.6080260276794434,1.8628479838371277,15,4982,0.0030108390204737052
CodeBERT_partial_s2026,Win32,full,1,37,1.8628479838371277,2.117669939994812,7,4982,0.0014050582095543958
CodeBERT_partial_s2026,Win32,full,1,38,2.117669939994812,2.3724918961524963,11,4982,0.0022079486150140505
CodeBERT_partial_s2026,Win32,full,1,39,2.3724918961524963,2.6273138523101807,16,4982,0.0032115616218386192
CodeBERT_partial_s2026,Win32,full,1,40,2.6273138523101807,2.882135808467865,16,4982,0.0032115616218386192
CodeBERT_partial_s2026,Win32,full,1,41,2.882135808467865,3.1369577646255493,21,4982,0.0042151746286631878
CodeBERT_partial_s2026,Win32,full,1,42,3.1369577646255493,3.3917797207832336,39,4982,0.0078281814532316345
CodeBERT_partial_s2026,Win32,full,1,43,3.3917797207832336,3.646601676940918,54,4982,0.010839020473705338
CodeBERT_partial_s2026,Win32,full,1,44,3.646601676940918,3.9014236330986023,72,4982,0.014452027298273785
CodeBERT_partial_s2026,Win32,full,1,45,3.9014236330986023,4.1562455892562866,63,4982,0.012645523885989562
CodeBERT_partial_s2026,Win32,full,1,46,4.1562455892562866,4.4110675454139709,53,4982,0.010638297872340425
CodeBERT_partial_s2026,Win32,full,1,47,4.4110675454139709,4.6658895015716553,58,4982,0.011641910879164994
CodeBERT_partial_s2026,Win32,full,1,48,4.6658895015716553,4.9207114577293396,73,4982,0.0146527498996387
CodeBERT_partial_s2026,Win32,full,1,49,4.9207114577293396,5.1755334138870239,75,4982,0.015054195102368526
CodeBERT_partial_s2026,Win32,full,1,50,5.1755334138870239,5.4303553700447083,65,4982,0.01304696908871939
CodeBERT_partial_s2026,Win32,full,1,51,5.4303553700447083,5.6851773262023926,83,4982,0.016659975913287835
CodeBERT_partial_s2026,Win32,full,1,52,5.6851773262023926,5.9399992823600769,90,4982,0.018065034122842234
CodeBERT_partial_s2026,Win32,full,1,53,5.9399992823600769,6.1948212385177612,128,4982,0.025692492974708953
CodeBERT_partial_s2026,Win32,full,1,54,6.1948212385177612,6.4496431946754456,200,4982,0.040144520272982737
CodeBERT_partial_s2026,Win32,full,1,55,6.4496431946754456,6.7044651508331299,163,4982,0.032717784022480934
CodeBERT_partial_s2026,Win32,full,1,56,6.7044651508331299,6.9592871069908142,216,4982,0.043356081894821354
CodeBERT_partial_s2026,Win32,full,1,57,6.9592871069908142,7.2141090631484985,275,4982,0.055198715375351266
CodeBERT_partial_s2026,Win32,full,1,58,7.2141090631484985,7.4689310193061829,490,4982,0.098354074668807703
CodeBERT_partial_s2026,Win32,full,1,59,7.4689310193061829,7.7237529754638672,2042,4982,0.40987555198715375
CodeBERT_partial_s2026,Win64,full,0,0,-7.5629820823669434,-7.3080860058466595,2887,4953,0.58287906319402383
CodeBERT_partial_s2026,Win64,full,0,1,-7.3080860058466595,-7.0531899293263756,217,4953,0.043811831213406018
CodeBERT_partial_s2026,Win64,full,0,2,-7.0531899293263756,-6.7982938528060917,174,4953,0.035130224106602062
CodeBERT_partial_s2026,Win64,full,0,3,-6.7982938528060917,-6.5433977762858078,131,4953,0.026448616999798103
CodeBERT_partial_s2026,Win64,full,0,4,-6.5433977762858078,-6.2885016997655239,149,4953,0.030082778114274178
CodeBERT_partial_s2026,Win64,full,0,5,-6.2885016997655239,-6.0336056232452391,114,4953,0.023016353725015141
CodeBERT_partial_s2026,Win64,full,0,6,-6.0336056232452391,-5.7787095467249552,140,4953,0.028265697557036139
CodeBERT_partial_s2026,Win64,full,0,7,-5.7787095467249552,-5.5238134702046713,131,4953,0.026448616999798103
CodeBERT_partial_s2026,Win64,full,0,8,-5.5238134702046713,-5.2689173936843874,134,4953,0.02705431051887745
CodeBERT_partial_s2026,Win64,full,0,9,-5.2689173936843874,-5.0140213171641035,126,4953,0.025439127801332527
CodeBERT_partial_s2026,Win64,full,0,10,-5.0140213171641035,-4.7591252406438187,118,4953,0.023823945083787604
CodeBERT_partial_s2026,Win64,full,0,11,-4.7591252406438187,-4.5042291641235348,86,4953,0.017363214213607914
CodeBERT_partial_s2026,Win64,full,0,12,-4.5042291641235348,-4.2493330876032509,71,4953,0.014334746618211184
CodeBERT_partial_s2026,Win64,full,0,13,-4.2493330876032509,-3.994437011082967,45,4953,0.009085402786190187
CodeBERT_partial_s2026,Win64,full,0,14,-3.994437011082967,-3.7395409345626831,47,4953,0.0094891984655764185
CodeBERT_partial_s2026,Win64,full,0,15,-3.7395409345626831,-3.4846448580423992,30,4953,0.0060569351907934586
CodeBERT_partial_s2026,Win64,full,0,16,-3.4846448580423992,-3.2297487815221153,19,4953,0.0038360589541691905
CodeBERT_partial_s2026,Win64,full,0,17,-3.2297487815221153,-2.9748527050018314,24,4953,0.0048455481526347667
CodeBERT_partial_s2026,Win64,full,0,18,-2.9748527050018314,-2.7199566284815475,18,4953,0.0036341611144760752
CodeBERT_partial_s2026,Win64,full,0,19,-2.7199566284815475,-2.4650605519612636,18,4953,0.0036341611144760752
CodeBERT_partial_s2026,Win64,full,0,20,-2.4650605519612636,-2.2101644754409788,10,4953,0.0020189783969311527
CodeBERT_partial_s2026,Win64,full,0,21,-2.2101644754409788,-1.9552683989206949,10,4953,0.0020189783969311527
CodeBERT_partial_s2026,Win64,full,0,22,-1.9552683989206949,-1.700372322400411,3,4953,0.00060569351907934583
CodeBERT_partial_s2026,Win64,full,0,23,-1.700372322400411,-1.4454762458801271,4,4953,0.00080759135877246115
CodeBERT_partial_s2026,Win64,full,0,24,-1.4454762458801271,-1.1905801693598432,0,4953,0
CodeBERT_partial_s2026,Win64,full,0,25,-1.1905801693598432,-0.93568409283955933,1,4953,0.00020189783969311529
CodeBERT_partial_s2026,Win64,full,0,26,-0.93568409283955933,-0.68078801631927544,2,4953,0.00040379567938623057
CodeBERT_partial_s2026,Win64,full,0,27,-0.68078801631927544,-0.42589193979899065,3,4953,0.00060569351907934583
CodeBERT_partial_s2026,Win64,full,0,28,-0.42589193979899065,-0.17099586327870675,6,4953,0.0012113870381586917
CodeBERT_partial_s2026,Win64,full,0,29,-0.17099586327870675,0.083900213241577148,1,4953,0.00020189783969311529
CodeBERT_partial_s2026,Win64,full,0,30,0.083900213241577148,0.33879628976186105,2,4953,0.00040379567938623057
CodeBERT_partial_s2026,Win64,full,0,31,0.33879628976186105,0.59369236628214495,2,4953,0.00040379567938623057
CodeBERT_partial_s2026,Win64,full,0,32,0.59369236628214495,0.84858844280242884,3,4953,0.00060569351907934583
CodeBERT_partial_s2026,Win64,full,0,33,0.84858844280242884,1.1034845193227127,1,4953,0.00020189783969311529
CodeBERT_partial_s2026,Win64,full,0,34,1.1034845193227127,1.3583805958429966,1,4953,0.00020189783969311529
CodeBERT_partial_s2026,Win64,full,0,35,1.3583805958429966,1.6132766723632805,4,4953,0.00080759135877246115
CodeBERT_partial_s2026,Win64,full,0,36,1.6132766723632805,1.8681727488835644,7,4953,0.001413284877851807
CodeBERT_partial_s2026,Win64,full,0,37,1.8681727488835644,2.1230688254038483,8,4953,0.0016151827175449223
CodeBERT_partial_s2026,Win64,full,0,38,2.1230688254038483,2.3779649019241322,1,4953,0.00020189783969311529
CodeBERT_partial_s2026,Win64,full,0,39,2.3779649019241322,2.6328609784444161,14,4953,0.002826569755703614
CodeBERT_partial_s2026,Win64,full,0,40,2.6328609784444161,2.8877570549647018,12,4953,0.0024227740763173833
CodeBERT_partial_s2026,Win64,full,0,41,2.8877570549647018,3.1426531314849857,13,4953,0.0026246719160104987
CodeBERT_partial_s2026,Win64,full,0,42,3.1426531314849857,3.3975492080052696,5,4953,0.0010094891984655764
CodeBERT_partial_s2026,Win64,full,0,43,3.3975492080052696,3.6524452845255535,12,4953,0.0024227740763173833
CodeBERT_partial_s2026,Win64,full,0,44,3.6524452845255535,3.9073413610458374,14,4953,0.002826569755703614
CodeBERT_partial_s2026,Win64,full,0,45,3.9073413610458374,4.1622374375661213,14,4953,0.002826569755703614
CodeBERT_partial_s2026,Win64,full,0,46,4.1622374375661213,4.4171335140864052,15,4953,0.0030284675953967293
CodeBERT_partial_s2026,Win64,full,0,47,4.4171335140864052,4.6720295906066891,11,4953,0.002220876236624268
CodeBERT_partial_s2026,Win64,full,0,48,4.6720295906066891,4.926925667126973,13,4953,0.0026246719160104987
CodeBERT_partial_s2026,Win64,full,0,49,4.926925667126973,5.1818217436472569,12,4953,0.0024227740763173833
CodeBERT_partial_s2026,Win64,full,0,50,5.1818217436472569,5.4367178201675408,6,4953,0.0012113870381586917
CodeBERT_partial_s2026,Win64,full,0,51,5.4367178201675408,5.6916138966878247,4,4953,0.00080759135877246115
CodeBERT_partial_s2026,Win64,full,0,52,5.6916138966878247,5.9465099732081086,7,4953,0.001413284877851807
CodeBERT_partial_s2026,Win64,full,0,53,5.9465099732081086,6.2014060497283925,10,4953,0.0020189783969311527
CodeBERT_partial_s2026,Win64,full,0,54,6.2014060497283925,6.4563021262486764,7,4953,0.001413284877851807
CodeBERT_partial_s2026,Win64,full,0,55,6.4563021262486764,6.7111982027689621,9,4953,0.0018170805572380376
CodeBERT_partial_s2026,Win64,full,0,56,6.7111982027689621,6.966094279289246,4,4953,0.00080759135877246115
CodeBERT_partial_s2026,Win64,full,0,57,6.966094279289246,7.2209903558095299,10,4953,0.0020189783969311527
CodeBERT_partial_s2026,Win64,full,0,58,7.2209903558095299,7.4758864323298138,7,4953,0.001413284877851807
CodeBERT_partial_s2026,Win64,full,0,59,7.4758864323298138,7.7307825088500977,6,4953,0.0012113870381586917
CodeBERT_partial_s2026,Win64,full,1,0,-7.5629820823669434,-7.3080860058466595,15,5047,0.0029720626114523481
CodeBERT_partial_s2026,Win64,full,1,1,-7.3080860058466595,-7.0531899293263756,3,5047,0.00059441252229046955
CodeBERT_partial_s2026,Win64,full,1,2,-7.0531899293263756,-6.7982938528060917,4,5047,0.00079255002972062607
CodeBERT_partial_s2026,Win64,full,1,3,-6.7982938528060917,-6.5433977762858078,3,5047,0.00059441252229046955
CodeBERT_partial_s2026,Win64,full,1,4,-6.5433977762858078,-6.2885016997655239,6,5047,0.0011888250445809391
CodeBERT_partial_s2026,Win64,full,1,5,-6.2885016997655239,-6.0336056232452391,8,5047,0.0015851000594412521
CodeBERT_partial_s2026,Win64,full,1,6,-6.0336056232452391,-5.7787095467249552,14,5047,0.0027739251040221915
CodeBERT_partial_s2026,Win64,full,1,7,-5.7787095467249552,-5.5238134702046713,20,5047,0.0039627501486031308
CodeBERT_partial_s2026,Win64,full,1,8,-5.5238134702046713,-5.2689173936843874,12,5047,0.0023776500891618782
CodeBERT_partial_s2026,Win64,full,1,9,-5.2689173936843874,-5.0140213171641035,22,5047,0.004359025163463444
CodeBERT_partial_s2026,Win64,full,1,10,-5.0140213171641035,-4.7591252406438187,17,5047,0.0033683376263126609
CodeBERT_partial_s2026,Win64,full,1,11,-4.7591252406438187,-4.5042291641235348,16,5047,0.0031702001188825043
CodeBERT_partial_s2026,Win64,full,1,12,-4.5042291641235348,-4.2493330876032509,27,5047,0.0053497127006142259
CodeBERT_partial_s2026,Win64,full,1,13,-4.2493330876032509,-3.994437011082967,12,5047,0.0023776500891618782
CodeBERT_partial_s2026,Win64,full,1,14,-3.994437011082967,-3.7395409345626831,17,5047,0.0033683376263126609
CodeBERT_partial_s2026,Win64,full,1,15,-3.7395409345626831,-3.4846448580423992,13,5047,0.0025757875965920348
CodeBERT_partial_s2026,Win64,full,1,16,-3.4846448580423992,-3.2297487815221153,21,5047,0.004160887656033287
CodeBERT_partial_s2026,Win64,full,1,17,-3.2297487815221153,-2.9748527050018314,18,5047,0.0035664751337428175
CodeBERT_partial_s2026,Win64,full,1,18,-2.9748527050018314,-2.7199566284815475,14,5047,0.0027739251040221915
CodeBERT_partial_s2026,Win64,full,1,19,-2.7199566284815475,-2.4650605519612636,13,5047,0.0025757875965920348
CodeBERT_partial_s2026,Win64,full,1,20,-2.4650605519612636,-2.2101644754409788,7,5047,0.0013869625520110957
CodeBERT_partial_s2026,Win64,full,1,21,-2.2101644754409788,-1.9552683989206949,2,5047,0.00039627501486031304
CodeBERT_partial_s2026,Win64,full,1,22,-1.9552683989206949,-1.700372322400411,8,5047,0.0015851000594412521
CodeBERT_partial_s2026,Win64,full,1,23,-1.700372322400411,-1.4454762458801271,1,5047,0.00019813750743015652
CodeBERT_partial_s2026,Win64,full,1,24,-1.4454762458801271,-1.1905801693598432,2,5047,0.00039627501486031304
CodeBERT_partial_s2026,Win64,full,1,25,-1.1905801693598432,-0.93568409283955933,2,5047,0.00039627501486031304
CodeBERT_partial_s2026,Win64,full,1,26,-0.93568409283955933,-0.68078801631927544,1,5047,0.00019813750743015652
CodeBERT_partial_s2026,Win64,full,1,27,-0.68078801631927544,-0.42589193979899065,5,5047,0.0009906875371507827
CodeBERT_partial_s2026,Win64,full,1,28,-0.42589193979899065,-0.17099586327870675,1,5047,0.00019813750743015652
CodeBERT_partial_s2026,Win64,full,1,29,-0.17099586327870675,0.083900213241577148,0,5047,0
CodeBERT_partial_s2026,Win64,full,1,30,0.083900213241577148,0.33879628976186105,2,5047,0.00039627501486031304
CodeBERT_partial_s2026,Win64,full,1,31,0.33879628976186105,0.59369236628214495,1,5047,0.00019813750743015652
CodeBERT_partial_s2026,Win64,full,1,32,0.59369236628214495,0.84858844280242884,1,5047,0.00019813750743015652
CodeBERT_partial_s2026,Win64,full,1,33,0.84858844280242884,1.1034845193227127,3,5047,0.00059441252229046955
CodeBERT_partial_s2026,Win64,full,1,34,1.1034845193227127,1.3583805958429966,2,5047,0.00039627501486031304
CodeBERT_partial_s2026,Win64,full,1,35,1.3583805958429966,1.6132766723632805,6,5047,0.0011888250445809391
CodeBERT_partial_s2026,Win64,full,1,36,1.6132766723632805,1.8681727488835644,9,5047,0.0017832375668714088
CodeBERT_partial_s2026,Win64,full,1,37,1.8681727488835644,2.1230688254038483,15,5047,0.0029720626114523481
CodeBERT_partial_s2026,Win64,full,1,38,2.1230688254038483,2.3779649019241322,14,5047,0.0027739251040221915
CodeBERT_partial_s2026,Win64,full,1,39,2.3779649019241322,2.6328609784444161,33,5047,0.0065385377451951656
CodeBERT_partial_s2026,Win64,full,1,40,2.6328609784444161,2.8877570549647018,15,5047,0.0029720626114523481
CodeBERT_partial_s2026,Win64,full,1,41,2.8877570549647018,3.1426531314849857,22,5047,0.004359025163463444
CodeBERT_partial_s2026,Win64,full,1,42,3.1426531314849857,3.3975492080052696,17,5047,0.0033683376263126609
CodeBERT_partial_s2026,Win64,full,1,43,3.3975492080052696,3.6524452845255535,23,5047,0.0045571626708936002
CodeBERT_partial_s2026,Win64,full,1,44,3.6524452845255535,3.9073413610458374,17,5047,0.0033683376263126609
CodeBERT_partial_s2026,Win64,full,1,45,3.9073413610458374,4.1622374375661213,29,5047,0.0057459877154745391
CodeBERT_partial_s2026,Win64,full,1,46,4.1622374375661213,4.4171335140864052,36,5047,0.0071329502674856351
CodeBERT_partial_s2026,Win64,full,1,47,4.4171335140864052,4.6720295906066891,43,5047,0.0085199128194967302
CodeBERT_partial_s2026,Win64,full,1,48,4.6720295906066891,4.926925667126973,67,5047,0.013275212997820487
CodeBERT_partial_s2026,Win64,full,1,49,4.926925667126973,5.1818217436472569,59,5047,0.011690112938379234
CodeBERT_partial_s2026,Win64,full,1,50,5.1818217436472569,5.4367178201675408,55,5047,0.01089756290865861
CodeBERT_partial_s2026,Win64,full,1,51,5.4367178201675408,5.6916138966878247,77,5047,0.015256588072122053
CodeBERT_partial_s2026,Win64,full,1,52,5.6916138966878247,5.9465099732081086,70,5047,0.013869625520110958
CodeBERT_partial_s2026,Win64,full,1,53,5.9465099732081086,6.2014060497283925,115,5047,0.022785813354468002
CodeBERT_partial_s2026,Win64,full,1,54,6.2014060497283925,6.4563021262486764,135,5047,0.026748563503071133
CodeBERT_partial_s2026,Win64,full,1,55,6.4563021262486764,6.7111982027689621,229,5047,0.045373489201505843
CodeBERT_partial_s2026,Win64,full,1,56,6.7111982027689621,6.966094279289246,262,5047,0.051912026946701009
CodeBERT_partial_s2026,Win64,full,1,57,6.966094279289246,7.2209903558095299,591,5047,0.11709926689122251
CodeBERT_partial_s2026,Win64,full,1,58,7.2209903558095299,7.4758864323298138,887,5047,0.17574796909054885
CodeBERT_partial_s2026,Win64,full,1,59,7.4758864323298138,7.7307825088500977,1908,5047,0.37804636417673865
CodeBERT_partial_s2026,Dot_Net,full,0,0,-7.5667757987976074,-7.3118668754895531,3428,4964,0.69057211925866235
CodeBERT_partial_s2026,Dot_Net,full,0,1,-7.3118668754895531,-7.0569579521814987,125,4964,0.025181305398871878
CodeBERT_partial_s2026,Dot_Net,full,0,2,-7.0569579521814987,-6.8020490288734434,85,4964,0.017123287671232876
CodeBERT_partial_s2026,Dot_Net,full,0,3,-6.8020490288734434,-6.5471401055653891,70,4964,0.014101531023368252
CodeBERT_partial_s2026,Dot_Net,full,0,4,-6.5471401055653891,-6.2922311822573347,72,4964,0.014504431909750202
CodeBERT_partial_s2026,Dot_Net,full,0,5,-6.2922311822573347,-6.0373222589492794,76,4964,0.015310233682514102
CodeBERT_partial_s2026,Dot_Net,full,0,6,-6.0373222589492794,-5.7824133356412251,70,4964,0.014101531023368252
CodeBERT_partial_s2026,Dot_Net,full,0,7,-5.7824133356412251,-5.5275044123331707,108,4964,0.021756647864625302
CodeBERT_partial_s2026,Dot_Net,full,0,8,-5.5275044123331707,-5.2725954890251163,103,4964,0.020749395648670427
CodeBERT_partial_s2026,Dot_Net,full,0,9,-5.2725954890251163,-5.017686565717062,108,4964,0.021756647864625302
CodeBERT_partial_s2026,Dot_Net,full,0,10,-5.017686565717062,-4.7627776424090067,93,4964,0.018734891216760675
CodeBERT_partial_s2026,Dot_Net,full,0,11,-4.7627776424090067,-4.5078687191009523,75,4964,0.015108783239323126
CodeBERT_partial_s2026,Dot_Net,full,0,12,-4.5078687191009523,-4.252959795792898,57,4964,0.011482675261885577
CodeBERT_partial_s2026,Dot_Net,full,0,13,-4.252959795792898,-3.9980508724848431,42,4964,0.0084609186140209517
CodeBERT_partial_s2026,Dot_Net,full,0,14,-3.9980508724848431,-3.7431419491767883,27,4964,0.0054391619661563256
CodeBERT_partial_s2026,Dot_Net,full,0,15,-3.7431419491767883,-3.488233025868734,24,4964,0.0048348106365834007
CodeBERT_partial_s2026,Dot_Net,full,0,16,-3.488233025868734,-3.2333241025606796,20,4964,0.0040290088638195
CodeBERT_partial_s2026,Dot_Net,full,0,17,-3.2333241025606796,-2.9784151792526252,16,4964,0.0032232070910556002
CodeBERT_partial_s2026,Dot_Net,full,0,18,-2.9784151792526252,-2.72350625594457,17,4964,0.0034246575342465752
CodeBERT_partial_s2026,Dot_Net,full,0,19,-2.72350625594457,-2.4685973326365156,13,4964,0.0026188557614826753
CodeBERT_partial_s2026,Dot_Net,full,0,20,-2.4685973326365156,-2.2136884093284612,14,4964,0.0028203062046736503
CodeBERT_partial_s2026,Dot_Net,full,0,21,-2.2136884093284612,-1.958779486020406,8,4964,0.0016116035455278001
CodeBERT_partial_s2026,Dot_Net,full,0,22,-1.958779486020406,-1.7038705627123516,11,4964,0.0022159548751007254
CodeBERT_partial_s2026,Dot_Net,full,0,23,-1.7038705627123516,-1.4489616394042972,3,4964,0.00060435132957292509
CodeBERT_partial_s2026,Dot_Net,full,0,24,-1.4489616394042972,-1.1940527160962429,6,4964,0.0012087026591458502
CodeBERT_partial_s2026,Dot_Net,full,0,25,-1.1940527160962429,-0.93914379278818849,7,4964,0.0014101531023368251
CodeBERT_partial_s2026,Dot_Net,full,0,26,-0.93914379278818849,-0.68423486948013323,2,4964,0.00040290088638195002
CodeBERT_partial_s2026,Dot_Net,full,0,27,-0.68423486948013323,-0.42932594617207887,7,4964,0.0014101531023368251
CodeBERT_partial_s2026,Dot_Net,full,0,28,-0.42932594617207887,-0.1744170228640245,3,4964,0.00060435132957292509
CodeBERT_partial_s2026,Dot_Net,full,0,29,-0.1744170228640245,0.080491900444030762,5,4964,0.001007252215954875
CodeBERT_partial_s2026,Dot_Net,full,0,30,0.080491900444030762,0.33540082375208513,0,4964,0
CodeBERT_partial_s2026,Dot_Net,full,0,31,0.33540082375208513,0.5903097470601395,1,4964,0.00020145044319097501
CodeBERT_partial_s2026,Dot_Net,full,0,32,0.5903097470601395,0.84521867036819387,3,4964,0.00060435132957292509
CodeBERT_partial_s2026,Dot_Net,full,0,33,0.84521867036819387,1.1001275936762482,2,4964,0.00040290088638195002
CodeBERT_partial_s2026,Dot_Net,full,0,34,1.1001275936762482,1.3550365169843026,6,4964,0.0012087026591458502
CodeBERT_partial_s2026,Dot_Net,full,0,35,1.3550365169843026,1.609945440292357,2,4964,0.00040290088638195002
CodeBERT_partial_s2026,Dot_Net,full,0,36,1.609945440292357,1.8648543636004131,3,4964,0.00060435132957292509
CodeBERT_partial_s2026,Dot_Net,full,0,37,1.8648543636004131,2.1197632869084675,6,4964,0.0012087026591458502
CodeBERT_partial_s2026,Dot_Net,full,0,38,2.1197632869084675,2.3746722102165219,15,4964,0.0030217566478646252
CodeBERT_partial_s2026,Dot_Net,full,0,39,2.3746722102165219,2.6295811335245762,10,4964,0.00201450443190975
CodeBERT_partial_s2026,Dot_Net,full,0,40,2.6295811335245762,2.8844900568326306,6,4964,0.0012087026591458502
CodeBERT_partial_s2026,Dot_Net,full,0,41,2.8844900568326306,3.139398980140685,19,4964,0.0038275584206285255
CodeBERT_partial_s2026,Dot_Net,full,0,42,3.139398980140685,3.3943079034487393,23,4964,0.0046333601933924258
CodeBERT_partial_s2026,Dot_Net,full,0,43,3.3943079034487393,3.6492168267567955,14,4964,0.0028203062046736503
CodeBERT_partial_s2026,Dot_Net,full,0,44,3.6492168267567955,3.9041257500648499,16,4964,0.0032232070910556002
CodeBERT_partial_s2026,Dot_Net,full,0,45,3.9041257500648499,4.1590346733729042,18,4964,0.0036261079774375505
CodeBERT_partial_s2026,Dot_Net,full,0,46,4.1590346733729042,4.4139435966809586,18,4964,0.0036261079774375505
CodeBERT_partial_s2026,Dot_Net,full,0,47,4.4139435966809586,4.668852519989013,16,4964,0.0032232070910556002
CodeBERT_partial_s2026,Dot_Net,full,0,48,4.668852519989013,4.9237614432970673,12,4964,0.0024174053182917004
CodeBERT_partial_s2026,Dot_Net,full,0,49,4.9237614432970673,5.1786703666051217,14,4964,0.0028203062046736503
CodeBERT_partial_s2026,Dot_Net,full,0,50,5.1786703666051217,5.4335792899131761,12,4964,0.0024174053182917004
CodeBERT_partial_s2026,Dot_Net,full,0,51,5.4335792899131761,5.6884882132212304,7,4964,0.0014101531023368251
CodeBERT_partial_s2026,Dot_Net,full,0,52,5.6884882132212304,5.9433971365292866,6,4964,0.0012087026591458502
CodeBERT_partial_s2026,Dot_Net,full,0,53,5.9433971365292866,6.198306059837341,4,4964,0.00080580177276390005
CodeBERT_partial_s2026,Dot_Net,full,0,54,6.198306059837341,6.4532149831453953,4,4964,0.00080580177276390005
CodeBERT_partial_s2026,Dot_Net,full,0,55,6.4532149831453953,6.7081239064534497,9,4964,0.0018130539887187753
CodeBERT_partial_s2026,Dot_Net,full,0,56,6.7081239064534497,6.9630328297615041,7,4964,0.0014101531023368251
CodeBERT_partial_s2026,Dot_Net,full,0,57,6.9630328297615041,7.2179417530695584,4,4964,0.00080580177276390005
CodeBERT_partial_s2026,Dot_Net,full,0,58,7.2179417530695584,7.4728506763776128,1,4964,0.00020145044319097501
CodeBERT_partial_s2026,Dot_Net,full,0,59,7.4728506763776128,7.7277595996856689,11,4964,0.0022159548751007254
CodeBERT_partial_s2026,Dot_Net,full,1,0,-7.5667757987976074,-7.3118668754895531,9,5036,0.0017871326449563146
CodeBERT_partial_s2026,Dot_Net,full,1,1,-7.3118668754895531,-7.0569579521814987,6,5036,0.0011914217633042098
CodeBERT_partial_s2026,Dot_Net,full,1,2,-7.0569579521814987,-6.8020490288734434,5,5036,0.00099285146942017471
CodeBERT_partial_s2026,Dot_Net,full,1,3,-6.8020490288734434,-6.5471401055653891,2,5036,0.00039714058776806987
CodeBERT_partial_s2026,Dot_Net,full,1,4,-6.5471401055653891,-6.2922311822573347,6,5036,0.0011914217633042098
CodeBERT_partial_s2026,Dot_Net,full,1,5,-6.2922311822573347,-6.0373222589492794,3,5036,0.00059571088165210489
CodeBERT_partial_s2026,Dot_Net,full,1,6,-6.0373222589492794,-5.7824133356412251,1,5036,0.00019857029388403494
CodeBERT_partial_s2026,Dot_Net,full,1,7,-5.7824133356412251,-5.5275044123331707,5,5036,0.00099285146942017471
CodeBERT_partial_s2026,Dot_Net,full,1,8,-5.5275044123331707,-5.2725954890251163,8,5036,0.0015885623510722795
CodeBERT_partial_s2026,Dot_Net,full,1,9,-5.2725954890251163,-5.017686565717062,10,5036,0.0019857029388403494
CodeBERT_partial_s2026,Dot_Net,full,1,10,-5.017686565717062,-4.7627776424090067,11,5036,0.0021842732327243845
CodeBERT_partial_s2026,Dot_Net,full,1,11,-4.7627776424090067,-4.5078687191009523,11,5036,0.0021842732327243845
CodeBERT_partial_s2026,Dot_Net,full,1,12,-4.5078687191009523,-4.252959795792898,16,5036,0.003177124702144559
CodeBERT_partial_s2026,Dot_Net,full,1,13,-4.252959795792898,-3.9980508724848431,12,5036,0.0023828435266084196
CodeBERT_partial_s2026,Dot_Net,full,1,14,-3.9980508724848431,-3.7431419491767883,10,5036,0.0019857029388403494
CodeBERT_partial_s2026,Dot_Net,full,1,15,-3.7431419491767883,-3.488233025868734,11,5036,0.0021842732327243845
CodeBERT_partial_s2026,Dot_Net,full,1,16,-3.488233025868734,-3.2333241025606796,13,5036,0.0025814138204924542
CodeBERT_partial_s2026,Dot_Net,full,1,17,-3.2333241025606796,-2.9784151792526252,9,5036,0.0017871326449563146
CodeBERT_partial_s2026,Dot_Net,full,1,18,-2.9784151792526252,-2.72350625594457,12,5036,0.0023828435266084196
CodeBERT_partial_s2026,Dot_Net,full,1,19,-2.72350625594457,-2.4685973326365156,11,5036,0.0021842732327243845
CodeBERT_partial_s2026,Dot_Net,full,1,20,-2.4685973326365156,-2.2136884093284612,12,5036,0.0023828435266084196
CodeBERT_partial_s2026,Dot_Net,full,1,21,-2.2136884093284612,-1.958779486020406,8,5036,0.0015885623510722795
CodeBERT_partial_s2026,Dot_Net,full,1,22,-1.958779486020406,-1.7038705627123516,6,5036,0.0011914217633042098
CodeBERT_partial_s2026,Dot_Net,full,1,23,-1.7038705627123516,-1.4489616394042972,7,5036,0.0013899920571882446
CodeBERT_partial_s2026,Dot_Net,full,1,24,-1.4489616394042972,-1.1940527160962429,1,5036,0.00019857029388403494
CodeBERT_partial_s2026,Dot_Net,full,1,25,-1.1940527160962429,-0.93914379278818849,1,5036,0.00019857029388403494
CodeBERT_partial_s2026,Dot_Net,full,1,26,-0.93914379278818849,-0.68423486948013323,2,5036,0.00039714058776806987
CodeBERT_partial_s2026,Dot_Net,full,1,27,-0.68423486948013323,-0.42932594617207887,1,5036,0.00019857029388403494
CodeBERT_partial_s2026,Dot_Net,full,1,28,-0.42932594617207887,-0.1744170228640245,4,5036,0.00079428117553613975
CodeBERT_partial_s2026,Dot_Net,full,1,29,-0.1744170228640245,0.080491900444030762,4,5036,0.00079428117553613975
CodeBERT_partial_s2026,Dot_Net,full,1,30,0.080491900444030762,0.33540082375208513,2,5036,0.00039714058776806987
CodeBERT_partial_s2026,Dot_Net,full,1,31,0.33540082375208513,0.5903097470601395,2,5036,0.00039714058776806987
CodeBERT_partial_s2026,Dot_Net,full,1,32,0.5903097470601395,0.84521867036819387,2,5036,0.00039714058776806987
CodeBERT_partial_s2026,Dot_Net,full,1,33,0.84521867036819387,1.1001275936762482,1,5036,0.00019857029388403494
CodeBERT_partial_s2026,Dot_Net,full,1,34,1.1001275936762482,1.3550365169843026,3,5036,0.00059571088165210489
CodeBERT_partial_s2026,Dot_Net,full,1,35,1.3550365169843026,1.609945440292357,7,5036,0.0013899920571882446
CodeBERT_partial_s2026,Dot_Net,full,1,36,1.609945440292357,1.8648543636004131,4,5036,0.00079428117553613975
CodeBERT_partial_s2026,Dot_Net,full,1,37,1.8648543636004131,2.1197632869084675,10,5036,0.0019857029388403494
CodeBERT_partial_s2026,Dot_Net,full,1,38,2.1197632869084675,2.3746722102165219,15,5036,0.0029785544082605244
CodeBERT_partial_s2026,Dot_Net,full,1,39,2.3746722102165219,2.6295811335245762,21,5036,0.0041699761715647335
CodeBERT_partial_s2026,Dot_Net,full,1,40,2.6295811335245762,2.8844900568326306,23,5036,0.0045671167593328036
CodeBERT_partial_s2026,Dot_Net,full,1,41,2.8844900568326306,3.139398980140685,46,5036,0.0091342335186656073
CodeBERT_partial_s2026,Dot_Net,full,1,42,3.139398980140685,3.3943079034487393,45,5036,0.0089356632247815735
CodeBERT_partial_s2026,Dot_Net,full,1,43,3.3943079034487393,3.6492168267567955,54,5036,0.010722795869737888
CodeBERT_partial_s2026,Dot_Net,full,1,44,3.6492168267567955,3.9041257500648499,78,5036,0.015488482922954726
CodeBERT_partial_s2026,Dot_Net,full,1,45,3.9041257500648499,4.1590346733729042,78,5036,0.015488482922954726
CodeBERT_partial_s2026,Dot_Net,full,1,46,4.1590346733729042,4.4139435966809586,66,5036,0.013105639396346307
CodeBERT_partial_s2026,Dot_Net,full,1,47,4.4139435966809586,4.668852519989013,87,5036,0.017275615567911042
CodeBERT_partial_s2026,Dot_Net,full,1,48,4.668852519989013,4.9237614432970673,93,5036,0.018467037331215252
CodeBERT_partial_s2026,Dot_Net,full,1,49,4.9237614432970673,5.1786703666051217,107,5036,0.021247021445591738
CodeBERT_partial_s2026,Dot_Net,full,1,50,5.1786703666051217,5.4335792899131761,96,5036,0.019062748212867357
CodeBERT_partial_s2026,Dot_Net,full,1,51,5.4335792899131761,5.6884882132212304,119,5036,0.023629864972200158
CodeBERT_partial_s2026,Dot_Net,full,1,52,5.6884882132212304,5.9433971365292866,115,5036,0.022835583796664019
CodeBERT_partial_s2026,Dot_Net,full,1,53,5.9433971365292866,6.198306059837341,111,5036,0.02204130262112788
CodeBERT_partial_s2026,Dot_Net,full,1,54,6.198306059837341,6.4532149831453953,151,5036,0.029984114376489276
CodeBERT_partial_s2026,Dot_Net,full,1,55,6.4532149831453953,6.7081239064534497,179,5036,0.035544082605242257
CodeBERT_partial_s2026,Dot_Net,full,1,56,6.7081239064534497,6.9630328297615041,253,5036,0.050238284352660839
CodeBERT_partial_s2026,Dot_Net,full,1,57,6.9630328297615041,7.2179417530695584,337,5036,0.066918189038919773
CodeBERT_partial_s2026,Dot_Net,full,1,58,7.2179417530695584,7.4728506763776128,709,5036,0.14078633836378077
CodeBERT_partial_s2026,Dot_Net,full,1,59,7.4728506763776128,7.7277595996856689,2005,5036,0.39813343923749006
CodeBERT_partial_s2026,Win32,boundary,0,0,5.6249060923576364,5.6811965308326489,3,5018,0.00059784774810681541
CodeBERT_partial_s2026,Win32,boundary,0,1,5.6811965308326489,5.7374869693076622,4,5018,0.00079713033080908732
CodeBERT_partial_s2026,Win32,boundary,0,2,5.7374869693076622,5.7937774077826747,3,5018,0.00059784774810681541
CodeBERT_partial_s2026,Win32,boundary,0,3,5.7937774077826747,5.8500678462576872,2,5018,0.00039856516540454366
CodeBERT_partial_s2026,Win32,boundary,0,4,5.8500678462576872,5.9063582847327005,1,5018,0.00019928258270227183
CodeBERT_partial_s2026,Win32,boundary,0,5,5.9063582847327005,5.962648723207713,2,5018,0.00039856516540454366
CodeBERT_partial_s2026,Win32,boundary,0,6,5.962648723207713,6.0189391616827255,3,5018,0.00059784774810681541
CodeBERT_partial_s2026,Win32,boundary,0,7,6.0189391616827255,6.0752296001577388,1,5018,0.00019928258270227183
CodeBERT_partial_s2026,Win32,boundary,0,8,6.0752296001577388,6.1315200386327513,1,5018,0.00019928258270227183
CodeBERT_partial_s2026,Win32,boundary,0,9,6.1315200386327513,6.1878104771077638,1,5018,0.00019928258270227183
CodeBERT_partial_s2026,Win32,boundary,0,10,6.1878104771077638,6.2441009155827771,1,5018,0.00019928258270227183
CodeBERT_partial_s2026,Win32,boundary,0,11,6.2441009155827771,6.3003913540577896,2,5018,0.00039856516540454366
CodeBERT_partial_s2026,Win32,boundary,0,12,6.3003913540577896,6.3566817925328021,2,5018,0.00039856516540454366
CodeBERT_partial_s2026,Win32,boundary,0,13,6.3566817925328021,6.4129722310078154,0,5018,0
CodeBERT_partial_s2026,Win32,boundary,0,14,6.4129722310078154,6.4692626694828279,1,5018,0.00019928258270227183
CodeBERT_partial_s2026,Win32,boundary,0,15,6.4692626694828279,6.5255531079578404,1,5018,0.00019928258270227183
CodeBERT_partial_s2026,Win32,boundary,0,16,6.5255531079578404,6.5818435464328537,0,5018,0
CodeBERT_partial_s2026,Win32,boundary,0,17,6.5818435464328537,6.6381339849078662,2,5018,0.00039856516540454366
CodeBERT_partial_s2026,Win32,boundary,0,18,6.6381339849078662,6.6944244233828787,4,5018,0.00079713033080908732
CodeBERT_partial_s2026,Win32,boundary,0,19,6.6944244233828787,6.750714861857892,1,5018,0.00019928258270227183
CodeBERT_partial_s2026,Win32,boundary,0,20,6.750714861857892,6.8070053003329045,4,5018,0.00079713033080908732
CodeBERT_partial_s2026,Win32,boundary,0,21,6.8070053003329045,6.863295738807917,3,5018,0.00059784774810681541
CodeBERT_partial_s2026,Win32,boundary,0,22,6.863295738807917,6.9195861772829304,3,5018,0.00059784774810681541
CodeBERT_partial_s2026,Win32,boundary,0,23,6.9195861772829304,6.9758766157579428,1,5018,0.00019928258270227183
CodeBERT_partial_s2026,Win32,boundary,0,24,6.9758766157579428,7.0321670542329553,2,5018,0.00039856516540454366
CodeBERT_partial_s2026,Win32,boundary,0,25,7.0321670542329553,7.0884574927079687,2,5018,0.00039856516540454366
CodeBERT_partial_s2026,Win32,boundary,0,26,7.0884574927079687,7.1447479311829811,2,5018,0.00039856516540454366
CodeBERT_partial_s2026,Win32,boundary,0,27,7.1447479311829811,7.2010383696579936,0,5018,0
CodeBERT_partial_s2026,Win32,boundary,0,28,7.2010383696579936,7.257328808133007,4,5018,0.00079713033080908732
CodeBERT_partial_s2026,Win32,boundary,0,29,7.257328808133007,7.3136192466080194,2,5018,0.00039856516540454366
CodeBERT_partial_s2026,Win32,boundary,0,30,7.3136192466080194,7.3699096850830319,2,5018,0.00039856516540454366
CodeBERT_partial_s2026,Win32,boundary,0,31,7.3699096850830319,7.4262001235580453,0,5018,0
CodeBERT_partial_s2026,Win32,boundary,0,32,7.4262001235580453,7.4824905620330577,1,5018,0.00019928258270227183
CodeBERT_partial_s2026,Win32,boundary,0,33,7.4824905620330577,7.5387810005080702,0,5018,0
CodeBERT_partial_s2026,Win32,boundary,0,34,7.5387810005080702,7.5950714389830836,0,5018,0
CodeBERT_partial_s2026,Win32,boundary,0,35,7.5950714389830836,7.651361877458096,0,5018,0
CodeBERT_partial_s2026,Win32,boundary,0,36,7.651361877458096,7.7076523159331085,0,5018,0
CodeBERT_partial_s2026,Win32,boundary,0,37,7.7076523159331085,7.7639427544081219,0,5018,0
CodeBERT_partial_s2026,Win32,boundary,0,38,7.7639427544081219,7.8202331928831343,0,5018,0
CodeBERT_partial_s2026,Win32,boundary,0,39,7.8202331928831343,7.8765236313581468,0,5018,0
CodeBERT_partial_s2026,Win32,boundary,1,0,5.6249060923576364,5.6811965308326489,19,4982,0.0038137294259333603
CodeBERT_partial_s2026,Win32,boundary,1,1,5.6811965308326489,5.7374869693076622,17,4982,0.0034122842232035327
CodeBERT_partial_s2026,Win32,boundary,1,2,5.7374869693076622,5.7937774077826747,15,4982,0.0030108390204737052
CodeBERT_partial_s2026,Win32,boundary,1,3,5.7937774077826747,5.8500678462576872,25,4982,0.0050180650341228421
CodeBERT_partial_s2026,Win32,boundary,1,4,5.8500678462576872,5.9063582847327005,23,4982,0.004616619831393015
CodeBERT_partial_s2026,Win32,boundary,1,5,5.9063582847327005,5.962648723207713,24,4982,0.0048173424327579289
CodeBERT_partial_s2026,Win32,boundary,1,6,5.962648723207713,6.0189391616827255,25,4982,0.0050180650341228421
CodeBERT_partial_s2026,Win32,boundary,1,7,6.0189391616827255,6.0752296001577388,20,4982,0.0040144520272982738
CodeBERT_partial_s2026,Win32,boundary,1,8,6.0752296001577388,6.1315200386327513,34,4982,0.0068245684464070654
CodeBERT_partial_s2026,Win32,boundary,1,9,6.1315200386327513,6.1878104771077638,35,4982,0.0070252910477719794
CodeBERT_partial_s2026,Win32,boundary,1,10,6.1878104771077638,6.2441009155827771,24,4982,0.0048173424327579289
CodeBERT_partial_s2026,Win32,boundary,1,11,6.2441009155827771,6.3003913540577896,65,4982,0.01304696908871939
CodeBERT_partial_s2026,Win32,boundary,1,12,6.3003913540577896,6.3566817925328021,38,4982,0.0076274588518667205
CodeBERT_partial_s2026,Win32,boundary,1,13,6.3566817925328021,6.4129722310078154,42,4982,0.0084303492573263757
CodeBERT_partial_s2026,Win32,boundary,1,14,6.4129722310078154,6.4692626694828279,50,4982,0.010036130068245684
CodeBERT_partial_s2026,Win32,boundary,1,15,6.4692626694828279,6.5255531079578404,40,4982,0.0080289040545965477
CodeBERT_partial_s2026,Win32,boundary,1,16,6.5255531079578404,6.5818435464328537,29,4982,0.0058209554395824972
CodeBERT_partial_s2026,Win32,boundary,1,17,6.5818435464328537,6.6381339849078662,22,4982,0.004415897230028101
CodeBERT_partial_s2026,Win32,boundary,1,18,6.6381339849078662,6.6944244233828787,46,4982,0.0092332396627860299
CodeBERT_partial_s2026,Win32,boundary,1,19,6.6944244233828787,6.750714861857892,39,4982,0.0078281814532316345
CodeBERT_partial_s2026,Win32,boundary,1,20,6.750714861857892,6.8070053003329045,25,4982,0.0050180650341228421
CodeBERT_partial_s2026,Win32,boundary,1,21,6.8070053003329045,6.863295738807917,35,4982,0.0070252910477719794
CodeBERT_partial_s2026,Win32,boundary,1,22,6.863295738807917,6.9195861772829304,83,4982,0.016659975913287835
CodeBERT_partial_s2026,Win32,boundary,1,23,6.9195861772829304,6.9758766157579428,56,4982,0.011240465676435166
CodeBERT_partial_s2026,Win32,boundary,1,24,6.9758766157579428,7.0321670542329553,56,4982,0.011240465676435166
CodeBERT_partial_s2026,Win32,boundary,1,25,7.0321670542329553,7.0884574927079687,96,4982,0.019269369731031716
CodeBERT_partial_s2026,Win32,boundary,1,26,7.0884574927079687,7.1447479311829811,40,4982,0.0080289040545965477
CodeBERT_partial_s2026,Win32,boundary,1,27,7.1447479311829811,7.2010383696579936,53,4982,0.010638297872340425
CodeBERT_partial_s2026,Win32,boundary,1,28,7.2010383696579936,7.257328808133007,68,4982,0.013649136892814131
CodeBERT_partial_s2026,Win32,boundary,1,29,7.257328808133007,7.3136192466080194,77,4982,0.015455640305098354
CodeBERT_partial_s2026,Win32,boundary,1,30,7.3136192466080194,7.3699096850830319,109,4982,0.021878763548775593
CodeBERT_partial_s2026,Win32,boundary,1,31,7.3699096850830319,7.4262001235580453,128,4982,0.025692492974708953
CodeBERT_partial_s2026,Win32,boundary,1,32,7.4262001235580453,7.4824905620330577,164,4982,0.032918506623845843
CodeBERT_partial_s2026,Win32,boundary,1,33,7.4824905620330577,7.5387810005080702,145,4982,0.029104777197912483
CodeBERT_partial_s2026,Win32,boundary,1,34,7.5387810005080702,7.5950714389830836,187,4982,0.037535126455238862
CodeBERT_partial_s2026,Win32,boundary,1,35,7.5950714389830836,7.651361877458096,192,4982,0.038538739462063432
CodeBERT_partial_s2026,Win32,boundary,1,36,7.651361877458096,7.7076523159331085,824,4982,0.16539542352468889
CodeBERT_partial_s2026,Win32,boundary,1,37,7.7076523159331085,7.7639427544081219,654,4982,0.13127258129265354
CodeBERT_partial_s2026,Win32,boundary,1,38,7.7639427544081219,7.8202331928831343,0,4982,0
CodeBERT_partial_s2026,Win32,boundary,1,39,7.8202331928831343,7.8765236313581468,0,4982,0
CodeBERT_partial_s2026,Win64,boundary,0,0,5.6265976183891304,5.6830179830354464,0,4953,0
CodeBERT_partial_s2026,Win64,boundary,0,1,5.6830179830354464,5.7394383476817614,1,4953,0.00020189783969311529
CodeBERT_partial_s2026,Win64,boundary,0,2,5.7394383476817614,5.7958587123280774,0,4953,0
CodeBERT_partial_s2026,Win64,boundary,0,3,5.7958587123280774,5.8522790769743924,6,4953,0.0012113870381586917
CodeBERT_partial_s2026,Win64,boundary,0,4,5.8522790769743924,5.9086994416207084,0,4953,0
CodeBERT_partial_s2026,Win64,boundary,0,5,5.9086994416207084,5.9651198062670234,1,4953,0.00020189783969311529
CodeBERT_partial_s2026,Win64,boundary,0,6,5.9651198062670234,6.0215401709133394,3,4953,0.00060569351907934583
CodeBERT_partial_s2026,Win64,boundary,0,7,6.0215401709133394,6.0779605355596544,3,4953,0.00060569351907934583
CodeBERT_partial_s2026,Win64,boundary,0,8,6.0779605355596544,6.1343809002059704,2,4953,0.00040379567938623057
CodeBERT_partial_s2026,Win64,boundary,0,9,6.1343809002059704,6.1908012648522863,1,4953,0.00020189783969311529
CodeBERT_partial_s2026,Win64,boundary,0,10,6.1908012648522863,6.2472216294986014,1,4953,0.00020189783969311529
CodeBERT_partial_s2026,Win64,boundary,0,11,6.2472216294986014,6.3036419941449164,2,4953,0.00040379567938623057
CodeBERT_partial_s2026,Win64,boundary,0,12,6.3036419941449164,6.3600623587912324,2,4953,0.00040379567938623057
CodeBERT_partial_s2026,Win64,boundary,0,13,6.3600623587912324,6.4164827234375483,1,4953,0.00020189783969311529
CodeBERT_partial_s2026,Win64,boundary,0,14,6.4164827234375483,6.4729030880838634,2,4953,0.00040379567938623057
CodeBERT_partial_s2026,Win64,boundary,0,15,6.4729030880838634,6.5293234527301793,1,4953,0.00020189783969311529
CodeBERT_partial_s2026,Win64,boundary,0,16,6.5293234527301793,6.5857438173764944,2,4953,0.00040379567938623057
CodeBERT_partial_s2026,Win64,boundary,0,17,6.5857438173764944,6.6421641820228103,3,4953,0.00060569351907934583
CodeBERT_partial_s2026,Win64,boundary,0,18,6.6421641820228103,6.6985845466691263,1,4953,0.00020189783969311529
CodeBERT_partial_s2026,Win64,boundary,0,19,6.6985845466691263,6.7550049113154413,2,4953,0.00040379567938623057
CodeBERT_partial_s2026,Win64,boundary,0,20,6.7550049113154413,6.8114252759617564,1,4953,0.00020189783969311529
CodeBERT_partial_s2026,Win64,boundary,0,21,6.8114252759617564,6.8678456406080723,1,4953,0.00020189783969311529
CodeBERT_partial_s2026,Win64,boundary,0,22,6.8678456406080723,6.9242660052543883,1,4953,0.00020189783969311529
CodeBERT_partial_s2026,Win64,boundary,0,23,6.9242660052543883,6.9806863699007033,1,4953,0.00020189783969311529
CodeBERT_partial_s2026,Win64,boundary,0,24,6.9806863699007033,7.0371067345470193,2,4953,0.00040379567938623057
CodeBERT_partial_s2026,Win64,boundary,0,25,7.0371067345470193,7.0935270991933344,4,4953,0.00080759135877246115
CodeBERT_partial_s2026,Win64,boundary,0,26,7.0935270991933344,7.1499474638396503,1,4953,0.00020189783969311529
CodeBERT_partial_s2026,Win64,boundary,0,27,7.1499474638396503,7.2063678284859654,2,4953,0.00040379567938623057
CodeBERT_partial_s2026,Win64,boundary,0,28,7.2063678284859654,7.2627881931322813,0,4953,0
CodeBERT_partial_s2026,Win64,boundary,0,29,7.2627881931322813,7.3192085577785964,1,4953,0.00020189783969311529
CodeBERT_partial_s2026,Win64,boundary,0,30,7.3192085577785964,7.3756289224249123,2,4953,0.00040379567938623057
CodeBERT_partial_s2026,Win64,boundary,0,31,7.3756289224249123,7.4320492870712282,4,4953,0.00080759135877246115
CodeBERT_partial_s2026,Win64,boundary,0,32,7.4320492870712282,7.4884696517175433,0,4953,0
CodeBERT_partial_s2026,Win64,boundary,0,33,7.4884696517175433,7.5448900163638584,1,4953,0.00020189783969311529
CodeBERT_partial_s2026,Win64,boundary,0,34,7.5448900163638584,7.6013103810101743,2,4953,0.00040379567938623057
CodeBERT_partial_s2026,Win64,boundary,0,35,7.6013103810101743,7.6577307456564903,2,4953,0.00040379567938623057
CodeBERT_partial_s2026,Win64,boundary,0,36,7.6577307456564903,7.7141511103028053,1,4953,0.00020189783969311529
CodeBERT_partial_s2026,Win64,boundary,0,37,7.7141511103028053,7.7705714749491213,0,4953,0
CodeBERT_partial_s2026,Win64,boundary,0,38,7.7705714749491213,7.8269918395954363,0,4953,0
CodeBERT_partial_s2026,Win64,boundary,0,39,7.8269918395954363,7.8834122042417523,0,4953,0
CodeBERT_partial_s2026,Win64,boundary,1,0,5.6265976183891304,5.6830179830354464,23,5047,0.0045571626708936002
CodeBERT_partial_s2026,Win64,boundary,1,1,5.6830179830354464,5.7394383476817614,11,5047,0.002179512581731722
CodeBERT_partial_s2026,Win64,boundary,1,2,5.7394383476817614,5.7958587123280774,19,5047,0.0037646126411729742
CodeBERT_partial_s2026,Win64,boundary,1,3,5.7958587123280774,5.8522790769743924,12,5047,0.0023776500891618782
CodeBERT_partial_s2026,Win64,boundary,1,4,5.8522790769743924,5.9086994416207084,22,5047,0.004359025163463444
CodeBERT_partial_s2026,Win64,boundary,1,5,5.9086994416207084,5.9651198062670234,17,5047,0.0033683376263126609
CodeBERT_partial_s2026,Win64,boundary,1,6,5.9651198062670234,6.0215401709133394,28,5047,0.0055478502080443829
CodeBERT_partial_s2026,Win64,boundary,1,7,6.0215401709133394,6.0779605355596544,16,5047,0.0031702001188825043
CodeBERT_partial_s2026,Win64,boundary,1,8,6.0779605355596544,6.1343809002059704,30,5047,0.0059441252229046962
CodeBERT_partial_s2026,Win64,boundary,1,9,6.1343809002059704,6.1908012648522863,28,5047,0.0055478502080443829
CodeBERT_partial_s2026,Win64,boundary,1,10,6.1908012648522863,6.2472216294986014,29,5047,0.0057459877154745391
CodeBERT_partial_s2026,Win64,boundary,1,11,6.2472216294986014,6.3036419941449164,23,5047,0.0045571626708936002
CodeBERT_partial_s2026,Win64,boundary,1,12,6.3036419941449164,6.3600623587912324,24,5047,0.0047553001783237564
CodeBERT_partial_s2026,Win64,boundary,1,13,6.3600623587912324,6.4164827234375483,36,5047,0.0071329502674856351
CodeBERT_partial_s2026,Win64,boundary,1,14,6.4164827234375483,6.4729030880838634,42,5047,0.008321775312066574
CodeBERT_partial_s2026,Win64,boundary,1,15,6.4729030880838634,6.5293234527301793,47,5047,0.0093124628492173567
CodeBERT_partial_s2026,Win64,boundary,1,16,6.5293234527301793,6.5857438173764944,47,5047,0.0093124628492173567
CodeBERT_partial_s2026,Win64,boundary,1,17,6.5857438173764944,6.6421641820228103,55,5047,0.01089756290865861
CodeBERT_partial_s2026,Win64,boundary,1,18,6.6421641820228103,6.6985845466691263,53,5047,0.010501287893798296
CodeBERT_partial_s2026,Win64,boundary,1,19,6.6985845466691263,6.7550049113154413,53,5047,0.010501287893798296
CodeBERT_partial_s2026,Win64,boundary,1,20,6.7550049113154413,6.8114252759617564,49,5047,0.0097087378640776691
CodeBERT_partial_s2026,Win64,boundary,1,21,6.8114252759617564,6.8678456406080723,52,5047,0.010303150386368139
CodeBERT_partial_s2026,Win64,boundary,1,22,6.8678456406080723,6.9242660052543883,77,5047,0.015256588072122053
CodeBERT_partial_s2026,Win64,boundary,1,23,6.9242660052543883,6.9806863699007033,67,5047,0.013275212997820487
CodeBERT_partial_s2026,Win64,boundary,1,24,6.9806863699007033,7.0371067345470193,76,5047,0.015058450564691897
CodeBERT_partial_s2026,Win64,boundary,1,25,7.0371067345470193,7.0935270991933344,126,5047,0.024965325936199722
CodeBERT_partial_s2026,Win64,boundary,1,26,7.0935270991933344,7.1499474638396503,141,5047,0.02793738854765207
CodeBERT_partial_s2026,Win64,boundary,1,27,7.1499474638396503,7.2063678284859654,170,5047,0.033683376263126612
CodeBERT_partial_s2026,Win64,boundary,1,28,7.2063678284859654,7.2627881931322813,160,5047,0.031702001188825046
CodeBERT_partial_s2026,Win64,boundary,1,29,7.2627881931322813,7.3192085577785964,179,5047,0.035466613829998016
CodeBERT_partial_s2026,Win64,boundary,1,30,7.3192085577785964,7.3756289224249123,220,5047,0.043590251634634439
CodeBERT_partial_s2026,Win64,boundary,1,31,7.3756289224249123,7.4320492870712282,226,5047,0.044779076679215372
CodeBERT_partial_s2026,Win64,boundary,1,32,7.4320492870712282,7.4884696517175433,196,5047,0.038834951456310676
CodeBERT_partial_s2026,Win64,boundary,1,33,7.4884696517175433,7.5448900163638584,321,5047,0.063602139885080247
CodeBERT_partial_s2026,Win64,boundary,1,34,7.5448900163638584,7.6013103810101743,614,5047,0.12165642956211611
CodeBERT_partial_s2026,Win64,boundary,1,35,7.6013103810101743,7.6577307456564903,552,5047,0.1093719041014464
CodeBERT_partial_s2026,Win64,boundary,1,36,7.6577307456564903,7.7141511103028053,338,5047,0.066970477511392901
CodeBERT_partial_s2026,Win64,boundary,1,37,7.7141511103028053,7.7705714749491213,45,5047,0.0089161878343570443
CodeBERT_partial_s2026,Win64,boundary,1,38,7.7705714749491213,7.8269918395954363,0,5047,0
CodeBERT_partial_s2026,Win64,boundary,1,39,7.8269918395954363,7.8834122042417523,0,5047,0
CodeBERT_partial_s2026,Dot_Net,boundary,0,0,5.4465007994651806,5.5073497522157444,1,4964,0.00020145044319097501
CodeBERT_partial_s2026,Dot_Net,boundary,0,1,5.5073497522157444,5.5681987049663082,5,4964,0.001007252215954875
CodeBERT_partial_s2026,Dot_Net,boundary,0,2,5.5681987049663082,5.6290476577168711,1,4964,0.00020145044319097501
CodeBERT_partial_s2026,Dot_Net,boundary,0,3,5.6290476577168711,5.6898966104674349,0,4964,0
CodeBERT_partial_s2026,Dot_Net,boundary,0,4,5.6898966104674349,5.7507455632179987,0,4964,0
CodeBERT_partial_s2026,Dot_Net,boundary,0,5,5.7507455632179987,5.8115945159685625,2,4964,0.00040290088638195002
CodeBERT_partial_s2026,Dot_Net,boundary,0,6,5.8115945159685625,5.8724434687191254,2,4964,0.00040290088638195002
CodeBERT_partial_s2026,Dot_Net,boundary,0,7,5.8724434687191254,5.9332924214696892,2,4964,0.00040290088638195002
CodeBERT_partial_s2026,Dot_Net,boundary,0,8,5.9332924214696892,5.9941413742202529,0,4964,0
CodeBERT_partial_s2026,Dot_Net,boundary,0,9,5.9941413742202529,6.0549903269708167,1,4964,0.00020145044319097501
CodeBERT_partial_s2026,Dot_Net,boundary,0,10,6.0549903269708167,6.1158392797213796,2,4964,0.00040290088638195002
CodeBERT_partial_s2026,Dot_Net,boundary,0,11,6.1158392797213796,6.1766882324719434,1,4964,0.00020145044319097501
CodeBERT_partial_s2026,Dot_Net,boundary,0,12,6.1766882324719434,6.2375371852225072,1,4964,0.00020145044319097501
CodeBERT_partial_s2026,Dot_Net,boundary,0,13,6.2375371852225072,6.298386137973071,1,4964,0.00020145044319097501
CodeBERT_partial_s2026,Dot_Net,boundary,0,14,6.298386137973071,6.3592350907236348,0,4964,0
CodeBERT_partial_s2026,Dot_Net,boundary,0,15,6.3592350907236348,6.4200840434741977,0,4964,0
CodeBERT_partial_s2026,Dot_Net,boundary,0,16,6.4200840434741977,6.4809329962247615,4,4964,0.00080580177276390005
CodeBERT_partial_s2026,Dot_Net,boundary,0,17,6.4809329962247615,6.5417819489753253,2,4964,0.00040290088638195002
CodeBERT_partial_s2026,Dot_Net,boundary,0,18,6.5417819489753253,6.6026309017258891,0,4964,0
CodeBERT_partial_s2026,Dot_Net,boundary,0,19,6.6026309017258891,6.6634798544764529,1,4964,0.00020145044319097501
CodeBERT_partial_s2026,Dot_Net,boundary,0,20,6.6634798544764529,6.7243288072270158,4,4964,0.00080580177276390005
CodeBERT_partial_s2026,Dot_Net,boundary,0,21,6.7243288072270158,6.7851777599775795,4,4964,0.00080580177276390005
CodeBERT_partial_s2026,Dot_Net,boundary,0,22,6.7851777599775795,6.8460267127281433,2,4964,0.00040290088638195002
CodeBERT_partial_s2026,Dot_Net,boundary,0,23,6.8460267127281433,6.9068756654787062,1,4964,0.00020145044319097501
CodeBERT_partial_s2026,Dot_Net,boundary,0,24,6.9068756654787062,6.96772461822927,0,4964,0
CodeBERT_partial_s2026,Dot_Net,boundary,0,25,6.96772461822927,7.0285735709798338,0,4964,0
CodeBERT_partial_s2026,Dot_Net,boundary,0,26,7.0285735709798338,7.0894225237303976,1,4964,0.00020145044319097501
CodeBERT_partial_s2026,Dot_Net,boundary,0,27,7.0894225237303976,7.1502714764809614,1,4964,0.00020145044319097501
CodeBERT_partial_s2026,Dot_Net,boundary,0,28,7.1502714764809614,7.2111204292315243,1,4964,0.00020145044319097501
CodeBERT_partial_s2026,Dot_Net,boundary,0,29,7.2111204292315243,7.2719693819820881,1,4964,0.00020145044319097501
CodeBERT_partial_s2026,Dot_Net,boundary,0,30,7.2719693819820881,7.3328183347326519,0,4964,0
CodeBERT_partial_s2026,Dot_Net,boundary,0,31,7.3328183347326519,7.3936672874832157,1,4964,0.00020145044319097501
CodeBERT_partial_s2026,Dot_Net,boundary,0,32,7.3936672874832157,7.4545162402337795,0,4964,0
CodeBERT_partial_s2026,Dot_Net,boundary,0,33,7.4545162402337795,7.5153651929843424,3,4964,0.00060435132957292509
CodeBERT_partial_s2026,Dot_Net,boundary,0,34,7.5153651929843424,7.5762141457349061,4,4964,0.00080580177276390005
CodeBERT_partial_s2026,Dot_Net,boundary,0,35,7.5762141457349061,7.6370630984854699,3,4964,0.00060435132957292509
CodeBERT_partial_s2026,Dot_Net,boundary,0,36,7.6370630984854699,7.6979120512360328,0,4964,0
CodeBERT_partial_s2026,Dot_Net,boundary,0,37,7.6979120512360328,7.7587610039865975,1,4964,0.00020145044319097501
CodeBERT_partial_s2026,Dot_Net,boundary,0,38,7.7587610039865975,7.8196099567371604,0,4964,0
CodeBERT_partial_s2026,Dot_Net,boundary,0,39,7.8196099567371604,7.8804589094877242,0,4964,0
CodeBERT_partial_s2026,Dot_Net,boundary,1,0,5.4465007994651806,5.5073497522157444,25,5036,0.0049642573471008738
CodeBERT_partial_s2026,Dot_Net,boundary,1,1,5.5073497522157444,5.5681987049663082,29,5036,0.0057585385226370132
CodeBERT_partial_s2026,Dot_Net,boundary,1,2,5.5681987049663082,5.6290476577168711,25,5036,0.0049642573471008738
CodeBERT_partial_s2026,Dot_Net,boundary,1,3,5.6290476577168711,5.6898966104674349,32,5036,0.006354249404289118
CodeBERT_partial_s2026,Dot_Net,boundary,1,4,5.6898966104674349,5.7507455632179987,24,5036,0.0047656870532168391
CodeBERT_partial_s2026,Dot_Net,boundary,1,5,5.7507455632179987,5.8115945159685625,28,5036,0.0055599682287529786
CodeBERT_partial_s2026,Dot_Net,boundary,1,6,5.8115945159685625,5.8724434687191254,28,5036,0.0055599682287529786
CodeBERT_partial_s2026,Dot_Net,boundary,1,7,5.8724434687191254,5.9332924214696892,32,5036,0.006354249404289118
CodeBERT_partial_s2026,Dot_Net,boundary,1,8,5.9332924214696892,5.9941413742202529,19,5036,0.0037728355837966642
CodeBERT_partial_s2026,Dot_Net,boundary,1,9,5.9941413742202529,6.0549903269708167,20,5036,0.0039714058776806989
CodeBERT_partial_s2026,Dot_Net,boundary,1,10,6.0549903269708167,6.1158392797213796,23,5036,0.0045671167593328036
CodeBERT_partial_s2026,Dot_Net,boundary,1,11,6.1158392797213796,6.1766882324719434,39,5036,0.0077442414614773631
CodeBERT_partial_s2026,Dot_Net,boundary,1,12,6.1766882324719434,6.2375371852225072,33,5036,0.0065528196981731535
CodeBERT_partial_s2026,Dot_Net,boundary,1,13,6.2375371852225072,6.298386137973071,39,5036,0.0077442414614773631
CodeBERT_partial_s2026,Dot_Net,boundary,1,14,6.298386137973071,6.3592350907236348,23,5036,0.0045671167593328036
CodeBERT_partial_s2026,Dot_Net,boundary,1,15,6.3592350907236348,6.4200840434741977,40,5036,0.0079428117553613977
CodeBERT_partial_s2026,Dot_Net,boundary,1,16,6.4200840434741977,6.4809329962247615,46,5036,0.0091342335186656073
CodeBERT_partial_s2026,Dot_Net,boundary,1,17,6.4809329962247615,6.5417819489753253,39,5036,0.0077442414614773631
CodeBERT_partial_s2026,Dot_Net,boundary,1,18,6.5417819489753253,6.6026309017258891,37,5036,0.0073471008737092929
CodeBERT_partial_s2026,Dot_Net,boundary,1,19,6.6026309017258891,6.6634798544764529,58,5036,0.011517077045274026
CodeBERT_partial_s2026,Dot_Net,boundary,1,20,6.6634798544764529,6.7243288072270158,41,5036,0.0081413820492454332
CodeBERT_partial_s2026,Dot_Net,boundary,1,21,6.7243288072270158,6.7851777599775795,52,5036,0.010325655281969817
CodeBERT_partial_s2026,Dot_Net,boundary,1,22,6.7851777599775795,6.8460267127281433,54,5036,0.010722795869737888
CodeBERT_partial_s2026,Dot_Net,boundary,1,23,6.8460267127281433,6.9068756654787062,62,5036,0.012311358220810167
CodeBERT_partial_s2026,Dot_Net,boundary,1,24,6.9068756654787062,6.96772461822927,82,5036,0.016282764098490866
CodeBERT_partial_s2026,Dot_Net,boundary,1,25,6.96772461822927,7.0285735709798338,81,5036,0.016084193804606829
CodeBERT_partial_s2026,Dot_Net,boundary,1,26,7.0285735709798338,7.0894225237303976,79,5036,0.015687053216838762
CodeBERT_partial_s2026,Dot_Net,boundary,1,27,7.0894225237303976,7.1502714764809614,89,5036,0.01767275615567911
CodeBERT_partial_s2026,Dot_Net,boundary,1,28,7.1502714764809614,7.2111204292315243,73,5036,0.014495631453534552
CodeBERT_partial_s2026,Dot_Net,boundary,1,29,7.2111204292315243,7.2719693819820881,107,5036,0.021247021445591738
CodeBERT_partial_s2026,Dot_Net,boundary,1,30,7.2719693819820881,7.3328183347326519,149,5036,0.029586973788721209
CodeBERT_partial_s2026,Dot_Net,boundary,1,31,7.3328183347326519,7.3936672874832157,195,5036,0.038721207307386818
CodeBERT_partial_s2026,Dot_Net,boundary,1,32,7.3936672874832157,7.4545162402337795,198,5036,0.039316918189038923
CodeBERT_partial_s2026,Dot_Net,boundary,1,33,7.4545162402337795,7.5153651929843424,240,5036,0.04765687053216839
CodeBERT_partial_s2026,Dot_Net,boundary,1,34,7.5153651929843424,7.5762141457349061,350,5036,0.069499602859412229
CodeBERT_partial_s2026,Dot_Net,boundary,1,35,7.5762141457349061,7.6370630984854699,551,5036,0.10941223193010326
CodeBERT_partial_s2026,Dot_Net,boundary,1,36,7.6370630984854699,7.6979120512360328,736,5036,0.14614773629864972
CodeBERT_partial_s2026,Dot_Net,boundary,1,37,7.6979120512360328,7.7587610039865975,193,5036,0.038324066719618743
CodeBERT_partial_s2026,Dot_Net,boundary,1,38,7.7587610039865975,7.8196099567371604,0,5036,0
CodeBERT_partial_s2026,Dot_Net,boundary,1,39,7.8196099567371604,7.8804589094877242,0,5036,0
CodeBERT_partial_s2027,Win32,full,0,0,-6.8010385036468506,-6.5618636250495914,1998,5018,0.39816660023913908
CodeBERT_partial_s2027,Win32,full,0,1,-6.5618636250495914,-6.3226887464523314,527,5018,0.10502192108409725
CodeBERT_partial_s2027,Win32,full,0,2,-6.3226887464523314,-6.0835138678550722,283,5018,0.056396970904742924
CodeBERT_partial_s2027,Win32,full,0,3,-6.0835138678550722,-5.8443389892578121,311,5018,0.061976883220406537
CodeBERT_partial_s2027,Win32,full,0,4,-5.8443389892578121,-5.605164110660553,308,5018,0.061379035472299719
CodeBERT_partial_s2027,Win32,full,0,5,-5.605164110660553,-5.3659892320632938,269,5018,0.053607014746911118
CodeBERT_partial_s2027,Win32,full,0,6,-5.3659892320632938,-5.1268143534660338,187,5018,0.037265842965324827
CodeBERT_partial_s2027,Win32,full,0,7,-5.1268143534660338,-4.8876394748687746,128,5018,0.025508170585890794
CodeBERT_partial_s2027,Win32,full,0,8,-4.8876394748687746,-4.6484645962715145,89,5018,0.017736149860502193
CodeBERT_partial_s2027,Win32,full,0,9,-4.6484645962715145,-4.4092897176742554,83,5018,0.016540454364288561
CodeBERT_partial_s2027,Win32,full,0,10,-4.4092897176742554,-4.1701148390769962,68,5018,0.013551215623754484
CodeBERT_partial_s2027,Win32,full,0,11,-4.1701148390769962,-3.9309399604797362,61,5018,0.012156237544838581
CodeBERT_partial_s2027,Win32,full,0,12,-3.9309399604797362,-3.6917650818824765,42,5018,0.0083698684734954173
CodeBERT_partial_s2027,Win32,full,0,13,-3.6917650818824765,-3.4525902032852174,76,5018,0.015145476285372659
CodeBERT_partial_s2027,Win32,full,0,14,-3.4525902032852174,-3.2134153246879578,73,5018,0.014547628537265843
CodeBERT_partial_s2027,Win32,full,0,15,-3.2134153246879578,-2.9742404460906982,37,5018,0.0073734555599840575
CodeBERT_partial_s2027,Win32,full,0,16,-2.9742404460906982,-2.7350655674934385,24,5018,0.0047827819848545233
CodeBERT_partial_s2027,Win32,full,0,17,-2.7350655674934385,-2.4958906888961794,34,5018,0.006775607811877242
CodeBERT_partial_s2027,Win32,full,0,18,-2.4958906888961794,-2.2567158102989193,18,5018,0.0035870864886408927
CodeBERT_partial_s2027,Win32,full,0,19,-2.2567158102989193,-2.0175409317016602,23,5018,0.004583499402152252
CodeBERT_partial_s2027,Win32,full,0,20,-2.0175409317016602,-1.7783660531044001,21,5018,0.0041849342367477086
CodeBERT_partial_s2027,Win32,full,0,21,-1.7783660531044001,-1.5391911745071409,13,5018,0.0025906735751295338
CodeBERT_partial_s2027,Win32,full,0,22,-1.5391911745071409,-1.3000162959098818,9,5018,0.0017935432443204463
CodeBERT_partial_s2027,Win32,full,0,23,-1.3000162959098818,-1.0608414173126217,5,5018,0.00099641291351135913
CodeBERT_partial_s2027,Win32,full,0,24,-1.0608414173126217,-0.82166653871536255,1,5018,0.00019928258270227183
CodeBERT_partial_s2027,Win32,full,0,25,-0.82166653871536255,-0.58249166011810249,7,5018,0.0013949780789159027
CodeBERT_partial_s2027,Win32,full,0,26,-0.58249166011810249,-0.34331678152084333,4,5018,0.00079713033080908732
CodeBERT_partial_s2027,Win32,full,0,27,-0.34331678152084333,-0.10414190292358416,3,5018,0.00059784774810681541
CodeBERT_partial_s2027,Win32,full,0,28,-0.10414190292358416,0.13503297567367589,3,5018,0.00059784774810681541
CodeBERT_partial_s2027,Win32,full,0,29,0.13503297567367589,0.37420785427093506,8,5018,0.0015942606616181746
CodeBERT_partial_s2027,Win32,full,0,30,0.37420785427093506,0.61338273286819511,2,5018,0.00039856516540454366
CodeBERT_partial_s2027,Win32,full,0,31,0.61338273286819511,0.85255761146545428,9,5018,0.0017935432443204463
CodeBERT_partial_s2027,Win32,full,0,32,0.85255761146545428,1.0917324900627134,19,5018,0.0037863690713431648
CodeBERT_partial_s2027,Win32,full,0,33,1.0917324900627134,1.3309073686599735,4,5018,0.00079713033080908732
CodeBERT_partial_s2027,Win32,full,0,34,1.3309073686599735,1.5700822472572327,6,5018,0.0011956954962136308
CodeBERT_partial_s2027,Win32,full,0,35,1.5700822472572327,1.8092571258544918,7,5018,0.0013949780789159027
CodeBERT_partial_s2027,Win32,full,0,36,1.8092571258544918,2.0484320044517528,10,5018,0.0019928258270227183
CodeBERT_partial_s2027,Win32,full,0,37,2.0484320044517528,2.2876068830490119,11,5018,0.00219210840972499
CodeBERT_partial_s2027,Win32,full,0,38,2.2876068830490119,2.5267817616462711,19,5018,0.0037863690713431648
CodeBERT_partial_s2027,Win32,full,0,39,2.5267817616462711,2.7659566402435303,9,5018,0.0017935432443204463
CodeBERT_partial_s2027,Win32,full,0,40,2.7659566402435303,3.0051315188407894,16,5018,0.0031885213232363493
CodeBERT_partial_s2027,Win32,full,0,41,3.0051315188407894,3.2443063974380504,13,5018,0.0025906735751295338
CodeBERT_partial_s2027,Win32,full,0,42,3.2443063974380504,3.4834812760353095,16,5018,0.0031885213232363493
CodeBERT_partial_s2027,Win32,full,0,43,3.4834812760353095,3.7226561546325687,17,5018,0.003387803905938621
CodeBERT_partial_s2027,Win32,full,0,44,3.7226561546325687,3.9618310332298279,13,5018,0.0025906735751295338
CodeBERT_partial_s2027,Win32,full,0,45,3.9618310332298279,4.201005911827087,7,5018,0.0013949780789159027
CodeBERT_partial_s2027,Win32,full,0,46,4.201005911827087,4.440180790424348,6,5018,0.0011956954962136308
CodeBERT_partial_s2027,Win32,full,0,47,4.440180790424348,4.6793556690216072,13,5018,0.0025906735751295338
CodeBERT_partial_s2027,Win32,full,0,48,4.6793556690216072,4.9185305476188663,15,5018,0.0029892387405340772
CodeBERT_partial_s2027,Win32,full,0,49,4.9185305476188663,5.1577054262161255,9,5018,0.0017935432443204463
CodeBERT_partial_s2027,Win32,full,0,50,5.1577054262161255,5.3968803048133847,8,5018,0.0015942606616181746
CodeBERT_partial_s2027,Win32,full,0,51,5.3968803048133847,5.6360551834106456,10,5018,0.0019928258270227183
CodeBERT_partial_s2027,Win32,full,0,52,5.6360551834106456,5.8752300620079048,14,5018,0.0027899561578318055
CodeBERT_partial_s2027,Win32,full,0,53,5.8752300620079048,6.1144049406051639,8,5018,0.0015942606616181746
CodeBERT_partial_s2027,Win32,full,0,54,6.1144049406051639,6.3535798192024231,13,5018,0.0025906735751295338
CodeBERT_partial_s2027,Win32,full,0,55,6.3535798192024231,6.5927546977996823,6,5018,0.0011956954962136308
CodeBERT_partial_s2027,Win32,full,0,56,6.5927546977996823,6.8319295763969432,14,5018,0.0027899561578318055
CodeBERT_partial_s2027,Win32,full,0,57,6.8319295763969432,7.0711044549942024,1,5018,0.00019928258270227183
CodeBERT_partial_s2027,Win32,full,0,58,7.0711044549942024,7.3102793335914615,8,5018,0.0015942606616181746
CodeBERT_partial_s2027,Win32,full,0,59,7.3102793335914615,7.5494542121887207,2,5018,0.00039856516540454366
CodeBERT_partial_s2027,Win32,full,1,0,-6.8010385036468506,-6.5618636250495914,0,4982,0
CodeBERT_partial_s2027,Win32,full,1,1,-6.5618636250495914,-6.3226887464523314,3,4982,0.00060216780409474112
CodeBERT_partial_s2027,Win32,full,1,2,-6.3226887464523314,-6.0835138678550722,6,4982,0.0012043356081894822
CodeBERT_partial_s2027,Win32,full,1,3,-6.0835138678550722,-5.8443389892578121,9,4982,0.0018065034122842231
CodeBERT_partial_s2027,Win32,full,1,4,-5.8443389892578121,-5.605164110660553,38,4982,0.0076274588518667205
CodeBERT_partial_s2027,Win32,full,1,5,-5.605164110660553,-5.3659892320632938,33,4982,0.0066238458450421514
CodeBERT_partial_s2027,Win32,full,1,6,-5.3659892320632938,-5.1268143534660338,28,4982,0.0056202328382175832
CodeBERT_partial_s2027,Win32,full,1,7,-5.1268143534660338,-4.8876394748687746,24,4982,0.0048173424327579289
CodeBERT_partial_s2027,Win32,full,1,8,-4.8876394748687746,-4.6484645962715145,25,4982,0.0050180650341228421
CodeBERT_partial_s2027,Win32,full,1,9,-4.6484645962715145,-4.4092897176742554,19,4982,0.0038137294259333603
CodeBERT_partial_s2027,Win32,full,1,10,-4.4092897176742554,-4.1701148390769962,17,4982,0.0034122842232035327
CodeBERT_partial_s2027,Win32,full,1,11,-4.1701148390769962,-3.9309399604797362,32,4982,0.0064231232436772383
CodeBERT_partial_s2027,Win32,full,1,12,-3.9309399604797362,-3.6917650818824765,29,4982,0.0058209554395824972
CodeBERT_partial_s2027,Win32,full,1,13,-3.6917650818824765,-3.4525902032852174,15,4982,0.0030108390204737052
CodeBERT_partial_s2027,Win32,full,1,14,-3.4525902032852174,-3.2134153246879578,25,4982,0.0050180650341228421
CodeBERT_partial_s2027,Win32,full,1,15,-3.2134153246879578,-2.9742404460906982,43,4982,0.0086310718586912888
CodeBERT_partial_s2027,Win32,full,1,16,-2.9742404460906982,-2.7350655674934385,24,4982,0.0048173424327579289
CodeBERT_partial_s2027,Win32,full,1,17,-2.7350655674934385,-2.4958906888961794,22,4982,0.004415897230028101
CodeBERT_partial_s2027,Win32,full,1,18,-2.4958906888961794,-2.2567158102989193,21,4982,0.0042151746286631878
CodeBERT_partial_s2027,Win32,full,1,19,-2.2567158102989193,-2.0175409317016602,19,4982,0.0038137294259333603
CodeBERT_partial_s2027,Win32,full,1,20,-2.0175409317016602,-1.7783660531044001,26,4982,0.0052187876354877561
CodeBERT_partial_s2027,Win32,full,1,21,-1.7783660531044001,-1.5391911745071409,14,4982,0.0028101164191087916
CodeBERT_partial_s2027,Win32,full,1,22,-1.5391911745071409,-1.3000162959098818,4,4982,0.00080289040545965479
CodeBERT_partial_s2027,Win32,full,1,23,-1.3000162959098818,-1.0608414173126217,5,4982,0.0010036130068245685
CodeBERT_partial_s2027,Win32,full,1,24,-1.0608414173126217,-0.82166653871536255,3,4982,0.00060216780409474112
CodeBERT_partial_s2027,Win32,full,1,25,-0.82166653871536255,-0.58249166011810249,6,4982,0.0012043356081894822
CodeBERT_partial_s2027,Win32,full,1,26,-0.58249166011810249,-0.34331678152084333,0,4982,0
CodeBERT_partial_s2027,Win32,full,1,27,-0.34331678152084333,-0.10414190292358416,4,4982,0.00080289040545965479
CodeBERT_partial_s2027,Win32,full,1,28,-0.10414190292358416,0.13503297567367589,2,4982,0.00040144520272982739
CodeBERT_partial_s2027,Win32,full,1,29,0.13503297567367589,0.37420785427093506,4,4982,0.00080289040545965479
CodeBERT_partial_s2027,Win32,full,1,30,0.37420785427093506,0.61338273286819511,2,4982,0.00040144520272982739
CodeBERT_partial_s2027,Win32,full,1,31,0.61338273286819511,0.85255761146545428,12,4982,0.0024086712163789645
CodeBERT_partial_s2027,Win32,full,1,32,0.85255761146545428,1.0917324900627134,87,4982,0.017462866318747491
CodeBERT_partial_s2027,Win32,full,1,33,1.0917324900627134,1.3309073686599735,16,4982,0.0032115616218386192
CodeBERT_partial_s2027,Win32,full,1,34,1.3309073686599735,1.5700822472572327,19,4982,0.0038137294259333603
CodeBERT_partial_s2027,Win32,full,1,35,1.5700822472572327,1.8092571258544918,23,4982,0.004616619831393015
CodeBERT_partial_s2027,Win32,full,1,36,1.8092571258544918,2.0484320044517528,23,4982,0.004616619831393015
CodeBERT_partial_s2027,Win32,full,1,37,2.0484320044517528,2.2876068830490119,32,4982,0.0064231232436772383
CodeBERT_partial_s2027,Win32,full,1,38,2.2876068830490119,2.5267817616462711,33,4982,0.0066238458450421514
CodeBERT_partial_s2027,Win32,full,1,39,2.5267817616462711,2.7659566402435303,46,4982,0.0092332396627860299
CodeBERT_partial_s2027,Win32,full,1,40,2.7659566402435303,3.0051315188407894,42,4982,0.0084303492573263757
CodeBERT_partial_s2027,Win32,full,1,41,3.0051315188407894,3.2443063974380504,32,4982,0.0064231232436772383
CodeBERT_partial_s2027,Win32,full,1,42,3.2443063974380504,3.4834812760353095,45,4982,0.0090325170614211168
CodeBERT_partial_s2027,Win32,full,1,43,3.4834812760353095,3.7226561546325687,37,4982,0.0074267362505018066
CodeBERT_partial_s2027,Win32,full,1,44,3.7226561546325687,3.9618310332298279,39,4982,0.0078281814532316345
CodeBERT_partial_s2027,Win32,full,1,45,3.9618310332298279,4.201005911827087,17,4982,0.0034122842232035327
CodeBERT_partial_s2027,Win32,full,1,46,4.201005911827087,4.440180790424348,35,4982,0.0070252910477719794
CodeBERT_partial_s2027,Win32,full,1,47,4.440180790424348,4.6793556690216072,41,4982,0.0082296266559614608
CodeBERT_partial_s2027,Win32,full,1,48,4.6793556690216072,4.9185305476188663,33,4982,0.0066238458450421514
CodeBERT_partial_s2027,Win32,full,1,49,4.9185305476188663,5.1577054262161255,58,4982,0.011641910879164994
CodeBERT_partial_s2027,Win32,full,1,50,5.1577054262161255,5.3968803048133847,50,4982,0.010036130068245684
CodeBERT_partial_s2027,Win32,full,1,51,5.3968803048133847,5.6360551834106456,69,4982,0.013849859494179044
CodeBERT_partial_s2027,Win32,full,1,52,5.6360551834106456,5.8752300620079048,73,4982,0.0146527498996387
CodeBERT_partial_s2027,Win32,full,1,53,5.8752300620079048,6.1144049406051639,74,4982,0.014853472501003613
CodeBERT_partial_s2027,Win32,full,1,54,6.1144049406051639,6.3535798192024231,89,4982,0.017864311521477317
CodeBERT_partial_s2027,Win32,full,1,55,6.3535798192024231,6.5927546977996823,145,4982,0.029104777197912483
CodeBERT_partial_s2027,Win32,full,1,56,6.5927546977996823,6.8319295763969432,171,4982,0.034323564833400239
CodeBERT_partial_s2027,Win32,full,1,57,6.8319295763969432,7.0711044549942024,343,4982,0.068847852268165394
CodeBERT_partial_s2027,Win32,full,1,58,7.0711044549942024,7.3102793335914615,501,4982,0.10056202328382176
CodeBERT_partial_s2027,Win32,full,1,59,7.3102793335914615,7.5494542121887207,2295,4982,0.4606583701324769
CodeBERT_partial_s2027,Win64,full,0,0,-6.7965459823608398,-6.5574607968330385,1851,4953,0.37371290127195639
CodeBERT_partial_s2027,Win64,full,0,1,-6.5574607968330385,-6.3183756113052372,856,4953,0.17282455077730668
CodeBERT_partial_s2027,Win64,full,0,2,-6.3183756113052372,-6.0792904257774349,377,4953,0.076115485564304461
CodeBERT_partial_s2027,Win64,full,0,3,-6.0792904257774349,-5.8402052402496336,334,4953,0.067433878457500498
CodeBERT_partial_s2027,Win64,full,0,4,-5.8402052402496336,-5.6011200547218323,402,4953,0.081162931556632345
CodeBERT_partial_s2027,Win64,full,0,5,-5.6011200547218323,-5.3620348691940309,249,4953,0.050272562083585708
CodeBERT_partial_s2027,Win64,full,0,6,-5.3620348691940309,-5.1229496836662296,150,4953,0.030284675953967291
CodeBERT_partial_s2027,Win64,full,0,7,-5.1229496836662296,-4.8838644981384274,87,4953,0.017565112053301031
CodeBERT_partial_s2027,Win64,full,0,8,-4.8838644981384274,-4.6447793126106269,74,4953,0.014940440137290531
CodeBERT_partial_s2027,Win64,full,0,9,-4.6447793126106269,-4.4056941270828247,56,4953,0.011306279022814456
CodeBERT_partial_s2027,Win64,full,0,10,-4.4056941270828247,-4.1666089415550234,40,4953,0.0080759135877246108
CodeBERT_partial_s2027,Win64,full,0,11,-4.1666089415550234,-3.927523756027222,54,4953,0.010902483343428226
CodeBERT_partial_s2027,Win64,full,0,12,-3.927523756027222,-3.6884385704994203,31,4953,0.0062588330304865734
CodeBERT_partial_s2027,Win64,full,0,13,-3.6884385704994203,-3.4493533849716189,29,4953,0.0058550373511003428
CodeBERT_partial_s2027,Win64,full,0,14,-3.4493533849716189,-3.2102681994438171,24,4953,0.0048455481526347667
CodeBERT_partial_s2027,Win64,full,0,15,-3.2102681994438171,-2.9711830139160158,22,4953,0.004441752473248536
CodeBERT_partial_s2027,Win64,full,0,16,-2.9711830139160158,-2.7320978283882145,20,4953,0.0040379567938623054
CodeBERT_partial_s2027,Win64,full,0,17,-2.7320978283882145,-2.4930126428604131,11,4953,0.002220876236624268
CodeBERT_partial_s2027,Win64,full,0,18,-2.4930126428604131,-2.2539274573326109,6,4953,0.0012113870381586917
CodeBERT_partial_s2027,Win64,full,0,19,-2.2539274573326109,-2.0148422718048096,6,4953,0.0012113870381586917
CodeBERT_partial_s2027,Win64,full,0,20,-2.0148422718048096,-1.7757570862770082,11,4953,0.002220876236624268
CodeBERT_partial_s2027,Win64,full,0,21,-1.7757570862770082,-1.5366719007492069,6,4953,0.0012113870381586917
CodeBERT_partial_s2027,Win64,full,0,22,-1.5366719007492069,-1.2975867152214056,1,4953,0.00020189783969311529
CodeBERT_partial_s2027,Win64,full,0,23,-1.2975867152214056,-1.0585015296936042,6,4953,0.0012113870381586917
CodeBERT_partial_s2027,Win64,full,0,24,-1.0585015296936042,-0.819416344165802,3,4953,0.00060569351907934583
CodeBERT_partial_s2027,Win64,full,0,25,-0.819416344165802,-0.58033115863800067,2,4953,0.00040379567938623057
CodeBERT_partial_s2027,Win64,full,0,26,-0.58033115863800067,-0.34124597311019933,1,4953,0.00020189783969311529
CodeBERT_partial_s2027,Win64,full,0,27,-0.34124597311019933,-0.10216078758239799,2,4953,0.00040379567938623057
CodeBERT_partial_s2027,Win64,full,0,28,-0.10216078758239799,0.13692439794540334,1,4953,0.00020189783969311529
CodeBERT_partial_s2027,Win64,full,0,29,0.13692439794540334,0.37600958347320557,1,4953,0.00020189783969311529
CodeBERT_partial_s2027,Win64,full,0,30,0.37600958347320557,0.6150947690010069,2,4953,0.00040379567938623057
CodeBERT_partial_s2027,Win64,full,0,31,0.6150947690010069,0.85417995452880824,3,4953,0.00060569351907934583
CodeBERT_partial_s2027,Win64,full,0,32,0.85417995452880824,1.0932651400566096,4,4953,0.00080759135877246115
CodeBERT_partial_s2027,Win64,full,0,33,1.0932651400566096,1.3323503255844109,2,4953,0.00040379567938623057
CodeBERT_partial_s2027,Win64,full,0,34,1.3323503255844109,1.5714355111122131,3,4953,0.00060569351907934583
CodeBERT_partial_s2027,Win64,full,0,35,1.5714355111122131,1.8105206966400136,3,4953,0.00060569351907934583
CodeBERT_partial_s2027,Win64,full,0,36,1.8105206966400136,2.0496058821678158,5,4953,0.0010094891984655764
CodeBERT_partial_s2027,Win64,full,0,37,2.0496058821678158,2.288691067695618,7,4953,0.001413284877851807
CodeBERT_partial_s2027,Win64,full,0,38,2.288691067695618,2.5277762532234185,12,4953,0.0024227740763173833
CodeBERT_partial_s2027,Win64,full,0,39,2.5277762532234185,2.7668614387512207,9,4953,0.0018170805572380376
CodeBERT_partial_s2027,Win64,full,0,40,2.7668614387512207,3.0059466242790212,12,4953,0.0024227740763173833
CodeBERT_partial_s2027,Win64,full,0,41,3.0059466242790212,3.2450318098068234,20,4953,0.0040379567938623054
CodeBERT_partial_s2027,Win64,full,0,42,3.2450318098068234,3.4841169953346256,13,4953,0.0026246719160104987
CodeBERT_partial_s2027,Win64,full,0,43,3.4841169953346256,3.723202180862426,7,4953,0.001413284877851807
CodeBERT_partial_s2027,Win64,full,0,44,3.723202180862426,3.9622873663902283,8,4953,0.0016151827175449223
CodeBERT_partial_s2027,Win64,full,0,45,3.9622873663902283,4.2013725519180287,9,4953,0.0018170805572380376
CodeBERT_partial_s2027,Win64,full,0,46,4.2013725519180287,4.4404577374458309,4,4953,0.00080759135877246115
CodeBERT_partial_s2027,Win64,full,0,47,4.4404577374458309,4.6795429229736314,7,4953,0.001413284877851807
CodeBERT_partial_s2027,Win64,full,0,48,4.6795429229736314,4.9186281085014336,4,4953,0.00080759135877246115
CodeBERT_partial_s2027,Win64,full,0,49,4.9186281085014336,5.1577132940292358,9,4953,0.0018170805572380376
CodeBERT_partial_s2027,Win64,full,0,50,5.1577132940292358,5.3967984795570363,8,4953,0.0016151827175449223
CodeBERT_partial_s2027,Win64,full,0,51,5.3967984795570363,5.6358836650848385,7,4953,0.001413284877851807
CodeBERT_partial_s2027,Win64,full,0,52,5.6358836650848385,5.874968850612639,20,4953,0.0040379567938623054
CodeBERT_partial_s2027,Win64,full,0,53,5.874968850612639,6.1140540361404412,11,4953,0.002220876236624268
CodeBERT_partial_s2027,Win64,full,0,54,6.1140540361404412,6.3531392216682434,7,4953,0.001413284877851807
CodeBERT_partial_s2027,Win64,full,0,55,6.3531392216682434,6.5922244071960439,10,4953,0.0020189783969311527
CodeBERT_partial_s2027,Win64,full,0,56,6.5922244071960439,6.8313095927238461,15,4953,0.0030284675953967293
CodeBERT_partial_s2027,Win64,full,0,57,6.8313095927238461,7.0703947782516465,6,4953,0.0012113870381586917
CodeBERT_partial_s2027,Win64,full,0,58,7.0703947782516465,7.3094799637794488,5,4953,0.0010094891984655764
CodeBERT_partial_s2027,Win64,full,0,59,7.3094799637794488,7.548565149307251,8,4953,0.0016151827175449223
CodeBERT_partial_s2027,Win64,full,1,0,-6.7965459823608398,-6.5574607968330385,12,5047,0.0023776500891618782
CodeBERT_partial_s2027,Win64,full,1,1,-6.5574607968330385,-6.3183756113052372,2,5047,0.00039627501486031304
CodeBERT_partial_s2027,Win64,full,1,2,-6.3183756113052372,-6.0792904257774349,6,5047,0.0011888250445809391
CodeBERT_partial_s2027,Win64,full,1,3,-6.0792904257774349,-5.8402052402496336,8,5047,0.0015851000594412521
CodeBERT_partial_s2027,Win64,full,1,4,-5.8402052402496336,-5.6011200547218323,32,5047,0.0063404002377650086
CodeBERT_partial_s2027,Win64,full,1,5,-5.6011200547218323,-5.3620348691940309,30,5047,0.0059441252229046962
CodeBERT_partial_s2027,Win64,full,1,6,-5.3620348691940309,-5.1229496836662296,28,5047,0.0055478502080443829
CodeBERT_partial_s2027,Win64,full,1,7,-5.1229496836662296,-4.8838644981384274,20,5047,0.0039627501486031308
CodeBERT_partial_s2027,Win64,full,1,8,-4.8838644981384274,-4.6447793126106269,21,5047,0.004160887656033287
CodeBERT_partial_s2027,Win64,full,1,9,-4.6447793126106269,-4.4056941270828247,12,5047,0.0023776500891618782
CodeBERT_partial_s2027,Win64,full,1,10,-4.4056941270828247,-4.1666089415550234,16,5047,0.0031702001188825043
CodeBERT_partial_s2027,Win64,full,1,11,-4.1666089415550234,-3.927523756027222,12,5047,0.0023776500891618782
CodeBERT_partial_s2027,Win64,full,1,12,-3.927523756027222,-3.6884385704994203,17,5047,0.0033683376263126609
CodeBERT_partial_s2027,Win64,full,1,13,-3.6884385704994203,-3.4493533849716189,11,5047,0.002179512581731722
CodeBERT_partial_s2027,Win64,full,1,14,-3.4493533849716189,-3.2102681994438171,17,5047,0.0033683376263126609
CodeBERT_partial_s2027,Win64,full,1,15,-3.2102681994438171,-2.9711830139160158,20,5047,0.0039627501486031308
CodeBERT_partial_s2027,Win64,full,1,16,-2.9711830139160158,-2.7320978283882145,20,5047,0.0039627501486031308
CodeBERT_partial_s2027,Win64,full,1,17,-2.7320978283882145,-2.4930126428604131,13,5047,0.0025757875965920348
CodeBERT_partial_s2027,Win64,full,1,18,-2.4930126428604131,-2.2539274573326109,17,5047,0.0033683376263126609
CodeBERT_partial_s2027,Win64,full,1,19,-2.2539274573326109,-2.0148422718048096,3,5047,0.00059441252229046955
CodeBERT_partial_s2027,Win64,full,1,20,-2.0148422718048096,-1.7757570862770082,11,5047,0.002179512581731722
CodeBERT_partial_s2027,Win64,full,1,21,-1.7757570862770082,-1.5366719007492069,5,5047,0.0009906875371507827
CodeBERT_partial_s2027,Win64,full,1,22,-1.5366719007492069,-1.2975867152214056,2,5047,0.00039627501486031304
CodeBERT_partial_s2027,Win64,full,1,23,-1.2975867152214056,-1.0585015296936042,5,5047,0.0009906875371507827
CodeBERT_partial_s2027,Win64,full,1,24,-1.0585015296936042,-0.819416344165802,0,5047,0
CodeBERT_partial_s2027,Win64,full,1,25,-0.819416344165802,-0.58033115863800067,1,5047,0.00019813750743015652
CodeBERT_partial_s2027,Win64,full,1,26,-0.58033115863800067,-0.34124597311019933,0,5047,0
CodeBERT_partial_s2027,Win64,full,1,27,-0.34124597311019933,-0.10216078758239799,2,5047,0.00039627501486031304
CodeBERT_partial_s2027,Win64,full,1,28,-0.10216078758239799,0.13692439794540334,0,5047,0
CodeBERT_partial_s2027,Win64,full,1,29,0.13692439794540334,0.37600958347320557,2,5047,0.00039627501486031304
CodeBERT_partial_s2027,Win64,full,1,30,0.37600958347320557,0.6150947690010069,2,5047,0.00039627501486031304
CodeBERT_partial_s2027,Win64,full,1,31,0.6150947690010069,0.85417995452880824,4,5047,0.00079255002972062607
CodeBERT_partial_s2027,Win64,full,1,32,0.85417995452880824,1.0932651400566096,6,5047,0.0011888250445809391
CodeBERT_partial_s2027,Win64,full,1,33,1.0932651400566096,1.3323503255844109,7,5047,0.0013869625520110957
CodeBERT_partial_s2027,Win64,full,1,34,1.3323503255844109,1.5714355111122131,17,5047,0.0033683376263126609
CodeBERT_partial_s2027,Win64,full,1,35,1.5714355111122131,1.8105206966400136,10,5047,0.0019813750743015654
CodeBERT_partial_s2027,Win64,full,1,36,1.8105206966400136,2.0496058821678158,5,5047,0.0009906875371507827
CodeBERT_partial_s2027,Win64,full,1,37,2.0496058821678158,2.288691067695618,9,5047,0.0017832375668714088
CodeBERT_partial_s2027,Win64,full,1,38,2.288691067695618,2.5277762532234185,21,5047,0.004160887656033287
CodeBERT_partial_s2027,Win64,full,1,39,2.5277762532234185,2.7668614387512207,38,5047,0.0075292252823459483
CodeBERT_partial_s2027,Win64,full,1,40,2.7668614387512207,3.0059466242790212,36,5047,0.0071329502674856351
CodeBERT_partial_s2027,Win64,full,1,41,3.0059466242790212,3.2450318098068234,37,5047,0.0073310877749157913
CodeBERT_partial_s2027,Win64,full,1,42,3.2450318098068234,3.4841169953346256,46,5047,0.0091143253417872005
CodeBERT_partial_s2027,Win64,full,1,43,3.4841169953346256,3.723202180862426,43,5047,0.0085199128194967302
CodeBERT_partial_s2027,Win64,full,1,44,3.723202180862426,3.9622873663902283,37,5047,0.0073310877749157913
CodeBERT_partial_s2027,Win64,full,1,45,3.9622873663902283,4.2013725519180287,43,5047,0.0085199128194967302
CodeBERT_partial_s2027,Win64,full,1,46,4.2013725519180287,4.4404577374458309,45,5047,0.0089161878343570443
CodeBERT_partial_s2027,Win64,full,1,47,4.4404577374458309,4.6795429229736314,62,5047,0.012284525460669705
CodeBERT_partial_s2027,Win64,full,1,48,4.6795429229736314,4.9186281085014336,81,5047,0.016049138101842678
CodeBERT_partial_s2027,Win64,full,1,49,4.9186281085014336,5.1577132940292358,93,5047,0.018426788191004559
CodeBERT_partial_s2027,Win64,full,1,50,5.1577132940292358,5.3967984795570363,112,5047,0.022191400832177532
CodeBERT_partial_s2027,Win64,full,1,51,5.3967984795570363,5.6358836650848385,116,5047,0.022983950861898157
CodeBERT_partial_s2027,Win64,full,1,52,5.6358836650848385,5.874968850612639,128,5047,0.025361600951060034
CodeBERT_partial_s2027,Win64,full,1,53,5.874968850612639,6.1140540361404412,173,5047,0.034277788785417082
CodeBERT_partial_s2027,Win64,full,1,54,6.1140540361404412,6.3531392216682434,169,5047,0.03348523875569645
CodeBERT_partial_s2027,Win64,full,1,55,6.3531392216682434,6.5922244071960439,210,5047,0.041608876560332873
CodeBERT_partial_s2027,Win64,full,1,56,6.5922244071960439,6.8313095927238461,270,5047,0.053497127006142266
CodeBERT_partial_s2027,Win64,full,1,57,6.8313095927238461,7.0703947782516465,358,5047,0.070933227659996032
CodeBERT_partial_s2027,Win64,full,1,58,7.0703947782516465,7.3094799637794488,950,5047,0.18823063205864871
CodeBERT_partial_s2027,Win64,full,1,59,7.3094799637794488,7.548565149307251,1574,5047,0.31186843669506636
CodeBERT_partial_s2027,Dot_Net,full,0,0,-6.8039557933807373,-6.5647637565930683,2236,4964,0.45044319097502017
CodeBERT_partial_s2027,Dot_Net,full,0,1,-6.5647637565930683,-6.3255717198053993,767,4964,0.15451248992747785
CodeBERT_partial_s2027,Dot_Net,full,0,2,-6.3255717198053993,-6.0863796830177304,388,4964,0.078162771958098301
CodeBERT_partial_s2027,Dot_Net,full,0,3,-6.0863796830177304,-5.8471876462300614,291,4964,0.058622078968573729
CodeBERT_partial_s2027,Dot_Net,full,0,4,-5.8471876462300614,-5.6079956094423924,274,4964,0.055197421434327154
CodeBERT_partial_s2027,Dot_Net,full,0,5,-5.6079956094423924,-5.3688035726547243,164,4964,0.033037872683319904
CodeBERT_partial_s2027,Dot_Net,full,0,6,-5.3688035726547243,-5.1296115358670553,106,4964,0.021353746978243351
CodeBERT_partial_s2027,Dot_Net,full,0,7,-5.1296115358670553,-4.8904194990793863,55,4964,0.011079774375503625
CodeBERT_partial_s2027,Dot_Net,full,0,8,-4.8904194990793863,-4.6512274622917174,48,4964,0.0096696212731668015
CodeBERT_partial_s2027,Dot_Net,full,0,9,-4.6512274622917174,-4.4120354255040484,46,4964,0.0092667203867848515
CodeBERT_partial_s2027,Dot_Net,full,0,10,-4.4120354255040484,-4.1728433887163803,38,4964,0.007655116841257051
CodeBERT_partial_s2027,Dot_Net,full,0,11,-4.1728433887163803,-3.9336513519287108,45,4964,0.0090652699435938757
CodeBERT_partial_s2027,Dot_Net,full,0,12,-3.9336513519287108,-3.6944593151410419,33,4964,0.0066478646253021753
CodeBERT_partial_s2027,Dot_Net,full,0,13,-3.6944593151410419,-3.4552672783533733,26,4964,0.0052377115229653506
CodeBERT_partial_s2027,Dot_Net,full,0,14,-3.4552672783533733,-3.2160752415657043,31,4964,0.0062449637389202254
CodeBERT_partial_s2027,Dot_Net,full,0,15,-3.2160752415657043,-2.9768832047780354,18,4964,0.0036261079774375505
CodeBERT_partial_s2027,Dot_Net,full,0,16,-2.9768832047780354,-2.7376911679903664,21,4964,0.0042304593070104759
CodeBERT_partial_s2027,Dot_Net,full,0,17,-2.7376911679903664,-2.4984991312026974,14,4964,0.0028203062046736503
CodeBERT_partial_s2027,Dot_Net,full,0,18,-2.4984991312026974,-2.2593070944150284,17,4964,0.0034246575342465752
CodeBERT_partial_s2027,Dot_Net,full,0,19,-2.2593070944150284,-2.0201150576273594,10,4964,0.00201450443190975
CodeBERT_partial_s2027,Dot_Net,full,0,20,-2.0201150576273594,-1.7809230208396913,3,4964,0.00060435132957292509
CodeBERT_partial_s2027,Dot_Net,full,0,21,-1.7809230208396913,-1.5417309840520224,10,4964,0.00201450443190975
CodeBERT_partial_s2027,Dot_Net,full,0,22,-1.5417309840520224,-1.3025389472643534,1,4964,0.00020145044319097501
CodeBERT_partial_s2027,Dot_Net,full,0,23,-1.3025389472643534,-1.0633469104766844,3,4964,0.00060435132957292509
CodeBERT_partial_s2027,Dot_Net,full,0,24,-1.0633469104766844,-0.82415487368901541,4,4964,0.00080580177276390005
CodeBERT_partial_s2027,Dot_Net,full,0,25,-0.82415487368901541,-0.58496283690134643,3,4964,0.00060435132957292509
CodeBERT_partial_s2027,Dot_Net,full,0,26,-0.58496283690134643,-0.34577080011367745,1,4964,0.00020145044319097501
CodeBERT_partial_s2027,Dot_Net,full,0,27,-0.34577080011367745,-0.10657876332600935,3,4964,0.00060435132957292509
CodeBERT_partial_s2027,Dot_Net,full,0,28,-0.10657876332600935,0.13261327346165963,2,4964,0.00040290088638195002
CodeBERT_partial_s2027,Dot_Net,full,0,29,0.13261327346165963,0.37180531024932861,4,4964,0.00080580177276390005
CodeBERT_partial_s2027,Dot_Net,full,0,30,0.37180531024932861,0.6109973470369976,1,4964,0.00020145044319097501
CodeBERT_partial_s2027,Dot_Net,full,0,31,0.6109973470369976,0.85018938382466658,4,4964,0.00080580177276390005
CodeBERT_partial_s2027,Dot_Net,full,0,32,0.85018938382466658,1.0893814206123356,3,4964,0.00060435132957292509
CodeBERT_partial_s2027,Dot_Net,full,0,33,1.0893814206123356,1.3285734574000045,5,4964,0.001007252215954875
CodeBERT_partial_s2027,Dot_Net,full,0,34,1.3285734574000045,1.5677654941876735,9,4964,0.0018130539887187753
CodeBERT_partial_s2027,Dot_Net,full,0,35,1.5677654941876735,1.8069575309753425,8,4964,0.0016116035455278001
CodeBERT_partial_s2027,Dot_Net,full,0,36,1.8069575309753425,2.0461495677630115,9,4964,0.0018130539887187753
CodeBERT_partial_s2027,Dot_Net,full,0,37,2.0461495677630115,2.2853416045506805,16,4964,0.0032232070910556002
CodeBERT_partial_s2027,Dot_Net,full,0,38,2.2853416045506805,2.5245336413383495,21,4964,0.0042304593070104759
CodeBERT_partial_s2027,Dot_Net,full,0,39,2.5245336413383495,2.7637256781260184,22,4964,0.0044319097502014508
CodeBERT_partial_s2027,Dot_Net,full,0,40,2.7637256781260184,3.0029177149136856,30,4964,0.0060435132957292505
CodeBERT_partial_s2027,Dot_Net,full,0,41,3.0029177149136856,3.2421097517013546,20,4964,0.0040290088638195
CodeBERT_partial_s2027,Dot_Net,full,0,42,3.2421097517013546,3.4813017884890236,12,4964,0.0024174053182917004
CodeBERT_partial_s2027,Dot_Net,full,0,43,3.4813017884890236,3.7204938252766926,6,4964,0.0012087026591458502
CodeBERT_partial_s2027,Dot_Net,full,0,44,3.7204938252766926,3.9596858620643616,11,4964,0.0022159548751007254
CodeBERT_partial_s2027,Dot_Net,full,0,45,3.9596858620643616,4.1988778988520306,7,4964,0.0014101531023368251
CodeBERT_partial_s2027,Dot_Net,full,0,46,4.1988778988520306,4.4380699356396995,13,4964,0.0026188557614826753
CodeBERT_partial_s2027,Dot_Net,full,0,47,4.4380699356396995,4.6772619724273685,6,4964,0.0012087026591458502
CodeBERT_partial_s2027,Dot_Net,full,0,48,4.6772619724273685,4.9164540092150375,10,4964,0.00201450443190975
CodeBERT_partial_s2027,Dot_Net,full,0,49,4.9164540092150375,5.1556460460027065,6,4964,0.0012087026591458502
CodeBERT_partial_s2027,Dot_Net,full,0,50,5.1556460460027065,5.3948380827903755,11,4964,0.0022159548751007254
CodeBERT_partial_s2027,Dot_Net,full,0,51,5.3948380827903755,5.6340301195780444,6,4964,0.0012087026591458502
CodeBERT_partial_s2027,Dot_Net,full,0,52,5.6340301195780444,5.8732221563657134,9,4964,0.0018130539887187753
CodeBERT_partial_s2027,Dot_Net,full,0,53,5.8732221563657134,6.1124141931533824,7,4964,0.0014101531023368251
CodeBERT_partial_s2027,Dot_Net,full,0,54,6.1124141931533824,6.3516062299410514,9,4964,0.0018130539887187753
CodeBERT_partial_s2027,Dot_Net,full,0,55,6.3516062299410514,6.5907982667287186,7,4964,0.0014101531023368251
CodeBERT_partial_s2027,Dot_Net,full,0,56,6.5907982667287186,6.8299903035163876,6,4964,0.0012087026591458502
CodeBERT_partial_s2027,Dot_Net,full,0,57,6.8299903035163876,7.0691823403040566,6,4964,0.0012087026591458502
CodeBERT_partial_s2027,Dot_Net,full,0,58,7.0691823403040566,7.3083743770917255,9,4964,0.0018130539887187753
CodeBERT_partial_s2027,Dot_Net,full,0,59,7.3083743770917255,7.5475664138793945,13,4964,0.0026188557614826753
CodeBERT_partial_s2027,Dot_Net,full,1,0,-6.8039557933807373,-6.5647637565930683,5,5036,0.00099285146942017471
CodeBERT_partial_s2027,Dot_Net,full,1,1,-6.5647637565930683,-6.3255717198053993,6,5036,0.0011914217633042098
CodeBERT_partial_s2027,Dot_Net,full,1,2,-6.3255717198053993,-6.0863796830177304,2,5036,0.00039714058776806987
CodeBERT_partial_s2027,Dot_Net,full,1,3,-6.0863796830177304,-5.8471876462300614,9,5036,0.0017871326449563146
CodeBERT_partial_s2027,Dot_Net,full,1,4,-5.8471876462300614,-5.6079956094423924,8,5036,0.0015885623510722795
CodeBERT_partial_s2027,Dot_Net,full,1,5,-5.6079956094423924,-5.3688035726547243,12,5036,0.0023828435266084196
CodeBERT_partial_s2027,Dot_Net,full,1,6,-5.3688035726547243,-5.1296115358670553,11,5036,0.0021842732327243845
CodeBERT_partial_s2027,Dot_Net,full,1,7,-5.1296115358670553,-4.8904194990793863,10,5036,0.0019857029388403494
CodeBERT_partial_s2027,Dot_Net,full,1,8,-4.8904194990793863,-4.6512274622917174,1,5036,0.00019857029388403494
CodeBERT_partial_s2027,Dot_Net,full,1,9,-4.6512274622917174,-4.4120354255040484,6,5036,0.0011914217633042098
CodeBERT_partial_s2027,Dot_Net,full,1,10,-4.4120354255040484,-4.1728433887163803,4,5036,0.00079428117553613975
CodeBERT_partial_s2027,Dot_Net,full,1,11,-4.1728433887163803,-3.9336513519287108,9,5036,0.0017871326449563146
CodeBERT_partial_s2027,Dot_Net,full,1,12,-3.9336513519287108,-3.6944593151410419,6,5036,0.0011914217633042098
CodeBERT_partial_s2027,Dot_Net,full,1,13,-3.6944593151410419,-3.4552672783533733,9,5036,0.0017871326449563146
CodeBERT_partial_s2027,Dot_Net,full,1,14,-3.4552672783533733,-3.2160752415657043,6,5036,0.0011914217633042098
CodeBERT_partial_s2027,Dot_Net,full,1,15,-3.2160752415657043,-2.9768832047780354,7,5036,0.0013899920571882446
CodeBERT_partial_s2027,Dot_Net,full,1,16,-2.9768832047780354,-2.7376911679903664,13,5036,0.0025814138204924542
CodeBERT_partial_s2027,Dot_Net,full,1,17,-2.7376911679903664,-2.4984991312026974,5,5036,0.00099285146942017471
CodeBERT_partial_s2027,Dot_Net,full,1,18,-2.4984991312026974,-2.2593070944150284,13,5036,0.0025814138204924542
CodeBERT_partial_s2027,Dot_Net,full,1,19,-2.2593070944150284,-2.0201150576273594,7,5036,0.0013899920571882446
CodeBERT_partial_s2027,Dot_Net,full,1,20,-2.0201150576273594,-1.7809230208396913,5,5036,0.00099285146942017471
CodeBERT_partial_s2027,Dot_Net,full,1,21,-1.7809230208396913,-1.5417309840520224,5,5036,0.00099285146942017471
CodeBERT_partial_s2027,Dot_Net,full,1,22,-1.5417309840520224,-1.3025389472643534,5,5036,0.00099285146942017471
CodeBERT_partial_s2027,Dot_Net,full,1,23,-1.3025389472643534,-1.0633469104766844,2,5036,0.00039714058776806987
CodeBERT_partial_s2027,Dot_Net,full,1,24,-1.0633469104766844,-0.82415487368901541,2,5036,0.00039714058776806987
CodeBERT_partial_s2027,Dot_Net,full,1,25,-0.82415487368901541,-0.58496283690134643,3,5036,0.00059571088165210489
CodeBERT_partial_s2027,Dot_Net,full,1,26,-0.58496283690134643,-0.34577080011367745,1,5036,0.00019857029388403494
CodeBERT_partial_s2027,Dot_Net,full,1,27,-0.34577080011367745,-0.10657876332600935,2,5036,0.00039714058776806987
CodeBERT_partial_s2027,Dot_Net,full,1,28,-0.10657876332600935,0.13261327346165963,1,5036,0.00019857029388403494
CodeBERT_partial_s2027,Dot_Net,full,1,29,0.13261327346165963,0.37180531024932861,1,5036,0.00019857029388403494
CodeBERT_partial_s2027,Dot_Net,full,1,30,0.37180531024932861,0.6109973470369976,2,5036,0.00039714058776806987
CodeBERT_partial_s2027,Dot_Net,full,1,31,0.6109973470369976,0.85018938382466658,2,5036,0.00039714058776806987
CodeBERT_partial_s2027,Dot_Net,full,1,32,0.85018938382466658,1.0893814206123356,9,5036,0.0017871326449563146
CodeBERT_partial_s2027,Dot_Net,full,1,33,1.0893814206123356,1.3285734574000045,6,5036,0.0011914217633042098
CodeBERT_partial_s2027,Dot_Net,full,1,34,1.3285734574000045,1.5677654941876735,8,5036,0.0015885623510722795
CodeBERT_partial_s2027,Dot_Net,full,1,35,1.5677654941876735,1.8069575309753425,9,5036,0.0017871326449563146
CodeBERT_partial_s2027,Dot_Net,full,1,36,1.8069575309753425,2.0461495677630115,14,5036,0.0027799841143764893
CodeBERT_partial_s2027,Dot_Net,full,1,37,2.0461495677630115,2.2853416045506805,27,5036,0.0053613979348689439
CodeBERT_partial_s2027,Dot_Net,full,1,38,2.2853416045506805,2.5245336413383495,39,5036,0.0077442414614773631
CodeBERT_partial_s2027,Dot_Net,full,1,39,2.5245336413383495,2.7637256781260184,39,5036,0.0077442414614773631
CodeBERT_partial_s2027,Dot_Net,full,1,40,2.7637256781260184,3.0029177149136856,40,5036,0.0079428117553613977
CodeBERT_partial_s2027,Dot_Net,full,1,41,3.0029177149136856,3.2421097517013546,42,5036,0.008339952343129467
CodeBERT_partial_s2027,Dot_Net,full,1,42,3.2421097517013546,3.4813017884890236,49,5036,0.0097299444003177121
CodeBERT_partial_s2027,Dot_Net,full,1,43,3.4813017884890236,3.7204938252766926,50,5036,0.0099285146942017476
CodeBERT_partial_s2027,Dot_Net,full,1,44,3.7204938252766926,3.9596858620643616,43,5036,0.0085385226370135025
CodeBERT_partial_s2027,Dot_Net,full,1,45,3.9596858620643616,4.1988778988520306,39,5036,0.0077442414614773631
CodeBERT_partial_s2027,Dot_Net,full,1,46,4.1988778988520306,4.4380699356396995,46,5036,0.0091342335186656073
CodeBERT_partial_s2027,Dot_Net,full,1,47,4.4380699356396995,4.6772619724273685,56,5036,0.011119936457505957
CodeBERT_partial_s2027,Dot_Net,full,1,48,4.6772619724273685,4.9164540092150375,53,5036,0.010524225575853852
CodeBERT_partial_s2027,Dot_Net,full,1,49,4.9164540092150375,5.1556460460027065,59,5036,0.011715647339158062
CodeBERT_partial_s2027,Dot_Net,full,1,50,5.1556460460027065,5.3948380827903755,76,5036,0.015091342335186657
CodeBERT_partial_s2027,Dot_Net,full,1,51,5.3948380827903755,5.6340301195780444,102,5036,0.020254169976171566
CodeBERT_partial_s2027,Dot_Net,full,1,52,5.6340301195780444,5.8732221563657134,90,5036,0.017871326449563147
CodeBERT_partial_s2027,Dot_Net,full,1,53,5.8732221563657134,6.1124141931533824,120,5036,0.023828435266084195
CodeBERT_partial_s2027,Dot_Net,full,1,54,6.1124141931533824,6.3516062299410514,134,5036,0.026608419380460682
CodeBERT_partial_s2027,Dot_Net,full,1,55,6.3516062299410514,6.5907982667287186,142,5036,0.028196981731532962
CodeBERT_partial_s2027,Dot_Net,full,1,56,6.5907982667287186,6.8299903035163876,200,5036,0.03971405877680699
CodeBERT_partial_s2027,Dot_Net,full,1,57,6.8299903035163876,7.0691823403040566,254,5036,0.050436854646544876
CodeBERT_partial_s2027,Dot_Net,full,1,58,7.0691823403040566,7.3083743770917255,524,5036,0.10405083399523431
CodeBERT_partial_s2027,Dot_Net,full,1,59,7.3083743770917255,7.5475664138793945,2586,5036,0.51350277998411442
CodeBERT_partial_s2027,Win32,boundary,0,0,5.5676930149078379,5.6208133552742012,2,5018,0.00039856516540454366
CodeBERT_partial_s2027,Win32,boundary,0,1,5.6208133552742012,5.6739336956405646,2,5018,0.00039856516540454366
CodeBERT_partial_s2027,Win32,boundary,0,2,5.6739336956405646,5.727054036006928,2,5018,0.00039856516540454366
CodeBERT_partial_s2027,Win32,boundary,0,3,5.727054036006928,5.7801743763732922,6,5018,0.0011956954962136308
CodeBERT_partial_s2027,Win32,boundary,0,4,5.7801743763732922,5.8332947167396556,4,5018,0.00079713033080908732
CodeBERT_partial_s2027,Win32,boundary,0,5,5.8332947167396556,5.886415057106019,2,5018,0.00039856516540454366
CodeBERT_partial_s2027,Win32,boundary,0,6,5.886415057106019,5.9395353974723823,3,5018,0.00059784774810681541
CodeBERT_partial_s2027,Win32,boundary,0,7,5.9395353974723823,5.9926557378387457,1,5018,0.00019928258270227183
CodeBERT_partial_s2027,Win32,boundary,0,8,5.9926557378387457,6.0457760782051091,0,5018,0
CodeBERT_partial_s2027,Win32,boundary,0,9,6.0457760782051091,6.0988964185714725,3,5018,0.00059784774810681541
CodeBERT_partial_s2027,Win32,boundary,0,10,6.0988964185714725,6.1520167589378367,2,5018,0.00039856516540454366
CodeBERT_partial_s2027,Win32,boundary,0,11,6.1520167589378367,6.2051370993042001,2,5018,0.00039856516540454366
CodeBERT_partial_s2027,Win32,boundary,0,12,6.2051370993042001,6.2582574396705635,2,5018,0.00039856516540454366
CodeBERT_partial_s2027,Win32,boundary,0,13,6.2582574396705635,6.3113777800369268,5,5018,0.00099641291351135913
CodeBERT_partial_s2027,Win32,boundary,0,14,6.3113777800369268,6.3644981204032902,2,5018,0.00039856516540454366
CodeBERT_partial_s2027,Win32,boundary,0,15,6.3644981204032902,6.4176184607696536,0,5018,0
CodeBERT_partial_s2027,Win32,boundary,0,16,6.4176184607696536,6.470738801136017,3,5018,0.00059784774810681541
CodeBERT_partial_s2027,Win32,boundary,0,17,6.470738801136017,6.5238591415023812,0,5018,0
CodeBERT_partial_s2027,Win32,boundary,0,18,6.5238591415023812,6.5769794818687446,3,5018,0.00059784774810681541
CodeBERT_partial_s2027,Win32,boundary,0,19,6.5769794818687446,6.630099822235108,2,5018,0.00039856516540454366
CodeBERT_partial_s2027,Win32,boundary,0,20,6.630099822235108,6.6832201626014713,2,5018,0.00039856516540454366
CodeBERT_partial_s2027,Win32,boundary,0,21,6.6832201626014713,6.7363405029678347,6,5018,0.0011956954962136308
CodeBERT_partial_s2027,Win32,boundary,0,22,6.7363405029678347,6.789460843334199,3,5018,0.00059784774810681541
CodeBERT_partial_s2027,Win32,boundary,0,23,6.789460843334199,6.8425811837005615,1,5018,0.00019928258270227183
CodeBERT_partial_s2027,Win32,boundary,0,24,6.8425811837005615,6.8957015240669257,1,5018,0.00019928258270227183
CodeBERT_partial_s2027,Win32,boundary,0,25,6.8957015240669257,6.9488218644332891,0,5018,0
CodeBERT_partial_s2027,Win32,boundary,0,26,6.9488218644332891,7.0019422047996525,0,5018,0
CodeBERT_partial_s2027,Win32,boundary,0,27,7.0019422047996525,7.0550625451660158,0,5018,0
CodeBERT_partial_s2027,Win32,boundary,0,28,7.0550625451660158,7.1081828855323792,1,5018,0.00019928258270227183
CodeBERT_partial_s2027,Win32,boundary,0,29,7.1081828855323792,7.1613032258987435,3,5018,0.00059784774810681541
CodeBERT_partial_s2027,Win32,boundary,0,30,7.1613032258987435,7.2144235662651059,2,5018,0.00039856516540454366
CodeBERT_partial_s2027,Win32,boundary,0,31,7.2144235662651059,7.2675439066314702,1,5018,0.00019928258270227183
CodeBERT_partial_s2027,Win32,boundary,0,32,7.2675439066314702,7.3206642469978336,1,5018,0.00019928258270227183
CodeBERT_partial_s2027,Win32,boundary,0,33,7.3206642469978336,7.373784587364197,2,5018,0.00039856516540454366
CodeBERT_partial_s2027,Win32,boundary,0,34,7.373784587364197,7.4269049277305603,0,5018,0
CodeBERT_partial_s2027,Win32,boundary,0,35,7.4269049277305603,7.4800252680969237,0,5018,0
CodeBERT_partial_s2027,Win32,boundary,0,36,7.4800252680969237,7.533145608463288,0,5018,0
CodeBERT_partial_s2027,Win32,boundary,0,37,7.533145608463288,7.5862659488296504,0,5018,0
CodeBERT_partial_s2027,Win32,boundary,0,38,7.5862659488296504,7.6393862891960147,0,5018,0
CodeBERT_partial_s2027,Win32,boundary,0,39,7.6393862891960147,7.6925066295623781,0,5018,0
CodeBERT_partial_s2027,Win32,boundary,1,0,5.5676930149078379,5.6208133552742012,20,4982,0.0040144520272982738
CodeBERT_partial_s2027,Win32,boundary,1,1,5.6208133552742012,5.6739336956405646,13,4982,0.002609393817743878
CodeBERT_partial_s2027,Win32,boundary,1,2,5.6739336956405646,5.727054036006928,12,4982,0.0024086712163789645
CodeBERT_partial_s2027,Win32,boundary,1,3,5.727054036006928,5.7801743763732922,19,4982,0.0038137294259333603
CodeBERT_partial_s2027,Win32,boundary,1,4,5.7801743763732922,5.8332947167396556,19,4982,0.0038137294259333603
CodeBERT_partial_s2027,Win32,boundary,1,5,5.8332947167396556,5.886415057106019,16,4982,0.0032115616218386192
CodeBERT_partial_s2027,Win32,boundary,1,6,5.886415057106019,5.9395353974723823,11,4982,0.0022079486150140505
CodeBERT_partial_s2027,Win32,boundary,1,7,5.9395353974723823,5.9926557378387457,13,4982,0.002609393817743878
CodeBERT_partial_s2027,Win32,boundary,1,8,5.9926557378387457,6.0457760782051091,17,4982,0.0034122842232035327
CodeBERT_partial_s2027,Win32,boundary,1,9,6.0457760782051091,6.0988964185714725,24,4982,0.0048173424327579289
CodeBERT_partial_s2027,Win32,boundary,1,10,6.0988964185714725,6.1520167589378367,18,4982,0.0036130068245684463
CodeBERT_partial_s2027,Win32,boundary,1,11,6.1520167589378367,6.2051370993042001,24,4982,0.0048173424327579289
CodeBERT_partial_s2027,Win32,boundary,1,12,6.2051370993042001,6.2582574396705635,19,4982,0.0038137294259333603
CodeBERT_partial_s2027,Win32,boundary,1,13,6.2582574396705635,6.3113777800369268,21,4982,0.0042151746286631878
CodeBERT_partial_s2027,Win32,boundary,1,14,6.3113777800369268,6.3644981204032902,16,4982,0.0032115616218386192
CodeBERT_partial_s2027,Win32,boundary,1,15,6.3644981204032902,6.4176184607696536,30,4982,0.0060216780409474103
CodeBERT_partial_s2027,Win32,boundary,1,16,6.4176184607696536,6.470738801136017,30,4982,0.0060216780409474103
CodeBERT_partial_s2027,Win32,boundary,1,17,6.470738801136017,6.5238591415023812,27,4982,0.0054195102368526692
CodeBERT_partial_s2027,Win32,boundary,1,18,6.5238591415023812,6.5769794818687446,49,4982,0.009835407466880771
CodeBERT_partial_s2027,Win32,boundary,1,19,6.5769794818687446,6.630099822235108,30,4982,0.0060216780409474103
CodeBERT_partial_s2027,Win32,boundary,1,20,6.630099822235108,6.6832201626014713,30,4982,0.0060216780409474103
CodeBERT_partial_s2027,Win32,boundary,1,21,6.6832201626014713,6.7363405029678347,40,4982,0.0080289040545965477
CodeBERT_partial_s2027,Win32,boundary,1,22,6.7363405029678347,6.789460843334199,43,4982,0.0086310718586912888
CodeBERT_partial_s2027,Win32,boundary,1,23,6.789460843334199,6.8425811837005615,41,4982,0.0082296266559614608
CodeBERT_partial_s2027,Win32,boundary,1,24,6.8425811837005615,6.8957015240669257,43,4982,0.0086310718586912888
CodeBERT_partial_s2027,Win32,boundary,1,25,6.8957015240669257,6.9488218644332891,70,4982,0.014050582095543959
CodeBERT_partial_s2027,Win32,boundary,1,26,6.9488218644332891,7.0019422047996525,84,4982,0.016860698514652751
CodeBERT_partial_s2027,Win32,boundary,1,27,7.0019422047996525,7.0550625451660158,95,4982,0.019068647129666799
CodeBERT_partial_s2027,Win32,boundary,1,28,7.0550625451660158,7.1081828855323792,131,4982,0.026294660778803693
CodeBERT_partial_s2027,Win32,boundary,1,29,7.1081828855323792,7.1613032258987435,121,4982,0.024287434765154558
CodeBERT_partial_s2027,Win32,boundary,1,30,7.1613032258987435,7.2144235662651059,113,4982,0.022681653954235246
CodeBERT_partial_s2027,Win32,boundary,1,31,7.2144235662651059,7.2675439066314702,100,4982,0.020072260136491368
CodeBERT_partial_s2027,Win32,boundary,1,32,7.2675439066314702,7.3206642469978336,104,4982,0.020875150541951024
CodeBERT_partial_s2027,Win32,boundary,1,33,7.3206642469978336,7.373784587364197,216,4982,0.043356081894821354
CodeBERT_partial_s2027,Win32,boundary,1,34,7.373784587364197,7.4269049277305603,254,4982,0.05098354074668808
CodeBERT_partial_s2027,Win32,boundary,1,35,7.4269049277305603,7.4800252680969237,228,4982,0.045764753111200318
CodeBERT_partial_s2027,Win32,boundary,1,36,7.4800252680969237,7.533145608463288,443,4982,0.088920112404656762
CodeBERT_partial_s2027,Win32,boundary,1,37,7.533145608463288,7.5862659488296504,1130,4982,0.22681653954235248
CodeBERT_partial_s2027,Win32,boundary,1,38,7.5862659488296504,7.6393862891960147,0,4982,0
CodeBERT_partial_s2027,Win32,boundary,1,39,7.6393862891960147,7.6925066295623781,0,4982,0
CodeBERT_partial_s2027,Win64,boundary,0,0,5.57032977628708,5.6233564777940526,2,4953,0.00040379567938623057
CodeBERT_partial_s2027,Win64,boundary,0,1,5.6233564777940526,5.6763831793010242,5,4953,0.0010094891984655764
CodeBERT_partial_s2027,Win64,boundary,0,2,5.6763831793010242,5.7294098808079967,7,4953,0.001413284877851807
CodeBERT_partial_s2027,Win64,boundary,0,3,5.7294098808079967,5.7824365823149693,4,4953,0.00080759135877246115
CodeBERT_partial_s2027,Win64,boundary,0,4,5.7824365823149693,5.8354632838219418,2,4953,0.00040379567938623057
CodeBERT_partial_s2027,Win64,boundary,0,5,5.8354632838219418,5.8884899853289134,2,4953,0.00040379567938623057
CodeBERT_partial_s2027,Win64,boundary,0,6,5.8884899853289134,5.941516686835886,2,4953,0.00040379567938623057
CodeBERT_partial_s2027,Win64,boundary,0,7,5.941516686835886,5.9945433883428585,1,4953,0.00020189783969311529
CodeBERT_partial_s2027,Win64,boundary,0,8,5.9945433883428585,6.047570089849831,4,4953,0.00080759135877246115
CodeBERT_partial_s2027,Win64,boundary,0,9,6.047570089849831,6.1005967913568027,3,4953,0.00060569351907934583
CodeBERT_partial_s2027,Win64,boundary,0,10,6.1005967913568027,6.1536234928637752,1,4953,0.00020189783969311529
CodeBERT_partial_s2027,Win64,boundary,0,11,6.1536234928637752,6.2066501943707477,3,4953,0.00060569351907934583
CodeBERT_partial_s2027,Win64,boundary,0,12,6.2066501943707477,6.2596768958777194,1,4953,0.00020189783969311529
CodeBERT_partial_s2027,Win64,boundary,0,13,6.2596768958777194,6.3127035973846919,3,4953,0.00060569351907934583
CodeBERT_partial_s2027,Win64,boundary,0,14,6.3127035973846919,6.3657302988916644,1,4953,0.00020189783969311529
CodeBERT_partial_s2027,Win64,boundary,0,15,6.3657302988916644,6.4187570003986369,0,4953,0
CodeBERT_partial_s2027,Win64,boundary,0,16,6.4187570003986369,6.4717837019056086,2,4953,0.00040379567938623057
CodeBERT_partial_s2027,Win64,boundary,0,17,6.4717837019056086,6.5248104034125811,1,4953,0.00020189783969311529
CodeBERT_partial_s2027,Win64,boundary,0,18,6.5248104034125811,6.5778371049195536,4,4953,0.00080759135877246115
CodeBERT_partial_s2027,Win64,boundary,0,19,6.5778371049195536,6.6308638064265253,4,4953,0.00080759135877246115
CodeBERT_partial_s2027,Win64,boundary,0,20,6.6308638064265253,6.6838905079334978,1,4953,0.00020189783969311529
CodeBERT_partial_s2027,Win64,boundary,0,21,6.6838905079334978,6.7369172094404703,4,4953,0.00080759135877246115
CodeBERT_partial_s2027,Win64,boundary,0,22,6.7369172094404703,6.7899439109474429,6,4953,0.0012113870381586917
CodeBERT_partial_s2027,Win64,boundary,0,23,6.7899439109474429,6.8429706124544154,3,4953,0.00060569351907934583
CodeBERT_partial_s2027,Win64,boundary,0,24,6.8429706124544154,6.895997313961387,1,4953,0.00020189783969311529
CodeBERT_partial_s2027,Win64,boundary,0,25,6.895997313961387,6.9490240154683596,1,4953,0.00020189783969311529
CodeBERT_partial_s2027,Win64,boundary,0,26,6.9490240154683596,7.0020507169753312,2,4953,0.00040379567938623057
CodeBERT_partial_s2027,Win64,boundary,0,27,7.0020507169753312,7.0550774184823037,1,4953,0.00020189783969311529
CodeBERT_partial_s2027,Win64,boundary,0,28,7.0550774184823037,7.1081041199892763,0,4953,0
CodeBERT_partial_s2027,Win64,boundary,0,29,7.1081041199892763,7.1611308214962488,3,4953,0.00060569351907934583
CodeBERT_partial_s2027,Win64,boundary,0,30,7.1611308214962488,7.2141575230032213,0,4953,0
CodeBERT_partial_s2027,Win64,boundary,0,31,7.2141575230032213,7.267184224510193,0,4953,0
CodeBERT_partial_s2027,Win64,boundary,0,32,7.267184224510193,7.3202109260171655,3,4953,0.00060569351907934583
CodeBERT_partial_s2027,Win64,boundary,0,33,7.3202109260171655,7.373237627524138,2,4953,0.00040379567938623057
CodeBERT_partial_s2027,Win64,boundary,0,34,7.373237627524138,7.4262643290311097,1,4953,0.00020189783969311529
CodeBERT_partial_s2027,Win64,boundary,0,35,7.4262643290311097,7.4792910305380822,2,4953,0.00040379567938623057
CodeBERT_partial_s2027,Win64,boundary,0,36,7.4792910305380822,7.5323177320450547,2,4953,0.00040379567938623057
CodeBERT_partial_s2027,Win64,boundary,0,37,7.5323177320450547,7.5853444335520273,0,4953,0
CodeBERT_partial_s2027,Win64,boundary,0,38,7.5853444335520273,7.6383711350589998,0,4953,0
CodeBERT_partial_s2027,Win64,boundary,0,39,7.6383711350589998,7.6913978365659714,0,4953,0
CodeBERT_partial_s2027,Win64,boundary,1,0,5.57032977628708,5.6233564777940526,31,5047,0.0061422627303348524
CodeBERT_partial_s2027,Win64,boundary,1,1,5.6233564777940526,5.6763831793010242,29,5047,0.0057459877154745391
CodeBERT_partial_s2027,Win64,boundary,1,2,5.6763831793010242,5.7294098808079967,23,5047,0.0045571626708936002
CodeBERT_partial_s2027,Win64,boundary,1,3,5.7294098808079967,5.7824365823149693,37,5047,0.0073310877749157913
CodeBERT_partial_s2027,Win64,boundary,1,4,5.7824365823149693,5.8354632838219418,27,5047,0.0053497127006142259
CodeBERT_partial_s2027,Win64,boundary,1,5,5.8354632838219418,5.8884899853289134,35,5047,0.0069348127600554789
CodeBERT_partial_s2027,Win64,boundary,1,6,5.8884899853289134,5.941516686835886,23,5047,0.0045571626708936002
CodeBERT_partial_s2027,Win64,boundary,1,7,5.941516686835886,5.9945433883428585,47,5047,0.0093124628492173567
CodeBERT_partial_s2027,Win64,boundary,1,8,5.9945433883428585,6.047570089849831,44,5047,0.0087180503269268881
CodeBERT_partial_s2027,Win64,boundary,1,9,6.047570089849831,6.1005967913568027,35,5047,0.0069348127600554789
CodeBERT_partial_s2027,Win64,boundary,1,10,6.1005967913568027,6.1536234928637752,36,5047,0.0071329502674856351
CodeBERT_partial_s2027,Win64,boundary,1,11,6.1536234928637752,6.2066501943707477,32,5047,0.0063404002377650086
CodeBERT_partial_s2027,Win64,boundary,1,12,6.2066501943707477,6.2596768958777194,32,5047,0.0063404002377650086
CodeBERT_partial_s2027,Win64,boundary,1,13,6.2596768958777194,6.3127035973846919,47,5047,0.0093124628492173567
CodeBERT_partial_s2027,Win64,boundary,1,14,6.3127035973846919,6.3657302988916644,37,5047,0.0073310877749157913
CodeBERT_partial_s2027,Win64,boundary,1,15,6.3657302988916644,6.4187570003986369,40,5047,0.0079255002972062616
CodeBERT_partial_s2027,Win64,boundary,1,16,6.4187570003986369,6.4717837019056086,54,5047,0.010699425401228452
CodeBERT_partial_s2027,Win64,boundary,1,17,6.4717837019056086,6.5248104034125811,50,5047,0.009906875371507827
CodeBERT_partial_s2027,Win64,boundary,1,18,6.5248104034125811,6.5778371049195536,42,5047,0.008321775312066574
CodeBERT_partial_s2027,Win64,boundary,1,19,6.5778371049195536,6.6308638064265253,57,5047,0.011293837923518922
CodeBERT_partial_s2027,Win64,boundary,1,20,6.6308638064265253,6.6838905079334978,53,5047,0.010501287893798296
CodeBERT_partial_s2027,Win64,boundary,1,21,6.6838905079334978,6.7369172094404703,58,5047,0.011491975430949078
CodeBERT_partial_s2027,Win64,boundary,1,22,6.7369172094404703,6.7899439109474429,74,5047,0.014662175549831583
CodeBERT_partial_s2027,Win64,boundary,1,23,6.7899439109474429,6.8429706124544154,58,5047,0.011491975430949078
CodeBERT_partial_s2027,Win64,boundary,1,24,6.8429706124544154,6.895997313961387,68,5047,0.013473350505250644
CodeBERT_partial_s2027,Win64,boundary,1,25,6.895997313961387,6.9490240154683596,73,5047,0.014464038042401426
CodeBERT_partial_s2027,Win64,boundary,1,26,6.9490240154683596,7.0020507169753312,85,5047,0.016841688131563306
CodeBERT_partial_s2027,Win64,boundary,1,27,7.0020507169753312,7.0550774184823037,88,5047,0.017436100653853776
CodeBERT_partial_s2027,Win64,boundary,1,28,7.0550774184823037,7.1081041199892763,117,5047,0.023182088369328314
CodeBERT_partial_s2027,Win64,boundary,1,29,7.1081041199892763,7.1611308214962488,191,5047,0.037844263919159897
CodeBERT_partial_s2027,Win64,boundary,1,30,7.1611308214962488,7.2141575230032213,262,5047,0.051912026946701009
CodeBERT_partial_s2027,Win64,boundary,1,31,7.2141575230032213,7.267184224510193,229,5047,0.045373489201505843
CodeBERT_partial_s2027,Win64,boundary,1,32,7.267184224510193,7.3202109260171655,223,5047,0.044184664156924909
CodeBERT_partial_s2027,Win64,boundary,1,33,7.3202109260171655,7.373237627524138,177,5047,0.035070338815137707
CodeBERT_partial_s2027,Win64,boundary,1,34,7.373237627524138,7.4262643290311097,240,5047,0.04755300178323757
CodeBERT_partial_s2027,Win64,boundary,1,35,7.4262643290311097,7.4792910305380822,697,5047,0.13810184267881909
CodeBERT_partial_s2027,Win64,boundary,1,36,7.4792910305380822,7.5323177320450547,366,5047,0.072518327719437295
CodeBERT_partial_s2027,Win64,boundary,1,37,7.5323177320450547,7.5853444335520273,54,5047,0.010699425401228452
CodeBERT_partial_s2027,Win64,boundary,1,38,7.5853444335520273,7.6383711350589998,0,5047,0
CodeBERT_partial_s2027,Win64,boundary,1,39,7.6383711350589998,7.6913978365659714,0,5047,0
CodeBERT_partial_s2027,Dot_Net,boundary,0,0,5.5664508460044875,5.6195576334875836,2,4964,0.00040290088638195002
CodeBERT_partial_s2027,Dot_Net,boundary,0,1,5.6195576334875836,5.6726644209706798,3,4964,0.00060435132957292509
CodeBERT_partial_s2027,Dot_Net,boundary,0,2,5.6726644209706798,5.725771208453776,4,4964,0.00080580177276390005
CodeBERT_partial_s2027,Dot_Net,boundary,0,3,5.725771208453776,5.7788779959368721,0,4964,0
CodeBERT_partial_s2027,Dot_Net,boundary,0,4,5.7788779959368721,5.8319847834199683,2,4964,0.00040290088638195002
CodeBERT_partial_s2027,Dot_Net,boundary,0,5,5.8319847834199683,5.8850915709030645,1,4964,0.00020145044319097501
CodeBERT_partial_s2027,Dot_Net,boundary,0,6,5.8850915709030645,5.9381983583861597,1,4964,0.00020145044319097501
CodeBERT_partial_s2027,Dot_Net,boundary,0,7,5.9381983583861597,5.9913051458692559,3,4964,0.00060435132957292509
CodeBERT_partial_s2027,Dot_Net,boundary,0,8,5.9913051458692559,6.0444119333523521,1,4964,0.00020145044319097501
CodeBERT_partial_s2027,Dot_Net,boundary,0,9,6.0444119333523521,6.0975187208354482,2,4964,0.00040290088638195002
CodeBERT_partial_s2027,Dot_Net,boundary,0,10,6.0975187208354482,6.1506255083185444,3,4964,0.00060435132957292509
CodeBERT_partial_s2027,Dot_Net,boundary,0,11,6.1506255083185444,6.2037322958016405,2,4964,0.00040290088638195002
CodeBERT_partial_s2027,Dot_Net,boundary,0,12,6.2037322958016405,6.2568390832847367,1,4964,0.00020145044319097501
CodeBERT_partial_s2027,Dot_Net,boundary,0,13,6.2568390832847367,6.3099458707678329,0,4964,0
CodeBERT_partial_s2027,Dot_Net,boundary,0,14,6.3099458707678329,6.363052658250929,4,4964,0.00080580177276390005
CodeBERT_partial_s2027,Dot_Net,boundary,0,15,6.363052658250929,6.4161594457340252,2,4964,0.00040290088638195002
CodeBERT_partial_s2027,Dot_Net,boundary,0,16,6.4161594457340252,6.4692662332171214,3,4964,0.00060435132957292509
CodeBERT_partial_s2027,Dot_Net,boundary,0,17,6.4692662332171214,6.5223730207002175,0,4964,0
CodeBERT_partial_s2027,Dot_Net,boundary,0,18,6.5223730207002175,6.5754798081833137,0,4964,0
CodeBERT_partial_s2027,Dot_Net,boundary,0,19,6.5754798081833137,6.628586595666409,1,4964,0.00020145044319097501
CodeBERT_partial_s2027,Dot_Net,boundary,0,20,6.628586595666409,6.6816933831495051,0,4964,0
CodeBERT_partial_s2027,Dot_Net,boundary,0,21,6.6816933831495051,6.7348001706326013,1,4964,0.00020145044319097501
CodeBERT_partial_s2027,Dot_Net,boundary,0,22,6.7348001706326013,6.7879069581156974,2,4964,0.00040290088638195002
CodeBERT_partial_s2027,Dot_Net,boundary,0,23,6.7879069581156974,6.8410137455987936,4,4964,0.00080580177276390005
CodeBERT_partial_s2027,Dot_Net,boundary,0,24,6.8410137455987936,6.8941205330818898,2,4964,0.00040290088638195002
CodeBERT_partial_s2027,Dot_Net,boundary,0,25,6.8941205330818898,6.9472273205649859,1,4964,0.00020145044319097501
CodeBERT_partial_s2027,Dot_Net,boundary,0,26,6.9472273205649859,7.0003341080480821,1,4964,0.00020145044319097501
CodeBERT_partial_s2027,Dot_Net,boundary,0,27,7.0003341080480821,7.0534408955311783,1,4964,0.00020145044319097501
CodeBERT_partial_s2027,Dot_Net,boundary,0,28,7.0534408955311783,7.1065476830142744,0,4964,0
CodeBERT_partial_s2027,Dot_Net,boundary,0,29,7.1065476830142744,7.1596544704973706,4,4964,0.00080580177276390005
CodeBERT_partial_s2027,Dot_Net,boundary,0,30,7.1596544704973706,7.2127612579804659,0,4964,0
CodeBERT_partial_s2027,Dot_Net,boundary,0,31,7.2127612579804659,7.2658680454635629,1,4964,0.00020145044319097501
CodeBERT_partial_s2027,Dot_Net,boundary,0,32,7.2658680454635629,7.3189748329466582,5,4964,0.001007252215954875
CodeBERT_partial_s2027,Dot_Net,boundary,0,33,7.3189748329466582,7.3720816204297543,1,4964,0.00020145044319097501
CodeBERT_partial_s2027,Dot_Net,boundary,0,34,7.3720816204297543,7.4251884079128505,3,4964,0.00060435132957292509
CodeBERT_partial_s2027,Dot_Net,boundary,0,35,7.4251884079128505,7.4782951953959467,4,4964,0.00080580177276390005
CodeBERT_partial_s2027,Dot_Net,boundary,0,36,7.4782951953959467,7.5314019828790428,3,4964,0.00060435132957292509
CodeBERT_partial_s2027,Dot_Net,boundary,0,37,7.5314019828790428,7.584508770362139,1,4964,0.00020145044319097501
CodeBERT_partial_s2027,Dot_Net,boundary,0,38,7.584508770362139,7.6376155578452352,0,4964,0
CodeBERT_partial_s2027,Dot_Net,boundary,0,39,7.6376155578452352,7.6907223453283313,0,4964,0
CodeBERT_partial_s2027,Dot_Net,boundary,1,0,5.5664508460044875,5.6195576334875836,22,5036,0.004368546465448769
CodeBERT_partial_s2027,Dot_Net,boundary,1,1,5.6195576334875836,5.6726644209706798,24,5036,0.0047656870532168391
CodeBERT_partial_s2027,Dot_Net,boundary,1,2,5.6726644209706798,5.725771208453776,17,5036,0.0033756949960285941
CodeBERT_partial_s2027,Dot_Net,boundary,1,3,5.725771208453776,5.7788779959368721,19,5036,0.0037728355837966642
CodeBERT_partial_s2027,Dot_Net,boundary,1,4,5.7788779959368721,5.8319847834199683,21,5036,0.0041699761715647335
CodeBERT_partial_s2027,Dot_Net,boundary,1,5,5.8319847834199683,5.8850915709030645,29,5036,0.0057585385226370132
CodeBERT_partial_s2027,Dot_Net,boundary,1,6,5.8850915709030645,5.9381983583861597,29,5036,0.0057585385226370132
CodeBERT_partial_s2027,Dot_Net,boundary,1,7,5.9381983583861597,5.9913051458692559,28,5036,0.0055599682287529786
CodeBERT_partial_s2027,Dot_Net,boundary,1,8,5.9913051458692559,6.0444119333523521,25,5036,0.0049642573471008738
CodeBERT_partial_s2027,Dot_Net,boundary,1,9,6.0444119333523521,6.0975187208354482,22,5036,0.004368546465448769
CodeBERT_partial_s2027,Dot_Net,boundary,1,10,6.0975187208354482,6.1506255083185444,25,5036,0.0049642573471008738
CodeBERT_partial_s2027,Dot_Net,boundary,1,11,6.1506255083185444,6.2037322958016405,34,5036,0.0067513899920571881
CodeBERT_partial_s2027,Dot_Net,boundary,1,12,6.2037322958016405,6.2568390832847367,26,5036,0.0051628276409849084
CodeBERT_partial_s2027,Dot_Net,boundary,1,13,6.2568390832847367,6.3099458707678329,33,5036,0.0065528196981731535
CodeBERT_partial_s2027,Dot_Net,boundary,1,14,6.3099458707678329,6.363052658250929,27,5036,0.0053613979348689439
CodeBERT_partial_s2027,Dot_Net,boundary,1,15,6.363052658250929,6.4161594457340252,35,5036,0.0069499602859412228
CodeBERT_partial_s2027,Dot_Net,boundary,1,16,6.4161594457340252,6.4692662332171214,31,5036,0.0061556791104050834
CodeBERT_partial_s2027,Dot_Net,boundary,1,17,6.4692662332171214,6.5223730207002175,34,5036,0.0067513899920571881
CodeBERT_partial_s2027,Dot_Net,boundary,1,18,6.5223730207002175,6.5754798081833137,32,5036,0.006354249404289118
CodeBERT_partial_s2027,Dot_Net,boundary,1,19,6.5754798081833137,6.628586595666409,31,5036,0.0061556791104050834
CodeBERT_partial_s2027,Dot_Net,boundary,1,20,6.628586595666409,6.6816933831495051,49,5036,0.0097299444003177121
CodeBERT_partial_s2027,Dot_Net,boundary,1,21,6.6816933831495051,6.7348001706326013,37,5036,0.0073471008737092929
CodeBERT_partial_s2027,Dot_Net,boundary,1,22,6.7348001706326013,6.7879069581156974,38,5036,0.0075456711675933284
CodeBERT_partial_s2027,Dot_Net,boundary,1,23,6.7879069581156974,6.8410137455987936,61,5036,0.012112787926926131
CodeBERT_partial_s2027,Dot_Net,boundary,1,24,6.8410137455987936,6.8941205330818898,42,5036,0.008339952343129467
CodeBERT_partial_s2027,Dot_Net,boundary,1,25,6.8941205330818898,6.9472273205649859,47,5036,0.0093328038125496428
CodeBERT_partial_s2027,Dot_Net,boundary,1,26,6.9472273205649859,7.0003341080480821,62,5036,0.012311358220810167
CodeBERT_partial_s2027,Dot_Net,boundary,1,27,7.0003341080480821,7.0534408955311783,62,5036,0.012311358220810167
CodeBERT_partial_s2027,Dot_Net,boundary,1,28,7.0534408955311783,7.1065476830142744,95,5036,0.018864177918983319
CodeBERT_partial_s2027,Dot_Net,boundary,1,29,7.1065476830142744,7.1596544704973706,80,5036,0.015885623510722795
CodeBERT_partial_s2027,Dot_Net,boundary,1,30,7.1596544704973706,7.2127612579804659,107,5036,0.021247021445591738
CodeBERT_partial_s2027,Dot_Net,boundary,1,31,7.2127612579804659,7.2658680454635629,146,5036,0.028991262907069104
CodeBERT_partial_s2027,Dot_Net,boundary,1,32,7.2658680454635629,7.3189748329466582,170,5036,0.033756949960285942
CodeBERT_partial_s2027,Dot_Net,boundary,1,33,7.3189748329466582,7.3720816204297543,233,5036,0.046266878474980143
CodeBERT_partial_s2027,Dot_Net,boundary,1,34,7.3720816204297543,7.4251884079128505,334,5036,0.066322478157267675
CodeBERT_partial_s2027,Dot_Net,boundary,1,35,7.4251884079128505,7.4782951953959467,496,5036,0.098490865766481334
CodeBERT_partial_s2027,Dot_Net,boundary,1,36,7.4782951953959467,7.5314019828790428,1277,5036,0.25357426528991261
CodeBERT_partial_s2027,Dot_Net,boundary,1,37,7.5314019828790428,7.584508770362139,201,5036,0.039912629070691027
CodeBERT_partial_s2027,Dot_Net,boundary,1,38,7.584508770362139,7.6376155578452352,0,5036,0
CodeBERT_partial_s2027,Dot_Net,boundary,1,39,7.6376155578452352,7.6907223453283313,0,5036,0
CodeBERT_partial_s2028,Win32,full,0,0,-7.7786185741424561,-7.5148439049720768,1975,5018,0.39358310083698683
CodeBERT_partial_s2028,Win32,full,0,1,-7.5148439049720768,-7.2510692358016966,570,5018,0.11359107214029494
CodeBERT_partial_s2028,Win32,full,0,2,-7.2510692358016966,-6.9872945666313173,282,5018,0.056197688322040654
CodeBERT_partial_s2028,Win32,full,0,3,-6.9872945666313173,-6.7235198974609371,235,5018,0.046831406935033876
CodeBERT_partial_s2028,Win32,full,0,4,-6.7235198974609371,-6.4597452282905579,233,5018,0.046432841769629335
CodeBERT_partial_s2028,Win32,full,0,5,-6.4597452282905579,-6.1959705591201786,188,5018,0.037465125548027105
CodeBERT_partial_s2028,Win32,full,0,6,-6.1959705591201786,-5.9321958899497993,184,5018,0.036667995217218016
CodeBERT_partial_s2028,Win32,full,0,7,-5.9321958899497993,-5.6684212207794191,153,5018,0.030490235153447589
CodeBERT_partial_s2028,Win32,full,0,8,-5.6684212207794191,-5.404646551609039,151,5018,0.030091669988043045
CodeBERT_partial_s2028,Win32,full,0,9,-5.404646551609039,-5.1408718824386597,104,5018,0.02072538860103627
CodeBERT_partial_s2028,Win32,full,0,10,-5.1408718824386597,-4.8770972132682804,100,5018,0.019928258270227182
CodeBERT_partial_s2028,Win32,full,0,11,-4.8770972132682804,-4.6133225440979011,77,5018,0.01534475886807493
CodeBERT_partial_s2028,Win32,full,0,12,-4.6133225440979011,-4.3495478749275209,93,5018,0.018533280191311279
CodeBERT_partial_s2028,Win32,full,0,13,-4.3495478749275209,-4.0857732057571416,81,5018,0.016141889198884016
CodeBERT_partial_s2028,Win32,full,0,14,-4.0857732057571416,-3.8219985365867619,65,5018,0.012953367875647668
CodeBERT_partial_s2028,Win32,full,0,15,-3.8219985365867619,-3.5582238674163822,44,5018,0.0087684336388999598
CodeBERT_partial_s2028,Win32,full,0,16,-3.5582238674163822,-3.2944491982460029,44,5018,0.0087684336388999598
CodeBERT_partial_s2028,Win32,full,0,17,-3.2944491982460029,-3.0306745290756227,32,5018,0.0063770426464726986
CodeBERT_partial_s2028,Win32,full,0,18,-3.0306745290756227,-2.7668998599052435,31,5018,0.0061777600637704265
CodeBERT_partial_s2028,Win32,full,0,19,-2.7668998599052435,-2.5031251907348633,29,5018,0.0057791948983658831
CodeBERT_partial_s2028,Win32,full,0,20,-2.5031251907348633,-2.239350521564484,12,5018,0.0023913909924272616
CodeBERT_partial_s2028,Win32,full,0,21,-2.239350521564484,-1.9755758523941047,11,5018,0.00219210840972499
CodeBERT_partial_s2028,Win32,full,0,22,-1.9755758523941047,-1.7118011832237245,5,5018,0.00099641291351135913
CodeBERT_partial_s2028,Win32,full,0,23,-1.7118011832237245,-1.4480265140533453,6,5018,0.0011956954962136308
CodeBERT_partial_s2028,Win32,full,0,24,-1.4480265140533453,-1.184251844882966,6,5018,0.0011956954962136308
CodeBERT_partial_s2028,Win32,full,0,25,-1.184251844882966,-0.9204771757125858,9,5018,0.0017935432443204463
CodeBERT_partial_s2028,Win32,full,0,26,-0.9204771757125858,-0.65670250654220652,7,5018,0.0013949780789159027
CodeBERT_partial_s2028,Win32,full,0,27,-0.65670250654220652,-0.39292783737182724,9,5018,0.0017935432443204463
CodeBERT_partial_s2028,Win32,full,0,28,-0.39292783737182724,-0.12915316820144707,11,5018,0.00219210840972499
CodeBERT_partial_s2028,Win32,full,0,29,-0.12915316820144707,0.13462150096893222,18,5018,0.0035870864886408927
CodeBERT_partial_s2028,Win32,full,0,30,0.13462150096893222,0.39839617013931239,3,5018,0.00059784774810681541
CodeBERT_partial_s2028,Win32,full,0,31,0.39839617013931239,0.66217083930969167,5,5018,0.00099641291351135913
CodeBERT_partial_s2028,Win32,full,0,32,0.66217083930969167,0.92594550848007096,4,5018,0.00079713033080908732
CodeBERT_partial_s2028,Win32,full,0,33,0.92594550848007096,1.1897201776504502,7,5018,0.0013949780789159027
CodeBERT_partial_s2028,Win32,full,0,34,1.1897201776504502,1.4534948468208313,8,5018,0.0015942606616181746
CodeBERT_partial_s2028,Win32,full,0,35,1.4534948468208313,1.7172695159912106,2,5018,0.00039856516540454366
CodeBERT_partial_s2028,Win32,full,0,36,1.7172695159912106,1.9810441851615899,12,5018,0.0023913909924272616
CodeBERT_partial_s2028,Win32,full,0,37,1.9810441851615899,2.2448188543319691,13,5018,0.0025906735751295338
CodeBERT_partial_s2028,Win32,full,0,38,2.2448188543319691,2.5085935235023484,12,5018,0.0023913909924272616
CodeBERT_partial_s2028,Win32,full,0,39,2.5085935235023484,2.7723681926727295,10,5018,0.0019928258270227183
CodeBERT_partial_s2028,Win32,full,0,40,2.7723681926727295,3.0361428618431088,6,5018,0.0011956954962136308
CodeBERT_partial_s2028,Win32,full,0,41,3.0361428618431088,3.2999175310134881,8,5018,0.0015942606616181746
CodeBERT_partial_s2028,Win32,full,0,42,3.2999175310134881,3.5636922001838673,15,5018,0.0029892387405340772
CodeBERT_partial_s2028,Win32,full,0,43,3.5636922001838673,3.8274668693542466,17,5018,0.003387803905938621
CodeBERT_partial_s2028,Win32,full,0,44,3.8274668693542466,4.0912415385246259,9,5018,0.0017935432443204463
CodeBERT_partial_s2028,Win32,full,0,45,4.0912415385246259,4.355016207695007,14,5018,0.0027899561578318055
CodeBERT_partial_s2028,Win32,full,0,46,4.355016207695007,4.6187908768653863,14,5018,0.0027899561578318055
CodeBERT_partial_s2028,Win32,full,0,47,4.6187908768653863,4.8825655460357655,7,5018,0.0013949780789159027
CodeBERT_partial_s2028,Win32,full,0,48,4.8825655460357655,5.1463402152061448,9,5018,0.0017935432443204463
CodeBERT_partial_s2028,Win32,full,0,49,5.1463402152061448,5.4101148843765241,8,5018,0.0015942606616181746
CodeBERT_partial_s2028,Win32,full,0,50,5.4101148843765241,5.6738895535469052,6,5018,0.0011956954962136308
CodeBERT_partial_s2028,Win32,full,0,51,5.6738895535469052,5.9376642227172844,8,5018,0.0015942606616181746
CodeBERT_partial_s2028,Win32,full,0,52,5.9376642227172844,6.2014388918876637,8,5018,0.0015942606616181746
CodeBERT_partial_s2028,Win32,full,0,53,6.2014388918876637,6.465213561058043,5,5018,0.00099641291351135913
CodeBERT_partial_s2028,Win32,full,0,54,6.465213561058043,6.7289882302284223,9,5018,0.0017935432443204463
CodeBERT_partial_s2028,Win32,full,0,55,6.7289882302284223,6.9927628993988016,6,5018,0.0011956954962136308
CodeBERT_partial_s2028,Win32,full,0,56,6.9927628993988016,7.2565375685691826,12,5018,0.0023913909924272616
CodeBERT_partial_s2028,Win32,full,0,57,7.2565375685691826,7.5203122377395619,3,5018,0.00059784774810681541
CodeBERT_partial_s2028,Win32,full,0,58,7.5203122377395619,7.7840869069099412,5,5018,0.00099641291351135913
CodeBERT_partial_s2028,Win32,full,0,59,7.7840869069099412,8.0478615760803223,8,5018,0.0015942606616181746
CodeBERT_partial_s2028,Win32,full,1,0,-7.7786185741424561,-7.5148439049720768,1,4982,0.0002007226013649137
CodeBERT_partial_s2028,Win32,full,1,1,-7.5148439049720768,-7.2510692358016966,10,4982,0.0020072260136491369
CodeBERT_partial_s2028,Win32,full,1,2,-7.2510692358016966,-6.9872945666313173,13,4982,0.002609393817743878
CodeBERT_partial_s2028,Win32,full,1,3,-6.9872945666313173,-6.7235198974609371,13,4982,0.002609393817743878
CodeBERT_partial_s2028,Win32,full,1,4,-6.7235198974609371,-6.4597452282905579,15,4982,0.0030108390204737052
CodeBERT_partial_s2028,Win32,full,1,5,-6.4597452282905579,-6.1959705591201786,18,4982,0.0036130068245684463
CodeBERT_partial_s2028,Win32,full,1,6,-6.1959705591201786,-5.9321958899497993,18,4982,0.0036130068245684463
CodeBERT_partial_s2028,Win32,full,1,7,-5.9321958899497993,-5.6684212207794191,21,4982,0.0042151746286631878
CodeBERT_partial_s2028,Win32,full,1,8,-5.6684212207794191,-5.404646551609039,25,4982,0.0050180650341228421
CodeBERT_partial_s2028,Win32,full,1,9,-5.404646551609039,-5.1408718824386597,22,4982,0.004415897230028101
CodeBERT_partial_s2028,Win32,full,1,10,-5.1408718824386597,-4.8770972132682804,28,4982,0.0056202328382175832
CodeBERT_partial_s2028,Win32,full,1,11,-4.8770972132682804,-4.6133225440979011,17,4982,0.0034122842232035327
CodeBERT_partial_s2028,Win32,full,1,12,-4.6133225440979011,-4.3495478749275209,27,4982,0.0054195102368526692
CodeBERT_partial_s2028,Win32,full,1,13,-4.3495478749275209,-4.0857732057571416,31,4982,0.0062224006423123243
CodeBERT_partial_s2028,Win32,full,1,14,-4.0857732057571416,-3.8219985365867619,30,4982,0.0060216780409474103
CodeBERT_partial_s2028,Win32,full,1,15,-3.8219985365867619,-3.5582238674163822,21,4982,0.0042151746286631878
CodeBERT_partial_s2028,Win32,full,1,16,-3.5582238674163822,-3.2944491982460029,39,4982,0.0078281814532316345
CodeBERT_partial_s2028,Win32,full,1,17,-3.2944491982460029,-3.0306745290756227,27,4982,0.0054195102368526692
CodeBERT_partial_s2028,Win32,full,1,18,-3.0306745290756227,-2.7668998599052435,20,4982,0.0040144520272982738
CodeBERT_partial_s2028,Win32,full,1,19,-2.7668998599052435,-2.5031251907348633,17,4982,0.0034122842232035327
CodeBERT_partial_s2028,Win32,full,1,20,-2.5031251907348633,-2.239350521564484,19,4982,0.0038137294259333603
CodeBERT_partial_s2028,Win32,full,1,21,-2.239350521564484,-1.9755758523941047,13,4982,0.002609393817743878
CodeBERT_partial_s2028,Win32,full,1,22,-1.9755758523941047,-1.7118011832237245,11,4982,0.0022079486150140505
CodeBERT_partial_s2028,Win32,full,1,23,-1.7118011832237245,-1.4480265140533453,14,4982,0.0028101164191087916
CodeBERT_partial_s2028,Win32,full,1,24,-1.4480265140533453,-1.184251844882966,17,4982,0.0034122842232035327
CodeBERT_partial_s2028,Win32,full,1,25,-1.184251844882966,-0.9204771757125858,14,4982,0.0028101164191087916
CodeBERT_partial_s2028,Win32,full,1,26,-0.9204771757125858,-0.65670250654220652,8,4982,0.0016057808109193096
CodeBERT_partial_s2028,Win32,full,1,27,-0.65670250654220652,-0.39292783737182724,20,4982,0.0040144520272982738
CodeBERT_partial_s2028,Win32,full,1,28,-0.39292783737182724,-0.12915316820144707,9,4982,0.0018065034122842231
CodeBERT_partial_s2028,Win32,full,1,29,-0.12915316820144707,0.13462150096893222,27,4982,0.0054195102368526692
CodeBERT_partial_s2028,Win32,full,1,30,0.13462150096893222,0.39839617013931239,11,4982,0.0022079486150140505
CodeBERT_partial_s2028,Win32,full,1,31,0.39839617013931239,0.66217083930969167,54,4982,0.010839020473705338
CodeBERT_partial_s2028,Win32,full,1,32,0.66217083930969167,0.92594550848007096,7,4982,0.0014050582095543958
CodeBERT_partial_s2028,Win32,full,1,33,0.92594550848007096,1.1897201776504502,14,4982,0.0028101164191087916
CodeBERT_partial_s2028,Win32,full,1,34,1.1897201776504502,1.4534948468208313,11,4982,0.0022079486150140505
CodeBERT_partial_s2028,Win32,full,1,35,1.4534948468208313,1.7172695159912106,21,4982,0.0042151746286631878
CodeBERT_partial_s2028,Win32,full,1,36,1.7172695159912106,1.9810441851615899,17,4982,0.0034122842232035327
CodeBERT_partial_s2028,Win32,full,1,37,1.9810441851615899,2.2448188543319691,39,4982,0.0078281814532316345
CodeBERT_partial_s2028,Win32,full,1,38,2.2448188543319691,2.5085935235023484,41,4982,0.0082296266559614608
CodeBERT_partial_s2028,Win32,full,1,39,2.5085935235023484,2.7723681926727295,29,4982,0.0058209554395824972
CodeBERT_partial_s2028,Win32,full,1,40,2.7723681926727295,3.0361428618431088,26,4982,0.0052187876354877561
CodeBERT_partial_s2028,Win32,full,1,41,3.0361428618431088,3.2999175310134881,30,4982,0.0060216780409474103
CodeBERT_partial_s2028,Win32,full,1,42,3.2999175310134881,3.5636922001838673,34,4982,0.0068245684464070654
CodeBERT_partial_s2028,Win32,full,1,43,3.5636922001838673,3.8274668693542466,26,4982,0.0052187876354877561
CodeBERT_partial_s2028,Win32,full,1,44,3.8274668693542466,4.0912415385246259,38,4982,0.0076274588518667205
CodeBERT_partial_s2028,Win32,full,1,45,4.0912415385246259,4.355016207695007,29,4982,0.0058209554395824972
CodeBERT_partial_s2028,Win32,full,1,46,4.355016207695007,4.6187908768653863,51,4982,0.010236852669610599
CodeBERT_partial_s2028,Win32,full,1,47,4.6187908768653863,4.8825655460357655,33,4982,0.0066238458450421514
CodeBERT_partial_s2028,Win32,full,1,48,4.8825655460357655,5.1463402152061448,55,4982,0.011039743075070253
CodeBERT_partial_s2028,Win32,full,1,49,5.1463402152061448,5.4101148843765241,47,4982,0.009433962264150943
CodeBERT_partial_s2028,Win32,full,1,50,5.4101148843765241,5.6738895535469052,54,4982,0.010839020473705338
CodeBERT_partial_s2028,Win32,full,1,51,5.6738895535469052,5.9376642227172844,55,4982,0.011039743075070253
CodeBERT_partial_s2028,Win32,full,1,52,5.9376642227172844,6.2014388918876637,57,4982,0.01144118827780008
CodeBERT_partial_s2028,Win32,full,1,53,6.2014388918876637,6.465213561058043,60,4982,0.012043356081894821
CodeBERT_partial_s2028,Win32,full,1,54,6.465213561058043,6.7289882302284223,93,4982,0.018667201926936973
CodeBERT_partial_s2028,Win32,full,1,55,6.7289882302284223,6.9927628993988016,104,4982,0.020875150541951024
CodeBERT_partial_s2028,Win32,full,1,56,6.9927628993988016,7.2565375685691826,149,4982,0.029907667603372139
CodeBERT_partial_s2028,Win32,full,1,57,7.2565375685691826,7.5203122377395619,207,4982,0.041549578482537132
CodeBERT_partial_s2028,Win32,full,1,58,7.5203122377395619,7.7840869069099412,354,4982,0.071055800883179449
CodeBERT_partial_s2028,Win32,full,1,59,7.7840869069099412,8.0478615760803223,2671,4982,0.53613006824568443
CodeBERT_partial_s2028,Win64,full,0,0,-7.7711548805236816,-7.5074905713399254,1844,4953,0.37229961639410458
CodeBERT_partial_s2028,Win64,full,0,1,-7.5074905713399254,-7.2438262621561691,762,4953,0.15384615384615385
CodeBERT_partial_s2028,Win64,full,0,2,-7.2438262621561691,-6.9801619529724119,337,4953,0.068039571976579852
CodeBERT_partial_s2028,Win64,full,0,3,-6.9801619529724119,-6.7164976437886557,335,4953,0.067635776297193625
CodeBERT_partial_s2028,Win64,full,0,4,-6.7164976437886557,-6.4528333346048994,276,4953,0.055723803755299818
CodeBERT_partial_s2028,Win64,full,0,5,-6.4528333346048994,-6.1891690254211422,245,4953,0.049464970724813241
CodeBERT_partial_s2028,Win64,full,0,6,-6.1891690254211422,-5.9255047162373859,152,4953,0.030688471633353524
CodeBERT_partial_s2028,Win64,full,0,7,-5.9255047162373859,-5.6618404070536297,160,4953,0.032303654350898443
CodeBERT_partial_s2028,Win64,full,0,8,-5.6618404070536297,-5.3981760978698734,112,4953,0.022612558045628912
CodeBERT_partial_s2028,Win64,full,0,9,-5.3981760978698734,-5.1345117886861171,97,4953,0.019584090450232183
CodeBERT_partial_s2028,Win64,full,0,10,-5.1345117886861171,-4.87084747950236,63,4953,0.012719563900666263
CodeBERT_partial_s2028,Win64,full,0,11,-4.87084747950236,-4.6071831703186037,58,4953,0.011710074702200686
CodeBERT_partial_s2028,Win64,full,0,12,-4.6071831703186037,-4.3435188611348474,57,4953,0.011508176862507571
CodeBERT_partial_s2028,Win64,full,0,13,-4.3435188611348474,-4.0798545519510903,34,4953,0.0068645265495659198
CodeBERT_partial_s2028,Win64,full,0,14,-4.0798545519510903,-3.816190242767334,42,4953,0.0084797092671108423
CodeBERT_partial_s2028,Win64,full,0,15,-3.816190242767334,-3.5525259335835777,34,4953,0.0068645265495659198
CodeBERT_partial_s2028,Win64,full,0,16,-3.5525259335835777,-3.2888616243998214,26,4953,0.0052493438320209973
CodeBERT_partial_s2028,Win64,full,0,17,-3.2888616243998214,-3.0251973152160652,20,4953,0.0040379567938623054
CodeBERT_partial_s2028,Win64,full,0,18,-3.0251973152160652,-2.761533006032308,12,4953,0.0024227740763173833
CodeBERT_partial_s2028,Win64,full,0,19,-2.761533006032308,-2.4978686968485517,10,4953,0.0020189783969311527
CodeBERT_partial_s2028,Win64,full,0,20,-2.4978686968485517,-2.2342043876647955,12,4953,0.0024227740763173833
CodeBERT_partial_s2028,Win64,full,0,21,-2.2342043876647955,-1.9705400784810383,5,4953,0.0010094891984655764
CodeBERT_partial_s2028,Win64,full,0,22,-1.9705400784810383,-1.706875769297282,7,4953,0.001413284877851807
CodeBERT_partial_s2028,Win64,full,0,23,-1.706875769297282,-1.4432114601135257,2,4953,0.00040379567938623057
CodeBERT_partial_s2028,Win64,full,0,24,-1.4432114601135257,-1.1795471509297695,5,4953,0.0010094891984655764
CodeBERT_partial_s2028,Win64,full,0,25,-1.1795471509297695,-0.9158828417460132,2,4953,0.00040379567938623057
CodeBERT_partial_s2028,Win64,full,0,26,-0.9158828417460132,-0.65221853256225604,3,4953,0.00060569351907934583
CodeBERT_partial_s2028,Win64,full,0,27,-0.65221853256225604,-0.38855422337849976,3,4953,0.00060569351907934583
CodeBERT_partial_s2028,Win64,full,0,28,-0.38855422337849976,-0.12488991419474349,1,4953,0.00020189783969311529
CodeBERT_partial_s2028,Win64,full,0,29,-0.12488991419474349,0.13877439498901367,3,4953,0.00060569351907934583
CodeBERT_partial_s2028,Win64,full,0,30,0.13877439498901367,0.40243870417276995,0,4953,0
CodeBERT_partial_s2028,Win64,full,0,31,0.40243870417276995,0.66610301335652622,5,4953,0.0010094891984655764
CodeBERT_partial_s2028,Win64,full,0,32,0.66610301335652622,0.92976732254028249,2,4953,0.00040379567938623057
CodeBERT_partial_s2028,Win64,full,0,33,0.92976732254028249,1.1934316317240388,3,4953,0.00060569351907934583
CodeBERT_partial_s2028,Win64,full,0,34,1.1934316317240388,1.457095940907795,5,4953,0.0010094891984655764
CodeBERT_partial_s2028,Win64,full,0,35,1.457095940907795,1.7207602500915513,6,4953,0.0012113870381586917
CodeBERT_partial_s2028,Win64,full,0,36,1.7207602500915513,1.9844245592753094,11,4953,0.002220876236624268
CodeBERT_partial_s2028,Win64,full,0,37,1.9844245592753094,2.2480888684590656,7,4953,0.001413284877851807
CodeBERT_partial_s2028,Win64,full,0,38,2.2480888684590656,2.5117531776428219,6,4953,0.0012113870381586917
CodeBERT_partial_s2028,Win64,full,0,39,2.5117531776428219,2.7754174868265782,8,4953,0.0016151827175449223
CodeBERT_partial_s2028,Win64,full,0,40,2.7754174868265782,3.0390817960103345,8,4953,0.0016151827175449223
CodeBERT_partial_s2028,Win64,full,0,41,3.0390817960103345,3.3027461051940907,9,4953,0.0018170805572380376
CodeBERT_partial_s2028,Win64,full,0,42,3.3027461051940907,3.566410414377847,8,4953,0.0016151827175449223
CodeBERT_partial_s2028,Win64,full,0,43,3.566410414377847,3.8300747235616051,7,4953,0.001413284877851807
CodeBERT_partial_s2028,Win64,full,0,44,3.8300747235616051,4.0937390327453613,15,4953,0.0030284675953967293
CodeBERT_partial_s2028,Win64,full,0,45,4.0937390327453613,4.3574033419291176,7,4953,0.001413284877851807
CodeBERT_partial_s2028,Win64,full,0,46,4.3574033419291176,4.6210676511128739,11,4953,0.002220876236624268
CodeBERT_partial_s2028,Win64,full,0,47,4.6210676511128739,4.8847319602966301,12,4953,0.0024227740763173833
CodeBERT_partial_s2028,Win64,full,0,48,4.8847319602966301,5.1483962694803864,11,4953,0.002220876236624268
CodeBERT_partial_s2028,Win64,full,0,49,5.1483962694803864,5.4120605786641427,2,4953,0.00040379567938623057
CodeBERT_partial_s2028,Win64,full,0,50,5.4120605786641427,5.675724887847899,5,4953,0.0010094891984655764
CodeBERT_partial_s2028,Win64,full,0,51,5.675724887847899,5.9393891970316552,5,4953,0.0010094891984655764
CodeBERT_partial_s2028,Win64,full,0,52,5.9393891970316552,6.2030535062154133,7,4953,0.001413284877851807
CodeBERT_partial_s2028,Win64,full,0,53,6.2030535062154133,6.4667178153991696,4,4953,0.00080759135877246115
CodeBERT_partial_s2028,Win64,full,0,54,6.4667178153991696,6.7303821245829258,7,4953,0.001413284877851807
CodeBERT_partial_s2028,Win64,full,0,55,6.7303821245829258,6.9940464337666821,19,4953,0.0038360589541691905
CodeBERT_partial_s2028,Win64,full,0,56,6.9940464337666821,7.2577107429504384,11,4953,0.002220876236624268
CodeBERT_partial_s2028,Win64,full,0,57,7.2577107429504384,7.5213750521341947,7,4953,0.001413284877851807
CodeBERT_partial_s2028,Win64,full,0,58,7.5213750521341947,7.7850393613179509,10,4953,0.0020189783969311527
CodeBERT_partial_s2028,Win64,full,0,59,7.7850393613179509,8.048703670501709,16,4953,0.0032303654350898446
CodeBERT_partial_s2028,Win64,full,1,0,-7.7711548805236816,-7.5074905713399254,9,5047,0.0017832375668714088
CodeBERT_partial_s2028,Win64,full,1,1,-7.5074905713399254,-7.2438262621561691,6,5047,0.0011888250445809391
CodeBERT_partial_s2028,Win64,full,1,2,-7.2438262621561691,-6.9801619529724119,7,5047,0.0013869625520110957
CodeBERT_partial_s2028,Win64,full,1,3,-6.9801619529724119,-6.7164976437886557,19,5047,0.0037646126411729742
CodeBERT_partial_s2028,Win64,full,1,4,-6.7164976437886557,-6.4528333346048994,20,5047,0.0039627501486031308
CodeBERT_partial_s2028,Win64,full,1,5,-6.4528333346048994,-6.1891690254211422,20,5047,0.0039627501486031308
CodeBERT_partial_s2028,Win64,full,1,6,-6.1891690254211422,-5.9255047162373859,16,5047,0.0031702001188825043
CodeBERT_partial_s2028,Win64,full,1,7,-5.9255047162373859,-5.6618404070536297,20,5047,0.0039627501486031308
CodeBERT_partial_s2028,Win64,full,1,8,-5.6618404070536297,-5.3981760978698734,22,5047,0.004359025163463444
CodeBERT_partial_s2028,Win64,full,1,9,-5.3981760978698734,-5.1345117886861171,19,5047,0.0037646126411729742
CodeBERT_partial_s2028,Win64,full,1,10,-5.1345117886861171,-4.87084747950236,26,5047,0.0051515751931840697
CodeBERT_partial_s2028,Win64,full,1,11,-4.87084747950236,-4.6071831703186037,26,5047,0.0051515751931840697
CodeBERT_partial_s2028,Win64,full,1,12,-4.6071831703186037,-4.3435188611348474,22,5047,0.004359025163463444
CodeBERT_partial_s2028,Win64,full,1,13,-4.3435188611348474,-4.0798545519510903,23,5047,0.0045571626708936002
CodeBERT_partial_s2028,Win64,full,1,14,-4.0798545519510903,-3.816190242767334,11,5047,0.002179512581731722
CodeBERT_partial_s2028,Win64,full,1,15,-3.816190242767334,-3.5525259335835777,8,5047,0.0015851000594412521
CodeBERT_partial_s2028,Win64,full,1,16,-3.5525259335835777,-3.2888616243998214,16,5047,0.0031702001188825043
CodeBERT_partial_s2028,Win64,full,1,17,-3.2888616243998214,-3.0251973152160652,9,5047,0.0017832375668714088
CodeBERT_partial_s2028,Win64,full,1,18,-3.0251973152160652,-2.761533006032308,8,5047,0.0015851000594412521
CodeBERT_partial_s2028,Win64,full,1,19,-2.761533006032308,-2.4978686968485517,6,5047,0.0011888250445809391
CodeBERT_partial_s2028,Win64,full,1,20,-2.4978686968485517,-2.2342043876647955,6,5047,0.0011888250445809391
CodeBERT_partial_s2028,Win64,full,1,21,-2.2342043876647955,-1.9705400784810383,6,5047,0.0011888250445809391
CodeBERT_partial_s2028,Win64,full,1,22,-1.9705400784810383,-1.706875769297282,3,5047,0.00059441252229046955
CodeBERT_partial_s2028,Win64,full,1,23,-1.706875769297282,-1.4432114601135257,4,5047,0.00079255002972062607
CodeBERT_partial_s2028,Win64,full,1,24,-1.4432114601135257,-1.1795471509297695,4,5047,0.00079255002972062607
CodeBERT_partial_s2028,Win64,full,1,25,-1.1795471509297695,-0.9158828417460132,7,5047,0.0013869625520110957
CodeBERT_partial_s2028,Win64,full,1,26,-0.9158828417460132,-0.65221853256225604,3,5047,0.00059441252229046955
CodeBERT_partial_s2028,Win64,full,1,27,-0.65221853256225604,-0.38855422337849976,3,5047,0.00059441252229046955
CodeBERT_partial_s2028,Win64,full,1,28,-0.38855422337849976,-0.12488991419474349,3,5047,0.00059441252229046955
CodeBERT_partial_s2028,Win64,full,1,29,-0.12488991419474349,0.13877439498901367,4,5047,0.00079255002972062607
CodeBERT_partial_s2028,Win64,full,1,30,0.13877439498901367,0.40243870417276995,8,5047,0.0015851000594412521
CodeBERT_partial_s2028,Win64,full,1,31,0.40243870417276995,0.66610301335652622,6,5047,0.0011888250445809391
CodeBERT_partial_s2028,Win64,full,1,32,0.66610301335652622,0.92976732254028249,6,5047,0.0011888250445809391
CodeBERT_partial_s2028,Win64,full,1,33,0.92976732254028249,1.1934316317240388,3,5047,0.00059441252229046955
CodeBERT_partial_s2028,Win64,full,1,34,1.1934316317240388,1.457095940907795,7,5047,0.0013869625520110957
CodeBERT_partial_s2028,Win64,full,1,35,1.457095940907795,1.7207602500915513,6,5047,0.0011888250445809391
CodeBERT_partial_s2028,Win64,full,1,36,1.7207602500915513,1.9844245592753094,4,5047,0.00079255002972062607
CodeBERT_partial_s2028,Win64,full,1,37,1.9844245592753094,2.2480888684590656,9,5047,0.0017832375668714088
CodeBERT_partial_s2028,Win64,full,1,38,2.2480888684590656,2.5117531776428219,14,5047,0.0027739251040221915
CodeBERT_partial_s2028,Win64,full,1,39,2.5117531776428219,2.7754174868265782,12,5047,0.0023776500891618782
CodeBERT_partial_s2028,Win64,full,1,40,2.7754174868265782,3.0390817960103345,21,5047,0.004160887656033287
CodeBERT_partial_s2028,Win64,full,1,41,3.0390817960103345,3.3027461051940907,23,5047,0.0045571626708936002
CodeBERT_partial_s2028,Win64,full,1,42,3.3027461051940907,3.566410414377847,23,5047,0.0045571626708936002
CodeBERT_partial_s2028,Win64,full,1,43,3.566410414377847,3.8300747235616051,28,5047,0.0055478502080443829
CodeBERT_partial_s2028,Win64,full,1,44,3.8300747235616051,4.0937390327453613,34,5047,0.0067366752526253218
CodeBERT_partial_s2028,Win64,full,1,45,4.0937390327453613,4.3574033419291176,28,5047,0.0055478502080443829
CodeBERT_partial_s2028,Win64,full,1,46,4.3574033419291176,4.6210676511128739,47,5047,0.0093124628492173567
CodeBERT_partial_s2028,Win64,full,1,47,4.6210676511128739,4.8847319602966301,44,5047,0.0087180503269268881
CodeBERT_partial_s2028,Win64,full,1,48,4.8847319602966301,5.1483962694803864,68,5047,0.013473350505250644
CodeBERT_partial_s2028,Win64,full,1,49,5.1483962694803864,5.4120605786641427,64,5047,0.012680800475530017
CodeBERT_partial_s2028,Win64,full,1,50,5.4120605786641427,5.675724887847899,75,5047,0.01486031305726174
CodeBERT_partial_s2028,Win64,full,1,51,5.675724887847899,5.9393891970316552,103,5047,0.020408163265306121
CodeBERT_partial_s2028,Win64,full,1,52,5.9393891970316552,6.2030535062154133,112,5047,0.022191400832177532
CodeBERT_partial_s2028,Win64,full,1,53,6.2030535062154133,6.4667178153991696,138,5047,0.0273429760253616
CodeBERT_partial_s2028,Win64,full,1,54,6.4667178153991696,6.7303821245829258,164,5047,0.032494551218545671
CodeBERT_partial_s2028,Win64,full,1,55,6.7303821245829258,6.9940464337666821,191,5047,0.037844263919159897
CodeBERT_partial_s2028,Win64,full,1,56,6.9940464337666821,7.2577107429504384,218,5047,0.043193976619774123
CodeBERT_partial_s2028,Win64,full,1,57,7.2577107429504384,7.5213750521341947,273,5047,0.054091539528432729
CodeBERT_partial_s2028,Win64,full,1,58,7.5213750521341947,7.7850393613179509,391,5047,0.077471765405191198
CodeBERT_partial_s2028,Win64,full,1,59,7.7850393613179509,8.048703670501709,2571,5047,0.5094115316029324
CodeBERT_partial_s2028,Dot_Net,full,0,0,-7.7918252944946289,-7.5278200467427574,2299,4964,0.46313456889605159
CodeBERT_partial_s2028,Dot_Net,full,0,1,-7.5278200467427574,-7.2638147989908859,665,4964,0.1339645447219984
CodeBERT_partial_s2028,Dot_Net,full,0,2,-7.2638147989908859,-6.9998095512390135,294,4964,0.059226430298146657
CodeBERT_partial_s2028,Dot_Net,full,0,3,-6.9998095512390135,-6.735804303487142,217,4964,0.043714746172441581
CodeBERT_partial_s2028,Dot_Net,full,0,4,-6.735804303487142,-6.4717990557352705,201,4964,0.040491539081385981
CodeBERT_partial_s2028,Dot_Net,full,0,5,-6.4717990557352705,-6.2077938079833981,171,4964,0.034448025785656727
CodeBERT_partial_s2028,Dot_Net,full,0,6,-6.2077938079833981,-5.9437885602315266,139,4964,0.028001611603545529
CodeBERT_partial_s2028,Dot_Net,full,0,7,-5.9437885602315266,-5.6797833124796551,105,4964,0.021152296535052378
CodeBERT_partial_s2028,Dot_Net,full,0,8,-5.6797833124796551,-5.4157780647277836,93,4964,0.018734891216760675
CodeBERT_partial_s2028,Dot_Net,full,0,9,-5.4157780647277836,-5.1517728169759121,76,4964,0.015310233682514102
CodeBERT_partial_s2028,Dot_Net,full,0,10,-5.1517728169759121,-4.8877675692240397,62,4964,0.012489927477840451
CodeBERT_partial_s2028,Dot_Net,full,0,11,-4.8877675692240397,-4.6237623214721681,51,4964,0.010273972602739725
CodeBERT_partial_s2028,Dot_Net,full,0,12,-4.6237623214721681,-4.3597570737202966,52,4964,0.010475423045930701
CodeBERT_partial_s2028,Dot_Net,full,0,13,-4.3597570737202966,-4.0957518259684242,42,4964,0.0084609186140209517
CodeBERT_partial_s2028,Dot_Net,full,0,14,-4.0957518259684242,-3.8317465782165527,34,4964,0.0068493150684931503
CodeBERT_partial_s2028,Dot_Net,full,0,15,-3.8317465782165527,-3.5677413304646812,28,4964,0.0056406124093473006
CodeBERT_partial_s2028,Dot_Net,full,0,16,-3.5677413304646812,-3.3037360827128097,29,4964,0.0058420628525382755
CodeBERT_partial_s2028,Dot_Net,full,0,17,-3.3037360827128097,-3.0397308349609382,19,4964,0.0038275584206285255
CodeBERT_partial_s2028,Dot_Net,full,0,18,-3.0397308349609382,-2.7757255872090658,20,4964,0.0040290088638195
CodeBERT_partial_s2028,Dot_Net,full,0,19,-2.7757255872090658,-2.5117203394571943,22,4964,0.0044319097502014508
CodeBERT_partial_s2028,Dot_Net,full,0,20,-2.5117203394571943,-2.2477150917053228,10,4964,0.00201450443190975
CodeBERT_partial_s2028,Dot_Net,full,0,21,-2.2477150917053228,-1.9837098439534504,15,4964,0.0030217566478646252
CodeBERT_partial_s2028,Dot_Net,full,0,22,-1.9837098439534504,-1.7197045962015789,6,4964,0.0012087026591458502
CodeBERT_partial_s2028,Dot_Net,full,0,23,-1.7197045962015789,-1.4556993484497074,3,4964,0.00060435132957292509
CodeBERT_partial_s2028,Dot_Net,full,0,24,-1.4556993484497074,-1.1916941006978359,5,4964,0.001007252215954875
CodeBERT_partial_s2028,Dot_Net,full,0,25,-1.1916941006978359,-0.92768885294596437,1,4964,0.00020145044319097501
CodeBERT_partial_s2028,Dot_Net,full,0,26,-0.92768885294596437,-0.66368360519409197,3,4964,0.00060435132957292509
CodeBERT_partial_s2028,Dot_Net,full,0,27,-0.66368360519409197,-0.39967835744222047,3,4964,0.00060435132957292509
CodeBERT_partial_s2028,Dot_Net,full,0,28,-0.39967835744222047,-0.13567310969034896,8,4964,0.0016116035455278001
CodeBERT_partial_s2028,Dot_Net,full,0,29,-0.13567310969034896,0.12833213806152344,2,4964,0.00040290088638195002
CodeBERT_partial_s2028,Dot_Net,full,0,30,0.12833213806152344,0.39233738581339495,8,4964,0.0016116035455278001
CodeBERT_partial_s2028,Dot_Net,full,0,31,0.39233738581339495,0.65634263356526645,5,4964,0.001007252215954875
CodeBERT_partial_s2028,Dot_Net,full,0,32,0.65634263356526645,0.92034788131713796,6,4964,0.0012087026591458502
CodeBERT_partial_s2028,Dot_Net,full,0,33,0.92034788131713796,1.1843531290690095,3,4964,0.00060435132957292509
CodeBERT_partial_s2028,Dot_Net,full,0,34,1.1843531290690095,1.448358376820881,5,4964,0.001007252215954875
CodeBERT_partial_s2028,Dot_Net,full,0,35,1.448358376820881,1.7123636245727525,3,4964,0.00060435132957292509
CodeBERT_partial_s2028,Dot_Net,full,0,36,1.7123636245727525,1.9763688723246258,5,4964,0.001007252215954875
CodeBERT_partial_s2028,Dot_Net,full,0,37,1.9763688723246258,2.2403741200764973,11,4964,0.0022159548751007254
CodeBERT_partial_s2028,Dot_Net,full,0,38,2.2403741200764973,2.5043793678283688,12,4964,0.0024174053182917004
CodeBERT_partial_s2028,Dot_Net,full,0,39,2.5043793678283688,2.7683846155802403,17,4964,0.0034246575342465752
CodeBERT_partial_s2028,Dot_Net,full,0,40,2.7683846155802403,3.0323898633321118,18,4964,0.0036261079774375505
CodeBERT_partial_s2028,Dot_Net,full,0,41,3.0323898633321118,3.2963951110839833,18,4964,0.0036261079774375505
CodeBERT_partial_s2028,Dot_Net,full,0,42,3.2963951110839833,3.5604003588358548,19,4964,0.0038275584206285255
CodeBERT_partial_s2028,Dot_Net,full,0,43,3.5604003588358548,3.8244056065877281,13,4964,0.0026188557614826753
CodeBERT_partial_s2028,Dot_Net,full,0,44,3.8244056065877281,4.0884108543395996,10,4964,0.00201450443190975
CodeBERT_partial_s2028,Dot_Net,full,0,45,4.0884108543395996,4.3524161020914711,12,4964,0.0024174053182917004
CodeBERT_partial_s2028,Dot_Net,full,0,46,4.3524161020914711,4.6164213498433426,13,4964,0.0026188557614826753
CodeBERT_partial_s2028,Dot_Net,full,0,47,4.6164213498433426,4.8804265975952141,9,4964,0.0018130539887187753
CodeBERT_partial_s2028,Dot_Net,full,0,48,4.8804265975952141,5.1444318453470856,11,4964,0.0022159548751007254
CodeBERT_partial_s2028,Dot_Net,full,0,49,5.1444318453470856,5.4084370930989571,9,4964,0.0018130539887187753
CodeBERT_partial_s2028,Dot_Net,full,0,50,5.4084370930989571,5.6724423408508287,9,4964,0.0018130539887187753
CodeBERT_partial_s2028,Dot_Net,full,0,51,5.6724423408508287,5.9364475886027002,9,4964,0.0018130539887187753
CodeBERT_partial_s2028,Dot_Net,full,0,52,5.9364475886027002,6.2004528363545734,4,4964,0.00080580177276390005
CodeBERT_partial_s2028,Dot_Net,full,0,53,6.2004528363545734,6.464458084106445,10,4964,0.00201450443190975
CodeBERT_partial_s2028,Dot_Net,full,0,54,6.464458084106445,6.7284633318583165,7,4964,0.0014101531023368251
CodeBERT_partial_s2028,Dot_Net,full,0,55,6.7284633318583165,6.992468579610188,8,4964,0.0016116035455278001
CodeBERT_partial_s2028,Dot_Net,full,0,56,6.992468579610188,7.2564738273620595,7,4964,0.0014101531023368251
CodeBERT_partial_s2028,Dot_Net,full,0,57,7.2564738273620595,7.520479075113931,8,4964,0.0016116035455278001
CodeBERT_partial_s2028,Dot_Net,full,0,58,7.520479075113931,7.7844843228658025,6,4964,0.0012087026591458502
CodeBERT_partial_s2028,Dot_Net,full,0,59,7.7844843228658025,8.0484895706176758,14,4964,0.0028203062046736503
CodeBERT_partial_s2028,Dot_Net,full,1,0,-7.7918252944946289,-7.5278200467427574,2,5036,0.00039714058776806987
CodeBERT_partial_s2028,Dot_Net,full,1,1,-7.5278200467427574,-7.2638147989908859,5,5036,0.00099285146942017471
CodeBERT_partial_s2028,Dot_Net,full,1,2,-7.2638147989908859,-6.9998095512390135,3,5036,0.00059571088165210489
CodeBERT_partial_s2028,Dot_Net,full,1,3,-6.9998095512390135,-6.735804303487142,4,5036,0.00079428117553613975
CodeBERT_partial_s2028,Dot_Net,full,1,4,-6.735804303487142,-6.4717990557352705,5,5036,0.00099285146942017471
CodeBERT_partial_s2028,Dot_Net,full,1,5,-6.4717990557352705,-6.2077938079833981,4,5036,0.00079428117553613975
CodeBERT_partial_s2028,Dot_Net,full,1,6,-6.2077938079833981,-5.9437885602315266,7,5036,0.0013899920571882446
CodeBERT_partial_s2028,Dot_Net,full,1,7,-5.9437885602315266,-5.6797833124796551,6,5036,0.0011914217633042098
CodeBERT_partial_s2028,Dot_Net,full,1,8,-5.6797833124796551,-5.4157780647277836,10,5036,0.0019857029388403494
CodeBERT_partial_s2028,Dot_Net,full,1,9,-5.4157780647277836,-5.1517728169759121,14,5036,0.0027799841143764893
CodeBERT_partial_s2028,Dot_Net,full,1,10,-5.1517728169759121,-4.8877675692240397,10,5036,0.0019857029388403494
CodeBERT_partial_s2028,Dot_Net,full,1,11,-4.8877675692240397,-4.6237623214721681,15,5036,0.0029785544082605244
CodeBERT_partial_s2028,Dot_Net,full,1,12,-4.6237623214721681,-4.3597570737202966,7,5036,0.0013899920571882446
CodeBERT_partial_s2028,Dot_Net,full,1,13,-4.3597570737202966,-4.0957518259684242,7,5036,0.0013899920571882446
CodeBERT_partial_s2028,Dot_Net,full,1,14,-4.0957518259684242,-3.8317465782165527,11,5036,0.0021842732327243845
CodeBERT_partial_s2028,Dot_Net,full,1,15,-3.8317465782165527,-3.5677413304646812,13,5036,0.0025814138204924542
CodeBERT_partial_s2028,Dot_Net,full,1,16,-3.5677413304646812,-3.3037360827128097,12,5036,0.0023828435266084196
CodeBERT_partial_s2028,Dot_Net,full,1,17,-3.3037360827128097,-3.0397308349609382,10,5036,0.0019857029388403494
CodeBERT_partial_s2028,Dot_Net,full,1,18,-3.0397308349609382,-2.7757255872090658,11,5036,0.0021842732327243845
CodeBERT_partial_s2028,Dot_Net,full,1,19,-2.7757255872090658,-2.5117203394571943,10,5036,0.0019857029388403494
CodeBERT_partial_s2028,Dot_Net,full,1,20,-2.5117203394571943,-2.2477150917053228,10,5036,0.0019857029388403494
CodeBERT_partial_s2028,Dot_Net,full,1,21,-2.2477150917053228,-1.9837098439534504,7,5036,0.0013899920571882446
CodeBERT_partial_s2028,Dot_Net,full,1,22,-1.9837098439534504,-1.7197045962015789,5,5036,0.00099285146942017471
CodeBERT_partial_s2028,Dot_Net,full,1,23,-1.7197045962015789,-1.4556993484497074,4,5036,0.00079428117553613975
CodeBERT_partial_s2028,Dot_Net,full,1,24,-1.4556993484497074,-1.1916941006978359,5,5036,0.00099285146942017471
CodeBERT_partial_s2028,Dot_Net,full,1,25,-1.1916941006978359,-0.92768885294596437,5,5036,0.00099285146942017471
CodeBERT_partial_s2028,Dot_Net,full,1,26,-0.92768885294596437,-0.66368360519409197,0,5036,0
CodeBERT_partial_s2028,Dot_Net,full,1,27,-0.66368360519409197,-0.39967835744222047,3,5036,0.00059571088165210489
CodeBERT_partial_s2028,Dot_Net,full,1,28,-0.39967835744222047,-0.13567310969034896,4,5036,0.00079428117553613975
CodeBERT_partial_s2028,Dot_Net,full,1,29,-0.13567310969034896,0.12833213806152344,2,5036,0.00039714058776806987
CodeBERT_partial_s2028,Dot_Net,full,1,30,0.12833213806152344,0.39233738581339495,3,5036,0.00059571088165210489
CodeBERT_partial_s2028,Dot_Net,full,1,31,0.39233738581339495,0.65634263356526645,3,5036,0.00059571088165210489
CodeBERT_partial_s2028,Dot_Net,full,1,32,0.65634263356526645,0.92034788131713796,5,5036,0.00099285146942017471
CodeBERT_partial_s2028,Dot_Net,full,1,33,0.92034788131713796,1.1843531290690095,2,5036,0.00039714058776806987
CodeBERT_partial_s2028,Dot_Net,full,1,34,1.1843531290690095,1.448358376820881,6,5036,0.0011914217633042098
CodeBERT_partial_s2028,Dot_Net,full,1,35,1.448358376820881,1.7123636245727525,3,5036,0.00059571088165210489
CodeBERT_partial_s2028,Dot_Net,full,1,36,1.7123636245727525,1.9763688723246258,7,5036,0.0013899920571882446
CodeBERT_partial_s2028,Dot_Net,full,1,37,1.9763688723246258,2.2403741200764973,16,5036,0.003177124702144559
CodeBERT_partial_s2028,Dot_Net,full,1,38,2.2403741200764973,2.5043793678283688,26,5036,0.0051628276409849084
CodeBERT_partial_s2028,Dot_Net,full,1,39,2.5043793678283688,2.7683846155802403,28,5036,0.0055599682287529786
CodeBERT_partial_s2028,Dot_Net,full,1,40,2.7683846155802403,3.0323898633321118,43,5036,0.0085385226370135025
CodeBERT_partial_s2028,Dot_Net,full,1,41,3.0323898633321118,3.2963951110839833,42,5036,0.008339952343129467
CodeBERT_partial_s2028,Dot_Net,full,1,42,3.2963951110839833,3.5604003588358548,39,5036,0.0077442414614773631
CodeBERT_partial_s2028,Dot_Net,full,1,43,3.5604003588358548,3.8244056065877281,48,5036,0.0095313741064336783
CodeBERT_partial_s2028,Dot_Net,full,1,44,3.8244056065877281,4.0884108543395996,45,5036,0.0089356632247815735
CodeBERT_partial_s2028,Dot_Net,full,1,45,4.0884108543395996,4.3524161020914711,67,5036,0.013304209690230341
CodeBERT_partial_s2028,Dot_Net,full,1,46,4.3524161020914711,4.6164213498433426,50,5036,0.0099285146942017476
CodeBERT_partial_s2028,Dot_Net,full,1,47,4.6164213498433426,4.8804265975952141,51,5036,0.010127084988085783
CodeBERT_partial_s2028,Dot_Net,full,1,48,4.8804265975952141,5.1444318453470856,58,5036,0.011517077045274026
CodeBERT_partial_s2028,Dot_Net,full,1,49,5.1444318453470856,5.4084370930989571,65,5036,0.012907069102462271
CodeBERT_partial_s2028,Dot_Net,full,1,50,5.4084370930989571,5.6724423408508287,63,5036,0.012509928514694202
CodeBERT_partial_s2028,Dot_Net,full,1,51,5.6724423408508287,5.9364475886027002,70,5036,0.013899920571882446
CodeBERT_partial_s2028,Dot_Net,full,1,52,5.9364475886027002,6.2004528363545734,83,5036,0.0164813343923749
CodeBERT_partial_s2028,Dot_Net,full,1,53,6.2004528363545734,6.464458084106445,89,5036,0.01767275615567911
CodeBERT_partial_s2028,Dot_Net,full,1,54,6.464458084106445,6.7284633318583165,102,5036,0.020254169976171566
CodeBERT_partial_s2028,Dot_Net,full,1,55,6.7284633318583165,6.992468579610188,155,5036,0.030778395552025418
CodeBERT_partial_s2028,Dot_Net,full,1,56,6.992468579610188,7.2564738273620595,191,5036,0.037926926131850676
CodeBERT_partial_s2028,Dot_Net,full,1,57,7.2564738273620595,7.520479075113931,273,5036,0.054209690230341542
CodeBERT_partial_s2028,Dot_Net,full,1,58,7.520479075113931,7.7844843228658025,430,5036,0.085385226370135028
CodeBERT_partial_s2028,Dot_Net,full,1,59,7.7844843228658025,8.0484895706176758,2762,5036,0.54845115170770453
CodeBERT_partial_s2028,Win32,boundary,0,0,6.0892319902420056,6.1421409585630906,1,5018,0.00019928258270227183
CodeBERT_partial_s2028,Win32,boundary,0,1,6.1421409585630906,6.1950499268841757,4,5018,0.00079713033080908732
CodeBERT_partial_s2028,Win32,boundary,0,2,6.1950499268841757,6.2479588952052607,2,5018,0.00039856516540454366
CodeBERT_partial_s2028,Win32,boundary,0,3,6.2479588952052607,6.3008678635263458,2,5018,0.00039856516540454366
CodeBERT_partial_s2028,Win32,boundary,0,4,6.3008678635263458,6.3537768318474299,1,5018,0.00019928258270227183
CodeBERT_partial_s2028,Win32,boundary,0,5,6.3537768318474299,6.406685800168515,0,5018,0
CodeBERT_partial_s2028,Win32,boundary,0,6,6.406685800168515,6.4595947684896,0,5018,0
CodeBERT_partial_s2028,Win32,boundary,0,7,6.4595947684896,6.5125037368106851,1,5018,0.00019928258270227183
CodeBERT_partial_s2028,Win32,boundary,0,8,6.5125037368106851,6.5654127051317701,3,5018,0.00059784774810681541
CodeBERT_partial_s2028,Win32,boundary,0,9,6.5654127051317701,6.6183216734528552,1,5018,0.00019928258270227183
CodeBERT_partial_s2028,Win32,boundary,0,10,6.6183216734528552,6.6712306417739402,2,5018,0.00039856516540454366
CodeBERT_partial_s2028,Win32,boundary,0,11,6.6712306417739402,6.7241396100950253,1,5018,0.00019928258270227183
CodeBERT_partial_s2028,Win32,boundary,0,12,6.7241396100950253,6.7770485784161103,4,5018,0.00079713033080908732
CodeBERT_partial_s2028,Win32,boundary,0,13,6.7770485784161103,6.8299575467371954,1,5018,0.00019928258270227183
CodeBERT_partial_s2028,Win32,boundary,0,14,6.8299575467371954,6.8828665150582804,1,5018,0.00019928258270227183
CodeBERT_partial_s2028,Win32,boundary,0,15,6.8828665150582804,6.9357754833793646,0,5018,0
CodeBERT_partial_s2028,Win32,boundary,0,16,6.9357754833793646,6.9886844517004496,1,5018,0.00019928258270227183
CodeBERT_partial_s2028,Win32,boundary,0,17,6.9886844517004496,7.0415934200215347,2,5018,0.00039856516540454366
CodeBERT_partial_s2028,Win32,boundary,0,18,7.0415934200215347,7.0945023883426197,4,5018,0.00079713033080908732
CodeBERT_partial_s2028,Win32,boundary,0,19,7.0945023883426197,7.1474113566637048,2,5018,0.00039856516540454366
CodeBERT_partial_s2028,Win32,boundary,0,20,7.1474113566637048,7.2003203249847898,3,5018,0.00059784774810681541
CodeBERT_partial_s2028,Win32,boundary,0,21,7.2003203249847898,7.2532292933058748,1,5018,0.00019928258270227183
CodeBERT_partial_s2028,Win32,boundary,0,22,7.2532292933058748,7.3061382616269599,0,5018,0
CodeBERT_partial_s2028,Win32,boundary,0,23,7.3061382616269599,7.3590472299480449,1,5018,0.00019928258270227183
CodeBERT_partial_s2028,Win32,boundary,0,24,7.3590472299480449,7.4119561982691291,0,5018,0
CodeBERT_partial_s2028,Win32,boundary,0,25,7.4119561982691291,7.4648651665902142,1,5018,0.00019928258270227183
CodeBERT_partial_s2028,Win32,boundary,0,26,7.4648651665902142,7.5177741349112992,1,5018,0.00019928258270227183
CodeBERT_partial_s2028,Win32,boundary,0,27,7.5177741349112992,7.5706831032323842,0,5018,0
CodeBERT_partial_s2028,Win32,boundary,0,28,7.5706831032323842,7.6235920715534693,1,5018,0.00019928258270227183
CodeBERT_partial_s2028,Win32,boundary,0,29,7.6235920715534693,7.6765010398745543,1,5018,0.00019928258270227183
CodeBERT_partial_s2028,Win32,boundary,0,30,7.6765010398745543,7.7294100081956394,1,5018,0.00019928258270227183
CodeBERT_partial_s2028,Win32,boundary,0,31,7.7294100081956394,7.7823189765167244,2,5018,0.00039856516540454366
CodeBERT_partial_s2028,Win32,boundary,0,32,7.7823189765167244,7.8352279448378095,2,5018,0.00039856516540454366
CodeBERT_partial_s2028,Win32,boundary,0,33,7.8352279448378095,7.8881369131588936,0,5018,0
CodeBERT_partial_s2028,Win32,boundary,0,34,7.8881369131588936,7.9410458814799796,1,5018,0.00019928258270227183
CodeBERT_partial_s2028,Win32,boundary,0,35,7.9410458814799796,7.9939548498010637,2,5018,0.00039856516540454366
CodeBERT_partial_s2028,Win32,boundary,0,36,7.9939548498010637,8.0468638181221497,3,5018,0.00059784774810681541
CodeBERT_partial_s2028,Win32,boundary,0,37,8.0468638181221497,8.0997727864432338,0,5018,0
CodeBERT_partial_s2028,Win32,boundary,0,38,8.0997727864432338,8.1526817547643198,0,5018,0
CodeBERT_partial_s2028,Win32,boundary,0,39,8.1526817547643198,8.2055907230854039,0,5018,0
CodeBERT_partial_s2028,Win32,boundary,1,0,6.0892319902420056,6.1421409585630906,11,4982,0.0022079486150140505
CodeBERT_partial_s2028,Win32,boundary,1,1,6.1421409585630906,6.1950499268841757,10,4982,0.0020072260136491369
CodeBERT_partial_s2028,Win32,boundary,1,2,6.1950499268841757,6.2479588952052607,8,4982,0.0016057808109193096
CodeBERT_partial_s2028,Win32,boundary,1,3,6.2479588952052607,6.3008678635263458,12,4982,0.0024086712163789645
CodeBERT_partial_s2028,Win32,boundary,1,4,6.3008678635263458,6.3537768318474299,16,4982,0.0032115616218386192
CodeBERT_partial_s2028,Win32,boundary,1,5,6.3537768318474299,6.406685800168515,7,4982,0.0014050582095543958
CodeBERT_partial_s2028,Win32,boundary,1,6,6.406685800168515,6.4595947684896,14,4982,0.0028101164191087916
CodeBERT_partial_s2028,Win32,boundary,1,7,6.4595947684896,6.5125037368106851,16,4982,0.0032115616218386192
CodeBERT_partial_s2028,Win32,boundary,1,8,6.5125037368106851,6.5654127051317701,20,4982,0.0040144520272982738
CodeBERT_partial_s2028,Win32,boundary,1,9,6.5654127051317701,6.6183216734528552,21,4982,0.0042151746286631878
CodeBERT_partial_s2028,Win32,boundary,1,10,6.6183216734528552,6.6712306417739402,21,4982,0.0042151746286631878
CodeBERT_partial_s2028,Win32,boundary,1,11,6.6712306417739402,6.7241396100950253,17,4982,0.0034122842232035327
CodeBERT_partial_s2028,Win32,boundary,1,12,6.7241396100950253,6.7770485784161103,26,4982,0.0052187876354877561
CodeBERT_partial_s2028,Win32,boundary,1,13,6.7770485784161103,6.8299575467371954,21,4982,0.0042151746286631878
CodeBERT_partial_s2028,Win32,boundary,1,14,6.8299575467371954,6.8828665150582804,17,4982,0.0034122842232035327
CodeBERT_partial_s2028,Win32,boundary,1,15,6.8828665150582804,6.9357754833793646,16,4982,0.0032115616218386192
CodeBERT_partial_s2028,Win32,boundary,1,16,6.9357754833793646,6.9886844517004496,23,4982,0.004616619831393015
CodeBERT_partial_s2028,Win32,boundary,1,17,6.9886844517004496,7.0415934200215347,41,4982,0.0082296266559614608
CodeBERT_partial_s2028,Win32,boundary,1,18,7.0415934200215347,7.0945023883426197,21,4982,0.0042151746286631878
CodeBERT_partial_s2028,Win32,boundary,1,19,7.0945023883426197,7.1474113566637048,32,4982,0.0064231232436772383
CodeBERT_partial_s2028,Win32,boundary,1,20,7.1474113566637048,7.2003203249847898,26,4982,0.0052187876354877561
CodeBERT_partial_s2028,Win32,boundary,1,21,7.2003203249847898,7.2532292933058748,30,4982,0.0060216780409474103
CodeBERT_partial_s2028,Win32,boundary,1,22,7.2532292933058748,7.3061382616269599,37,4982,0.0074267362505018066
CodeBERT_partial_s2028,Win32,boundary,1,23,7.3061382616269599,7.3590472299480449,35,4982,0.0070252910477719794
CodeBERT_partial_s2028,Win32,boundary,1,24,7.3590472299480449,7.4119561982691291,32,4982,0.0064231232436772383
CodeBERT_partial_s2028,Win32,boundary,1,25,7.4119561982691291,7.4648651665902142,57,4982,0.01144118827780008
CodeBERT_partial_s2028,Win32,boundary,1,26,7.4648651665902142,7.5177741349112992,46,4982,0.0092332396627860299
CodeBERT_partial_s2028,Win32,boundary,1,27,7.5177741349112992,7.5706831032323842,53,4982,0.010638297872340425
CodeBERT_partial_s2028,Win32,boundary,1,28,7.5706831032323842,7.6235920715534693,64,4982,0.012846246487354477
CodeBERT_partial_s2028,Win32,boundary,1,29,7.6235920715534693,7.6765010398745543,51,4982,0.010236852669610599
CodeBERT_partial_s2028,Win32,boundary,1,30,7.6765010398745543,7.7294100081956394,65,4982,0.01304696908871939
CodeBERT_partial_s2028,Win32,boundary,1,31,7.7294100081956394,7.7823189765167244,118,4982,0.023685266961059815
CodeBERT_partial_s2028,Win32,boundary,1,32,7.7823189765167244,7.8352279448378095,123,4982,0.024688879967884384
CodeBERT_partial_s2028,Win32,boundary,1,33,7.8352279448378095,7.8881369131588936,98,4982,0.019670814933761542
CodeBERT_partial_s2028,Win32,boundary,1,34,7.8881369131588936,7.9410458814799796,189,4982,0.037936571657968689
CodeBERT_partial_s2028,Win32,boundary,1,35,7.9410458814799796,7.9939548498010637,277,4982,0.055600160578081093
CodeBERT_partial_s2028,Win32,boundary,1,36,7.9939548498010637,8.0468638181221497,1981,4982,0.39763147330389403
CodeBERT_partial_s2028,Win32,boundary,1,37,8.0468638181221497,8.0997727864432338,8,4982,0.0016057808109193096
CodeBERT_partial_s2028,Win32,boundary,1,38,8.0997727864432338,8.1526817547643198,0,4982,0
CodeBERT_partial_s2028,Win32,boundary,1,39,8.1526817547643198,8.2055907230854039,0,4982,0
CodeBERT_partial_s2028,Win64,boundary,0,0,6.0881718110084542,6.1411305448776492,1,4953,0.00020189783969311529
CodeBERT_partial_s2028,Win64,boundary,0,1,6.1411305448776492,6.1940892787468442,0,4953,0
CodeBERT_partial_s2028,Win64,boundary,0,2,6.1940892787468442,6.2470480126160393,0,4953,0
CodeBERT_partial_s2028,Win64,boundary,0,3,6.2470480126160393,6.3000067464852343,0,4953,0
CodeBERT_partial_s2028,Win64,boundary,0,4,6.3000067464852343,6.3529654803544293,3,4953,0.00060569351907934583
CodeBERT_partial_s2028,Win64,boundary,0,5,6.3529654803544293,6.4059242142236243,1,4953,0.00020189783969311529
CodeBERT_partial_s2028,Win64,boundary,0,6,6.4059242142236243,6.4588829480928194,0,4953,0
CodeBERT_partial_s2028,Win64,boundary,0,7,6.4588829480928194,6.5118416819620144,0,4953,0
CodeBERT_partial_s2028,Win64,boundary,0,8,6.5118416819620144,6.5648004158312094,4,4953,0.00080759135877246115
CodeBERT_partial_s2028,Win64,boundary,0,9,6.5648004158312094,6.6177591497004045,1,4953,0.00020189783969311529
CodeBERT_partial_s2028,Win64,boundary,0,10,6.6177591497004045,6.6707178835695995,1,4953,0.00020189783969311529
CodeBERT_partial_s2028,Win64,boundary,0,11,6.6707178835695995,6.7236766174387945,1,4953,0.00020189783969311529
CodeBERT_partial_s2028,Win64,boundary,0,12,6.7236766174387945,6.7766353513079887,3,4953,0.00060569351907934583
CodeBERT_partial_s2028,Win64,boundary,0,13,6.7766353513079887,6.8295940851771837,6,4953,0.0012113870381586917
CodeBERT_partial_s2028,Win64,boundary,0,14,6.8295940851771837,6.8825528190463787,6,4953,0.0012113870381586917
CodeBERT_partial_s2028,Win64,boundary,0,15,6.8825528190463787,6.9355115529155738,3,4953,0.00060569351907934583
CodeBERT_partial_s2028,Win64,boundary,0,16,6.9355115529155738,6.9884702867847688,1,4953,0.00020189783969311529
CodeBERT_partial_s2028,Win64,boundary,0,17,6.9884702867847688,7.0414290206539638,2,4953,0.00040379567938623057
CodeBERT_partial_s2028,Win64,boundary,0,18,7.0414290206539638,7.0943877545231588,2,4953,0.00040379567938623057
CodeBERT_partial_s2028,Win64,boundary,0,19,7.0943877545231588,7.1473464883923539,2,4953,0.00040379567938623057
CodeBERT_partial_s2028,Win64,boundary,0,20,7.1473464883923539,7.2003052222615489,1,4953,0.00020189783969311529
CodeBERT_partial_s2028,Win64,boundary,0,21,7.2003052222615489,7.2532639561307439,3,4953,0.00060569351907934583
CodeBERT_partial_s2028,Win64,boundary,0,22,7.2532639561307439,7.306222689999939,4,4953,0.00080759135877246115
CodeBERT_partial_s2028,Win64,boundary,0,23,7.306222689999939,7.359181423869134,2,4953,0.00040379567938623057
CodeBERT_partial_s2028,Win64,boundary,0,24,7.359181423869134,7.412140157738329,2,4953,0.00040379567938623057
CodeBERT_partial_s2028,Win64,boundary,0,25,7.412140157738329,7.465098891607524,0,4953,0
CodeBERT_partial_s2028,Win64,boundary,0,26,7.465098891607524,7.5180576254767191,0,4953,0
CodeBERT_partial_s2028,Win64,boundary,0,27,7.5180576254767191,7.5710163593459141,1,4953,0.00020189783969311529
CodeBERT_partial_s2028,Win64,boundary,0,28,7.5710163593459141,7.6239750932151091,1,4953,0.00020189783969311529
CodeBERT_partial_s2028,Win64,boundary,0,29,7.6239750932151091,7.6769338270843033,2,4953,0.00040379567938623057
CodeBERT_partial_s2028,Win64,boundary,0,30,7.6769338270843033,7.7298925609534983,6,4953,0.0012113870381586917
CodeBERT_partial_s2028,Win64,boundary,0,31,7.7298925609534983,7.7828512948226933,0,4953,0
CodeBERT_partial_s2028,Win64,boundary,0,32,7.7828512948226933,7.8358100286918884,0,4953,0
CodeBERT_partial_s2028,Win64,boundary,0,33,7.8358100286918884,7.8887687625610834,0,4953,0
CodeBERT_partial_s2028,Win64,boundary,0,34,7.8887687625610834,7.9417274964302784,2,4953,0.00040379567938623057
CodeBERT_partial_s2028,Win64,boundary,0,35,7.9417274964302784,7.9946862302994735,7,4953,0.001413284877851807
CodeBERT_partial_s2028,Win64,boundary,0,36,7.9946862302994735,8.0476449641686685,7,4953,0.001413284877851807
CodeBERT_partial_s2028,Win64,boundary,0,37,8.0476449641686685,8.1006036980378635,0,4953,0
CodeBERT_partial_s2028,Win64,boundary,0,38,8.1006036980378635,8.1535624319070585,0,4953,0
CodeBERT_partial_s2028,Win64,boundary,0,39,8.1535624319070585,8.2065211657762536,0,4953,0
CodeBERT_partial_s2028,Win64,boundary,1,0,6.0881718110084542,6.1411305448776492,21,5047,0.004160887656033287
CodeBERT_partial_s2028,Win64,boundary,1,1,6.1411305448776492,6.1940892787468442,21,5047,0.004160887656033287
CodeBERT_partial_s2028,Win64,boundary,1,2,6.1940892787468442,6.2470480126160393,22,5047,0.004359025163463444
CodeBERT_partial_s2028,Win64,boundary,1,3,6.2470480126160393,6.3000067464852343,27,5047,0.0053497127006142259
CodeBERT_partial_s2028,Win64,boundary,1,4,6.3000067464852343,6.3529654803544293,28,5047,0.0055478502080443829
CodeBERT_partial_s2028,Win64,boundary,1,5,6.3529654803544293,6.4059242142236243,27,5047,0.0053497127006142259
CodeBERT_partial_s2028,Win64,boundary,1,6,6.4059242142236243,6.4588829480928194,35,5047,0.0069348127600554789
CodeBERT_partial_s2028,Win64,boundary,1,7,6.4588829480928194,6.5118416819620144,30,5047,0.0059441252229046962
CodeBERT_partial_s2028,Win64,boundary,1,8,6.5118416819620144,6.5648004158312094,38,5047,0.0075292252823459483
CodeBERT_partial_s2028,Win64,boundary,1,9,6.5648004158312094,6.6177591497004045,33,5047,0.0065385377451951656
CodeBERT_partial_s2028,Win64,boundary,1,10,6.6177591497004045,6.6707178835695995,33,5047,0.0065385377451951656
CodeBERT_partial_s2028,Win64,boundary,1,11,6.6707178835695995,6.7236766174387945,28,5047,0.0055478502080443829
CodeBERT_partial_s2028,Win64,boundary,1,12,6.7236766174387945,6.7766353513079887,42,5047,0.008321775312066574
CodeBERT_partial_s2028,Win64,boundary,1,13,6.7766353513079887,6.8295940851771837,35,5047,0.0069348127600554789
CodeBERT_partial_s2028,Win64,boundary,1,14,6.8295940851771837,6.8825528190463787,41,5047,0.0081236378046364178
CodeBERT_partial_s2028,Win64,boundary,1,15,6.8825528190463787,6.9355115529155738,36,5047,0.0071329502674856351
CodeBERT_partial_s2028,Win64,boundary,1,16,6.9355115529155738,6.9884702867847688,42,5047,0.008321775312066574
CodeBERT_partial_s2028,Win64,boundary,1,17,6.9884702867847688,7.0414290206539638,26,5047,0.0051515751931840697
CodeBERT_partial_s2028,Win64,boundary,1,18,7.0414290206539638,7.0943877545231588,47,5047,0.0093124628492173567
CodeBERT_partial_s2028,Win64,boundary,1,19,7.0943877545231588,7.1473464883923539,38,5047,0.0075292252823459483
CodeBERT_partial_s2028,Win64,boundary,1,20,7.1473464883923539,7.2003052222615489,62,5047,0.012284525460669705
CodeBERT_partial_s2028,Win64,boundary,1,21,7.2003052222615489,7.2532639561307439,45,5047,0.0089161878343570443
CodeBERT_partial_s2028,Win64,boundary,1,22,7.2532639561307439,7.306222689999939,43,5047,0.0085199128194967302
CodeBERT_partial_s2028,Win64,boundary,1,23,7.306222689999939,7.359181423869134,52,5047,0.010303150386368139
CodeBERT_partial_s2028,Win64,boundary,1,24,7.359181423869134,7.412140157738329,59,5047,0.011690112938379234
CodeBERT_partial_s2028,Win64,boundary,1,25,7.412140157738329,7.465098891607524,61,5047,0.012086387953239549
CodeBERT_partial_s2028,Win64,boundary,1,26,7.465098891607524,7.5180576254767191,57,5047,0.011293837923518922
CodeBERT_partial_s2028,Win64,boundary,1,27,7.5180576254767191,7.5710163593459141,62,5047,0.012284525460669705
CodeBERT_partial_s2028,Win64,boundary,1,28,7.5710163593459141,7.6239750932151091,41,5047,0.0081236378046364178
CodeBERT_partial_s2028,Win64,boundary,1,29,7.6239750932151091,7.6769338270843033,79,5047,0.015652863086982365
CodeBERT_partial_s2028,Win64,boundary,1,30,7.6769338270843033,7.7298925609534983,109,5047,0.021596988309887061
CodeBERT_partial_s2028,Win64,boundary,1,31,7.7298925609534983,7.7828512948226933,99,5047,0.019615613235585496
CodeBERT_partial_s2028,Win64,boundary,1,32,7.7828512948226933,7.8358100286918884,122,5047,0.024172775906479097
CodeBERT_partial_s2028,Win64,boundary,1,33,7.8358100286918884,7.8887687625610834,132,5047,0.026154150980780663
CodeBERT_partial_s2028,Win64,boundary,1,34,7.8887687625610834,7.9417274964302784,208,5047,0.041212601545472557
CodeBERT_partial_s2028,Win64,boundary,1,35,7.9417274964302784,7.9946862302994735,438,5047,0.086784228254408555
CodeBERT_partial_s2028,Win64,boundary,1,36,7.9946862302994735,8.0476449641686685,1661,5047,0.32910639984148998
CodeBERT_partial_s2028,Win64,boundary,1,37,8.0476449641686685,8.1006036980378635,13,5047,0.0025757875965920348
CodeBERT_partial_s2028,Win64,boundary,1,38,8.1006036980378635,8.1535624319070585,0,5047,0
CodeBERT_partial_s2028,Win64,boundary,1,39,8.1535624319070585,8.2065211657762536,0,5047,0
CodeBERT_partial_s2028,Dot_Net,boundary,0,0,5.9374876124382023,5.9942201604384184,1,4964,0.00020145044319097501
CodeBERT_partial_s2028,Dot_Net,boundary,0,1,5.9942201604384184,6.0509527084386354,0,4964,0
CodeBERT_partial_s2028,Dot_Net,boundary,0,2,6.0509527084386354,6.1076852564388515,3,4964,0.00060435132957292509
CodeBERT_partial_s2028,Dot_Net,boundary,0,3,6.1076852564388515,6.1644178044390685,0,4964,0
CodeBERT_partial_s2028,Dot_Net,boundary,0,4,6.1644178044390685,6.2211503524392846,1,4964,0.00020145044319097501
CodeBERT_partial_s2028,Dot_Net,boundary,0,5,6.2211503524392846,6.2778829004395007,1,4964,0.00020145044319097501
CodeBERT_partial_s2028,Dot_Net,boundary,0,6,6.2778829004395007,6.3346154484397177,2,4964,0.00040290088638195002
CodeBERT_partial_s2028,Dot_Net,boundary,0,7,6.3346154484397177,6.3913479964399338,3,4964,0.00060435132957292509
CodeBERT_partial_s2028,Dot_Net,boundary,0,8,6.3913479964399338,6.4480805444401508,2,4964,0.00040290088638195002
CodeBERT_partial_s2028,Dot_Net,boundary,0,9,6.4480805444401508,6.5048130924403669,2,4964,0.00040290088638195002
CodeBERT_partial_s2028,Dot_Net,boundary,0,10,6.5048130924403669,6.561545640440583,2,4964,0.00040290088638195002
CodeBERT_partial_s2028,Dot_Net,boundary,0,11,6.561545640440583,6.6182781884408,3,4964,0.00060435132957292509
CodeBERT_partial_s2028,Dot_Net,boundary,0,12,6.6182781884408,6.6750107364410161,0,4964,0
CodeBERT_partial_s2028,Dot_Net,boundary,0,13,6.6750107364410161,6.731743284441233,1,4964,0.00020145044319097501
CodeBERT_partial_s2028,Dot_Net,boundary,0,14,6.731743284441233,6.7884758324414491,4,4964,0.00080580177276390005
CodeBERT_partial_s2028,Dot_Net,boundary,0,15,6.7884758324414491,6.8452083804416652,1,4964,0.00020145044319097501
CodeBERT_partial_s2028,Dot_Net,boundary,0,16,6.8452083804416652,6.9019409284418822,0,4964,0
CodeBERT_partial_s2028,Dot_Net,boundary,0,17,6.9019409284418822,6.9586734764420983,2,4964,0.00040290088638195002
CodeBERT_partial_s2028,Dot_Net,boundary,0,18,6.9586734764420983,7.0154060244423153,2,4964,0.00040290088638195002
CodeBERT_partial_s2028,Dot_Net,boundary,0,19,7.0154060244423153,7.0721385724425314,1,4964,0.00020145044319097501
CodeBERT_partial_s2028,Dot_Net,boundary,0,20,7.0721385724425314,7.1288711204427475,0,4964,0
CodeBERT_partial_s2028,Dot_Net,boundary,0,21,7.1288711204427475,7.1856036684429645,3,4964,0.00060435132957292509
CodeBERT_partial_s2028,Dot_Net,boundary,0,22,7.1856036684429645,7.2423362164431806,2,4964,0.00040290088638195002
CodeBERT_partial_s2028,Dot_Net,boundary,0,23,7.2423362164431806,7.2990687644433976,1,4964,0.00020145044319097501
CodeBERT_partial_s2028,Dot_Net,boundary,0,24,7.2990687644433976,7.3558013124436137,2,4964,0.00040290088638195002
CodeBERT_partial_s2028,Dot_Net,boundary,0,25,7.3558013124436137,7.4125338604438298,2,4964,0.00040290088638195002
CodeBERT_partial_s2028,Dot_Net,boundary,0,26,7.4125338604438298,7.4692664084440468,1,4964,0.00020145044319097501
CodeBERT_partial_s2028,Dot_Net,boundary,0,27,7.4692664084440468,7.5259989564442629,2,4964,0.00040290088638195002
CodeBERT_partial_s2028,Dot_Net,boundary,0,28,7.5259989564442629,7.5827315044444799,1,4964,0.00020145044319097501
CodeBERT_partial_s2028,Dot_Net,boundary,0,29,7.5827315044444799,7.639464052444696,2,4964,0.00040290088638195002
CodeBERT_partial_s2028,Dot_Net,boundary,0,30,7.639464052444696,7.6961966004449121,2,4964,0.00040290088638195002
CodeBERT_partial_s2028,Dot_Net,boundary,0,31,7.6961966004449121,7.752929148445129,1,4964,0.00020145044319097501
CodeBERT_partial_s2028,Dot_Net,boundary,0,32,7.752929148445129,7.8096616964453451,2,4964,0.00040290088638195002
CodeBERT_partial_s2028,Dot_Net,boundary,0,33,7.8096616964453451,7.8663942444455621,1,4964,0.00020145044319097501
CodeBERT_partial_s2028,Dot_Net,boundary,0,34,7.8663942444455621,7.9231267924457782,3,4964,0.00060435132957292509
CodeBERT_partial_s2028,Dot_Net,boundary,0,35,7.9231267924457782,7.9798593404459943,2,4964,0.00040290088638195002
CodeBERT_partial_s2028,Dot_Net,boundary,0,36,7.9798593404459943,8.0365918884462104,2,4964,0.00040290088638195002
CodeBERT_partial_s2028,Dot_Net,boundary,0,37,8.0365918884462104,8.0933244364464265,4,4964,0.00080580177276390005
CodeBERT_partial_s2028,Dot_Net,boundary,0,38,8.0933244364464265,8.1500569844466444,0,4964,0
CodeBERT_partial_s2028,Dot_Net,boundary,0,39,8.1500569844466444,8.2067895324468605,0,4964,0
CodeBERT_partial_s2028,Dot_Net,boundary,1,0,5.9374876124382023,5.9942201604384184,13,5036,0.0025814138204924542
CodeBERT_partial_s2028,Dot_Net,boundary,1,1,5.9942201604384184,6.0509527084386354,14,5036,0.0027799841143764893
CodeBERT_partial_s2028,Dot_Net,boundary,1,2,6.0509527084386354,6.1076852564388515,20,5036,0.0039714058776806989
CodeBERT_partial_s2028,Dot_Net,boundary,1,3,6.1076852564388515,6.1644178044390685,21,5036,0.0041699761715647335
CodeBERT_partial_s2028,Dot_Net,boundary,1,4,6.1644178044390685,6.2211503524392846,25,5036,0.0049642573471008738
CodeBERT_partial_s2028,Dot_Net,boundary,1,5,6.2211503524392846,6.2778829004395007,29,5036,0.0057585385226370132
CodeBERT_partial_s2028,Dot_Net,boundary,1,6,6.2778829004395007,6.3346154484397177,15,5036,0.0029785544082605244
CodeBERT_partial_s2028,Dot_Net,boundary,1,7,6.3346154484397177,6.3913479964399338,19,5036,0.0037728355837966642
CodeBERT_partial_s2028,Dot_Net,boundary,1,8,6.3913479964399338,6.4480805444401508,12,5036,0.0023828435266084196
CodeBERT_partial_s2028,Dot_Net,boundary,1,9,6.4480805444401508,6.5048130924403669,18,5036,0.0035742652899126291
CodeBERT_partial_s2028,Dot_Net,boundary,1,10,6.5048130924403669,6.561545640440583,18,5036,0.0035742652899126291
CodeBERT_partial_s2028,Dot_Net,boundary,1,11,6.561545640440583,6.6182781884408,25,5036,0.0049642573471008738
CodeBERT_partial_s2028,Dot_Net,boundary,1,12,6.6182781884408,6.6750107364410161,22,5036,0.004368546465448769
CodeBERT_partial_s2028,Dot_Net,boundary,1,13,6.6750107364410161,6.731743284441233,23,5036,0.0045671167593328036
CodeBERT_partial_s2028,Dot_Net,boundary,1,14,6.731743284441233,6.7884758324414491,31,5036,0.0061556791104050834
CodeBERT_partial_s2028,Dot_Net,boundary,1,15,6.7884758324414491,6.8452083804416652,33,5036,0.0065528196981731535
CodeBERT_partial_s2028,Dot_Net,boundary,1,16,6.8452083804416652,6.9019409284418822,33,5036,0.0065528196981731535
CodeBERT_partial_s2028,Dot_Net,boundary,1,17,6.9019409284418822,6.9586734764420983,40,5036,0.0079428117553613977
CodeBERT_partial_s2028,Dot_Net,boundary,1,18,6.9586734764420983,7.0154060244423153,33,5036,0.0065528196981731535
CodeBERT_partial_s2028,Dot_Net,boundary,1,19,7.0154060244423153,7.0721385724425314,37,5036,0.0073471008737092929
CodeBERT_partial_s2028,Dot_Net,boundary,1,20,7.0721385724425314,7.1288711204427475,43,5036,0.0085385226370135025
CodeBERT_partial_s2028,Dot_Net,boundary,1,21,7.1288711204427475,7.1856036684429645,38,5036,0.0075456711675933284
CodeBERT_partial_s2028,Dot_Net,boundary,1,22,7.1856036684429645,7.2423362164431806,45,5036,0.0089356632247815735
CodeBERT_partial_s2028,Dot_Net,boundary,1,23,7.2423362164431806,7.2990687644433976,49,5036,0.0097299444003177121
CodeBERT_partial_s2028,Dot_Net,boundary,1,24,7.2990687644433976,7.3558013124436137,56,5036,0.011119936457505957
CodeBERT_partial_s2028,Dot_Net,boundary,1,25,7.3558013124436137,7.4125338604438298,56,5036,0.011119936457505957
CodeBERT_partial_s2028,Dot_Net,boundary,1,26,7.4125338604438298,7.4692664084440468,64,5036,0.012708498808578236
CodeBERT_partial_s2028,Dot_Net,boundary,1,27,7.4692664084440468,7.5259989564442629,69,5036,0.013701350277998412
CodeBERT_partial_s2028,Dot_Net,boundary,1,28,7.5259989564442629,7.5827315044444799,71,5036,0.014098490865766481
CodeBERT_partial_s2028,Dot_Net,boundary,1,29,7.5827315044444799,7.639464052444696,89,5036,0.01767275615567911
CodeBERT_partial_s2028,Dot_Net,boundary,1,30,7.639464052444696,7.6961966004449121,93,5036,0.018467037331215252
CodeBERT_partial_s2028,Dot_Net,boundary,1,31,7.6961966004449121,7.752929148445129,97,5036,0.01926131850675139
CodeBERT_partial_s2028,Dot_Net,boundary,1,32,7.752929148445129,7.8096616964453451,143,5036,0.028395552025416996
CodeBERT_partial_s2028,Dot_Net,boundary,1,33,7.8096616964453451,7.8663942444455621,176,5036,0.034948371723590152
CodeBERT_partial_s2028,Dot_Net,boundary,1,34,7.8663942444455621,7.9231267924457782,241,5036,0.04785544082605242
CodeBERT_partial_s2028,Dot_Net,boundary,1,35,7.9231267924457782,7.9798593404459943,412,5036,0.0818109610802224
CodeBERT_partial_s2028,Dot_Net,boundary,1,36,7.9798593404459943,8.0365918884462104,1145,5036,0.22736298649722
CodeBERT_partial_s2028,Dot_Net,boundary,1,37,8.0365918884462104,8.0933244364464265,717,5036,0.14237490071485306
CodeBERT_partial_s2028,Dot_Net,boundary,1,38,8.0933244364464265,8.1500569844466444,0,5036,0
CodeBERT_partial_s2028,Dot_Net,boundary,1,39,8.1500569844466444,8.2067895324468605,0,5036,0
CodeBERT_unfrozen_s2026,Win32,full,0,0,-5.9881727695465088,-5.7891999761263531,2419,5018,0.48206456755679555
CodeBERT_unfrozen_s2026,Win32,full,0,1,-5.7891999761263531,-5.5902271827061973,464,5018,0.092467118373854129
CodeBERT_unfrozen_s2026,Win32,full,0,2,-5.5902271827061973,-5.3912543892860416,233,5018,0.046432841769629335
CodeBERT_unfrozen_s2026,Win32,full,0,3,-5.3912543892860416,-5.1922815958658859,180,5018,0.035870864886408928
CodeBERT_unfrozen_s2026,Win32,full,0,4,-5.1922815958658859,-4.9933088024457293,157,5018,0.031287365484256674
CodeBERT_unfrozen_s2026,Win32,full,0,5,-4.9933088024457293,-4.7943360090255736,124,5018,0.024711040255081706
CodeBERT_unfrozen_s2026,Win32,full,0,6,-4.7943360090255736,-4.5953632156054178,116,5018,0.023116779593463532
CodeBERT_unfrozen_s2026,Win32,full,0,7,-4.5953632156054178,-4.3963904221852621,100,5018,0.019928258270227182
CodeBERT_unfrozen_s2026,Win32,full,0,8,-4.3963904221852621,-4.1974176287651064,90,5018,0.017935432443204464
CodeBERT_unfrozen_s2026,Win32,full,0,9,-4.1974176287651064,-3.9984448353449507,85,5018,0.016939019529693105
CodeBERT_unfrozen_s2026,Win32,full,0,10,-3.9984448353449507,-3.7994720419247945,122,5018,0.024312475089677162
CodeBERT_unfrozen_s2026,Win32,full,0,11,-3.7994720419247945,-3.6004992485046388,87,5018,0.017337584695097649
CodeBERT_unfrozen_s2026,Win32,full,0,12,-3.6004992485046388,-3.401526455084483,96,5018,0.019131127939418093
CodeBERT_unfrozen_s2026,Win32,full,0,13,-3.401526455084483,-3.2025536616643269,75,5018,0.014946193702670387
CodeBERT_unfrozen_s2026,Win32,full,0,14,-3.2025536616643269,-3.0035808682441711,115,5018,0.022917497010761258
CodeBERT_unfrozen_s2026,Win32,full,0,15,-3.0035808682441711,-2.8046080748240154,79,5018,0.015743324033479472
CodeBERT_unfrozen_s2026,Win32,full,0,16,-2.8046080748240154,-2.6056352814038597,30,5018,0.0059784774810681543
CodeBERT_unfrozen_s2026,Win32,full,0,17,-2.6056352814038597,-2.406662487983704,14,5018,0.0027899561578318055
CodeBERT_unfrozen_s2026,Win32,full,0,18,-2.406662487983704,-2.2076896945635478,11,5018,0.00219210840972499
CodeBERT_unfrozen_s2026,Win32,full,0,19,-2.2076896945635478,-2.0087169011433921,14,5018,0.0027899561578318055
CodeBERT_unfrozen_s2026,Win32,full,0,20,-2.0087169011433921,-1.8097441077232359,17,5018,0.003387803905938621
CodeBERT_unfrozen_s2026,Win32,full,0,21,-1.8097441077232359,-1.6107713143030802,34,5018,0.006775607811877242
CodeBERT_unfrozen_s2026,Win32,full,0,22,-1.6107713143030802,-1.4117985208829245,41,5018,0.0081705858907931452
CodeBERT_unfrozen_s2026,Win32,full,0,23,-1.4117985208829245,-1.2128257274627687,41,5018,0.0081705858907931452
CodeBERT_unfrozen_s2026,Win32,full,0,24,-1.2128257274627687,-1.013852934042613,18,5018,0.0035870864886408927
CodeBERT_unfrozen_s2026,Win32,full,0,25,-1.013852934042613,-0.81488014062245728,6,5018,0.0011956954962136308
CodeBERT_unfrozen_s2026,Win32,full,0,26,-0.81488014062245728,-0.61590734720230156,1,5018,0.00019928258270227183
CodeBERT_unfrozen_s2026,Win32,full,0,27,-0.61590734720230156,-0.41693455378214495,5,5018,0.00099641291351135913
CodeBERT_unfrozen_s2026,Win32,full,0,28,-0.41693455378214495,-0.21796176036198922,0,5018,0
CodeBERT_unfrozen_s2026,Win32,full,0,29,-0.21796176036198922,-0.018988966941833496,3,5018,0.00059784774810681541
CodeBERT_unfrozen_s2026,Win32,full,0,30,-0.018988966941833496,0.17998382647832223,1,5018,0.00019928258270227183
CodeBERT_unfrozen_s2026,Win32,full,0,31,0.17998382647832223,0.37895661989847795,1,5018,0.00019928258270227183
CodeBERT_unfrozen_s2026,Win32,full,0,32,0.37895661989847795,0.57792941331863368,7,5018,0.0013949780789159027
CodeBERT_unfrozen_s2026,Win32,full,0,33,0.57792941331863368,0.7769022067387894,13,5018,0.0025906735751295338
CodeBERT_unfrozen_s2026,Win32,full,0,34,0.7769022067387894,0.97587500015894513,3,5018,0.00059784774810681541
CodeBERT_unfrozen_s2026,Win32,full,0,35,0.97587500015894513,1.1748477935791009,3,5018,0.00059784774810681541
CodeBERT_unfrozen_s2026,Win32,full,0,36,1.1748477935791009,1.3738205869992575,6,5018,0.0011956954962136308
CodeBERT_unfrozen_s2026,Win32,full,0,37,1.3738205869992575,1.5727933804194132,8,5018,0.0015942606616181746
CodeBERT_unfrozen_s2026,Win32,full,0,38,1.5727933804194132,1.7717661738395689,9,5018,0.0017935432443204463
CodeBERT_unfrozen_s2026,Win32,full,0,39,1.7717661738395689,1.9707389672597246,8,5018,0.0015942606616181746
CodeBERT_unfrozen_s2026,Win32,full,0,40,1.9707389672597246,2.1697117606798813,8,5018,0.0015942606616181746
CodeBERT_unfrozen_s2026,Win32,full,0,41,2.1697117606798813,2.368684554100037,8,5018,0.0015942606616181746
CodeBERT_unfrozen_s2026,Win32,full,0,42,2.368684554100037,2.5676573475201927,11,5018,0.00219210840972499
CodeBERT_unfrozen_s2026,Win32,full,0,43,2.5676573475201927,2.7666301409403484,17,5018,0.003387803905938621
CodeBERT_unfrozen_s2026,Win32,full,0,44,2.7666301409403484,2.9656029343605042,19,5018,0.0037863690713431648
CodeBERT_unfrozen_s2026,Win32,full,0,45,2.9656029343605042,3.1645757277806599,13,5018,0.0025906735751295338
CodeBERT_unfrozen_s2026,Win32,full,0,46,3.1645757277806599,3.3635485212008156,13,5018,0.0025906735751295338
CodeBERT_unfrozen_s2026,Win32,full,0,47,3.3635485212008156,3.5625213146209713,6,5018,0.0011956954962136308
CodeBERT_unfrozen_s2026,Win32,full,0,48,3.5625213146209713,3.761494108041127,12,5018,0.0023913909924272616
CodeBERT_unfrozen_s2026,Win32,full,0,49,3.761494108041127,3.9604669014612828,6,5018,0.0011956954962136308
CodeBERT_unfrozen_s2026,Win32,full,0,50,3.9604669014612828,4.1594396948814385,6,5018,0.0011956954962136308
CodeBERT_unfrozen_s2026,Win32,full,0,51,4.1594396948814385,4.3584124883015942,4,5018,0.00079713033080908732
CodeBERT_unfrozen_s2026,Win32,full,0,52,4.3584124883015942,4.5573852817217499,6,5018,0.0011956954962136308
CodeBERT_unfrozen_s2026,Win32,full,0,53,4.5573852817217499,4.7563580751419057,4,5018,0.00079713033080908732
CodeBERT_unfrozen_s2026,Win32,full,0,54,4.7563580751419057,4.9553308685620614,2,5018,0.00039856516540454366
CodeBERT_unfrozen_s2026,Win32,full,0,55,4.9553308685620614,5.1543036619822189,6,5018,0.0011956954962136308
CodeBERT_unfrozen_s2026,Win32,full,0,56,5.1543036619822189,5.3532764554023746,3,5018,0.00059784774810681541
CodeBERT_unfrozen_s2026,Win32,full,0,57,5.3532764554023746,5.5522492488225303,11,5018,0.00219210840972499
CodeBERT_unfrozen_s2026,Win32,full,0,58,5.5522492488225303,5.7512220422426861,16,5018,0.0031885213232363493
CodeBERT_unfrozen_s2026,Win32,full,0,59,5.7512220422426861,5.9501948356628418,11,5018,0.00219210840972499
CodeBERT_unfrozen_s2026,Win32,full,1,0,-5.9881727695465088,-5.7891999761263531,7,4982,0.0014050582095543958
CodeBERT_unfrozen_s2026,Win32,full,1,1,-5.7891999761263531,-5.5902271827061973,12,4982,0.0024086712163789645
CodeBERT_unfrozen_s2026,Win32,full,1,2,-5.5902271827061973,-5.3912543892860416,13,4982,0.002609393817743878
CodeBERT_unfrozen_s2026,Win32,full,1,3,-5.3912543892860416,-5.1922815958658859,13,4982,0.002609393817743878
CodeBERT_unfrozen_s2026,Win32,full,1,4,-5.1922815958658859,-4.9933088024457293,6,4982,0.0012043356081894822
CodeBERT_unfrozen_s2026,Win32,full,1,5,-4.9933088024457293,-4.7943360090255736,7,4982,0.0014050582095543958
CodeBERT_unfrozen_s2026,Win32,full,1,6,-4.7943360090255736,-4.5953632156054178,17,4982,0.0034122842232035327
CodeBERT_unfrozen_s2026,Win32,full,1,7,-4.5953632156054178,-4.3963904221852621,18,4982,0.0036130068245684463
CodeBERT_unfrozen_s2026,Win32,full,1,8,-4.3963904221852621,-4.1974176287651064,12,4982,0.0024086712163789645
CodeBERT_unfrozen_s2026,Win32,full,1,9,-4.1974176287651064,-3.9984448353449507,20,4982,0.0040144520272982738
CodeBERT_unfrozen_s2026,Win32,full,1,10,-3.9984448353449507,-3.7994720419247945,33,4982,0.0066238458450421514
CodeBERT_unfrozen_s2026,Win32,full,1,11,-3.7994720419247945,-3.6004992485046388,34,4982,0.0068245684464070654
CodeBERT_unfrozen_s2026,Win32,full,1,12,-3.6004992485046388,-3.401526455084483,31,4982,0.0062224006423123243
CodeBERT_unfrozen_s2026,Win32,full,1,13,-3.401526455084483,-3.2025536616643269,41,4982,0.0082296266559614608
CodeBERT_unfrozen_s2026,Win32,full,1,14,-3.2025536616643269,-3.0035808682441711,55,4982,0.011039743075070253
CodeBERT_unfrozen_s2026,Win32,full,1,15,-3.0035808682441711,-2.8046080748240154,46,4982,0.0092332396627860299
CodeBERT_unfrozen_s2026,Win32,full,1,16,-2.8046080748240154,-2.6056352814038597,28,4982,0.0056202328382175832
CodeBERT_unfrozen_s2026,Win32,full,1,17,-2.6056352814038597,-2.406662487983704,7,4982,0.0014050582095543958
CodeBERT_unfrozen_s2026,Win32,full,1,18,-2.406662487983704,-2.2076896945635478,13,4982,0.002609393817743878
CodeBERT_unfrozen_s2026,Win32,full,1,19,-2.2076896945635478,-2.0087169011433921,7,4982,0.0014050582095543958
CodeBERT_unfrozen_s2026,Win32,full,1,20,-2.0087169011433921,-1.8097441077232359,11,4982,0.0022079486150140505
CodeBERT_unfrozen_s2026,Win32,full,1,21,-1.8097441077232359,-1.6107713143030802,26,4982,0.0052187876354877561
CodeBERT_unfrozen_s2026,Win32,full,1,22,-1.6107713143030802,-1.4117985208829245,46,4982,0.0092332396627860299
CodeBERT_unfrozen_s2026,Win32,full,1,23,-1.4117985208829245,-1.2128257274627687,59,4982,0.011842633480529908
CodeBERT_unfrozen_s2026,Win32,full,1,24,-1.2128257274627687,-1.013852934042613,46,4982,0.0092332396627860299
CodeBERT_unfrozen_s2026,Win32,full,1,25,-1.013852934042613,-0.81488014062245728,18,4982,0.0036130068245684463
CodeBERT_unfrozen_s2026,Win32,full,1,26,-0.81488014062245728,-0.61590734720230156,6,4982,0.0012043356081894822
CodeBERT_unfrozen_s2026,Win32,full,1,27,-0.61590734720230156,-0.41693455378214495,2,4982,0.00040144520272982739
CodeBERT_unfrozen_s2026,Win32,full,1,28,-0.41693455378214495,-0.21796176036198922,3,4982,0.00060216780409474112
CodeBERT_unfrozen_s2026,Win32,full,1,29,-0.21796176036198922,-0.018988966941833496,5,4982,0.0010036130068245685
CodeBERT_unfrozen_s2026,Win32,full,1,30,-0.018988966941833496,0.17998382647832223,3,4982,0.00060216780409474112
CodeBERT_unfrozen_s2026,Win32,full,1,31,0.17998382647832223,0.37895661989847795,3,4982,0.00060216780409474112
CodeBERT_unfrozen_s2026,Win32,full,1,32,0.37895661989847795,0.57792941331863368,5,4982,0.0010036130068245685
CodeBERT_unfrozen_s2026,Win32,full,1,33,0.57792941331863368,0.7769022067387894,62,4982,0.012444801284624649
CodeBERT_unfrozen_s2026,Win32,full,1,34,0.7769022067387894,0.97587500015894513,23,4982,0.004616619831393015
CodeBERT_unfrozen_s2026,Win32,full,1,35,0.97587500015894513,1.1748477935791009,6,4982,0.0012043356081894822
CodeBERT_unfrozen_s2026,Win32,full,1,36,1.1748477935791009,1.3738205869992575,8,4982,0.0016057808109193096
CodeBERT_unfrozen_s2026,Win32,full,1,37,1.3738205869992575,1.5727933804194132,15,4982,0.0030108390204737052
CodeBERT_unfrozen_s2026,Win32,full,1,38,1.5727933804194132,1.7717661738395689,15,4982,0.0030108390204737052
CodeBERT_unfrozen_s2026,Win32,full,1,39,1.7717661738395689,1.9707389672597246,13,4982,0.002609393817743878
CodeBERT_unfrozen_s2026,Win32,full,1,40,1.9707389672597246,2.1697117606798813,16,4982,0.0032115616218386192
CodeBERT_unfrozen_s2026,Win32,full,1,41,2.1697117606798813,2.368684554100037,23,4982,0.004616619831393015
CodeBERT_unfrozen_s2026,Win32,full,1,42,2.368684554100037,2.5676573475201927,27,4982,0.0054195102368526692
CodeBERT_unfrozen_s2026,Win32,full,1,43,2.5676573475201927,2.7666301409403484,46,4982,0.0092332396627860299
CodeBERT_unfrozen_s2026,Win32,full,1,44,2.7666301409403484,2.9656029343605042,55,4982,0.011039743075070253
CodeBERT_unfrozen_s2026,Win32,full,1,45,2.9656029343605042,3.1645757277806599,79,4982,0.015857085507828182
CodeBERT_unfrozen_s2026,Win32,full,1,46,3.1645757277806599,3.3635485212008156,53,4982,0.010638297872340425
CodeBERT_unfrozen_s2026,Win32,full,1,47,3.3635485212008156,3.5625213146209713,44,4982,0.0088317944600562019
CodeBERT_unfrozen_s2026,Win32,full,1,48,3.5625213146209713,3.761494108041127,47,4982,0.009433962264150943
CodeBERT_unfrozen_s2026,Win32,full,1,49,3.761494108041127,3.9604669014612828,56,4982,0.011240465676435166
CodeBERT_unfrozen_s2026,Win32,full,1,50,3.9604669014612828,4.1594396948814385,45,4982,0.0090325170614211168
CodeBERT_unfrozen_s2026,Win32,full,1,51,4.1594396948814385,4.3584124883015942,42,4982,0.0084303492573263757
CodeBERT_unfrozen_s2026,Win32,full,1,52,4.3584124883015942,4.5573852817217499,35,4982,0.0070252910477719794
CodeBERT_unfrozen_s2026,Win32,full,1,53,4.5573852817217499,4.7563580751419057,43,4982,0.0086310718586912888
CodeBERT_unfrozen_s2026,Win32,full,1,54,4.7563580751419057,4.9553308685620614,49,4982,0.009835407466880771
CodeBERT_unfrozen_s2026,Win32,full,1,55,4.9553308685620614,5.1543036619822189,77,4982,0.015455640305098354
CodeBERT_unfrozen_s2026,Win32,full,1,56,5.1543036619822189,5.3532764554023746,123,4982,0.024688879967884384
CodeBERT_unfrozen_s2026,Win32,full,1,57,5.3532764554023746,5.5522492488225303,146,4982,0.0293054997992774
CodeBERT_unfrozen_s2026,Win32,full,1,58,5.5522492488225303,5.7512220422426861,365,4982,0.073263749498193503
CodeBERT_unfrozen_s2026,Win32,full,1,59,5.7512220422426861,5.9501948356628418,2816,4982,0.56523484544359692
CodeBERT_unfrozen_s2026,Win64,full,0,0,-5.9900543689727783,-5.7910920143127438,2483,4953,0.50131233595800528
CodeBERT_unfrozen_s2026,Win64,full,0,1,-5.7910920143127438,-5.5921296596527101,611,4953,0.12335958005249344
CodeBERT_unfrozen_s2026,Win64,full,0,2,-5.5921296596527101,-5.3931673049926756,265,4953,0.053502927518675553
CodeBERT_unfrozen_s2026,Win64,full,0,3,-5.3931673049926756,-5.194204950332642,225,4953,0.045427013930950937
CodeBERT_unfrozen_s2026,Win64,full,0,4,-5.194204950332642,-4.9952425956726074,166,4953,0.033515041389057136
CodeBERT_unfrozen_s2026,Win64,full,0,5,-4.9952425956726074,-4.7962802410125729,137,4953,0.027660004037956792
CodeBERT_unfrozen_s2026,Win64,full,0,6,-4.7962802410125729,-4.5973178863525392,118,4953,0.023823945083787604
CodeBERT_unfrozen_s2026,Win64,full,0,7,-4.5973178863525392,-4.3983555316925047,97,4953,0.019584090450232183
CodeBERT_unfrozen_s2026,Win64,full,0,8,-4.3983555316925047,-4.1993931770324711,72,4953,0.014536644457904301
CodeBERT_unfrozen_s2026,Win64,full,0,9,-4.1993931770324711,-4.0004308223724365,62,4953,0.012517666060973147
CodeBERT_unfrozen_s2026,Win64,full,0,10,-4.0004308223724365,-3.8014684677124024,77,4953,0.015546133656369877
CodeBERT_unfrozen_s2026,Win64,full,0,11,-3.8014684677124024,-3.6025061130523683,44,4953,0.0088835049464970721
CodeBERT_unfrozen_s2026,Win64,full,0,12,-3.6025061130523683,-3.4035437583923343,49,4953,0.0098929941449626482
CodeBERT_unfrozen_s2026,Win64,full,0,13,-3.4035437583923343,-3.2045814037322997,57,4953,0.011508176862507571
CodeBERT_unfrozen_s2026,Win64,full,0,14,-3.2045814037322997,-3.0056190490722656,66,4953,0.013325257419745608
CodeBERT_unfrozen_s2026,Win64,full,0,15,-3.0056190490722656,-2.8066566944122315,58,4953,0.011710074702200686
CodeBERT_unfrozen_s2026,Win64,full,0,16,-2.8066566944122315,-2.6076943397521974,18,4953,0.0036341611144760752
CodeBERT_unfrozen_s2026,Win64,full,0,17,-2.6076943397521974,-2.4087319850921634,18,4953,0.0036341611144760752
CodeBERT_unfrozen_s2026,Win64,full,0,18,-2.4087319850921634,-2.2097696304321288,12,4953,0.0024227740763173833
CodeBERT_unfrozen_s2026,Win64,full,0,19,-2.2097696304321288,-2.0108072757720947,13,4953,0.0026246719160104987
CodeBERT_unfrozen_s2026,Win64,full,0,20,-2.0108072757720947,-1.8118449211120611,9,4953,0.0018170805572380376
CodeBERT_unfrozen_s2026,Win64,full,0,21,-1.8118449211120611,-1.6128825664520265,11,4953,0.002220876236624268
CodeBERT_unfrozen_s2026,Win64,full,0,22,-1.6128825664520265,-1.413920211791992,15,4953,0.0030284675953967293
CodeBERT_unfrozen_s2026,Win64,full,0,23,-1.413920211791992,-1.2149578571319584,26,4953,0.0052493438320209973
CodeBERT_unfrozen_s2026,Win64,full,0,24,-1.2149578571319584,-1.0159955024719238,27,4953,0.0054512416717141131
CodeBERT_unfrozen_s2026,Win64,full,0,25,-1.0159955024719238,-0.81703314781189018,4,4953,0.00080759135877246115
CodeBERT_unfrozen_s2026,Win64,full,0,26,-0.81703314781189018,-0.61807079315185565,6,4953,0.0012113870381586917
CodeBERT_unfrozen_s2026,Win64,full,0,27,-0.61807079315185565,-0.41910843849182111,3,4953,0.00060569351907934583
CodeBERT_unfrozen_s2026,Win64,full,0,28,-0.41910843849182111,-0.22014608383178746,0,4953,0
CodeBERT_unfrozen_s2026,Win64,full,0,29,-0.22014608383178746,-0.02118372917175293,1,4953,0.00020189783969311529
CodeBERT_unfrozen_s2026,Win64,full,0,30,-0.02118372917175293,0.17777862548828072,2,4953,0.00040379567938623057
CodeBERT_unfrozen_s2026,Win64,full,0,31,0.17777862548828072,0.37674098014831525,0,4953,0
CodeBERT_unfrozen_s2026,Win64,full,0,32,0.37674098014831525,0.57570333480834979,0,4953,0
CodeBERT_unfrozen_s2026,Win64,full,0,33,0.57570333480834979,0.77466568946838343,6,4953,0.0012113870381586917
CodeBERT_unfrozen_s2026,Win64,full,0,34,0.77466568946838343,0.97362804412841797,4,4953,0.00080759135877246115
CodeBERT_unfrozen_s2026,Win64,full,0,35,0.97362804412841797,1.1725903987884516,2,4953,0.00040379567938623057
CodeBERT_unfrozen_s2026,Win64,full,0,36,1.1725903987884516,1.3715527534484862,3,4953,0.00060569351907934583
CodeBERT_unfrozen_s2026,Win64,full,0,37,1.3715527534484862,1.5705151081085207,2,4953,0.00040379567938623057
CodeBERT_unfrozen_s2026,Win64,full,0,38,1.5705151081085207,1.7694774627685543,8,4953,0.0016151827175449223
CodeBERT_unfrozen_s2026,Win64,full,0,39,1.7694774627685543,1.9684398174285889,8,4953,0.0016151827175449223
CodeBERT_unfrozen_s2026,Win64,full,0,40,1.9684398174285889,2.1674021720886234,3,4953,0.00060569351907934583
CodeBERT_unfrozen_s2026,Win64,full,0,41,2.1674021720886234,2.3663645267486562,6,4953,0.0012113870381586917
CodeBERT_unfrozen_s2026,Win64,full,0,42,2.3663645267486562,2.5653268814086907,16,4953,0.0032303654350898446
CodeBERT_unfrozen_s2026,Win64,full,0,43,2.5653268814086907,2.7642892360687252,9,4953,0.0018170805572380376
CodeBERT_unfrozen_s2026,Win64,full,0,44,2.7642892360687252,2.9632515907287598,21,4953,0.0042398546335554212
CodeBERT_unfrozen_s2026,Win64,full,0,45,2.9632515907287598,3.1622139453887943,9,4953,0.0018170805572380376
CodeBERT_unfrozen_s2026,Win64,full,0,46,3.1622139453887943,3.3611763000488271,14,4953,0.002826569755703614
CodeBERT_unfrozen_s2026,Win64,full,0,47,3.3611763000488271,3.5601386547088616,6,4953,0.0012113870381586917
CodeBERT_unfrozen_s2026,Win64,full,0,48,3.5601386547088616,3.7591010093688961,8,4953,0.0016151827175449223
CodeBERT_unfrozen_s2026,Win64,full,0,49,3.7591010093688961,3.9580633640289307,6,4953,0.0012113870381586917
CodeBERT_unfrozen_s2026,Win64,full,0,50,3.9580633640289307,4.1570257186889652,5,4953,0.0010094891984655764
CodeBERT_unfrozen_s2026,Win64,full,0,51,4.1570257186889652,4.355988073348998,3,4953,0.00060569351907934583
CodeBERT_unfrozen_s2026,Win64,full,0,52,4.355988073348998,4.5549504280090325,6,4953,0.0012113870381586917
CodeBERT_unfrozen_s2026,Win64,full,0,53,4.5549504280090325,4.753912782669067,4,4953,0.00080759135877246115
CodeBERT_unfrozen_s2026,Win64,full,0,54,4.753912782669067,4.9528751373291016,3,4953,0.00060569351907934583
CodeBERT_unfrozen_s2026,Win64,full,0,55,4.9528751373291016,5.1518374919891361,9,4953,0.0018170805572380376
CodeBERT_unfrozen_s2026,Win64,full,0,56,5.1518374919891361,5.3507998466491689,8,4953,0.0016151827175449223
CodeBERT_unfrozen_s2026,Win64,full,0,57,5.3507998466491689,5.5497622013092034,4,4953,0.00080759135877246115
CodeBERT_unfrozen_s2026,Win64,full,0,58,5.5497622013092034,5.7487245559692379,12,4953,0.0024227740763173833
CodeBERT_unfrozen_s2026,Win64,full,0,59,5.7487245559692379,5.9476869106292725,16,4953,0.0032303654350898446
CodeBERT_unfrozen_s2026,Win64,full,1,0,-5.9900543689727783,-5.7910920143127438,9,5047,0.0017832375668714088
CodeBERT_unfrozen_s2026,Win64,full,1,1,-5.7910920143127438,-5.5921296596527101,11,5047,0.002179512581731722
CodeBERT_unfrozen_s2026,Win64,full,1,2,-5.5921296596527101,-5.3931673049926756,14,5047,0.0027739251040221915
CodeBERT_unfrozen_s2026,Win64,full,1,3,-5.3931673049926756,-5.194204950332642,9,5047,0.0017832375668714088
CodeBERT_unfrozen_s2026,Win64,full,1,4,-5.194204950332642,-4.9952425956726074,14,5047,0.0027739251040221915
CodeBERT_unfrozen_s2026,Win64,full,1,5,-4.9952425956726074,-4.7962802410125729,13,5047,0.0025757875965920348
CodeBERT_unfrozen_s2026,Win64,full,1,6,-4.7962802410125729,-4.5973178863525392,12,5047,0.0023776500891618782
CodeBERT_unfrozen_s2026,Win64,full,1,7,-4.5973178863525392,-4.3983555316925047,18,5047,0.0035664751337428175
CodeBERT_unfrozen_s2026,Win64,full,1,8,-4.3983555316925047,-4.1993931770324711,13,5047,0.0025757875965920348
CodeBERT_unfrozen_s2026,Win64,full,1,9,-4.1993931770324711,-4.0004308223724365,21,5047,0.004160887656033287
CodeBERT_unfrozen_s2026,Win64,full,1,10,-4.0004308223724365,-3.8014684677124024,25,5047,0.0049534376857539135
CodeBERT_unfrozen_s2026,Win64,full,1,11,-3.8014684677124024,-3.6025061130523683,30,5047,0.0059441252229046962
CodeBERT_unfrozen_s2026,Win64,full,1,12,-3.6025061130523683,-3.4035437583923343,33,5047,0.0065385377451951656
CodeBERT_unfrozen_s2026,Win64,full,1,13,-3.4035437583923343,-3.2045814037322997,35,5047,0.0069348127600554789
CodeBERT_unfrozen_s2026,Win64,full,1,14,-3.2045814037322997,-3.0056190490722656,51,5047,0.010105012878937983
CodeBERT_unfrozen_s2026,Win64,full,1,15,-3.0056190490722656,-2.8066566944122315,41,5047,0.0081236378046364178
CodeBERT_unfrozen_s2026,Win64,full,1,16,-2.8066566944122315,-2.6076943397521974,34,5047,0.0067366752526253218
CodeBERT_unfrozen_s2026,Win64,full,1,17,-2.6076943397521974,-2.4087319850921634,28,5047,0.0055478502080443829
CodeBERT_unfrozen_s2026,Win64,full,1,18,-2.4087319850921634,-2.2097696304321288,33,5047,0.0065385377451951656
CodeBERT_unfrozen_s2026,Win64,full,1,19,-2.2097696304321288,-2.0108072757720947,31,5047,0.0061422627303348524
CodeBERT_unfrozen_s2026,Win64,full,1,20,-2.0108072757720947,-1.8118449211120611,16,5047,0.0031702001188825043
CodeBERT_unfrozen_s2026,Win64,full,1,21,-1.8118449211120611,-1.6128825664520265,22,5047,0.004359025163463444
CodeBERT_unfrozen_s2026,Win64,full,1,22,-1.6128825664520265,-1.413920211791992,35,5047,0.0069348127600554789
CodeBERT_unfrozen_s2026,Win64,full,1,23,-1.413920211791992,-1.2149578571319584,32,5047,0.0063404002377650086
CodeBERT_unfrozen_s2026,Win64,full,1,24,-1.2149578571319584,-1.0159955024719238,25,5047,0.0049534376857539135
CodeBERT_unfrozen_s2026,Win64,full,1,25,-1.0159955024719238,-0.81703314781189018,18,5047,0.0035664751337428175
CodeBERT_unfrozen_s2026,Win64,full,1,26,-0.81703314781189018,-0.61807079315185565,5,5047,0.0009906875371507827
CodeBERT_unfrozen_s2026,Win64,full,1,27,-0.61807079315185565,-0.41910843849182111,8,5047,0.0015851000594412521
CodeBERT_unfrozen_s2026,Win64,full,1,28,-0.41910843849182111,-0.22014608383178746,7,5047,0.0013869625520110957
CodeBERT_unfrozen_s2026,Win64,full,1,29,-0.22014608383178746,-0.02118372917175293,8,5047,0.0015851000594412521
CodeBERT_unfrozen_s2026,Win64,full,1,30,-0.02118372917175293,0.17777862548828072,3,5047,0.00059441252229046955
CodeBERT_unfrozen_s2026,Win64,full,1,31,0.17777862548828072,0.37674098014831525,5,5047,0.0009906875371507827
CodeBERT_unfrozen_s2026,Win64,full,1,32,0.37674098014831525,0.57570333480834979,6,5047,0.0011888250445809391
CodeBERT_unfrozen_s2026,Win64,full,1,33,0.57570333480834979,0.77466568946838343,10,5047,0.0019813750743015654
CodeBERT_unfrozen_s2026,Win64,full,1,34,0.77466568946838343,0.97362804412841797,11,5047,0.002179512581731722
CodeBERT_unfrozen_s2026,Win64,full,1,35,0.97362804412841797,1.1725903987884516,22,5047,0.004359025163463444
CodeBERT_unfrozen_s2026,Win64,full,1,36,1.1725903987884516,1.3715527534484862,26,5047,0.0051515751931840697
CodeBERT_unfrozen_s2026,Win64,full,1,37,1.3715527534484862,1.5705151081085207,31,5047,0.0061422627303348524
CodeBERT_unfrozen_s2026,Win64,full,1,38,1.5705151081085207,1.7694774627685543,44,5047,0.0087180503269268881
CodeBERT_unfrozen_s2026,Win64,full,1,39,1.7694774627685543,1.9684398174285889,55,5047,0.01089756290865861
CodeBERT_unfrozen_s2026,Win64,full,1,40,1.9684398174285889,2.1674021720886234,70,5047,0.013869625520110958
CodeBERT_unfrozen_s2026,Win64,full,1,41,2.1674021720886234,2.3663645267486562,86,5047,0.01703982563899346
CodeBERT_unfrozen_s2026,Win64,full,1,42,2.3663645267486562,2.5653268814086907,93,5047,0.018426788191004559
CodeBERT_unfrozen_s2026,Win64,full,1,43,2.5653268814086907,2.7642892360687252,126,5047,0.024965325936199722
CodeBERT_unfrozen_s2026,Win64,full,1,44,2.7642892360687252,2.9632515907287598,162,5047,0.032098276203685355
CodeBERT_unfrozen_s2026,Win64,full,1,45,2.9632515907287598,3.1622139453887943,118,5047,0.023380225876758469
CodeBERT_unfrozen_s2026,Win64,full,1,46,3.1622139453887943,3.3611763000488271,113,5047,0.022389538339607686
CodeBERT_unfrozen_s2026,Win64,full,1,47,3.3611763000488271,3.5601386547088616,84,5047,0.016643550624133148
CodeBERT_unfrozen_s2026,Win64,full,1,48,3.5601386547088616,3.7591010093688961,75,5047,0.01486031305726174
CodeBERT_unfrozen_s2026,Win64,full,1,49,3.7591010093688961,3.9580633640289307,62,5047,0.012284525460669705
CodeBERT_unfrozen_s2026,Win64,full,1,50,3.9580633640289307,4.1570257186889652,67,5047,0.013275212997820487
CodeBERT_unfrozen_s2026,Win64,full,1,51,4.1570257186889652,4.355988073348998,61,5047,0.012086387953239549
CodeBERT_unfrozen_s2026,Win64,full,1,52,4.355988073348998,4.5549504280090325,47,5047,0.0093124628492173567
CodeBERT_unfrozen_s2026,Win64,full,1,53,4.5549504280090325,4.753912782669067,76,5047,0.015058450564691897
CodeBERT_unfrozen_s2026,Win64,full,1,54,4.753912782669067,4.9528751373291016,52,5047,0.010303150386368139
CodeBERT_unfrozen_s2026,Win64,full,1,55,4.9528751373291016,5.1518374919891361,64,5047,0.012680800475530017
CodeBERT_unfrozen_s2026,Win64,full,1,56,5.1518374919891361,5.3507998466491689,70,5047,0.013869625520110958
CodeBERT_unfrozen_s2026,Win64,full,1,57,5.3507998466491689,5.5497622013092034,102,5047,0.020210025757875966
CodeBERT_unfrozen_s2026,Win64,full,1,58,5.5497622013092034,5.7487245559692379,279,5047,0.05528036457301367
CodeBERT_unfrozen_s2026,Win64,full,1,59,5.7487245559692379,5.9476869106292725,2376,5047,0.47077471765405193
CodeBERT_unfrozen_s2026,Dot_Net,full,0,0,-5.9875040054321289,-5.7885425567626951,3083,4964,0.62107171635777603
CodeBERT_unfrozen_s2026,Dot_Net,full,0,1,-5.7885425567626951,-5.5895811080932614,507,4964,0.10213537469782434
CodeBERT_unfrozen_s2026,Dot_Net,full,0,2,-5.5895811080932614,-5.3906196594238285,194,4964,0.039081385979049151
CodeBERT_unfrozen_s2026,Dot_Net,full,0,3,-5.3906196594238285,-5.1916582107543947,150,4964,0.030217566478646252
CodeBERT_unfrozen_s2026,Dot_Net,full,0,4,-5.1916582107543947,-4.9926967620849609,102,4964,0.020547945205479451
CodeBERT_unfrozen_s2026,Dot_Net,full,0,5,-4.9926967620849609,-4.7937353134155272,82,4964,0.016518936341659952
CodeBERT_unfrozen_s2026,Dot_Net,full,0,6,-4.7937353134155272,-4.5947738647460934,65,4964,0.013094278807413377
CodeBERT_unfrozen_s2026,Dot_Net,full,0,7,-4.5947738647460934,-4.3958124160766605,47,4964,0.0094681708299758256
CodeBERT_unfrozen_s2026,Dot_Net,full,0,8,-4.3958124160766605,-4.1968509674072267,45,4964,0.0090652699435938757
CodeBERT_unfrozen_s2026,Dot_Net,full,0,9,-4.1968509674072267,-3.997889518737793,47,4964,0.0094681708299758256
CodeBERT_unfrozen_s2026,Dot_Net,full,0,10,-3.997889518737793,-3.7989280700683592,34,4964,0.0068493150684931503
CodeBERT_unfrozen_s2026,Dot_Net,full,0,11,-3.7989280700683592,-3.5999666213989254,50,4964,0.010072522159548751
CodeBERT_unfrozen_s2026,Dot_Net,full,0,12,-3.5999666213989254,-3.4010051727294921,42,4964,0.0084609186140209517
CodeBERT_unfrozen_s2026,Dot_Net,full,0,13,-3.4010051727294921,-3.2020437240600583,36,4964,0.0072522159548751011
CodeBERT_unfrozen_s2026,Dot_Net,full,0,14,-3.2020437240600583,-3.003082275390625,48,4964,0.0096696212731668015
CodeBERT_unfrozen_s2026,Dot_Net,full,0,15,-3.003082275390625,-2.8041208267211912,60,4964,0.012087026591458501
CodeBERT_unfrozen_s2026,Dot_Net,full,0,16,-2.8041208267211912,-2.6051593780517575,25,4964,0.0050362610797743757
CodeBERT_unfrozen_s2026,Dot_Net,full,0,17,-2.6051593780517575,-2.4061979293823241,10,4964,0.00201450443190975
CodeBERT_unfrozen_s2026,Dot_Net,full,0,18,-2.4061979293823241,-2.2072364807128904,5,4964,0.001007252215954875
CodeBERT_unfrozen_s2026,Dot_Net,full,0,19,-2.2072364807128904,-2.008275032043457,3,4964,0.00060435132957292509
CodeBERT_unfrozen_s2026,Dot_Net,full,0,20,-2.008275032043457,-1.8093135833740233,5,4964,0.001007252215954875
CodeBERT_unfrozen_s2026,Dot_Net,full,0,21,-1.8093135833740233,-1.6103521347045895,2,4964,0.00040290088638195002
CodeBERT_unfrozen_s2026,Dot_Net,full,0,22,-1.6103521347045895,-1.4113906860351557,5,4964,0.001007252215954875
CodeBERT_unfrozen_s2026,Dot_Net,full,0,23,-1.4113906860351557,-1.2124292373657219,8,4964,0.0016116035455278001
CodeBERT_unfrozen_s2026,Dot_Net,full,0,24,-1.2124292373657219,-1.0134677886962891,11,4964,0.0022159548751007254
CodeBERT_unfrozen_s2026,Dot_Net,full,0,25,-1.0134677886962891,-0.81450634002685529,3,4964,0.00060435132957292509
CodeBERT_unfrozen_s2026,Dot_Net,full,0,26,-0.81450634002685529,-0.61554489135742152,3,4964,0.00060435132957292509
CodeBERT_unfrozen_s2026,Dot_Net,full,0,27,-0.61554489135742152,-0.41658344268798775,1,4964,0.00020145044319097501
CodeBERT_unfrozen_s2026,Dot_Net,full,0,28,-0.41658344268798775,-0.21762199401855398,1,4964,0.00020145044319097501
CodeBERT_unfrozen_s2026,Dot_Net,full,0,29,-0.21762199401855398,-0.018660545349121094,1,4964,0.00020145044319097501
CodeBERT_unfrozen_s2026,Dot_Net,full,0,30,-0.018660545349121094,0.18030090332031268,2,4964,0.00040290088638195002
CodeBERT_unfrozen_s2026,Dot_Net,full,0,31,0.18030090332031268,0.37926235198974645,2,4964,0.00040290088638195002
CodeBERT_unfrozen_s2026,Dot_Net,full,0,32,0.37926235198974645,0.57822380065918022,1,4964,0.00020145044319097501
CodeBERT_unfrozen_s2026,Dot_Net,full,0,33,0.57822380065918022,0.77718524932861399,3,4964,0.00060435132957292509
CodeBERT_unfrozen_s2026,Dot_Net,full,0,34,0.77718524932861399,0.97614669799804688,5,4964,0.001007252215954875
CodeBERT_unfrozen_s2026,Dot_Net,full,0,35,0.97614669799804688,1.1751081466674806,4,4964,0.00080580177276390005
CodeBERT_unfrozen_s2026,Dot_Net,full,0,36,1.1751081466674806,1.3740695953369144,7,4964,0.0014101531023368251
CodeBERT_unfrozen_s2026,Dot_Net,full,0,37,1.3740695953369144,1.5730310440063482,7,4964,0.0014101531023368251
CodeBERT_unfrozen_s2026,Dot_Net,full,0,38,1.5730310440063482,1.771992492675782,11,4964,0.0022159548751007254
CodeBERT_unfrozen_s2026,Dot_Net,full,0,39,1.771992492675782,1.9709539413452148,9,4964,0.0018130539887187753
CodeBERT_unfrozen_s2026,Dot_Net,full,0,40,1.9709539413452148,2.1699153900146495,9,4964,0.0018130539887187753
CodeBERT_unfrozen_s2026,Dot_Net,full,0,41,2.1699153900146495,2.3688768386840824,6,4964,0.0012087026591458502
CodeBERT_unfrozen_s2026,Dot_Net,full,0,42,2.3688768386840824,2.5678382873535153,18,4964,0.0036261079774375505
CodeBERT_unfrozen_s2026,Dot_Net,full,0,43,2.5678382873535153,2.7667997360229499,24,4964,0.0048348106365834007
CodeBERT_unfrozen_s2026,Dot_Net,full,0,44,2.7667997360229499,2.9657611846923828,27,4964,0.0054391619661563256
CodeBERT_unfrozen_s2026,Dot_Net,full,0,45,2.9657611846923828,3.1647226333618175,18,4964,0.0036261079774375505
CodeBERT_unfrozen_s2026,Dot_Net,full,0,46,3.1647226333618175,3.3636840820312504,11,4964,0.0022159548751007254
CodeBERT_unfrozen_s2026,Dot_Net,full,0,47,3.3636840820312504,3.562645530700685,8,4964,0.0016116035455278001
CodeBERT_unfrozen_s2026,Dot_Net,full,0,48,3.562645530700685,3.7616069793701179,7,4964,0.0014101531023368251
CodeBERT_unfrozen_s2026,Dot_Net,full,0,49,3.7616069793701179,3.9605684280395508,8,4964,0.0016116035455278001
CodeBERT_unfrozen_s2026,Dot_Net,full,0,50,3.9605684280395508,4.1595298767089854,7,4964,0.0014101531023368251
CodeBERT_unfrozen_s2026,Dot_Net,full,0,51,4.1595298767089854,4.3584913253784183,8,4964,0.0016116035455278001
CodeBERT_unfrozen_s2026,Dot_Net,full,0,52,4.3584913253784183,4.557452774047853,7,4964,0.0014101531023368251
CodeBERT_unfrozen_s2026,Dot_Net,full,0,53,4.557452774047853,4.7564142227172859,6,4964,0.0012087026591458502
CodeBERT_unfrozen_s2026,Dot_Net,full,0,54,4.7564142227172859,4.9553756713867188,4,4964,0.00080580177276390005
CodeBERT_unfrozen_s2026,Dot_Net,full,0,55,4.9553756713867188,5.1543371200561534,6,4964,0.0012087026591458502
CodeBERT_unfrozen_s2026,Dot_Net,full,0,56,5.1543371200561534,5.3532985687255863,5,4964,0.001007252215954875
CodeBERT_unfrozen_s2026,Dot_Net,full,0,57,5.3532985687255863,5.552260017395021,15,4964,0.0030217566478646252
CodeBERT_unfrozen_s2026,Dot_Net,full,0,58,5.552260017395021,5.7512214660644538,13,4964,0.0026188557614826753
CodeBERT_unfrozen_s2026,Dot_Net,full,0,59,5.7512214660644538,5.9501829147338867,31,4964,0.0062449637389202254
CodeBERT_unfrozen_s2026,Dot_Net,full,1,0,-5.9875040054321289,-5.7885425567626951,9,5036,0.0017871326449563146
CodeBERT_unfrozen_s2026,Dot_Net,full,1,1,-5.7885425567626951,-5.5895811080932614,4,5036,0.00079428117553613975
CodeBERT_unfrozen_s2026,Dot_Net,full,1,2,-5.5895811080932614,-5.3906196594238285,2,5036,0.00039714058776806987
CodeBERT_unfrozen_s2026,Dot_Net,full,1,3,-5.3906196594238285,-5.1916582107543947,6,5036,0.0011914217633042098
CodeBERT_unfrozen_s2026,Dot_Net,full,1,4,-5.1916582107543947,-4.9926967620849609,5,5036,0.00099285146942017471
CodeBERT_unfrozen_s2026,Dot_Net,full,1,5,-4.9926967620849609,-4.7937353134155272,9,5036,0.0017871326449563146
CodeBERT_unfrozen_s2026,Dot_Net,full,1,6,-4.7937353134155272,-4.5947738647460934,8,5036,0.0015885623510722795
CodeBERT_unfrozen_s2026,Dot_Net,full,1,7,-4.5947738647460934,-4.3958124160766605,8,5036,0.0015885623510722795
CodeBERT_unfrozen_s2026,Dot_Net,full,1,8,-4.3958124160766605,-4.1968509674072267,11,5036,0.0021842732327243845
CodeBERT_unfrozen_s2026,Dot_Net,full,1,9,-4.1968509674072267,-3.997889518737793,13,5036,0.0025814138204924542
CodeBERT_unfrozen_s2026,Dot_Net,full,1,10,-3.997889518737793,-3.7989280700683592,12,5036,0.0023828435266084196
CodeBERT_unfrozen_s2026,Dot_Net,full,1,11,-3.7989280700683592,-3.5999666213989254,7,5036,0.0013899920571882446
CodeBERT_unfrozen_s2026,Dot_Net,full,1,12,-3.5999666213989254,-3.4010051727294921,9,5036,0.0017871326449563146
CodeBERT_unfrozen_s2026,Dot_Net,full,1,13,-3.4010051727294921,-3.2020437240600583,10,5036,0.0019857029388403494
CodeBERT_unfrozen_s2026,Dot_Net,full,1,14,-3.2020437240600583,-3.003082275390625,22,5036,0.004368546465448769
CodeBERT_unfrozen_s2026,Dot_Net,full,1,15,-3.003082275390625,-2.8041208267211912,26,5036,0.0051628276409849084
CodeBERT_unfrozen_s2026,Dot_Net,full,1,16,-2.8041208267211912,-2.6051593780517575,16,5036,0.003177124702144559
CodeBERT_unfrozen_s2026,Dot_Net,full,1,17,-2.6051593780517575,-2.4061979293823241,8,5036,0.0015885623510722795
CodeBERT_unfrozen_s2026,Dot_Net,full,1,18,-2.4061979293823241,-2.2072364807128904,4,5036,0.00079428117553613975
CodeBERT_unfrozen_s2026,Dot_Net,full,1,19,-2.2072364807128904,-2.008275032043457,4,5036,0.00079428117553613975
CodeBERT_unfrozen_s2026,Dot_Net,full,1,20,-2.008275032043457,-1.8093135833740233,6,5036,0.0011914217633042098
CodeBERT_unfrozen_s2026,Dot_Net,full,1,21,-1.8093135833740233,-1.6103521347045895,9,5036,0.0017871326449563146
CodeBERT_unfrozen_s2026,Dot_Net,full,1,22,-1.6103521347045895,-1.4113906860351557,9,5036,0.0017871326449563146
CodeBERT_unfrozen_s2026,Dot_Net,full,1,23,-1.4113906860351557,-1.2124292373657219,15,5036,0.0029785544082605244
CodeBERT_unfrozen_s2026,Dot_Net,full,1,24,-1.2124292373657219,-1.0134677886962891,13,5036,0.0025814138204924542
CodeBERT_unfrozen_s2026,Dot_Net,full,1,25,-1.0134677886962891,-0.81450634002685529,7,5036,0.0013899920571882446
CodeBERT_unfrozen_s2026,Dot_Net,full,1,26,-0.81450634002685529,-0.61554489135742152,0,5036,0
CodeBERT_unfrozen_s2026,Dot_Net,full,1,27,-0.61554489135742152,-0.41658344268798775,5,5036,0.00099285146942017471
CodeBERT_unfrozen_s2026,Dot_Net,full,1,28,-0.41658344268798775,-0.21762199401855398,3,5036,0.00059571088165210489
CodeBERT_unfrozen_s2026,Dot_Net,full,1,29,-0.21762199401855398,-0.018660545349121094,2,5036,0.00039714058776806987
CodeBERT_unfrozen_s2026,Dot_Net,full,1,30,-0.018660545349121094,0.18030090332031268,3,5036,0.00059571088165210489
CodeBERT_unfrozen_s2026,Dot_Net,full,1,31,0.18030090332031268,0.37926235198974645,3,5036,0.00059571088165210489
CodeBERT_unfrozen_s2026,Dot_Net,full,1,32,0.37926235198974645,0.57822380065918022,2,5036,0.00039714058776806987
CodeBERT_unfrozen_s2026,Dot_Net,full,1,33,0.57822380065918022,0.77718524932861399,2,5036,0.00039714058776806987
CodeBERT_unfrozen_s2026,Dot_Net,full,1,34,0.77718524932861399,0.97614669799804688,4,5036,0.00079428117553613975
CodeBERT_unfrozen_s2026,Dot_Net,full,1,35,0.97614669799804688,1.1751081466674806,2,5036,0.00039714058776806987
CodeBERT_unfrozen_s2026,Dot_Net,full,1,36,1.1751081466674806,1.3740695953369144,2,5036,0.00039714058776806987
CodeBERT_unfrozen_s2026,Dot_Net,full,1,37,1.3740695953369144,1.5730310440063482,12,5036,0.0023828435266084196
CodeBERT_unfrozen_s2026,Dot_Net,full,1,38,1.5730310440063482,1.771992492675782,11,5036,0.0021842732327243845
CodeBERT_unfrozen_s2026,Dot_Net,full,1,39,1.771992492675782,1.9709539413452148,11,5036,0.0021842732327243845
CodeBERT_unfrozen_s2026,Dot_Net,full,1,40,1.9709539413452148,2.1699153900146495,16,5036,0.003177124702144559
CodeBERT_unfrozen_s2026,Dot_Net,full,1,41,2.1699153900146495,2.3688768386840824,23,5036,0.0045671167593328036
CodeBERT_unfrozen_s2026,Dot_Net,full,1,42,2.3688768386840824,2.5678382873535153,29,5036,0.0057585385226370132
CodeBERT_unfrozen_s2026,Dot_Net,full,1,43,2.5678382873535153,2.7667997360229499,48,5036,0.0095313741064336783
CodeBERT_unfrozen_s2026,Dot_Net,full,1,44,2.7667997360229499,2.9657611846923828,78,5036,0.015488482922954726
CodeBERT_unfrozen_s2026,Dot_Net,full,1,45,2.9657611846923828,3.1647226333618175,54,5036,0.010722795869737888
CodeBERT_unfrozen_s2026,Dot_Net,full,1,46,3.1647226333618175,3.3636840820312504,68,5036,0.013502779984114376
CodeBERT_unfrozen_s2026,Dot_Net,full,1,47,3.3636840820312504,3.562645530700685,53,5036,0.010524225575853852
CodeBERT_unfrozen_s2026,Dot_Net,full,1,48,3.562645530700685,3.7616069793701179,56,5036,0.011119936457505957
CodeBERT_unfrozen_s2026,Dot_Net,full,1,49,3.7616069793701179,3.9605684280395508,56,5036,0.011119936457505957
CodeBERT_unfrozen_s2026,Dot_Net,full,1,50,3.9605684280395508,4.1595298767089854,46,5036,0.0091342335186656073
CodeBERT_unfrozen_s2026,Dot_Net,full,1,51,4.1595298767089854,4.3584913253784183,40,5036,0.0079428117553613977
CodeBERT_unfrozen_s2026,Dot_Net,full,1,52,4.3584913253784183,4.557452774047853,53,5036,0.010524225575853852
CodeBERT_unfrozen_s2026,Dot_Net,full,1,53,4.557452774047853,4.7564142227172859,48,5036,0.0095313741064336783
CodeBERT_unfrozen_s2026,Dot_Net,full,1,54,4.7564142227172859,4.9553756713867188,72,5036,0.014297061159650517
CodeBERT_unfrozen_s2026,Dot_Net,full,1,55,4.9553756713867188,5.1543371200561534,63,5036,0.012509928514694202
CodeBERT_unfrozen_s2026,Dot_Net,full,1,56,5.1543371200561534,5.3532985687255863,94,5036,0.018665607625099286
CodeBERT_unfrozen_s2026,Dot_Net,full,1,57,5.3532985687255863,5.552260017395021,173,5036,0.034352660841938047
CodeBERT_unfrozen_s2026,Dot_Net,full,1,58,5.552260017395021,5.7512214660644538,481,5036,0.095512311358220817
CodeBERT_unfrozen_s2026,Dot_Net,full,1,59,5.7512214660644538,5.9501829147338867,3171,5036,0.62966640190627488
CodeBERT_unfrozen_s2026,Win32,boundary,0,0,4.4168191946983342,4.4581312016075856,1,5018,0.00019928258270227183
CodeBERT_unfrozen_s2026,Win32,boundary,0,1,4.4581312016075856,4.499443208516837,3,5018,0.00059784774810681541
CodeBERT_unfrozen_s2026,Win32,boundary,0,2,4.499443208516837,4.5407552154260875,1,5018,0.00019928258270227183
CodeBERT_unfrozen_s2026,Win32,boundary,0,3,4.5407552154260875,4.5820672223353389,0,5018,0
CodeBERT_unfrozen_s2026,Win32,boundary,0,4,4.5820672223353389,4.6233792292445903,0,5018,0
CodeBERT_unfrozen_s2026,Win32,boundary,0,5,4.6233792292445903,4.6646912361538417,1,5018,0.00019928258270227183
CodeBERT_unfrozen_s2026,Win32,boundary,0,6,4.6646912361538417,4.7060032430630923,1,5018,0.00019928258270227183
CodeBERT_unfrozen_s2026,Win32,boundary,0,7,4.7060032430630923,4.7473152499723437,2,5018,0.00039856516540454366
CodeBERT_unfrozen_s2026,Win32,boundary,0,8,4.7473152499723437,4.7886272568815951,1,5018,0.00019928258270227183
CodeBERT_unfrozen_s2026,Win32,boundary,0,9,4.7886272568815951,4.8299392637908465,0,5018,0
CodeBERT_unfrozen_s2026,Win32,boundary,0,10,4.8299392637908465,4.8712512707000979,0,5018,0
CodeBERT_unfrozen_s2026,Win32,boundary,0,11,4.8712512707000979,4.9125632776093484,1,5018,0.00019928258270227183
CodeBERT_unfrozen_s2026,Win32,boundary,0,12,4.9125632776093484,4.9538752845185998,0,5018,0
CodeBERT_unfrozen_s2026,Win32,boundary,0,13,4.9538752845185998,4.9951872914278512,0,5018,0
CodeBERT_unfrozen_s2026,Win32,boundary,0,14,4.9951872914278512,5.0364992983371026,1,5018,0.00019928258270227183
CodeBERT_unfrozen_s2026,Win32,boundary,0,15,5.0364992983371026,5.0778113052463532,0,5018,0
CodeBERT_unfrozen_s2026,Win32,boundary,0,16,5.0778113052463532,5.1191233121556046,3,5018,0.00059784774810681541
CodeBERT_unfrozen_s2026,Win32,boundary,0,17,5.1191233121556046,5.160435319064856,2,5018,0.00039856516540454366
CodeBERT_unfrozen_s2026,Win32,boundary,0,18,5.160435319064856,5.2017473259741074,1,5018,0.00019928258270227183
CodeBERT_unfrozen_s2026,Win32,boundary,0,19,5.2017473259741074,5.2430593328833588,1,5018,0.00019928258270227183
CodeBERT_unfrozen_s2026,Win32,boundary,0,20,5.2430593328833588,5.2843713397926093,1,5018,0.00019928258270227183
CodeBERT_unfrozen_s2026,Win32,boundary,0,21,5.2843713397926093,5.3256833467018607,0,5018,0
CodeBERT_unfrozen_s2026,Win32,boundary,0,22,5.3256833467018607,5.3669953536111121,0,5018,0
CodeBERT_unfrozen_s2026,Win32,boundary,0,23,5.3669953536111121,5.4083073605203626,1,5018,0.00019928258270227183
CodeBERT_unfrozen_s2026,Win32,boundary,0,24,5.4083073605203626,5.4496193674296141,4,5018,0.00079713033080908732
CodeBERT_unfrozen_s2026,Win32,boundary,0,25,5.4496193674296141,5.4909313743388655,3,5018,0.00059784774810681541
CodeBERT_unfrozen_s2026,Win32,boundary,0,26,5.4909313743388655,5.5322433812481169,3,5018,0.00059784774810681541
CodeBERT_unfrozen_s2026,Win32,boundary,0,27,5.5322433812481169,5.5735553881573683,3,5018,0.00059784774810681541
CodeBERT_unfrozen_s2026,Win32,boundary,0,28,5.5735553881573683,5.6148673950666197,2,5018,0.00039856516540454366
CodeBERT_unfrozen_s2026,Win32,boundary,0,29,5.6148673950666197,5.6561794019758702,4,5018,0.00079713033080908732
CodeBERT_unfrozen_s2026,Win32,boundary,0,30,5.6561794019758702,5.6974914088851216,4,5018,0.00079713033080908732
CodeBERT_unfrozen_s2026,Win32,boundary,0,31,5.6974914088851216,5.738803415794373,3,5018,0.00059784774810681541
CodeBERT_unfrozen_s2026,Win32,boundary,0,32,5.738803415794373,5.7801154227036236,5,5018,0.00099641291351135913
CodeBERT_unfrozen_s2026,Win32,boundary,0,33,5.7801154227036236,5.821427429612875,2,5018,0.00039856516540454366
CodeBERT_unfrozen_s2026,Win32,boundary,0,34,5.821427429612875,5.8627394365221264,3,5018,0.00059784774810681541
CodeBERT_unfrozen_s2026,Win32,boundary,0,35,5.8627394365221264,5.9040514434313778,1,5018,0.00019928258270227183
CodeBERT_unfrozen_s2026,Win32,boundary,0,36,5.9040514434313778,5.9453634503406292,0,5018,0
CodeBERT_unfrozen_s2026,Win32,boundary,0,37,5.9453634503406292,5.9866754572498806,0,5018,0
CodeBERT_unfrozen_s2026,Win32,boundary,0,38,5.9866754572498806,6.0279874641591311,0,5018,0
CodeBERT_unfrozen_s2026,Win32,boundary,0,39,6.0279874641591311,6.0692994710683825,0,5018,0
CodeBERT_unfrozen_s2026,Win32,boundary,1,0,4.4168191946983342,4.4581312016075856,7,4982,0.0014050582095543958
CodeBERT_unfrozen_s2026,Win32,boundary,1,1,4.4581312016075856,4.499443208516837,10,4982,0.0020072260136491369
CodeBERT_unfrozen_s2026,Win32,boundary,1,2,4.499443208516837,4.5407552154260875,3,4982,0.00060216780409474112
CodeBERT_unfrozen_s2026,Win32,boundary,1,3,4.5407552154260875,4.5820672223353389,10,4982,0.0020072260136491369
CodeBERT_unfrozen_s2026,Win32,boundary,1,4,4.5820672223353389,4.6233792292445903,7,4982,0.0014050582095543958
CodeBERT_unfrozen_s2026,Win32,boundary,1,5,4.6233792292445903,4.6646912361538417,10,4982,0.0020072260136491369
CodeBERT_unfrozen_s2026,Win32,boundary,1,6,4.6646912361538417,4.7060032430630923,9,4982,0.0018065034122842231
CodeBERT_unfrozen_s2026,Win32,boundary,1,7,4.7060032430630923,4.7473152499723437,9,4982,0.0018065034122842231
CodeBERT_unfrozen_s2026,Win32,boundary,1,8,4.7473152499723437,4.7886272568815951,10,4982,0.0020072260136491369
CodeBERT_unfrozen_s2026,Win32,boundary,1,9,4.7886272568815951,4.8299392637908465,5,4982,0.0010036130068245685
CodeBERT_unfrozen_s2026,Win32,boundary,1,10,4.8299392637908465,4.8712512707000979,11,4982,0.0022079486150140505
CodeBERT_unfrozen_s2026,Win32,boundary,1,11,4.8712512707000979,4.9125632776093484,11,4982,0.0022079486150140505
CodeBERT_unfrozen_s2026,Win32,boundary,1,12,4.9125632776093484,4.9538752845185998,15,4982,0.0030108390204737052
CodeBERT_unfrozen_s2026,Win32,boundary,1,13,4.9538752845185998,4.9951872914278512,13,4982,0.002609393817743878
CodeBERT_unfrozen_s2026,Win32,boundary,1,14,4.9951872914278512,5.0364992983371026,19,4982,0.0038137294259333603
CodeBERT_unfrozen_s2026,Win32,boundary,1,15,5.0364992983371026,5.0778113052463532,9,4982,0.0018065034122842231
CodeBERT_unfrozen_s2026,Win32,boundary,1,16,5.0778113052463532,5.1191233121556046,14,4982,0.0028101164191087916
CodeBERT_unfrozen_s2026,Win32,boundary,1,17,5.1191233121556046,5.160435319064856,23,4982,0.004616619831393015
CodeBERT_unfrozen_s2026,Win32,boundary,1,18,5.160435319064856,5.2017473259741074,19,4982,0.0038137294259333603
CodeBERT_unfrozen_s2026,Win32,boundary,1,19,5.2017473259741074,5.2430593328833588,23,4982,0.004616619831393015
CodeBERT_unfrozen_s2026,Win32,boundary,1,20,5.2430593328833588,5.2843713397926093,22,4982,0.004415897230028101
CodeBERT_unfrozen_s2026,Win32,boundary,1,21,5.2843713397926093,5.3256833467018607,35,4982,0.0070252910477719794
CodeBERT_unfrozen_s2026,Win32,boundary,1,22,5.3256833467018607,5.3669953536111121,37,4982,0.0074267362505018066
CodeBERT_unfrozen_s2026,Win32,boundary,1,23,5.3669953536111121,5.4083073605203626,43,4982,0.0086310718586912888
CodeBERT_unfrozen_s2026,Win32,boundary,1,24,5.4083073605203626,5.4496193674296141,29,4982,0.0058209554395824972
CodeBERT_unfrozen_s2026,Win32,boundary,1,25,5.4496193674296141,5.4909313743388655,25,4982,0.0050180650341228421
CodeBERT_unfrozen_s2026,Win32,boundary,1,26,5.4909313743388655,5.5322433812481169,23,4982,0.004616619831393015
CodeBERT_unfrozen_s2026,Win32,boundary,1,27,5.5322433812481169,5.5735553881573683,37,4982,0.0074267362505018066
CodeBERT_unfrozen_s2026,Win32,boundary,1,28,5.5735553881573683,5.6148673950666197,69,4982,0.013849859494179044
CodeBERT_unfrozen_s2026,Win32,boundary,1,29,5.6148673950666197,5.6561794019758702,61,4982,0.012244078683259736
CodeBERT_unfrozen_s2026,Win32,boundary,1,30,5.6561794019758702,5.6974914088851216,79,4982,0.015857085507828182
CodeBERT_unfrozen_s2026,Win32,boundary,1,31,5.6974914088851216,5.738803415794373,92,4982,0.01846647932557206
CodeBERT_unfrozen_s2026,Win32,boundary,1,32,5.738803415794373,5.7801154227036236,147,4982,0.029506222400642313
CodeBERT_unfrozen_s2026,Win32,boundary,1,33,5.7801154227036236,5.821427429612875,231,4982,0.046366920915295061
CodeBERT_unfrozen_s2026,Win32,boundary,1,34,5.821427429612875,5.8627394365221264,386,4982,0.077478924126856683
CodeBERT_unfrozen_s2026,Win32,boundary,1,35,5.8627394365221264,5.9040514434313778,547,4982,0.10979526294660778
CodeBERT_unfrozen_s2026,Win32,boundary,1,36,5.9040514434313778,5.9453634503406292,1543,4982,0.30971497390606184
CodeBERT_unfrozen_s2026,Win32,boundary,1,37,5.9453634503406292,5.9866754572498806,1,4982,0.0002007226013649137
CodeBERT_unfrozen_s2026,Win32,boundary,1,38,5.9866754572498806,6.0279874641591311,0,4982,0
CodeBERT_unfrozen_s2026,Win32,boundary,1,39,6.0279874641591311,6.0692994710683825,0,4982,0
CodeBERT_unfrozen_s2026,Win64,boundary,0,0,4.4110709403991706,4.4524625259852417,2,4953,0.00040379567938623057
CodeBERT_unfrozen_s2026,Win64,boundary,0,1,4.4524625259852417,4.4938541115713129,1,4953,0.00020189783969311529
CodeBERT_unfrozen_s2026,Win64,boundary,0,2,4.4938541115713129,4.5352456971573831,0,4953,0
CodeBERT_unfrozen_s2026,Win64,boundary,0,3,4.5352456971573831,4.5766372827434543,2,4953,0.00040379567938623057
CodeBERT_unfrozen_s2026,Win64,boundary,0,4,4.5766372827434543,4.6180288683295254,1,4953,0.00020189783969311529
CodeBERT_unfrozen_s2026,Win64,boundary,0,5,4.6180288683295254,4.6594204539155966,0,4953,0
CodeBERT_unfrozen_s2026,Win64,boundary,0,6,4.6594204539155966,4.7008120395016677,0,4953,0
CodeBERT_unfrozen_s2026,Win64,boundary,0,7,4.7008120395016677,4.7422036250877388,1,4953,0.00020189783969311529
CodeBERT_unfrozen_s2026,Win64,boundary,0,8,4.7422036250877388,4.7835952106738091,1,4953,0.00020189783969311529
CodeBERT_unfrozen_s2026,Win64,boundary,0,9,4.7835952106738091,4.8249867962598803,1,4953,0.00020189783969311529
CodeBERT_unfrozen_s2026,Win64,boundary,0,10,4.8249867962598803,4.8663783818459514,0,4953,0
CodeBERT_unfrozen_s2026,Win64,boundary,0,11,4.8663783818459514,4.9077699674320225,0,4953,0
CodeBERT_unfrozen_s2026,Win64,boundary,0,12,4.9077699674320225,4.9491615530180937,2,4953,0.00040379567938623057
CodeBERT_unfrozen_s2026,Win64,boundary,0,13,4.9491615530180937,4.9905531386041648,2,4953,0.00040379567938623057
CodeBERT_unfrozen_s2026,Win64,boundary,0,14,4.9905531386041648,5.0319447241902351,0,4953,0
CodeBERT_unfrozen_s2026,Win64,boundary,0,15,5.0319447241902351,5.0733363097763062,3,4953,0.00060569351907934583
CodeBERT_unfrozen_s2026,Win64,boundary,0,16,5.0733363097763062,5.1147278953623774,2,4953,0.00040379567938623057
CodeBERT_unfrozen_s2026,Win64,boundary,0,17,5.1147278953623774,5.1561194809484485,2,4953,0.00040379567938623057
CodeBERT_unfrozen_s2026,Win64,boundary,0,18,5.1561194809484485,5.1975110665345197,2,4953,0.00040379567938623057
CodeBERT_unfrozen_s2026,Win64,boundary,0,19,5.1975110665345197,5.2389026521205899,3,4953,0.00060569351907934583
CodeBERT_unfrozen_s2026,Win64,boundary,0,20,5.2389026521205899,5.2802942377066611,2,4953,0.00040379567938623057
CodeBERT_unfrozen_s2026,Win64,boundary,0,21,5.2802942377066611,5.3216858232927322,0,4953,0
CodeBERT_unfrozen_s2026,Win64,boundary,0,22,5.3216858232927322,5.3630774088788034,1,4953,0.00020189783969311529
CodeBERT_unfrozen_s2026,Win64,boundary,0,23,5.3630774088788034,5.4044689944648745,1,4953,0.00020189783969311529
CodeBERT_unfrozen_s2026,Win64,boundary,0,24,5.4044689944648745,5.4458605800509456,1,4953,0.00020189783969311529
CodeBERT_unfrozen_s2026,Win64,boundary,0,25,5.4458605800509456,5.4872521656370168,1,4953,0.00020189783969311529
CodeBERT_unfrozen_s2026,Win64,boundary,0,26,5.4872521656370168,5.528643751223087,1,4953,0.00020189783969311529
CodeBERT_unfrozen_s2026,Win64,boundary,0,27,5.528643751223087,5.5700353368091582,1,4953,0.00020189783969311529
CodeBERT_unfrozen_s2026,Win64,boundary,0,28,5.5700353368091582,5.6114269223952293,3,4953,0.00060569351907934583
CodeBERT_unfrozen_s2026,Win64,boundary,0,29,5.6114269223952293,5.6528185079813005,1,4953,0.00020189783969311529
CodeBERT_unfrozen_s2026,Win64,boundary,0,30,5.6528185079813005,5.6942100935673716,1,4953,0.00020189783969311529
CodeBERT_unfrozen_s2026,Win64,boundary,0,31,5.6942100935673716,5.7356016791534419,4,4953,0.00080759135877246115
CodeBERT_unfrozen_s2026,Win64,boundary,0,32,5.7356016791534419,5.776993264739513,5,4953,0.0010094891984655764
CodeBERT_unfrozen_s2026,Win64,boundary,0,33,5.776993264739513,5.8183848503255842,1,4953,0.00020189783969311529
CodeBERT_unfrozen_s2026,Win64,boundary,0,34,5.8183848503255842,5.8597764359116553,8,4953,0.0016151827175449223
CodeBERT_unfrozen_s2026,Win64,boundary,0,35,5.8597764359116553,5.9011680214977265,3,4953,0.00060569351907934583
CodeBERT_unfrozen_s2026,Win64,boundary,0,36,5.9011680214977265,5.9425596070837976,1,4953,0.00020189783969311529
CodeBERT_unfrozen_s2026,Win64,boundary,0,37,5.9425596070837976,5.9839511926698687,0,4953,0
CodeBERT_unfrozen_s2026,Win64,boundary,0,38,5.9839511926698687,6.025342778255939,0,4953,0
CodeBERT_unfrozen_s2026,Win64,boundary,0,39,6.025342778255939,6.0667343638420101,0,4953,0
CodeBERT_unfrozen_s2026,Win64,boundary,1,0,4.4110709403991706,4.4524625259852417,11,5047,0.002179512581731722
CodeBERT_unfrozen_s2026,Win64,boundary,1,1,4.4524625259852417,4.4938541115713129,9,5047,0.0017832375668714088
CodeBERT_unfrozen_s2026,Win64,boundary,1,2,4.4938541115713129,4.5352456971573831,11,5047,0.002179512581731722
CodeBERT_unfrozen_s2026,Win64,boundary,1,3,4.5352456971573831,4.5766372827434543,13,5047,0.0025757875965920348
CodeBERT_unfrozen_s2026,Win64,boundary,1,4,4.5766372827434543,4.6180288683295254,21,5047,0.004160887656033287
CodeBERT_unfrozen_s2026,Win64,boundary,1,5,4.6180288683295254,4.6594204539155966,15,5047,0.0029720626114523481
CodeBERT_unfrozen_s2026,Win64,boundary,1,6,4.6594204539155966,4.7008120395016677,11,5047,0.002179512581731722
CodeBERT_unfrozen_s2026,Win64,boundary,1,7,4.7008120395016677,4.7422036250877388,17,5047,0.0033683376263126609
CodeBERT_unfrozen_s2026,Win64,boundary,1,8,4.7422036250877388,4.7835952106738091,9,5047,0.0017832375668714088
CodeBERT_unfrozen_s2026,Win64,boundary,1,9,4.7835952106738091,4.8249867962598803,8,5047,0.0015851000594412521
CodeBERT_unfrozen_s2026,Win64,boundary,1,10,4.8249867962598803,4.8663783818459514,9,5047,0.0017832375668714088
CodeBERT_unfrozen_s2026,Win64,boundary,1,11,4.8663783818459514,4.9077699674320225,12,5047,0.0023776500891618782
CodeBERT_unfrozen_s2026,Win64,boundary,1,12,4.9077699674320225,4.9491615530180937,14,5047,0.0027739251040221915
CodeBERT_unfrozen_s2026,Win64,boundary,1,13,4.9491615530180937,4.9905531386041648,11,5047,0.002179512581731722
CodeBERT_unfrozen_s2026,Win64,boundary,1,14,4.9905531386041648,5.0319447241902351,21,5047,0.004160887656033287
CodeBERT_unfrozen_s2026,Win64,boundary,1,15,5.0319447241902351,5.0733363097763062,14,5047,0.0027739251040221915
CodeBERT_unfrozen_s2026,Win64,boundary,1,16,5.0733363097763062,5.1147278953623774,10,5047,0.0019813750743015654
CodeBERT_unfrozen_s2026,Win64,boundary,1,17,5.1147278953623774,5.1561194809484485,10,5047,0.0019813750743015654
CodeBERT_unfrozen_s2026,Win64,boundary,1,18,5.1561194809484485,5.1975110665345197,11,5047,0.002179512581731722
CodeBERT_unfrozen_s2026,Win64,boundary,1,19,5.1975110665345197,5.2389026521205899,15,5047,0.0029720626114523481
CodeBERT_unfrozen_s2026,Win64,boundary,1,20,5.2389026521205899,5.2802942377066611,13,5047,0.0025757875965920348
CodeBERT_unfrozen_s2026,Win64,boundary,1,21,5.2802942377066611,5.3216858232927322,16,5047,0.0031702001188825043
CodeBERT_unfrozen_s2026,Win64,boundary,1,22,5.3216858232927322,5.3630774088788034,18,5047,0.0035664751337428175
CodeBERT_unfrozen_s2026,Win64,boundary,1,23,5.3630774088788034,5.4044689944648745,17,5047,0.0033683376263126609
CodeBERT_unfrozen_s2026,Win64,boundary,1,24,5.4044689944648745,5.4458605800509456,19,5047,0.0037646126411729742
CodeBERT_unfrozen_s2026,Win64,boundary,1,25,5.4458605800509456,5.4872521656370168,25,5047,0.0049534376857539135
CodeBERT_unfrozen_s2026,Win64,boundary,1,26,5.4872521656370168,5.528643751223087,24,5047,0.0047553001783237564
CodeBERT_unfrozen_s2026,Win64,boundary,1,27,5.528643751223087,5.5700353368091582,35,5047,0.0069348127600554789
CodeBERT_unfrozen_s2026,Win64,boundary,1,28,5.5700353368091582,5.6114269223952293,36,5047,0.0071329502674856351
CodeBERT_unfrozen_s2026,Win64,boundary,1,29,5.6114269223952293,5.6528185079813005,48,5047,0.0095106003566475129
CodeBERT_unfrozen_s2026,Win64,boundary,1,30,5.6528185079813005,5.6942100935673716,67,5047,0.013275212997820487
CodeBERT_unfrozen_s2026,Win64,boundary,1,31,5.6942100935673716,5.7356016791534419,79,5047,0.015652863086982365
CodeBERT_unfrozen_s2026,Win64,boundary,1,32,5.7356016791534419,5.776993264739513,138,5047,0.0273429760253616
CodeBERT_unfrozen_s2026,Win64,boundary,1,33,5.776993264739513,5.8183848503255842,305,5047,0.060431939766197741
CodeBERT_unfrozen_s2026,Win64,boundary,1,34,5.8183848503255842,5.8597764359116553,493,5047,0.097681791163067175
CodeBERT_unfrozen_s2026,Win64,boundary,1,35,5.8597764359116553,5.9011680214977265,696,5047,0.13790370517138895
CodeBERT_unfrozen_s2026,Win64,boundary,1,36,5.9011680214977265,5.9425596070837976,764,5047,0.15137705567663959
CodeBERT_unfrozen_s2026,Win64,boundary,1,37,5.9425596070837976,5.9839511926698687,8,5047,0.0015851000594412521
CodeBERT_unfrozen_s2026,Win64,boundary,1,38,5.9839511926698687,6.025342778255939,0,5047,0
CodeBERT_unfrozen_s2026,Win64,boundary,1,39,6.025342778255939,6.0667343638420101,0,5047,0
CodeBERT_unfrozen_s2026,Dot_Net,boundary,0,0,4.4157517201423655,4.457092339797617,1,4964,0.00020145044319097501
CodeBERT_unfrozen_s2026,Dot_Net,boundary,0,1,4.457092339797617,4.4984329594528685,1,4964,0.00020145044319097501
CodeBERT_unfrozen_s2026,Dot_Net,boundary,0,2,4.4984329594528685,4.53977357910812,3,4964,0.00060435132957292509
CodeBERT_unfrozen_s2026,Dot_Net,boundary,0,3,4.53977357910812,4.5811141987633714,3,4964,0.00060435132957292509
CodeBERT_unfrozen_s2026,Dot_Net,boundary,0,4,4.5811141987633714,4.6224548184186229,2,4964,0.00040290088638195002
CodeBERT_unfrozen_s2026,Dot_Net,boundary,0,5,4.6224548184186229,4.6637954380738744,1,4964,0.00020145044319097501
CodeBERT_unfrozen_s2026,Dot_Net,boundary,0,6,4.6637954380738744,4.7051360577291259,0,4964,0
CodeBERT_unfrozen_s2026,Dot_Net,boundary,0,7,4.7051360577291259,4.7464766773843774,1,4964,0.00020145044319097501
CodeBERT_unfrozen_s2026,Dot_Net,boundary,0,8,4.7464766773843774,4.7878172970396289,0,4964,0
CodeBERT_unfrozen_s2026,Dot_Net,boundary,0,9,4.7878172970396289,4.8291579166948804,1,4964,0.00020145044319097501
CodeBERT_unfrozen_s2026,Dot_Net,boundary,0,10,4.8291579166948804,4.8704985363501319,2,4964,0.00040290088638195002
CodeBERT_unfrozen_s2026,Dot_Net,boundary,0,11,4.8704985363501319,4.9118391560053833,0,4964,0
CodeBERT_unfrozen_s2026,Dot_Net,boundary,0,12,4.9118391560053833,4.9531797756606348,1,4964,0.00020145044319097501
CodeBERT_unfrozen_s2026,Dot_Net,boundary,0,13,4.9531797756606348,4.9945203953158863,1,4964,0.00020145044319097501
CodeBERT_unfrozen_s2026,Dot_Net,boundary,0,14,4.9945203953158863,5.0358610149711378,0,4964,0
CodeBERT_unfrozen_s2026,Dot_Net,boundary,0,15,5.0358610149711378,5.0772016346263893,1,4964,0.00020145044319097501
CodeBERT_unfrozen_s2026,Dot_Net,boundary,0,16,5.0772016346263893,5.1185422542816408,4,4964,0.00080580177276390005
CodeBERT_unfrozen_s2026,Dot_Net,boundary,0,17,5.1185422542816408,5.1598828739368923,0,4964,0
CodeBERT_unfrozen_s2026,Dot_Net,boundary,0,18,5.1598828739368923,5.2012234935921438,0,4964,0
CodeBERT_unfrozen_s2026,Dot_Net,boundary,0,19,5.2012234935921438,5.2425641132473952,1,4964,0.00020145044319097501
CodeBERT_unfrozen_s2026,Dot_Net,boundary,0,20,5.2425641132473952,5.2839047329026467,0,4964,0
CodeBERT_unfrozen_s2026,Dot_Net,boundary,0,21,5.2839047329026467,5.3252453525578982,1,4964,0.00020145044319097501
CodeBERT_unfrozen_s2026,Dot_Net,boundary,0,22,5.3252453525578982,5.3665859722131497,5,4964,0.001007252215954875
CodeBERT_unfrozen_s2026,Dot_Net,boundary,0,23,5.3665859722131497,5.4079265918684012,2,4964,0.00040290088638195002
CodeBERT_unfrozen_s2026,Dot_Net,boundary,0,24,5.4079265918684012,5.4492672115236527,3,4964,0.00060435132957292509
CodeBERT_unfrozen_s2026,Dot_Net,boundary,0,25,5.4492672115236527,5.4906078311789042,6,4964,0.0012087026591458502
CodeBERT_unfrozen_s2026,Dot_Net,boundary,0,26,5.4906078311789042,5.5319484508341557,2,4964,0.00040290088638195002
CodeBERT_unfrozen_s2026,Dot_Net,boundary,0,27,5.5319484508341557,5.5732890704894071,0,4964,0
CodeBERT_unfrozen_s2026,Dot_Net,boundary,0,28,5.5732890704894071,5.6146296901446586,2,4964,0.00040290088638195002
CodeBERT_unfrozen_s2026,Dot_Net,boundary,0,29,5.6146296901446586,5.6559703097999101,2,4964,0.00040290088638195002
CodeBERT_unfrozen_s2026,Dot_Net,boundary,0,30,5.6559703097999101,5.6973109294551616,5,4964,0.001007252215954875
CodeBERT_unfrozen_s2026,Dot_Net,boundary,0,31,5.6973109294551616,5.7386515491104131,1,4964,0.00020145044319097501
CodeBERT_unfrozen_s2026,Dot_Net,boundary,0,32,5.7386515491104131,5.7799921687656646,7,4964,0.0014101531023368251
CodeBERT_unfrozen_s2026,Dot_Net,boundary,0,33,5.7799921687656646,5.8213327884209161,5,4964,0.001007252215954875
CodeBERT_unfrozen_s2026,Dot_Net,boundary,0,34,5.8213327884209161,5.8626734080761675,9,4964,0.0018130539887187753
CodeBERT_unfrozen_s2026,Dot_Net,boundary,0,35,5.8626734080761675,5.904014027731419,7,4964,0.0014101531023368251
CodeBERT_unfrozen_s2026,Dot_Net,boundary,0,36,5.904014027731419,5.9453546473866705,6,4964,0.0012087026591458502
CodeBERT_unfrozen_s2026,Dot_Net,boundary,0,37,5.9453546473866705,5.986695267041922,0,4964,0
CodeBERT_unfrozen_s2026,Dot_Net,boundary,0,38,5.986695267041922,6.0280358866971735,0,4964,0
CodeBERT_unfrozen_s2026,Dot_Net,boundary,0,39,6.0280358866971735,6.069376506352425,0,4964,0
CodeBERT_unfrozen_s2026,Dot_Net,boundary,1,0,4.4157517201423655,4.457092339797617,11,5036,0.0021842732327243845
CodeBERT_unfrozen_s2026,Dot_Net,boundary,1,1,4.457092339797617,4.4984329594528685,7,5036,0.0013899920571882446
CodeBERT_unfrozen_s2026,Dot_Net,boundary,1,2,4.4984329594528685,4.53977357910812,11,5036,0.0021842732327243845
CodeBERT_unfrozen_s2026,Dot_Net,boundary,1,3,4.53977357910812,4.5811141987633714,11,5036,0.0021842732327243845
CodeBERT_unfrozen_s2026,Dot_Net,boundary,1,4,4.5811141987633714,4.6224548184186229,7,5036,0.0013899920571882446
CodeBERT_unfrozen_s2026,Dot_Net,boundary,1,5,4.6224548184186229,4.6637954380738744,8,5036,0.0015885623510722795
CodeBERT_unfrozen_s2026,Dot_Net,boundary,1,6,4.6637954380738744,4.7051360577291259,15,5036,0.0029785544082605244
CodeBERT_unfrozen_s2026,Dot_Net,boundary,1,7,4.7051360577291259,4.7464766773843774,10,5036,0.0019857029388403494
CodeBERT_unfrozen_s2026,Dot_Net,boundary,1,8,4.7464766773843774,4.7878172970396289,7,5036,0.0013899920571882446
CodeBERT_unfrozen_s2026,Dot_Net,boundary,1,9,4.7878172970396289,4.8291579166948804,13,5036,0.0025814138204924542
CodeBERT_unfrozen_s2026,Dot_Net,boundary,1,10,4.8291579166948804,4.8704985363501319,13,5036,0.0025814138204924542
CodeBERT_unfrozen_s2026,Dot_Net,boundary,1,11,4.8704985363501319,4.9118391560053833,23,5036,0.0045671167593328036
CodeBERT_unfrozen_s2026,Dot_Net,boundary,1,12,4.9118391560053833,4.9531797756606348,20,5036,0.0039714058776806989
CodeBERT_unfrozen_s2026,Dot_Net,boundary,1,13,4.9531797756606348,4.9945203953158863,10,5036,0.0019857029388403494
CodeBERT_unfrozen_s2026,Dot_Net,boundary,1,14,4.9945203953158863,5.0358610149711378,12,5036,0.0023828435266084196
CodeBERT_unfrozen_s2026,Dot_Net,boundary,1,15,5.0358610149711378,5.0772016346263893,14,5036,0.0027799841143764893
CodeBERT_unfrozen_s2026,Dot_Net,boundary,1,16,5.0772016346263893,5.1185422542816408,14,5036,0.0027799841143764893
CodeBERT_unfrozen_s2026,Dot_Net,boundary,1,17,5.1185422542816408,5.1598828739368923,14,5036,0.0027799841143764893
CodeBERT_unfrozen_s2026,Dot_Net,boundary,1,18,5.1598828739368923,5.2012234935921438,20,5036,0.0039714058776806989
CodeBERT_unfrozen_s2026,Dot_Net,boundary,1,19,5.2012234935921438,5.2425641132473952,16,5036,0.003177124702144559
CodeBERT_unfrozen_s2026,Dot_Net,boundary,1,20,5.2425641132473952,5.2839047329026467,20,5036,0.0039714058776806989
CodeBERT_unfrozen_s2026,Dot_Net,boundary,1,21,5.2839047329026467,5.3252453525578982,22,5036,0.004368546465448769
CodeBERT_unfrozen_s2026,Dot_Net,boundary,1,22,5.3252453525578982,5.3665859722131497,30,5036,0.0059571088165210487
CodeBERT_unfrozen_s2026,Dot_Net,boundary,1,23,5.3665859722131497,5.4079265918684012,26,5036,0.0051628276409849084
CodeBERT_unfrozen_s2026,Dot_Net,boundary,1,24,5.4079265918684012,5.4492672115236527,29,5036,0.0057585385226370132
CodeBERT_unfrozen_s2026,Dot_Net,boundary,1,25,5.4492672115236527,5.4906078311789042,36,5036,0.0071485305798252583
CodeBERT_unfrozen_s2026,Dot_Net,boundary,1,26,5.4906078311789042,5.5319484508341557,50,5036,0.0099285146942017476
CodeBERT_unfrozen_s2026,Dot_Net,boundary,1,27,5.5319484508341557,5.5732890704894071,46,5036,0.0091342335186656073
CodeBERT_unfrozen_s2026,Dot_Net,boundary,1,28,5.5732890704894071,5.6146296901446586,52,5036,0.010325655281969817
CodeBERT_unfrozen_s2026,Dot_Net,boundary,1,29,5.6146296901446586,5.6559703097999101,86,5036,0.017077045274027005
CodeBERT_unfrozen_s2026,Dot_Net,boundary,1,30,5.6559703097999101,5.6973109294551616,110,5036,0.021842732327243843
CodeBERT_unfrozen_s2026,Dot_Net,boundary,1,31,5.6973109294551616,5.7386515491104131,152,5036,0.030182684670373314
CodeBERT_unfrozen_s2026,Dot_Net,boundary,1,32,5.7386515491104131,5.7799921687656646,222,5036,0.044082605242255761
CodeBERT_unfrozen_s2026,Dot_Net,boundary,1,33,5.7799921687656646,5.8213327884209161,327,5036,0.064932486100079428
CodeBERT_unfrozen_s2026,Dot_Net,boundary,1,34,5.8213327884209161,5.8626734080761675,467,5036,0.092732327243844323
CodeBERT_unfrozen_s2026,Dot_Net,boundary,1,35,5.8626734080761675,5.904014027731419,873,5036,0.17335186656076251
CodeBERT_unfrozen_s2026,Dot_Net,boundary,1,36,5.904014027731419,5.9453546473866705,1331,5036,0.26429706115965051
CodeBERT_unfrozen_s2026,Dot_Net,boundary,1,37,5.9453546473866705,5.986695267041922,3,5036,0.00059571088165210489
CodeBERT_unfrozen_s2026,Dot_Net,boundary,1,38,5.986695267041922,6.0280358866971735,0,5036,0
CodeBERT_unfrozen_s2026,Dot_Net,boundary,1,39,6.0280358866971735,6.069376506352425,0,5036,0
CodeBERT_unfrozen_s2027,Win32,full,0,0,-7.2172269821166992,-6.9663653016090397,0,5018,0
CodeBERT_unfrozen_s2027,Win32,full,0,1,-6.9663653016090397,-6.7155036211013792,66,5018,0.01315265045834994
CodeBERT_unfrozen_s2027,Win32,full,0,2,-6.7155036211013792,-6.4646419405937197,2529,5018,0.50398565165404541
CodeBERT_unfrozen_s2027,Win32,full,0,3,-6.4646419405937197,-6.2137802600860592,650,5018,0.12953367875647667
CodeBERT_unfrozen_s2027,Win32,full,0,4,-6.2137802600860592,-5.9629185795783997,362,5018,0.072140294938222396
CodeBERT_unfrozen_s2027,Win32,full,0,5,-5.9629185795783997,-5.7120568990707401,259,5018,0.0516141889198884
CodeBERT_unfrozen_s2027,Win32,full,0,6,-5.7120568990707401,-5.4611952185630805,177,5018,0.03527301713830211
CodeBERT_unfrozen_s2027,Win32,full,0,7,-5.4611952185630805,-5.2103335380554201,158,5018,0.031486648066958944
CodeBERT_unfrozen_s2027,Win32,full,0,8,-5.2103335380554201,-4.9594718575477597,130,5018,0.025906735751295335
CodeBERT_unfrozen_s2027,Win32,full,0,9,-4.9594718575477597,-4.7086101770401001,113,5018,0.022518931845356714
CodeBERT_unfrozen_s2027,Win32,full,0,10,-4.7086101770401001,-4.4577484965324405,71,5018,0.014149063371861299
CodeBERT_unfrozen_s2027,Win32,full,0,11,-4.4577484965324405,-4.206886816024781,44,5018,0.0087684336388999598
CodeBERT_unfrozen_s2027,Win32,full,0,12,-4.206886816024781,-3.9560251355171205,28,5018,0.0055799123156636109
CodeBERT_unfrozen_s2027,Win32,full,0,13,-3.9560251355171205,-3.705163455009461,36,5018,0.0071741729772817854
CodeBERT_unfrozen_s2027,Win32,full,0,14,-3.705163455009461,-3.454301774501801,21,5018,0.0041849342367477086
CodeBERT_unfrozen_s2027,Win32,full,0,15,-3.454301774501801,-3.203440093994141,22,5018,0.0043842168194499799
CodeBERT_unfrozen_s2027,Win32,full,0,16,-3.203440093994141,-2.9525784134864814,18,5018,0.0035870864886408927
CodeBERT_unfrozen_s2027,Win32,full,0,17,-2.9525784134864814,-2.701716732978821,6,5018,0.0011956954962136308
CodeBERT_unfrozen_s2027,Win32,full,0,18,-2.701716732978821,-2.4508550524711614,5,5018,0.00099641291351135913
CodeBERT_unfrozen_s2027,Win32,full,0,19,-2.4508550524711614,-2.199993371963501,0,5018,0
CodeBERT_unfrozen_s2027,Win32,full,0,20,-2.199993371963501,-1.9491316914558414,2,5018,0.00039856516540454366
CodeBERT_unfrozen_s2027,Win32,full,0,21,-1.9491316914558414,-1.6982700109481819,2,5018,0.00039856516540454366
CodeBERT_unfrozen_s2027,Win32,full,0,22,-1.6982700109481819,-1.4474083304405214,5,5018,0.00099641291351135913
CodeBERT_unfrozen_s2027,Win32,full,0,23,-1.4474083304405214,-1.1965466499328619,5,5018,0.00099641291351135913
CodeBERT_unfrozen_s2027,Win32,full,0,24,-1.1965466499328619,-0.9456849694252023,8,5018,0.0015942606616181746
CodeBERT_unfrozen_s2027,Win32,full,0,25,-0.9456849694252023,-0.69482328891754186,23,5018,0.004583499402152252
CodeBERT_unfrozen_s2027,Win32,full,0,26,-0.69482328891754186,-0.4439616084098823,6,5018,0.0011956954962136308
CodeBERT_unfrozen_s2027,Win32,full,0,27,-0.4439616084098823,-0.19309992790222275,10,5018,0.0019928258270227183
CodeBERT_unfrozen_s2027,Win32,full,0,28,-0.19309992790222275,0.0577617526054377,10,5018,0.0019928258270227183
CodeBERT_unfrozen_s2027,Win32,full,0,29,0.0577617526054377,0.30862343311309726,8,5018,0.0015942606616181746
CodeBERT_unfrozen_s2027,Win32,full,0,30,0.30862343311309726,0.5594851136207577,8,5018,0.0015942606616181746
CodeBERT_unfrozen_s2027,Win32,full,0,31,0.5594851136207577,0.81034679412841726,2,5018,0.00039856516540454366
CodeBERT_unfrozen_s2027,Win32,full,0,32,0.81034679412841726,1.0612084746360768,4,5018,0.00079713033080908732
CodeBERT_unfrozen_s2027,Win32,full,0,33,1.0612084746360768,1.3120701551437364,5,5018,0.00099641291351135913
CodeBERT_unfrozen_s2027,Win32,full,0,34,1.3120701551437364,1.5629318356513977,6,5018,0.0011956954962136308
CodeBERT_unfrozen_s2027,Win32,full,0,35,1.5629318356513977,1.8137935161590573,6,5018,0.0011956954962136308
CodeBERT_unfrozen_s2027,Win32,full,0,36,1.8137935161590573,2.0646551966667168,2,5018,0.00039856516540454366
CodeBERT_unfrozen_s2027,Win32,full,0,37,2.0646551966667168,2.3155168771743764,11,5018,0.00219210840972499
CodeBERT_unfrozen_s2027,Win32,full,0,38,2.3155168771743764,2.5663785576820359,11,5018,0.00219210840972499
CodeBERT_unfrozen_s2027,Win32,full,0,39,2.5663785576820359,2.8172402381896973,13,5018,0.0025906735751295338
CodeBERT_unfrozen_s2027,Win32,full,0,40,2.8172402381896973,3.0681019186973568,13,5018,0.0025906735751295338
CodeBERT_unfrozen_s2027,Win32,full,0,41,3.0681019186973568,3.3189635992050164,14,5018,0.0027899561578318055
CodeBERT_unfrozen_s2027,Win32,full,0,42,3.3189635992050164,3.5698252797126759,16,5018,0.0031885213232363493
CodeBERT_unfrozen_s2027,Win32,full,0,43,3.5698252797126759,3.8206869602203355,7,5018,0.0013949780789159027
CodeBERT_unfrozen_s2027,Win32,full,0,44,3.8206869602203355,4.071548640727995,10,5018,0.0019928258270227183
CodeBERT_unfrozen_s2027,Win32,full,0,45,4.071548640727995,4.3224103212356564,7,5018,0.0013949780789159027
CodeBERT_unfrozen_s2027,Win32,full,0,46,4.3224103212356564,4.5732720017433159,5,5018,0.00099641291351135913
CodeBERT_unfrozen_s2027,Win32,full,0,47,4.5732720017433159,4.8241336822509755,4,5018,0.00079713033080908732
CodeBERT_unfrozen_s2027,Win32,full,0,48,4.8241336822509755,5.0749953627586351,4,5018,0.00079713033080908732
CodeBERT_unfrozen_s2027,Win32,full,0,49,5.0749953627586351,5.3258570432662946,4,5018,0.00079713033080908732
CodeBERT_unfrozen_s2027,Win32,full,0,50,5.3258570432662946,5.5767187237739559,4,5018,0.00079713033080908732
CodeBERT_unfrozen_s2027,Win32,full,0,51,5.5767187237739559,5.8275804042816155,10,5018,0.0019928258270227183
CodeBERT_unfrozen_s2027,Win32,full,0,52,5.8275804042816155,6.0784420847892751,6,5018,0.0011956954962136308
CodeBERT_unfrozen_s2027,Win32,full,0,53,6.0784420847892751,6.3293037652969346,7,5018,0.0013949780789159027
CodeBERT_unfrozen_s2027,Win32,full,0,54,6.3293037652969346,6.5801654458045942,4,5018,0.00079713033080908732
CodeBERT_unfrozen_s2027,Win32,full,0,55,6.5801654458045942,6.8310271263122537,7,5018,0.0013949780789159027
CodeBERT_unfrozen_s2027,Win32,full,0,56,6.8310271263122537,7.0818888068199151,10,5018,0.0019928258270227183
CodeBERT_unfrozen_s2027,Win32,full,0,57,7.0818888068199151,7.3327504873275746,14,5018,0.0027899561578318055
CodeBERT_unfrozen_s2027,Win32,full,0,58,7.3327504873275746,7.5836121678352342,20,5018,0.0039856516540454365
CodeBERT_unfrozen_s2027,Win32,full,0,59,7.5836121678352342,7.8344738483428955,10,5018,0.0019928258270227183
CodeBERT_unfrozen_s2027,Win32,full,1,0,-7.2172269821166992,-6.9663653016090397,2,4982,0.00040144520272982739
CodeBERT_unfrozen_s2027,Win32,full,1,1,-6.9663653016090397,-6.7155036211013792,2,4982,0.00040144520272982739
CodeBERT_unfrozen_s2027,Win32,full,1,2,-6.7155036211013792,-6.4646419405937197,11,4982,0.0022079486150140505
CodeBERT_unfrozen_s2027,Win32,full,1,3,-6.4646419405937197,-6.2137802600860592,38,4982,0.0076274588518667205
CodeBERT_unfrozen_s2027,Win32,full,1,4,-6.2137802600860592,-5.9629185795783997,36,4982,0.0072260136491368926
CodeBERT_unfrozen_s2027,Win32,full,1,5,-5.9629185795783997,-5.7120568990707401,39,4982,0.0078281814532316345
CodeBERT_unfrozen_s2027,Win32,full,1,6,-5.7120568990707401,-5.4611952185630805,50,4982,0.010036130068245684
CodeBERT_unfrozen_s2027,Win32,full,1,7,-5.4611952185630805,-5.2103335380554201,38,4982,0.0076274588518667205
CodeBERT_unfrozen_s2027,Win32,full,1,8,-5.2103335380554201,-4.9594718575477597,32,4982,0.0064231232436772383
CodeBERT_unfrozen_s2027,Win32,full,1,9,-4.9594718575477597,-4.7086101770401001,33,4982,0.0066238458450421514
CodeBERT_unfrozen_s2027,Win32,full,1,10,-4.7086101770401001,-4.4577484965324405,39,4982,0.0078281814532316345
CodeBERT_unfrozen_s2027,Win32,full,1,11,-4.4577484965324405,-4.206886816024781,39,4982,0.0078281814532316345
CodeBERT_unfrozen_s2027,Win32,full,1,12,-4.206886816024781,-3.9560251355171205,33,4982,0.0066238458450421514
CodeBERT_unfrozen_s2027,Win32,full,1,13,-3.9560251355171205,-3.705163455009461,20,4982,0.0040144520272982738
CodeBERT_unfrozen_s2027,Win32,full,1,14,-3.705163455009461,-3.454301774501801,31,4982,0.0062224006423123243
CodeBERT_unfrozen_s2027,Win32,full,1,15,-3.454301774501801,-3.203440093994141,16,4982,0.0032115616218386192
CodeBERT_unfrozen_s2027,Win32,full,1,16,-3.203440093994141,-2.9525784134864814,21,4982,0.0042151746286631878
CodeBERT_unfrozen_s2027,Win32,full,1,17,-2.9525784134864814,-2.701716732978821,7,4982,0.0014050582095543958
CodeBERT_unfrozen_s2027,Win32,full,1,18,-2.701716732978821,-2.4508550524711614,7,4982,0.0014050582095543958
CodeBERT_unfrozen_s2027,Win32,full,1,19,-2.4508550524711614,-2.199993371963501,8,4982,0.0016057808109193096
CodeBERT_unfrozen_s2027,Win32,full,1,20,-2.199993371963501,-1.9491316914558414,6,4982,0.0012043356081894822
CodeBERT_unfrozen_s2027,Win32,full,1,21,-1.9491316914558414,-1.6982700109481819,1,4982,0.0002007226013649137
CodeBERT_unfrozen_s2027,Win32,full,1,22,-1.6982700109481819,-1.4474083304405214,6,4982,0.0012043356081894822
CodeBERT_unfrozen_s2027,Win32,full,1,23,-1.4474083304405214,-1.1965466499328619,2,4982,0.00040144520272982739
CodeBERT_unfrozen_s2027,Win32,full,1,24,-1.1965466499328619,-0.9456849694252023,10,4982,0.0020072260136491369
CodeBERT_unfrozen_s2027,Win32,full,1,25,-0.9456849694252023,-0.69482328891754186,16,4982,0.0032115616218386192
CodeBERT_unfrozen_s2027,Win32,full,1,26,-0.69482328891754186,-0.4439616084098823,5,4982,0.0010036130068245685
CodeBERT_unfrozen_s2027,Win32,full,1,27,-0.4439616084098823,-0.19309992790222275,9,4982,0.0018065034122842231
CodeBERT_unfrozen_s2027,Win32,full,1,28,-0.19309992790222275,0.0577617526054377,22,4982,0.004415897230028101
CodeBERT_unfrozen_s2027,Win32,full,1,29,0.0577617526054377,0.30862343311309726,28,4982,0.0056202328382175832
CodeBERT_unfrozen_s2027,Win32,full,1,30,0.30862343311309726,0.5594851136207577,32,4982,0.0064231232436772383
CodeBERT_unfrozen_s2027,Win32,full,1,31,0.5594851136207577,0.81034679412841726,11,4982,0.0022079486150140505
CodeBERT_unfrozen_s2027,Win32,full,1,32,0.81034679412841726,1.0612084746360768,18,4982,0.0036130068245684463
CodeBERT_unfrozen_s2027,Win32,full,1,33,1.0612084746360768,1.3120701551437364,13,4982,0.002609393817743878
CodeBERT_unfrozen_s2027,Win32,full,1,34,1.3120701551437364,1.5629318356513977,5,4982,0.0010036130068245685
CodeBERT_unfrozen_s2027,Win32,full,1,35,1.5629318356513977,1.8137935161590573,10,4982,0.0020072260136491369
CodeBERT_unfrozen_s2027,Win32,full,1,36,1.8137935161590573,2.0646551966667168,20,4982,0.0040144520272982738
CodeBERT_unfrozen_s2027,Win32,full,1,37,2.0646551966667168,2.3155168771743764,25,4982,0.0050180650341228421
CodeBERT_unfrozen_s2027,Win32,full,1,38,2.3155168771743764,2.5663785576820359,35,4982,0.0070252910477719794
CodeBERT_unfrozen_s2027,Win32,full,1,39,2.5663785576820359,2.8172402381896973,31,4982,0.0062224006423123243
CodeBERT_unfrozen_s2027,Win32,full,1,40,2.8172402381896973,3.0681019186973568,38,4982,0.0076274588518667205
CodeBERT_unfrozen_s2027,Win32,full,1,41,3.0681019186973568,3.3189635992050164,39,4982,0.0078281814532316345
CodeBERT_unfrozen_s2027,Win32,full,1,42,3.3189635992050164,3.5698252797126759,32,4982,0.0064231232436772383
CodeBERT_unfrozen_s2027,Win32,full,1,43,3.5698252797126759,3.8206869602203355,48,4982,0.0096346848655158579
CodeBERT_unfrozen_s2027,Win32,full,1,44,3.8206869602203355,4.071548640727995,44,4982,0.0088317944600562019
CodeBERT_unfrozen_s2027,Win32,full,1,45,4.071548640727995,4.3224103212356564,22,4982,0.004415897230028101
CodeBERT_unfrozen_s2027,Win32,full,1,46,4.3224103212356564,4.5732720017433159,37,4982,0.0074267362505018066
CodeBERT_unfrozen_s2027,Win32,full,1,47,4.5732720017433159,4.8241336822509755,25,4982,0.0050180650341228421
CodeBERT_unfrozen_s2027,Win32,full,1,48,4.8241336822509755,5.0749953627586351,38,4982,0.0076274588518667205
CodeBERT_unfrozen_s2027,Win32,full,1,49,5.0749953627586351,5.3258570432662946,22,4982,0.004415897230028101
CodeBERT_unfrozen_s2027,Win32,full,1,50,5.3258570432662946,5.5767187237739559,49,4982,0.009835407466880771
CodeBERT_unfrozen_s2027,Win32,full,1,51,5.5767187237739559,5.8275804042816155,37,4982,0.0074267362505018066
CodeBERT_unfrozen_s2027,Win32,full,1,52,5.8275804042816155,6.0784420847892751,38,4982,0.0076274588518667205
CodeBERT_unfrozen_s2027,Win32,full,1,53,6.0784420847892751,6.3293037652969346,44,4982,0.0088317944600562019
CodeBERT_unfrozen_s2027,Win32,full,1,54,6.3293037652969346,6.5801654458045942,74,4982,0.014853472501003613
CodeBERT_unfrozen_s2027,Win32,full,1,55,6.5801654458045942,6.8310271263122537,83,4982,0.016659975913287835
CodeBERT_unfrozen_s2027,Win32,full,1,56,6.8310271263122537,7.0818888068199151,141,4982,0.028301886792452831
CodeBERT_unfrozen_s2027,Win32,full,1,57,7.0818888068199151,7.3327504873275746,225,4982,0.045162585307105582
CodeBERT_unfrozen_s2027,Win32,full,1,58,7.3327504873275746,7.5836121678352342,392,4982,0.078683259735046168
CodeBERT_unfrozen_s2027,Win32,full,1,59,7.5836121678352342,7.8344738483428955,2747,4982,0.55138498594941787
CodeBERT_unfrozen_s2027,Win64,full,0,0,-7.2596347332000732,-7.0080640435218813,1,4953,0.00020189783969311529
CodeBERT_unfrozen_s2027,Win64,full,0,1,-7.0080640435218813,-6.7564933538436893,4,4953,0.00080759135877246115
CodeBERT_unfrozen_s2027,Win64,full,0,2,-6.7564933538436893,-6.5049226641654965,2266,4953,0.45750050474459925
CodeBERT_unfrozen_s2027,Win64,full,0,3,-6.5049226641654965,-6.2533519744873045,1154,4953,0.23299010700585504
CodeBERT_unfrozen_s2027,Win64,full,0,4,-6.2533519744873045,-6.0017812848091125,461,4953,0.093074904098526146
CodeBERT_unfrozen_s2027,Win64,full,0,5,-6.0017812848091125,-5.7502105951309206,243,4953,0.049061175045427015
CodeBERT_unfrozen_s2027,Win64,full,0,6,-5.7502105951309206,-5.4986399054527286,155,4953,0.031294165152432871
CodeBERT_unfrozen_s2027,Win64,full,0,7,-5.4986399054527286,-5.2470692157745358,115,4953,0.023218251564708258
CodeBERT_unfrozen_s2027,Win64,full,0,8,-5.2470692157745358,-4.9954985260963447,71,4953,0.014334746618211184
CodeBERT_unfrozen_s2027,Win64,full,0,9,-4.9954985260963447,-4.7439278364181519,53,4953,0.010700585503735109
CodeBERT_unfrozen_s2027,Win64,full,0,10,-4.7439278364181519,-4.4923571467399599,45,4953,0.009085402786190187
CodeBERT_unfrozen_s2027,Win64,full,0,11,-4.4923571467399599,-4.2407864570617679,37,4953,0.0074702200686452653
CodeBERT_unfrozen_s2027,Win64,full,0,12,-4.2407864570617679,-3.9892157673835755,38,4953,0.0076721179083383811
CodeBERT_unfrozen_s2027,Win64,full,0,13,-3.9892157673835755,-3.7376450777053836,25,4953,0.0050474459923278824
CodeBERT_unfrozen_s2027,Win64,full,0,14,-3.7376450777053836,-3.4860743880271912,20,4953,0.0040379567938623054
CodeBERT_unfrozen_s2027,Win64,full,0,15,-3.4860743880271912,-3.2345036983489992,11,4953,0.002220876236624268
CodeBERT_unfrozen_s2027,Win64,full,0,16,-3.2345036983489992,-2.9829330086708072,10,4953,0.0020189783969311527
CodeBERT_unfrozen_s2027,Win64,full,0,17,-2.9829330086708072,-2.7313623189926153,5,4953,0.0010094891984655764
CodeBERT_unfrozen_s2027,Win64,full,0,18,-2.7313623189926153,-2.4797916293144224,1,4953,0.00020189783969311529
CodeBERT_unfrozen_s2027,Win64,full,0,19,-2.4797916293144224,-2.2282209396362305,5,4953,0.0010094891984655764
CodeBERT_unfrozen_s2027,Win64,full,0,20,-2.2282209396362305,-1.9766502499580385,1,4953,0.00020189783969311529
CodeBERT_unfrozen_s2027,Win64,full,0,21,-1.9766502499580385,-1.7250795602798465,1,4953,0.00020189783969311529
CodeBERT_unfrozen_s2027,Win64,full,0,22,-1.7250795602798465,-1.4735088706016546,0,4953,0
CodeBERT_unfrozen_s2027,Win64,full,0,23,-1.4735088706016546,-1.2219381809234626,1,4953,0.00020189783969311529
CodeBERT_unfrozen_s2027,Win64,full,0,24,-1.2219381809234626,-0.97036749124526978,3,4953,0.00060569351907934583
CodeBERT_unfrozen_s2027,Win64,full,0,25,-0.97036749124526978,-0.71879680156707781,1,4953,0.00020189783969311529
CodeBERT_unfrozen_s2027,Win64,full,0,26,-0.71879680156707781,-0.46722611188888585,1,4953,0.00020189783969311529
CodeBERT_unfrozen_s2027,Win64,full,0,27,-0.46722611188888585,-0.21565542221069389,1,4953,0.00020189783969311529
CodeBERT_unfrozen_s2027,Win64,full,0,28,-0.21565542221069389,0.035915267467498069,1,4953,0.00020189783969311529
CodeBERT_unfrozen_s2027,Win64,full,0,29,0.035915267467498069,0.28748595714569092,5,4953,0.0010094891984655764
CodeBERT_unfrozen_s2027,Win64,full,0,30,0.28748595714569092,0.53905664682388288,3,4953,0.00060569351907934583
CodeBERT_unfrozen_s2027,Win64,full,0,31,0.53905664682388288,0.79062733650207484,2,4953,0.00040379567938623057
CodeBERT_unfrozen_s2027,Win64,full,0,32,0.79062733650207484,1.0421980261802677,2,4953,0.00040379567938623057
CodeBERT_unfrozen_s2027,Win64,full,0,33,1.0421980261802677,1.2937687158584588,5,4953,0.0010094891984655764
CodeBERT_unfrozen_s2027,Win64,full,0,34,1.2937687158584588,1.5453394055366516,3,4953,0.00060569351907934583
CodeBERT_unfrozen_s2027,Win64,full,0,35,1.5453394055366516,1.7969100952148427,1,4953,0.00020189783969311529
CodeBERT_unfrozen_s2027,Win64,full,0,36,1.7969100952148427,2.0484807848930355,1,4953,0.00020189783969311529
CodeBERT_unfrozen_s2027,Win64,full,0,37,2.0484807848930355,2.3000514745712284,5,4953,0.0010094891984655764
CodeBERT_unfrozen_s2027,Win64,full,0,38,2.3000514745712284,2.5516221642494195,7,4953,0.001413284877851807
CodeBERT_unfrozen_s2027,Win64,full,0,39,2.5516221642494195,2.8031928539276123,7,4953,0.001413284877851807
CodeBERT_unfrozen_s2027,Win64,full,0,40,2.8031928539276123,3.0547635436058034,6,4953,0.0012113870381586917
CodeBERT_unfrozen_s2027,Win64,full,0,41,3.0547635436058034,3.3063342332839962,15,4953,0.0030284675953967293
CodeBERT_unfrozen_s2027,Win64,full,0,42,3.3063342332839962,3.5579049229621891,10,4953,0.0020189783969311527
CodeBERT_unfrozen_s2027,Win64,full,0,43,3.5579049229621891,3.8094756126403801,17,4953,0.0034322632747829599
CodeBERT_unfrozen_s2027,Win64,full,0,44,3.8094756126403801,4.061046302318573,11,4953,0.002220876236624268
CodeBERT_unfrozen_s2027,Win64,full,0,45,4.061046302318573,4.3126169919967641,8,4953,0.0016151827175449223
CodeBERT_unfrozen_s2027,Win64,full,0,46,4.3126169919967641,4.5641876816749569,9,4953,0.0018170805572380376
CodeBERT_unfrozen_s2027,Win64,full,0,47,4.5641876816749569,4.815758371353148,11,4953,0.002220876236624268
CodeBERT_unfrozen_s2027,Win64,full,0,48,4.815758371353148,5.0673290610313408,7,4953,0.001413284877851807
CodeBERT_unfrozen_s2027,Win64,full,0,49,5.0673290610313408,5.3188997507095337,3,4953,0.00060569351907934583
CodeBERT_unfrozen_s2027,Win64,full,0,50,5.3188997507095337,5.5704704403877248,4,4953,0.00080759135877246115
CodeBERT_unfrozen_s2027,Win64,full,0,51,5.5704704403877248,5.8220411300659176,8,4953,0.0016151827175449223
CodeBERT_unfrozen_s2027,Win64,full,0,52,5.8220411300659176,6.0736118197441087,5,4953,0.0010094891984655764
CodeBERT_unfrozen_s2027,Win64,full,0,53,6.0736118197441087,6.3251825094223015,13,4953,0.0026246719160104987
CodeBERT_unfrozen_s2027,Win64,full,0,54,6.3251825094223015,6.5767531991004944,10,4953,0.0020189783969311527
CodeBERT_unfrozen_s2027,Win64,full,0,55,6.5767531991004944,6.8283238887786855,6,4953,0.0012113870381586917
CodeBERT_unfrozen_s2027,Win64,full,0,56,6.8283238887786855,7.0798945784568783,3,4953,0.00060569351907934583
CodeBERT_unfrozen_s2027,Win64,full,0,57,7.0798945784568783,7.3314652681350694,8,4953,0.0016151827175449223
CodeBERT_unfrozen_s2027,Win64,full,0,58,7.3314652681350694,7.5830359578132622,13,4953,0.0026246719160104987
CodeBERT_unfrozen_s2027,Win64,full,0,59,7.5830359578132622,7.8346066474914551,15,4953,0.0030284675953967293
CodeBERT_unfrozen_s2027,Win64,full,1,0,-7.2596347332000732,-7.0080640435218813,4,5047,0.00079255002972062607
CodeBERT_unfrozen_s2027,Win64,full,1,1,-7.0080640435218813,-6.7564933538436893,3,5047,0.00059441252229046955
CodeBERT_unfrozen_s2027,Win64,full,1,2,-6.7564933538436893,-6.5049226641654965,10,5047,0.0019813750743015654
CodeBERT_unfrozen_s2027,Win64,full,1,3,-6.5049226641654965,-6.2533519744873045,29,5047,0.0057459877154745391
CodeBERT_unfrozen_s2027,Win64,full,1,4,-6.2533519744873045,-6.0017812848091125,25,5047,0.0049534376857539135
CodeBERT_unfrozen_s2027,Win64,full,1,5,-6.0017812848091125,-5.7502105951309206,31,5047,0.0061422627303348524
CodeBERT_unfrozen_s2027,Win64,full,1,6,-5.7502105951309206,-5.4986399054527286,38,5047,0.0075292252823459483
CodeBERT_unfrozen_s2027,Win64,full,1,7,-5.4986399054527286,-5.2470692157745358,33,5047,0.0065385377451951656
CodeBERT_unfrozen_s2027,Win64,full,1,8,-5.2470692157745358,-4.9954985260963447,37,5047,0.0073310877749157913
CodeBERT_unfrozen_s2027,Win64,full,1,9,-4.9954985260963447,-4.7439278364181519,44,5047,0.0087180503269268881
CodeBERT_unfrozen_s2027,Win64,full,1,10,-4.7439278364181519,-4.4923571467399599,57,5047,0.011293837923518922
CodeBERT_unfrozen_s2027,Win64,full,1,11,-4.4923571467399599,-4.2407864570617679,61,5047,0.012086387953239549
CodeBERT_unfrozen_s2027,Win64,full,1,12,-4.2407864570617679,-3.9892157673835755,61,5047,0.012086387953239549
CodeBERT_unfrozen_s2027,Win64,full,1,13,-3.9892157673835755,-3.7376450777053836,56,5047,0.011095700416088766
CodeBERT_unfrozen_s2027,Win64,full,1,14,-3.7376450777053836,-3.4860743880271912,56,5047,0.011095700416088766
CodeBERT_unfrozen_s2027,Win64,full,1,15,-3.4860743880271912,-3.2345036983489992,38,5047,0.0075292252823459483
CodeBERT_unfrozen_s2027,Win64,full,1,16,-3.2345036983489992,-2.9829330086708072,31,5047,0.0061422627303348524
CodeBERT_unfrozen_s2027,Win64,full,1,17,-2.9829330086708072,-2.7313623189926153,23,5047,0.0045571626708936002
CodeBERT_unfrozen_s2027,Win64,full,1,18,-2.7313623189926153,-2.4797916293144224,14,5047,0.0027739251040221915
CodeBERT_unfrozen_s2027,Win64,full,1,19,-2.4797916293144224,-2.2282209396362305,9,5047,0.0017832375668714088
CodeBERT_unfrozen_s2027,Win64,full,1,20,-2.2282209396362305,-1.9766502499580385,12,5047,0.0023776500891618782
CodeBERT_unfrozen_s2027,Win64,full,1,21,-1.9766502499580385,-1.7250795602798465,15,5047,0.0029720626114523481
CodeBERT_unfrozen_s2027,Win64,full,1,22,-1.7250795602798465,-1.4735088706016546,11,5047,0.002179512581731722
CodeBERT_unfrozen_s2027,Win64,full,1,23,-1.4735088706016546,-1.2219381809234626,7,5047,0.0013869625520110957
CodeBERT_unfrozen_s2027,Win64,full,1,24,-1.2219381809234626,-0.97036749124526978,11,5047,0.002179512581731722
CodeBERT_unfrozen_s2027,Win64,full,1,25,-0.97036749124526978,-0.71879680156707781,10,5047,0.0019813750743015654
CodeBERT_unfrozen_s2027,Win64,full,1,26,-0.71879680156707781,-0.46722611188888585,6,5047,0.0011888250445809391
CodeBERT_unfrozen_s2027,Win64,full,1,27,-0.46722611188888585,-0.21565542221069389,5,5047,0.0009906875371507827
CodeBERT_unfrozen_s2027,Win64,full,1,28,-0.21565542221069389,0.035915267467498069,25,5047,0.0049534376857539135
CodeBERT_unfrozen_s2027,Win64,full,1,29,0.035915267467498069,0.28748595714569092,19,5047,0.0037646126411729742
CodeBERT_unfrozen_s2027,Win64,full,1,30,0.28748595714569092,0.53905664682388288,11,5047,0.002179512581731722
CodeBERT_unfrozen_s2027,Win64,full,1,31,0.53905664682388288,0.79062733650207484,21,5047,0.004160887656033287
CodeBERT_unfrozen_s2027,Win64,full,1,32,0.79062733650207484,1.0421980261802677,12,5047,0.0023776500891618782
CodeBERT_unfrozen_s2027,Win64,full,1,33,1.0421980261802677,1.2937687158584588,15,5047,0.0029720626114523481
CodeBERT_unfrozen_s2027,Win64,full,1,34,1.2937687158584588,1.5453394055366516,8,5047,0.0015851000594412521
CodeBERT_unfrozen_s2027,Win64,full,1,35,1.5453394055366516,1.7969100952148427,13,5047,0.0025757875965920348
CodeBERT_unfrozen_s2027,Win64,full,1,36,1.7969100952148427,2.0484807848930355,14,5047,0.0027739251040221915
CodeBERT_unfrozen_s2027,Win64,full,1,37,2.0484807848930355,2.3000514745712284,16,5047,0.0031702001188825043
CodeBERT_unfrozen_s2027,Win64,full,1,38,2.3000514745712284,2.5516221642494195,28,5047,0.0055478502080443829
CodeBERT_unfrozen_s2027,Win64,full,1,39,2.5516221642494195,2.8031928539276123,57,5047,0.011293837923518922
CodeBERT_unfrozen_s2027,Win64,full,1,40,2.8031928539276123,3.0547635436058034,72,5047,0.01426590053497127
CodeBERT_unfrozen_s2027,Win64,full,1,41,3.0547635436058034,3.3063342332839962,72,5047,0.01426590053497127
CodeBERT_unfrozen_s2027,Win64,full,1,42,3.3063342332839962,3.5579049229621891,84,5047,0.016643550624133148
CodeBERT_unfrozen_s2027,Win64,full,1,43,3.5579049229621891,3.8094756126403801,83,5047,0.016445413116702993
CodeBERT_unfrozen_s2027,Win64,full,1,44,3.8094756126403801,4.061046302318573,78,5047,0.015454725579552209
CodeBERT_unfrozen_s2027,Win64,full,1,45,4.061046302318573,4.3126169919967641,69,5047,0.0136714880126808
CodeBERT_unfrozen_s2027,Win64,full,1,46,4.3126169919967641,4.5641876816749569,68,5047,0.013473350505250644
CodeBERT_unfrozen_s2027,Win64,full,1,47,4.5641876816749569,4.815758371353148,62,5047,0.012284525460669705
CodeBERT_unfrozen_s2027,Win64,full,1,48,4.815758371353148,5.0673290610313408,57,5047,0.011293837923518922
CodeBERT_unfrozen_s2027,Win64,full,1,49,5.0673290610313408,5.3188997507095337,58,5047,0.011491975430949078
CodeBERT_unfrozen_s2027,Win64,full,1,50,5.3188997507095337,5.5704704403877248,53,5047,0.010501287893798296
CodeBERT_unfrozen_s2027,Win64,full,1,51,5.5704704403877248,5.8220411300659176,64,5047,0.012680800475530017
CodeBERT_unfrozen_s2027,Win64,full,1,52,5.8220411300659176,6.0736118197441087,58,5047,0.011491975430949078
CodeBERT_unfrozen_s2027,Win64,full,1,53,6.0736118197441087,6.3251825094223015,62,5047,0.012284525460669705
CodeBERT_unfrozen_s2027,Win64,full,1,54,6.3251825094223015,6.5767531991004944,103,5047,0.020408163265306121
CodeBERT_unfrozen_s2027,Win64,full,1,55,6.5767531991004944,6.8283238887786855,103,5047,0.020408163265306121
CodeBERT_unfrozen_s2027,Win64,full,1,56,6.8283238887786855,7.0798945784568783,136,5047,0.026946701010501287
CodeBERT_unfrozen_s2027,Win64,full,1,57,7.0798945784568783,7.3314652681350694,176,5047,0.034872201307707552
CodeBERT_unfrozen_s2027,Win64,full,1,58,7.3314652681350694,7.5830359578132622,286,5047,0.056667327125024765
CodeBERT_unfrozen_s2027,Win64,full,1,59,7.5830359578132622,7.8346066474914551,2327,5047,0.46106597978997427
CodeBERT_unfrozen_s2027,Dot_Net,full,0,0,-6.8068690299987793,-6.5628663063049313,2575,4964,0.51873489121676064
CodeBERT_unfrozen_s2027,Dot_Net,full,0,1,-6.5628663063049313,-6.3188635826110842,1027,4964,0.20688960515713134
CodeBERT_unfrozen_s2027,Dot_Net,full,0,2,-6.3188635826110842,-6.0748608589172362,294,4964,0.059226430298146657
CodeBERT_unfrozen_s2027,Dot_Net,full,0,3,-6.0748608589172362,-5.830858135223389,166,4964,0.033440773569701855
CodeBERT_unfrozen_s2027,Dot_Net,full,0,4,-5.830858135223389,-5.586855411529541,108,4964,0.021756647864625302
CodeBERT_unfrozen_s2027,Dot_Net,full,0,5,-5.586855411529541,-5.342852687835693,93,4964,0.018734891216760675
CodeBERT_unfrozen_s2027,Dot_Net,full,0,6,-5.342852687835693,-5.0988499641418459,71,4964,0.014302981466559226
CodeBERT_unfrozen_s2027,Dot_Net,full,0,7,-5.0988499641418459,-4.8548472404479979,61,4964,0.012288477034649477
CodeBERT_unfrozen_s2027,Dot_Net,full,0,8,-4.8548472404479979,-4.6108445167541507,57,4964,0.011482675261885577
CodeBERT_unfrozen_s2027,Dot_Net,full,0,9,-4.6108445167541507,-4.3668417930603027,34,4964,0.0068493150684931503
CodeBERT_unfrozen_s2027,Dot_Net,full,0,10,-4.3668417930603027,-4.1228390693664547,42,4964,0.0084609186140209517
CodeBERT_unfrozen_s2027,Dot_Net,full,0,11,-4.1228390693664547,-3.8788363456726076,34,4964,0.0068493150684931503
CodeBERT_unfrozen_s2027,Dot_Net,full,0,12,-3.8788363456726076,-3.63483362197876,33,4964,0.0066478646253021753
CodeBERT_unfrozen_s2027,Dot_Net,full,0,13,-3.63483362197876,-3.390830898284912,19,4964,0.0038275584206285255
CodeBERT_unfrozen_s2027,Dot_Net,full,0,14,-3.390830898284912,-3.1468281745910645,11,4964,0.0022159548751007254
CodeBERT_unfrozen_s2027,Dot_Net,full,0,15,-3.1468281745910645,-2.9028254508972169,15,4964,0.0030217566478646252
CodeBERT_unfrozen_s2027,Dot_Net,full,0,16,-2.9028254508972169,-2.6588227272033693,11,4964,0.0022159548751007254
CodeBERT_unfrozen_s2027,Dot_Net,full,0,17,-2.6588227272033693,-2.4148200035095213,9,4964,0.0018130539887187753
CodeBERT_unfrozen_s2027,Dot_Net,full,0,18,-2.4148200035095213,-2.1708172798156742,5,4964,0.001007252215954875
CodeBERT_unfrozen_s2027,Dot_Net,full,0,19,-2.1708172798156742,-1.9268145561218262,2,4964,0.00040290088638195002
CodeBERT_unfrozen_s2027,Dot_Net,full,0,20,-1.9268145561218262,-1.682811832427979,3,4964,0.00060435132957292509
CodeBERT_unfrozen_s2027,Dot_Net,full,0,21,-1.682811832427979,-1.438809108734131,2,4964,0.00040290088638195002
CodeBERT_unfrozen_s2027,Dot_Net,full,0,22,-1.438809108734131,-1.194806385040283,1,4964,0.00020145044319097501
CodeBERT_unfrozen_s2027,Dot_Net,full,0,23,-1.194806385040283,-0.9508036613464359,1,4964,0.00020145044319097501
CodeBERT_unfrozen_s2027,Dot_Net,full,0,24,-0.9508036613464359,-0.70680093765258789,2,4964,0.00040290088638195002
CodeBERT_unfrozen_s2027,Dot_Net,full,0,25,-0.70680093765258789,-0.46279821395874077,0,4964,0
CodeBERT_unfrozen_s2027,Dot_Net,full,0,26,-0.46279821395874077,-0.21879549026489276,2,4964,0.00040290088638195002
CodeBERT_unfrozen_s2027,Dot_Net,full,0,27,-0.21879549026489276,0.025207233428955256,4,4964,0.00080580177276390005
CodeBERT_unfrozen_s2027,Dot_Net,full,0,28,0.025207233428955256,0.26920995712280238,4,4964,0.00080580177276390005
CodeBERT_unfrozen_s2027,Dot_Net,full,0,29,0.26920995712280238,0.51321268081665039,4,4964,0.00080580177276390005
CodeBERT_unfrozen_s2027,Dot_Net,full,0,30,0.51321268081665039,0.75721540451049751,2,4964,0.00040290088638195002
CodeBERT_unfrozen_s2027,Dot_Net,full,0,31,0.75721540451049751,1.0012181282043455,1,4964,0.00020145044319097501
CodeBERT_unfrozen_s2027,Dot_Net,full,0,32,1.0012181282043455,1.2452208518981926,2,4964,0.00040290088638195002
CodeBERT_unfrozen_s2027,Dot_Net,full,0,33,1.2452208518981926,1.4892235755920407,4,4964,0.00080580177276390005
CodeBERT_unfrozen_s2027,Dot_Net,full,0,34,1.4892235755920407,1.7332262992858887,1,4964,0.00020145044319097501
CodeBERT_unfrozen_s2027,Dot_Net,full,0,35,1.7332262992858887,1.9772290229797367,2,4964,0.00040290088638195002
CodeBERT_unfrozen_s2027,Dot_Net,full,0,36,1.9772290229797367,2.2212317466735829,9,4964,0.0018130539887187753
CodeBERT_unfrozen_s2027,Dot_Net,full,0,37,2.2212317466735829,2.4652344703674309,6,4964,0.0012087026591458502
CodeBERT_unfrozen_s2027,Dot_Net,full,0,38,2.4652344703674309,2.7092371940612789,7,4964,0.0014101531023368251
CodeBERT_unfrozen_s2027,Dot_Net,full,0,39,2.7092371940612789,2.953239917755127,14,4964,0.0028203062046736503
CodeBERT_unfrozen_s2027,Dot_Net,full,0,40,2.953239917755127,3.197242641448975,21,4964,0.0042304593070104759
CodeBERT_unfrozen_s2027,Dot_Net,full,0,41,3.197242641448975,3.4412453651428212,18,4964,0.0036261079774375505
CodeBERT_unfrozen_s2027,Dot_Net,full,0,42,3.4412453651428212,3.6852480888366692,15,4964,0.0030217566478646252
CodeBERT_unfrozen_s2027,Dot_Net,full,0,43,3.6852480888366692,3.9292508125305172,11,4964,0.0022159548751007254
CodeBERT_unfrozen_s2027,Dot_Net,full,0,44,3.9292508125305172,4.1732535362243652,11,4964,0.0022159548751007254
CodeBERT_unfrozen_s2027,Dot_Net,full,0,45,4.1732535362243652,4.4172562599182132,12,4964,0.0024174053182917004
CodeBERT_unfrozen_s2027,Dot_Net,full,0,46,4.4172562599182132,4.6612589836120595,12,4964,0.0024174053182917004
CodeBERT_unfrozen_s2027,Dot_Net,full,0,47,4.6612589836120595,4.9052617073059075,11,4964,0.0022159548751007254
CodeBERT_unfrozen_s2027,Dot_Net,full,0,48,4.9052617073059075,5.1492644309997555,7,4964,0.0014101531023368251
CodeBERT_unfrozen_s2027,Dot_Net,full,0,49,5.1492644309997555,5.3932671546936035,9,4964,0.0018130539887187753
CodeBERT_unfrozen_s2027,Dot_Net,full,0,50,5.3932671546936035,5.6372698783874515,5,4964,0.001007252215954875
CodeBERT_unfrozen_s2027,Dot_Net,full,0,51,5.6372698783874515,5.8812726020812978,8,4964,0.0016116035455278001
CodeBERT_unfrozen_s2027,Dot_Net,full,0,52,5.8812726020812978,6.1252753257751458,12,4964,0.0024174053182917004
CodeBERT_unfrozen_s2027,Dot_Net,full,0,53,6.1252753257751458,6.3692780494689938,11,4964,0.0022159548751007254
CodeBERT_unfrozen_s2027,Dot_Net,full,0,54,6.3692780494689938,6.6132807731628418,12,4964,0.0024174053182917004
CodeBERT_unfrozen_s2027,Dot_Net,full,0,55,6.6132807731628418,6.8572834968566898,9,4964,0.0018130539887187753
CodeBERT_unfrozen_s2027,Dot_Net,full,0,56,6.8572834968566898,7.101286220550536,9,4964,0.0018130539887187753
CodeBERT_unfrozen_s2027,Dot_Net,full,0,57,7.101286220550536,7.3452889442443841,7,4964,0.0014101531023368251
CodeBERT_unfrozen_s2027,Dot_Net,full,0,58,7.3452889442443841,7.5892916679382321,11,4964,0.0022159548751007254
CodeBERT_unfrozen_s2027,Dot_Net,full,0,59,7.5892916679382321,7.8332943916320801,15,4964,0.0030217566478646252
CodeBERT_unfrozen_s2027,Dot_Net,full,1,0,-6.8068690299987793,-6.5628663063049313,9,5036,0.0017871326449563146
CodeBERT_unfrozen_s2027,Dot_Net,full,1,1,-6.5628663063049313,-6.3188635826110842,9,5036,0.0017871326449563146
CodeBERT_unfrozen_s2027,Dot_Net,full,1,2,-6.3188635826110842,-6.0748608589172362,7,5036,0.0013899920571882446
CodeBERT_unfrozen_s2027,Dot_Net,full,1,3,-6.0748608589172362,-5.830858135223389,3,5036,0.00059571088165210489
CodeBERT_unfrozen_s2027,Dot_Net,full,1,4,-5.830858135223389,-5.586855411529541,15,5036,0.0029785544082605244
CodeBERT_unfrozen_s2027,Dot_Net,full,1,5,-5.586855411529541,-5.342852687835693,8,5036,0.0015885623510722795
CodeBERT_unfrozen_s2027,Dot_Net,full,1,6,-5.342852687835693,-5.0988499641418459,24,5036,0.0047656870532168391
CodeBERT_unfrozen_s2027,Dot_Net,full,1,7,-5.0988499641418459,-4.8548472404479979,14,5036,0.0027799841143764893
CodeBERT_unfrozen_s2027,Dot_Net,full,1,8,-4.8548472404479979,-4.6108445167541507,15,5036,0.0029785544082605244
CodeBERT_unfrozen_s2027,Dot_Net,full,1,9,-4.6108445167541507,-4.3668417930603027,14,5036,0.0027799841143764893
CodeBERT_unfrozen_s2027,Dot_Net,full,1,10,-4.3668417930603027,-4.1228390693664547,12,5036,0.0023828435266084196
CodeBERT_unfrozen_s2027,Dot_Net,full,1,11,-4.1228390693664547,-3.8788363456726076,12,5036,0.0023828435266084196
CodeBERT_unfrozen_s2027,Dot_Net,full,1,12,-3.8788363456726076,-3.63483362197876,17,5036,0.0033756949960285941
CodeBERT_unfrozen_s2027,Dot_Net,full,1,13,-3.63483362197876,-3.390830898284912,22,5036,0.004368546465448769
CodeBERT_unfrozen_s2027,Dot_Net,full,1,14,-3.390830898284912,-3.1468281745910645,9,5036,0.0017871326449563146
CodeBERT_unfrozen_s2027,Dot_Net,full,1,15,-3.1468281745910645,-2.9028254508972169,14,5036,0.0027799841143764893
CodeBERT_unfrozen_s2027,Dot_Net,full,1,16,-2.9028254508972169,-2.6588227272033693,9,5036,0.0017871326449563146
CodeBERT_unfrozen_s2027,Dot_Net,full,1,17,-2.6588227272033693,-2.4148200035095213,3,5036,0.00059571088165210489
CodeBERT_unfrozen_s2027,Dot_Net,full,1,18,-2.4148200035095213,-2.1708172798156742,6,5036,0.0011914217633042098
CodeBERT_unfrozen_s2027,Dot_Net,full,1,19,-2.1708172798156742,-1.9268145561218262,4,5036,0.00079428117553613975
CodeBERT_unfrozen_s2027,Dot_Net,full,1,20,-1.9268145561218262,-1.682811832427979,2,5036,0.00039714058776806987
CodeBERT_unfrozen_s2027,Dot_Net,full,1,21,-1.682811832427979,-1.438809108734131,2,5036,0.00039714058776806987
CodeBERT_unfrozen_s2027,Dot_Net,full,1,22,-1.438809108734131,-1.194806385040283,3,5036,0.00059571088165210489
CodeBERT_unfrozen_s2027,Dot_Net,full,1,23,-1.194806385040283,-0.9508036613464359,0,5036,0
CodeBERT_unfrozen_s2027,Dot_Net,full,1,24,-0.9508036613464359,-0.70680093765258789,1,5036,0.00019857029388403494
CodeBERT_unfrozen_s2027,Dot_Net,full,1,25,-0.70680093765258789,-0.46279821395874077,0,5036,0
CodeBERT_unfrozen_s2027,Dot_Net,full,1,26,-0.46279821395874077,-0.21879549026489276,1,5036,0.00019857029388403494
CodeBERT_unfrozen_s2027,Dot_Net,full,1,27,-0.21879549026489276,0.025207233428955256,3,5036,0.00059571088165210489
CodeBERT_unfrozen_s2027,Dot_Net,full,1,28,0.025207233428955256,0.26920995712280238,7,5036,0.0013899920571882446
CodeBERT_unfrozen_s2027,Dot_Net,full,1,29,0.26920995712280238,0.51321268081665039,2,5036,0.00039714058776806987
CodeBERT_unfrozen_s2027,Dot_Net,full,1,30,0.51321268081665039,0.75721540451049751,3,5036,0.00059571088165210489
CodeBERT_unfrozen_s2027,Dot_Net,full,1,31,0.75721540451049751,1.0012181282043455,2,5036,0.00039714058776806987
CodeBERT_unfrozen_s2027,Dot_Net,full,1,32,1.0012181282043455,1.2452208518981926,2,5036,0.00039714058776806987
CodeBERT_unfrozen_s2027,Dot_Net,full,1,33,1.2452208518981926,1.4892235755920407,1,5036,0.00019857029388403494
CodeBERT_unfrozen_s2027,Dot_Net,full,1,34,1.4892235755920407,1.7332262992858887,6,5036,0.0011914217633042098
CodeBERT_unfrozen_s2027,Dot_Net,full,1,35,1.7332262992858887,1.9772290229797367,7,5036,0.0013899920571882446
CodeBERT_unfrozen_s2027,Dot_Net,full,1,36,1.9772290229797367,2.2212317466735829,2,5036,0.00039714058776806987
CodeBERT_unfrozen_s2027,Dot_Net,full,1,37,2.2212317466735829,2.4652344703674309,8,5036,0.0015885623510722795
CodeBERT_unfrozen_s2027,Dot_Net,full,1,38,2.4652344703674309,2.7092371940612789,17,5036,0.0033756949960285941
CodeBERT_unfrozen_s2027,Dot_Net,full,1,39,2.7092371940612789,2.953239917755127,18,5036,0.0035742652899126291
CodeBERT_unfrozen_s2027,Dot_Net,full,1,40,2.953239917755127,3.197242641448975,36,5036,0.0071485305798252583
CodeBERT_unfrozen_s2027,Dot_Net,full,1,41,3.197242641448975,3.4412453651428212,35,5036,0.0069499602859412228
CodeBERT_unfrozen_s2027,Dot_Net,full,1,42,3.4412453651428212,3.6852480888366692,38,5036,0.0075456711675933284
CodeBERT_unfrozen_s2027,Dot_Net,full,1,43,3.6852480888366692,3.9292508125305172,39,5036,0.0077442414614773631
CodeBERT_unfrozen_s2027,Dot_Net,full,1,44,3.9292508125305172,4.1732535362243652,33,5036,0.0065528196981731535
CodeBERT_unfrozen_s2027,Dot_Net,full,1,45,4.1732535362243652,4.4172562599182132,46,5036,0.0091342335186656073
CodeBERT_unfrozen_s2027,Dot_Net,full,1,46,4.4172562599182132,4.6612589836120595,56,5036,0.011119936457505957
CodeBERT_unfrozen_s2027,Dot_Net,full,1,47,4.6612589836120595,4.9052617073059075,40,5036,0.0079428117553613977
CodeBERT_unfrozen_s2027,Dot_Net,full,1,48,4.9052617073059075,5.1492644309997555,34,5036,0.0067513899920571881
CodeBERT_unfrozen_s2027,Dot_Net,full,1,49,5.1492644309997555,5.3932671546936035,31,5036,0.0061556791104050834
CodeBERT_unfrozen_s2027,Dot_Net,full,1,50,5.3932671546936035,5.6372698783874515,46,5036,0.0091342335186656073
CodeBERT_unfrozen_s2027,Dot_Net,full,1,51,5.6372698783874515,5.8812726020812978,66,5036,0.013105639396346307
CodeBERT_unfrozen_s2027,Dot_Net,full,1,52,5.8812726020812978,6.1252753257751458,59,5036,0.011715647339158062
CodeBERT_unfrozen_s2027,Dot_Net,full,1,53,6.1252753257751458,6.3692780494689938,77,5036,0.015289912629070691
CodeBERT_unfrozen_s2027,Dot_Net,full,1,54,6.3692780494689938,6.6132807731628418,150,5036,0.029785544082605243
CodeBERT_unfrozen_s2027,Dot_Net,full,1,55,6.6132807731628418,6.8572834968566898,163,5036,0.032366957903097696
CodeBERT_unfrozen_s2027,Dot_Net,full,1,56,6.8572834968566898,7.101286220550536,221,5036,0.043884034948371724
CodeBERT_unfrozen_s2027,Dot_Net,full,1,57,7.101286220550536,7.3452889442443841,372,5036,0.073868149324861007
CodeBERT_unfrozen_s2027,Dot_Net,full,1,58,7.3452889442443841,7.5892916679382321,578,5036,0.11477362986497221
CodeBERT_unfrozen_s2027,Dot_Net,full,1,59,7.5892916679382321,7.8332943916320801,2603,5036,0.51687847498014294
CodeBERT_unfrozen_s2027,Win32,boundary,0,0,5.9826993743896493,6.0326287742185603,1,5018,0.00019928258270227183
CodeBERT_unfrozen_s2027,Win32,boundary,0,1,6.0326287742185603,6.0825581740474712,1,5018,0.00019928258270227183
CodeBERT_unfrozen_s2027,Win32,boundary,0,2,6.0825581740474712,6.1324875738763813,1,5018,0.00019928258270227183
CodeBERT_unfrozen_s2027,Win32,boundary,0,3,6.1324875738763813,6.1824169737052923,2,5018,0.00039856516540454366
CodeBERT_unfrozen_s2027,Win32,boundary,0,4,6.1824169737052923,6.2323463735342033,1,5018,0.00019928258270227183
CodeBERT_unfrozen_s2027,Win32,boundary,0,5,6.2323463735342033,6.2822757733631143,2,5018,0.00039856516540454366
CodeBERT_unfrozen_s2027,Win32,boundary,0,6,6.2822757733631143,6.3322051731920252,1,5018,0.00019928258270227183
CodeBERT_unfrozen_s2027,Win32,boundary,0,7,6.3322051731920252,6.3821345730209353,1,5018,0.00019928258270227183
CodeBERT_unfrozen_s2027,Win32,boundary,0,8,6.3821345730209353,6.4320639728498463,2,5018,0.00039856516540454366
CodeBERT_unfrozen_s2027,Win32,boundary,0,9,6.4320639728498463,6.4819933726787573,0,5018,0
CodeBERT_unfrozen_s2027,Win32,boundary,0,10,6.4819933726787573,6.5319227725076683,1,5018,0.00019928258270227183
CodeBERT_unfrozen_s2027,Win32,boundary,0,11,6.5319227725076683,6.5818521723365784,0,5018,0
CodeBERT_unfrozen_s2027,Win32,boundary,0,12,6.5818521723365784,6.6317815721654894,0,5018,0
CodeBERT_unfrozen_s2027,Win32,boundary,0,13,6.6317815721654894,6.6817109719944003,1,5018,0.00019928258270227183
CodeBERT_unfrozen_s2027,Win32,boundary,0,14,6.6817109719944003,6.7316403718233113,1,5018,0.00019928258270227183
CodeBERT_unfrozen_s2027,Win32,boundary,0,15,6.7316403718233113,6.7815697716522223,2,5018,0.00039856516540454366
CodeBERT_unfrozen_s2027,Win32,boundary,0,16,6.7815697716522223,6.8314991714811324,3,5018,0.00059784774810681541
CodeBERT_unfrozen_s2027,Win32,boundary,0,17,6.8314991714811324,6.8814285713100434,1,5018,0.00019928258270227183
CodeBERT_unfrozen_s2027,Win32,boundary,0,18,6.8814285713100434,6.9313579711389544,4,5018,0.00079713033080908732
CodeBERT_unfrozen_s2027,Win32,boundary,0,19,6.9313579711389544,6.9812873709678653,1,5018,0.00019928258270227183
CodeBERT_unfrozen_s2027,Win32,boundary,0,20,6.9812873709678653,7.0312167707967763,4,5018,0.00079713033080908732
CodeBERT_unfrozen_s2027,Win32,boundary,0,21,7.0312167707967763,7.0811461706256864,0,5018,0
CodeBERT_unfrozen_s2027,Win32,boundary,0,22,7.0811461706256864,7.1310755704545974,4,5018,0.00079713033080908732
CodeBERT_unfrozen_s2027,Win32,boundary,0,23,7.1310755704545974,7.1810049702835084,6,5018,0.0011956954962136308
CodeBERT_unfrozen_s2027,Win32,boundary,0,24,7.1810049702835084,7.2309343701124194,2,5018,0.00039856516540454366
CodeBERT_unfrozen_s2027,Win32,boundary,0,25,7.2309343701124194,7.2808637699413303,1,5018,0.00019928258270227183
CodeBERT_unfrozen_s2027,Win32,boundary,0,26,7.2808637699413303,7.3307931697702404,1,5018,0.00019928258270227183
CodeBERT_unfrozen_s2027,Win32,boundary,0,27,7.3307931697702404,7.3807225695991514,4,5018,0.00079713033080908732
CodeBERT_unfrozen_s2027,Win32,boundary,0,28,7.3807225695991514,7.4306519694280624,2,5018,0.00039856516540454366
CodeBERT_unfrozen_s2027,Win32,boundary,0,29,7.4306519694280624,7.4805813692569734,5,5018,0.00099641291351135913
CodeBERT_unfrozen_s2027,Win32,boundary,0,30,7.4805813692569734,7.5305107690858843,3,5018,0.00059784774810681541
CodeBERT_unfrozen_s2027,Win32,boundary,0,31,7.5305107690858843,7.5804401689147944,3,5018,0.00059784774810681541
CodeBERT_unfrozen_s2027,Win32,boundary,0,32,7.5804401689147944,7.6303695687437054,5,5018,0.00099641291351135913
CodeBERT_unfrozen_s2027,Win32,boundary,0,33,7.6303695687437054,7.6802989685726164,4,5018,0.00079713033080908732
CodeBERT_unfrozen_s2027,Win32,boundary,0,34,7.6802989685726164,7.7302283684015274,1,5018,0.00019928258270227183
CodeBERT_unfrozen_s2027,Win32,boundary,0,35,7.7302283684015274,7.7801577682304384,2,5018,0.00039856516540454366
CodeBERT_unfrozen_s2027,Win32,boundary,0,36,7.7801577682304384,7.8300871680593485,1,5018,0.00019928258270227183
CodeBERT_unfrozen_s2027,Win32,boundary,0,37,7.8300871680593485,7.8800165678882594,0,5018,0
CodeBERT_unfrozen_s2027,Win32,boundary,0,38,7.8800165678882594,7.9299459677171704,0,5018,0
CodeBERT_unfrozen_s2027,Win32,boundary,0,39,7.9299459677171704,7.9798753675460814,0,5018,0
CodeBERT_unfrozen_s2027,Win32,boundary,1,0,5.9826993743896493,6.0326287742185603,3,4982,0.00060216780409474112
CodeBERT_unfrozen_s2027,Win32,boundary,1,1,6.0326287742185603,6.0825581740474712,5,4982,0.0010036130068245685
CodeBERT_unfrozen_s2027,Win32,boundary,1,2,6.0825581740474712,6.1324875738763813,5,4982,0.0010036130068245685
CodeBERT_unfrozen_s2027,Win32,boundary,1,3,6.1324875738763813,6.1824169737052923,11,4982,0.0022079486150140505
CodeBERT_unfrozen_s2027,Win32,boundary,1,4,6.1824169737052923,6.2323463735342033,7,4982,0.0014050582095543958
CodeBERT_unfrozen_s2027,Win32,boundary,1,5,6.2323463735342033,6.2822757733631143,14,4982,0.0028101164191087916
CodeBERT_unfrozen_s2027,Win32,boundary,1,6,6.2822757733631143,6.3322051731920252,7,4982,0.0014050582095543958
CodeBERT_unfrozen_s2027,Win32,boundary,1,7,6.3322051731920252,6.3821345730209353,14,4982,0.0028101164191087916
CodeBERT_unfrozen_s2027,Win32,boundary,1,8,6.3821345730209353,6.4320639728498463,14,4982,0.0028101164191087916
CodeBERT_unfrozen_s2027,Win32,boundary,1,9,6.4320639728498463,6.4819933726787573,15,4982,0.0030108390204737052
CodeBERT_unfrozen_s2027,Win32,boundary,1,10,6.4819933726787573,6.5319227725076683,17,4982,0.0034122842232035327
CodeBERT_unfrozen_s2027,Win32,boundary,1,11,6.5319227725076683,6.5818521723365784,14,4982,0.0028101164191087916
CodeBERT_unfrozen_s2027,Win32,boundary,1,12,6.5818521723365784,6.6317815721654894,20,4982,0.0040144520272982738
CodeBERT_unfrozen_s2027,Win32,boundary,1,13,6.6317815721654894,6.6817109719944003,17,4982,0.0034122842232035327
CodeBERT_unfrozen_s2027,Win32,boundary,1,14,6.6817109719944003,6.7316403718233113,21,4982,0.0042151746286631878
CodeBERT_unfrozen_s2027,Win32,boundary,1,15,6.7316403718233113,6.7815697716522223,9,4982,0.0018065034122842231
CodeBERT_unfrozen_s2027,Win32,boundary,1,16,6.7815697716522223,6.8314991714811324,16,4982,0.0032115616218386192
CodeBERT_unfrozen_s2027,Win32,boundary,1,17,6.8314991714811324,6.8814285713100434,22,4982,0.004415897230028101
CodeBERT_unfrozen_s2027,Win32,boundary,1,18,6.8814285713100434,6.9313579711389544,26,4982,0.0052187876354877561
CodeBERT_unfrozen_s2027,Win32,boundary,1,19,6.9313579711389544,6.9812873709678653,27,4982,0.0054195102368526692
CodeBERT_unfrozen_s2027,Win32,boundary,1,20,6.9812873709678653,7.0312167707967763,33,4982,0.0066238458450421514
CodeBERT_unfrozen_s2027,Win32,boundary,1,21,7.0312167707967763,7.0811461706256864,33,4982,0.0066238458450421514
CodeBERT_unfrozen_s2027,Win32,boundary,1,22,7.0811461706256864,7.1310755704545974,46,4982,0.0092332396627860299
CodeBERT_unfrozen_s2027,Win32,boundary,1,23,7.1310755704545974,7.1810049702835084,41,4982,0.0082296266559614608
CodeBERT_unfrozen_s2027,Win32,boundary,1,24,7.1810049702835084,7.2309343701124194,47,4982,0.009433962264150943
CodeBERT_unfrozen_s2027,Win32,boundary,1,25,7.2309343701124194,7.2808637699413303,40,4982,0.0080289040545965477
CodeBERT_unfrozen_s2027,Win32,boundary,1,26,7.2808637699413303,7.3307931697702404,49,4982,0.009835407466880771
CodeBERT_unfrozen_s2027,Win32,boundary,1,27,7.3307931697702404,7.3807225695991514,65,4982,0.01304696908871939
CodeBERT_unfrozen_s2027,Win32,boundary,1,28,7.3807225695991514,7.4306519694280624,70,4982,0.014050582095543959
CodeBERT_unfrozen_s2027,Win32,boundary,1,29,7.4306519694280624,7.4805813692569734,61,4982,0.012244078683259736
CodeBERT_unfrozen_s2027,Win32,boundary,1,30,7.4805813692569734,7.5305107690858843,86,4982,0.017262143717382578
CodeBERT_unfrozen_s2027,Win32,boundary,1,31,7.5305107690858843,7.5804401689147944,108,4982,0.021678040947410677
CodeBERT_unfrozen_s2027,Win32,boundary,1,32,7.5804401689147944,7.6303695687437054,126,4982,0.025291047771979124
CodeBERT_unfrozen_s2027,Win32,boundary,1,33,7.6303695687437054,7.6802989685726164,183,4982,0.036732236049779203
CodeBERT_unfrozen_s2027,Win32,boundary,1,34,7.6802989685726164,7.7302283684015274,199,4982,0.039943797671617827
CodeBERT_unfrozen_s2027,Win32,boundary,1,35,7.7302283684015274,7.7801577682304384,1266,4982,0.25411481332798075
CodeBERT_unfrozen_s2027,Win32,boundary,1,36,7.7801577682304384,7.8300871680593485,808,4982,0.16218386190285025
CodeBERT_unfrozen_s2027,Win32,boundary,1,37,7.8300871680593485,7.8800165678882594,169,4982,0.033922119630670412
CodeBERT_unfrozen_s2027,Win32,boundary,1,38,7.8800165678882594,7.9299459677171704,0,4982,0
CodeBERT_unfrozen_s2027,Win32,boundary,1,39,7.9299459677171704,7.9798753675460814,0,4982,0
CodeBERT_unfrozen_s2027,Win64,boundary,0,0,5.9796633609771739,6.0296783061480532,0,4953,0
CodeBERT_unfrozen_s2027,Win64,boundary,0,1,6.0296783061480532,6.0796932513189326,1,4953,0.00020189783969311529
CodeBERT_unfrozen_s2027,Win64,boundary,0,2,6.0796932513189326,6.1297081964898119,3,4953,0.00060569351907934583
CodeBERT_unfrozen_s2027,Win64,boundary,0,3,6.1297081964898119,6.1797231416606913,4,4953,0.00080759135877246115
CodeBERT_unfrozen_s2027,Win64,boundary,0,4,6.1797231416606913,6.2297380868315706,2,4953,0.00040379567938623057
CodeBERT_unfrozen_s2027,Win64,boundary,0,5,6.2297380868315706,6.2797530320024499,2,4953,0.00040379567938623057
CodeBERT_unfrozen_s2027,Win64,boundary,0,6,6.2797530320024499,6.3297679771733293,2,4953,0.00040379567938623057
CodeBERT_unfrozen_s2027,Win64,boundary,0,7,6.3297679771733293,6.3797829223442086,1,4953,0.00020189783969311529
CodeBERT_unfrozen_s2027,Win64,boundary,0,8,6.3797829223442086,6.429797867515088,3,4953,0.00060569351907934583
CodeBERT_unfrozen_s2027,Win64,boundary,0,9,6.429797867515088,6.4798128126859673,1,4953,0.00020189783969311529
CodeBERT_unfrozen_s2027,Win64,boundary,0,10,6.4798128126859673,6.5298277578568467,1,4953,0.00020189783969311529
CodeBERT_unfrozen_s2027,Win64,boundary,0,11,6.5298277578568467,6.579842703027726,4,4953,0.00080759135877246115
CodeBERT_unfrozen_s2027,Win64,boundary,0,12,6.579842703027726,6.6298576481986053,1,4953,0.00020189783969311529
CodeBERT_unfrozen_s2027,Win64,boundary,0,13,6.6298576481986053,6.6798725933694847,1,4953,0.00020189783969311529
CodeBERT_unfrozen_s2027,Win64,boundary,0,14,6.6798725933694847,6.729887538540364,2,4953,0.00040379567938623057
CodeBERT_unfrozen_s2027,Win64,boundary,0,15,6.729887538540364,6.7799024837112434,2,4953,0.00040379567938623057
CodeBERT_unfrozen_s2027,Win64,boundary,0,16,6.7799024837112434,6.8299174288821227,0,4953,0
CodeBERT_unfrozen_s2027,Win64,boundary,0,17,6.8299174288821227,6.8799323740530021,1,4953,0.00020189783969311529
CodeBERT_unfrozen_s2027,Win64,boundary,0,18,6.8799323740530021,6.9299473192238814,1,4953,0.00020189783969311529
CodeBERT_unfrozen_s2027,Win64,boundary,0,19,6.9299473192238814,6.9799622643947608,1,4953,0.00020189783969311529
CodeBERT_unfrozen_s2027,Win64,boundary,0,20,6.9799622643947608,7.0299772095656401,0,4953,0
CodeBERT_unfrozen_s2027,Win64,boundary,0,21,7.0299772095656401,7.0799921547365194,0,4953,0
CodeBERT_unfrozen_s2027,Win64,boundary,0,22,7.0799921547365194,7.1300070999073988,1,4953,0.00020189783969311529
CodeBERT_unfrozen_s2027,Win64,boundary,0,23,7.1300070999073988,7.1800220450782781,2,4953,0.00040379567938623057
CodeBERT_unfrozen_s2027,Win64,boundary,0,24,7.1800220450782781,7.2300369902491575,3,4953,0.00060569351907934583
CodeBERT_unfrozen_s2027,Win64,boundary,0,25,7.2300369902491575,7.2800519354200368,0,4953,0
CodeBERT_unfrozen_s2027,Win64,boundary,0,26,7.2800519354200368,7.3300668805909162,1,4953,0.00020189783969311529
CodeBERT_unfrozen_s2027,Win64,boundary,0,27,7.3300668805909162,7.3800818257617955,5,4953,0.0010094891984655764
CodeBERT_unfrozen_s2027,Win64,boundary,0,28,7.3800818257617955,7.4300967709326748,1,4953,0.00020189783969311529
CodeBERT_unfrozen_s2027,Win64,boundary,0,29,7.4300967709326748,7.4801117161035542,0,4953,0
CodeBERT_unfrozen_s2027,Win64,boundary,0,30,7.4801117161035542,7.5301266612744335,3,4953,0.00060569351907934583
CodeBERT_unfrozen_s2027,Win64,boundary,0,31,7.5301266612744335,7.5801416064453129,5,4953,0.0010094891984655764
CodeBERT_unfrozen_s2027,Win64,boundary,0,32,7.5801416064453129,7.6301565516161922,2,4953,0.00040379567938623057
CodeBERT_unfrozen_s2027,Win64,boundary,0,33,7.6301565516161922,7.6801714967870716,1,4953,0.00020189783969311529
CodeBERT_unfrozen_s2027,Win64,boundary,0,34,7.6801714967870716,7.7301864419579509,1,4953,0.00020189783969311529
CodeBERT_unfrozen_s2027,Win64,boundary,0,35,7.7301864419579509,7.7802013871288302,4,4953,0.00080759135877246115
CodeBERT_unfrozen_s2027,Win64,boundary,0,36,7.7802013871288302,7.8302163322997096,5,4953,0.0010094891984655764
CodeBERT_unfrozen_s2027,Win64,boundary,0,37,7.8302163322997096,7.8802312774705889,2,4953,0.00040379567938623057
CodeBERT_unfrozen_s2027,Win64,boundary,0,38,7.8802312774705889,7.9302462226414683,0,4953,0
CodeBERT_unfrozen_s2027,Win64,boundary,0,39,7.9302462226414683,7.9802611678123476,0,4953,0
CodeBERT_unfrozen_s2027,Win64,boundary,1,0,5.9796633609771739,6.0296783061480532,11,5047,0.002179512581731722
CodeBERT_unfrozen_s2027,Win64,boundary,1,1,6.0296783061480532,6.0796932513189326,12,5047,0.0023776500891618782
CodeBERT_unfrozen_s2027,Win64,boundary,1,2,6.0796932513189326,6.1297081964898119,9,5047,0.0017832375668714088
CodeBERT_unfrozen_s2027,Win64,boundary,1,3,6.1297081964898119,6.1797231416606913,11,5047,0.002179512581731722
CodeBERT_unfrozen_s2027,Win64,boundary,1,4,6.1797231416606913,6.2297380868315706,8,5047,0.0015851000594412521
CodeBERT_unfrozen_s2027,Win64,boundary,1,5,6.2297380868315706,6.2797530320024499,16,5047,0.0031702001188825043
CodeBERT_unfrozen_s2027,Win64,boundary,1,6,6.2797530320024499,6.3297679771733293,17,5047,0.0033683376263126609
CodeBERT_unfrozen_s2027,Win64,boundary,1,7,6.3297679771733293,6.3797829223442086,18,5047,0.0035664751337428175
CodeBERT_unfrozen_s2027,Win64,boundary,1,8,6.3797829223442086,6.429797867515088,19,5047,0.0037646126411729742
CodeBERT_unfrozen_s2027,Win64,boundary,1,9,6.429797867515088,6.4798128126859673,23,5047,0.0045571626708936002
CodeBERT_unfrozen_s2027,Win64,boundary,1,10,6.4798128126859673,6.5298277578568467,17,5047,0.0033683376263126609
CodeBERT_unfrozen_s2027,Win64,boundary,1,11,6.5298277578568467,6.579842703027726,26,5047,0.0051515751931840697
CodeBERT_unfrozen_s2027,Win64,boundary,1,12,6.579842703027726,6.6298576481986053,31,5047,0.0061422627303348524
CodeBERT_unfrozen_s2027,Win64,boundary,1,13,6.6298576481986053,6.6798725933694847,17,5047,0.0033683376263126609
CodeBERT_unfrozen_s2027,Win64,boundary,1,14,6.6798725933694847,6.729887538540364,20,5047,0.0039627501486031308
CodeBERT_unfrozen_s2027,Win64,boundary,1,15,6.729887538540364,6.7799024837112434,16,5047,0.0031702001188825043
CodeBERT_unfrozen_s2027,Win64,boundary,1,16,6.7799024837112434,6.8299174288821227,18,5047,0.0035664751337428175
CodeBERT_unfrozen_s2027,Win64,boundary,1,17,6.8299174288821227,6.8799323740530021,24,5047,0.0047553001783237564
CodeBERT_unfrozen_s2027,Win64,boundary,1,18,6.8799323740530021,6.9299473192238814,31,5047,0.0061422627303348524
CodeBERT_unfrozen_s2027,Win64,boundary,1,19,6.9299473192238814,6.9799622643947608,23,5047,0.0045571626708936002
CodeBERT_unfrozen_s2027,Win64,boundary,1,20,6.9799622643947608,7.0299772095656401,24,5047,0.0047553001783237564
CodeBERT_unfrozen_s2027,Win64,boundary,1,21,7.0299772095656401,7.0799921547365194,34,5047,0.0067366752526253218
CodeBERT_unfrozen_s2027,Win64,boundary,1,22,7.0799921547365194,7.1300070999073988,33,5047,0.0065385377451951656
CodeBERT_unfrozen_s2027,Win64,boundary,1,23,7.1300070999073988,7.1800220450782781,30,5047,0.0059441252229046962
CodeBERT_unfrozen_s2027,Win64,boundary,1,24,7.1800220450782781,7.2300369902491575,32,5047,0.0063404002377650086
CodeBERT_unfrozen_s2027,Win64,boundary,1,25,7.2300369902491575,7.2800519354200368,36,5047,0.0071329502674856351
CodeBERT_unfrozen_s2027,Win64,boundary,1,26,7.2800519354200368,7.3300668805909162,43,5047,0.0085199128194967302
CodeBERT_unfrozen_s2027,Win64,boundary,1,27,7.3300668805909162,7.3800818257617955,44,5047,0.0087180503269268881
CodeBERT_unfrozen_s2027,Win64,boundary,1,28,7.3800818257617955,7.4300967709326748,36,5047,0.0071329502674856351
CodeBERT_unfrozen_s2027,Win64,boundary,1,29,7.4300967709326748,7.4801117161035542,47,5047,0.0093124628492173567
CodeBERT_unfrozen_s2027,Win64,boundary,1,30,7.4801117161035542,7.5301266612744335,67,5047,0.013275212997820487
CodeBERT_unfrozen_s2027,Win64,boundary,1,31,7.5301266612744335,7.5801416064453129,86,5047,0.01703982563899346
CodeBERT_unfrozen_s2027,Win64,boundary,1,32,7.5801416064453129,7.6301565516161922,98,5047,0.019417475728155338
CodeBERT_unfrozen_s2027,Win64,boundary,1,33,7.6301565516161922,7.6801714967870716,103,5047,0.020408163265306121
CodeBERT_unfrozen_s2027,Win64,boundary,1,34,7.6801714967870716,7.7301864419579509,128,5047,0.025361600951060034
CodeBERT_unfrozen_s2027,Win64,boundary,1,35,7.7301864419579509,7.7802013871288302,269,5047,0.053298989498712104
CodeBERT_unfrozen_s2027,Win64,boundary,1,36,7.7802013871288302,7.8302163322997096,1090,5047,0.21596988309887061
CodeBERT_unfrozen_s2027,Win64,boundary,1,37,7.8302163322997096,7.8802312774705889,647,5047,0.12819496730731128
CodeBERT_unfrozen_s2027,Win64,boundary,1,38,7.8802312774705889,7.9302462226414683,0,5047,0
CodeBERT_unfrozen_s2027,Win64,boundary,1,39,7.9302462226414683,7.9802611678123476,0,5047,0
CodeBERT_unfrozen_s2027,Dot_Net,boundary,0,0,5.8751062985420237,5.9276987836772213,3,4964,0.00060435132957292509
CodeBERT_unfrozen_s2027,Dot_Net,boundary,0,1,5.9276987836772213,5.9802912688124188,4,4964,0.00080580177276390005
CodeBERT_unfrozen_s2027,Dot_Net,boundary,0,2,5.9802912688124188,6.0328837539476163,2,4964,0.00040290088638195002
CodeBERT_unfrozen_s2027,Dot_Net,boundary,0,3,6.0328837539476163,6.0854762390828139,5,4964,0.001007252215954875
CodeBERT_unfrozen_s2027,Dot_Net,boundary,0,4,6.0854762390828139,6.1380687242180114,0,4964,0
CodeBERT_unfrozen_s2027,Dot_Net,boundary,0,5,6.1380687242180114,6.190661209353209,2,4964,0.00040290088638195002
CodeBERT_unfrozen_s2027,Dot_Net,boundary,0,6,6.190661209353209,6.2432536944884074,3,4964,0.00060435132957292509
CodeBERT_unfrozen_s2027,Dot_Net,boundary,0,7,6.2432536944884074,6.2958461796236049,2,4964,0.00040290088638195002
CodeBERT_unfrozen_s2027,Dot_Net,boundary,0,8,6.2958461796236049,6.3484386647588025,4,4964,0.00080580177276390005
CodeBERT_unfrozen_s2027,Dot_Net,boundary,0,9,6.3484386647588025,6.401031149894,3,4964,0.00060435132957292509
CodeBERT_unfrozen_s2027,Dot_Net,boundary,0,10,6.401031149894,6.4536236350291976,1,4964,0.00020145044319097501
CodeBERT_unfrozen_s2027,Dot_Net,boundary,0,11,6.4536236350291976,6.5062161201643951,6,4964,0.0012087026591458502
CodeBERT_unfrozen_s2027,Dot_Net,boundary,0,12,6.5062161201643951,6.5588086052995926,0,4964,0
CodeBERT_unfrozen_s2027,Dot_Net,boundary,0,13,6.5588086052995926,6.6114010904347902,2,4964,0.00040290088638195002
CodeBERT_unfrozen_s2027,Dot_Net,boundary,0,14,6.6114010904347902,6.6639935755699877,2,4964,0.00040290088638195002
CodeBERT_unfrozen_s2027,Dot_Net,boundary,0,15,6.6639935755699877,6.7165860607051853,1,4964,0.00020145044319097501
CodeBERT_unfrozen_s2027,Dot_Net,boundary,0,16,6.7165860607051853,6.7691785458403828,2,4964,0.00040290088638195002
CodeBERT_unfrozen_s2027,Dot_Net,boundary,0,17,6.7691785458403828,6.8217710309755804,4,4964,0.00080580177276390005
CodeBERT_unfrozen_s2027,Dot_Net,boundary,0,18,6.8217710309755804,6.8743635161107779,1,4964,0.00020145044319097501
CodeBERT_unfrozen_s2027,Dot_Net,boundary,0,19,6.8743635161107779,6.9269560012459763,1,4964,0.00020145044319097501
CodeBERT_unfrozen_s2027,Dot_Net,boundary,0,20,6.9269560012459763,6.9795484863811739,2,4964,0.00040290088638195002
CodeBERT_unfrozen_s2027,Dot_Net,boundary,0,21,6.9795484863811739,7.0321409715163714,3,4964,0.00060435132957292509
CodeBERT_unfrozen_s2027,Dot_Net,boundary,0,22,7.0321409715163714,7.084733456651569,2,4964,0.00040290088638195002
CodeBERT_unfrozen_s2027,Dot_Net,boundary,0,23,7.084733456651569,7.1373259417867665,0,4964,0
CodeBERT_unfrozen_s2027,Dot_Net,boundary,0,24,7.1373259417867665,7.189918426921964,2,4964,0.00040290088638195002
CodeBERT_unfrozen_s2027,Dot_Net,boundary,0,25,7.189918426921964,7.2425109120571616,3,4964,0.00060435132957292509
CodeBERT_unfrozen_s2027,Dot_Net,boundary,0,26,7.2425109120571616,7.2951033971923591,0,4964,0
CodeBERT_unfrozen_s2027,Dot_Net,boundary,0,27,7.2951033971923591,7.3476958823275567,2,4964,0.00040290088638195002
CodeBERT_unfrozen_s2027,Dot_Net,boundary,0,28,7.3476958823275567,7.4002883674627542,3,4964,0.00060435132957292509
CodeBERT_unfrozen_s2027,Dot_Net,boundary,0,29,7.4002883674627542,7.4528808525979517,3,4964,0.00060435132957292509
CodeBERT_unfrozen_s2027,Dot_Net,boundary,0,30,7.4528808525979517,7.5054733377331502,1,4964,0.00020145044319097501
CodeBERT_unfrozen_s2027,Dot_Net,boundary,0,31,7.5054733377331502,7.5580658228683468,2,4964,0.00040290088638195002
CodeBERT_unfrozen_s2027,Dot_Net,boundary,0,32,7.5580658228683468,7.6106583080035453,3,4964,0.00060435132957292509
CodeBERT_unfrozen_s2027,Dot_Net,boundary,0,33,7.6106583080035453,7.6632507931387428,5,4964,0.001007252215954875
CodeBERT_unfrozen_s2027,Dot_Net,boundary,0,34,7.6632507931387428,7.7158432782739403,3,4964,0.00060435132957292509
CodeBERT_unfrozen_s2027,Dot_Net,boundary,0,35,7.7158432782739403,7.7684357634091379,4,4964,0.00080580177276390005
CodeBERT_unfrozen_s2027,Dot_Net,boundary,0,36,7.7684357634091379,7.8210282485443354,1,4964,0.00020145044319097501
CodeBERT_unfrozen_s2027,Dot_Net,boundary,0,37,7.8210282485443354,7.873620733679533,1,4964,0.00020145044319097501
CodeBERT_unfrozen_s2027,Dot_Net,boundary,0,38,7.873620733679533,7.9262132188147305,0,4964,0
CodeBERT_unfrozen_s2027,Dot_Net,boundary,0,39,7.9262132188147305,7.9788057039499281,0,4964,0
CodeBERT_unfrozen_s2027,Dot_Net,boundary,1,0,5.8751062985420237,5.9276987836772213,17,5036,0.0033756949960285941
CodeBERT_unfrozen_s2027,Dot_Net,boundary,1,1,5.9276987836772213,5.9802912688124188,15,5036,0.0029785544082605244
CodeBERT_unfrozen_s2027,Dot_Net,boundary,1,2,5.9802912688124188,6.0328837539476163,6,5036,0.0011914217633042098
CodeBERT_unfrozen_s2027,Dot_Net,boundary,1,3,6.0328837539476163,6.0854762390828139,13,5036,0.0025814138204924542
CodeBERT_unfrozen_s2027,Dot_Net,boundary,1,4,6.0854762390828139,6.1380687242180114,12,5036,0.0023828435266084196
CodeBERT_unfrozen_s2027,Dot_Net,boundary,1,5,6.1380687242180114,6.190661209353209,11,5036,0.0021842732327243845
CodeBERT_unfrozen_s2027,Dot_Net,boundary,1,6,6.190661209353209,6.2432536944884074,19,5036,0.0037728355837966642
CodeBERT_unfrozen_s2027,Dot_Net,boundary,1,7,6.2432536944884074,6.2958461796236049,15,5036,0.0029785544082605244
CodeBERT_unfrozen_s2027,Dot_Net,boundary,1,8,6.2958461796236049,6.3484386647588025,25,5036,0.0049642573471008738
CodeBERT_unfrozen_s2027,Dot_Net,boundary,1,9,6.3484386647588025,6.401031149894,24,5036,0.0047656870532168391
CodeBERT_unfrozen_s2027,Dot_Net,boundary,1,10,6.401031149894,6.4536236350291976,29,5036,0.0057585385226370132
CodeBERT_unfrozen_s2027,Dot_Net,boundary,1,11,6.4536236350291976,6.5062161201643951,28,5036,0.0055599682287529786
CodeBERT_unfrozen_s2027,Dot_Net,boundary,1,12,6.5062161201643951,6.5588086052995926,34,5036,0.0067513899920571881
CodeBERT_unfrozen_s2027,Dot_Net,boundary,1,13,6.5588086052995926,6.6114010904347902,38,5036,0.0075456711675933284
CodeBERT_unfrozen_s2027,Dot_Net,boundary,1,14,6.6114010904347902,6.6639935755699877,30,5036,0.0059571088165210487
CodeBERT_unfrozen_s2027,Dot_Net,boundary,1,15,6.6639935755699877,6.7165860607051853,34,5036,0.0067513899920571881
CodeBERT_unfrozen_s2027,Dot_Net,boundary,1,16,6.7165860607051853,6.7691785458403828,41,5036,0.0081413820492454332
CodeBERT_unfrozen_s2027,Dot_Net,boundary,1,17,6.7691785458403828,6.8217710309755804,32,5036,0.006354249404289118
CodeBERT_unfrozen_s2027,Dot_Net,boundary,1,18,6.8217710309755804,6.8743635161107779,40,5036,0.0079428117553613977
CodeBERT_unfrozen_s2027,Dot_Net,boundary,1,19,6.8743635161107779,6.9269560012459763,42,5036,0.008339952343129467
CodeBERT_unfrozen_s2027,Dot_Net,boundary,1,20,6.9269560012459763,6.9795484863811739,42,5036,0.008339952343129467
CodeBERT_unfrozen_s2027,Dot_Net,boundary,1,21,6.9795484863811739,7.0321409715163714,56,5036,0.011119936457505957
CodeBERT_unfrozen_s2027,Dot_Net,boundary,1,22,7.0321409715163714,7.084733456651569,58,5036,0.011517077045274026
CodeBERT_unfrozen_s2027,Dot_Net,boundary,1,23,7.084733456651569,7.1373259417867665,60,5036,0.011914217633042097
CodeBERT_unfrozen_s2027,Dot_Net,boundary,1,24,7.1373259417867665,7.189918426921964,73,5036,0.014495631453534552
CodeBERT_unfrozen_s2027,Dot_Net,boundary,1,25,7.189918426921964,7.2425109120571616,83,5036,0.0164813343923749
CodeBERT_unfrozen_s2027,Dot_Net,boundary,1,26,7.2425109120571616,7.2951033971923591,90,5036,0.017871326449563147
CodeBERT_unfrozen_s2027,Dot_Net,boundary,1,27,7.2951033971923591,7.3476958823275567,78,5036,0.015488482922954726
CodeBERT_unfrozen_s2027,Dot_Net,boundary,1,28,7.3476958823275567,7.4002883674627542,93,5036,0.018467037331215252
CodeBERT_unfrozen_s2027,Dot_Net,boundary,1,29,7.4002883674627542,7.4528808525979517,112,5036,0.022239872915011914
CodeBERT_unfrozen_s2027,Dot_Net,boundary,1,30,7.4528808525979517,7.5054733377331502,124,5036,0.024622716441620333
CodeBERT_unfrozen_s2027,Dot_Net,boundary,1,31,7.5054733377331502,7.5580658228683468,144,5036,0.028594122319301033
CodeBERT_unfrozen_s2027,Dot_Net,boundary,1,32,7.5580658228683468,7.6106583080035453,177,5036,0.035146942017474189
CodeBERT_unfrozen_s2027,Dot_Net,boundary,1,33,7.6106583080035453,7.6632507931387428,227,5036,0.045075456711675933
CodeBERT_unfrozen_s2027,Dot_Net,boundary,1,34,7.6632507931387428,7.7158432782739403,325,5036,0.064535345512311354
CodeBERT_unfrozen_s2027,Dot_Net,boundary,1,35,7.7158432782739403,7.7684357634091379,464,5036,0.092136616362192211
CodeBERT_unfrozen_s2027,Dot_Net,boundary,1,36,7.7684357634091379,7.8210282485443354,884,5036,0.17553613979348689
CodeBERT_unfrozen_s2027,Dot_Net,boundary,1,37,7.8210282485443354,7.873620733679533,629,5036,0.12490071485305798
CodeBERT_unfrozen_s2027,Dot_Net,boundary,1,38,7.873620733679533,7.9262132188147305,0,5036,0
CodeBERT_unfrozen_s2027,Dot_Net,boundary,1,39,7.9262132188147305,7.9788057039499281,0,5036,0
CodeBERT_unfrozen_s2028,Win32,full,0,0,-6.2714214324951172,-6.0535499056180315,2796,5018,0.55719410123555202
CodeBERT_unfrozen_s2028,Win32,full,0,1,-6.0535499056180315,-5.8356783787409467,659,5018,0.13132722200079713
CodeBERT_unfrozen_s2028,Win32,full,0,2,-5.8356783787409467,-5.6178068518638611,227,5018,0.045237146273415706
CodeBERT_unfrozen_s2028,Win32,full,0,3,-5.6178068518638611,-5.3999353249867754,150,5018,0.029892387405340774
CodeBERT_unfrozen_s2028,Win32,full,0,4,-5.3999353249867754,-5.1820637981096906,106,5018,0.021123953766440814
CodeBERT_unfrozen_s2028,Win32,full,0,5,-5.1820637981096906,-4.964192271232605,91,5018,0.018134715025906734
CodeBERT_unfrozen_s2028,Win32,full,0,6,-4.964192271232605,-4.7463207443555202,86,5018,0.017138302112395375
CodeBERT_unfrozen_s2028,Win32,full,0,7,-4.7463207443555202,-4.5284492174784345,93,5018,0.018533280191311279
CodeBERT_unfrozen_s2028,Win32,full,0,8,-4.5284492174784345,-4.3105776906013489,57,5018,0.011359107214029494
CodeBERT_unfrozen_s2028,Win32,full,0,9,-4.3105776906013489,-4.0927061637242641,48,5018,0.0095655639697090466
CodeBERT_unfrozen_s2028,Win32,full,0,10,-4.0927061637242641,-3.8748346368471784,52,5018,0.010362694300518135
CodeBERT_unfrozen_s2028,Win32,full,0,11,-3.8748346368471784,-3.6569631099700928,50,5018,0.0099641291351135908
CodeBERT_unfrozen_s2028,Win32,full,0,12,-3.6569631099700928,-3.4390915830930076,35,5018,0.0069748903945795141
CodeBERT_unfrozen_s2028,Win32,full,0,13,-3.4390915830930076,-3.2212200562159223,30,5018,0.0059784774810681543
CodeBERT_unfrozen_s2028,Win32,full,0,14,-3.2212200562159223,-3.0033485293388367,30,5018,0.0059784774810681543
CodeBERT_unfrozen_s2028,Win32,full,0,15,-3.0033485293388367,-2.7854770024617515,31,5018,0.0061777600637704265
CodeBERT_unfrozen_s2028,Win32,full,0,16,-2.7854770024617515,-2.5676054755846662,23,5018,0.004583499402152252
CodeBERT_unfrozen_s2028,Win32,full,0,17,-2.5676054755846662,-2.3497339487075806,26,5018,0.0051813471502590676
CodeBERT_unfrozen_s2028,Win32,full,0,18,-2.3497339487075806,-2.1318624218304958,19,5018,0.0037863690713431648
CodeBERT_unfrozen_s2028,Win32,full,0,19,-2.1318624218304958,-1.9139908949534101,20,5018,0.0039856516540454365
CodeBERT_unfrozen_s2028,Win32,full,0,20,-1.9139908949534101,-1.6961193680763245,13,5018,0.0025906735751295338
CodeBERT_unfrozen_s2028,Win32,full,0,21,-1.6961193680763245,-1.4782478411992397,21,5018,0.0041849342367477086
CodeBERT_unfrozen_s2028,Win32,full,0,22,-1.4782478411992397,-1.260376314322154,15,5018,0.0029892387405340772
CodeBERT_unfrozen_s2028,Win32,full,0,23,-1.260376314322154,-1.0425047874450684,14,5018,0.0027899561578318055
CodeBERT_unfrozen_s2028,Win32,full,0,24,-1.0425047874450684,-0.82463326056798358,6,5018,0.0011956954962136308
CodeBERT_unfrozen_s2028,Win32,full,0,25,-0.82463326056798358,-0.60676173369089792,14,5018,0.0027899561578318055
CodeBERT_unfrozen_s2028,Win32,full,0,26,-0.60676173369089792,-0.38889020681381226,11,5018,0.00219210840972499
CodeBERT_unfrozen_s2028,Win32,full,0,27,-0.38889020681381226,-0.17101867993672748,12,5018,0.0023913909924272616
CodeBERT_unfrozen_s2028,Win32,full,0,28,-0.17101867993672748,0.046852846940358184,5,5018,0.00099641291351135913
CodeBERT_unfrozen_s2028,Win32,full,0,29,0.046852846940358184,0.26472437381744385,6,5018,0.0011956954962136308
CodeBERT_unfrozen_s2028,Win32,full,0,30,0.26472437381744385,0.48259590069452862,3,5018,0.00059784774810681541
CodeBERT_unfrozen_s2028,Win32,full,0,31,0.48259590069452862,0.70046742757161429,6,5018,0.0011956954962136308
CodeBERT_unfrozen_s2028,Win32,full,0,32,0.70046742757161429,0.91833895444869995,7,5018,0.0013949780789159027
CodeBERT_unfrozen_s2028,Win32,full,0,33,0.91833895444869995,1.1362104813257847,4,5018,0.00079713033080908732
CodeBERT_unfrozen_s2028,Win32,full,0,34,1.1362104813257847,1.3540820082028704,7,5018,0.0013949780789159027
CodeBERT_unfrozen_s2028,Win32,full,0,35,1.3540820082028704,1.5719535350799561,6,5018,0.0011956954962136308
CodeBERT_unfrozen_s2028,Win32,full,0,36,1.5719535350799561,1.7898250619570408,7,5018,0.0013949780789159027
CodeBERT_unfrozen_s2028,Win32,full,0,37,1.7898250619570408,2.0076965888341256,12,5018,0.0023913909924272616
CodeBERT_unfrozen_s2028,Win32,full,0,38,2.0076965888341256,2.2255681157112122,12,5018,0.0023913909924272616
CodeBERT_unfrozen_s2028,Win32,full,0,39,2.2255681157112122,2.4434396425882969,13,5018,0.0025906735751295338
CodeBERT_unfrozen_s2028,Win32,full,0,40,2.4434396425882969,2.6613111694653817,16,5018,0.0031885213232363493
CodeBERT_unfrozen_s2028,Win32,full,0,41,2.6613111694653817,2.8791826963424683,6,5018,0.0011956954962136308
CodeBERT_unfrozen_s2028,Win32,full,0,42,2.8791826963424683,3.097054223219553,24,5018,0.0047827819848545233
CodeBERT_unfrozen_s2028,Win32,full,0,43,3.097054223219553,3.3149257500966378,14,5018,0.0027899561578318055
CodeBERT_unfrozen_s2028,Win32,full,0,44,3.3149257500966378,3.5327972769737244,15,5018,0.0029892387405340772
CodeBERT_unfrozen_s2028,Win32,full,0,45,3.5327972769737244,3.7506688038508091,10,5018,0.0019928258270227183
CodeBERT_unfrozen_s2028,Win32,full,0,46,3.7506688038508091,3.9685403307278939,11,5018,0.00219210840972499
CodeBERT_unfrozen_s2028,Win32,full,0,47,3.9685403307278939,4.1864118576049805,7,5018,0.0013949780789159027
CodeBERT_unfrozen_s2028,Win32,full,0,48,4.1864118576049805,4.4042833844820652,6,5018,0.0011956954962136308
CodeBERT_unfrozen_s2028,Win32,full,0,49,4.4042833844820652,4.62215491135915,11,5018,0.00219210840972499
CodeBERT_unfrozen_s2028,Win32,full,0,50,4.62215491135915,4.8400264382362366,13,5018,0.0025906735751295338
CodeBERT_unfrozen_s2028,Win32,full,0,51,4.8400264382362366,5.0578979651133213,5,5018,0.00099641291351135913
CodeBERT_unfrozen_s2028,Win32,full,0,52,5.0578979651133213,5.2757694919904061,4,5018,0.00079713033080908732
CodeBERT_unfrozen_s2028,Win32,full,0,53,5.2757694919904061,5.4936410188674927,12,5018,0.0023913909924272616
CodeBERT_unfrozen_s2028,Win32,full,0,54,5.4936410188674927,5.7115125457445775,9,5018,0.0017935432443204463
CodeBERT_unfrozen_s2028,Win32,full,0,55,5.7115125457445775,5.9293840726216622,2,5018,0.00039856516540454366
CodeBERT_unfrozen_s2028,Win32,full,0,56,5.9293840726216622,6.1472555994987488,8,5018,0.0015942606616181746
CodeBERT_unfrozen_s2028,Win32,full,0,57,6.1472555994987488,6.3651271263758336,5,5018,0.00099641291351135913
CodeBERT_unfrozen_s2028,Win32,full,0,58,6.3651271263758336,6.5829986532529183,0,5018,0
CodeBERT_unfrozen_s2028,Win32,full,0,59,6.5829986532529183,6.8008701801300049,17,5018,0.003387803905938621
CodeBERT_unfrozen_s2028,Win32,full,1,0,-6.2714214324951172,-6.0535499056180315,18,4982,0.0036130068245684463
CodeBERT_unfrozen_s2028,Win32,full,1,1,-6.0535499056180315,-5.8356783787409467,38,4982,0.0076274588518667205
CodeBERT_unfrozen_s2028,Win32,full,1,2,-5.8356783787409467,-5.6178068518638611,30,4982,0.0060216780409474103
CodeBERT_unfrozen_s2028,Win32,full,1,3,-5.6178068518638611,-5.3999353249867754,28,4982,0.0056202328382175832
CodeBERT_unfrozen_s2028,Win32,full,1,4,-5.3999353249867754,-5.1820637981096906,28,4982,0.0056202328382175832
CodeBERT_unfrozen_s2028,Win32,full,1,5,-5.1820637981096906,-4.964192271232605,18,4982,0.0036130068245684463
CodeBERT_unfrozen_s2028,Win32,full,1,6,-4.964192271232605,-4.7463207443555202,22,4982,0.004415897230028101
CodeBERT_unfrozen_s2028,Win32,full,1,7,-4.7463207443555202,-4.5284492174784345,16,4982,0.0032115616218386192
CodeBERT_unfrozen_s2028,Win32,full,1,8,-4.5284492174784345,-4.3105776906013489,25,4982,0.0050180650341228421
CodeBERT_unfrozen_s2028,Win32,full,1,9,-4.3105776906013489,-4.0927061637242641,18,4982,0.0036130068245684463
CodeBERT_unfrozen_s2028,Win32,full,1,10,-4.0927061637242641,-3.8748346368471784,16,4982,0.0032115616218386192
CodeBERT_unfrozen_s2028,Win32,full,1,11,-3.8748346368471784,-3.6569631099700928,19,4982,0.0038137294259333603
CodeBERT_unfrozen_s2028,Win32,full,1,12,-3.6569631099700928,-3.4390915830930076,22,4982,0.004415897230028101
CodeBERT_unfrozen_s2028,Win32,full,1,13,-3.4390915830930076,-3.2212200562159223,19,4982,0.0038137294259333603
CodeBERT_unfrozen_s2028,Win32,full,1,14,-3.2212200562159223,-3.0033485293388367,13,4982,0.002609393817743878
CodeBERT_unfrozen_s2028,Win32,full,1,15,-3.0033485293388367,-2.7854770024617515,24,4982,0.0048173424327579289
CodeBERT_unfrozen_s2028,Win32,full,1,16,-2.7854770024617515,-2.5676054755846662,17,4982,0.0034122842232035327
CodeBERT_unfrozen_s2028,Win32,full,1,17,-2.5676054755846662,-2.3497339487075806,20,4982,0.0040144520272982738
CodeBERT_unfrozen_s2028,Win32,full,1,18,-2.3497339487075806,-2.1318624218304958,23,4982,0.004616619831393015
CodeBERT_unfrozen_s2028,Win32,full,1,19,-2.1318624218304958,-1.9139908949534101,18,4982,0.0036130068245684463
CodeBERT_unfrozen_s2028,Win32,full,1,20,-1.9139908949534101,-1.6961193680763245,11,4982,0.0022079486150140505
CodeBERT_unfrozen_s2028,Win32,full,1,21,-1.6961193680763245,-1.4782478411992397,15,4982,0.0030108390204737052
CodeBERT_unfrozen_s2028,Win32,full,1,22,-1.4782478411992397,-1.260376314322154,12,4982,0.0024086712163789645
CodeBERT_unfrozen_s2028,Win32,full,1,23,-1.260376314322154,-1.0425047874450684,9,4982,0.0018065034122842231
CodeBERT_unfrozen_s2028,Win32,full,1,24,-1.0425047874450684,-0.82463326056798358,6,4982,0.0012043356081894822
CodeBERT_unfrozen_s2028,Win32,full,1,25,-0.82463326056798358,-0.60676173369089792,10,4982,0.0020072260136491369
CodeBERT_unfrozen_s2028,Win32,full,1,26,-0.60676173369089792,-0.38889020681381226,21,4982,0.0042151746286631878
CodeBERT_unfrozen_s2028,Win32,full,1,27,-0.38889020681381226,-0.17101867993672748,21,4982,0.0042151746286631878
CodeBERT_unfrozen_s2028,Win32,full,1,28,-0.17101867993672748,0.046852846940358184,20,4982,0.0040144520272982738
CodeBERT_unfrozen_s2028,Win32,full,1,29,0.046852846940358184,0.26472437381744385,7,4982,0.0014050582095543958
CodeBERT_unfrozen_s2028,Win32,full,1,30,0.26472437381744385,0.48259590069452862,21,4982,0.0042151746286631878
CodeBERT_unfrozen_s2028,Win32,full,1,31,0.48259590069452862,0.70046742757161429,48,4982,0.0096346848655158579
CodeBERT_unfrozen_s2028,Win32,full,1,32,0.70046742757161429,0.91833895444869995,5,4982,0.0010036130068245685
CodeBERT_unfrozen_s2028,Win32,full,1,33,0.91833895444869995,1.1362104813257847,9,4982,0.0018065034122842231
CodeBERT_unfrozen_s2028,Win32,full,1,34,1.1362104813257847,1.3540820082028704,11,4982,0.0022079486150140505
CodeBERT_unfrozen_s2028,Win32,full,1,35,1.3540820082028704,1.5719535350799561,20,4982,0.0040144520272982738
CodeBERT_unfrozen_s2028,Win32,full,1,36,1.5719535350799561,1.7898250619570408,10,4982,0.0020072260136491369
CodeBERT_unfrozen_s2028,Win32,full,1,37,1.7898250619570408,2.0076965888341256,19,4982,0.0038137294259333603
CodeBERT_unfrozen_s2028,Win32,full,1,38,2.0076965888341256,2.2255681157112122,25,4982,0.0050180650341228421
CodeBERT_unfrozen_s2028,Win32,full,1,39,2.2255681157112122,2.4434396425882969,37,4982,0.0074267362505018066
CodeBERT_unfrozen_s2028,Win32,full,1,40,2.4434396425882969,2.6613111694653817,38,4982,0.0076274588518667205
CodeBERT_unfrozen_s2028,Win32,full,1,41,2.6613111694653817,2.8791826963424683,40,4982,0.0080289040545965477
CodeBERT_unfrozen_s2028,Win32,full,1,42,2.8791826963424683,3.097054223219553,44,4982,0.0088317944600562019
CodeBERT_unfrozen_s2028,Win32,full,1,43,3.097054223219553,3.3149257500966378,35,4982,0.0070252910477719794
CodeBERT_unfrozen_s2028,Win32,full,1,44,3.3149257500966378,3.5327972769737244,31,4982,0.0062224006423123243
CodeBERT_unfrozen_s2028,Win32,full,1,45,3.5327972769737244,3.7506688038508091,41,4982,0.0082296266559614608
CodeBERT_unfrozen_s2028,Win32,full,1,46,3.7506688038508091,3.9685403307278939,38,4982,0.0076274588518667205
CodeBERT_unfrozen_s2028,Win32,full,1,47,3.9685403307278939,4.1864118576049805,42,4982,0.0084303492573263757
CodeBERT_unfrozen_s2028,Win32,full,1,48,4.1864118576049805,4.4042833844820652,47,4982,0.009433962264150943
CodeBERT_unfrozen_s2028,Win32,full,1,49,4.4042833844820652,4.62215491135915,46,4982,0.0092332396627860299
CodeBERT_unfrozen_s2028,Win32,full,1,50,4.62215491135915,4.8400264382362366,57,4982,0.01144118827780008
CodeBERT_unfrozen_s2028,Win32,full,1,51,4.8400264382362366,5.0578979651133213,68,4982,0.013649136892814131
CodeBERT_unfrozen_s2028,Win32,full,1,52,5.0578979651133213,5.2757694919904061,71,4982,0.014251304696908872
CodeBERT_unfrozen_s2028,Win32,full,1,53,5.2757694919904061,5.4936410188674927,84,4982,0.016860698514652751
CodeBERT_unfrozen_s2028,Win32,full,1,54,5.4936410188674927,5.7115125457445775,88,4982,0.017663588920112404
CodeBERT_unfrozen_s2028,Win32,full,1,55,5.7115125457445775,5.9293840726216622,87,4982,0.017462866318747491
CodeBERT_unfrozen_s2028,Win32,full,1,56,5.9293840726216622,6.1472555994987488,90,4982,0.018065034122842234
CodeBERT_unfrozen_s2028,Win32,full,1,57,6.1472555994987488,6.3651271263758336,121,4982,0.024287434765154558
CodeBERT_unfrozen_s2028,Win32,full,1,58,6.3651271263758336,6.5829986532529183,179,4982,0.035929345644319551
CodeBERT_unfrozen_s2028,Win32,full,1,59,6.5829986532529183,6.8008701801300049,2966,4982,0.59534323564833402
CodeBERT_unfrozen_s2028,Win64,full,0,0,-6.2761726379394531,-6.0582280596097311,3198,4953,0.64566929133858264
CodeBERT_unfrozen_s2028,Win64,full,0,1,-6.0582280596097311,-5.8402834812800091,506,4953,0.10216030688471633
CodeBERT_unfrozen_s2028,Win64,full,0,2,-5.8402834812800091,-5.622338902950287,245,4953,0.049464970724813241
CodeBERT_unfrozen_s2028,Win64,full,0,3,-5.622338902950287,-5.404394324620565,170,4953,0.034322632747829596
CodeBERT_unfrozen_s2028,Win64,full,0,4,-5.404394324620565,-5.186449746290843,90,4953,0.018170805572380374
CodeBERT_unfrozen_s2028,Win64,full,0,5,-5.186449746290843,-4.968505167961121,86,4953,0.017363214213607914
CodeBERT_unfrozen_s2028,Win64,full,0,6,-4.968505167961121,-4.750560589631398,55,4953,0.011104381183121341
CodeBERT_unfrozen_s2028,Win64,full,0,7,-4.750560589631398,-4.5326160113016769,49,4953,0.0098929941449626482
CodeBERT_unfrozen_s2028,Win64,full,0,8,-4.5326160113016769,-4.314671432971954,46,4953,0.0092873006258833036
CodeBERT_unfrozen_s2028,Win64,full,0,9,-4.314671432971954,-4.0967268546422329,34,4953,0.0068645265495659198
CodeBERT_unfrozen_s2028,Win64,full,0,10,-4.0967268546422329,-3.8787822763125104,34,4953,0.0068645265495659198
CodeBERT_unfrozen_s2028,Win64,full,0,11,-3.8787822763125104,-3.6608376979827879,24,4953,0.0048455481526347667
CodeBERT_unfrozen_s2028,Win64,full,0,12,-3.6608376979827879,-3.4428931196530659,19,4953,0.0038360589541691905
CodeBERT_unfrozen_s2028,Win64,full,0,13,-3.4428931196530659,-3.2249485413233439,22,4953,0.004441752473248536
CodeBERT_unfrozen_s2028,Win64,full,0,14,-3.2249485413233439,-3.0070039629936218,23,4953,0.0046436503129416518
CodeBERT_unfrozen_s2028,Win64,full,0,15,-3.0070039629936218,-2.7890593846638998,24,4953,0.0048455481526347667
CodeBERT_unfrozen_s2028,Win64,full,0,16,-2.7890593846638998,-2.5711148063341778,14,4953,0.002826569755703614
CodeBERT_unfrozen_s2028,Win64,full,0,17,-2.5711148063341778,-2.3531702280044557,19,4953,0.0038360589541691905
CodeBERT_unfrozen_s2028,Win64,full,0,18,-2.3531702280044557,-2.1352256496747337,11,4953,0.002220876236624268
CodeBERT_unfrozen_s2028,Win64,full,0,19,-2.1352256496747337,-1.9172810713450117,8,4953,0.0016151827175449223
CodeBERT_unfrozen_s2028,Win64,full,0,20,-1.9172810713450117,-1.6993364930152897,8,4953,0.0016151827175449223
CodeBERT_unfrozen_s2028,Win64,full,0,21,-1.6993364930152897,-1.4813919146855676,4,4953,0.00080759135877246115
CodeBERT_unfrozen_s2028,Win64,full,0,22,-1.4813919146855676,-1.2634473363558456,5,4953,0.0010094891984655764
CodeBERT_unfrozen_s2028,Win64,full,0,23,-1.2634473363558456,-1.0455027580261227,10,4953,0.0020189783969311527
CodeBERT_unfrozen_s2028,Win64,full,0,24,-1.0455027580261227,-0.82755817969640066,7,4953,0.001413284877851807
CodeBERT_unfrozen_s2028,Win64,full,0,25,-0.82755817969640066,-0.60961360136667864,2,4953,0.00040379567938623057
CodeBERT_unfrozen_s2028,Win64,full,0,26,-0.60961360136667864,-0.39166902303695661,2,4953,0.00040379567938623057
CodeBERT_unfrozen_s2028,Win64,full,0,27,-0.39166902303695661,-0.17372444470723458,2,4953,0.00040379567938623057
CodeBERT_unfrozen_s2028,Win64,full,0,28,-0.17372444470723458,0.044220133622487445,4,4953,0.00080759135877246115
CodeBERT_unfrozen_s2028,Win64,full,0,29,0.044220133622487445,0.26216471195220947,2,4953,0.00040379567938623057
CodeBERT_unfrozen_s2028,Win64,full,0,30,0.26216471195220947,0.4801092902819315,5,4953,0.0010094891984655764
CodeBERT_unfrozen_s2028,Win64,full,0,31,0.4801092902819315,0.69805386861165353,1,4953,0.00020189783969311529
CodeBERT_unfrozen_s2028,Win64,full,0,32,0.69805386861165353,0.91599844694137555,3,4953,0.00060569351907934583
CodeBERT_unfrozen_s2028,Win64,full,0,33,0.91599844694137555,1.1339430252710976,2,4953,0.00040379567938623057
CodeBERT_unfrozen_s2028,Win64,full,0,34,1.1339430252710976,1.3518876036008196,3,4953,0.00060569351907934583
CodeBERT_unfrozen_s2028,Win64,full,0,35,1.3518876036008196,1.5698321819305416,4,4953,0.00080759135877246115
CodeBERT_unfrozen_s2028,Win64,full,0,36,1.5698321819305416,1.7877767602602646,6,4953,0.0012113870381586917
CodeBERT_unfrozen_s2028,Win64,full,0,37,1.7877767602602646,2.0057213385899857,7,4953,0.001413284877851807
CodeBERT_unfrozen_s2028,Win64,full,0,38,2.0057213385899857,2.2236659169197086,10,4953,0.0020189783969311527
CodeBERT_unfrozen_s2028,Win64,full,0,39,2.2236659169197086,2.4416104952494297,11,4953,0.002220876236624268
CodeBERT_unfrozen_s2028,Win64,full,0,40,2.4416104952494297,2.6595550735791527,13,4953,0.0026246719160104987
CodeBERT_unfrozen_s2028,Win64,full,0,41,2.6595550735791527,2.8774996519088738,17,4953,0.0034322632747829599
CodeBERT_unfrozen_s2028,Win64,full,0,42,2.8774996519088738,3.0954442302385967,13,4953,0.0026246719160104987
CodeBERT_unfrozen_s2028,Win64,full,0,43,3.0954442302385967,3.3133888085683179,7,4953,0.001413284877851807
CodeBERT_unfrozen_s2028,Win64,full,0,44,3.3133888085683179,3.5313333868980408,8,4953,0.0016151827175449223
CodeBERT_unfrozen_s2028,Win64,full,0,45,3.5313333868980408,3.7492779652277619,6,4953,0.0012113870381586917
CodeBERT_unfrozen_s2028,Win64,full,0,46,3.7492779652277619,3.9672225435574848,9,4953,0.0018170805572380376
CodeBERT_unfrozen_s2028,Win64,full,0,47,3.9672225435574848,4.1851671218872077,8,4953,0.0016151827175449223
CodeBERT_unfrozen_s2028,Win64,full,0,48,4.1851671218872077,4.4031117002169289,5,4953,0.0010094891984655764
CodeBERT_unfrozen_s2028,Win64,full,0,49,4.4031117002169289,4.6210562785466518,2,4953,0.00040379567938623057
CodeBERT_unfrozen_s2028,Win64,full,0,50,4.6210562785466518,4.8390008568763729,10,4953,0.0020189783969311527
CodeBERT_unfrozen_s2028,Win64,full,0,51,4.8390008568763729,5.0569454352060959,8,4953,0.0016151827175449223
CodeBERT_unfrozen_s2028,Win64,full,0,52,5.0569454352060959,5.274890013535817,8,4953,0.0016151827175449223
CodeBERT_unfrozen_s2028,Win64,full,0,53,5.274890013535817,5.4928345918655399,11,4953,0.002220876236624268
CodeBERT_unfrozen_s2028,Win64,full,0,54,5.4928345918655399,5.710779170195261,8,4953,0.0016151827175449223
CodeBERT_unfrozen_s2028,Win64,full,0,55,5.710779170195261,5.928723748524984,6,4953,0.0012113870381586917
CodeBERT_unfrozen_s2028,Win64,full,0,56,5.928723748524984,6.1466683268547051,8,4953,0.0016151827175449223
CodeBERT_unfrozen_s2028,Win64,full,0,57,6.1466683268547051,6.364612905184428,5,4953,0.0010094891984655764
CodeBERT_unfrozen_s2028,Win64,full,0,58,6.364612905184428,6.5825574835141492,5,4953,0.0010094891984655764
CodeBERT_unfrozen_s2028,Win64,full,0,59,6.5825574835141492,6.8005020618438721,21,4953,0.0042398546335554212
CodeBERT_unfrozen_s2028,Win64,full,1,0,-6.2761726379394531,-6.0582280596097311,21,5047,0.004160887656033287
CodeBERT_unfrozen_s2028,Win64,full,1,1,-6.0582280596097311,-5.8402834812800091,37,5047,0.0073310877749157913
CodeBERT_unfrozen_s2028,Win64,full,1,2,-5.8402834812800091,-5.622338902950287,24,5047,0.0047553001783237564
CodeBERT_unfrozen_s2028,Win64,full,1,3,-5.622338902950287,-5.404394324620565,19,5047,0.0037646126411729742
CodeBERT_unfrozen_s2028,Win64,full,1,4,-5.404394324620565,-5.186449746290843,26,5047,0.0051515751931840697
CodeBERT_unfrozen_s2028,Win64,full,1,5,-5.186449746290843,-4.968505167961121,23,5047,0.0045571626708936002
CodeBERT_unfrozen_s2028,Win64,full,1,6,-4.968505167961121,-4.750560589631398,27,5047,0.0053497127006142259
CodeBERT_unfrozen_s2028,Win64,full,1,7,-4.750560589631398,-4.5326160113016769,25,5047,0.0049534376857539135
CodeBERT_unfrozen_s2028,Win64,full,1,8,-4.5326160113016769,-4.314671432971954,24,5047,0.0047553001783237564
CodeBERT_unfrozen_s2028,Win64,full,1,9,-4.314671432971954,-4.0967268546422329,17,5047,0.0033683376263126609
CodeBERT_unfrozen_s2028,Win64,full,1,10,-4.0967268546422329,-3.8787822763125104,17,5047,0.0033683376263126609
CodeBERT_unfrozen_s2028,Win64,full,1,11,-3.8787822763125104,-3.6608376979827879,18,5047,0.0035664751337428175
CodeBERT_unfrozen_s2028,Win64,full,1,12,-3.6608376979827879,-3.4428931196530659,15,5047,0.0029720626114523481
CodeBERT_unfrozen_s2028,Win64,full,1,13,-3.4428931196530659,-3.2249485413233439,20,5047,0.0039627501486031308
CodeBERT_unfrozen_s2028,Win64,full,1,14,-3.2249485413233439,-3.0070039629936218,13,5047,0.0025757875965920348
CodeBERT_unfrozen_s2028,Win64,full,1,15,-3.0070039629936218,-2.7890593846638998,21,5047,0.004160887656033287
CodeBERT_unfrozen_s2028,Win64,full,1,16,-2.7890593846638998,-2.5711148063341778,19,5047,0.0037646126411729742
CodeBERT_unfrozen_s2028,Win64,full,1,17,-2.5711148063341778,-2.3531702280044557,11,5047,0.002179512581731722
CodeBERT_unfrozen_s2028,Win64,full,1,18,-2.3531702280044557,-2.1352256496747337,13,5047,0.0025757875965920348
CodeBERT_unfrozen_s2028,Win64,full,1,19,-2.1352256496747337,-1.9172810713450117,21,5047,0.004160887656033287
CodeBERT_unfrozen_s2028,Win64,full,1,20,-1.9172810713450117,-1.6993364930152897,12,5047,0.0023776500891618782
CodeBERT_unfrozen_s2028,Win64,full,1,21,-1.6993364930152897,-1.4813919146855676,15,5047,0.0029720626114523481
CodeBERT_unfrozen_s2028,Win64,full,1,22,-1.4813919146855676,-1.2634473363558456,13,5047,0.0025757875965920348
CodeBERT_unfrozen_s2028,Win64,full,1,23,-1.2634473363558456,-1.0455027580261227,10,5047,0.0019813750743015654
CodeBERT_unfrozen_s2028,Win64,full,1,24,-1.0455027580261227,-0.82755817969640066,7,5047,0.0013869625520110957
CodeBERT_unfrozen_s2028,Win64,full,1,25,-0.82755817969640066,-0.60961360136667864,12,5047,0.0023776500891618782
CodeBERT_unfrozen_s2028,Win64,full,1,26,-0.60961360136667864,-0.39166902303695661,9,5047,0.0017832375668714088
CodeBERT_unfrozen_s2028,Win64,full,1,27,-0.39166902303695661,-0.17372444470723458,8,5047,0.0015851000594412521
CodeBERT_unfrozen_s2028,Win64,full,1,28,-0.17372444470723458,0.044220133622487445,11,5047,0.002179512581731722
CodeBERT_unfrozen_s2028,Win64,full,1,29,0.044220133622487445,0.26216471195220947,4,5047,0.00079255002972062607
CodeBERT_unfrozen_s2028,Win64,full,1,30,0.26216471195220947,0.4801092902819315,9,5047,0.0017832375668714088
CodeBERT_unfrozen_s2028,Win64,full,1,31,0.4801092902819315,0.69805386861165353,3,5047,0.00059441252229046955
CodeBERT_unfrozen_s2028,Win64,full,1,32,0.69805386861165353,0.91599844694137555,7,5047,0.0013869625520110957
CodeBERT_unfrozen_s2028,Win64,full,1,33,0.91599844694137555,1.1339430252710976,17,5047,0.0033683376263126609
CodeBERT_unfrozen_s2028,Win64,full,1,34,1.1339430252710976,1.3518876036008196,13,5047,0.0025757875965920348
CodeBERT_unfrozen_s2028,Win64,full,1,35,1.3518876036008196,1.5698321819305416,6,5047,0.0011888250445809391
CodeBERT_unfrozen_s2028,Win64,full,1,36,1.5698321819305416,1.7877767602602646,16,5047,0.0031702001188825043
CodeBERT_unfrozen_s2028,Win64,full,1,37,1.7877767602602646,2.0057213385899857,14,5047,0.0027739251040221915
CodeBERT_unfrozen_s2028,Win64,full,1,38,2.0057213385899857,2.2236659169197086,18,5047,0.0035664751337428175
CodeBERT_unfrozen_s2028,Win64,full,1,39,2.2236659169197086,2.4416104952494297,24,5047,0.0047553001783237564
CodeBERT_unfrozen_s2028,Win64,full,1,40,2.4416104952494297,2.6595550735791527,28,5047,0.0055478502080443829
CodeBERT_unfrozen_s2028,Win64,full,1,41,2.6595550735791527,2.8774996519088738,48,5047,0.0095106003566475129
CodeBERT_unfrozen_s2028,Win64,full,1,42,2.8774996519088738,3.0954442302385967,39,5047,0.0077273627897761045
CodeBERT_unfrozen_s2028,Win64,full,1,43,3.0954442302385967,3.3133888085683179,45,5047,0.0089161878343570443
CodeBERT_unfrozen_s2028,Win64,full,1,44,3.3133888085683179,3.5313333868980408,39,5047,0.0077273627897761045
CodeBERT_unfrozen_s2028,Win64,full,1,45,3.5313333868980408,3.7492779652277619,47,5047,0.0093124628492173567
CodeBERT_unfrozen_s2028,Win64,full,1,46,3.7492779652277619,3.9672225435574848,42,5047,0.008321775312066574
CodeBERT_unfrozen_s2028,Win64,full,1,47,3.9672225435574848,4.1851671218872077,48,5047,0.0095106003566475129
CodeBERT_unfrozen_s2028,Win64,full,1,48,4.1851671218872077,4.4031117002169289,56,5047,0.011095700416088766
CodeBERT_unfrozen_s2028,Win64,full,1,49,4.4031117002169289,4.6210562785466518,67,5047,0.013275212997820487
CodeBERT_unfrozen_s2028,Win64,full,1,50,4.6210562785466518,4.8390008568763729,91,5047,0.018030513176144243
CodeBERT_unfrozen_s2028,Win64,full,1,51,4.8390008568763729,5.0569454352060959,101,5047,0.020011888250445808
CodeBERT_unfrozen_s2028,Win64,full,1,52,5.0569454352060959,5.274890013535817,125,5047,0.024767188428769567
CodeBERT_unfrozen_s2028,Win64,full,1,53,5.274890013535817,5.4928345918655399,141,5047,0.02793738854765207
CodeBERT_unfrozen_s2028,Win64,full,1,54,5.4928345918655399,5.710779170195261,166,5047,0.032890826233405987
CodeBERT_unfrozen_s2028,Win64,full,1,55,5.710779170195261,5.928723748524984,191,5047,0.037844263919159897
CodeBERT_unfrozen_s2028,Win64,full,1,56,5.928723748524984,6.1466683268547051,178,5047,0.035268476322567861
CodeBERT_unfrozen_s2028,Win64,full,1,57,6.1466683268547051,6.364612905184428,172,5047,0.034079651277986921
CodeBERT_unfrozen_s2028,Win64,full,1,58,6.364612905184428,6.5825574835141492,199,5047,0.039429363978601147
CodeBERT_unfrozen_s2028,Win64,full,1,59,6.5825574835141492,6.8005020618438721,2585,5047,0.51218545670695459
CodeBERT_unfrozen_s2028,Dot_Net,full,0,0,-6.2681534290313721,-6.0503383636474606,3169,4964,0.63839645447219984
CodeBERT_unfrozen_s2028,Dot_Net,full,0,1,-6.0503383636474606,-5.83252329826355,516,4964,0.10394842868654311
CodeBERT_unfrozen_s2028,Dot_Net,full,0,2,-5.83252329826355,-5.6147082328796385,262,4964,0.052780016116035458
CodeBERT_unfrozen_s2028,Dot_Net,full,0,3,-5.6147082328796385,-5.3968931674957279,157,4964,0.03162771958098308
CodeBERT_unfrozen_s2028,Dot_Net,full,0,4,-5.3968931674957279,-5.1790781021118164,101,4964,0.020346494762288479
CodeBERT_unfrozen_s2028,Dot_Net,full,0,5,-5.1790781021118164,-4.9612630367279049,94,4964,0.018936341659951651
CodeBERT_unfrozen_s2028,Dot_Net,full,0,6,-4.9612630367279049,-4.7434479713439943,64,4964,0.012892828364222401
CodeBERT_unfrozen_s2028,Dot_Net,full,0,7,-4.7434479713439943,-4.5256329059600828,47,4964,0.0094681708299758256
CodeBERT_unfrozen_s2028,Dot_Net,full,0,8,-4.5256329059600828,-4.3078178405761722,37,4964,0.007453666398066076
CodeBERT_unfrozen_s2028,Dot_Net,full,0,9,-4.3078178405761722,-4.0900027751922607,40,4964,0.0080580177276390001
CodeBERT_unfrozen_s2028,Dot_Net,full,0,10,-4.0900027751922607,-3.8721877098083497,31,4964,0.0062449637389202254
CodeBERT_unfrozen_s2028,Dot_Net,full,0,11,-3.8721877098083497,-3.6543726444244387,29,4964,0.0058420628525382755
CodeBERT_unfrozen_s2028,Dot_Net,full,0,12,-3.6543726444244387,-3.4365575790405276,19,4964,0.0038275584206285255
CodeBERT_unfrozen_s2028,Dot_Net,full,0,13,-3.4365575790405276,-3.2187425136566161,19,4964,0.0038275584206285255
CodeBERT_unfrozen_s2028,Dot_Net,full,0,14,-3.2187425136566161,-3.0009274482727051,14,4964,0.0028203062046736503
CodeBERT_unfrozen_s2028,Dot_Net,full,0,15,-3.0009274482727051,-2.783112382888794,20,4964,0.0040290088638195
CodeBERT_unfrozen_s2028,Dot_Net,full,0,16,-2.783112382888794,-2.565297317504883,14,4964,0.0028203062046736503
CodeBERT_unfrozen_s2028,Dot_Net,full,0,17,-2.565297317504883,-2.3474822521209719,8,4964,0.0016116035455278001
CodeBERT_unfrozen_s2028,Dot_Net,full,0,18,-2.3474822521209719,-2.1296671867370609,6,4964,0.0012087026591458502
CodeBERT_unfrozen_s2028,Dot_Net,full,0,19,-2.1296671867370609,-1.9118521213531494,8,4964,0.0016116035455278001
CodeBERT_unfrozen_s2028,Dot_Net,full,0,20,-1.9118521213531494,-1.6940370559692388,6,4964,0.0012087026591458502
CodeBERT_unfrozen_s2028,Dot_Net,full,0,21,-1.6940370559692388,-1.4762219905853273,12,4964,0.0024174053182917004
CodeBERT_unfrozen_s2028,Dot_Net,full,0,22,-1.4762219905853273,-1.2584069252014158,7,4964,0.0014101531023368251
CodeBERT_unfrozen_s2028,Dot_Net,full,0,23,-1.2584069252014158,-1.0405918598175052,3,4964,0.00060435132957292509
CodeBERT_unfrozen_s2028,Dot_Net,full,0,24,-1.0405918598175052,-0.82277679443359375,6,4964,0.0012087026591458502
CodeBERT_unfrozen_s2028,Dot_Net,full,0,25,-0.82277679443359375,-0.60496172904968315,5,4964,0.001007252215954875
CodeBERT_unfrozen_s2028,Dot_Net,full,0,26,-0.60496172904968315,-0.38714666366577166,6,4964,0.0012087026591458502
CodeBERT_unfrozen_s2028,Dot_Net,full,0,27,-0.38714666366577166,-0.16933159828186017,3,4964,0.00060435132957292509
CodeBERT_unfrozen_s2028,Dot_Net,full,0,28,-0.16933159828186017,0.048483467102050426,2,4964,0.00040290088638195002
CodeBERT_unfrozen_s2028,Dot_Net,full,0,29,0.048483467102050426,0.26629853248596191,4,4964,0.00080580177276390005
CodeBERT_unfrozen_s2028,Dot_Net,full,0,30,0.26629853248596191,0.48411359786987251,3,4964,0.00060435132957292509
CodeBERT_unfrozen_s2028,Dot_Net,full,0,31,0.48411359786987251,0.701928663253784,1,4964,0.00020145044319097501
CodeBERT_unfrozen_s2028,Dot_Net,full,0,32,0.701928663253784,0.91974372863769549,3,4964,0.00060435132957292509
CodeBERT_unfrozen_s2028,Dot_Net,full,0,33,0.91974372863769549,1.1375587940216061,1,4964,0.00020145044319097501
CodeBERT_unfrozen_s2028,Dot_Net,full,0,34,1.1375587940216061,1.3553738594055176,3,4964,0.00060435132957292509
CodeBERT_unfrozen_s2028,Dot_Net,full,0,35,1.3553738594055176,1.5731889247894282,5,4964,0.001007252215954875
CodeBERT_unfrozen_s2028,Dot_Net,full,0,36,1.5731889247894282,1.7910039901733388,3,4964,0.00060435132957292509
CodeBERT_unfrozen_s2028,Dot_Net,full,0,37,1.7910039901733388,2.0088190555572503,11,4964,0.0022159548751007254
CodeBERT_unfrozen_s2028,Dot_Net,full,0,38,2.0088190555572503,2.2266341209411618,8,4964,0.0016116035455278001
CodeBERT_unfrozen_s2028,Dot_Net,full,0,39,2.2266341209411618,2.4444491863250732,16,4964,0.0032232070910556002
CodeBERT_unfrozen_s2028,Dot_Net,full,0,40,2.4444491863250732,2.6622642517089847,35,4964,0.0070507655116841261
CodeBERT_unfrozen_s2028,Dot_Net,full,0,41,2.6622642517089847,2.8800793170928944,23,4964,0.0046333601933924258
CodeBERT_unfrozen_s2028,Dot_Net,full,0,42,2.8800793170928944,3.0978943824768059,9,4964,0.0018130539887187753
CodeBERT_unfrozen_s2028,Dot_Net,full,0,43,3.0978943824768059,3.3157094478607174,7,4964,0.0014101531023368251
CodeBERT_unfrozen_s2028,Dot_Net,full,0,44,3.3157094478607174,3.5335245132446289,8,4964,0.0016116035455278001
CodeBERT_unfrozen_s2028,Dot_Net,full,0,45,3.5335245132446289,3.7513395786285404,13,4964,0.0026188557614826753
CodeBERT_unfrozen_s2028,Dot_Net,full,0,46,3.7513395786285404,3.9691546440124501,9,4964,0.0018130539887187753
CodeBERT_unfrozen_s2028,Dot_Net,full,0,47,3.9691546440124501,4.1869697093963616,10,4964,0.00201450443190975
CodeBERT_unfrozen_s2028,Dot_Net,full,0,48,4.1869697093963616,4.4047847747802731,8,4964,0.0016116035455278001
CodeBERT_unfrozen_s2028,Dot_Net,full,0,49,4.4047847747802731,4.6225998401641846,5,4964,0.001007252215954875
CodeBERT_unfrozen_s2028,Dot_Net,full,0,50,4.6225998401641846,4.8404149055480961,9,4964,0.0018130539887187753
CodeBERT_unfrozen_s2028,Dot_Net,full,0,51,4.8404149055480961,5.0582299709320058,10,4964,0.00201450443190975
CodeBERT_unfrozen_s2028,Dot_Net,full,0,52,5.0582299709320058,5.2760450363159173,6,4964,0.0012087026591458502
CodeBERT_unfrozen_s2028,Dot_Net,full,0,53,5.2760450363159173,5.4938601016998287,4,4964,0.00080580177276390005
CodeBERT_unfrozen_s2028,Dot_Net,full,0,54,5.4938601016998287,5.7116751670837402,9,4964,0.0018130539887187753
CodeBERT_unfrozen_s2028,Dot_Net,full,0,55,5.7116751670837402,5.9294902324676517,4,4964,0.00080580177276390005
CodeBERT_unfrozen_s2028,Dot_Net,full,0,56,5.9294902324676517,6.1473052978515614,4,4964,0.00080580177276390005
CodeBERT_unfrozen_s2028,Dot_Net,full,0,57,6.1473052978515614,6.3651203632354729,6,4964,0.0012087026591458502
CodeBERT_unfrozen_s2028,Dot_Net,full,0,58,6.3651203632354729,6.5829354286193844,5,4964,0.001007252215954875
CodeBERT_unfrozen_s2028,Dot_Net,full,0,59,6.5829354286193844,6.8007504940032959,17,4964,0.0034246575342465752
CodeBERT_unfrozen_s2028,Dot_Net,full,1,0,-6.2681534290313721,-6.0503383636474606,11,5036,0.0021842732327243845
CodeBERT_unfrozen_s2028,Dot_Net,full,1,1,-6.0503383636474606,-5.83252329826355,7,5036,0.0013899920571882446
CodeBERT_unfrozen_s2028,Dot_Net,full,1,2,-5.83252329826355,-5.6147082328796385,12,5036,0.0023828435266084196
CodeBERT_unfrozen_s2028,Dot_Net,full,1,3,-5.6147082328796385,-5.3968931674957279,14,5036,0.0027799841143764893
CodeBERT_unfrozen_s2028,Dot_Net,full,1,4,-5.3968931674957279,-5.1790781021118164,13,5036,0.0025814138204924542
CodeBERT_unfrozen_s2028,Dot_Net,full,1,5,-5.1790781021118164,-4.9612630367279049,10,5036,0.0019857029388403494
CodeBERT_unfrozen_s2028,Dot_Net,full,1,6,-4.9612630367279049,-4.7434479713439943,13,5036,0.0025814138204924542
CodeBERT_unfrozen_s2028,Dot_Net,full,1,7,-4.7434479713439943,-4.5256329059600828,17,5036,0.0033756949960285941
CodeBERT_unfrozen_s2028,Dot_Net,full,1,8,-4.5256329059600828,-4.3078178405761722,7,5036,0.0013899920571882446
CodeBERT_unfrozen_s2028,Dot_Net,full,1,9,-4.3078178405761722,-4.0900027751922607,17,5036,0.0033756949960285941
CodeBERT_unfrozen_s2028,Dot_Net,full,1,10,-4.0900027751922607,-3.8721877098083497,5,5036,0.00099285146942017471
CodeBERT_unfrozen_s2028,Dot_Net,full,1,11,-3.8721877098083497,-3.6543726444244387,9,5036,0.0017871326449563146
CodeBERT_unfrozen_s2028,Dot_Net,full,1,12,-3.6543726444244387,-3.4365575790405276,12,5036,0.0023828435266084196
CodeBERT_unfrozen_s2028,Dot_Net,full,1,13,-3.4365575790405276,-3.2187425136566161,16,5036,0.003177124702144559
CodeBERT_unfrozen_s2028,Dot_Net,full,1,14,-3.2187425136566161,-3.0009274482727051,12,5036,0.0023828435266084196
CodeBERT_unfrozen_s2028,Dot_Net,full,1,15,-3.0009274482727051,-2.783112382888794,12,5036,0.0023828435266084196
CodeBERT_unfrozen_s2028,Dot_Net,full,1,16,-2.783112382888794,-2.565297317504883,15,5036,0.0029785544082605244
CodeBERT_unfrozen_s2028,Dot_Net,full,1,17,-2.565297317504883,-2.3474822521209719,8,5036,0.0015885623510722795
CodeBERT_unfrozen_s2028,Dot_Net,full,1,18,-2.3474822521209719,-2.1296671867370609,14,5036,0.0027799841143764893
CodeBERT_unfrozen_s2028,Dot_Net,full,1,19,-2.1296671867370609,-1.9118521213531494,7,5036,0.0013899920571882446
CodeBERT_unfrozen_s2028,Dot_Net,full,1,20,-1.9118521213531494,-1.6940370559692388,11,5036,0.0021842732327243845
CodeBERT_unfrozen_s2028,Dot_Net,full,1,21,-1.6940370559692388,-1.4762219905853273,8,5036,0.0015885623510722795
CodeBERT_unfrozen_s2028,Dot_Net,full,1,22,-1.4762219905853273,-1.2584069252014158,9,5036,0.0017871326449563146
CodeBERT_unfrozen_s2028,Dot_Net,full,1,23,-1.2584069252014158,-1.0405918598175052,1,5036,0.00019857029388403494
CodeBERT_unfrozen_s2028,Dot_Net,full,1,24,-1.0405918598175052,-0.82277679443359375,2,5036,0.00039714058776806987
CodeBERT_unfrozen_s2028,Dot_Net,full,1,25,-0.82277679443359375,-0.60496172904968315,5,5036,0.00099285146942017471
CodeBERT_unfrozen_s2028,Dot_Net,full,1,26,-0.60496172904968315,-0.38714666366577166,1,5036,0.00019857029388403494
CodeBERT_unfrozen_s2028,Dot_Net,full,1,27,-0.38714666366577166,-0.16933159828186017,3,5036,0.00059571088165210489
CodeBERT_unfrozen_s2028,Dot_Net,full,1,28,-0.16933159828186017,0.048483467102050426,1,5036,0.00019857029388403494
CodeBERT_unfrozen_s2028,Dot_Net,full,1,29,0.048483467102050426,0.26629853248596191,1,5036,0.00019857029388403494
CodeBERT_unfrozen_s2028,Dot_Net,full,1,30,0.26629853248596191,0.48411359786987251,3,5036,0.00059571088165210489
CodeBERT_unfrozen_s2028,Dot_Net,full,1,31,0.48411359786987251,0.701928663253784,3,5036,0.00059571088165210489
CodeBERT_unfrozen_s2028,Dot_Net,full,1,32,0.701928663253784,0.91974372863769549,3,5036,0.00059571088165210489
CodeBERT_unfrozen_s2028,Dot_Net,full,1,33,0.91974372863769549,1.1375587940216061,3,5036,0.00059571088165210489
CodeBERT_unfrozen_s2028,Dot_Net,full,1,34,1.1375587940216061,1.3553738594055176,4,5036,0.00079428117553613975
CodeBERT_unfrozen_s2028,Dot_Net,full,1,35,1.3553738594055176,1.5731889247894282,9,5036,0.0017871326449563146
CodeBERT_unfrozen_s2028,Dot_Net,full,1,36,1.5731889247894282,1.7910039901733388,10,5036,0.0019857029388403494
CodeBERT_unfrozen_s2028,Dot_Net,full,1,37,1.7910039901733388,2.0088190555572503,27,5036,0.0053613979348689439
CodeBERT_unfrozen_s2028,Dot_Net,full,1,38,2.0088190555572503,2.2266341209411618,29,5036,0.0057585385226370132
CodeBERT_unfrozen_s2028,Dot_Net,full,1,39,2.2266341209411618,2.4444491863250732,53,5036,0.010524225575853852
CodeBERT_unfrozen_s2028,Dot_Net,full,1,40,2.4444491863250732,2.6622642517089847,59,5036,0.011715647339158062
CodeBERT_unfrozen_s2028,Dot_Net,full,1,41,2.6622642517089847,2.8800793170928944,67,5036,0.013304209690230341
CodeBERT_unfrozen_s2028,Dot_Net,full,1,42,2.8800793170928944,3.0978943824768059,60,5036,0.011914217633042097
CodeBERT_unfrozen_s2028,Dot_Net,full,1,43,3.0978943824768059,3.3157094478607174,70,5036,0.013899920571882446
CodeBERT_unfrozen_s2028,Dot_Net,full,1,44,3.3157094478607174,3.5335245132446289,40,5036,0.0079428117553613977
CodeBERT_unfrozen_s2028,Dot_Net,full,1,45,3.5335245132446289,3.7513395786285404,60,5036,0.011914217633042097
CodeBERT_unfrozen_s2028,Dot_Net,full,1,46,3.7513395786285404,3.9691546440124501,73,5036,0.014495631453534552
CodeBERT_unfrozen_s2028,Dot_Net,full,1,47,3.9691546440124501,4.1869697093963616,62,5036,0.012311358220810167
CodeBERT_unfrozen_s2028,Dot_Net,full,1,48,4.1869697093963616,4.4047847747802731,61,5036,0.012112787926926131
CodeBERT_unfrozen_s2028,Dot_Net,full,1,49,4.4047847747802731,4.6225998401641846,78,5036,0.015488482922954726
CodeBERT_unfrozen_s2028,Dot_Net,full,1,50,4.6225998401641846,4.8404149055480961,92,5036,0.018268467037331215
CodeBERT_unfrozen_s2028,Dot_Net,full,1,51,4.8404149055480961,5.0582299709320058,99,5036,0.019658459094519461
CodeBERT_unfrozen_s2028,Dot_Net,full,1,52,5.0582299709320058,5.2760450363159173,111,5036,0.02204130262112788
CodeBERT_unfrozen_s2028,Dot_Net,full,1,53,5.2760450363159173,5.4938601016998287,119,5036,0.023629864972200158
CodeBERT_unfrozen_s2028,Dot_Net,full,1,54,5.4938601016998287,5.7116751670837402,134,5036,0.026608419380460682
CodeBERT_unfrozen_s2028,Dot_Net,full,1,55,5.7116751670837402,5.9294902324676517,114,5036,0.022637013502779985
CodeBERT_unfrozen_s2028,Dot_Net,full,1,56,5.9294902324676517,6.1473052978515614,104,5036,0.020651310563939634
CodeBERT_unfrozen_s2028,Dot_Net,full,1,57,6.1473052978515614,6.3651203632354729,135,5036,0.026806989674344719
CodeBERT_unfrozen_s2028,Dot_Net,full,1,58,6.3651203632354729,6.5829354286193844,258,5036,0.051231135822081018
CodeBERT_unfrozen_s2028,Dot_Net,full,1,59,6.5829354286193844,6.8007504940032959,2823,5036,0.56056393963463069
CodeBERT_unfrozen_s2028,Win32,boundary,0,0,5.1995278072357189,5.2428268431425105,1,5018,0.00019928258270227183
CodeBERT_unfrozen_s2028,Win32,boundary,0,1,5.2428268431425105,5.286125879049302,0,5018,0
CodeBERT_unfrozen_s2028,Win32,boundary,0,2,5.286125879049302,5.3294249149560935,3,5018,0.00059784774810681541
CodeBERT_unfrozen_s2028,Win32,boundary,0,3,5.3294249149560935,5.3727239508628859,2,5018,0.00039856516540454366
CodeBERT_unfrozen_s2028,Win32,boundary,0,4,5.3727239508628859,5.4160229867696774,1,5018,0.00019928258270227183
CodeBERT_unfrozen_s2028,Win32,boundary,0,5,5.4160229867696774,5.4593220226764689,4,5018,0.00079713033080908732
CodeBERT_unfrozen_s2028,Win32,boundary,0,6,5.4593220226764689,5.5026210585832604,3,5018,0.00059784774810681541
CodeBERT_unfrozen_s2028,Win32,boundary,0,7,5.5026210585832604,5.545920094490052,1,5018,0.00019928258270227183
CodeBERT_unfrozen_s2028,Win32,boundary,0,8,5.545920094490052,5.5892191303968435,1,5018,0.00019928258270227183
CodeBERT_unfrozen_s2028,Win32,boundary,0,9,5.5892191303968435,5.632518166303635,1,5018,0.00019928258270227183
CodeBERT_unfrozen_s2028,Win32,boundary,0,10,5.632518166303635,5.6758172022104274,2,5018,0.00039856516540454366
CodeBERT_unfrozen_s2028,Win32,boundary,0,11,5.6758172022104274,5.7191162381172189,3,5018,0.00059784774810681541
CodeBERT_unfrozen_s2028,Win32,boundary,0,12,5.7191162381172189,5.7624152740240104,0,5018,0
CodeBERT_unfrozen_s2028,Win32,boundary,0,13,5.7624152740240104,5.805714309930802,0,5018,0
CodeBERT_unfrozen_s2028,Win32,boundary,0,14,5.805714309930802,5.8490133458375935,0,5018,0
CodeBERT_unfrozen_s2028,Win32,boundary,0,15,5.8490133458375935,5.892312381744385,1,5018,0.00019928258270227183
CodeBERT_unfrozen_s2028,Win32,boundary,0,16,5.892312381744385,5.9356114176511774,2,5018,0.00039856516540454366
CodeBERT_unfrozen_s2028,Win32,boundary,0,17,5.9356114176511774,5.9789104535579689,4,5018,0.00079713033080908732
CodeBERT_unfrozen_s2028,Win32,boundary,0,18,5.9789104535579689,6.0222094894647604,0,5018,0
CodeBERT_unfrozen_s2028,Win32,boundary,0,19,6.0222094894647604,6.0655085253715519,0,5018,0
CodeBERT_unfrozen_s2028,Win32,boundary,0,20,6.0655085253715519,6.1088075612783435,2,5018,0.00039856516540454366
CodeBERT_unfrozen_s2028,Win32,boundary,0,21,6.1088075612783435,6.152106597185135,1,5018,0.00019928258270227183
CodeBERT_unfrozen_s2028,Win32,boundary,0,22,6.152106597185135,6.1954056330919265,0,5018,0
CodeBERT_unfrozen_s2028,Win32,boundary,0,23,6.1954056330919265,6.238704668998718,0,5018,0
CodeBERT_unfrozen_s2028,Win32,boundary,0,24,6.238704668998718,6.2820037049055104,1,5018,0.00019928258270227183
CodeBERT_unfrozen_s2028,Win32,boundary,0,25,6.2820037049055104,6.3253027408123019,4,5018,0.00079713033080908732
CodeBERT_unfrozen_s2028,Win32,boundary,0,26,6.3253027408123019,6.3686017767190934,0,5018,0
CodeBERT_unfrozen_s2028,Win32,boundary,0,27,6.3686017767190934,6.411900812625885,0,5018,0
CodeBERT_unfrozen_s2028,Win32,boundary,0,28,6.411900812625885,6.4551998485326765,0,5018,0
CodeBERT_unfrozen_s2028,Win32,boundary,0,29,6.4551998485326765,6.4984988844394689,0,5018,0
CodeBERT_unfrozen_s2028,Win32,boundary,0,30,6.4984988844394689,6.5417979203462604,0,5018,0
CodeBERT_unfrozen_s2028,Win32,boundary,0,31,6.5417979203462604,6.5850969562530519,0,5018,0
CodeBERT_unfrozen_s2028,Win32,boundary,0,32,6.5850969562530519,6.6283959921598434,6,5018,0.0011956954962136308
CodeBERT_unfrozen_s2028,Win32,boundary,0,33,6.6283959921598434,6.6716950280666349,4,5018,0.00079713033080908732
CodeBERT_unfrozen_s2028,Win32,boundary,0,34,6.6716950280666349,6.7149940639734265,1,5018,0.00019928258270227183
CodeBERT_unfrozen_s2028,Win32,boundary,0,35,6.7149940639734265,6.758293099880218,3,5018,0.00059784774810681541
CodeBERT_unfrozen_s2028,Win32,boundary,0,36,6.758293099880218,6.8015921357870095,3,5018,0.00059784774810681541
CodeBERT_unfrozen_s2028,Win32,boundary,0,37,6.8015921357870095,6.8448911716938019,0,5018,0
CodeBERT_unfrozen_s2028,Win32,boundary,0,38,6.8448911716938019,6.8881902076005934,0,5018,0
CodeBERT_unfrozen_s2028,Win32,boundary,0,39,6.8881902076005934,6.9314892435073849,0,5018,0
CodeBERT_unfrozen_s2028,Win32,boundary,1,0,5.1995278072357189,5.2428268431425105,14,4982,0.0028101164191087916
CodeBERT_unfrozen_s2028,Win32,boundary,1,1,5.2428268431425105,5.286125879049302,10,4982,0.0020072260136491369
CodeBERT_unfrozen_s2028,Win32,boundary,1,2,5.286125879049302,5.3294249149560935,19,4982,0.0038137294259333603
CodeBERT_unfrozen_s2028,Win32,boundary,1,3,5.3294249149560935,5.3727239508628859,6,4982,0.0012043356081894822
CodeBERT_unfrozen_s2028,Win32,boundary,1,4,5.3727239508628859,5.4160229867696774,22,4982,0.004415897230028101
CodeBERT_unfrozen_s2028,Win32,boundary,1,5,5.4160229867696774,5.4593220226764689,20,4982,0.0040144520272982738
CodeBERT_unfrozen_s2028,Win32,boundary,1,6,5.4593220226764689,5.5026210585832604,20,4982,0.0040144520272982738
CodeBERT_unfrozen_s2028,Win32,boundary,1,7,5.5026210585832604,5.545920094490052,15,4982,0.0030108390204737052
CodeBERT_unfrozen_s2028,Win32,boundary,1,8,5.545920094490052,5.5892191303968435,16,4982,0.0032115616218386192
CodeBERT_unfrozen_s2028,Win32,boundary,1,9,5.5892191303968435,5.632518166303635,22,4982,0.004415897230028101
CodeBERT_unfrozen_s2028,Win32,boundary,1,10,5.632518166303635,5.6758172022104274,15,4982,0.0030108390204737052
CodeBERT_unfrozen_s2028,Win32,boundary,1,11,5.6758172022104274,5.7191162381172189,17,4982,0.0034122842232035327
CodeBERT_unfrozen_s2028,Win32,boundary,1,12,5.7191162381172189,5.7624152740240104,20,4982,0.0040144520272982738
CodeBERT_unfrozen_s2028,Win32,boundary,1,13,5.7624152740240104,5.805714309930802,19,4982,0.0038137294259333603
CodeBERT_unfrozen_s2028,Win32,boundary,1,14,5.805714309930802,5.8490133458375935,17,4982,0.0034122842232035327
CodeBERT_unfrozen_s2028,Win32,boundary,1,15,5.8490133458375935,5.892312381744385,20,4982,0.0040144520272982738
CodeBERT_unfrozen_s2028,Win32,boundary,1,16,5.892312381744385,5.9356114176511774,9,4982,0.0018065034122842231
CodeBERT_unfrozen_s2028,Win32,boundary,1,17,5.9356114176511774,5.9789104535579689,19,4982,0.0038137294259333603
CodeBERT_unfrozen_s2028,Win32,boundary,1,18,5.9789104535579689,6.0222094894647604,9,4982,0.0018065034122842231
CodeBERT_unfrozen_s2028,Win32,boundary,1,19,6.0222094894647604,6.0655085253715519,27,4982,0.0054195102368526692
CodeBERT_unfrozen_s2028,Win32,boundary,1,20,6.0655085253715519,6.1088075612783435,18,4982,0.0036130068245684463
CodeBERT_unfrozen_s2028,Win32,boundary,1,21,6.1088075612783435,6.152106597185135,19,4982,0.0038137294259333603
CodeBERT_unfrozen_s2028,Win32,boundary,1,22,6.152106597185135,6.1954056330919265,24,4982,0.0048173424327579289
CodeBERT_unfrozen_s2028,Win32,boundary,1,23,6.1954056330919265,6.238704668998718,20,4982,0.0040144520272982738
CodeBERT_unfrozen_s2028,Win32,boundary,1,24,6.238704668998718,6.2820037049055104,20,4982,0.0040144520272982738
CodeBERT_unfrozen_s2028,Win32,boundary,1,25,6.2820037049055104,6.3253027408123019,26,4982,0.0052187876354877561
CodeBERT_unfrozen_s2028,Win32,boundary,1,26,6.3253027408123019,6.3686017767190934,31,4982,0.0062224006423123243
CodeBERT_unfrozen_s2028,Win32,boundary,1,27,6.3686017767190934,6.411900812625885,28,4982,0.0056202328382175832
CodeBERT_unfrozen_s2028,Win32,boundary,1,28,6.411900812625885,6.4551998485326765,32,4982,0.0064231232436772383
CodeBERT_unfrozen_s2028,Win32,boundary,1,29,6.4551998485326765,6.4984988844394689,26,4982,0.0052187876354877561
CodeBERT_unfrozen_s2028,Win32,boundary,1,30,6.4984988844394689,6.5417979203462604,38,4982,0.0076274588518667205
CodeBERT_unfrozen_s2028,Win32,boundary,1,31,6.5417979203462604,6.5850969562530519,54,4982,0.010839020473705338
CodeBERT_unfrozen_s2028,Win32,boundary,1,32,6.5850969562530519,6.6283959921598434,60,4982,0.012043356081894821
CodeBERT_unfrozen_s2028,Win32,boundary,1,33,6.6283959921598434,6.6716950280666349,90,4982,0.018065034122842234
CodeBERT_unfrozen_s2028,Win32,boundary,1,34,6.6716950280666349,6.7149940639734265,152,4982,0.030509835407466882
CodeBERT_unfrozen_s2028,Win32,boundary,1,35,6.7149940639734265,6.758293099880218,298,4982,0.059815335206744279
CodeBERT_unfrozen_s2028,Win32,boundary,1,36,6.758293099880218,6.8015921357870095,2364,4982,0.47450822962665595
CodeBERT_unfrozen_s2028,Win32,boundary,1,37,6.8015921357870095,6.8448911716938019,0,4982,0
CodeBERT_unfrozen_s2028,Win32,boundary,1,38,6.8448911716938019,6.8881902076005934,0,4982,0
CodeBERT_unfrozen_s2028,Win32,boundary,1,39,6.8881902076005934,6.9314892435073849,0,4982,0
CodeBERT_unfrozen_s2028,Win64,boundary,0,0,5.2000801883697516,5.2433550609970103,0,4953,0
CodeBERT_unfrozen_s2028,Win64,boundary,0,1,5.2433550609970103,5.2866299336242681,1,4953,0.00020189783969311529
CodeBERT_unfrozen_s2028,Win64,boundary,0,2,5.2866299336242681,5.3299048062515268,1,4953,0.00020189783969311529
CodeBERT_unfrozen_s2028,Win64,boundary,0,3,5.3299048062515268,5.3731796788787847,4,4953,0.00080759135877246115
CodeBERT_unfrozen_s2028,Win64,boundary,0,4,5.3731796788787847,5.4164545515060434,2,4953,0.00040379567938623057
CodeBERT_unfrozen_s2028,Win64,boundary,0,5,5.4164545515060434,5.4597294241333012,1,4953,0.00020189783969311529
CodeBERT_unfrozen_s2028,Win64,boundary,0,6,5.4597294241333012,5.5030042967605599,4,4953,0.00080759135877246115
CodeBERT_unfrozen_s2028,Win64,boundary,0,7,5.5030042967605599,5.5462791693878177,2,4953,0.00040379567938623057
CodeBERT_unfrozen_s2028,Win64,boundary,0,8,5.5462791693878177,5.5895540420150764,2,4953,0.00040379567938623057
CodeBERT_unfrozen_s2028,Win64,boundary,0,9,5.5895540420150764,5.6328289146423343,0,4953,0
CodeBERT_unfrozen_s2028,Win64,boundary,0,10,5.6328289146423343,5.676103787269593,3,4953,0.00060569351907934583
CodeBERT_unfrozen_s2028,Win64,boundary,0,11,5.676103787269593,5.7193786598968508,0,4953,0
CodeBERT_unfrozen_s2028,Win64,boundary,0,12,5.7193786598968508,5.7626535325241095,0,4953,0
CodeBERT_unfrozen_s2028,Win64,boundary,0,13,5.7626535325241095,5.8059284051513673,1,4953,0.00020189783969311529
CodeBERT_unfrozen_s2028,Win64,boundary,0,14,5.8059284051513673,5.849203277778626,3,4953,0.00060569351907934583
CodeBERT_unfrozen_s2028,Win64,boundary,0,15,5.849203277778626,5.8924781504058839,1,4953,0.00020189783969311529
CodeBERT_unfrozen_s2028,Win64,boundary,0,16,5.8924781504058839,5.9357530230331426,2,4953,0.00040379567938623057
CodeBERT_unfrozen_s2028,Win64,boundary,0,17,5.9357530230331426,5.9790278956604004,1,4953,0.00020189783969311529
CodeBERT_unfrozen_s2028,Win64,boundary,0,18,5.9790278956604004,6.0223027682876591,1,4953,0.00020189783969311529
CodeBERT_unfrozen_s2028,Win64,boundary,0,19,6.0223027682876591,6.0655776409149169,1,4953,0.00020189783969311529
CodeBERT_unfrozen_s2028,Win64,boundary,0,20,6.0655776409149169,6.1088525135421756,1,4953,0.00020189783969311529
CodeBERT_unfrozen_s2028,Win64,boundary,0,21,6.1088525135421756,6.1521273861694343,4,4953,0.00080759135877246115
CodeBERT_unfrozen_s2028,Win64,boundary,0,22,6.1521273861694343,6.1954022587966922,0,4953,0
CodeBERT_unfrozen_s2028,Win64,boundary,0,23,6.1954022587966922,6.23867713142395,0,4953,0
CodeBERT_unfrozen_s2028,Win64,boundary,0,24,6.23867713142395,6.2819520040512087,0,4953,0
CodeBERT_unfrozen_s2028,Win64,boundary,0,25,6.2819520040512087,6.3252268766784674,1,4953,0.00020189783969311529
CodeBERT_unfrozen_s2028,Win64,boundary,0,26,6.3252268766784674,6.3685017493057252,4,4953,0.00080759135877246115
CodeBERT_unfrozen_s2028,Win64,boundary,0,27,6.3685017493057252,6.4117766219329839,0,4953,0
CodeBERT_unfrozen_s2028,Win64,boundary,0,28,6.4117766219329839,6.4550514945602417,0,4953,0
CodeBERT_unfrozen_s2028,Win64,boundary,0,29,6.4550514945602417,6.4983263671875005,1,4953,0.00020189783969311529
CodeBERT_unfrozen_s2028,Win64,boundary,0,30,6.4983263671875005,6.5416012398147583,1,4953,0.00020189783969311529
CodeBERT_unfrozen_s2028,Win64,boundary,0,31,6.5416012398147583,6.584876112442017,2,4953,0.00040379567938623057
CodeBERT_unfrozen_s2028,Win64,boundary,0,32,6.584876112442017,6.6281509850692748,3,4953,0.00060569351907934583
CodeBERT_unfrozen_s2028,Win64,boundary,0,33,6.6281509850692748,6.6714258576965335,4,4953,0.00080759135877246115
CodeBERT_unfrozen_s2028,Win64,boundary,0,34,6.6714258576965335,6.7147007303237913,2,4953,0.00040379567938623057
CodeBERT_unfrozen_s2028,Win64,boundary,0,35,6.7147007303237913,6.75797560295105,1,4953,0.00020189783969311529
CodeBERT_unfrozen_s2028,Win64,boundary,0,36,6.75797560295105,6.8012504755783079,11,4953,0.002220876236624268
CodeBERT_unfrozen_s2028,Win64,boundary,0,37,6.8012504755783079,6.8445253482055666,0,4953,0
CodeBERT_unfrozen_s2028,Win64,boundary,0,38,6.8445253482055666,6.8878002208328244,0,4953,0
CodeBERT_unfrozen_s2028,Win64,boundary,0,39,6.8878002208328244,6.9310750934600831,0,4953,0
CodeBERT_unfrozen_s2028,Win64,boundary,1,0,5.2000801883697516,5.2433550609970103,30,5047,0.0059441252229046962
CodeBERT_unfrozen_s2028,Win64,boundary,1,1,5.2433550609970103,5.2866299336242681,26,5047,0.0051515751931840697
CodeBERT_unfrozen_s2028,Win64,boundary,1,2,5.2866299336242681,5.3299048062515268,32,5047,0.0063404002377650086
CodeBERT_unfrozen_s2028,Win64,boundary,1,3,5.3299048062515268,5.3731796788787847,26,5047,0.0051515751931840697
CodeBERT_unfrozen_s2028,Win64,boundary,1,4,5.3731796788787847,5.4164545515060434,33,5047,0.0065385377451951656
CodeBERT_unfrozen_s2028,Win64,boundary,1,5,5.4164545515060434,5.4597294241333012,25,5047,0.0049534376857539135
CodeBERT_unfrozen_s2028,Win64,boundary,1,6,5.4597294241333012,5.5030042967605599,25,5047,0.0049534376857539135
CodeBERT_unfrozen_s2028,Win64,boundary,1,7,5.5030042967605599,5.5462791693878177,23,5047,0.0045571626708936002
CodeBERT_unfrozen_s2028,Win64,boundary,1,8,5.5462791693878177,5.5895540420150764,36,5047,0.0071329502674856351
CodeBERT_unfrozen_s2028,Win64,boundary,1,9,5.5895540420150764,5.6328289146423343,36,5047,0.0071329502674856351
CodeBERT_unfrozen_s2028,Win64,boundary,1,10,5.6328289146423343,5.676103787269593,36,5047,0.0071329502674856351
CodeBERT_unfrozen_s2028,Win64,boundary,1,11,5.676103787269593,5.7193786598968508,33,5047,0.0065385377451951656
CodeBERT_unfrozen_s2028,Win64,boundary,1,12,5.7193786598968508,5.7626535325241095,38,5047,0.0075292252823459483
CodeBERT_unfrozen_s2028,Win64,boundary,1,13,5.7626535325241095,5.8059284051513673,31,5047,0.0061422627303348524
CodeBERT_unfrozen_s2028,Win64,boundary,1,14,5.8059284051513673,5.849203277778626,36,5047,0.0071329502674856351
CodeBERT_unfrozen_s2028,Win64,boundary,1,15,5.849203277778626,5.8924781504058839,38,5047,0.0075292252823459483
CodeBERT_unfrozen_s2028,Win64,boundary,1,16,5.8924781504058839,5.9357530230331426,48,5047,0.0095106003566475129
CodeBERT_unfrozen_s2028,Win64,boundary,1,17,5.9357530230331426,5.9790278956604004,45,5047,0.0089161878343570443
CodeBERT_unfrozen_s2028,Win64,boundary,1,18,5.9790278956604004,6.0223027682876591,26,5047,0.0051515751931840697
CodeBERT_unfrozen_s2028,Win64,boundary,1,19,6.0223027682876591,6.0655776409149169,32,5047,0.0063404002377650086
CodeBERT_unfrozen_s2028,Win64,boundary,1,20,6.0655776409149169,6.1088525135421756,39,5047,0.0077273627897761045
CodeBERT_unfrozen_s2028,Win64,boundary,1,21,6.1088525135421756,6.1521273861694343,33,5047,0.0065385377451951656
CodeBERT_unfrozen_s2028,Win64,boundary,1,22,6.1521273861694343,6.1954022587966922,28,5047,0.0055478502080443829
CodeBERT_unfrozen_s2028,Win64,boundary,1,23,6.1954022587966922,6.23867713142395,45,5047,0.0089161878343570443
CodeBERT_unfrozen_s2028,Win64,boundary,1,24,6.23867713142395,6.2819520040512087,39,5047,0.0077273627897761045
CodeBERT_unfrozen_s2028,Win64,boundary,1,25,6.2819520040512087,6.3252268766784674,28,5047,0.0055478502080443829
CodeBERT_unfrozen_s2028,Win64,boundary,1,26,6.3252268766784674,6.3685017493057252,31,5047,0.0061422627303348524
CodeBERT_unfrozen_s2028,Win64,boundary,1,27,6.3685017493057252,6.4117766219329839,29,5047,0.0057459877154745391
CodeBERT_unfrozen_s2028,Win64,boundary,1,28,6.4117766219329839,6.4550514945602417,44,5047,0.0087180503269268881
CodeBERT_unfrozen_s2028,Win64,boundary,1,29,6.4550514945602417,6.4983263671875005,35,5047,0.0069348127600554789
CodeBERT_unfrozen_s2028,Win64,boundary,1,30,6.4983263671875005,6.5416012398147583,40,5047,0.0079255002972062616
CodeBERT_unfrozen_s2028,Win64,boundary,1,31,6.5416012398147583,6.584876112442017,51,5047,0.010105012878937983
CodeBERT_unfrozen_s2028,Win64,boundary,1,32,6.584876112442017,6.6281509850692748,69,5047,0.0136714880126808
CodeBERT_unfrozen_s2028,Win64,boundary,1,33,6.6281509850692748,6.6714258576965335,99,5047,0.019615613235585496
CodeBERT_unfrozen_s2028,Win64,boundary,1,34,6.6714258576965335,6.7147007303237913,144,5047,0.02853180106994254
CodeBERT_unfrozen_s2028,Win64,boundary,1,35,6.7147007303237913,6.75797560295105,232,5047,0.045967901723796313
CodeBERT_unfrozen_s2028,Win64,boundary,1,36,6.75797560295105,6.8012504755783079,2039,5047,0.40400237765008917
CodeBERT_unfrozen_s2028,Win64,boundary,1,37,6.8012504755783079,6.8445253482055666,0,5047,0
CodeBERT_unfrozen_s2028,Win64,boundary,1,38,6.8445253482055666,6.8878002208328244,0,5047,0
CodeBERT_unfrozen_s2028,Win64,boundary,1,39,6.8878002208328244,6.9310750934600831,0,5047,0
CodeBERT_unfrozen_s2028,Dot_Net,boundary,0,0,5.0160405703544626,5.0639237688297039,1,4964,0.00020145044319097501
CodeBERT_unfrozen_s2028,Dot_Net,boundary,0,1,5.0639237688297039,5.111806967304946,3,4964,0.00060435132957292509
CodeBERT_unfrozen_s2028,Dot_Net,boundary,0,2,5.111806967304946,5.1596901657801872,0,4964,0
CodeBERT_unfrozen_s2028,Dot_Net,boundary,0,3,5.1596901657801872,5.2075733642554294,1,4964,0.00020145044319097501
CodeBERT_unfrozen_s2028,Dot_Net,boundary,0,4,5.2075733642554294,5.2554565627306706,2,4964,0.00040290088638195002
CodeBERT_unfrozen_s2028,Dot_Net,boundary,0,5,5.2554565627306706,5.3033397612059119,1,4964,0.00020145044319097501
CodeBERT_unfrozen_s2028,Dot_Net,boundary,0,6,5.3033397612059119,5.351222959681154,0,4964,0
CodeBERT_unfrozen_s2028,Dot_Net,boundary,0,7,5.351222959681154,5.3991061581563953,2,4964,0.00040290088638195002
CodeBERT_unfrozen_s2028,Dot_Net,boundary,0,8,5.3991061581563953,5.4469893566316374,1,4964,0.00020145044319097501
CodeBERT_unfrozen_s2028,Dot_Net,boundary,0,9,5.4469893566316374,5.4948725551068787,0,4964,0
CodeBERT_unfrozen_s2028,Dot_Net,boundary,0,10,5.4948725551068787,5.5427557535821208,3,4964,0.00060435132957292509
CodeBERT_unfrozen_s2028,Dot_Net,boundary,0,11,5.5427557535821208,5.5906389520573621,1,4964,0.00020145044319097501
CodeBERT_unfrozen_s2028,Dot_Net,boundary,0,12,5.5906389520573621,5.6385221505326033,4,4964,0.00080580177276390005
CodeBERT_unfrozen_s2028,Dot_Net,boundary,0,13,5.6385221505326033,5.6864053490078454,1,4964,0.00020145044319097501
CodeBERT_unfrozen_s2028,Dot_Net,boundary,0,14,5.6864053490078454,5.7342885474830867,0,4964,0
CodeBERT_unfrozen_s2028,Dot_Net,boundary,0,15,5.7342885474830867,5.7821717459583288,1,4964,0.00020145044319097501
CodeBERT_unfrozen_s2028,Dot_Net,boundary,0,16,5.7821717459583288,5.8300549444335701,2,4964,0.00040290088638195002
CodeBERT_unfrozen_s2028,Dot_Net,boundary,0,17,5.8300549444335701,5.8779381429088122,0,4964,0
CodeBERT_unfrozen_s2028,Dot_Net,boundary,0,18,5.8779381429088122,5.9258213413840535,1,4964,0.00020145044319097501
CodeBERT_unfrozen_s2028,Dot_Net,boundary,0,19,5.9258213413840535,5.9737045398592947,0,4964,0
CodeBERT_unfrozen_s2028,Dot_Net,boundary,0,20,5.9737045398592947,6.0215877383345369,1,4964,0.00020145044319097501
CodeBERT_unfrozen_s2028,Dot_Net,boundary,0,21,6.0215877383345369,6.0694709368097781,0,4964,0
CodeBERT_unfrozen_s2028,Dot_Net,boundary,0,22,6.0694709368097781,6.1173541352850203,1,4964,0.00020145044319097501
CodeBERT_unfrozen_s2028,Dot_Net,boundary,0,23,6.1173541352850203,6.1652373337602615,2,4964,0.00040290088638195002
CodeBERT_unfrozen_s2028,Dot_Net,boundary,0,24,6.1652373337602615,6.2131205322355036,1,4964,0.00020145044319097501
CodeBERT_unfrozen_s2028,Dot_Net,boundary,0,25,6.2131205322355036,6.2610037307107449,1,4964,0.00020145044319097501
CodeBERT_unfrozen_s2028,Dot_Net,boundary,0,26,6.2610037307107449,6.3088869291859861,1,4964,0.00020145044319097501
CodeBERT_unfrozen_s2028,Dot_Net,boundary,0,27,6.3088869291859861,6.3567701276612283,3,4964,0.00060435132957292509
CodeBERT_unfrozen_s2028,Dot_Net,boundary,0,28,6.3567701276612283,6.4046533261364695,0,4964,0
CodeBERT_unfrozen_s2028,Dot_Net,boundary,0,29,6.4046533261364695,6.4525365246117117,2,4964,0.00040290088638195002
CodeBERT_unfrozen_s2028,Dot_Net,boundary,0,30,6.4525365246117117,6.5004197230869529,1,4964,0.00020145044319097501
CodeBERT_unfrozen_s2028,Dot_Net,boundary,0,31,6.5004197230869529,6.5483029215621951,2,4964,0.00040290088638195002
CodeBERT_unfrozen_s2028,Dot_Net,boundary,0,32,6.5483029215621951,6.5961861200374363,0,4964,0
CodeBERT_unfrozen_s2028,Dot_Net,boundary,0,33,6.5961861200374363,6.6440693185126776,4,4964,0.00080580177276390005
CodeBERT_unfrozen_s2028,Dot_Net,boundary,0,34,6.6440693185126776,6.6919525169879197,2,4964,0.00040290088638195002
CodeBERT_unfrozen_s2028,Dot_Net,boundary,0,35,6.6919525169879197,6.739835715463161,4,4964,0.00080580177276390005
CodeBERT_unfrozen_s2028,Dot_Net,boundary,0,36,6.739835715463161,6.7877189139384022,5,4964,0.001007252215954875
CodeBERT_unfrozen_s2028,Dot_Net,boundary,0,37,6.7877189139384022,6.8356021124136443,2,4964,0.00040290088638195002
CodeBERT_unfrozen_s2028,Dot_Net,boundary,0,38,6.8356021124136443,6.8834853108888865,0,4964,0
CodeBERT_unfrozen_s2028,Dot_Net,boundary,0,39,6.8834853108888865,6.9313685093641277,0,4964,0
CodeBERT_unfrozen_s2028,Dot_Net,boundary,1,0,5.0160405703544626,5.0639237688297039,27,5036,0.0053613979348689439
CodeBERT_unfrozen_s2028,Dot_Net,boundary,1,1,5.0639237688297039,5.111806967304946,22,5036,0.004368546465448769
CodeBERT_unfrozen_s2028,Dot_Net,boundary,1,2,5.111806967304946,5.1596901657801872,18,5036,0.0035742652899126291
CodeBERT_unfrozen_s2028,Dot_Net,boundary,1,3,5.1596901657801872,5.2075733642554294,37,5036,0.0073471008737092929
CodeBERT_unfrozen_s2028,Dot_Net,boundary,1,4,5.2075733642554294,5.2554565627306706,23,5036,0.0045671167593328036
CodeBERT_unfrozen_s2028,Dot_Net,boundary,1,5,5.2554565627306706,5.3033397612059119,24,5036,0.0047656870532168391
CodeBERT_unfrozen_s2028,Dot_Net,boundary,1,6,5.3033397612059119,5.351222959681154,30,5036,0.0059571088165210487
CodeBERT_unfrozen_s2028,Dot_Net,boundary,1,7,5.351222959681154,5.3991061581563953,22,5036,0.004368546465448769
CodeBERT_unfrozen_s2028,Dot_Net,boundary,1,8,5.3991061581563953,5.4469893566316374,33,5036,0.0065528196981731535
CodeBERT_unfrozen_s2028,Dot_Net,boundary,1,9,5.4469893566316374,5.4948725551068787,20,5036,0.0039714058776806989
CodeBERT_unfrozen_s2028,Dot_Net,boundary,1,10,5.4948725551068787,5.5427557535821208,27,5036,0.0053613979348689439
CodeBERT_unfrozen_s2028,Dot_Net,boundary,1,11,5.5427557535821208,5.5906389520573621,28,5036,0.0055599682287529786
CodeBERT_unfrozen_s2028,Dot_Net,boundary,1,12,5.5906389520573621,5.6385221505326033,21,5036,0.0041699761715647335
CodeBERT_unfrozen_s2028,Dot_Net,boundary,1,13,5.6385221505326033,5.6864053490078454,38,5036,0.0075456711675933284
CodeBERT_unfrozen_s2028,Dot_Net,boundary,1,14,5.6864053490078454,5.7342885474830867,33,5036,0.0065528196981731535
CodeBERT_unfrozen_s2028,Dot_Net,boundary,1,15,5.7342885474830867,5.7821717459583288,36,5036,0.0071485305798252583
CodeBERT_unfrozen_s2028,Dot_Net,boundary,1,16,5.7821717459583288,5.8300549444335701,15,5036,0.0029785544082605244
CodeBERT_unfrozen_s2028,Dot_Net,boundary,1,17,5.8300549444335701,5.8779381429088122,26,5036,0.0051628276409849084
CodeBERT_unfrozen_s2028,Dot_Net,boundary,1,18,5.8779381429088122,5.9258213413840535,21,5036,0.0041699761715647335
CodeBERT_unfrozen_s2028,Dot_Net,boundary,1,19,5.9258213413840535,5.9737045398592947,23,5036,0.0045671167593328036
CodeBERT_unfrozen_s2028,Dot_Net,boundary,1,20,5.9737045398592947,6.0215877383345369,20,5036,0.0039714058776806989
CodeBERT_unfrozen_s2028,Dot_Net,boundary,1,21,6.0215877383345369,6.0694709368097781,25,5036,0.0049642573471008738
CodeBERT_unfrozen_s2028,Dot_Net,boundary,1,22,6.0694709368097781,6.1173541352850203,22,5036,0.004368546465448769
CodeBERT_unfrozen_s2028,Dot_Net,boundary,1,23,6.1173541352850203,6.1652373337602615,27,5036,0.0053613979348689439
CodeBERT_unfrozen_s2028,Dot_Net,boundary,1,24,6.1652373337602615,6.2131205322355036,24,5036,0.0047656870532168391
CodeBERT_unfrozen_s2028,Dot_Net,boundary,1,25,6.2131205322355036,6.2610037307107449,31,5036,0.0061556791104050834
CodeBERT_unfrozen_s2028,Dot_Net,boundary,1,26,6.2610037307107449,6.3088869291859861,31,5036,0.0061556791104050834
CodeBERT_unfrozen_s2028,Dot_Net,boundary,1,27,6.3088869291859861,6.3567701276612283,36,5036,0.0071485305798252583
CodeBERT_unfrozen_s2028,Dot_Net,boundary,1,28,6.3567701276612283,6.4046533261364695,38,5036,0.0075456711675933284
CodeBERT_unfrozen_s2028,Dot_Net,boundary,1,29,6.4046533261364695,6.4525365246117117,46,5036,0.0091342335186656073
CodeBERT_unfrozen_s2028,Dot_Net,boundary,1,30,6.4525365246117117,6.5004197230869529,46,5036,0.0091342335186656073
CodeBERT_unfrozen_s2028,Dot_Net,boundary,1,31,6.5004197230869529,6.5483029215621951,66,5036,0.013105639396346307
CodeBERT_unfrozen_s2028,Dot_Net,boundary,1,32,6.5483029215621951,6.5961861200374363,95,5036,0.018864177918983319
CodeBERT_unfrozen_s2028,Dot_Net,boundary,1,33,6.5961861200374363,6.6440693185126776,87,5036,0.017275615567911042
CodeBERT_unfrozen_s2028,Dot_Net,boundary,1,34,6.6440693185126776,6.6919525169879197,173,5036,0.034352660841938047
CodeBERT_unfrozen_s2028,Dot_Net,boundary,1,35,6.6919525169879197,6.739835715463161,228,5036,0.045274027005559971
CodeBERT_unfrozen_s2028,Dot_Net,boundary,1,36,6.739835715463161,6.7877189139384022,772,5036,0.15329626687847497
CodeBERT_unfrozen_s2028,Dot_Net,boundary,1,37,6.7877189139384022,6.8356021124136443,1533,5036,0.30440826052422559
CodeBERT_unfrozen_s2028,Dot_Net,boundary,1,38,6.8356021124136443,6.8834853108888865,0,5036,0
CodeBERT_unfrozen_s2028,Dot_Net,boundary,1,39,6.8834853108888865,6.9313685093641277,0,5036,0
