model,role,file_type,label,quantile,margin
LightGBM,threshold,Win32,0,0.01,-13.155462301200579
LightGBM,threshold,Win32,0,0.10000000000000001,-11.957330062301029
LightGBM,threshold,Win32,0,0.5,-7.8563113362391901
LightGBM,threshold,Win32,0,0.90000000000000002,-2.8468918517862685
LightGBM,threshold,Win32,0,0.94999999999999996,-1.3345805544514016
LightGBM,threshold,Win32,0,0.98999999999999999,1.81536721539888
LightGBM,threshold,Win32,0,0.995,3.0297020124294844
LightGBM,threshold,Win32,0,0.999,5.246013673934053
LightGBM,threshold,Win32,0,1,8.6883659066102652
LightGBM,threshold,Win32,1,0.01,-3.8440332476351542
LightGBM,threshold,Win32,1,0.10000000000000001,2.6994341576575303
LightGBM,threshold,Win32,1,0.5,9.5511837917849842
LightGBM,threshold,Win32,1,0.90000000000000002,12.617683569849831
LightGBM,threshold,Win32,1,0.94999999999999996,13.102926630612775
LightGBM,threshold,Win32,1,0.98999999999999999,13.961380889852322
LightGBM,threshold,Win32,1,0.995,14.304133565119837
LightGBM,threshold,Win32,1,0.999,14.926175578852176
LightGBM,threshold,Win32,1,1,15.460468399824403
LightGBM,threshold,Win64,0,0.01,-12.944570449648614
LightGBM,threshold,Win64,0,0.10000000000000001,-11.344713362698583
LightGBM,threshold,Win64,0,0.5,-8.7569594049162713
LightGBM,threshold,Win64,0,0.90000000000000002,-4.3437679356180769
LightGBM,threshold,Win64,0,0.94999999999999996,-2.5937584435915735
LightGBM,threshold,Win64,0,0.98999999999999999,1.3222289982434916
LightGBM,threshold,Win64,0,0.995,3.0487855858793882
LightGBM,threshold,Win64,0,0.999,5.9756633082747106
LightGBM,threshold,Win64,0,1,8.4560677388331023
LightGBM,threshold,Win64,1,0.01,-3.2040756481705057
LightGBM,threshold,Win64,1,0.10000000000000001,4.112842379267394
LightGBM,threshold,Win64,1,0.5,10.268045104952433
LightGBM,threshold,Win64,1,0.90000000000000002,13.633519306430447
LightGBM,threshold,Win64,1,0.94999999999999996,13.970052251842501
LightGBM,threshold,Win64,1,0.98999999999999999,14.505924884026303
LightGBM,threshold,Win64,1,0.995,14.678893756576013
LightGBM,threshold,Win64,1,0.999,14.986328553975122
LightGBM,threshold,Win64,1,1,15.788835165690333
LightGBM,threshold,Dot_Net,0,0.01,-13.015515048584627
LightGBM,threshold,Dot_Net,0,0.10000000000000001,-11.472487581908489
LightGBM,threshold,Dot_Net,0,0.5,-8.8914804554672049
LightGBM,threshold,Dot_Net,0,0.90000000000000002,-4.4305798821704032
LightGBM,threshold,Dot_Net,0,0.94999999999999996,-2.0663838159272419
LightGBM,threshold,Dot_Net,0,0.98999999999999999,2.4800795695242317
LightGBM,threshold,Dot_Net,0,0.995,3.7797529238829206
LightGBM,threshold,Dot_Net,0,0.999,5.7282939790829008
LightGBM,threshold,Dot_Net,0,1,7.9861441608991051
LightGBM,threshold,Dot_Net,1,0.01,-2.7155398171697374
LightGBM,threshold,Dot_Net,1,0.10000000000000001,4.1037059689232684
LightGBM,threshold,Dot_Net,1,0.5,8.441374441155503
LightGBM,threshold,Dot_Net,1,0.90000000000000002,11.827648514340176
LightGBM,threshold,Dot_Net,1,0.94999999999999996,12.568635088935881
LightGBM,threshold,Dot_Net,1,0.98999999999999999,13.773049461150654
LightGBM,threshold,Dot_Net,1,0.995,13.9472397701037
LightGBM,threshold,Dot_Net,1,0.999,14.377456920451957
LightGBM,threshold,Dot_Net,1,1,15.490367387562111
LightGBM,same_period,Win32,0,0.01,-13.198692149820586
LightGBM,same_period,Win32,0,0.10000000000000001,-11.900040837093128
LightGBM,same_period,Win32,0,0.5,-7.9381077442879482
LightGBM,same_period,Win32,0,0.90000000000000002,-2.72183114417455
LightGBM,same_period,Win32,0,0.94999999999999996,-1.0424387302643312
LightGBM,same_period,Win32,0,0.98999999999999999,2.0390183845843763
LightGBM,same_period,Win32,0,0.995,3.390981537876983
LightGBM,same_period,Win32,0,0.999,6.48426018726453
LightGBM,same_period,Win32,0,1,7.6301468047150811
LightGBM,same_period,Win32,1,0.01,-3.8609990288783052
LightGBM,same_period,Win32,1,0.10000000000000001,2.756166758636112
LightGBM,same_period,Win32,1,0.5,9.4137383267531565
LightGBM,same_period,Win32,1,0.90000000000000002,12.60689804199237
LightGBM,same_period,Win32,1,0.94999999999999996,13.078143608822906
LightGBM,same_period,Win32,1,0.98999999999999999,13.859924067447499
LightGBM,same_period,Win32,1,0.995,14.084014579576413
LightGBM,same_period,Win32,1,0.999,14.761358933044956
LightGBM,same_period,Win32,1,1,15.277106899375937
LightGBM,same_period,Win64,0,0.01,-13.026517816046306
LightGBM,same_period,Win64,0,0.10000000000000001,-11.357268414770877
LightGBM,same_period,Win64,0,0.5,-8.9044509008315433
LightGBM,same_period,Win64,0,0.90000000000000002,-4.5496759267754454
LightGBM,same_period,Win64,0,0.94999999999999996,-2.5417555499755951
LightGBM,same_period,Win64,0,0.98999999999999999,1.1798006582682432
LightGBM,same_period,Win64,0,0.995,2.6406170264445832
LightGBM,same_period,Win64,0,0.999,6.62730908794531
LightGBM,same_period,Win64,0,1,10.109377326399601
LightGBM,same_period,Win64,1,0.01,-3.1855182765696846
LightGBM,same_period,Win64,1,0.10000000000000001,4.4092504961679699
LightGBM,same_period,Win64,1,0.5,10.354940152191409
LightGBM,same_period,Win64,1,0.90000000000000002,13.670060551801162
LightGBM,same_period,Win64,1,0.94999999999999996,13.981311981144048
LightGBM,same_period,Win64,1,0.98999999999999999,14.495328808553406
LightGBM,same_period,Win64,1,0.995,14.671424420284554
LightGBM,same_period,Win64,1,0.999,15.550166394314287
LightGBM,same_period,Win64,1,1,15.974168273019616
LightGBM,same_period,Dot_Net,0,0.01,-13.110455390250554
LightGBM,same_period,Dot_Net,0,0.10000000000000001,-11.560714931522101
LightGBM,same_period,Dot_Net,0,0.5,-8.972838202406562
LightGBM,same_period,Dot_Net,0,0.90000000000000002,-4.6494150132678893
LightGBM,same_period,Dot_Net,0,0.94999999999999996,-2.2988010722693026
LightGBM,same_period,Dot_Net,0,0.98999999999999999,2.3948585280733448
LightGBM,same_period,Dot_Net,0,0.995,3.8233629566588325
LightGBM,same_period,Dot_Net,0,0.999,5.2159583181131186
LightGBM,same_period,Dot_Net,0,1,8.3241660068209544
LightGBM,same_period,Dot_Net,1,0.01,-2.6496282291791213
LightGBM,same_period,Dot_Net,1,0.10000000000000001,4.1186543953737065
LightGBM,same_period,Dot_Net,1,0.5,8.5058131430526061
LightGBM,same_period,Dot_Net,1,0.90000000000000002,11.90669964729164
LightGBM,same_period,Dot_Net,1,0.94999999999999996,12.611507361271558
LightGBM,same_period,Dot_Net,1,0.98999999999999999,13.714955293427428
LightGBM,same_period,Dot_Net,1,0.995,13.906360931711749
LightGBM,same_period,Dot_Net,1,0.999,14.259449136025323
LightGBM,same_period,Dot_Net,1,1,15.221726345058428
LightGBM,test,Win32,0,0.01,-13.396431291453537
LightGBM,test,Win32,0,0.10000000000000001,-12.451138874750422
LightGBM,test,Win32,0,0.5,-9.0777618915528535
LightGBM,test,Win32,0,0.90000000000000002,-3.483282591902253
LightGBM,test,Win32,0,0.94999999999999996,-1.7687056615611789
LightGBM,test,Win32,0,0.98999999999999999,1.6092214394959543
LightGBM,test,Win32,0,0.995,2.5784258205047221
LightGBM,test,Win32,0,0.999,4.4843536432717368
LightGBM,test,Win32,0,1,10.486744599078744
LightGBM,test,Win32,1,0.01,-4.4617487721321876
LightGBM,test,Win32,1,0.10000000000000001,2.2217130271575671
LightGBM,test,Win32,1,0.5,9.0337345899171861
LightGBM,test,Win32,1,0.90000000000000002,12.723542975315512
LightGBM,test,Win32,1,0.94999999999999996,13.206348329839949
LightGBM,test,Win32,1,0.98999999999999999,13.931117322236416
LightGBM,test,Win32,1,0.995,14.23989909443476
LightGBM,test,Win32,1,0.999,14.891859292020515
LightGBM,test,Win32,1,1,15.782356774352047
LightGBM,test,Win64,0,0.01,-13.039938404663022
LightGBM,test,Win64,0,0.10000000000000001,-11.509571404323296
LightGBM,test,Win64,0,0.5,-9.060907758849126
LightGBM,test,Win64,0,0.90000000000000002,-4.1660483501498282
LightGBM,test,Win64,0,0.94999999999999996,-2.224259484260696
LightGBM,test,Win64,0,0.98999999999999999,1.8891850137043491
LightGBM,test,Win64,0,0.995,3.0906689771632143
LightGBM,test,Win64,0,0.999,6.3732472446279633
LightGBM,test,Win64,0,1,7.8853443512826011
LightGBM,test,Win64,1,0.01,-2.9231732147593057
LightGBM,test,Win64,1,0.10000000000000001,4.1493564367843989
LightGBM,test,Win64,1,0.5,10.64945830495806
LightGBM,test,Win64,1,0.90000000000000002,12.48563027495355
LightGBM,test,Win64,1,0.94999999999999996,13.030200006055361
LightGBM,test,Win64,1,0.98999999999999999,13.971998270979302
LightGBM,test,Win64,1,0.995,14.127527076708054
LightGBM,test,Win64,1,0.999,14.673367197676086
LightGBM,test,Win64,1,1,14.969030688376169
LightGBM,test,Dot_Net,0,0.01,-13.288071608168298
LightGBM,test,Dot_Net,0,0.10000000000000001,-12.118627530463122
LightGBM,test,Dot_Net,0,0.5,-9.4170437932494373
LightGBM,test,Dot_Net,0,0.90000000000000002,-4.5373924190394437
LightGBM,test,Dot_Net,0,0.94999999999999996,-1.3148023990253268
LightGBM,test,Dot_Net,0,0.98999999999999999,3.6388044805623334
LightGBM,test,Dot_Net,0,0.995,4.7986068969620721
LightGBM,test,Dot_Net,0,0.999,6.8298495038899167
LightGBM,test,Dot_Net,0,1,7.577464749479395
LightGBM,test,Dot_Net,1,0.01,-2.5136985950615576
LightGBM,test,Dot_Net,1,0.10000000000000001,4.0760302224204441
LightGBM,test,Dot_Net,1,0.5,8.7787028947861483
LightGBM,test,Dot_Net,1,0.90000000000000002,12.406292312920943
LightGBM,test,Dot_Net,1,0.94999999999999996,13.132380003562705
LightGBM,test,Dot_Net,1,0.98999999999999999,13.929269410950594
LightGBM,test,Dot_Net,1,0.995,14.126236246722184
LightGBM,test,Dot_Net,1,0.999,14.467188052608162
LightGBM,test,Dot_Net,1,1,15.186563934853471
TFIDF_full,threshold,Win32,0,0.01,-12.092856594497446
TFIDF_full,threshold,Win32,0,0.10000000000000001,-8.9442546052526417
TFIDF_full,threshold,Win32,0,0.5,-4.6770834047419783
TFIDF_full,threshold,Win32,0,0.90000000000000002,-1.0171641016024884
TFIDF_full,threshold,Win32,0,0.94999999999999996,0.0059318188351302681
TFIDF_full,threshold,Win32,0,0.98999999999999999,2.0830213256542107
TFIDF_full,threshold,Win32,0,0.995,3.2716552407116
TFIDF_full,threshold,Win32,0,0.999,5.5132365131409093
TFIDF_full,threshold,Win32,0,1,10.051633745108777
TFIDF_full,threshold,Win32,1,0.01,-3.0038313391942286
TFIDF_full,threshold,Win32,1,0.10000000000000001,0.7855034318617875
TFIDF_full,threshold,Win32,1,0.5,5.9723363909995371
TFIDF_full,threshold,Win32,1,0.90000000000000002,9.6815555757132312
TFIDF_full,threshold,Win32,1,0.94999999999999996,10.449097203210417
TFIDF_full,threshold,Win32,1,0.98999999999999999,12.138125989242305
TFIDF_full,threshold,Win32,1,0.995,12.831143109467726
TFIDF_full,threshold,Win32,1,0.999,14.936748585917925
TFIDF_full,threshold,Win32,1,1,17.335319760688982
TFIDF_full,threshold,Win64,0,0.01,-10.342011002621133
TFIDF_full,threshold,Win64,0,0.10000000000000001,-7.5731763486624537
TFIDF_full,threshold,Win64,0,0.5,-5.147817632344065
TFIDF_full,threshold,Win64,0,0.90000000000000002,-1.8153385234439634
TFIDF_full,threshold,Win64,0,0.94999999999999996,-0.72003874398510725
TFIDF_full,threshold,Win64,0,0.98999999999999999,1.7275653069573753
TFIDF_full,threshold,Win64,0,0.995,2.8102432386006306
TFIDF_full,threshold,Win64,0,0.999,4.6837613707396795
TFIDF_full,threshold,Win64,0,1,8.8052575068134331
TFIDF_full,threshold,Win64,1,0.01,-2.7673901381176562
TFIDF_full,threshold,Win64,1,0.10000000000000001,1.7866759794551905
TFIDF_full,threshold,Win64,1,0.5,5.8447781009458586
TFIDF_full,threshold,Win64,1,0.90000000000000002,8.7613201108782626
TFIDF_full,threshold,Win64,1,0.94999999999999996,9.3723334631704329
TFIDF_full,threshold,Win64,1,0.98999999999999999,10.684355087158561
TFIDF_full,threshold,Win64,1,0.995,11.419386907471152
TFIDF_full,threshold,Win64,1,0.999,12.753360484231598
TFIDF_full,threshold,Win64,1,1,14.561871574564812
TFIDF_full,threshold,Dot_Net,0,0.01,-13.1858409531887
TFIDF_full,threshold,Dot_Net,0,0.10000000000000001,-9.9049935944160818
TFIDF_full,threshold,Dot_Net,0,0.5,-5.8937877505338774
TFIDF_full,threshold,Dot_Net,0,0.90000000000000002,-1.7301357714357992
TFIDF_full,threshold,Dot_Net,0,0.94999999999999996,0.069750609272373698
TFIDF_full,threshold,Dot_Net,0,0.98999999999999999,3.181815970874982
TFIDF_full,threshold,Dot_Net,0,0.995,4.3187873551258305
TFIDF_full,threshold,Dot_Net,0,0.999,6.0891540447921901
TFIDF_full,threshold,Dot_Net,0,1,7.1886840426653196
TFIDF_full,threshold,Dot_Net,1,0.01,-2.9546035821435326
TFIDF_full,threshold,Dot_Net,1,0.10000000000000001,1.6988953792358648
TFIDF_full,threshold,Dot_Net,1,0.5,5.4309514629699631
TFIDF_full,threshold,Dot_Net,1,0.90000000000000002,9.2060317208837041
TFIDF_full,threshold,Dot_Net,1,0.94999999999999996,10.353406479429875
TFIDF_full,threshold,Dot_Net,1,0.98999999999999999,12.8678945596169
TFIDF_full,threshold,Dot_Net,1,0.995,13.48952937359855
TFIDF_full,threshold,Dot_Net,1,0.999,14.963510918896013
TFIDF_full,threshold,Dot_Net,1,1,17.409602568681205
TFIDF_full,same_period,Win32,0,0.01,-12.160072165158514
TFIDF_full,same_period,Win32,0,0.10000000000000001,-9.0375108345440722
TFIDF_full,same_period,Win32,0,0.5,-4.706996487575787
TFIDF_full,same_period,Win32,0,0.90000000000000002,-0.79958850731922559
TFIDF_full,same_period,Win32,0,0.94999999999999996,0.25057356819009469
TFIDF_full,same_period,Win32,0,0.98999999999999999,2.4598853843294624
TFIDF_full,same_period,Win32,0,0.995,3.2240523485507935
TFIDF_full,same_period,Win32,0,0.999,5.2236727740318649
TFIDF_full,same_period,Win32,0,1,8.1339791102857681
TFIDF_full,same_period,Win32,1,0.01,-3.4242522692838651
TFIDF_full,same_period,Win32,1,0.10000000000000001,0.72320441389216961
TFIDF_full,same_period,Win32,1,0.5,6.008804579657701
TFIDF_full,same_period,Win32,1,0.90000000000000002,9.7818600049653774
TFIDF_full,same_period,Win32,1,0.94999999999999996,10.614149908619014
TFIDF_full,same_period,Win32,1,0.98999999999999999,12.612031765168249
TFIDF_full,same_period,Win32,1,0.995,13.407848673864912
TFIDF_full,same_period,Win32,1,0.999,15.3705830008553
TFIDF_full,same_period,Win32,1,1,21.222470284606729
TFIDF_full,same_period,Win64,0,0.01,-10.599750177132645
TFIDF_full,same_period,Win64,0,0.10000000000000001,-7.5241667085270958
TFIDF_full,same_period,Win64,0,0.5,-5.1741538325626104
TFIDF_full,same_period,Win64,0,0.90000000000000002,-1.8270434416714936
TFIDF_full,same_period,Win64,0,0.94999999999999996,-0.66780503590253737
TFIDF_full,same_period,Win64,0,0.98999999999999999,1.5997109695043381
TFIDF_full,same_period,Win64,0,0.995,2.7422197437658951
TFIDF_full,same_period,Win64,0,0.999,4.0187983528407987
TFIDF_full,same_period,Win64,0,1,7.1872184912862869
TFIDF_full,same_period,Win64,1,0.01,-2.7362196343020466
TFIDF_full,same_period,Win64,1,0.10000000000000001,1.8946386349016882
TFIDF_full,same_period,Win64,1,0.5,5.9089312130467642
TFIDF_full,same_period,Win64,1,0.90000000000000002,8.8198992691585083
TFIDF_full,same_period,Win64,1,0.94999999999999996,9.5037414844304955
TFIDF_full,same_period,Win64,1,0.98999999999999999,10.872679869987843
TFIDF_full,same_period,Win64,1,0.995,11.394739654032122
TFIDF_full,same_period,Win64,1,0.999,12.540109199698406
TFIDF_full,same_period,Win64,1,1,13.113736032954645
TFIDF_full,same_period,Dot_Net,0,0.01,-13.181179408836767
TFIDF_full,same_period,Dot_Net,0,0.10000000000000001,-9.9619567039437875
TFIDF_full,same_period,Dot_Net,0,0.5,-5.9501702393004665
TFIDF_full,same_period,Dot_Net,0,0.90000000000000002,-1.7595517325891292
TFIDF_full,same_period,Dot_Net,0,0.94999999999999996,-0.049171806993359948
TFIDF_full,same_period,Dot_Net,0,0.98999999999999999,3.3252012730476137
TFIDF_full,same_period,Dot_Net,0,0.995,4.2021573724436285
TFIDF_full,same_period,Dot_Net,0,0.999,5.3436448346985834
TFIDF_full,same_period,Dot_Net,0,1,8.1460440692933496
TFIDF_full,same_period,Dot_Net,1,0.01,-2.3643398943872329
TFIDF_full,same_period,Dot_Net,1,0.10000000000000001,1.6142929819442404
TFIDF_full,same_period,Dot_Net,1,0.5,5.4308387090719732
TFIDF_full,same_period,Dot_Net,1,0.90000000000000002,9.2233771807459632
TFIDF_full,same_period,Dot_Net,1,0.94999999999999996,10.402860370104392
TFIDF_full,same_period,Dot_Net,1,0.98999999999999999,12.668150404781631
TFIDF_full,same_period,Dot_Net,1,0.995,13.65157792492737
TFIDF_full,same_period,Dot_Net,1,0.999,15.888261775674991
TFIDF_full,same_period,Dot_Net,1,1,17.705239846626178
TFIDF_full,test,Win32,0,0.01,-12.253806439372134
TFIDF_full,test,Win32,0,0.10000000000000001,-9.9920484748687262
TFIDF_full,test,Win32,0,0.5,-5.5129541698642317
TFIDF_full,test,Win32,0,0.90000000000000002,-1.534662654591969
TFIDF_full,test,Win32,0,0.94999999999999996,-0.47350387151184548
TFIDF_full,test,Win32,0,0.98999999999999999,1.8174661203491265
TFIDF_full,test,Win32,0,0.995,2.6450293025513614
TFIDF_full,test,Win32,0,0.999,4.8154911303294972
TFIDF_full,test,Win32,0,1,8.2840674975949575
TFIDF_full,test,Win32,1,0.01,-3.6470318669413282
TFIDF_full,test,Win32,1,0.10000000000000001,0.32365388503151188
TFIDF_full,test,Win32,1,0.5,5.4251861332360143
TFIDF_full,test,Win32,1,0.90000000000000002,9.5976738058944182
TFIDF_full,test,Win32,1,0.94999999999999996,10.228136609782799
TFIDF_full,test,Win32,1,0.98999999999999999,11.801097924187664
TFIDF_full,test,Win32,1,0.995,12.334715437236378
TFIDF_full,test,Win32,1,0.999,14.794551301654026
TFIDF_full,test,Win32,1,1,16.611537083864434
TFIDF_full,test,Win64,0,0.01,-10.742924912365512
TFIDF_full,test,Win64,0,0.10000000000000001,-7.7932214370723276
TFIDF_full,test,Win64,0,0.5,-5.3467738756454528
TFIDF_full,test,Win64,0,0.90000000000000002,-1.9439457307608947
TFIDF_full,test,Win64,0,0.94999999999999996,-0.62036446555694358
TFIDF_full,test,Win64,0,0.98999999999999999,2.1372213854888629
TFIDF_full,test,Win64,0,0.995,2.9284607961442757
TFIDF_full,test,Win64,0,0.999,4.6136167653646689
TFIDF_full,test,Win64,0,1,7.2129895072725363
TFIDF_full,test,Win64,1,0.01,-2.179628403759736
TFIDF_full,test,Win64,1,0.10000000000000001,1.9325947560860013
TFIDF_full,test,Win64,1,0.5,5.9754990192592645
TFIDF_full,test,Win64,1,0.90000000000000002,8.5071024345629418
TFIDF_full,test,Win64,1,0.94999999999999996,9.2382471178065391
TFIDF_full,test,Win64,1,0.98999999999999999,10.672744111331612
TFIDF_full,test,Win64,1,0.995,11.259361539949509
TFIDF_full,test,Win64,1,0.999,12.508458212440516
TFIDF_full,test,Win64,1,1,13.631349026190883
TFIDF_full,test,Dot_Net,0,0.01,-12.974344493231541
TFIDF_full,test,Dot_Net,0,0.10000000000000001,-10.342546440273722
TFIDF_full,test,Dot_Net,0,0.5,-6.244796061503779
TFIDF_full,test,Dot_Net,0,0.90000000000000002,-1.3696741185379211
TFIDF_full,test,Dot_Net,0,0.94999999999999996,0.77412823909585349
TFIDF_full,test,Dot_Net,0,0.98999999999999999,3.7211231753801441
TFIDF_full,test,Dot_Net,0,0.995,4.7452963667958876
TFIDF_full,test,Dot_Net,0,0.999,6.8598717692304962
TFIDF_full,test,Dot_Net,0,1,7.8455534878886359
TFIDF_full,test,Dot_Net,1,0.01,-2.2905897838064821
TFIDF_full,test,Dot_Net,1,0.10000000000000001,1.5282964912177388
TFIDF_full,test,Dot_Net,1,0.5,5.5657189439684212
TFIDF_full,test,Dot_Net,1,0.90000000000000002,9.3540570343726444
TFIDF_full,test,Dot_Net,1,0.94999999999999996,10.469794862723839
TFIDF_full,test,Dot_Net,1,0.98999999999999999,12.975003015990479
TFIDF_full,test,Dot_Net,1,0.995,13.512941382829645
TFIDF_full,test,Dot_Net,1,0.999,14.796555513613418
TFIDF_full,test,Dot_Net,1,1,15.611713402822485
TFIDF_prefix,threshold,Win32,0,0.01,-11.978607963627818
TFIDF_prefix,threshold,Win32,0,0.10000000000000001,-8.9376948308323207
TFIDF_prefix,threshold,Win32,0,0.5,-4.1725232768850331
TFIDF_prefix,threshold,Win32,0,0.90000000000000002,-0.2629000263033337
TFIDF_prefix,threshold,Win32,0,0.94999999999999996,0.72755976748333384
TFIDF_prefix,threshold,Win32,0,0.98999999999999999,2.6525171658903544
TFIDF_prefix,threshold,Win32,0,0.995,3.6168858993472774
TFIDF_prefix,threshold,Win32,0,0.999,5.4054280149039151
TFIDF_prefix,threshold,Win32,0,1,9.8640270907576664
TFIDF_prefix,threshold,Win32,1,0.01,-3.8942769530213379
TFIDF_prefix,threshold,Win32,1,0.10000000000000001,-0.031132482228055702
TFIDF_prefix,threshold,Win32,1,0.5,5.0519720968252502
TFIDF_prefix,threshold,Win32,1,0.90000000000000002,9.0635586979956742
TFIDF_prefix,threshold,Win32,1,0.94999999999999996,9.7626313223668841
TFIDF_prefix,threshold,Win32,1,0.98999999999999999,10.83025722331648
TFIDF_prefix,threshold,Win32,1,0.995,11.122227295887939
TFIDF_prefix,threshold,Win32,1,0.999,11.660148022425155
TFIDF_prefix,threshold,Win32,1,1,12.607004297405348
TFIDF_prefix,threshold,Win64,0,0.01,-10.531919126040448
TFIDF_prefix,threshold,Win64,0,0.10000000000000001,-7.8525819431603328
TFIDF_prefix,threshold,Win64,0,0.5,-4.6499041744404064
TFIDF_prefix,threshold,Win64,0,0.90000000000000002,-0.9283709204048628
TFIDF_prefix,threshold,Win64,0,0.94999999999999996,0.23505790872295204
TFIDF_prefix,threshold,Win64,0,0.98999999999999999,2.3678192015078805
TFIDF_prefix,threshold,Win64,0,0.995,3.1297512725658461
TFIDF_prefix,threshold,Win64,0,0.999,4.7754471138857655
TFIDF_prefix,threshold,Win64,0,1,8.3179868836599642
TFIDF_prefix,threshold,Win64,1,0.01,-3.2691148388701214
TFIDF_prefix,threshold,Win64,1,0.10000000000000001,0.81290908898932357
TFIDF_prefix,threshold,Win64,1,0.5,4.6568413276542007
TFIDF_prefix,threshold,Win64,1,0.90000000000000002,7.8000097789202432
TFIDF_prefix,threshold,Win64,1,0.94999999999999996,9.1458429262666865
TFIDF_prefix,threshold,Win64,1,0.98999999999999999,10.350902738863066
TFIDF_prefix,threshold,Win64,1,0.995,10.569440733292648
TFIDF_prefix,threshold,Win64,1,0.999,11.086742299034944
TFIDF_prefix,threshold,Win64,1,1,11.43094150520144
TFIDF_prefix,threshold,Dot_Net,0,0.01,-11.653302231165044
TFIDF_prefix,threshold,Dot_Net,0,0.10000000000000001,-9.1824351643257742
TFIDF_prefix,threshold,Dot_Net,0,0.5,-5.7450969673305972
TFIDF_prefix,threshold,Dot_Net,0,0.90000000000000002,-1.6150490920944951
TFIDF_prefix,threshold,Dot_Net,0,0.94999999999999996,0.20742593608431092
TFIDF_prefix,threshold,Dot_Net,0,0.98999999999999999,3.3229179726465512
TFIDF_prefix,threshold,Dot_Net,0,0.995,4.1597868666222722
TFIDF_prefix,threshold,Dot_Net,0,0.999,6.0716261638023576
TFIDF_prefix,threshold,Dot_Net,0,1,8.0006735478535269
TFIDF_prefix,threshold,Dot_Net,1,0.01,-2.8004402274821052
TFIDF_prefix,threshold,Dot_Net,1,0.10000000000000001,1.6420135457386027
TFIDF_prefix,threshold,Dot_Net,1,0.5,5.0614747523378947
TFIDF_prefix,threshold,Dot_Net,1,0.90000000000000002,8.3423345943028586
TFIDF_prefix,threshold,Dot_Net,1,0.94999999999999996,9.3447575583855471
TFIDF_prefix,threshold,Dot_Net,1,0.98999999999999999,11.20490757827236
TFIDF_prefix,threshold,Dot_Net,1,0.995,11.786397871754625
TFIDF_prefix,threshold,Dot_Net,1,0.999,12.532992434999331
TFIDF_prefix,threshold,Dot_Net,1,1,14.381005144719907
TFIDF_prefix,same_period,Win32,0,0.01,-12.094517531954645
TFIDF_prefix,same_period,Win32,0,0.10000000000000001,-9.0297887118997728
TFIDF_prefix,same_period,Win32,0,0.5,-4.2315589735952104
TFIDF_prefix,same_period,Win32,0,0.90000000000000002,-0.1874630167818484
TFIDF_prefix,same_period,Win32,0,0.94999999999999996,0.71547725145897678
TFIDF_prefix,same_period,Win32,0,0.98999999999999999,3.22896732664366
TFIDF_prefix,same_period,Win32,0,0.995,3.9385571070741277
TFIDF_prefix,same_period,Win32,0,0.999,5.2782194726611431
TFIDF_prefix,same_period,Win32,0,1,8.4597369742646009
TFIDF_prefix,same_period,Win32,1,0.01,-3.3037124472936905
TFIDF_prefix,same_period,Win32,1,0.10000000000000001,0.16732274428546645
TFIDF_prefix,same_period,Win32,1,0.5,4.984901230282559
TFIDF_prefix,same_period,Win32,1,0.90000000000000002,9.0708865579033766
TFIDF_prefix,same_period,Win32,1,0.94999999999999996,9.7421161685973985
TFIDF_prefix,same_period,Win32,1,0.98999999999999999,10.877106398592549
TFIDF_prefix,same_period,Win32,1,0.995,11.148112953138785
TFIDF_prefix,same_period,Win32,1,0.999,11.784811579443476
TFIDF_prefix,same_period,Win32,1,1,14.311114034198111
TFIDF_prefix,same_period,Win64,0,0.01,-10.731050704729046
TFIDF_prefix,same_period,Win64,0,0.10000000000000001,-7.8494106784455235
TFIDF_prefix,same_period,Win64,0,0.5,-4.6300681496817147
TFIDF_prefix,same_period,Win64,0,0.90000000000000002,-0.93536868654679084
TFIDF_prefix,same_period,Win64,0,0.94999999999999996,0.25455481299171351
TFIDF_prefix,same_period,Win64,0,0.98999999999999999,2.8362343460014618
TFIDF_prefix,same_period,Win64,0,0.995,3.5498100709554223
TFIDF_prefix,same_period,Win64,0,0.999,5.1135928917695406
TFIDF_prefix,same_period,Win64,0,1,6.1874897896109911
TFIDF_prefix,same_period,Win64,1,0.01,-3.1462020102103287
TFIDF_prefix,same_period,Win64,1,0.10000000000000001,0.95015746488606079
TFIDF_prefix,same_period,Win64,1,0.5,4.7508879413629286
TFIDF_prefix,same_period,Win64,1,0.90000000000000002,8.1002663845052272
TFIDF_prefix,same_period,Win64,1,0.94999999999999996,9.3564373914407497
TFIDF_prefix,same_period,Win64,1,0.98999999999999999,10.439813623915077
TFIDF_prefix,same_period,Win64,1,0.995,10.718969750727986
TFIDF_prefix,same_period,Win64,1,0.999,11.214755364582055
TFIDF_prefix,same_period,Win64,1,1,12.456344020470928
TFIDF_prefix,same_period,Dot_Net,0,0.01,-11.597509033113569
TFIDF_prefix,same_period,Dot_Net,0,0.10000000000000001,-9.1843622918154306
TFIDF_prefix,same_period,Dot_Net,0,0.5,-5.8152763447189741
TFIDF_prefix,same_period,Dot_Net,0,0.90000000000000002,-1.6205239963011095
TFIDF_prefix,same_period,Dot_Net,0,0.94999999999999996,0.10405157561940169
TFIDF_prefix,same_period,Dot_Net,0,0.98999999999999999,3.2146642182461957
TFIDF_prefix,same_period,Dot_Net,0,0.995,4.1358539748777785
TFIDF_prefix,same_period,Dot_Net,0,0.999,5.9703058384934344
TFIDF_prefix,same_period,Dot_Net,0,1,7.3907351739431881
TFIDF_prefix,same_period,Dot_Net,1,0.01,-2.185846077699126
TFIDF_prefix,same_period,Dot_Net,1,0.10000000000000001,1.5319713430427044
TFIDF_prefix,same_period,Dot_Net,1,0.5,5.0183658649863787
TFIDF_prefix,same_period,Dot_Net,1,0.90000000000000002,8.2647006596307833
TFIDF_prefix,same_period,Dot_Net,1,0.94999999999999996,9.2675473146737453
TFIDF_prefix,same_period,Dot_Net,1,0.98999999999999999,11.286177243901784
TFIDF_prefix,same_period,Dot_Net,1,0.995,11.931327785194409
TFIDF_prefix,same_period,Dot_Net,1,0.999,13.142317389229481
TFIDF_prefix,same_period,Dot_Net,1,1,15.325021284035589
TFIDF_prefix,test,Win32,0,0.01,-12.192781797094284
TFIDF_prefix,test,Win32,0,0.10000000000000001,-10.226392952268624
TFIDF_prefix,test,Win32,0,0.5,-5.081000612832284
TFIDF_prefix,test,Win32,0,0.90000000000000002,-0.80538152205429925
TFIDF_prefix,test,Win32,0,0.94999999999999996,0.20882920897013763
TFIDF_prefix,test,Win32,0,0.98999999999999999,2.3554707065192866
TFIDF_prefix,test,Win32,0,0.995,3.1767353346826992
TFIDF_prefix,test,Win32,0,0.999,5.779720782577316
TFIDF_prefix,test,Win32,0,1,7.8509645097364515
TFIDF_prefix,test,Win32,1,0.01,-3.8540425509996066
TFIDF_prefix,test,Win32,1,0.10000000000000001,-0.26666229630896676
TFIDF_prefix,test,Win32,1,0.5,4.6980018799443011
TFIDF_prefix,test,Win32,1,0.90000000000000002,9.3628920028571407
TFIDF_prefix,test,Win32,1,0.94999999999999996,10.062836483450338
TFIDF_prefix,test,Win32,1,0.98999999999999999,10.931004382792759
TFIDF_prefix,test,Win32,1,0.995,11.151482438180942
TFIDF_prefix,test,Win32,1,0.999,11.563179624916362
TFIDF_prefix,test,Win32,1,1,12.501423707304921
TFIDF_prefix,test,Win64,0,0.01,-10.538190392354048
TFIDF_prefix,test,Win64,0,0.10000000000000001,-8.0662526985750791
TFIDF_prefix,test,Win64,0,0.5,-4.889637486156003
TFIDF_prefix,test,Win64,0,0.90000000000000002,-1.0927936901609863
TFIDF_prefix,test,Win64,0,0.94999999999999996,0.20639418548547395
TFIDF_prefix,test,Win64,0,0.98999999999999999,2.715716876681828
TFIDF_prefix,test,Win64,0,0.995,3.6106318055713533
TFIDF_prefix,test,Win64,0,0.999,5.8031502381367224
TFIDF_prefix,test,Win64,0,1,8.0998643224821389
TFIDF_prefix,test,Win64,1,0.01,-3.5513630820835789
TFIDF_prefix,test,Win64,1,0.10000000000000001,0.094002117764148838
TFIDF_prefix,test,Win64,1,0.5,3.3750882204601571
TFIDF_prefix,test,Win64,1,0.90000000000000002,6.7996749276025339
TFIDF_prefix,test,Win64,1,0.94999999999999996,7.5132583915206883
TFIDF_prefix,test,Win64,1,0.98999999999999999,9.3741405611822088
TFIDF_prefix,test,Win64,1,0.995,10.109377411908167
TFIDF_prefix,test,Win64,1,0.999,11.471150606206741
TFIDF_prefix,test,Win64,1,1,12.728602486542243
TFIDF_prefix,test,Dot_Net,0,0.01,-11.942301064422708
TFIDF_prefix,test,Dot_Net,0,0.10000000000000001,-9.7909260553720934
TFIDF_prefix,test,Dot_Net,0,0.5,-6.1738586981411085
TFIDF_prefix,test,Dot_Net,0,0.90000000000000002,-1.2183270806893669
TFIDF_prefix,test,Dot_Net,0,0.94999999999999996,0.72875831123263246
TFIDF_prefix,test,Dot_Net,0,0.98999999999999999,3.4909122127133778
TFIDF_prefix,test,Dot_Net,0,0.995,4.5457728256719356
TFIDF_prefix,test,Dot_Net,0,0.999,6.5588075728164732
TFIDF_prefix,test,Dot_Net,0,1,7.8531964120607105
TFIDF_prefix,test,Dot_Net,1,0.01,-2.3373703868944609
TFIDF_prefix,test,Dot_Net,1,0.10000000000000001,1.4289300321673426
TFIDF_prefix,test,Dot_Net,1,0.5,5.222737507955765
TFIDF_prefix,test,Dot_Net,1,0.90000000000000002,8.5952408028041507
TFIDF_prefix,test,Dot_Net,1,0.94999999999999996,9.5159292594846718
TFIDF_prefix,test,Dot_Net,1,0.98999999999999999,11.410087923396096
TFIDF_prefix,test,Dot_Net,1,0.995,11.837691130423689
TFIDF_prefix,test,Dot_Net,1,0.999,12.734564888471343
TFIDF_prefix,test,Dot_Net,1,1,14.215474899369898
TFIDF_bpe_prefix,threshold,Win32,0,0.01,-10.148928898040333
TFIDF_bpe_prefix,threshold,Win32,0,0.10000000000000001,-7.4081485225241703
TFIDF_bpe_prefix,threshold,Win32,0,0.5,-3.1367094902926711
TFIDF_bpe_prefix,threshold,Win32,0,0.90000000000000002,-0.077523485794009819
TFIDF_bpe_prefix,threshold,Win32,0,0.94999999999999996,0.62263660258512088
TFIDF_bpe_prefix,threshold,Win32,0,0.98999999999999999,2.067041758750837
TFIDF_bpe_prefix,threshold,Win32,0,0.995,2.695586625773247
TFIDF_bpe_prefix,threshold,Win32,0,0.999,4.6292374844262456
TFIDF_bpe_prefix,threshold,Win32,0,1,7.9051649370554324
TFIDF_bpe_prefix,threshold,Win32,1,0.01,-2.8422360747390094
TFIDF_bpe_prefix,threshold,Win32,1,0.10000000000000001,-0.068209971406786696
TFIDF_bpe_prefix,threshold,Win32,1,0.5,3.8611039032379812
TFIDF_bpe_prefix,threshold,Win32,1,0.90000000000000002,7.224114265004788
TFIDF_bpe_prefix,threshold,Win32,1,0.94999999999999996,7.6384906325325552
TFIDF_bpe_prefix,threshold,Win32,1,0.98999999999999999,8.2494114883567633
TFIDF_bpe_prefix,threshold,Win32,1,0.995,8.3676188055841525
TFIDF_bpe_prefix,threshold,Win32,1,0.999,8.9665689249922078
TFIDF_bpe_prefix,threshold,Win32,1,1,10.336580473262195
TFIDF_bpe_prefix,threshold,Win64,0,0.01,-7.9086056605183135
TFIDF_bpe_prefix,threshold,Win64,0,0.10000000000000001,-6.3539067564406144
TFIDF_bpe_prefix,threshold,Win64,0,0.5,-3.5680618193036602
TFIDF_bpe_prefix,threshold,Win64,0,0.90000000000000002,-0.54653395233041402
TFIDF_bpe_prefix,threshold,Win64,0,0.94999999999999996,0.36735840001767839
TFIDF_bpe_prefix,threshold,Win64,0,0.98999999999999999,2.111846153123869
TFIDF_bpe_prefix,threshold,Win64,0,0.995,2.6394396927793173
TFIDF_bpe_prefix,threshold,Win64,0,0.999,3.9245199427297268
TFIDF_bpe_prefix,threshold,Win64,0,1,6.1399501028069876
TFIDF_bpe_prefix,threshold,Win64,1,0.01,-2.5375875517606428
TFIDF_bpe_prefix,threshold,Win64,1,0.10000000000000001,0.51509942316022872
TFIDF_bpe_prefix,threshold,Win64,1,0.5,3.5719875309816445
TFIDF_bpe_prefix,threshold,Win64,1,0.90000000000000002,6.3205705395754856
TFIDF_bpe_prefix,threshold,Win64,1,0.94999999999999996,7.3262937843038829
TFIDF_bpe_prefix,threshold,Win64,1,0.98999999999999999,8.4181981484990818
TFIDF_bpe_prefix,threshold,Win64,1,0.995,8.7727503042784036
TFIDF_bpe_prefix,threshold,Win64,1,0.999,9.4002538922900261
TFIDF_bpe_prefix,threshold,Win64,1,1,9.929677683211672
TFIDF_bpe_prefix,threshold,Dot_Net,0,0.01,-8.5680968360124226
TFIDF_bpe_prefix,threshold,Dot_Net,0,0.10000000000000001,-6.6822922960692797
TFIDF_bpe_prefix,threshold,Dot_Net,0,0.5,-3.9919465260538591
TFIDF_bpe_prefix,threshold,Dot_Net,0,0.90000000000000002,-0.72250311995826166
TFIDF_bpe_prefix,threshold,Dot_Net,0,0.94999999999999996,0.69462332977051744
TFIDF_bpe_prefix,threshold,Dot_Net,0,0.98999999999999999,3.1038683869253227
TFIDF_bpe_prefix,threshold,Dot_Net,0,0.995,3.8537612564658223
TFIDF_bpe_prefix,threshold,Dot_Net,0,0.999,5.400743177576615
TFIDF_bpe_prefix,threshold,Dot_Net,0,1,6.1079015595029924
TFIDF_bpe_prefix,threshold,Dot_Net,1,0.01,-2.6112356247757118
TFIDF_bpe_prefix,threshold,Dot_Net,1,0.10000000000000001,0.72480323379258627
TFIDF_bpe_prefix,threshold,Dot_Net,1,0.5,3.7057787324000637
TFIDF_bpe_prefix,threshold,Dot_Net,1,0.90000000000000002,6.4287916852475613
TFIDF_bpe_prefix,threshold,Dot_Net,1,0.94999999999999996,7.0919484247679874
TFIDF_bpe_prefix,threshold,Dot_Net,1,0.98999999999999999,8.3423701474579026
TFIDF_bpe_prefix,threshold,Dot_Net,1,0.995,8.8129961443236127
TFIDF_bpe_prefix,threshold,Dot_Net,1,0.999,9.7685555899498127
TFIDF_bpe_prefix,threshold,Dot_Net,1,1,11.984070953742346
TFIDF_bpe_prefix,same_period,Win32,0,0.01,-10.150904392076008
TFIDF_bpe_prefix,same_period,Win32,0,0.10000000000000001,-7.4346747043514361
TFIDF_bpe_prefix,same_period,Win32,0,0.5,-3.1659383688433307
TFIDF_bpe_prefix,same_period,Win32,0,0.90000000000000002,-0.065227248855078496
TFIDF_bpe_prefix,same_period,Win32,0,0.94999999999999996,0.70693852412598412
TFIDF_bpe_prefix,same_period,Win32,0,0.98999999999999999,2.3510320040139141
TFIDF_bpe_prefix,same_period,Win32,0,0.995,2.9087474247306835
TFIDF_bpe_prefix,same_period,Win32,0,0.999,4.3969315718601134
TFIDF_bpe_prefix,same_period,Win32,0,1,8.3239376440537072
TFIDF_bpe_prefix,same_period,Win32,1,0.01,-2.7831258906233463
TFIDF_bpe_prefix,same_period,Win32,1,0.10000000000000001,-0.018257362734533711
TFIDF_bpe_prefix,same_period,Win32,1,0.5,3.8277434789017093
TFIDF_bpe_prefix,same_period,Win32,1,0.90000000000000002,7.1746501668654927
TFIDF_bpe_prefix,same_period,Win32,1,0.94999999999999996,7.5989996352547902
TFIDF_bpe_prefix,same_period,Win32,1,0.98999999999999999,8.2498409765746388
TFIDF_bpe_prefix,same_period,Win32,1,0.995,8.4299195209651021
TFIDF_bpe_prefix,same_period,Win32,1,0.999,9.0771558024333139
TFIDF_bpe_prefix,same_period,Win32,1,1,10.258285845502968
TFIDF_bpe_prefix,same_period,Win64,0,0.01,-8.1154258470728848
TFIDF_bpe_prefix,same_period,Win64,0,0.10000000000000001,-6.4075434832606142
TFIDF_bpe_prefix,same_period,Win64,0,0.5,-3.6073268785794261
TFIDF_bpe_prefix,same_period,Win64,0,0.90000000000000002,-0.46226964470638593
TFIDF_bpe_prefix,same_period,Win64,0,0.94999999999999996,0.4146731123420091
TFIDF_bpe_prefix,same_period,Win64,0,0.98999999999999999,2.2441762500126963
TFIDF_bpe_prefix,same_period,Win64,0,0.995,2.8864208877764623
TFIDF_bpe_prefix,same_period,Win64,0,0.999,4.1448788637055713
TFIDF_bpe_prefix,same_period,Win64,0,1,5.7553416949159795
TFIDF_bpe_prefix,same_period,Win64,1,0.01,-2.3007720657828736
TFIDF_bpe_prefix,same_period,Win64,1,0.10000000000000001,0.61193060480355876
TFIDF_bpe_prefix,same_period,Win64,1,0.5,3.573019320853394
TFIDF_bpe_prefix,same_period,Win64,1,0.90000000000000002,6.4720049397394828
TFIDF_bpe_prefix,same_period,Win64,1,0.94999999999999996,7.4423979526560009
TFIDF_bpe_prefix,same_period,Win64,1,0.98999999999999999,8.4180752489235733
TFIDF_bpe_prefix,same_period,Win64,1,0.995,8.6686230787465473
TFIDF_bpe_prefix,same_period,Win64,1,0.999,9.2453515713440009
TFIDF_bpe_prefix,same_period,Win64,1,1,10.386496740111781
TFIDF_bpe_prefix,same_period,Dot_Net,0,0.01,-8.5965173657106106
TFIDF_bpe_prefix,same_period,Dot_Net,0,0.10000000000000001,-6.7061885117345152
TFIDF_bpe_prefix,same_period,Dot_Net,0,0.5,-4.026289199651
TFIDF_bpe_prefix,same_period,Dot_Net,0,0.90000000000000002,-0.6614391330354793
TFIDF_bpe_prefix,same_period,Dot_Net,0,0.94999999999999996,0.66312551951067056
TFIDF_bpe_prefix,same_period,Dot_Net,0,0.98999999999999999,2.8067924340545849
TFIDF_bpe_prefix,same_period,Dot_Net,0,0.995,3.7181361724647646
TFIDF_bpe_prefix,same_period,Dot_Net,0,0.999,4.9808147922672417
TFIDF_bpe_prefix,same_period,Dot_Net,0,1,5.7201813199120872
TFIDF_bpe_prefix,same_period,Dot_Net,1,0.01,-2.5239492619964197
TFIDF_bpe_prefix,same_period,Dot_Net,1,0.10000000000000001,0.6880351121689805
TFIDF_bpe_prefix,same_period,Dot_Net,1,0.5,3.7088423203081504
TFIDF_bpe_prefix,same_period,Dot_Net,1,0.90000000000000002,6.4071378187057819
TFIDF_bpe_prefix,same_period,Dot_Net,1,0.94999999999999996,7.055816645037539
TFIDF_bpe_prefix,same_period,Dot_Net,1,0.98999999999999999,8.1896203674186232
TFIDF_bpe_prefix,same_period,Dot_Net,1,0.995,8.5501170143251528
TFIDF_bpe_prefix,same_period,Dot_Net,1,0.999,9.5147987769586493
TFIDF_bpe_prefix,same_period,Dot_Net,1,1,10.474646034381951
TFIDF_bpe_prefix,test,Win32,0,0.01,-10.361568991833721
TFIDF_bpe_prefix,test,Win32,0,0.10000000000000001,-8.5602763770937056
TFIDF_bpe_prefix,test,Win32,0,0.5,-3.9869072540834316
TFIDF_bpe_prefix,test,Win32,0,0.90000000000000002,-0.60218625090329947
TFIDF_bpe_prefix,test,Win32,0,0.94999999999999996,0.20622679610595904
TFIDF_bpe_prefix,test,Win32,0,0.98999999999999999,1.5709576178838134
TFIDF_bpe_prefix,test,Win32,0,0.995,2.1325606882916723
TFIDF_bpe_prefix,test,Win32,0,0.999,4.2649867611649821
TFIDF_bpe_prefix,test,Win32,0,1,5.0709097909133334
TFIDF_bpe_prefix,test,Win32,1,0.01,-2.9983036906877962
TFIDF_bpe_prefix,test,Win32,1,0.10000000000000001,-0.18579427590750747
TFIDF_bpe_prefix,test,Win32,1,0.5,3.3505741608867914
TFIDF_bpe_prefix,test,Win32,1,0.90000000000000002,7.4623016121050947
TFIDF_bpe_prefix,test,Win32,1,0.94999999999999996,7.7914323181967591
TFIDF_bpe_prefix,test,Win32,1,0.98999999999999999,8.3154463169588215
TFIDF_bpe_prefix,test,Win32,1,0.995,8.4805601325960325
TFIDF_bpe_prefix,test,Win32,1,0.999,8.898326307225414
TFIDF_bpe_prefix,test,Win32,1,1,9.9085040306589178
TFIDF_bpe_prefix,test,Win64,0,0.01,-7.9528839759359657
TFIDF_bpe_prefix,test,Win64,0,0.10000000000000001,-6.6491397481995724
TFIDF_bpe_prefix,test,Win64,0,0.5,-3.8027086364314018
TFIDF_bpe_prefix,test,Win64,0,0.90000000000000002,-0.65211924259054976
TFIDF_bpe_prefix,test,Win64,0,0.94999999999999996,0.14401025490386579
TFIDF_bpe_prefix,test,Win64,0,0.98999999999999999,2.2002386266860849
TFIDF_bpe_prefix,test,Win64,0,0.995,2.8922063860131213
TFIDF_bpe_prefix,test,Win64,0,0.999,4.5691952720118234
TFIDF_bpe_prefix,test,Win64,0,1,6.4082998709329972
TFIDF_bpe_prefix,test,Win64,1,0.01,-2.5027493782660239
TFIDF_bpe_prefix,test,Win64,1,0.10000000000000001,0.14826592840308336
TFIDF_bpe_prefix,test,Win64,1,0.5,2.7083924994108557
TFIDF_bpe_prefix,test,Win64,1,0.90000000000000002,5.3040984209054232
TFIDF_bpe_prefix,test,Win64,1,0.94999999999999996,5.8190334705401625
TFIDF_bpe_prefix,test,Win64,1,0.98999999999999999,7.4226913759049458
TFIDF_bpe_prefix,test,Win64,1,0.995,8.0742775742423838
TFIDF_bpe_prefix,test,Win64,1,0.999,9.039231360575311
TFIDF_bpe_prefix,test,Win64,1,1,10.491866432415591
TFIDF_bpe_prefix,test,Dot_Net,0,0.01,-8.6992155215330254
TFIDF_bpe_prefix,test,Dot_Net,0,0.10000000000000001,-7.1975601789874304
TFIDF_bpe_prefix,test,Dot_Net,0,0.5,-4.332723057882955
TFIDF_bpe_prefix,test,Dot_Net,0,0.90000000000000002,-0.48559679191033489
TFIDF_bpe_prefix,test,Dot_Net,0,0.94999999999999996,0.98317464247930553
TFIDF_bpe_prefix,test,Dot_Net,0,0.98999999999999999,2.9589517531806901
TFIDF_bpe_prefix,test,Dot_Net,0,0.995,3.4692087021742242
TFIDF_bpe_prefix,test,Dot_Net,0,0.999,4.6254014150246547
TFIDF_bpe_prefix,test,Dot_Net,0,1,6.7976439315303159
TFIDF_bpe_prefix,test,Dot_Net,1,0.01,-2.1195478385866244
TFIDF_bpe_prefix,test,Dot_Net,1,0.10000000000000001,0.77686673954967778
TFIDF_bpe_prefix,test,Dot_Net,1,0.5,3.9006779327823011
TFIDF_bpe_prefix,test,Dot_Net,1,0.90000000000000002,6.5446098362013467
TFIDF_bpe_prefix,test,Dot_Net,1,0.94999999999999996,7.169814005431892
TFIDF_bpe_prefix,test,Dot_Net,1,0.98999999999999999,8.3041292674189187
TFIDF_bpe_prefix,test,Dot_Net,1,0.995,8.5999677458918047
TFIDF_bpe_prefix,test,Dot_Net,1,0.999,9.5708587221392367
TFIDF_bpe_prefix,test,Dot_Net,1,1,10.196511073569802
CodeBERT_partial_s2026,threshold,Win32,0,0.01,-7.5624599742889407
CodeBERT_partial_s2026,threshold,Win32,0,0.10000000000000001,-7.5568194866180418
CodeBERT_partial_s2026,threshold,Win32,0,0.5,-6.224933385848999
CodeBERT_partial_s2026,threshold,Win32,0,0.90000000000000002,-1.6787602543830902
CodeBERT_partial_s2026,threshold,Win32,0,0.94999999999999996,3.3128854036331115
CodeBERT_partial_s2026,threshold,Win32,0,0.98999999999999999,6.1074274539947497
CodeBERT_partial_s2026,threshold,Win32,0,0.995,6.8376414585113432
CodeBERT_partial_s2026,threshold,Win32,0,0.999,7.4889363212585467
CodeBERT_partial_s2026,threshold,Win32,0,1,7.6771981716156006
CodeBERT_partial_s2026,threshold,Win32,1,0.01,-5.6588280057907108
CodeBERT_partial_s2026,threshold,Win32,1,0.10000000000000001,1.4732765316963197
CodeBERT_partial_s2026,threshold,Win32,1,0.5,7.3401529788970947
CodeBERT_partial_s2026,threshold,Win32,1,0.90000000000000002,7.705836915969849
CodeBERT_partial_s2026,threshold,Win32,1,0.94999999999999996,7.7108755826950075
CodeBERT_partial_s2026,threshold,Win32,1,0.98999999999999999,7.7181055641174314
CodeBERT_partial_s2026,threshold,Win32,1,0.995,7.7228092575073246
CodeBERT_partial_s2026,threshold,Win32,1,0.999,7.7267489309310911
CodeBERT_partial_s2026,threshold,Win32,1,1,7.7333259582519531
CodeBERT_partial_s2026,threshold,Win64,0,0.01,-7.5607933807373051
CodeBERT_partial_s2026,threshold,Win64,0,0.10000000000000001,-7.5563470363616947
CodeBERT_partial_s2026,threshold,Win64,0,0.5,-7.3466527462005615
CodeBERT_partial_s2026,threshold,Win64,0,0.90000000000000002,-3.9644426345825172
CodeBERT_partial_s2026,threshold,Win64,0,0.94999999999999996,-0.6324320793152558
CodeBERT_partial_s2026,threshold,Win64,0,0.98999999999999999,5.9027421665191646
CodeBERT_partial_s2026,threshold,Win64,0,0.995,6.8454069709777796
CodeBERT_partial_s2026,threshold,Win64,0,0.999,7.5514221763610854
CodeBERT_partial_s2026,threshold,Win64,0,1,7.6991488933563232
CodeBERT_partial_s2026,threshold,Win64,1,0.01,-5.9161242675781249
CodeBERT_partial_s2026,threshold,Win64,1,0.10000000000000001,4.0143898487091061
CodeBERT_partial_s2026,threshold,Win64,1,0.5,7.5448496341705322
CodeBERT_partial_s2026,threshold,Win64,1,0.90000000000000002,7.7047512531280518
CodeBERT_partial_s2026,threshold,Win64,1,0.94999999999999996,7.7217614412307736
CodeBERT_partial_s2026,threshold,Win64,1,0.98999999999999999,7.7277081251144413
CodeBERT_partial_s2026,threshold,Win64,1,0.995,7.7284353876113894
CodeBERT_partial_s2026,threshold,Win64,1,0.999,7.7298876519203183
CodeBERT_partial_s2026,threshold,Win64,1,1,7.7334487438201904
CodeBERT_partial_s2026,threshold,Dot_Net,0,0.01,-7.56479841709137
CodeBERT_partial_s2026,threshold,Dot_Net,0,0.10000000000000001,-7.5600635528564455
CodeBERT_partial_s2026,threshold,Dot_Net,0,0.5,-7.5217618942260742
CodeBERT_partial_s2026,threshold,Dot_Net,0,0.90000000000000002,-4.3345984935760491
CodeBERT_partial_s2026,threshold,Dot_Net,0,0.94999999999999996,0.66597811579707167
CodeBERT_partial_s2026,threshold,Dot_Net,0,0.98999999999999999,5.2725181579589915
CodeBERT_partial_s2026,threshold,Dot_Net,0,0.995,6.3556392383575648
CodeBERT_partial_s2026,threshold,Dot_Net,0,0.999,7.2767167778015143
CodeBERT_partial_s2026,threshold,Dot_Net,0,1,7.677079439163208
CodeBERT_partial_s2026,threshold,Dot_Net,1,0.01,-5.2306363582611084
CodeBERT_partial_s2026,threshold,Dot_Net,1,0.10000000000000001,3.7886892557144165
CodeBERT_partial_s2026,threshold,Dot_Net,1,0.5,7.2684526443481445
CodeBERT_partial_s2026,threshold,Dot_Net,1,0.90000000000000002,7.6710538864135742
CodeBERT_partial_s2026,threshold,Dot_Net,1,0.94999999999999996,7.6953659057617188
CodeBERT_partial_s2026,threshold,Dot_Net,1,0.98999999999999999,7.7145760059356689
CodeBERT_partial_s2026,threshold,Dot_Net,1,0.995,7.7170772552490234
CodeBERT_partial_s2026,threshold,Dot_Net,1,0.999,7.7219619750976562
CodeBERT_partial_s2026,threshold,Dot_Net,1,1,7.7283155918121338
CodeBERT_partial_s2026,same_period,Win32,0,0.01,-7.5624832248687746
CodeBERT_partial_s2026,same_period,Win32,0,0.10000000000000001,-7.5569207668304443
CodeBERT_partial_s2026,same_period,Win32,0,0.5,-6.245964527130127
CodeBERT_partial_s2026,same_period,Win32,0,0.90000000000000002,-1.5597813010215769
CodeBERT_partial_s2026,same_period,Win32,0,0.94999999999999996,3.2794634580612136
CodeBERT_partial_s2026,same_period,Win32,0,0.98999999999999999,6.2004237365722634
CodeBERT_partial_s2026,same_period,Win32,0,0.995,6.9305615806579572
CodeBERT_partial_s2026,same_period,Win32,0,0.999,7.5123940219879177
CodeBERT_partial_s2026,same_period,Win32,0,1,7.6301643848419189
CodeBERT_partial_s2026,same_period,Win32,1,0.01,-5.7209360837936396
CodeBERT_partial_s2026,same_period,Win32,1,0.10000000000000001,1.1180081367492676
CodeBERT_partial_s2026,same_period,Win32,1,0.5,7.3227756023406982
CodeBERT_partial_s2026,same_period,Win32,1,0.90000000000000002,7.7035107612609863
CodeBERT_partial_s2026,same_period,Win32,1,0.94999999999999996,7.7102915048599243
CodeBERT_partial_s2026,same_period,Win32,1,0.98999999999999999,7.7174600839614866
CodeBERT_partial_s2026,same_period,Win32,1,0.995,7.7243042707443239
CodeBERT_partial_s2026,same_period,Win32,1,0.999,7.7306397342681885
CodeBERT_partial_s2026,same_period,Win32,1,1,7.7370014190673828
CodeBERT_partial_s2026,same_period,Win64,0,0.01,-7.5608016395568844
CodeBERT_partial_s2026,same_period,Win64,0,0.10000000000000001,-7.556316614151001
CodeBERT_partial_s2026,same_period,Win64,0,0.5,-7.4162530899047852
CodeBERT_partial_s2026,same_period,Win64,0,0.90000000000000002,-4.0120282888412433
CodeBERT_partial_s2026,same_period,Win64,0,0.94999999999999996,-0.9612087309360513
CodeBERT_partial_s2026,same_period,Win64,0,0.98999999999999999,6.1897835254669111
CodeBERT_partial_s2026,same_period,Win64,0,0.995,6.987825222015366
CodeBERT_partial_s2026,same_period,Win64,0,0.999,7.5672648696899536
CodeBERT_partial_s2026,same_period,Win64,0,1,7.6819024085998535
CodeBERT_partial_s2026,same_period,Win64,1,0.01,-5.5165007352828983
CodeBERT_partial_s2026,same_period,Win64,1,0.10000000000000001,4.1867523193359384
CodeBERT_partial_s2026,same_period,Win64,1,0.5,7.5441396236419678
CodeBERT_partial_s2026,same_period,Win64,1,0.90000000000000002,7.7108617305755613
CodeBERT_partial_s2026,same_period,Win64,1,0.94999999999999996,7.7232722759246828
CodeBERT_partial_s2026,same_period,Win64,1,0.98999999999999999,7.7279408311843873
CodeBERT_partial_s2026,same_period,Win64,1,0.995,7.7286794567108155
CodeBERT_partial_s2026,same_period,Win64,1,0.999,7.7296467037200927
CodeBERT_partial_s2026,same_period,Win64,1,1,7.7307252883911133
CodeBERT_partial_s2026,same_period,Dot_Net,0,0.01,-7.5647286748886104
CodeBERT_partial_s2026,same_period,Dot_Net,0,0.10000000000000001,-7.5603433132171629
CodeBERT_partial_s2026,same_period,Dot_Net,0,0.5,-7.5242671966552734
CodeBERT_partial_s2026,same_period,Dot_Net,0,0.90000000000000002,-4.5626670360565189
CodeBERT_partial_s2026,same_period,Dot_Net,0,0.94999999999999996,-2.0976221442222918
CodeBERT_partial_s2026,same_period,Dot_Net,0,0.98999999999999999,4.850024185180656
CodeBERT_partial_s2026,same_period,Dot_Net,0,0.995,6.2104749751091148
CodeBERT_partial_s2026,same_period,Dot_Net,0,0.999,7.3414163041115286
CodeBERT_partial_s2026,same_period,Dot_Net,0,1,7.5982143878936768
CodeBERT_partial_s2026,same_period,Dot_Net,1,0.01,-4.9992084503173828
CodeBERT_partial_s2026,same_period,Dot_Net,1,0.10000000000000001,3.7914185523986816
CodeBERT_partial_s2026,same_period,Dot_Net,1,0.5,7.2569506168365479
CodeBERT_partial_s2026,same_period,Dot_Net,1,0.90000000000000002,7.6680505275726318
CodeBERT_partial_s2026,same_period,Dot_Net,1,0.94999999999999996,7.6932578086853027
CodeBERT_partial_s2026,same_period,Dot_Net,1,0.98999999999999999,7.7141070365905762
CodeBERT_partial_s2026,same_period,Dot_Net,1,0.995,7.7171440124511719
CodeBERT_partial_s2026,same_period,Dot_Net,1,0.999,7.7220804691314697
CodeBERT_partial_s2026,same_period,Dot_Net,1,1,7.7259078025817871
CodeBERT_partial_s2026,test,Win32,0,0.01,-7.5625760173797607
CodeBERT_partial_s2026,test,Win32,0,0.10000000000000001,-7.5586276531219481
CodeBERT_partial_s2026,test,Win32,0,0.5,-7.2526668310165405
CodeBERT_partial_s2026,test,Win32,0,0.90000000000000002,-2.9514445185661313
CodeBERT_partial_s2026,test,Win32,0,0.94999999999999996,1.2471021011471053
CodeBERT_partial_s2026,test,Win32,0,0.98999999999999999,5.7929583573341352
CodeBERT_partial_s2026,test,Win32,0,0.995,6.7470856475830061
CodeBERT_partial_s2026,test,Win32,0,0.999,7.2376064021587379
CodeBERT_partial_s2026,test,Win32,0,1,7.4645578861236572
CodeBERT_partial_s2026,test,Win32,1,0.01,-6.0650287532806395
CodeBERT_partial_s2026,test,Win32,1,0.10000000000000001,-1.0807729601860045
CodeBERT_partial_s2026,test,Win32,1,0.5,7.2462389469146729
CodeBERT_partial_s2026,test,Win32,1,0.90000000000000002,7.7090038061141968
CodeBERT_partial_s2026,test,Win32,1,0.94999999999999996,7.7124558210372927
CodeBERT_partial_s2026,test,Win32,1,0.98999999999999999,7.7163160133361819
CodeBERT_partial_s2026,test,Win32,1,0.995,7.7175579500198364
CodeBERT_partial_s2026,test,Win32,1,0.999,7.7210699553489688
CodeBERT_partial_s2026,test,Win32,1,1,7.7237529754638672
CodeBERT_partial_s2026,test,Win64,0,0.01,-7.5608790016174314
CodeBERT_partial_s2026,test,Win64,0,0.10000000000000001,-7.5569280147552487
CodeBERT_partial_s2026,test,Win64,0,0.5,-7.4981696605682373
CodeBERT_partial_s2026,test,Win64,0,0.90000000000000002,-4.3441785573959333
CodeBERT_partial_s2026,test,Win64,0,0.94999999999999996,-1.4867929220199774
CodeBERT_partial_s2026,test,Win64,0,0.98999999999999999,5.9807288932800287
CodeBERT_partial_s2026,test,Win64,0,0.995,6.7945894241332878
CodeBERT_partial_s2026,test,Win64,0,0.999,7.5289635181426897
CodeBERT_partial_s2026,test,Win64,0,1,7.6594023704528809
CodeBERT_partial_s2026,test,Win64,1,0.01,-5.8256793689727786
CodeBERT_partial_s2026,test,Win64,1,0.10000000000000001,4.0883816719055179
CodeBERT_partial_s2026,test,Win64,1,0.5,7.3155655860900879
CodeBERT_partial_s2026,test,Win64,1,0.90000000000000002,7.648692560195923
CodeBERT_partial_s2026,test,Win64,1,0.94999999999999996,7.6723243236541752
CodeBERT_partial_s2026,test,Win64,1,0.98999999999999999,7.7132200098037718
CodeBERT_partial_s2026,test,Win64,1,0.995,7.7202970409393306
CodeBERT_partial_s2026,test,Win64,1,0.999,7.7280509057044986
CodeBERT_partial_s2026,test,Win64,1,1,7.7307825088500977
CodeBERT_partial_s2026,test,Dot_Net,0,0.01,-7.5646972203254697
CodeBERT_partial_s2026,test,Dot_Net,0,0.10000000000000001,-7.5602674961090086
CodeBERT_partial_s2026,test,Dot_Net,0,0.5,-7.5184085369110107
CodeBERT_partial_s2026,test,Dot_Net,0,0.90000000000000002,-4.268762087821961
CodeBERT_partial_s2026,test,Dot_Net,0,0.94999999999999996,2.0529541015624844
CodeBERT_partial_s2026,test,Dot_Net,0,0.98999999999999999,5.5246738386154171
CodeBERT_partial_s2026,test,Dot_Net,0,0.995,6.6961070346832292
CodeBERT_partial_s2026,test,Dot_Net,0,0.999,7.5676266102790848
CodeBERT_partial_s2026,test,Dot_Net,0,1,7.7100756168365479
CodeBERT_partial_s2026,test,Dot_Net,1,0.01,-5.1378148436546329
CodeBERT_partial_s2026,test,Dot_Net,1,0.10000000000000001,3.8210362195968628
CodeBERT_partial_s2026,test,Dot_Net,1,0.5,7.3108962774276733
CodeBERT_partial_s2026,test,Dot_Net,1,0.90000000000000002,7.6681405305862427
CodeBERT_partial_s2026,test,Dot_Net,1,0.94999999999999996,7.6905527710914612
CodeBERT_partial_s2026,test,Dot_Net,1,0.98999999999999999,7.7116838693618774
CodeBERT_partial_s2026,test,Dot_Net,1,0.995,7.7151040494441983
CodeBERT_partial_s2026,test,Dot_Net,1,0.999,7.7211205101013185
CodeBERT_partial_s2026,test,Dot_Net,1,1,7.7277595996856689
CodeBERT_partial_s2027,threshold,Win32,0,0.01,-6.7684173393249516
CodeBERT_partial_s2027,threshold,Win32,0,0.10000000000000001,-6.723756647109985
CodeBERT_partial_s2027,threshold,Win32,0,0.5,-5.8066539764404297
CodeBERT_partial_s2027,threshold,Win32,0,0.90000000000000002,-1.7864642024040336
CodeBERT_partial_s2027,threshold,Win32,0,0.94999999999999996,2.7481395483016922
CodeBERT_partial_s2027,threshold,Win32,0,0.98999999999999999,6.005852890014646
CodeBERT_partial_s2027,threshold,Win32,0,0.995,6.6995006752014152
CodeBERT_partial_s2027,threshold,Win32,0,0.999,7.2704967899322597
CodeBERT_partial_s2027,threshold,Win32,0,1,7.5374503135681152
CodeBERT_partial_s2027,threshold,Win32,1,0.01,-5.5955931758880615
CodeBERT_partial_s2027,threshold,Win32,1,0.10000000000000001,1.0590881586074836
CodeBERT_partial_s2027,threshold,Win32,1,0.5,7.3213942050933838
CodeBERT_partial_s2027,threshold,Win32,1,0.90000000000000002,7.5384175777435303
CodeBERT_partial_s2027,threshold,Win32,1,0.94999999999999996,7.5397104978561398
CodeBERT_partial_s2027,threshold,Win32,1,0.98999999999999999,7.5406075763702392
CodeBERT_partial_s2027,threshold,Win32,1,0.995,7.5413005065917966
CodeBERT_partial_s2027,threshold,Win32,1,0.999,7.54371734380722
CodeBERT_partial_s2027,threshold,Win32,1,1,7.5480589866638184
CodeBERT_partial_s2027,threshold,Win64,0,0.01,-6.7730938148498536
CodeBERT_partial_s2027,threshold,Win64,0,0.10000000000000001,-6.7048241615295412
CodeBERT_partial_s2027,threshold,Win64,0,0.5,-6.2336113452911377
CodeBERT_partial_s2027,threshold,Win64,0,0.90000000000000002,-4.068401241302487
CodeBERT_partial_s2027,threshold,Win64,0,0.94999999999999996,-2.0384473800659233
CodeBERT_partial_s2027,threshold,Win64,0,0.98999999999999999,6.0623849773406837
CodeBERT_partial_s2027,threshold,Win64,0,0.995,6.6533397197723367
CodeBERT_partial_s2027,threshold,Win64,0,0.999,7.2824481220245376
CodeBERT_partial_s2027,threshold,Win64,0,1,7.4914515018463135
CodeBERT_partial_s2027,threshold,Win64,1,0.01,-5.6888367176055912
CodeBERT_partial_s2027,threshold,Win64,1,0.10000000000000001,4.1234184980392454
CodeBERT_partial_s2027,threshold,Win64,1,0.5,7.3435494899749756
CodeBERT_partial_s2027,threshold,Win64,1,0.90000000000000002,7.5195753097534181
CodeBERT_partial_s2027,threshold,Win64,1,0.94999999999999996,7.5420689344406124
CodeBERT_partial_s2027,threshold,Win64,1,0.98999999999999999,7.5465830278396604
CodeBERT_partial_s2027,threshold,Win64,1,0.995,7.5469561576843258
CodeBERT_partial_s2027,threshold,Win64,1,0.999,7.5479597258567805
CodeBERT_partial_s2027,threshold,Win64,1,1,7.5489270687103271
CodeBERT_partial_s2027,threshold,Dot_Net,0,0.01,-6.7834543848037718
CodeBERT_partial_s2027,threshold,Dot_Net,0,0.10000000000000001,-6.7443307399749752
CodeBERT_partial_s2027,threshold,Dot_Net,0,0.5,-6.4612007141113281
CodeBERT_partial_s2027,threshold,Dot_Net,0,0.90000000000000002,-3.9217786312103242
CodeBERT_partial_s2027,threshold,Dot_Net,0,0.94999999999999996,2.1778048634529128
CodeBERT_partial_s2027,threshold,Dot_Net,0,0.98999999999999999,5.8428925800323483
CodeBERT_partial_s2027,threshold,Dot_Net,0,0.995,6.6587940835952786
CodeBERT_partial_s2027,threshold,Dot_Net,0,0.999,7.2781148271560729
CodeBERT_partial_s2027,threshold,Dot_Net,0,1,7.4974145889282227
CodeBERT_partial_s2027,threshold,Dot_Net,1,0.01,-5.3057012557983398
CodeBERT_partial_s2027,threshold,Dot_Net,1,0.10000000000000001,3.4960566759109497
CodeBERT_partial_s2027,threshold,Dot_Net,1,0.5,7.284700870513916
CodeBERT_partial_s2027,threshold,Dot_Net,1,0.90000000000000002,7.5195713043212891
CodeBERT_partial_s2027,threshold,Dot_Net,1,0.94999999999999996,7.5287144184112549
CodeBERT_partial_s2027,threshold,Dot_Net,1,0.98999999999999999,7.5381953716278076
CodeBERT_partial_s2027,threshold,Dot_Net,1,0.995,7.5409111976623535
CodeBERT_partial_s2027,threshold,Dot_Net,1,0.999,7.5456838607788086
CodeBERT_partial_s2027,threshold,Dot_Net,1,1,7.5486774444580078
CodeBERT_partial_s2027,same_period,Win32,0,0.01,-6.7688509941101076
CodeBERT_partial_s2027,same_period,Win32,0,0.10000000000000001,-6.7233758449554442
CodeBERT_partial_s2027,same_period,Win32,0,0.5,-5.8412086963653564
CodeBERT_partial_s2027,same_period,Win32,0,0.90000000000000002,-0.58392224013807348
CodeBERT_partial_s2027,same_period,Win32,0,0.94999999999999996,2.9153931140899543
CodeBERT_partial_s2027,same_period,Win32,0,0.98999999999999999,6.3553171062469467
CodeBERT_partial_s2027,same_period,Win32,0,0.995,6.9366862106323239
CodeBERT_partial_s2027,same_period,Win32,0,0.999,7.3542325019836445
CodeBERT_partial_s2027,same_period,Win32,0,1,7.4899156093597412
CodeBERT_partial_s2027,same_period,Win32,1,0.01,-5.630913949012756
CodeBERT_partial_s2027,same_period,Win32,1,0.10000000000000001,1.0231696963310242
CodeBERT_partial_s2027,same_period,Win32,1,0.5,7.3191578388214111
CodeBERT_partial_s2027,same_period,Win32,1,0.90000000000000002,7.5382730960845947
CodeBERT_partial_s2027,same_period,Win32,1,0.94999999999999996,7.5395768880844116
CodeBERT_partial_s2027,same_period,Win32,1,0.98999999999999999,7.5406411170959471
CodeBERT_partial_s2027,same_period,Win32,1,0.995,7.5415990948677063
CodeBERT_partial_s2027,same_period,Win32,1,0.999,7.5444172811508183
CodeBERT_partial_s2027,same_period,Win32,1,1,7.5469882488250732
CodeBERT_partial_s2027,same_period,Win64,0,0.01,-6.7773024749755857
CodeBERT_partial_s2027,same_period,Win64,0,0.10000000000000001,-6.7099712848663327
CodeBERT_partial_s2027,same_period,Win64,0,0.5,-6.2672188282012939
CodeBERT_partial_s2027,same_period,Win64,0,0.90000000000000002,-3.9290639400482177
CodeBERT_partial_s2027,same_period,Win64,0,0.94999999999999996,1.0134505450725537
CodeBERT_partial_s2027,same_period,Win64,0,0.98999999999999999,5.8917107677459599
CodeBERT_partial_s2027,same_period,Win64,0,0.995,6.676959877014145
CodeBERT_partial_s2027,same_period,Win64,0,0.999,7.3155692996978807
CodeBERT_partial_s2027,same_period,Win64,0,1,7.4573967456817627
CodeBERT_partial_s2027,same_period,Win64,1,0.01,-5.4656505012512211
CodeBERT_partial_s2027,same_period,Win64,1,0.10000000000000001,4.6061989307403568
CodeBERT_partial_s2027,same_period,Win64,1,0.5,7.3568143844604492
CodeBERT_partial_s2027,same_period,Win64,1,0.90000000000000002,7.5260281085968019
CodeBERT_partial_s2027,same_period,Win64,1,0.94999999999999996,7.5424154758453366
CodeBERT_partial_s2027,same_period,Win64,1,0.98999999999999999,7.5466117906570434
CodeBERT_partial_s2027,same_period,Win64,1,0.995,7.5469495010375978
CodeBERT_partial_s2027,same_period,Win64,1,0.999,7.5475436768531798
CodeBERT_partial_s2027,same_period,Win64,1,1,7.5490326881408691
CodeBERT_partial_s2027,same_period,Dot_Net,0,0.01,-6.7831930160522464
CodeBERT_partial_s2027,same_period,Dot_Net,0,0.10000000000000001,-6.7476837635040283
CodeBERT_partial_s2027,same_period,Dot_Net,0,0.5,-6.4723577499389648
CodeBERT_partial_s2027,same_period,Dot_Net,0,0.90000000000000002,-4.0872050523757935
CodeBERT_partial_s2027,same_period,Dot_Net,0,0.94999999999999996,0.79820098280905971
CodeBERT_partial_s2027,same_period,Dot_Net,0,0.98999999999999999,5.6505968809127758
CodeBERT_partial_s2027,same_period,Dot_Net,0,0.995,6.3820342016220097
CodeBERT_partial_s2027,same_period,Dot_Net,0,0.999,7.2594592885971183
CodeBERT_partial_s2027,same_period,Dot_Net,0,1,7.4250659942626953
CodeBERT_partial_s2027,same_period,Dot_Net,1,0.01,-5.4335229396820068
CodeBERT_partial_s2027,same_period,Dot_Net,1,0.10000000000000001,3.5772117376327515
CodeBERT_partial_s2027,same_period,Dot_Net,1,0.5,7.2693996429443359
CodeBERT_partial_s2027,same_period,Dot_Net,1,0.90000000000000002,7.5193991661071777
CodeBERT_partial_s2027,same_period,Dot_Net,1,0.94999999999999996,7.5282886028289795
CodeBERT_partial_s2027,same_period,Dot_Net,1,0.98999999999999999,7.5380072593688965
CodeBERT_partial_s2027,same_period,Dot_Net,1,0.995,7.5402209758758545
CodeBERT_partial_s2027,same_period,Dot_Net,1,0.999,7.5451724529266357
CodeBERT_partial_s2027,same_period,Dot_Net,1,1,7.5468931198120117
CodeBERT_partial_s2027,test,Win32,0,0.01,-6.7693978309631344
CodeBERT_partial_s2027,test,Win32,0,0.10000000000000001,-6.748180317878723
CodeBERT_partial_s2027,test,Win32,0,0.5,-6.3359240293502808
CodeBERT_partial_s2027,test,Win32,0,0.90000000000000002,-3.1068432331085196
CodeBERT_partial_s2027,test,Win32,0,0.94999999999999996,1.9584204912185645
CodeBERT_partial_s2027,test,Win32,0,0.98999999999999999,5.8949162483215325
CodeBERT_partial_s2027,test,Win32,0,0.995,6.5553317058086389
CodeBERT_partial_s2027,test,Win32,0,0.999,7.1786709051132238
CodeBERT_partial_s2027,test,Win32,0,1,7.3556571006774902
CodeBERT_partial_s2027,test,Win32,1,0.01,-5.6459139657020572
CodeBERT_partial_s2027,test,Win32,1,0.10000000000000001,0.364268857985735
CodeBERT_partial_s2027,test,Win32,1,0.5,7.2088879346847534
CodeBERT_partial_s2027,test,Win32,1,0.90000000000000002,7.5391756057739254
CodeBERT_partial_s2027,test,Win32,1,0.94999999999999996,7.5399281144142147
CodeBERT_partial_s2027,test,Win32,1,0.98999999999999999,7.5405250048637393
CodeBERT_partial_s2027,test,Win32,1,0.995,7.5406786596775053
CodeBERT_partial_s2027,test,Win32,1,0.999,7.5423320734500887
CodeBERT_partial_s2027,test,Win32,1,1,7.5494542121887207
CodeBERT_partial_s2027,test,Win64,0,0.01,-6.7753564071655275
CodeBERT_partial_s2027,test,Win64,0,0.10000000000000001,-6.7174188137054447
CodeBERT_partial_s2027,test,Win64,0,0.5,-6.4164750576019287
CodeBERT_partial_s2027,test,Win64,0,0.90000000000000002,-4.2840302705764763
CodeBERT_partial_s2027,test,Win64,0,0.94999999999999996,-0.99181554317476772
CodeBERT_partial_s2027,test,Win64,0,0.98999999999999999,6.1776679325103725
CodeBERT_partial_s2027,test,Win64,0,0.995,6.7681699275970448
CodeBERT_partial_s2027,test,Win64,0,0.999,7.3604036655425924
CodeBERT_partial_s2027,test,Win64,0,1,7.5315167903900146
CodeBERT_partial_s2027,test,Win64,1,0.01,-5.6645419073104861
CodeBERT_partial_s2027,test,Win64,1,0.10000000000000001,3.0396196126937869
CodeBERT_partial_s2027,test,Win64,1,0.5,7.0709104537963867
CodeBERT_partial_s2027,test,Win64,1,0.90000000000000002,7.4714298248291016
CodeBERT_partial_s2027,test,Win64,1,0.94999999999999996,7.4994230985641481
CodeBERT_partial_s2027,test,Win64,1,0.98999999999999999,7.5335912704467773
CodeBERT_partial_s2027,test,Win64,1,0.995,7.5424808549880984
CodeBERT_partial_s2027,test,Win64,1,0.999,7.5467552232742312
CodeBERT_partial_s2027,test,Win64,1,1,7.548565149307251
CodeBERT_partial_s2027,test,Dot_Net,0,0.01,-6.7843855786323548
CodeBERT_partial_s2027,test,Dot_Net,0,0.10000000000000001,-6.7603789567947388
CodeBERT_partial_s2027,test,Dot_Net,0,0.5,-6.5108470916748047
CodeBERT_partial_s2027,test,Dot_Net,0,0.90000000000000002,-3.8804227471351633
CodeBERT_partial_s2027,test,Dot_Net,0,0.94999999999999996,2.2652897715568456
CodeBERT_partial_s2027,test,Dot_Net,0,0.98999999999999999,6.1056659841537435
CodeBERT_partial_s2027,test,Dot_Net,0,0.995,6.8856142652034924
CodeBERT_partial_s2027,test,Dot_Net,0,0.999,7.453157438516623
CodeBERT_partial_s2027,test,Dot_Net,0,1,7.5370252132415771
CodeBERT_partial_s2027,test,Dot_Net,1,0.01,-5.1888053178787228
CodeBERT_partial_s2027,test,Dot_Net,1,0.10000000000000001,3.6781145334243774
CodeBERT_partial_s2027,test,Dot_Net,1,0.5,7.3236168622970581
CodeBERT_partial_s2027,test,Dot_Net,1,0.90000000000000002,7.5235767364501953
CodeBERT_partial_s2027,test,Dot_Net,1,0.94999999999999996,7.5297487378120422
CodeBERT_partial_s2027,test,Dot_Net,1,0.98999999999999999,7.5387003421783447
CodeBERT_partial_s2027,test,Dot_Net,1,0.995,7.5421564042568203
CodeBERT_partial_s2027,test,Dot_Net,1,0.999,7.5459158039093017
CodeBERT_partial_s2027,test,Dot_Net,1,1,7.5475664138793945
CodeBERT_partial_s2028,threshold,Win32,0,0.01,-7.7474503803253176
CodeBERT_partial_s2028,threshold,Win32,0,0.10000000000000001,-7.6660655498504635
CodeBERT_partial_s2028,threshold,Win32,0,0.5,-6.6007673740386963
CodeBERT_partial_s2028,threshold,Win32,0,0.90000000000000002,-2.0829053163528459
CodeBERT_partial_s2028,threshold,Win32,0,0.94999999999999996,2.697296059131622
CodeBERT_partial_s2028,threshold,Win32,0,0.98999999999999999,6.8127873420715268
CodeBERT_partial_s2028,threshold,Win32,0,0.995,7.4841433429718016
CodeBERT_partial_s2028,threshold,Win32,0,0.999,8.0116850700378439
CodeBERT_partial_s2028,threshold,Win32,0,1,8.0448415279388428
CodeBERT_partial_s2028,threshold,Win32,1,0.01,-6.4148931598663328
CodeBERT_partial_s2028,threshold,Win32,1,0.10000000000000001,0.53323861360549929
CodeBERT_partial_s2028,threshold,Win32,1,0.5,7.9300155639648438
CodeBERT_partial_s2028,threshold,Win32,1,0.90000000000000002,8.0435110092163082
CodeBERT_partial_s2028,threshold,Win32,1,0.94999999999999996,8.045065093040467
CodeBERT_partial_s2028,threshold,Win32,1,0.98999999999999999,8.0456896162033082
CodeBERT_partial_s2028,threshold,Win32,1,0.995,8.0461250901222225
CodeBERT_partial_s2028,threshold,Win32,1,0.999,8.0472189679145814
CodeBERT_partial_s2028,threshold,Win32,1,1,8.047781229019165
CodeBERT_partial_s2028,threshold,Win64,0,0.01,-7.7492767524719239
CodeBERT_partial_s2028,threshold,Win64,0,0.10000000000000001,-7.6888790130615234
CodeBERT_partial_s2028,threshold,Win64,0,0.5,-7.1157448291778564
CodeBERT_partial_s2028,threshold,Win64,0,0.90000000000000002,-4.3831149101257276
CodeBERT_partial_s2028,threshold,Win64,0,0.94999999999999996,-0.070101626217393909
CodeBERT_partial_s2028,threshold,Win64,0,0.98999999999999999,6.533073873519883
CodeBERT_partial_s2028,threshold,Win64,0,0.995,7.4281710052490162
CodeBERT_partial_s2028,threshold,Win64,0,0.999,8.0022370796203646
CodeBERT_partial_s2028,threshold,Win64,0,1,8.046126127243042
CodeBERT_partial_s2028,threshold,Win64,1,0.01,-6.2690267086029055
CodeBERT_partial_s2028,threshold,Win64,1,0.10000000000000001,4.5197535276412966
CodeBERT_partial_s2028,threshold,Win64,1,0.5,8.0033576488494873
CodeBERT_partial_s2028,threshold,Win64,1,0.90000000000000002,8.0443000316619866
CodeBERT_partial_s2028,threshold,Win64,1,0.94999999999999996,8.0448769807815559
CodeBERT_partial_s2028,threshold,Win64,1,0.98999999999999999,8.0455838012695313
CodeBERT_partial_s2028,threshold,Win64,1,0.995,8.0459490561485296
CodeBERT_partial_s2028,threshold,Win64,1,0.999,8.0478553299903872
CodeBERT_partial_s2028,threshold,Win64,1,1,8.0493974685668945
CodeBERT_partial_s2028,threshold,Dot_Net,0,0.01,-7.7830344676971439
CodeBERT_partial_s2028,threshold,Dot_Net,0,0.10000000000000001,-7.759856176376343
CodeBERT_partial_s2028,threshold,Dot_Net,0,0.5,-7.4007954597473145
CodeBERT_partial_s2028,threshold,Dot_Net,0,0.90000000000000002,-4.3662376403808594
CodeBERT_partial_s2028,threshold,Dot_Net,0,0.94999999999999996,1.2982842907309684
CodeBERT_partial_s2028,threshold,Dot_Net,0,0.98999999999999999,6.1072587347030689
CodeBERT_partial_s2028,threshold,Dot_Net,0,0.995,7.1831133246421821
CodeBERT_partial_s2028,threshold,Dot_Net,0,0.999,7.8319007382392902
CodeBERT_partial_s2028,threshold,Dot_Net,0,1,8.0280849933624268
CodeBERT_partial_s2028,threshold,Dot_Net,1,0.01,-5.3594939708709717
CodeBERT_partial_s2028,threshold,Dot_Net,1,0.10000000000000001,3.8788822889328003
CodeBERT_partial_s2028,threshold,Dot_Net,1,0.5,7.803380012512207
CodeBERT_partial_s2028,threshold,Dot_Net,1,0.90000000000000002,8.0393102169036865
CodeBERT_partial_s2028,threshold,Dot_Net,1,0.94999999999999996,8.0440759658813477
CodeBERT_partial_s2028,threshold,Dot_Net,1,0.98999999999999999,8.0467123985290527
CodeBERT_partial_s2028,threshold,Dot_Net,1,0.995,8.0472280979156494
CodeBERT_partial_s2028,threshold,Dot_Net,1,0.999,8.0479261875152588
CodeBERT_partial_s2028,threshold,Dot_Net,1,1,8.0489184856414795
CodeBERT_partial_s2028,same_period,Win32,0,0.01,-7.7520169067382811
CodeBERT_partial_s2028,same_period,Win32,0,0.10000000000000001,-7.6664018154144289
CodeBERT_partial_s2028,same_period,Win32,0,0.5,-6.6604690551757812
CodeBERT_partial_s2028,same_period,Win32,0,0.90000000000000002,-1.6753049969673193
CodeBERT_partial_s2028,same_period,Win32,0,0.94999999999999996,3.3066578626632643
CodeBERT_partial_s2028,same_period,Win32,0,0.98999999999999999,6.9609310626983643
CodeBERT_partial_s2028,same_period,Win32,0,0.995,7.4758151721954285
CodeBERT_partial_s2028,same_period,Win32,0,0.999,7.9737633495330815
CodeBERT_partial_s2028,same_period,Win32,0,1,8.0426945686340332
CodeBERT_partial_s2028,same_period,Win32,1,0.01,-6.4162890672683712
CodeBERT_partial_s2028,same_period,Win32,1,0.10000000000000001,0.51907870918512344
CodeBERT_partial_s2028,same_period,Win32,1,0.5,7.925241231918335
CodeBERT_partial_s2028,same_period,Win32,1,0.90000000000000002,8.04339599609375
CodeBERT_partial_s2028,same_period,Win32,1,0.94999999999999996,8.0449159145355225
CodeBERT_partial_s2028,same_period,Win32,1,0.98999999999999999,8.0457283496856693
CodeBERT_partial_s2028,same_period,Win32,1,0.995,8.0461444139480598
CodeBERT_partial_s2028,same_period,Win32,1,0.999,8.0470250630378715
CodeBERT_partial_s2028,same_period,Win32,1,1,8.0475227832794189
CodeBERT_partial_s2028,same_period,Win64,0,0.01,-7.7492594909667964
CodeBERT_partial_s2028,same_period,Win64,0,0.10000000000000001,-7.6905302047729496
CodeBERT_partial_s2028,same_period,Win64,0,0.5,-7.1483290195465088
CodeBERT_partial_s2028,same_period,Win64,0,0.90000000000000002,-4.1212359666824323
CodeBERT_partial_s2028,same_period,Win64,0,0.94999999999999996,0.76972672641277284
CodeBERT_partial_s2028,same_period,Win64,0,0.98999999999999999,6.8574753475189194
CodeBERT_partial_s2028,same_period,Win64,0,0.995,7.5582390499114984
CodeBERT_partial_s2028,same_period,Win64,0,0.999,8.0217777996063244
CodeBERT_partial_s2028,same_period,Win64,0,1,8.0435471534729004
CodeBERT_partial_s2028,same_period,Win64,1,0.01,-6.122863893508911
CodeBERT_partial_s2028,same_period,Win64,1,0.10000000000000001,5.0570186614990238
CodeBERT_partial_s2028,same_period,Win64,1,0.5,8.0059587955474854
CodeBERT_partial_s2028,same_period,Win64,1,0.90000000000000002,8.0442218780517578
CodeBERT_partial_s2028,same_period,Win64,1,0.94999999999999996,8.0447823762893673
CodeBERT_partial_s2028,same_period,Win64,1,0.98999999999999999,8.0454540681838989
CodeBERT_partial_s2028,same_period,Win64,1,0.995,8.0456667256355292
CodeBERT_partial_s2028,same_period,Win64,1,0.999,8.0475492134094235
CodeBERT_partial_s2028,same_period,Win64,1,1,8.0488519668579102
CodeBERT_partial_s2028,same_period,Dot_Net,0,0.01,-7.7844586324691774
CodeBERT_partial_s2028,same_period,Dot_Net,0,0.10000000000000001,-7.761274433135986
CodeBERT_partial_s2028,same_period,Dot_Net,0,0.5,-7.412825345993042
CodeBERT_partial_s2028,same_period,Dot_Net,0,0.90000000000000002,-4.4836653232574459
CodeBERT_partial_s2028,same_period,Dot_Net,0,0.94999999999999996,-0.62080590538682934
CodeBERT_partial_s2028,same_period,Dot_Net,0,0.98999999999999999,5.8729051256179758
CodeBERT_partial_s2028,same_period,Dot_Net,0,0.995,7.0198362278938413
CodeBERT_partial_s2028,same_period,Dot_Net,0,0.999,7.7967465891838543
CodeBERT_partial_s2028,same_period,Dot_Net,0,1,8.0227837562561035
CodeBERT_partial_s2028,same_period,Dot_Net,1,0.01,-5.4590349197387695
CodeBERT_partial_s2028,same_period,Dot_Net,1,0.10000000000000001,4.0051074028015137
CodeBERT_partial_s2028,same_period,Dot_Net,1,0.5,7.8051106929779053
CodeBERT_partial_s2028,same_period,Dot_Net,1,0.90000000000000002,8.0388524532318115
CodeBERT_partial_s2028,same_period,Dot_Net,1,0.94999999999999996,8.0437188148498535
CodeBERT_partial_s2028,same_period,Dot_Net,1,0.98999999999999999,8.0463724136352539
CodeBERT_partial_s2028,same_period,Dot_Net,1,0.995,8.0468528270721436
CodeBERT_partial_s2028,same_period,Dot_Net,1,0.999,8.0477297306060791
CodeBERT_partial_s2028,same_period,Dot_Net,1,1,8.0484833717346191
CodeBERT_partial_s2028,test,Win32,0,0.01,-7.7471028089523317
CodeBERT_partial_s2028,test,Win32,0,0.10000000000000001,-7.6758511781692507
CodeBERT_partial_s2028,test,Win32,0,0.5,-7.2861074209213257
CodeBERT_partial_s2028,test,Win32,0,0.90000000000000002,-3.6258165955543502
CodeBERT_partial_s2028,test,Win32,0,0.94999999999999996,0.28009739965199121
CodeBERT_partial_s2028,test,Win32,0,0.98999999999999999,6.1512171339988706
CodeBERT_partial_s2028,test,Win32,0,0.995,7.0505800139904018
CodeBERT_partial_s2028,test,Win32,0,0.999,7.8980983071327326
CodeBERT_partial_s2028,test,Win32,0,1,8.0341086387634277
CodeBERT_partial_s2028,test,Win32,1,0.01,-6.4802696657180787
CodeBERT_partial_s2028,test,Win32,1,0.10000000000000001,-0.9474383264780043
CodeBERT_partial_s2028,test,Win32,1,0.5,7.8671748638153076
CodeBERT_partial_s2028,test,Win32,1,0.90000000000000002,8.0436482429504395
CodeBERT_partial_s2028,test,Win32,1,0.94999999999999996,8.0452600121498108
CodeBERT_partial_s2028,test,Win32,1,0.98999999999999999,8.0456814408302311
CodeBERT_partial_s2028,test,Win32,1,0.995,8.0458569836616523
CodeBERT_partial_s2028,test,Win32,1,0.999,8.0472548494338998
CodeBERT_partial_s2028,test,Win32,1,1,8.0478615760803223
CodeBERT_partial_s2028,test,Win64,0,0.01,-7.7455808734893798
CodeBERT_partial_s2028,test,Win64,0,0.10000000000000001,-7.6934000492095951
CodeBERT_partial_s2028,test,Win64,0,0.5,-7.3131728172302246
CodeBERT_partial_s2028,test,Win64,0,0.90000000000000002,-4.5259768009185795
CodeBERT_partial_s2028,test,Win64,0,0.94999999999999996,-1.2860579609871046
CodeBERT_partial_s2028,test,Win64,0,0.98999999999999999,6.8703861999511666
CodeBERT_partial_s2028,test,Win64,0,0.995,7.5701041698455773
CodeBERT_partial_s2028,test,Win64,0,0.999,8.0074014625549257
CodeBERT_partial_s2028,test,Win64,0,1,8.0472137928009033
CodeBERT_partial_s2028,test,Win64,1,0.01,-6.6134768438339231
CodeBERT_partial_s2028,test,Win64,1,0.10000000000000001,3.6423115253448488
CodeBERT_partial_s2028,test,Win64,1,0.5,7.8108208179473877
CodeBERT_partial_s2028,test,Win64,1,0.90000000000000002,8.0427537441253669
CodeBERT_partial_s2028,test,Win64,1,0.94999999999999996,8.0436848640441898
CodeBERT_partial_s2028,test,Win64,1,0.98999999999999999,8.045120730400086
CodeBERT_partial_s2028,test,Win64,1,0.995,8.0460455369949333
CodeBERT_partial_s2028,test,Win64,1,0.999,8.0481665034294121
CodeBERT_partial_s2028,test,Win64,1,1,8.048703670501709
CodeBERT_partial_s2028,test,Dot_Net,0,0.01,-7.7851569986343385
CodeBERT_partial_s2028,test,Dot_Net,0,0.10000000000000001,-7.7706267595291134
CodeBERT_partial_s2028,test,Dot_Net,0,0.5,-7.4808931350708008
CodeBERT_partial_s2028,test,Dot_Net,0,0.90000000000000002,-4.0948259711265571
CodeBERT_partial_s2028,test,Dot_Net,0,0.94999999999999996,2.1657230794429747
CodeBERT_partial_s2028,test,Dot_Net,0,0.98999999999999999,6.4591278219223014
CodeBERT_partial_s2028,test,Dot_Net,0,0.995,7.3522504293918649
CodeBERT_partial_s2028,test,Dot_Net,0,0.999,8.0122354340553308
CodeBERT_partial_s2028,test,Dot_Net,0,1,8.0446603298187256
CodeBERT_partial_s2028,test,Dot_Net,1,0.01,-5.3770672917366031
CodeBERT_partial_s2028,test,Dot_Net,1,0.10000000000000001,3.9757782220840454
CodeBERT_partial_s2028,test,Dot_Net,1,0.5,7.8656487464904785
CodeBERT_partial_s2028,test,Dot_Net,1,0.90000000000000002,8.0405864715576172
CodeBERT_partial_s2028,test,Dot_Net,1,0.94999999999999996,8.0449828505516052
CodeBERT_partial_s2028,test,Dot_Net,1,0.98999999999999999,8.0467566967010491
CodeBERT_partial_s2028,test,Dot_Net,1,0.995,8.0472340285778046
CodeBERT_partial_s2028,test,Dot_Net,1,0.999,8.0481800925731655
CodeBERT_partial_s2028,test,Dot_Net,1,1,8.0484895706176758
CodeBERT_unfrozen_s2026,threshold,Win32,0,0.01,-5.9743361186981199
CodeBERT_unfrozen_s2026,threshold,Win32,0,0.10000000000000001,-5.9516082286834715
CodeBERT_unfrozen_s2026,threshold,Win32,0,0.5,-5.3248703479766846
CodeBERT_unfrozen_s2026,threshold,Win32,0,0.90000000000000002,-1.5272612094879174
CodeBERT_unfrozen_s2026,threshold,Win32,0,0.94999999999999996,1.8220300197601291
CodeBERT_unfrozen_s2026,threshold,Win32,0,0.98999999999999999,5.0932354736328032
CodeBERT_unfrozen_s2026,threshold,Win32,0,0.995,5.6572044181823724
CodeBERT_unfrozen_s2026,threshold,Win32,0,0.999,5.8468100700378418
CodeBERT_unfrozen_s2026,threshold,Win32,0,1,5.91615891456604
CodeBERT_unfrozen_s2026,threshold,Win32,1,0.01,-4.9549147510528568
CodeBERT_unfrozen_s2026,threshold,Win32,1,0.10000000000000001,-1.2385422110557553
CodeBERT_unfrozen_s2026,threshold,Win32,1,0.5,5.8248467445373535
CodeBERT_unfrozen_s2026,threshold,Win32,1,0.90000000000000002,5.9318971633911133
CodeBERT_unfrozen_s2026,threshold,Win32,1,0.94999999999999996,5.9341233253479002
CodeBERT_unfrozen_s2026,threshold,Win32,1,0.98999999999999999,5.936980757713318
CodeBERT_unfrozen_s2026,threshold,Win32,1,0.995,5.938298411369324
CodeBERT_unfrozen_s2026,threshold,Win32,1,0.999,5.9402859325408937
CodeBERT_unfrozen_s2026,threshold,Win32,1,1,5.9487457275390625
CodeBERT_unfrozen_s2026,threshold,Win64,0,0.01,-5.979594163894653
CodeBERT_unfrozen_s2026,threshold,Win64,0,0.10000000000000001,-5.9564913272857662
CodeBERT_unfrozen_s2026,threshold,Win64,0,0.5,-5.7068021297454834
CodeBERT_unfrozen_s2026,threshold,Win64,0,0.90000000000000002,-3.1549323558807365
CodeBERT_unfrozen_s2026,threshold,Win64,0,0.94999999999999996,-1.2951480865478517
CodeBERT_unfrozen_s2026,threshold,Win64,0,0.98999999999999999,4.663965263366685
CodeBERT_unfrozen_s2026,threshold,Win64,0,0.995,5.5809557151794378
CodeBERT_unfrozen_s2026,threshold,Win64,0,0.999,5.8380141067504896
CodeBERT_unfrozen_s2026,threshold,Win64,0,1,5.9127507209777832
CodeBERT_unfrozen_s2026,threshold,Win64,1,0.01,-5.1143081331253049
CodeBERT_unfrozen_s2026,threshold,Win64,1,0.10000000000000001,2.8631088495254517
CodeBERT_unfrozen_s2026,threshold,Win64,1,0.5,5.8599839210510254
CodeBERT_unfrozen_s2026,threshold,Win64,1,0.90000000000000002,5.9294843196868898
CodeBERT_unfrozen_s2026,threshold,Win64,1,0.94999999999999996,5.9324195861816404
CodeBERT_unfrozen_s2026,threshold,Win64,1,0.98999999999999999,5.9351035690307619
CodeBERT_unfrozen_s2026,threshold,Win64,1,0.995,5.9373004293441776
CodeBERT_unfrozen_s2026,threshold,Win64,1,0.999,5.9445198631286624
CodeBERT_unfrozen_s2026,threshold,Win64,1,1,5.9511950016021729
CodeBERT_unfrozen_s2026,threshold,Dot_Net,0,0.01,-5.9822325897216793
CodeBERT_unfrozen_s2026,threshold,Dot_Net,0,0.10000000000000001,-5.96352596282959
CodeBERT_unfrozen_s2026,threshold,Dot_Net,0,0.5,-5.8530802726745605
CodeBERT_unfrozen_s2026,threshold,Dot_Net,0,0.90000000000000002,-3.4385948896408021
CodeBERT_unfrozen_s2026,threshold,Dot_Net,0,0.94999999999999996,1.1972948729991935
CodeBERT_unfrozen_s2026,threshold,Dot_Net,0,0.98999999999999999,5.0861435604095622
CodeBERT_unfrozen_s2026,threshold,Dot_Net,0,0.995,5.6833249521255507
CodeBERT_unfrozen_s2026,threshold,Dot_Net,0,0.999,5.8519081506729149
CodeBERT_unfrozen_s2026,threshold,Dot_Net,0,1,5.9235985279083252
CodeBERT_unfrozen_s2026,threshold,Dot_Net,1,0.01,-4.8018708229064941
CodeBERT_unfrozen_s2026,threshold,Dot_Net,1,0.10000000000000001,3.0118540525436401
CodeBERT_unfrozen_s2026,threshold,Dot_Net,1,0.5,5.8326153755187988
CodeBERT_unfrozen_s2026,threshold,Dot_Net,1,0.90000000000000002,5.9203646183013916
CodeBERT_unfrozen_s2026,threshold,Dot_Net,1,0.94999999999999996,5.9274172782897949
CodeBERT_unfrozen_s2026,threshold,Dot_Net,1,0.98999999999999999,5.9380149841308594
CodeBERT_unfrozen_s2026,threshold,Dot_Net,1,0.995,5.9404540061950684
CodeBERT_unfrozen_s2026,threshold,Dot_Net,1,0.999,5.9436714649200439
CodeBERT_unfrozen_s2026,threshold,Dot_Net,1,1,5.9464516639709473
CodeBERT_unfrozen_s2026,same_period,Win32,0,0.01,-5.9754167366027833
CodeBERT_unfrozen_s2026,same_period,Win32,0,0.10000000000000001,-5.9507468700408932
CodeBERT_unfrozen_s2026,same_period,Win32,0,0.5,-5.4061107635498047
CodeBERT_unfrozen_s2026,same_period,Win32,0,0.90000000000000002,-1.5436127662658692
CodeBERT_unfrozen_s2026,same_period,Win32,0,0.94999999999999996,1.8877983212470981
CodeBERT_unfrozen_s2026,same_period,Win32,0,0.98999999999999999,5.0866391277313223
CodeBERT_unfrozen_s2026,same_period,Win32,0,0.995,5.6502592182159423
CodeBERT_unfrozen_s2026,same_period,Win32,0,0.999,5.8448121719360353
CodeBERT_unfrozen_s2026,same_period,Win32,0,1,5.9044361114501953
CodeBERT_unfrozen_s2026,same_period,Win32,1,0.01,-4.8925377845764162
CodeBERT_unfrozen_s2026,same_period,Win32,1,0.10000000000000001,-1.1257589161396027
CodeBERT_unfrozen_s2026,same_period,Win32,1,0.5,5.8174843788146973
CodeBERT_unfrozen_s2026,same_period,Win32,1,0.90000000000000002,5.9318192005157471
CodeBERT_unfrozen_s2026,same_period,Win32,1,0.94999999999999996,5.9341105222702026
CodeBERT_unfrozen_s2026,same_period,Win32,1,0.98999999999999999,5.937052154541016
CodeBERT_unfrozen_s2026,same_period,Win32,1,0.995,5.9383037924766544
CodeBERT_unfrozen_s2026,same_period,Win32,1,0.999,5.9403095245361328
CodeBERT_unfrozen_s2026,same_period,Win32,1,1,5.9498865604400635
CodeBERT_unfrozen_s2026,same_period,Win64,0,0.01,-5.9789629936218258
CodeBERT_unfrozen_s2026,same_period,Win64,0,0.10000000000000001,-5.9567065715789793
CodeBERT_unfrozen_s2026,same_period,Win64,0,0.5,-5.7270474433898926
CodeBERT_unfrozen_s2026,same_period,Win64,0,0.90000000000000002,-3.1048737049102773
CodeBERT_unfrozen_s2026,same_period,Win64,0,0.94999999999999996,-1.1386981070041662
CodeBERT_unfrozen_s2026,same_period,Win64,0,0.98999999999999999,4.767892036437984
CodeBERT_unfrozen_s2026,same_period,Win64,0,0.995,5.7056485462188711
CodeBERT_unfrozen_s2026,same_period,Win64,0,0.999,5.8647610092163083
CodeBERT_unfrozen_s2026,same_period,Win64,0,1,5.8866748809814453
CodeBERT_unfrozen_s2026,same_period,Win64,1,0.01,-4.8756722879409793
CodeBERT_unfrozen_s2026,same_period,Win64,1,0.10000000000000001,2.9857917785644532
CodeBERT_unfrozen_s2026,same_period,Win64,1,0.5,5.8616235256195068
CodeBERT_unfrozen_s2026,same_period,Win64,1,0.90000000000000002,5.929932641983032
CodeBERT_unfrozen_s2026,same_period,Win64,1,0.94999999999999996,5.9325522899627687
CodeBERT_unfrozen_s2026,same_period,Win64,1,0.98999999999999999,5.9352986335754396
CodeBERT_unfrozen_s2026,same_period,Win64,1,0.995,5.937290370464325
CodeBERT_unfrozen_s2026,same_period,Win64,1,0.999,5.9455330262184143
CodeBERT_unfrozen_s2026,same_period,Win64,1,1,5.9475657939910889
CodeBERT_unfrozen_s2026,same_period,Dot_Net,0,0.01,-5.9822817039489742
CodeBERT_unfrozen_s2026,same_period,Dot_Net,0,0.10000000000000001,-5.9647026538848875
CodeBERT_unfrozen_s2026,same_period,Dot_Net,0,0.5,-5.8583946228027344
CodeBERT_unfrozen_s2026,same_period,Dot_Net,0,0.90000000000000002,-3.594121098518372
CodeBERT_unfrozen_s2026,same_period,Dot_Net,0,0.94999999999999996,-1.188623815774936
CodeBERT_unfrozen_s2026,same_period,Dot_Net,0,0.98999999999999999,5.1119009542465088
CodeBERT_unfrozen_s2026,same_period,Dot_Net,0,0.995,5.6926326346397449
CodeBERT_unfrozen_s2026,same_period,Dot_Net,0,0.999,5.8706606445312515
CodeBERT_unfrozen_s2026,same_period,Dot_Net,0,1,5.8949673175811768
CodeBERT_unfrozen_s2026,same_period,Dot_Net,1,0.01,-4.6091140508651733
CodeBERT_unfrozen_s2026,same_period,Dot_Net,1,0.10000000000000001,3.0443432331085205
CodeBERT_unfrozen_s2026,same_period,Dot_Net,1,0.5,5.831402063369751
CodeBERT_unfrozen_s2026,same_period,Dot_Net,1,0.90000000000000002,5.920011043548584
CodeBERT_unfrozen_s2026,same_period,Dot_Net,1,0.94999999999999996,5.9271461963653564
CodeBERT_unfrozen_s2026,same_period,Dot_Net,1,0.98999999999999999,5.9368445873260498
CodeBERT_unfrozen_s2026,same_period,Dot_Net,1,0.995,5.9396495819091797
CodeBERT_unfrozen_s2026,same_period,Dot_Net,1,0.999,5.9440221786499023
CodeBERT_unfrozen_s2026,same_period,Dot_Net,1,1,5.946751594543457
CodeBERT_unfrozen_s2026,test,Win32,0,0.01,-5.9759229707717898
CodeBERT_unfrozen_s2026,test,Win32,0,0.10000000000000001,-5.9632084608078006
CodeBERT_unfrozen_s2026,test,Win32,0,0.5,-5.7587031126022339
CodeBERT_unfrozen_s2026,test,Win32,0,0.90000000000000002,-2.8905879259109497
CodeBERT_unfrozen_s2026,test,Win32,0,0.94999999999999996,-0.90155450850727625
CodeBERT_unfrozen_s2026,test,Win32,0,0.98999999999999999,4.7030963706970192
CodeBERT_unfrozen_s2026,test,Win32,0,0.995,5.5699908792972561
CodeBERT_unfrozen_s2026,test,Win32,0,0.999,5.7861421139240283
CodeBERT_unfrozen_s2026,test,Win32,0,1,5.8883986473083496
CodeBERT_unfrozen_s2026,test,Win32,1,0.01,-5.0017637324333188
CodeBERT_unfrozen_s2026,test,Win32,1,0.10000000000000001,-1.4306150853633879
CodeBERT_unfrozen_s2026,test,Win32,1,0.5,5.8195151090621948
CodeBERT_unfrozen_s2026,test,Win32,1,0.90000000000000002,5.932677912712097
CodeBERT_unfrozen_s2026,test,Win32,1,0.94999999999999996,5.9346608400344847
CodeBERT_unfrozen_s2026,test,Win32,1,0.98999999999999999,5.936861989498138
CodeBERT_unfrozen_s2026,test,Win32,1,0.995,5.9380747067928317
CodeBERT_unfrozen_s2026,test,Win32,1,0.999,5.9385951900482175
CodeBERT_unfrozen_s2026,test,Win32,1,1,5.9501948356628418
CodeBERT_unfrozen_s2026,test,Win64,0,0.01,-5.9783119964599614
CodeBERT_unfrozen_s2026,test,Win64,0,0.10000000000000001,-5.9591214179992678
CodeBERT_unfrozen_s2026,test,Win64,0,0.5,-5.7924044132232666
CodeBERT_unfrozen_s2026,test,Win64,0,0.90000000000000002,-3.2378226995468138
CodeBERT_unfrozen_s2026,test,Win64,0,0.94999999999999996,-1.2477359414100651
CodeBERT_unfrozen_s2026,test,Win64,0,0.98999999999999999,4.9198579216003386
CodeBERT_unfrozen_s2026,test,Win64,0,0.995,5.5901359558105428
CodeBERT_unfrozen_s2026,test,Win64,0,0.999,5.8551754150390618
CodeBERT_unfrozen_s2026,test,Win64,0,1,5.9051873683929443
CodeBERT_unfrozen_s2026,test,Win64,1,0.01,-5.0732743692398072
CodeBERT_unfrozen_s2026,test,Win64,1,0.10000000000000001,-1.6735340714454641
CodeBERT_unfrozen_s2026,test,Win64,1,0.5,5.6683359146118164
CodeBERT_unfrozen_s2026,test,Win64,1,0.90000000000000002,5.9154898643493654
CodeBERT_unfrozen_s2026,test,Win64,1,0.94999999999999996,5.9217115640640259
CodeBERT_unfrozen_s2026,test,Win64,1,0.98999999999999999,5.9330337285995487
CodeBERT_unfrozen_s2026,test,Win64,1,0.995,5.9345955014228817
CodeBERT_unfrozen_s2026,test,Win64,1,0.999,5.9434113607406616
CodeBERT_unfrozen_s2026,test,Win64,1,1,5.9476869106292725
CodeBERT_unfrozen_s2026,test,Dot_Net,0,0.01,-5.9858387064933778
CodeBERT_unfrozen_s2026,test,Dot_Net,0,0.10000000000000001,-5.9741050958633419
CodeBERT_unfrozen_s2026,test,Dot_Net,0,0.5,-5.873064398765564
CodeBERT_unfrozen_s2026,test,Dot_Net,0,0.90000000000000002,-3.2999953985214234
CodeBERT_unfrozen_s2026,test,Dot_Net,0,0.94999999999999996,1.7418875426053875
CodeBERT_unfrozen_s2026,test,Dot_Net,0,0.98999999999999999,5.4560212707519531
CodeBERT_unfrozen_s2026,test,Dot_Net,0,0.995,5.7940673792362229
CodeBERT_unfrozen_s2026,test,Dot_Net,0,0.999,5.9062501528263089
CodeBERT_unfrozen_s2026,test,Dot_Net,0,1,5.9274742603302002
CodeBERT_unfrozen_s2026,test,Dot_Net,1,0.01,-4.3907749950885773
CodeBERT_unfrozen_s2026,test,Dot_Net,1,0.10000000000000001,2.9531791806221008
CodeBERT_unfrozen_s2026,test,Dot_Net,1,0.5,5.837638258934021
CodeBERT_unfrozen_s2026,test,Dot_Net,1,0.90000000000000002,5.9233509302139282
CodeBERT_unfrozen_s2026,test,Dot_Net,1,0.94999999999999996,5.929625391960144
CodeBERT_unfrozen_s2026,test,Dot_Net,1,0.98999999999999999,5.9383655190467834
CodeBERT_unfrozen_s2026,test,Dot_Net,1,0.995,5.9414354503154758
CodeBERT_unfrozen_s2026,test,Dot_Net,1,0.999,5.9447378396987913
CodeBERT_unfrozen_s2026,test,Dot_Net,1,1,5.9501829147338867
CodeBERT_unfrozen_s2027,threshold,Win32,0,0.01,-6.7150355815887455
CodeBERT_unfrozen_s2027,threshold,Win32,0,0.10000000000000001,-6.6723974227905272
CodeBERT_unfrozen_s2027,threshold,Win32,0,0.5,-6.2589809894561768
CodeBERT_unfrozen_s2027,threshold,Win32,0,0.90000000000000002,-2.9625163793563885
CodeBERT_unfrozen_s2027,threshold,Win32,0,0.94999999999999996,2.5242947340011579
CodeBERT_unfrozen_s2027,threshold,Win32,0,0.98999999999999999,6.8871842288970928
CodeBERT_unfrozen_s2027,threshold,Win32,0,0.995,7.3739577674865719
CodeBERT_unfrozen_s2027,threshold,Win32,0,0.999,7.7255056743621831
CodeBERT_unfrozen_s2027,threshold,Win32,0,1,7.831702709197998
CodeBERT_unfrozen_s2027,threshold,Win32,1,0.01,-6.1916230583190917
CodeBERT_unfrozen_s2027,threshold,Win32,1,0.10000000000000001,0.1511390462517741
CodeBERT_unfrozen_s2027,threshold,Win32,1,0.5,7.7094156742095947
CodeBERT_unfrozen_s2027,threshold,Win32,1,0.90000000000000002,7.8271882057189943
CodeBERT_unfrozen_s2027,threshold,Win32,1,0.94999999999999996,7.8306836366653441
CodeBERT_unfrozen_s2027,threshold,Win32,1,0.98999999999999999,7.8326943826675413
CodeBERT_unfrozen_s2027,threshold,Win32,1,0.995,7.8330763483047487
CodeBERT_unfrozen_s2027,threshold,Win32,1,0.999,7.8338431797027592
CodeBERT_unfrozen_s2027,threshold,Win32,1,1,7.8345975875854492
CodeBERT_unfrozen_s2027,threshold,Win64,0,0.01,-6.7409910106658932
CodeBERT_unfrozen_s2027,threshold,Win64,0,0.10000000000000001,-6.6756090164184574
CodeBERT_unfrozen_s2027,threshold,Win64,0,0.5,-6.4190809726715088
CodeBERT_unfrozen_s2027,threshold,Win64,0,0.90000000000000002,-4.8507166862487772
CodeBERT_unfrozen_s2027,threshold,Win64,0,0.94999999999999996,-3.1192058324813869
CodeBERT_unfrozen_s2027,threshold,Win64,0,0.98999999999999999,6.7174201011657662
CodeBERT_unfrozen_s2027,threshold,Win64,0,0.995,7.3167893791198679
CodeBERT_unfrozen_s2027,threshold,Win64,0,0.999,7.7594737300872856
CodeBERT_unfrozen_s2027,threshold,Win64,0,1,7.8312149047851562
CodeBERT_unfrozen_s2027,threshold,Win64,1,0.01,-6.1875003814697269
CodeBERT_unfrozen_s2027,threshold,Win64,1,0.10000000000000001,3.9799493789672855
CodeBERT_unfrozen_s2027,threshold,Win64,1,0.5,7.7845125198364258
CodeBERT_unfrozen_s2027,threshold,Win64,1,0.90000000000000002,7.8323466777801514
CodeBERT_unfrozen_s2027,threshold,Win64,1,0.94999999999999996,7.8329595804214476
CodeBERT_unfrozen_s2027,threshold,Win64,1,0.98999999999999999,7.8342118024826046
CodeBERT_unfrozen_s2027,threshold,Win64,1,0.995,7.8344117569923402
CodeBERT_unfrozen_s2027,threshold,Win64,1,0.999,7.8346207113265995
CodeBERT_unfrozen_s2027,threshold,Win64,1,1,7.8348309993743896
CodeBERT_unfrozen_s2027,threshold,Dot_Net,0,0.01,-6.7258231878280643
CodeBERT_unfrozen_s2027,threshold,Dot_Net,0,0.10000000000000001,-6.7005943775177004
CodeBERT_unfrozen_s2027,threshold,Dot_Net,0,0.5,-6.5706453323364258
CodeBERT_unfrozen_s2027,threshold,Dot_Net,0,0.90000000000000002,-4.6899316787719725
CodeBERT_unfrozen_s2027,threshold,Dot_Net,0,0.94999999999999996,0.93699524998665118
CodeBERT_unfrozen_s2027,threshold,Dot_Net,0,0.98999999999999999,6.5493300056457588
CodeBERT_unfrozen_s2027,threshold,Dot_Net,0,0.995,7.1180764842033453
CodeBERT_unfrozen_s2027,threshold,Dot_Net,0,0.999,7.6127641820907623
CodeBERT_unfrozen_s2027,threshold,Dot_Net,0,1,7.8322029113769531
CodeBERT_unfrozen_s2027,threshold,Dot_Net,1,0.01,-5.6538429260253906
CodeBERT_unfrozen_s2027,threshold,Dot_Net,1,0.10000000000000001,4.2221851348876953
CodeBERT_unfrozen_s2027,threshold,Dot_Net,1,0.5,7.6006698608398438
CodeBERT_unfrozen_s2027,threshold,Dot_Net,1,0.90000000000000002,7.8258278369903564
CodeBERT_unfrozen_s2027,threshold,Dot_Net,1,0.94999999999999996,7.830601692199707
CodeBERT_unfrozen_s2027,threshold,Dot_Net,1,0.98999999999999999,7.8324177265167236
CodeBERT_unfrozen_s2027,threshold,Dot_Net,1,0.995,7.8326644897460938
CodeBERT_unfrozen_s2027,threshold,Dot_Net,1,0.999,7.8330562114715576
CodeBERT_unfrozen_s2027,threshold,Dot_Net,1,1,7.8335146903991699
CodeBERT_unfrozen_s2027,same_period,Win32,0,0.01,-6.7125893688201907
CodeBERT_unfrozen_s2027,same_period,Win32,0,0.10000000000000001,-6.6727709770202637
CodeBERT_unfrozen_s2027,same_period,Win32,0,0.5,-6.2833178043365479
CodeBERT_unfrozen_s2027,same_period,Win32,0,0.90000000000000002,-2.3970428705215543
CodeBERT_unfrozen_s2027,same_period,Win32,0,0.94999999999999996,2.8763249874114818
CodeBERT_unfrozen_s2027,same_period,Win32,0,0.98999999999999999,6.7946228885650548
CodeBERT_unfrozen_s2027,same_period,Win32,0,0.995,7.402262458801264
CodeBERT_unfrozen_s2027,same_period,Win32,0,0.999,7.6944323539733945
CodeBERT_unfrozen_s2027,same_period,Win32,0,1,7.7841801643371582
CodeBERT_unfrozen_s2027,same_period,Win32,1,0.01,-6.1476435422897335
CodeBERT_unfrozen_s2027,same_period,Win32,1,0.10000000000000001,0.17543559521436691
CodeBERT_unfrozen_s2027,same_period,Win32,1,0.5,7.7068948745727539
CodeBERT_unfrozen_s2027,same_period,Win32,1,0.90000000000000002,7.8268802165985107
CodeBERT_unfrozen_s2027,same_period,Win32,1,0.94999999999999996,7.8308485746383667
CodeBERT_unfrozen_s2027,same_period,Win32,1,0.98999999999999999,7.8326119899749758
CodeBERT_unfrozen_s2027,same_period,Win32,1,0.995,7.8329604983329775
CodeBERT_unfrozen_s2027,same_period,Win32,1,0.999,7.8339320135116575
CodeBERT_unfrozen_s2027,same_period,Win32,1,1,7.834691047668457
CodeBERT_unfrozen_s2027,same_period,Win64,0,0.01,-6.739561233520508
CodeBERT_unfrozen_s2027,same_period,Win64,0,0.10000000000000001,-6.677567100524902
CodeBERT_unfrozen_s2027,same_period,Win64,0,0.5,-6.4312179088592529
CodeBERT_unfrozen_s2027,same_period,Win64,0,0.90000000000000002,-4.8318080902099592
CodeBERT_unfrozen_s2027,same_period,Win64,0,0.94999999999999996,-2.8937613010406507
CodeBERT_unfrozen_s2027,same_period,Win64,0,0.98999999999999999,6.5914900398254321
CodeBERT_unfrozen_s2027,same_period,Win64,0,0.995,7.2724110698699915
CodeBERT_unfrozen_s2027,same_period,Win64,0,0.999,7.7943753700256391
CodeBERT_unfrozen_s2027,same_period,Win64,0,1,7.8328020572662354
CodeBERT_unfrozen_s2027,same_period,Win64,1,0.01,-5.9982649946212767
CodeBERT_unfrozen_s2027,same_period,Win64,1,0.10000000000000001,4.3507721900939949
CodeBERT_unfrozen_s2027,same_period,Win64,1,0.5,7.7857217788696289
CodeBERT_unfrozen_s2027,same_period,Win64,1,0.90000000000000002,7.8322653770446777
CodeBERT_unfrozen_s2027,same_period,Win64,1,0.94999999999999996,7.8329280376434323
CodeBERT_unfrozen_s2027,same_period,Win64,1,0.98999999999999999,7.8341179561614993
CodeBERT_unfrozen_s2027,same_period,Win64,1,0.995,7.8344068002700809
CodeBERT_unfrozen_s2027,same_period,Win64,1,0.999,7.8346197915077207
CodeBERT_unfrozen_s2027,same_period,Win64,1,1,7.8347766399383545
CodeBERT_unfrozen_s2027,same_period,Dot_Net,0,0.01,-6.7283143281936644
CodeBERT_unfrozen_s2027,same_period,Dot_Net,0,0.10000000000000001,-6.7015376091003418
CodeBERT_unfrozen_s2027,same_period,Dot_Net,0,0.5,-6.5769960880279541
CodeBERT_unfrozen_s2027,same_period,Dot_Net,0,0.90000000000000002,-4.7043589591980002
CodeBERT_unfrozen_s2027,same_period,Dot_Net,0,0.94999999999999996,-0.52293378412732794
CodeBERT_unfrozen_s2027,same_period,Dot_Net,0,0.98999999999999999,6.3892978286743149
CodeBERT_unfrozen_s2027,same_period,Dot_Net,0,0.995,7.0008139228820845
CodeBERT_unfrozen_s2027,same_period,Dot_Net,0,0.999,7.4634991016387993
CodeBERT_unfrozen_s2027,same_period,Dot_Net,0,1,7.7781412601470947
CodeBERT_unfrozen_s2027,same_period,Dot_Net,1,0.01,-5.5192105770111084
CodeBERT_unfrozen_s2027,same_period,Dot_Net,1,0.10000000000000001,4.2507505416870117
CodeBERT_unfrozen_s2027,same_period,Dot_Net,1,0.5,7.6005446910858154
CodeBERT_unfrozen_s2027,same_period,Dot_Net,1,0.90000000000000002,7.8257482051849365
CodeBERT_unfrozen_s2027,same_period,Dot_Net,1,0.94999999999999996,7.8305072784423828
CodeBERT_unfrozen_s2027,same_period,Dot_Net,1,0.98999999999999999,7.8324131965637207
CodeBERT_unfrozen_s2027,same_period,Dot_Net,1,0.995,7.8326466083526611
CodeBERT_unfrozen_s2027,same_period,Dot_Net,1,0.999,7.8328719139099121
CodeBERT_unfrozen_s2027,same_period,Dot_Net,1,1,7.8335669040679932
CodeBERT_unfrozen_s2027,test,Win32,0,0.01,-6.7197727751731868
CodeBERT_unfrozen_s2027,test,Win32,0,0.10000000000000001,-6.6851858139038089
CodeBERT_unfrozen_s2027,test,Win32,0,0.5,-6.4863940477371216
CodeBERT_unfrozen_s2027,test,Win32,0,0.90000000000000002,-4.4529253721237181
CodeBERT_unfrozen_s2027,test,Win32,0,0.94999999999999996,0.095198784768569036
CodeBERT_unfrozen_s2027,test,Win32,0,0.98999999999999999,6.9124056005477907
CodeBERT_unfrozen_s2027,test,Win32,0,0.995,7.4214821565151192
CodeBERT_unfrozen_s2027,test,Win32,0,0.999,7.6764357104301491
CodeBERT_unfrozen_s2027,test,Win32,0,1,7.8073065280914307
CodeBERT_unfrozen_s2027,test,Win32,1,0.01,-6.2278758478164669
CodeBERT_unfrozen_s2027,test,Win32,1,0.10000000000000001,-2.3102282047271712
CodeBERT_unfrozen_s2027,test,Win32,1,0.5,7.6711632013320923
CodeBERT_unfrozen_s2027,test,Win32,1,0.90000000000000002,7.813906955718994
CodeBERT_unfrozen_s2027,test,Win32,1,0.94999999999999996,7.8280478477478024
CodeBERT_unfrozen_s2027,test,Win32,1,0.98999999999999999,7.8322018504142763
CodeBERT_unfrozen_s2027,test,Win32,1,0.995,7.8327674376964573
CodeBERT_unfrozen_s2027,test,Win32,1,0.999,7.8335277326107029
CodeBERT_unfrozen_s2027,test,Win32,1,1,7.8344738483428955
CodeBERT_unfrozen_s2027,test,Win64,0,0.01,-6.7406226730346681
CodeBERT_unfrozen_s2027,test,Win64,0,0.10000000000000001,-6.6836396694183353
CodeBERT_unfrozen_s2027,test,Win64,0,0.5,-6.4773850440979004
CodeBERT_unfrozen_s2027,test,Win64,0,0.90000000000000002,-5.0580140590667719
CodeBERT_unfrozen_s2027,test,Win64,0,0.94999999999999996,-3.1210346221923837
CodeBERT_unfrozen_s2027,test,Win64,0,0.98999999999999999,6.4757245159149033
CodeBERT_unfrozen_s2027,test,Win64,0,0.995,7.372400379180907
CodeBERT_unfrozen_s2027,test,Win64,0,0.999,7.7945584888458237
CodeBERT_unfrozen_s2027,test,Win64,0,1,7.8313467502593994
CodeBERT_unfrozen_s2027,test,Win64,1,0.01,-6.2095767736434935
CodeBERT_unfrozen_s2027,test,Win64,1,0.10000000000000001,-3.6965058565139768
CodeBERT_unfrozen_s2027,test,Win64,1,0.5,7.4423773288726807
CodeBERT_unfrozen_s2027,test,Win64,1,0.90000000000000002,7.8316147804260252
CodeBERT_unfrozen_s2027,test,Win64,1,0.94999999999999996,7.8329493999481201
CodeBERT_unfrozen_s2027,test,Win64,1,0.98999999999999999,7.8342241525650023
CodeBERT_unfrozen_s2027,test,Win64,1,0.995,7.8343368315696713
CodeBERT_unfrozen_s2027,test,Win64,1,0.999,7.8345117540359501
CodeBERT_unfrozen_s2027,test,Win64,1,1,7.8346066474914551
CodeBERT_unfrozen_s2027,test,Dot_Net,0,0.01,-6.7238330173492429
CodeBERT_unfrozen_s2027,test,Dot_Net,0,0.10000000000000001,-6.6954229116439823
CodeBERT_unfrozen_s2027,test,Dot_Net,0,0.5,-6.5747109651565552
CodeBERT_unfrozen_s2027,test,Dot_Net,0,0.90000000000000002,-4.5033777475357066
CodeBERT_unfrozen_s2027,test,Dot_Net,0,0.94999999999999996,2.4262570679187494
CodeBERT_unfrozen_s2027,test,Dot_Net,0,0.98999999999999999,6.6388324451446508
CodeBERT_unfrozen_s2027,test,Dot_Net,0,0.995,7.358331381082535
CodeBERT_unfrozen_s2027,test,Dot_Net,0,0.999,7.73329934501648
CodeBERT_unfrozen_s2027,test,Dot_Net,0,1,7.8320932388305664
CodeBERT_unfrozen_s2027,test,Dot_Net,1,0.01,-5.3504794836044312
CodeBERT_unfrozen_s2027,test,Dot_Net,1,0.10000000000000001,4.2353698015213013
CodeBERT_unfrozen_s2027,test,Dot_Net,1,0.5,7.6128084659576416
CodeBERT_unfrozen_s2027,test,Dot_Net,1,0.90000000000000002,7.8250921964645386
CodeBERT_unfrozen_s2027,test,Dot_Net,1,0.94999999999999996,7.8307942152023315
CodeBERT_unfrozen_s2027,test,Dot_Net,1,0.98999999999999999,7.8324186325073244
CodeBERT_unfrozen_s2027,test,Dot_Net,1,0.995,7.8326367378234867
CodeBERT_unfrozen_s2027,test,Dot_Net,1,0.999,7.8329214012622836
CodeBERT_unfrozen_s2027,test,Dot_Net,1,1,7.8332943916320801
CodeBERT_unfrozen_s2028,threshold,Win32,0,0.01,-6.2613907337188719
CodeBERT_unfrozen_s2028,threshold,Win32,0,0.10000000000000001,-6.2506293296813968
CodeBERT_unfrozen_s2028,threshold,Win32,0,0.5,-5.9804692268371582
CodeBERT_unfrozen_s2028,threshold,Win32,0,0.90000000000000002,-1.6436027646064779
CodeBERT_unfrozen_s2028,threshold,Win32,0,0.94999999999999996,2.3038082838058447
CodeBERT_unfrozen_s2028,threshold,Win32,0,0.98999999999999999,5.7307272148132231
CodeBERT_unfrozen_s2028,threshold,Win32,0,0.995,6.5274467182159412
CodeBERT_unfrozen_s2028,threshold,Win32,0,0.999,6.7868576812744141
CodeBERT_unfrozen_s2028,threshold,Win32,0,1,6.799159049987793
CodeBERT_unfrozen_s2028,threshold,Win32,1,0.01,-5.7815211296081541
CodeBERT_unfrozen_s2028,threshold,Win32,1,0.10000000000000001,0.47572148144245147
CodeBERT_unfrozen_s2028,threshold,Win32,1,0.5,6.7582402229309082
CodeBERT_unfrozen_s2028,threshold,Win32,1,0.90000000000000002,6.8001656532287598
CodeBERT_unfrozen_s2028,threshold,Win32,1,0.94999999999999996,6.8004028558731076
CodeBERT_unfrozen_s2028,threshold,Win32,1,0.98999999999999999,6.80070583820343
CodeBERT_unfrozen_s2028,threshold,Win32,1,0.995,6.8007624816894534
CodeBERT_unfrozen_s2028,threshold,Win32,1,0.999,6.8008377866744993
CodeBERT_unfrozen_s2028,threshold,Win32,1,1,6.8009812831878662
CodeBERT_unfrozen_s2028,threshold,Win64,0,0.01,-6.2604607200622562
CodeBERT_unfrozen_s2028,threshold,Win64,0,0.10000000000000001,-6.2370031833648678
CodeBERT_unfrozen_s2028,threshold,Win64,0,0.5,-6.1136102676391602
CodeBERT_unfrozen_s2028,threshold,Win64,0,0.90000000000000002,-3.991489958763121
CodeBERT_unfrozen_s2028,threshold,Win64,0,0.94999999999999996,-0.2798589587211841
CodeBERT_unfrozen_s2028,threshold,Win64,0,0.98999999999999999,5.5647440624237019
CodeBERT_unfrozen_s2028,threshold,Win64,0,0.995,6.2847866821289031
CodeBERT_unfrozen_s2028,threshold,Win64,0,0.999,6.7736318778991738
CodeBERT_unfrozen_s2028,threshold,Win64,0,1,6.7993078231811523
CodeBERT_unfrozen_s2028,threshold,Win64,1,0.01,-5.7981768703460697
CodeBERT_unfrozen_s2028,threshold,Win64,1,0.10000000000000001,3.1175455093383788
CodeBERT_unfrozen_s2028,threshold,Win64,1,0.5,6.7855126857757568
CodeBERT_unfrozen_s2028,threshold,Win64,1,0.90000000000000002,6.7994508743286133
CodeBERT_unfrozen_s2028,threshold,Win64,1,0.94999999999999996,6.7997571945190431
CodeBERT_unfrozen_s2028,threshold,Win64,1,0.98999999999999999,6.8000352573394771
CodeBERT_unfrozen_s2028,threshold,Win64,1,0.995,6.800118851661682
CodeBERT_unfrozen_s2028,threshold,Win64,1,0.999,6.8003061361312866
CodeBERT_unfrozen_s2028,threshold,Win64,1,1,6.800673246383667
CodeBERT_unfrozen_s2028,threshold,Dot_Net,0,0.01,-6.263232946395874
CodeBERT_unfrozen_s2028,threshold,Dot_Net,0,0.10000000000000001,-6.2488439083099365
CodeBERT_unfrozen_s2028,threshold,Dot_Net,0,0.5,-6.1402504444122314
CodeBERT_unfrozen_s2028,threshold,Dot_Net,0,0.90000000000000002,-4.242665243148803
CodeBERT_unfrozen_s2028,threshold,Dot_Net,0,0.94999999999999996,0.37310950830581996
CodeBERT_unfrozen_s2028,threshold,Dot_Net,0,0.98999999999999999,4.8531522250175545
CodeBERT_unfrozen_s2028,threshold,Dot_Net,0,0.995,5.4798403310775825
CodeBERT_unfrozen_s2028,threshold,Dot_Net,0,0.999,6.5513812561035287
CodeBERT_unfrozen_s2028,threshold,Dot_Net,0,1,6.7969648838043213
CodeBERT_unfrozen_s2028,threshold,Dot_Net,1,0.01,-5.3742129802703857
CodeBERT_unfrozen_s2028,threshold,Dot_Net,1,0.10000000000000001,2.673940896987915
CodeBERT_unfrozen_s2028,threshold,Dot_Net,1,0.5,6.6405036449432373
CodeBERT_unfrozen_s2028,threshold,Dot_Net,1,0.90000000000000002,6.7979230880737305
CodeBERT_unfrozen_s2028,threshold,Dot_Net,1,0.94999999999999996,6.7989375591278076
CodeBERT_unfrozen_s2028,threshold,Dot_Net,1,0.98999999999999999,6.7995631694793701
CodeBERT_unfrozen_s2028,threshold,Dot_Net,1,0.995,6.799769401550293
CodeBERT_unfrozen_s2028,threshold,Dot_Net,1,0.999,6.8001773357391357
CodeBERT_unfrozen_s2028,threshold,Dot_Net,1,1,6.8006834983825684
CodeBERT_unfrozen_s2028,same_period,Win32,0,0.01,-6.2612803173065181
CodeBERT_unfrozen_s2028,same_period,Win32,0,0.10000000000000001,-6.2504581928253176
CodeBERT_unfrozen_s2028,same_period,Win32,0,0.5,-5.9900875091552734
CodeBERT_unfrozen_s2028,same_period,Win32,0,0.90000000000000002,-1.3738529741764072
CodeBERT_unfrozen_s2028,same_period,Win32,0,0.94999999999999996,2.5448628067970249
CodeBERT_unfrozen_s2028,same_period,Win32,0,0.98999999999999999,5.866207914352386
CodeBERT_unfrozen_s2028,same_period,Win32,0,0.995,6.6129742717742896
CodeBERT_unfrozen_s2028,same_period,Win32,0,0.999,6.7744380817413345
CodeBERT_unfrozen_s2028,same_period,Win32,0,1,6.7937965393066406
CodeBERT_unfrozen_s2028,same_period,Win32,1,0.01,-5.7019579172134396
CodeBERT_unfrozen_s2028,same_period,Win32,1,0.10000000000000001,0.52355583012104034
CodeBERT_unfrozen_s2028,same_period,Win32,1,0.5,6.7523760795593262
CodeBERT_unfrozen_s2028,same_period,Win32,1,0.90000000000000002,6.800168514251709
CodeBERT_unfrozen_s2028,same_period,Win32,1,0.94999999999999996,6.8004204034805298
CodeBERT_unfrozen_s2028,same_period,Win32,1,0.98999999999999999,6.8006991624832152
CodeBERT_unfrozen_s2028,same_period,Win32,1,0.995,6.8007553100585936
CodeBERT_unfrozen_s2028,same_period,Win32,1,0.999,6.8008277416229248
CodeBERT_unfrozen_s2028,same_period,Win32,1,1,6.8010296821594238
CodeBERT_unfrozen_s2028,same_period,Win64,0,0.01,-6.2607231426239016
CodeBERT_unfrozen_s2028,same_period,Win64,0,0.10000000000000001,-6.2389069080352781
CodeBERT_unfrozen_s2028,same_period,Win64,0,0.5,-6.1220483779907227
CodeBERT_unfrozen_s2028,same_period,Win64,0,0.90000000000000002,-4.0035216093063228
CodeBERT_unfrozen_s2028,same_period,Win64,0,0.94999999999999996,-0.29356466829777778
CodeBERT_unfrozen_s2028,same_period,Win64,0,0.98999999999999999,5.411359748840324
CodeBERT_unfrozen_s2028,same_period,Win64,0,0.995,6.3475219058990247
CodeBERT_unfrozen_s2028,same_period,Win64,0,0.999,6.7600232162475642
CodeBERT_unfrozen_s2028,same_period,Win64,0,1,6.7972710132598877
CodeBERT_unfrozen_s2028,same_period,Win64,1,0.01,-5.8069505977630618
CodeBERT_unfrozen_s2028,same_period,Win64,1,0.10000000000000001,3.6552534580230711
CodeBERT_unfrozen_s2028,same_period,Win64,1,0.5,6.7849512100219727
CodeBERT_unfrozen_s2028,same_period,Win64,1,0.90000000000000002,6.7995838165283207
CodeBERT_unfrozen_s2028,same_period,Win64,1,0.94999999999999996,6.7997900485992435
CodeBERT_unfrozen_s2028,same_period,Win64,1,0.98999999999999999,6.8000436687469481
CodeBERT_unfrozen_s2028,same_period,Win64,1,0.995,6.8000899958610539
CodeBERT_unfrozen_s2028,same_period,Win64,1,0.999,6.8002441477775575
CodeBERT_unfrozen_s2028,same_period,Win64,1,1,6.8002738952636719
CodeBERT_unfrozen_s2028,same_period,Dot_Net,0,0.01,-6.2634885549545292
CodeBERT_unfrozen_s2028,same_period,Dot_Net,0,0.10000000000000001,-6.2507645606994631
CodeBERT_unfrozen_s2028,same_period,Dot_Net,0,0.5,-6.1459367275238037
CodeBERT_unfrozen_s2028,same_period,Dot_Net,0,0.90000000000000002,-4.3881907939910887
CodeBERT_unfrozen_s2028,same_period,Dot_Net,0,0.94999999999999996,-1.3824670195579598
CodeBERT_unfrozen_s2028,same_period,Dot_Net,0,0.98999999999999999,4.6915229320526048
CodeBERT_unfrozen_s2028,same_period,Dot_Net,0,0.995,5.4030355882644727
CodeBERT_unfrozen_s2028,same_period,Dot_Net,0,0.999,6.5121487874985053
CodeBERT_unfrozen_s2028,same_period,Dot_Net,0,1,6.7380375862121582
CodeBERT_unfrozen_s2028,same_period,Dot_Net,1,0.01,-5.5525052547454834
CodeBERT_unfrozen_s2028,same_period,Dot_Net,1,0.10000000000000001,2.7076444625854492
CodeBERT_unfrozen_s2028,same_period,Dot_Net,1,0.5,6.6364262104034424
CodeBERT_unfrozen_s2028,same_period,Dot_Net,1,0.90000000000000002,6.7977011203765869
CodeBERT_unfrozen_s2028,same_period,Dot_Net,1,0.94999999999999996,6.7988607883453369
CodeBERT_unfrozen_s2028,same_period,Dot_Net,1,0.98999999999999999,6.7995920181274414
CodeBERT_unfrozen_s2028,same_period,Dot_Net,1,0.995,6.7998573780059814
CodeBERT_unfrozen_s2028,same_period,Dot_Net,1,0.999,6.8003380298614502
CodeBERT_unfrozen_s2028,same_period,Dot_Net,1,1,6.800731897354126
CodeBERT_unfrozen_s2028,test,Win32,0,0.01,-6.2619493722915651
CodeBERT_unfrozen_s2028,test,Win32,0,0.10000000000000001,-6.2580461025238039
CodeBERT_unfrozen_s2028,test,Win32,0,0.5,-6.0865978002548218
CodeBERT_unfrozen_s2028,test,Win32,0,0.90000000000000002,-2.9670136332511881
CodeBERT_unfrozen_s2028,test,Win32,0,0.94999999999999996,1.1490865305066098
CodeBERT_unfrozen_s2028,test,Win32,0,0.98999999999999999,5.3149034976959211
CodeBERT_unfrozen_s2028,test,Win32,0,0.995,5.9644029557704918
CodeBERT_unfrozen_s2028,test,Win32,0,0.999,6.7502761454582352
CodeBERT_unfrozen_s2028,test,Win32,0,1,6.7973310947418213
CodeBERT_unfrozen_s2028,test,Win32,1,0.01,-5.8547714495658871
CodeBERT_unfrozen_s2028,test,Win32,1,0.10000000000000001,-0.53848035372793668
CodeBERT_unfrozen_s2028,test,Win32,1,0.5,6.7434006929397583
CodeBERT_unfrozen_s2028,test,Win32,1,0.90000000000000002,6.8003649473190304
CodeBERT_unfrozen_s2028,test,Win32,1,0.94999999999999996,6.8005189895629883
CodeBERT_unfrozen_s2028,test,Win32,1,0.98999999999999999,6.8007556700706484
CodeBERT_unfrozen_s2028,test,Win32,1,0.995,6.8007863926887513
CodeBERT_unfrozen_s2028,test,Win32,1,0.999,6.8008497350215915
CodeBERT_unfrozen_s2028,test,Win32,1,1,6.8008701801300049
CodeBERT_unfrozen_s2028,test,Win64,0,0.01,-6.2613979244232176
CodeBERT_unfrozen_s2028,test,Win64,0,0.10000000000000001,-6.2420601844787598
CodeBERT_unfrozen_s2028,test,Win64,0,0.5,-6.1402409076690674
CodeBERT_unfrozen_s2028,test,Win64,0,0.90000000000000002,-4.2635935306549069
CodeBERT_unfrozen_s2028,test,Win64,0,0.94999999999999996,-1.0266626596450874
CodeBERT_unfrozen_s2028,test,Win64,0,0.98999999999999999,5.5508803176879784
CodeBERT_unfrozen_s2028,test,Win64,0,0.995,6.3874321174621373
CodeBERT_unfrozen_s2028,test,Win64,0,0.999,6.7884237632751461
CodeBERT_unfrozen_s2028,test,Win64,0,1,6.7990646362304688
CodeBERT_unfrozen_s2028,test,Win64,1,0.01,-5.8989431858062744
CodeBERT_unfrozen_s2028,test,Win64,1,0.10000000000000001,-0.071094162762165014
CodeBERT_unfrozen_s2028,test,Win64,1,0.5,6.6229050159454346
CodeBERT_unfrozen_s2028,test,Win64,1,0.90000000000000002,6.798492431640625
CodeBERT_unfrozen_s2028,test,Win64,1,0.94999999999999996,6.7988454580307005
CodeBERT_unfrozen_s2028,test,Win64,1,0.98999999999999999,6.7997749042510982
CodeBERT_unfrozen_s2028,test,Win64,1,0.995,6.8000132870674133
CodeBERT_unfrozen_s2028,test,Win64,1,0.999,6.8002423710823061
CodeBERT_unfrozen_s2028,test,Win64,1,1,6.8005020618438721
CodeBERT_unfrozen_s2028,test,Dot_Net,0,0.01,-6.2631990504264827
CodeBERT_unfrozen_s2028,test,Dot_Net,0,0.10000000000000001,-6.2568998336791992
CodeBERT_unfrozen_s2028,test,Dot_Net,0,0.5,-6.1598755121231079
CodeBERT_unfrozen_s2028,test,Dot_Net,0,0.90000000000000002,-4.206649136543275
CodeBERT_unfrozen_s2028,test,Dot_Net,0,0.94999999999999996,0.84235932603475583
CodeBERT_unfrozen_s2028,test,Dot_Net,0,0.98999999999999999,5.2362603020668024
CodeBERT_unfrozen_s2028,test,Dot_Net,0,0.995,6.3052337539196168
CodeBERT_unfrozen_s2028,test,Dot_Net,0,0.999,6.7630086727142338
CodeBERT_unfrozen_s2028,test,Dot_Net,0,1,6.7991418838500977
CodeBERT_unfrozen_s2028,test,Dot_Net,1,0.01,-5.2914667844772341
CodeBERT_unfrozen_s2028,test,Dot_Net,1,0.10000000000000001,2.734727144241333
CodeBERT_unfrozen_s2028,test,Dot_Net,1,0.5,6.6981601715087891
CodeBERT_unfrozen_s2028,test,Dot_Net,1,0.90000000000000002,6.7982724905014038
CodeBERT_unfrozen_s2028,test,Dot_Net,1,0.94999999999999996,6.7989535331726074
CodeBERT_unfrozen_s2028,test,Dot_Net,1,0.98999999999999999,6.7997015595436094
CodeBERT_unfrozen_s2028,test,Dot_Net,1,0.995,6.7999397456645969
CodeBERT_unfrozen_s2028,test,Dot_Net,1,0.999,6.8003639650344851
CodeBERT_unfrozen_s2028,test,Dot_Net,1,1,6.8007504940032959
