model,policy,group,target_fpr,cutoff,benign,allowed_fp,achieved_fp
LightGBM,pooled,Pooled,0.001,5.9359208380171999,29889,29,29
LightGBM,per_format,Win32,0.001,5.4288304277500528,9937,9,9
LightGBM,per_format,Win64,0.001,5.9873150388475214,9953,9,9
LightGBM,per_format,Dot_Net,0.001,5.9659878302025344,9999,9,9
LightGBM,pooled,Pooled,0.0050000000000000001,3.2649688805520385,29889,149,149
LightGBM,per_format,Win32,0.0050000000000000001,3.041645804157127,9937,49,49
LightGBM,per_format,Win64,0.0050000000000000001,3.0500230209853809,9953,49,49
LightGBM,per_format,Dot_Net,0.0050000000000000001,3.7884967433915318,9999,49,49
LightGBM,pooled,Pooled,0.01,1.9283776551672882,29889,298,298
LightGBM,per_format,Win32,0.01,1.8155118137652679,9937,99,99
LightGBM,per_format,Win64,0.01,1.3233029269940602,9953,99,99
LightGBM,per_format,Dot_Net,0.01,2.5077518145583264,9999,99,99
LightGBM,pooled,Pooled,0.050000000000000003,-1.863319412919006,29889,1494,1494
LightGBM,per_format,Win32,0.050000000000000003,-1.3327673128181095,9937,496,496
LightGBM,per_format,Win64,0.050000000000000003,-2.5925718047920254,9953,497,497
LightGBM,per_format,Dot_Net,0.050000000000000003,-2.05979877289563,9999,499,499
TFIDF_full,pooled,Pooled,0.001,5.5703683293775308,29889,29,29
TFIDF_full,per_format,Win32,0.001,5.5256145313296035,9937,9,9
TFIDF_full,per_format,Win64,0.001,4.7017811951610433,9953,9,9
TFIDF_full,per_format,Dot_Net,0.001,6.1280594490455425,9999,9,9
TFIDF_full,pooled,Pooled,0.0050000000000000001,3.5177138435195059,29889,149,149
TFIDF_full,per_format,Win32,0.0050000000000000001,3.2866500684334086,9937,49,49
TFIDF_full,per_format,Win64,0.0050000000000000001,2.8496776746213341,9953,49,49
TFIDF_full,per_format,Dot_Net,0.0050000000000000001,4.380259438344634,9999,49,49
TFIDF_full,pooled,Pooled,0.01,2.5546206025422826,29889,298,298
TFIDF_full,per_format,Win32,0.01,2.0893030533353159,9937,99,99
TFIDF_full,per_format,Win64,0.01,1.7280033831219781,9953,99,99
TFIDF_full,per_format,Dot_Net,0.01,3.1869342001506014,9999,99,99
TFIDF_full,pooled,Pooled,0.050000000000000003,-0.20065649942636041,29889,1494,1494
TFIDF_full,per_format,Win32,0.050000000000000003,0.0065396490382375614,9937,496,496
TFIDF_full,per_format,Win64,0.050000000000000003,-0.71815407300202683,9953,497,497
TFIDF_full,per_format,Dot_Net,0.050000000000000003,0.076174272543013136,9999,499,499
TFIDF_prefix,pooled,Pooled,0.001,5.6811276183624342,29889,29,29
TFIDF_prefix,per_format,Win32,0.001,5.4141735836413822,9937,9,9
TFIDF_prefix,per_format,Win64,0.001,5.134866298196318,9953,9,9
TFIDF_prefix,per_format,Dot_Net,0.001,6.0971511154299964,9999,9,9
TFIDF_prefix,pooled,Pooled,0.0050000000000000001,3.7365446268123574,29889,149,149
TFIDF_prefix,per_format,Win32,0.0050000000000000001,3.6208229694232967,9937,49,49
TFIDF_prefix,per_format,Win64,0.0050000000000000001,3.1387227348711613,9953,49,49
TFIDF_prefix,per_format,Dot_Net,0.0050000000000000001,4.1917552676792411,9999,49,49
TFIDF_prefix,pooled,Pooled,0.01,2.8400845987889904,29889,298,298
TFIDF_prefix,per_format,Win32,0.01,2.6535319708906466,9937,99,99
TFIDF_prefix,per_format,Win64,0.01,2.3720802761349846,9953,99,99
TFIDF_prefix,per_format,Dot_Net,0.01,3.327391593486869,9999,99,99
TFIDF_prefix,pooled,Pooled,0.050000000000000003,0.46858758060216138,29889,1494,1494
TFIDF_prefix,per_format,Win32,0.050000000000000003,0.73009963524827326,9937,496,496
TFIDF_prefix,per_format,Win64,0.050000000000000003,0.23670078913620304,9953,497,497
TFIDF_prefix,per_format,Dot_Net,0.050000000000000003,0.20958075617426494,9999,499,499
TFIDF_bpe_prefix,pooled,Pooled,0.001,4.9429973756596279,29889,29,29
TFIDF_bpe_prefix,per_format,Win32,0.001,4.6599114586716146,9937,9,9
TFIDF_bpe_prefix,per_format,Win64,0.001,4.0374780502418739,9953,9,9
TFIDF_bpe_prefix,per_format,Dot_Net,0.001,5.4397366059631675,9999,9,9
TFIDF_bpe_prefix,pooled,Pooled,0.0050000000000000001,3.2140430041007222,29889,149,149
TFIDF_bpe_prefix,per_format,Win32,0.0050000000000000001,2.7035179226667903,9937,49,49
TFIDF_bpe_prefix,per_format,Win64,0.0050000000000000001,2.6652408128237934,9953,49,49
TFIDF_bpe_prefix,per_format,Dot_Net,0.0050000000000000001,3.8592930873428339,9999,49,49
TFIDF_bpe_prefix,pooled,Pooled,0.01,2.3961224121709326,29889,298,298
TFIDF_bpe_prefix,per_format,Win32,0.01,2.0681425844146362,9937,99,99
TFIDF_bpe_prefix,per_format,Win64,0.01,2.114404150123018,9953,99,99
TFIDF_bpe_prefix,per_format,Dot_Net,0.01,3.1271242531957228,9999,99,99
TFIDF_bpe_prefix,pooled,Pooled,0.050000000000000003,0.56507284723625795,29889,1494,1494
TFIDF_bpe_prefix,per_format,Win32,0.050000000000000003,0.62376001361183608,9937,496,496
TFIDF_bpe_prefix,per_format,Win64,0.050000000000000003,0.36841601303036514,9953,497,497
TFIDF_bpe_prefix,per_format,Dot_Net,0.050000000000000003,0.69535821369998685,9999,499,499
CodeBERT_partial_s2026,pooled,Pooled,0.001,7.4581539630889901,29889,29,29
CodeBERT_partial_s2026,per_format,Win32,0.001,7.4935584068298349,9937,9,9
CodeBERT_partial_s2026,per_format,Win64,0.001,7.5527851581573495,9953,9,9
CodeBERT_partial_s2026,per_format,Dot_Net,0.001,7.2788925170898446,9999,9,9
CodeBERT_partial_s2026,pooled,Pooled,0.0050000000000000001,6.754634141921998,29889,149,149
CodeBERT_partial_s2026,per_format,Win32,0.0050000000000000001,6.8602871894836435,9937,49,49
CodeBERT_partial_s2026,per_format,Win64,0.0050000000000000001,6.8586373329162607,9953,49,49
CodeBERT_partial_s2026,per_format,Dot_Net,0.0050000000000000001,6.4505033493042001,9999,49,49
CodeBERT_partial_s2026,pooled,Pooled,0.01,5.889949083328248,29889,298,298
CodeBERT_partial_s2026,per_format,Win32,0.01,6.108243703842164,9937,99,99
CodeBERT_partial_s2026,per_format,Win64,0.01,5.9029338359832773,9953,99,99
CodeBERT_partial_s2026,per_format,Dot_Net,0.01,5.2882077693939218,9999,99,99
CodeBERT_partial_s2026,pooled,Pooled,0.050000000000000003,2.2052936553955083,29889,1494,1494
CodeBERT_partial_s2026,per_format,Win32,0.050000000000000003,3.3174329996109013,9937,496,496
CodeBERT_partial_s2026,per_format,Win64,0.050000000000000003,-0.5165797472000121,9953,497,497
CodeBERT_partial_s2026,per_format,Dot_Net,0.050000000000000003,0.73719891905784618,9999,499,499
CodeBERT_partial_s2027,pooled,Pooled,0.001,7.2843220233917245,29889,29,29
CodeBERT_partial_s2027,per_format,Win32,0.001,7.2962186336517343,9937,9,9
CodeBERT_partial_s2027,per_format,Win64,0.001,7.2843220233917245,9953,9,9
CodeBERT_partial_s2027,per_format,Dot_Net,0.001,7.293001890182496,9999,9,9
CodeBERT_partial_s2027,pooled,Pooled,0.0050000000000000001,6.6709182262420663,29889,149,149
CodeBERT_partial_s2027,per_format,Win32,0.0050000000000000001,6.7012498378753671,9937,49,49
CodeBERT_partial_s2027,per_format,Win64,0.0050000000000000001,6.6593754291534433,9953,49,49
CodeBERT_partial_s2027,per_format,Dot_Net,0.0050000000000000001,6.6709182262420663,9999,49,49
CodeBERT_partial_s2027,pooled,Pooled,0.01,5.9974915981292733,29889,298,298
CodeBERT_partial_s2027,per_format,Win32,0.01,6.0073630809783944,9937,99,99
CodeBERT_partial_s2027,per_format,Win64,0.01,6.0796732902526864,9953,99,99
CodeBERT_partial_s2027,per_format,Dot_Net,0.01,5.8432047367095956,9999,99,99
CodeBERT_partial_s2027,pooled,Pooled,0.050000000000000003,2.0968989729881291,29889,1494,1494
CodeBERT_partial_s2027,per_format,Win32,0.050000000000000003,2.751474261283875,9937,496,496
CodeBERT_partial_s2027,per_format,Win64,0.050000000000000003,-2.0292971134185787,9953,497,497
CodeBERT_partial_s2027,per_format,Dot_Net,0.050000000000000003,2.1817941665649419,9999,499,499
CodeBERT_partial_s2028,pooled,Pooled,0.001,7.9819817543029794,29889,29,29
CodeBERT_partial_s2028,per_format,Win32,0.001,8.0184521675109881,9937,9,9
CodeBERT_partial_s2028,per_format,Win64,0.001,8.006629943847658,9953,9,9
CodeBERT_partial_s2028,per_format,Dot_Net,0.001,7.8370871543884286,9999,9,9
CodeBERT_partial_s2028,pooled,Pooled,0.0050000000000000001,7.3989684581756601,29889,149,149
CodeBERT_partial_s2028,per_format,Win32,0.0050000000000000001,7.4847104549407968,9937,49,49
CodeBERT_partial_s2028,per_format,Win64,0.0050000000000000001,7.4545016288757333,9953,49,49
CodeBERT_partial_s2028,per_format,Dot_Net,0.0050000000000000001,7.185826539993287,9999,49,49
CodeBERT_partial_s2028,pooled,Pooled,0.01,6.5134356021881112,29889,298,298
CodeBERT_partial_s2028,per_format,Win32,0.01,6.8167831897735605,9937,99,99
CodeBERT_partial_s2028,per_format,Win64,0.01,6.5506112575531015,9953,99,99
CodeBERT_partial_s2028,per_format,Dot_Net,0.01,6.1183423995971689,9999,99,99
CodeBERT_partial_s2028,pooled,Pooled,0.050000000000000003,1.782397508621216,29889,1494,1494
CodeBERT_partial_s2028,per_format,Win32,0.050000000000000003,2.6976836323738103,9937,496,496
CodeBERT_partial_s2028,per_format,Win64,0.050000000000000003,-0.022849529981613156,9953,497,497
CodeBERT_partial_s2028,per_format,Dot_Net,0.050000000000000003,1.3356640785932543,9999,499,499
CodeBERT_unfrozen_s2026,pooled,Pooled,0.001,5.8460748195648202,29889,29,29
CodeBERT_unfrozen_s2026,per_format,Win32,0.001,5.8479707241058358,9937,9,9
CodeBERT_unfrozen_s2026,per_format,Win64,0.001,5.8396403789520273,9953,9,9
CodeBERT_unfrozen_s2026,per_format,Dot_Net,0.001,5.8577096462249765,9999,9,9
CodeBERT_unfrozen_s2026,pooled,Pooled,0.0050000000000000001,5.6492562294006357,29889,149,149
CodeBERT_unfrozen_s2026,per_format,Win32,0.0050000000000000001,5.6590025424957284,9937,49,49
CodeBERT_unfrozen_s2026,per_format,Win64,0.0050000000000000001,5.599363088607789,9953,49,49
CodeBERT_unfrozen_s2026,per_format,Dot_Net,0.0050000000000000001,5.6878941059112558,9999,49,49
CodeBERT_unfrozen_s2026,pooled,Pooled,0.01,4.9404785633087167,29889,298,298
CodeBERT_unfrozen_s2026,per_format,Win32,0.01,5.0988876819610605,9937,99,99
CodeBERT_unfrozen_s2026,per_format,Win64,0.01,4.6811506748199472,9953,99,99
CodeBERT_unfrozen_s2026,per_format,Dot_Net,0.01,5.1219654083251962,9999,99,99
CodeBERT_unfrozen_s2026,pooled,Pooled,0.050000000000000003,0.99950563907623302,29889,1494,1494
CodeBERT_unfrozen_s2026,per_format,Win32,0.050000000000000003,1.8240315914154055,9937,496,496
CodeBERT_unfrozen_s2026,per_format,Win64,0.050000000000000003,-1.2947306632995603,9953,497,497
CodeBERT_unfrozen_s2026,per_format,Dot_Net,0.050000000000000003,1.2028543949127199,9999,499,499
CodeBERT_unfrozen_s2027,pooled,Pooled,0.001,7.7275176048278817,29889,29,29
CodeBERT_unfrozen_s2027,per_format,Win32,0.001,7.7275292873382577,9937,9,9
CodeBERT_unfrozen_s2027,per_format,Win64,0.001,7.7670428752899179,9953,9,9
CodeBERT_unfrozen_s2027,per_format,Dot_Net,0.001,7.6212420463562021,9999,9,9
CodeBERT_unfrozen_s2027,pooled,Pooled,0.0050000000000000001,7.3036692142486581,29889,149,149
CodeBERT_unfrozen_s2027,per_format,Win32,0.0050000000000000001,7.3747575283050546,9937,49,49
CodeBERT_unfrozen_s2027,per_format,Win64,0.0050000000000000001,7.3332066535949716,9953,49,49
CodeBERT_unfrozen_s2027,per_format,Dot_Net,0.0050000000000000001,7.1487295627594003,9999,49,49
CodeBERT_unfrozen_s2027,pooled,Pooled,0.01,6.7268836498260507,29889,298,298
CodeBERT_unfrozen_s2027,per_format,Win32,0.01,6.8885424137115487,9937,99,99
CodeBERT_unfrozen_s2027,per_format,Win64,0.01,6.7240684032440194,9953,99,99
CodeBERT_unfrozen_s2027,per_format,Dot_Net,0.01,6.5643658638000497,9999,99,99
CodeBERT_unfrozen_s2027,pooled,Pooled,0.050000000000000003,1.0946134030818941,29889,1494,1494
CodeBERT_unfrozen_s2027,per_format,Win32,0.050000000000000003,2.5256575345993046,9937,496,495
CodeBERT_unfrozen_s2027,per_format,Win64,0.050000000000000003,-3.114558100700378,9953,497,497
CodeBERT_unfrozen_s2027,per_format,Dot_Net,0.050000000000000003,0.94338357448577892,9999,499,499
CodeBERT_unfrozen_s2028,pooled,Pooled,0.001,6.7669565677642831,29889,29,29
CodeBERT_unfrozen_s2028,per_format,Win32,0.001,6.7882535457611093,9937,9,9
CodeBERT_unfrozen_s2028,per_format,Win64,0.001,6.778820514678956,9953,9,9
CodeBERT_unfrozen_s2028,per_format,Dot_Net,0.001,6.5834567546844491,9999,9,9
CodeBERT_unfrozen_s2028,pooled,Pooled,0.0050000000000000001,6.1803476810455331,29889,149,149
CodeBERT_unfrozen_s2028,per_format,Win32,0.0050000000000000001,6.5305244922637948,9937,49,49
CodeBERT_unfrozen_s2028,per_format,Win64,0.0050000000000000001,6.2943871021270761,9953,49,49
CodeBERT_unfrozen_s2028,per_format,Dot_Net,0.0050000000000000001,5.5103411674499521,9999,49,49
CodeBERT_unfrozen_s2028,pooled,Pooled,0.01,5.3845636844635019,29889,298,298
CodeBERT_unfrozen_s2028,per_format,Win32,0.01,5.7363016605377206,9937,99,99
CodeBERT_unfrozen_s2028,per_format,Win64,0.01,5.5696177482604989,9953,99,99
CodeBERT_unfrozen_s2028,per_format,Dot_Net,0.01,4.8685356378555307,9999,99,99
CodeBERT_unfrozen_s2028,pooled,Pooled,0.050000000000000003,1.6153327226638796,29889,1494,1494
CodeBERT_unfrozen_s2028,per_format,Win32,0.050000000000000003,2.305713534355164,9937,496,496
CodeBERT_unfrozen_s2028,per_format,Win64,0.050000000000000003,-0.24158112704753873,9953,497,497
CodeBERT_unfrozen_s2028,per_format,Dot_Net,0.050000000000000003,0.45213855477049952,9999,499,499
LightGBM__temperature,pooled,Pooled,0.001,3.9235904830444679,29889,29,29
LightGBM__temperature,per_format,Win32,0.001,3.5884082658180176,9937,9,9
LightGBM__temperature,per_format,Win64,0.001,3.9575615892576841,9953,9,9
LightGBM__temperature,per_format,Dot_Net,0.001,3.9434644954532243,9999,9,9
LightGBM__temperature,pooled,Pooled,0.0050000000000000001,2.1581151731547417,29889,149,149
LightGBM__temperature,per_format,Win32,0.0050000000000000001,2.0105006208218676,9937,49,49
LightGBM__temperature,per_format,Win64,0.0050000000000000001,2.0160378860783763,9953,49,49
LightGBM__temperature,per_format,Dot_Net,0.0050000000000000001,2.5041623992379973,9999,49,49
LightGBM__temperature,pooled,Pooled,0.01,1.2746403501663504,29889,298,298
LightGBM__temperature,per_format,Win32,0.01,1.2000370403732741,9937,99,99
LightGBM__temperature,per_format,Win64,0.01,0.87469137682656839,9953,99,99
LightGBM__temperature,per_format,Dot_Net,0.01,1.657601477839997,9999,99,99
LightGBM__temperature,pooled,Pooled,0.050000000000000003,-1.2316374350172614,29889,1494,1494
LightGBM__temperature,per_format,Win32,0.050000000000000003,-0.88094725104734151,9937,496,496
LightGBM__temperature,per_format,Win64,0.050000000000000003,-1.7136667313254248,9953,497,497
LightGBM__temperature,per_format,Dot_Net,0.050000000000000003,-1.3615085313401125,9999,499,499
LightGBM__isotonic,pooled,Pooled,0.001,0.98341625207296857,29889,29,21
LightGBM__isotonic,per_format,Win32,0.001,0.98341625207296857,9937,9,6
LightGBM__isotonic,per_format,Win64,0.001,0.98341625207296857,9953,9,6
LightGBM__isotonic,per_format,Dot_Net,0.001,0.98341625207296857,9999,9,9
LightGBM__isotonic,pooled,Pooled,0.0050000000000000001,0.93939393939393956,29889,149,116
LightGBM__isotonic,per_format,Win32,0.0050000000000000001,0.87719298245614041,9937,49,41
LightGBM__isotonic,per_format,Win64,0.0050000000000000001,0.87719298245614041,9953,49,41
LightGBM__isotonic,per_format,Dot_Net,0.0050000000000000001,0.94285714285714295,9999,49,35
LightGBM__isotonic,pooled,Pooled,0.01,0.74358974358974372,29889,298,256
LightGBM__isotonic,per_format,Win32,0.01,0.74358974358974372,9937,99,74
LightGBM__isotonic,per_format,Win64,0.01,0.74358974358974372,9953,99,71
LightGBM__isotonic,per_format,Dot_Net,0.01,0.85365853658536595,9999,99,81
LightGBM__isotonic,pooled,Pooled,0.050000000000000003,0.1633663366336634,29889,1494,1391
LightGBM__isotonic,per_format,Win32,0.050000000000000003,0.25381000512962509,9937,496,496
LightGBM__isotonic,per_format,Win64,0.050000000000000003,0.1633663366336634,9953,497,350
LightGBM__isotonic,per_format,Dot_Net,0.050000000000000003,0.1633663366336634,9999,499,450
LightGBM__isotonic_tiebreak,pooled,Pooled,0.001,5.9359208380171999,29889,29,29
LightGBM__isotonic_tiebreak,per_format,Win32,0.001,5.4288304277500528,9937,9,9
LightGBM__isotonic_tiebreak,per_format,Win64,0.001,5.9873150388475214,9953,9,9
LightGBM__isotonic_tiebreak,per_format,Dot_Net,0.001,5.9659878302025344,9999,9,9
LightGBM__isotonic_tiebreak,pooled,Pooled,0.0050000000000000001,3.2649688805520385,29889,149,149
LightGBM__isotonic_tiebreak,per_format,Win32,0.0050000000000000001,3.041645804157127,9937,49,49
LightGBM__isotonic_tiebreak,per_format,Win64,0.0050000000000000001,3.0500230209853809,9953,49,49
LightGBM__isotonic_tiebreak,per_format,Dot_Net,0.0050000000000000001,3.7884967433915318,9999,49,49
LightGBM__isotonic_tiebreak,pooled,Pooled,0.01,1.9283776551672882,29889,298,298
LightGBM__isotonic_tiebreak,per_format,Win32,0.01,1.8155118137652679,9937,99,99
LightGBM__isotonic_tiebreak,per_format,Win64,0.01,1.3233029269940602,9953,99,99
LightGBM__isotonic_tiebreak,per_format,Dot_Net,0.01,2.5077518145583264,9999,99,99
LightGBM__isotonic_tiebreak,pooled,Pooled,0.050000000000000003,-1.863319412919006,29889,1494,1494
LightGBM__isotonic_tiebreak,per_format,Win32,0.050000000000000003,-1.3327673128181095,9937,496,496
LightGBM__isotonic_tiebreak,per_format,Win64,0.050000000000000003,-2.5925718047920254,9953,497,497
LightGBM__isotonic_tiebreak,per_format,Dot_Net,0.050000000000000003,-2.05979877289563,9999,499,499
LightGBM__format_platt,pooled,Pooled,0.001,3.9417253037326319,29889,29,29
LightGBM__format_platt,per_format,Win32,0.001,4.0449133593345739,9937,9,9
LightGBM__format_platt,per_format,Win64,0.001,4.0220223816009613,9953,9,9
LightGBM__format_platt,per_format,Dot_Net,0.001,3.7488624528096892,9999,9,9
LightGBM__format_platt,pooled,Pooled,0.0050000000000000001,2.2206276681475359,29889,149,149
LightGBM__format_platt,per_format,Win32,0.0050000000000000001,2.3375588440780923,9937,49,49
LightGBM__format_platt,per_format,Win64,0.0050000000000000001,2.1122845599268549,9953,49,49
LightGBM__format_platt,per_format,Dot_Net,0.0050000000000000001,2.3657569885635583,9999,49,49
LightGBM__format_platt,pooled,Pooled,0.01,1.3894487224394265,29889,298,298
LightGBM__format_platt,per_format,Win32,0.01,1.4606072316576983,9937,99,99
LightGBM__format_platt,per_format,Win64,0.01,0.98962373802465087,9953,99,99
LightGBM__format_platt,per_format,Dot_Net,0.01,1.5522494981751582,9999,99,99
LightGBM__format_platt,pooled,Pooled,0.050000000000000003,-1.1619552275175875,29889,1494,1494
LightGBM__format_platt,per_format,Win32,0.050000000000000003,-0.79109484824664622,9937,496,496
LightGBM__format_platt,per_format,Win64,0.050000000000000003,-1.5563587638012277,9953,497,497
LightGBM__format_platt,per_format,Dot_Net,0.050000000000000003,-1.3489812871045237,9999,499,499
TFIDF_full__temperature,pooled,Pooled,0.001,4.890546705269295,29889,29,29
TFIDF_full__temperature,per_format,Win32,0.001,4.8512547721959871,9937,9,9
TFIDF_full__temperature,per_format,Win64,0.001,4.1279641081582659,9953,9,9
TFIDF_full__temperature,per_format,Dot_Net,0.001,5.3801758117443992,9999,9,9
TFIDF_full__temperature,pooled,Pooled,0.0050000000000000001,3.0884032850709073,29889,149,149
TFIDF_full__temperature,per_format,Win32,0.0050000000000000001,2.8855391085684761,9937,49,49
TFIDF_full__temperature,per_format,Win64,0.0050000000000000001,2.5018959139917749,9953,49,49
TFIDF_full__temperature,per_format,Dot_Net,0.0050000000000000001,3.8456816673045568,9999,49,49
TFIDF_full__temperature,pooled,Pooled,0.01,2.2428483418388829,29889,298,298
TFIDF_full__temperature,per_format,Win32,0.01,1.8343193052262514,9937,99,99
TFIDF_full__temperature,per_format,Win64,0.01,1.517113546594816,9953,99,99
TFIDF_full__temperature,per_format,Dot_Net,0.01,2.7979928131966498,9999,99,99
TFIDF_full__temperature,pooled,Pooled,0.050000000000000003,-0.176167880494559,29889,1494,1494
TFIDF_full__temperature,per_format,Win32,0.050000000000000003,0.005741533982393611,9937,496,496
TFIDF_full__temperature,per_format,Win64,0.050000000000000003,-0.63050876134581557,9953,497,497
TFIDF_full__temperature,per_format,Dot_Net,0.050000000000000003,0.066877774607257898,9999,499,499
TFIDF_full__isotonic,pooled,Pooled,0.001,0.99396135265700492,29889,29,19
TFIDF_full__isotonic,per_format,Win32,0.001,0.99396135265700492,9937,9,8
TFIDF_full__isotonic,per_format,Win64,0.001,0.98484848484848497,9953,9,8
TFIDF_full__isotonic,per_format,Dot_Net,0.001,0.99396135265700492,9999,9,9
TFIDF_full__isotonic,pooled,Pooled,0.0050000000000000001,0.96258503401360551,29889,149,112
TFIDF_full__isotonic,per_format,Win32,0.0050000000000000001,0.93916349809885946,9937,49,47
TFIDF_full__isotonic,per_format,Win64,0.0050000000000000001,0.93916349809885946,9953,49,33
TFIDF_full__isotonic,per_format,Dot_Net,0.0050000000000000001,0.97604790419161691,9999,49,39
TFIDF_full__isotonic,pooled,Pooled,0.01,0.91925465838509324,29889,298,242
TFIDF_full__isotonic,per_format,Win32,0.01,0.86029411764705899,9937,99,98
TFIDF_full__isotonic,per_format,Win64,0.01,0.81690140845070436,9953,99,96
TFIDF_full__isotonic,per_format,Dot_Net,0.01,0.93916349809885946,9999,99,88
TFIDF_full__isotonic,pooled,Pooled,0.050000000000000003,0.43750000000000006,29889,1494,1492
TFIDF_full__isotonic,per_format,Win32,0.050000000000000003,0.50000000000000022,9937,496,468
TFIDF_full__isotonic,per_format,Win64,0.050000000000000003,0.41666666666666674,9953,497,414
TFIDF_full__isotonic,per_format,Dot_Net,0.050000000000000003,0.50000000000000022,9999,499,493
TFIDF_full__isotonic_tiebreak,pooled,Pooled,0.001,5.5703683293775308,29889,29,29
TFIDF_full__isotonic_tiebreak,per_format,Win32,0.001,5.5256145313296035,9937,9,9
TFIDF_full__isotonic_tiebreak,per_format,Win64,0.001,4.7017811951610433,9953,9,9
TFIDF_full__isotonic_tiebreak,per_format,Dot_Net,0.001,6.1280594490455425,9999,9,9
TFIDF_full__isotonic_tiebreak,pooled,Pooled,0.0050000000000000001,3.5177138435195059,29889,149,149
TFIDF_full__isotonic_tiebreak,per_format,Win32,0.0050000000000000001,3.2866500684334086,9937,49,49
TFIDF_full__isotonic_tiebreak,per_format,Win64,0.0050000000000000001,2.8496776746213341,9953,49,49
TFIDF_full__isotonic_tiebreak,per_format,Dot_Net,0.0050000000000000001,4.380259438344634,9999,49,49
TFIDF_full__isotonic_tiebreak,pooled,Pooled,0.01,2.5546206025422826,29889,298,298
TFIDF_full__isotonic_tiebreak,per_format,Win32,0.01,2.0893030533353159,9937,99,99
TFIDF_full__isotonic_tiebreak,per_format,Win64,0.01,1.7280033831219781,9953,99,99
TFIDF_full__isotonic_tiebreak,per_format,Dot_Net,0.01,3.1869342001506014,9999,99,99
TFIDF_full__isotonic_tiebreak,pooled,Pooled,0.050000000000000003,-0.20065649942636041,29889,1494,1494
TFIDF_full__isotonic_tiebreak,per_format,Win32,0.050000000000000003,0.0065396490382375614,9937,496,496
TFIDF_full__isotonic_tiebreak,per_format,Win64,0.050000000000000003,-0.71815407300202683,9953,497,497
TFIDF_full__isotonic_tiebreak,per_format,Dot_Net,0.050000000000000003,0.076174272543013136,9999,499,499
TFIDF_full__format_platt,pooled,Pooled,0.001,4.8283826281966595,29889,29,29
TFIDF_full__format_platt,per_format,Win32,0.001,5.1061836415745212,9937,9,9
TFIDF_full__format_platt,per_format,Win64,0.001,4.5956309229445367,9953,9,9
TFIDF_full__format_platt,per_format,Dot_Net,0.001,4.8158112693119461,9999,9,9
TFIDF_full__format_platt,pooled,Pooled,0.0050000000000000001,3.060550156144735,29889,149,149
TFIDF_full__format_platt,per_format,Win32,0.0050000000000000001,3.0477666920719146,9937,49,49
TFIDF_full__format_platt,per_format,Win64,0.0050000000000000001,2.8069451746631469,9953,49,49
TFIDF_full__format_platt,per_format,Dot_Net,0.0050000000000000001,3.4543535316805154,9999,49,49
TFIDF_full__format_platt,pooled,Pooled,0.01,2.1924669620114439,29889,298,298
TFIDF_full__format_platt,per_format,Win32,0.01,1.9469723600680231,9937,99,99
TFIDF_full__format_platt,per_format,Win64,0.01,1.7236780693590787,9953,99,99
TFIDF_full__format_platt,per_format,Dot_Net,0.01,2.5248067476645293,9999,99,99
TFIDF_full__format_platt,pooled,Pooled,0.050000000000000003,-0.14844667929621452,29889,1494,1494
TFIDF_full__format_platt,per_format,Win32,0.050000000000000003,0.032160595854852918,9937,496,496
TFIDF_full__format_platt,per_format,Win64,0.050000000000000003,-0.63872064718040455,9953,497,497
TFIDF_full__format_platt,per_format,Dot_Net,0.050000000000000003,0.10166442736168256,9999,499,499
TFIDF_prefix__temperature,pooled,Pooled,0.001,4.7283590583778352,29889,29,29
TFIDF_prefix__temperature,per_format,Win32,0.001,4.5061752573725631,9937,9,9
TFIDF_prefix__temperature,per_format,Win64,0.001,4.2737099402871896,9953,9,9
TFIDF_prefix__temperature,per_format,Dot_Net,0.001,5.0746122325715257,9999,9,9
TFIDF_prefix__temperature,pooled,Pooled,0.0050000000000000001,3.1098975098035031,29889,149,149
TFIDF_prefix__temperature,per_format,Win32,0.0050000000000000001,3.0135832595836174,9937,49,49
TFIDF_prefix__temperature,per_format,Win64,0.0050000000000000001,2.6123349222424932,9953,49,49
TFIDF_prefix__temperature,per_format,Dot_Net,0.0050000000000000001,3.4887658440151763,9999,49,49
TFIDF_prefix__temperature,pooled,Pooled,0.01,2.3637806860452382,29889,298,298
TFIDF_prefix__temperature,per_format,Win32,0.01,2.2085143608994597,9937,99,99
TFIDF_prefix__temperature,per_format,Win64,0.01,1.974264268348761,9953,99,99
TFIDF_prefix__temperature,per_format,Dot_Net,0.01,2.7693625700260034,9999,99,99
TFIDF_prefix__temperature,pooled,Pooled,0.050000000000000003,0.39000185882503335,29889,1494,1494
TFIDF_prefix__temperature,per_format,Win32,0.050000000000000003,0.60765634144293412,9937,496,496
TFIDF_prefix__temperature,per_format,Win64,0.050000000000000003,0.1970042561303974,9953,497,497
TFIDF_prefix__temperature,per_format,Dot_Net,0.050000000000000003,0.17443246015373032,9999,499,499
TFIDF_prefix__isotonic,pooled,Pooled,0.001,0.99796644636502296,29889,29,1
TFIDF_prefix__isotonic,per_format,Win32,0.001,0.99568965517241392,9937,9,8
TFIDF_prefix__isotonic,per_format,Win64,0.001,0.98654104979811585,9953,9,9
TFIDF_prefix__isotonic,per_format,Dot_Net,0.001,0.99796644636502296,9999,9,0
TFIDF_prefix__isotonic,pooled,Pooled,0.0050000000000000001,0.96124031007751953,29889,149,148
TFIDF_prefix__isotonic,per_format,Win32,0.0050000000000000001,0.96124031007751953,9937,49,48
TFIDF_prefix__isotonic,per_format,Win64,0.0050000000000000001,0.91737891737891752,9953,49,49
TFIDF_prefix__isotonic,per_format,Dot_Net,0.0050000000000000001,0.9645232815964524,9999,49,45
TFIDF_prefix__isotonic,pooled,Pooled,0.01,0.91737891737891752,29889,298,234
TFIDF_prefix__isotonic,per_format,Win32,0.01,0.91737891737891752,9937,99,71
TFIDF_prefix__isotonic,per_format,Win64,0.01,0.90995260663507116,9953,99,79
TFIDF_prefix__isotonic,per_format,Dot_Net,0.01,0.96124031007751953,9999,99,70
TFIDF_prefix__isotonic,pooled,Pooled,0.050000000000000003,0.59701492537313439,29889,1494,1235
TFIDF_prefix__isotonic,per_format,Win32,0.050000000000000003,0.59701492537313439,9937,496,489
TFIDF_prefix__isotonic,per_format,Win64,0.050000000000000003,0.47368421052631582,9953,497,495
TFIDF_prefix__isotonic,per_format,Dot_Net,0.050000000000000003,0.47368421052631582,9999,499,490
TFIDF_prefix__isotonic_tiebreak,pooled,Pooled,0.001,5.6811276183624342,29889,29,29
TFIDF_prefix__isotonic_tiebreak,per_format,Win32,0.001,5.4141735836413822,9937,9,9
TFIDF_prefix__isotonic_tiebreak,per_format,Win64,0.001,5.134866298196318,9953,9,9
TFIDF_prefix__isotonic_tiebreak,per_format,Dot_Net,0.001,6.0971511154299964,9999,9,9
TFIDF_prefix__isotonic_tiebreak,pooled,Pooled,0.0050000000000000001,3.7365446268123574,29889,149,149
TFIDF_prefix__isotonic_tiebreak,per_format,Win32,0.0050000000000000001,3.6208229694232967,9937,49,49
TFIDF_prefix__isotonic_tiebreak,per_format,Win64,0.0050000000000000001,3.1387227348711613,9953,49,49
TFIDF_prefix__isotonic_tiebreak,per_format,Dot_Net,0.0050000000000000001,4.1917552676792411,9999,49,49
TFIDF_prefix__isotonic_tiebreak,pooled,Pooled,0.01,2.8400845987889904,29889,298,298
TFIDF_prefix__isotonic_tiebreak,per_format,Win32,0.01,2.6535319708906466,9937,99,99
TFIDF_prefix__isotonic_tiebreak,per_format,Win64,0.01,2.3720802761349846,9953,99,99
TFIDF_prefix__isotonic_tiebreak,per_format,Dot_Net,0.01,3.327391593486869,9999,99,99
TFIDF_prefix__isotonic_tiebreak,pooled,Pooled,0.050000000000000003,0.46858758060216138,29889,1494,1494
TFIDF_prefix__isotonic_tiebreak,per_format,Win32,0.050000000000000003,0.73009963524827326,9937,496,496
TFIDF_prefix__isotonic_tiebreak,per_format,Win64,0.050000000000000003,0.23670078913620304,9953,497,497
TFIDF_prefix__isotonic_tiebreak,per_format,Dot_Net,0.050000000000000003,0.20958075617426494,9999,499,499
TFIDF_prefix__format_platt,pooled,Pooled,0.001,4.6990203541007372,29889,29,29
TFIDF_prefix__format_platt,per_format,Win32,0.001,4.5819037108235348,9937,9,9
TFIDF_prefix__format_platt,per_format,Win64,0.001,4.4741569360411182,9953,9,9
TFIDF_prefix__format_platt,per_format,Dot_Net,0.001,4.7699982083538384,9999,9,9
TFIDF_prefix__format_platt,pooled,Pooled,0.0050000000000000001,3.0689886256005949,29889,149,149
TFIDF_prefix__format_platt,per_format,Win32,0.0050000000000000001,3.0738573335491663,9937,49,49
TFIDF_prefix__format_platt,per_format,Win64,0.0050000000000000001,2.7197200943510675,9953,49,49
TFIDF_prefix__format_platt,per_format,Dot_Net,0.0050000000000000001,3.2838600643156091,9999,49,49
TFIDF_prefix__format_platt,pooled,Pooled,0.01,2.3486283846738374,29889,298,298
TFIDF_prefix__format_platt,per_format,Win32,0.01,2.2604527072913605,9937,99,99
TFIDF_prefix__format_platt,per_format,Win64,0.01,2.045907950413854,9953,99,99
TFIDF_prefix__format_platt,per_format,Dot_Net,0.01,2.6096884332318675,9999,99,99
TFIDF_prefix__format_platt,pooled,Pooled,0.050000000000000003,0.3979818690409585,29889,1494,1494
TFIDF_prefix__format_platt,per_format,Win32,0.050000000000000003,0.64301931601747853,9937,496,496
TFIDF_prefix__format_platt,per_format,Win64,0.050000000000000003,0.16909482343657084,9953,497,497
TFIDF_prefix__format_platt,per_format,Dot_Net,0.050000000000000003,0.17791153149478725,9999,499,499
TFIDF_bpe_prefix__temperature,pooled,Pooled,0.001,5.1046350819145436,29889,29,29
TFIDF_bpe_prefix__temperature,per_format,Win32,0.001,4.8122921585359686,9937,9,9
TFIDF_bpe_prefix__temperature,per_format,Win64,0.001,4.1695049645811881,9953,9,9
TFIDF_bpe_prefix__temperature,per_format,Dot_Net,0.001,5.6176178550911731,9999,9,9
TFIDF_bpe_prefix__temperature,pooled,Pooled,0.0050000000000000001,3.3191433105556034,29889,149,149
TFIDF_bpe_prefix__temperature,per_format,Win32,0.0050000000000000001,2.79192388419749,9937,49,49
TFIDF_bpe_prefix__temperature,per_format,Win64,0.0050000000000000001,2.7523950997597311,9953,49,49
TFIDF_bpe_prefix__temperature,per_format,Dot_Net,0.0050000000000000001,3.9854932923996502,9999,49,49
TFIDF_bpe_prefix__temperature,pooled,Pooled,0.01,2.4744764352817827,29889,298,298
TFIDF_bpe_prefix__temperature,per_format,Win32,0.01,2.1357715548848635,9937,99,99
TFIDF_bpe_prefix__temperature,per_format,Win64,0.01,2.1835458896280184,9953,99,99
TFIDF_bpe_prefix__temperature,per_format,Dot_Net,0.01,3.2293822867422652,9999,99,99
TFIDF_bpe_prefix__temperature,pooled,Pooled,0.050000000000000003,0.58355092277478982,29889,1494,1494
TFIDF_bpe_prefix__temperature,per_format,Win32,0.050000000000000003,0.64415717958044993,9937,496,496
TFIDF_bpe_prefix__temperature,per_format,Win64,0.050000000000000003,0.38046334277143401,9953,497,497
TFIDF_bpe_prefix__temperature,per_format,Dot_Net,0.050000000000000003,0.71809666532074712,9999,499,499
TFIDF_bpe_prefix__isotonic,pooled,Pooled,0.001,0.99611273080660845,29889,29,10
TFIDF_bpe_prefix__isotonic,per_format,Win32,0.001,0.99611273080660845,9937,9,4
TFIDF_bpe_prefix__isotonic,per_format,Win64,0.001,0.98345398138572915,9953,9,6
TFIDF_bpe_prefix__isotonic,per_format,Dot_Net,0.001,0.99611273080660845,9999,9,5
TFIDF_bpe_prefix__isotonic,pooled,Pooled,0.0050000000000000001,0.94890510948905116,29889,149,143
TFIDF_bpe_prefix__isotonic,per_format,Win32,0.0050000000000000001,0.94749403341288796,9937,49,46
TFIDF_bpe_prefix__isotonic,per_format,Win64,0.0050000000000000001,0.94749403341288796,9953,49,29
TFIDF_bpe_prefix__isotonic,per_format,Dot_Net,0.0050000000000000001,0.98345398138572915,9999,49,26
TFIDF_bpe_prefix__isotonic,pooled,Pooled,0.01,0.94285714285714295,29889,298,295
TFIDF_bpe_prefix__isotonic,per_format,Win32,0.01,0.91596638655462193,9937,99,94
TFIDF_bpe_prefix__isotonic,per_format,Win64,0.01,0.92592592592592604,9953,99,78
TFIDF_bpe_prefix__isotonic,per_format,Dot_Net,0.01,0.94890510948905116,9999,99,89
TFIDF_bpe_prefix__isotonic,pooled,Pooled,0.050000000000000003,0.58888888888888913,29889,1494,1413
TFIDF_bpe_prefix__isotonic,per_format,Win32,0.050000000000000003,0.58888888888888913,9937,496,493
TFIDF_bpe_prefix__isotonic,per_format,Win64,0.050000000000000003,0.58888888888888913,9953,497,402
TFIDF_bpe_prefix__isotonic,per_format,Dot_Net,0.050000000000000003,0.71204188481675401,9999,499,455
TFIDF_bpe_prefix__isotonic_tiebreak,pooled,Pooled,0.001,4.9429973756596279,29889,29,29
TFIDF_bpe_prefix__isotonic_tiebreak,per_format,Win32,0.001,4.6599114586716146,9937,9,9
TFIDF_bpe_prefix__isotonic_tiebreak,per_format,Win64,0.001,4.0374780502418739,9953,9,9
TFIDF_bpe_prefix__isotonic_tiebreak,per_format,Dot_Net,0.001,5.4397366059631675,9999,9,9
TFIDF_bpe_prefix__isotonic_tiebreak,pooled,Pooled,0.0050000000000000001,3.2140430041007222,29889,149,149
TFIDF_bpe_prefix__isotonic_tiebreak,per_format,Win32,0.0050000000000000001,2.7035179226667903,9937,49,49
TFIDF_bpe_prefix__isotonic_tiebreak,per_format,Win64,0.0050000000000000001,2.6652408128237934,9953,49,49
TFIDF_bpe_prefix__isotonic_tiebreak,per_format,Dot_Net,0.0050000000000000001,3.8592930873428339,9999,49,49
TFIDF_bpe_prefix__isotonic_tiebreak,pooled,Pooled,0.01,2.3961224121709326,29889,298,298
TFIDF_bpe_prefix__isotonic_tiebreak,per_format,Win32,0.01,2.0681425844146362,9937,99,99
TFIDF_bpe_prefix__isotonic_tiebreak,per_format,Win64,0.01,2.114404150123018,9953,99,99
TFIDF_bpe_prefix__isotonic_tiebreak,per_format,Dot_Net,0.01,3.1271242531957228,9999,99,99
TFIDF_bpe_prefix__isotonic_tiebreak,pooled,Pooled,0.050000000000000003,0.56507284723625795,29889,1494,1494
TFIDF_bpe_prefix__isotonic_tiebreak,per_format,Win32,0.050000000000000003,0.62376001361183608,9937,496,496
TFIDF_bpe_prefix__isotonic_tiebreak,per_format,Win64,0.050000000000000003,0.36841601303036514,9953,497,497
TFIDF_bpe_prefix__isotonic_tiebreak,per_format,Dot_Net,0.050000000000000003,0.69535821369998685,9999,499,499
TFIDF_bpe_prefix__format_platt,pooled,Pooled,0.001,4.9423708131750415,29889,29,29
TFIDF_bpe_prefix__format_platt,per_format,Win32,0.001,4.8825666580656391,9937,9,9
TFIDF_bpe_prefix__format_platt,per_format,Win64,0.001,4.450104006041836,9953,9,9
TFIDF_bpe_prefix__format_platt,per_format,Dot_Net,0.001,5.2391994023747435,9999,9,9
TFIDF_bpe_prefix__format_platt,pooled,Pooled,0.0050000000000000001,3.2623391746277588,29889,149,148
TFIDF_bpe_prefix__format_platt,per_format,Win32,0.0050000000000000001,2.8371605161645679,9937,49,49
TFIDF_bpe_prefix__format_platt,per_format,Win64,0.0050000000000000001,2.9187630007676924,9953,49,49
TFIDF_bpe_prefix__format_platt,per_format,Dot_Net,0.0050000000000000001,3.7322267207575988,9999,49,49
TFIDF_bpe_prefix__format_platt,pooled,Pooled,0.01,2.4626630362602087,29889,298,298
TFIDF_bpe_prefix__format_platt,per_format,Win32,0.01,2.1728766717559647,9937,99,99
TFIDF_bpe_prefix__format_platt,per_format,Win64,0.01,2.3040596930589068,9953,99,99
TFIDF_bpe_prefix__format_platt,per_format,Dot_Net,0.01,3.0340945708947813,9999,99,99
TFIDF_bpe_prefix__format_platt,pooled,Pooled,0.050000000000000003,0.59440081526156052,29889,1494,1493
TFIDF_bpe_prefix__format_platt,per_format,Win32,0.050000000000000003,0.66277713032729169,9937,496,496
TFIDF_bpe_prefix__format_platt,per_format,Win64,0.050000000000000003,0.35563331593852437,9953,497,497
TFIDF_bpe_prefix__format_platt,per_format,Dot_Net,0.050000000000000003,0.71537520735596294,9999,499,499
CodeBERT_partial_s2026__temperature,pooled,Pooled,0.001,3.6672817695924844,29889,29,29
CodeBERT_partial_s2026__temperature,per_format,Win32,0.001,3.6846906447291392,9937,9,9
CodeBERT_partial_s2026__temperature,per_format,Win64,0.001,3.713813291766265,9953,9,9
CodeBERT_partial_s2026__temperature,per_format,Dot_Net,0.001,3.5791363335828512,9999,9,9
CodeBERT_partial_s2026__temperature,pooled,Pooled,0.0050000000000000001,3.3213509363753997,29889,149,149
CodeBERT_partial_s2026__temperature,per_format,Win32,0.0050000000000000001,3.3733020622360725,9937,49,49
CodeBERT_partial_s2026__temperature,per_format,Win64,0.0050000000000000001,3.3724908039887973,9953,49,49
CodeBERT_partial_s2026__temperature,per_format,Dot_Net,0.0050000000000000001,3.1718054433675005,9999,49,49
CodeBERT_partial_s2026__temperature,pooled,Pooled,0.01,2.896172833655394,29889,298,298
CodeBERT_partial_s2026__temperature,per_format,Win32,0.01,3.003511444010285,9937,99,99
CodeBERT_partial_s2026__temperature,per_format,Win64,0.01,2.9025576236356123,9953,99,99
CodeBERT_partial_s2026__temperature,per_format,Dot_Net,0.01,2.6002879589902435,9999,99,99
CodeBERT_partial_s2026__temperature,pooled,Pooled,0.050000000000000003,1.0843746668485637,29889,1494,1494
CodeBERT_partial_s2026__temperature,per_format,Win32,0.050000000000000003,1.6312296074240222,9937,496,496
CodeBERT_partial_s2026__temperature,per_format,Win64,0.050000000000000003,-0.25400970519287391,9953,497,497
CodeBERT_partial_s2026__temperature,per_format,Dot_Net,0.050000000000000003,0.36249133093846625,9999,499,499
CodeBERT_partial_s2026__isotonic,pooled,Pooled,0.001,0.99100449775112454,29889,29,13
CodeBERT_partial_s2026__isotonic,per_format,Win32,0.001,0.99100449775112454,9937,9,5
CodeBERT_partial_s2026__isotonic,per_format,Win64,0.001,0.99100449775112454,9953,9,7
CodeBERT_partial_s2026__isotonic,per_format,Dot_Net,0.001,0.98113207547169823,9999,9,7
CodeBERT_partial_s2026__isotonic,pooled,Pooled,0.0050000000000000001,0.95752895752895761,29889,149,129
CodeBERT_partial_s2026__isotonic,per_format,Win32,0.0050000000000000001,0.95752895752895761,9937,49,49
CodeBERT_partial_s2026__isotonic,per_format,Win64,0.0050000000000000001,0.95752895752895761,9953,49,49
CodeBERT_partial_s2026__isotonic,per_format,Dot_Net,0.0050000000000000001,0.95238095238095244,9999,49,43
CodeBERT_partial_s2026__isotonic,pooled,Pooled,0.01,0.91150442477876115,29889,298,261
CodeBERT_partial_s2026__isotonic,per_format,Win32,0.01,0.91428571428571437,9937,99,96
CodeBERT_partial_s2026__isotonic,per_format,Win64,0.01,0.91150442477876115,9953,99,94
CodeBERT_partial_s2026__isotonic,per_format,Dot_Net,0.01,0.88038277511961738,9999,99,99
CodeBERT_partial_s2026__isotonic,pooled,Pooled,0.050000000000000003,0.62541806020066903,29889,1494,1139
CodeBERT_partial_s2026__isotonic,per_format,Win32,0.050000000000000003,0.62541806020066903,9937,496,490
CodeBERT_partial_s2026__isotonic,per_format,Win64,0.050000000000000003,0.49305555555555569,9953,497,477
CodeBERT_partial_s2026__isotonic,per_format,Dot_Net,0.050000000000000003,0.54091579658655975,9999,499,499
CodeBERT_partial_s2026__isotonic_tiebreak,pooled,Pooled,0.001,7.4581539630889901,29889,29,29
CodeBERT_partial_s2026__isotonic_tiebreak,per_format,Win32,0.001,7.4935584068298349,9937,9,9
CodeBERT_partial_s2026__isotonic_tiebreak,per_format,Win64,0.001,7.5527851581573495,9953,9,9
CodeBERT_partial_s2026__isotonic_tiebreak,per_format,Dot_Net,0.001,7.2788925170898446,9999,9,9
CodeBERT_partial_s2026__isotonic_tiebreak,pooled,Pooled,0.0050000000000000001,6.754634141921998,29889,149,149
CodeBERT_partial_s2026__isotonic_tiebreak,per_format,Win32,0.0050000000000000001,6.8602871894836435,9937,49,49
CodeBERT_partial_s2026__isotonic_tiebreak,per_format,Win64,0.0050000000000000001,6.8586373329162607,9953,49,49
CodeBERT_partial_s2026__isotonic_tiebreak,per_format,Dot_Net,0.0050000000000000001,6.4505033493042001,9999,49,49
CodeBERT_partial_s2026__isotonic_tiebreak,pooled,Pooled,0.01,5.889949083328248,29889,298,298
CodeBERT_partial_s2026__isotonic_tiebreak,per_format,Win32,0.01,6.108243703842164,9937,99,99
CodeBERT_partial_s2026__isotonic_tiebreak,per_format,Win64,0.01,5.9029338359832773,9953,99,99
CodeBERT_partial_s2026__isotonic_tiebreak,per_format,Dot_Net,0.01,5.2882077693939218,9999,99,99
CodeBERT_partial_s2026__isotonic_tiebreak,pooled,Pooled,0.050000000000000003,2.2052936553955083,29889,1494,1494
CodeBERT_partial_s2026__isotonic_tiebreak,per_format,Win32,0.050000000000000003,3.3174329996109013,9937,496,496
CodeBERT_partial_s2026__isotonic_tiebreak,per_format,Win64,0.050000000000000003,-0.5165797472000121,9953,497,497
CodeBERT_partial_s2026__isotonic_tiebreak,per_format,Dot_Net,0.050000000000000003,0.73719891905784618,9999,499,499
CodeBERT_partial_s2026__format_platt,pooled,Pooled,0.001,3.6834978387265829,29889,29,29
CodeBERT_partial_s2026__format_platt,per_format,Win32,0.001,3.4572600891630927,9937,9,9
CodeBERT_partial_s2026__format_platt,per_format,Win64,0.001,3.7555772112883576,9953,9,9
CodeBERT_partial_s2026__format_platt,per_format,Dot_Net,0.001,3.7083045305454192,9999,9,9
CodeBERT_partial_s2026__format_platt,pooled,Pooled,0.0050000000000000001,3.2634632306808138,29889,149,149
CodeBERT_partial_s2026__format_platt,per_format,Win32,0.0050000000000000001,3.1613345552817038,9937,49,49
CodeBERT_partial_s2026__format_platt,per_format,Win64,0.0050000000000000001,3.4130021041290148,9953,49,49
CodeBERT_partial_s2026__format_platt,per_format,Dot_Net,0.0050000000000000001,3.2782966610446125,9999,49,49
CodeBERT_partial_s2026__format_platt,pooled,Pooled,0.01,2.82570716926188,29889,298,298
CodeBERT_partial_s2026__format_platt,per_format,Win32,0.01,2.8099071354108052,9937,99,99
CodeBERT_partial_s2026__format_platt,per_format,Win64,0.01,2.941344316019308,9953,99,99
CodeBERT_partial_s2026__format_platt,per_format,Dot_Net,0.01,2.6749615795593953,9999,99,99
CodeBERT_partial_s2026__format_platt,pooled,Pooled,0.050000000000000003,1.0746089252642019,29889,1494,1494
CodeBERT_partial_s2026__format_platt,per_format,Win32,0.050000000000000003,1.5057705743454546,9937,496,496
CodeBERT_partial_s2026__format_platt,per_format,Win64,0.050000000000000003,-0.22680729910109573,9953,497,497
CodeBERT_partial_s2026__format_platt,per_format,Dot_Net,0.050000000000000003,0.31258204115538746,9999,499,499
CodeBERT_partial_s2027__temperature,pooled,Pooled,0.001,3.7396988474573072,29889,29,29
CodeBERT_partial_s2027__temperature,per_format,Win32,0.001,3.7458064494462278,9937,9,9
CodeBERT_partial_s2027__temperature,per_format,Win64,0.001,3.7396988474573072,9953,9,9
CodeBERT_partial_s2027__temperature,per_format,Dot_Net,0.001,3.7441550051792327,9999,9,9
CodeBERT_partial_s2027__temperature,pooled,Pooled,0.0050000000000000001,3.4247834077142398,29889,149,149
CodeBERT_partial_s2027__temperature,per_format,Win32,0.0050000000000000001,3.4403553569913754,9937,49,49
CodeBERT_partial_s2027__temperature,per_format,Win64,0.0050000000000000001,3.4188574499064801,9953,49,49
CodeBERT_partial_s2027__temperature,per_format,Dot_Net,0.0050000000000000001,3.4247834077142398,9999,49,49
CodeBERT_partial_s2027__temperature,pooled,Pooled,0.01,3.0790528404887332,29889,298,298
CodeBERT_partial_s2027__temperature,per_format,Win32,0.01,3.0841207621038134,9937,99,99
CodeBERT_partial_s2027__temperature,per_format,Win64,0.01,3.1212441080259308,9953,99,99
CodeBERT_partial_s2027__temperature,per_format,Dot_Net,0.01,2.9998434925252395,9999,99,99
CodeBERT_partial_s2027__temperature,pooled,Pooled,0.050000000000000003,1.0765271836330532,29889,1494,1494
CodeBERT_partial_s2027__temperature,per_format,Win32,0.050000000000000003,1.4125796595330462,9937,496,496
CodeBERT_partial_s2027__temperature,per_format,Win64,0.050000000000000003,-1.0418210578595932,9953,497,497
CodeBERT_partial_s2027__temperature,per_format,Dot_Net,0.050000000000000003,1.1201115359659619,9999,499,499
CodeBERT_partial_s2027__isotonic,pooled,Pooled,0.001,0.99178082191780836,29889,29,21
CodeBERT_partial_s2027__isotonic,per_format,Win32,0.001,0.99178082191780836,9937,9,9
CodeBERT_partial_s2027__isotonic,per_format,Win64,0.001,0.99178082191780836,9953,9,5
CodeBERT_partial_s2027__isotonic,per_format,Dot_Net,0.001,0.99178082191780836,9999,9,7
CodeBERT_partial_s2027__isotonic,pooled,Pooled,0.0050000000000000001,0.95555555555555571,29889,149,112
CodeBERT_partial_s2027__isotonic,per_format,Win32,0.0050000000000000001,0.95555555555555571,9937,49,37
CodeBERT_partial_s2027__isotonic,per_format,Win64,0.0050000000000000001,0.95555555555555571,9953,49,35
CodeBERT_partial_s2027__isotonic,per_format,Dot_Net,0.0050000000000000001,0.95555555555555571,9999,49,40
CodeBERT_partial_s2027__isotonic,pooled,Pooled,0.01,0.8930041152263376,29889,298,212
CodeBERT_partial_s2027__isotonic,per_format,Win32,0.01,0.8930041152263376,9937,99,66
CodeBERT_partial_s2027__isotonic,per_format,Win64,0.01,0.8930041152263376,9953,99,75
CodeBERT_partial_s2027__isotonic,per_format,Dot_Net,0.01,0.8930041152263376,9999,99,71
CodeBERT_partial_s2027__isotonic,pooled,Pooled,0.050000000000000003,0.58091286307053969,29889,1494,1335
CodeBERT_partial_s2027__isotonic,per_format,Win32,0.050000000000000003,0.6425702811244981,9937,496,383
CodeBERT_partial_s2027__isotonic,per_format,Win64,0.050000000000000003,0.35632183908045983,9953,497,474
CodeBERT_partial_s2027__isotonic,per_format,Dot_Net,0.050000000000000003,0.58091286307053969,9999,499,441
CodeBERT_partial_s2027__isotonic_tiebreak,pooled,Pooled,0.001,7.2843220233917245,29889,29,29
CodeBERT_partial_s2027__isotonic_tiebreak,per_format,Win32,0.001,7.2962186336517343,9937,9,9
CodeBERT_partial_s2027__isotonic_tiebreak,per_format,Win64,0.001,7.2843220233917245,9953,9,9
CodeBERT_partial_s2027__isotonic_tiebreak,per_format,Dot_Net,0.001,7.293001890182496,9999,9,9
CodeBERT_partial_s2027__isotonic_tiebreak,pooled,Pooled,0.0050000000000000001,6.6709182262420663,29889,149,149
CodeBERT_partial_s2027__isotonic_tiebreak,per_format,Win32,0.0050000000000000001,6.7012498378753671,9937,49,49
CodeBERT_partial_s2027__isotonic_tiebreak,per_format,Win64,0.0050000000000000001,6.6593754291534433,9953,49,49
CodeBERT_partial_s2027__isotonic_tiebreak,per_format,Dot_Net,0.0050000000000000001,6.6709182262420663,9999,49,49
CodeBERT_partial_s2027__isotonic_tiebreak,pooled,Pooled,0.01,5.9974915981292733,29889,298,298
CodeBERT_partial_s2027__isotonic_tiebreak,per_format,Win32,0.01,6.0073630809783944,9937,99,99
CodeBERT_partial_s2027__isotonic_tiebreak,per_format,Win64,0.01,6.0796732902526864,9953,99,99
CodeBERT_partial_s2027__isotonic_tiebreak,per_format,Dot_Net,0.01,5.8432047367095956,9999,99,99
CodeBERT_partial_s2027__isotonic_tiebreak,pooled,Pooled,0.050000000000000003,2.0968989729881291,29889,1494,1494
CodeBERT_partial_s2027__isotonic_tiebreak,per_format,Win32,0.050000000000000003,2.751474261283875,9937,496,496
CodeBERT_partial_s2027__isotonic_tiebreak,per_format,Win64,0.050000000000000003,-2.0292971134185787,9953,497,497
CodeBERT_partial_s2027__isotonic_tiebreak,per_format,Dot_Net,0.050000000000000003,2.1817941665649419,9999,499,499
CodeBERT_partial_s2027__format_platt,pooled,Pooled,0.001,3.6692389028599171,29889,29,29
CodeBERT_partial_s2027__format_platt,per_format,Win32,0.001,3.4456598898364339,9937,9,9
CodeBERT_partial_s2027__format_platt,per_format,Win64,0.001,3.481316326551001,9953,9,9
CodeBERT_partial_s2027__format_platt,per_format,Dot_Net,0.001,3.8199292351991696,9999,9,9
CodeBERT_partial_s2027__format_platt,pooled,Pooled,0.0050000000000000001,3.2433750765952527,29889,149,149
CodeBERT_partial_s2027__format_platt,per_format,Win32,0.0050000000000000001,3.1587240071215241,9937,49,49
CodeBERT_partial_s2027__format_platt,per_format,Win64,0.0050000000000000001,3.1646680907982554,9953,49,49
CodeBERT_partial_s2027__format_platt,per_format,Dot_Net,0.0050000000000000001,3.4722315788478451,9999,49,49
CodeBERT_partial_s2027__format_platt,pooled,Pooled,0.01,2.8851476810213259,29889,298,298
CodeBERT_partial_s2027__format_platt,per_format,Win32,0.01,2.8240829124829148,9937,99,99
CodeBERT_partial_s2027__format_platt,per_format,Win64,0.01,2.870944337060942,9953,99,99
CodeBERT_partial_s2027__format_platt,per_format,Dot_Net,0.01,3.0096024227985465,9999,99,99
CodeBERT_partial_s2027__format_platt,pooled,Pooled,0.050000000000000003,0.91238769196568581,29889,1494,1494
CodeBERT_partial_s2027__format_platt,per_format,Win32,0.050000000000000003,1.2538638705219223,9937,496,496
CodeBERT_partial_s2027__format_platt,per_format,Win64,0.050000000000000003,-1.2377126198161104,9953,497,497
CodeBERT_partial_s2027__format_platt,per_format,Dot_Net,0.050000000000000003,0.96315120092371898,9999,499,499
CodeBERT_partial_s2028__temperature,pooled,Pooled,0.001,3.8342877906743511,29889,29,29
CodeBERT_partial_s2028__temperature,per_format,Win32,0.001,3.8518070063765077,9937,9,9
CodeBERT_partial_s2028__temperature,per_format,Win64,0.001,3.8461279896553169,9953,9,9
CodeBERT_partial_s2028__temperature,per_format,Dot_Net,0.001,3.7646850764001036,9999,9,9
CodeBERT_partial_s2028__temperature,pooled,Pooled,0.0050000000000000001,3.5542269195834475,29889,149,149
CodeBERT_partial_s2028__temperature,per_format,Win32,0.0050000000000000001,3.5954146222698604,9937,49,49
CodeBERT_partial_s2028__temperature,per_format,Win64,0.0050000000000000001,3.5809032720165934,9953,49,49
CodeBERT_partial_s2028__temperature,per_format,Dot_Net,0.0050000000000000001,3.4518403845444499,9999,49,49
CodeBERT_partial_s2028__temperature,pooled,Pooled,0.01,3.1288453636655031,29889,298,298
CodeBERT_partial_s2028__temperature,per_format,Win32,0.01,3.2745638064297178,9937,99,99
CodeBERT_partial_s2028__temperature,per_format,Win64,0.01,3.1467033550596146,9953,99,99
CodeBERT_partial_s2028__temperature,per_format,Dot_Net,0.01,2.9390552727452608,9999,99,99
CodeBERT_partial_s2028__temperature,pooled,Pooled,0.050000000000000003,0.85620654316210021,29889,1494,1494
CodeBERT_partial_s2028__temperature,per_format,Win32,0.050000000000000003,1.2958806137506877,9937,496,496
CodeBERT_partial_s2028__temperature,per_format,Win64,0.050000000000000003,-0.010976180668906764,9953,497,497
CodeBERT_partial_s2028__temperature,per_format,Dot_Net,0.050000000000000003,0.64161014477784128,9999,499,499
CodeBERT_partial_s2028__isotonic,pooled,Pooled,0.001,0.99689247980111884,29889,29,8
CodeBERT_partial_s2028__isotonic,per_format,Win32,0.001,0.99689247980111884,9937,9,4
CodeBERT_partial_s2028__isotonic,per_format,Win64,0.001,0.99689247980111884,9953,9,4
CodeBERT_partial_s2028__isotonic,per_format,Dot_Net,0.001,0.98039215686274517,9999,9,5
CodeBERT_partial_s2028__isotonic,pooled,Pooled,0.0050000000000000001,0.96746817538896757,29889,149,77
CodeBERT_partial_s2028__isotonic,per_format,Win32,0.0050000000000000001,0.96746817538896757,9937,49,31
CodeBERT_partial_s2028__isotonic,per_format,Win64,0.0050000000000000001,0.96746817538896757,9953,49,30
CodeBERT_partial_s2028__isotonic,per_format,Dot_Net,0.0050000000000000001,0.96190476190476204,9999,49,47
CodeBERT_partial_s2028__isotonic,pooled,Pooled,0.01,0.89223057644110282,29889,298,295
CodeBERT_partial_s2028__isotonic,per_format,Win32,0.01,0.93949044585987274,9937,99,76
CodeBERT_partial_s2028__isotonic,per_format,Win64,0.01,0.90000000000000013,9953,99,99
CodeBERT_partial_s2028__isotonic,per_format,Dot_Net,0.01,0.89223057644110282,9999,99,82
CodeBERT_partial_s2028__isotonic,pooled,Pooled,0.050000000000000003,0.62275449101796432,29889,1494,1451
CodeBERT_partial_s2028__isotonic,per_format,Win32,0.050000000000000003,0.64192139737991283,9937,496,402
CodeBERT_partial_s2028__isotonic,per_format,Win64,0.050000000000000003,0.62275449101796432,9953,497,413
CodeBERT_partial_s2028__isotonic,per_format,Dot_Net,0.050000000000000003,0.62275449101796432,9999,499,470
CodeBERT_partial_s2028__isotonic_tiebreak,pooled,Pooled,0.001,7.9819817543029794,29889,29,29
CodeBERT_partial_s2028__isotonic_tiebreak,per_format,Win32,0.001,8.0184521675109881,9937,9,9
CodeBERT_partial_s2028__isotonic_tiebreak,per_format,Win64,0.001,8.006629943847658,9953,9,9
CodeBERT_partial_s2028__isotonic_tiebreak,per_format,Dot_Net,0.001,7.8370871543884286,9999,9,9
CodeBERT_partial_s2028__isotonic_tiebreak,pooled,Pooled,0.0050000000000000001,7.3989684581756601,29889,149,149
CodeBERT_partial_s2028__isotonic_tiebreak,per_format,Win32,0.0050000000000000001,7.4847104549407968,9937,49,49
CodeBERT_partial_s2028__isotonic_tiebreak,per_format,Win64,0.0050000000000000001,7.4545016288757333,9953,49,49
CodeBERT_partial_s2028__isotonic_tiebreak,per_format,Dot_Net,0.0050000000000000001,7.185826539993287,9999,49,49
CodeBERT_partial_s2028__isotonic_tiebreak,pooled,Pooled,0.01,6.5134356021881112,29889,298,298
CodeBERT_partial_s2028__isotonic_tiebreak,per_format,Win32,0.01,6.8167831897735605,9937,99,99
CodeBERT_partial_s2028__isotonic_tiebreak,per_format,Win64,0.01,6.5506112575531015,9953,99,99
CodeBERT_partial_s2028__isotonic_tiebreak,per_format,Dot_Net,0.01,6.1183423995971689,9999,99,99
CodeBERT_partial_s2028__isotonic_tiebreak,pooled,Pooled,0.050000000000000003,1.782397508621216,29889,1494,1494
CodeBERT_partial_s2028__isotonic_tiebreak,per_format,Win32,0.050000000000000003,2.6976836323738103,9937,496,496
CodeBERT_partial_s2028__isotonic_tiebreak,per_format,Win64,0.050000000000000003,-0.022849529981613156,9953,497,497
CodeBERT_partial_s2028__isotonic_tiebreak,per_format,Dot_Net,0.050000000000000003,1.3356640785932543,9999,499,499
CodeBERT_partial_s2028__format_platt,pooled,Pooled,0.001,3.751670780794071,29889,29,29
CodeBERT_partial_s2028__format_platt,per_format,Win32,0.001,3.7396223220754257,9937,9,9
CodeBERT_partial_s2028__format_platt,per_format,Win64,0.001,3.7411987686748587,9953,9,9
CodeBERT_partial_s2028__format_platt,per_format,Dot_Net,0.001,3.8462863766110105,9999,9,9
CodeBERT_partial_s2028__format_platt,pooled,Pooled,0.0050000000000000001,3.4881077994287026,29889,149,149
CodeBERT_partial_s2028__format_platt,per_format,Win32,0.0050000000000000001,3.4959345294931961,9937,49,49
CodeBERT_partial_s2028__format_platt,per_format,Win64,0.0050000000000000001,3.4782606276646391,9953,49,49
CodeBERT_partial_s2028__format_platt,per_format,Dot_Net,0.0050000000000000001,3.5097957703806988,9999,49,49
CodeBERT_partial_s2028__format_platt,pooled,Pooled,0.01,3.073306578825485,29889,298,298
CodeBERT_partial_s2028__format_platt,per_format,Win32,0.01,3.1909823081831847,9937,99,99
CodeBERT_partial_s2028__format_platt,per_format,Win64,0.01,3.0478040698902098,9953,99,99
CodeBERT_partial_s2028__format_platt,per_format,Dot_Net,0.01,2.9582525362228362,9999,99,99
CodeBERT_partial_s2028__format_platt,pooled,Pooled,0.050000000000000003,0.80667172284454836,29889,1494,1494
CodeBERT_partial_s2028__format_platt,per_format,Win32,0.050000000000000003,1.3103455602408358,9937,496,496
CodeBERT_partial_s2028__format_platt,per_format,Win64,0.050000000000000003,-0.082652225519751113,9953,497,497
CodeBERT_partial_s2028__format_platt,per_format,Dot_Net,0.050000000000000003,0.48715833511896695,9999,499,499
CodeBERT_unfrozen_s2026__temperature,pooled,Pooled,0.001,3.5903920444351729,29889,29,29
CodeBERT_unfrozen_s2026__temperature,per_format,Win32,0.001,3.5915564223795489,9937,9,9
CodeBERT_unfrozen_s2026__temperature,per_format,Win64,0.001,3.5864403050032303,9953,9,9
CodeBERT_unfrozen_s2026__temperature,per_format,Dot_Net,0.001,3.5975376233694702,9999,9,9
CodeBERT_unfrozen_s2026__temperature,pooled,Pooled,0.0050000000000000001,3.4695150590846779,29889,149,149
CodeBERT_unfrozen_s2026__temperature,per_format,Win32,0.0050000000000000001,3.4755007992743323,9937,49,49
CodeBERT_unfrozen_s2026__temperature,per_format,Win64,0.0050000000000000001,3.4388729716493591,9953,49,49
CodeBERT_unfrozen_s2026__temperature,per_format,Dot_Net,0.0050000000000000001,3.4932446774558512,9999,49,49
CodeBERT_unfrozen_s2026__temperature,pooled,Pooled,0.01,3.0342162009357518,29889,298,298
CodeBERT_unfrozen_s2026__temperature,per_format,Win32,0.01,3.1315038438293987,9937,99,99
CodeBERT_unfrozen_s2026__temperature,per_format,Win64,0.01,2.8749488606317564,9953,99,99
CodeBERT_unfrozen_s2026__temperature,per_format,Dot_Net,0.01,3.1456771289307364,9999,99,99
CodeBERT_unfrozen_s2026__temperature,pooled,Pooled,0.050000000000000003,0.61385069566635075,29889,1494,1494
CodeBERT_unfrozen_s2026__temperature,per_format,Win32,0.050000000000000003,1.120236862637999,9937,496,496
CodeBERT_unfrozen_s2026__temperature,per_format,Win64,0.050000000000000003,-0.79516441658251924,9953,497,497
CodeBERT_unfrozen_s2026__temperature,per_format,Dot_Net,0.050000000000000003,0.73873821040661902,9999,499,499
CodeBERT_unfrozen_s2026__isotonic,pooled,Pooled,0.001,0.99535423925667843,29889,29,3
CodeBERT_unfrozen_s2026__isotonic,per_format,Win32,0.001,0.99535423925667843,9937,9,1
CodeBERT_unfrozen_s2026__isotonic,per_format,Win64,0.001,0.99535423925667843,9953,9,1
CodeBERT_unfrozen_s2026__isotonic,per_format,Dot_Net,0.001,0.99535423925667843,9999,9,1
CodeBERT_unfrozen_s2026__isotonic,pooled,Pooled,0.0050000000000000001,0.93783783783783792,29889,149,127
CodeBERT_unfrozen_s2026__isotonic,per_format,Win32,0.0050000000000000001,0.93783783783783792,9937,49,41
CodeBERT_unfrozen_s2026__isotonic,per_format,Win64,0.0050000000000000001,0.93783783783783792,9953,49,37
CodeBERT_unfrozen_s2026__isotonic,per_format,Dot_Net,0.0050000000000000001,0.93783783783783792,9999,49,49
CodeBERT_unfrozen_s2026__isotonic,pooled,Pooled,0.01,0.92285714285714293,29889,298,241
CodeBERT_unfrozen_s2026__isotonic,per_format,Win32,0.01,0.92285714285714293,9937,99,80
CodeBERT_unfrozen_s2026__isotonic,per_format,Win64,0.01,0.92285714285714293,9953,99,72
CodeBERT_unfrozen_s2026__isotonic,per_format,Dot_Net,0.01,0.92285714285714293,9999,99,89
CodeBERT_unfrozen_s2026__isotonic,pooled,Pooled,0.050000000000000003,0.57399103139013463,29889,1494,1161
CodeBERT_unfrozen_s2026__isotonic,per_format,Win32,0.050000000000000003,0.57399103139013463,9937,496,438
CodeBERT_unfrozen_s2026__isotonic,per_format,Win64,0.050000000000000003,0.4508196721311476,9953,497,489
CodeBERT_unfrozen_s2026__isotonic,per_format,Dot_Net,0.050000000000000003,0.57399103139013463,9999,499,417
CodeBERT_unfrozen_s2026__isotonic_tiebreak,pooled,Pooled,0.001,5.8460748195648202,29889,29,29
CodeBERT_unfrozen_s2026__isotonic_tiebreak,per_format,Win32,0.001,5.8479707241058358,9937,9,9
CodeBERT_unfrozen_s2026__isotonic_tiebreak,per_format,Win64,0.001,5.8396403789520273,9953,9,9
CodeBERT_unfrozen_s2026__isotonic_tiebreak,per_format,Dot_Net,0.001,5.8577096462249765,9999,9,9
CodeBERT_unfrozen_s2026__isotonic_tiebreak,pooled,Pooled,0.0050000000000000001,5.6492562294006357,29889,149,149
CodeBERT_unfrozen_s2026__isotonic_tiebreak,per_format,Win32,0.0050000000000000001,5.6590025424957284,9937,49,49
CodeBERT_unfrozen_s2026__isotonic_tiebreak,per_format,Win64,0.0050000000000000001,5.599363088607789,9953,49,49
CodeBERT_unfrozen_s2026__isotonic_tiebreak,per_format,Dot_Net,0.0050000000000000001,5.6878941059112558,9999,49,49
CodeBERT_unfrozen_s2026__isotonic_tiebreak,pooled,Pooled,0.01,4.9404785633087167,29889,298,298
CodeBERT_unfrozen_s2026__isotonic_tiebreak,per_format,Win32,0.01,5.0988876819610605,9937,99,99
CodeBERT_unfrozen_s2026__isotonic_tiebreak,per_format,Win64,0.01,4.6811506748199472,9953,99,99
CodeBERT_unfrozen_s2026__isotonic_tiebreak,per_format,Dot_Net,0.01,5.1219654083251962,9999,99,99
CodeBERT_unfrozen_s2026__isotonic_tiebreak,pooled,Pooled,0.050000000000000003,0.99950563907623302,29889,1494,1494
CodeBERT_unfrozen_s2026__isotonic_tiebreak,per_format,Win32,0.050000000000000003,1.8240315914154055,9937,496,496
CodeBERT_unfrozen_s2026__isotonic_tiebreak,per_format,Win64,0.050000000000000003,-1.2947306632995603,9953,497,497
CodeBERT_unfrozen_s2026__isotonic_tiebreak,per_format,Dot_Net,0.050000000000000003,1.2028543949127199,9999,499,499
CodeBERT_unfrozen_s2026__format_platt,pooled,Pooled,0.001,3.7295004307198361,29889,29,29
CodeBERT_unfrozen_s2026__format_platt,per_format,Win32,0.001,3.7101543768573828,9937,9,9
CodeBERT_unfrozen_s2026__format_platt,per_format,Win64,0.001,3.7864509445046344,9953,9,9
CodeBERT_unfrozen_s2026__format_platt,per_format,Dot_Net,0.001,3.6370989209987767,9999,9,9
CodeBERT_unfrozen_s2026__format_platt,pooled,Pooled,0.0050000000000000001,3.5677584467243868,29889,149,149
CodeBERT_unfrozen_s2026__format_platt,per_format,Win32,0.0050000000000000001,3.5984330545513217,9937,49,49
CodeBERT_unfrozen_s2026__format_platt,per_format,Win64,0.0050000000000000001,3.6335563240599069,9953,49,49
CodeBERT_unfrozen_s2026__format_platt,per_format,Dot_Net,0.0050000000000000001,3.5294475248487083,9999,49,49
CodeBERT_unfrozen_s2026__format_platt,pooled,Pooled,0.01,3.1564913554144809,29889,298,298
CodeBERT_unfrozen_s2026__format_platt,per_format,Win32,0.01,3.2672832687565854,9937,99,99
CodeBERT_unfrozen_s2026__format_platt,per_format,Win64,0.01,3.0492741461953377,9953,99,99
CodeBERT_unfrozen_s2026__format_platt,per_format,Dot_Net,0.01,3.1706875768252303,9999,99,99
CodeBERT_unfrozen_s2026__format_platt,pooled,Pooled,0.050000000000000003,0.72317807101672249,29889,1494,1494
CodeBERT_unfrozen_s2026__format_platt,per_format,Win32,0.050000000000000003,1.3311305806140457,9937,496,496
CodeBERT_unfrozen_s2026__format_platt,per_format,Win64,0.050000000000000003,-0.75333286550147638,9953,497,497
CodeBERT_unfrozen_s2026__format_platt,per_format,Dot_Net,0.050000000000000003,0.68624020833621846,9999,499,499
CodeBERT_unfrozen_s2027__temperature,pooled,Pooled,0.001,3.7666102313169412,29889,29,29
CodeBERT_unfrozen_s2027__temperature,per_format,Win32,0.001,3.7666159257023,9937,9,9
CodeBERT_unfrozen_s2027__temperature,per_format,Win64,0.001,3.785875963953365,9953,9,9
CodeBERT_unfrozen_s2027__temperature,per_format,Dot_Net,0.001,3.7148085239189199,9999,9,9
CodeBERT_unfrozen_s2027__temperature,pooled,Pooled,0.0050000000000000001,3.5600145603493973,29889,149,149
CodeBERT_unfrozen_s2027__temperature,per_format,Win32,0.0050000000000000001,3.5946650114702861,9937,49,49
CodeBERT_unfrozen_s2027__temperature,per_format,Win64,0.0050000000000000001,3.5744119421397951,9953,49,49
CodeBERT_unfrozen_s2027__temperature,per_format,Dot_Net,0.0050000000000000001,3.4844926002089882,9999,49,49
CodeBERT_unfrozen_s2027__temperature,pooled,Pooled,0.01,3.2788729933767393,29889,298,298
CodeBERT_unfrozen_s2027__temperature,per_format,Win32,0.01,3.3576700385821421,9937,99,99
CodeBERT_unfrozen_s2027__temperature,per_format,Win64,0.01,3.2775007627171893,9953,99,99
CodeBERT_unfrozen_s2027__temperature,per_format,Dot_Net,0.01,3.1996572365295384,9999,99,99
CodeBERT_unfrozen_s2027__temperature,pooled,Pooled,0.050000000000000003,0.53354547400953478,29889,1494,1494
CodeBERT_unfrozen_s2027__temperature,per_format,Win32,0.050000000000000003,1.2310767826243409,9937,496,495
CodeBERT_unfrozen_s2027__temperature,per_format,Win64,0.050000000000000003,-1.5181235434261298,9953,497,497
CodeBERT_unfrozen_s2027__temperature,per_format,Dot_Net,0.050000000000000003,0.45983178627693699,9999,499,499
CodeBERT_unfrozen_s2027__isotonic,pooled,Pooled,0.001,0.99004975124378125,29889,29,25
CodeBERT_unfrozen_s2027__isotonic,per_format,Win32,0.001,0.99004975124378125,9937,9,8
CodeBERT_unfrozen_s2027__isotonic,per_format,Win64,0.001,0.99428571428571444,9953,9,9
CodeBERT_unfrozen_s2027__isotonic,per_format,Dot_Net,0.001,0.98312236286919841,9999,9,6
CodeBERT_unfrozen_s2027__isotonic,pooled,Pooled,0.0050000000000000001,0.97272727272727288,29889,149,130
CodeBERT_unfrozen_s2027__isotonic,per_format,Win32,0.0050000000000000001,0.9772727272727274,9937,49,45
CodeBERT_unfrozen_s2027__isotonic,per_format,Win64,0.0050000000000000001,0.97272727272727288,9953,49,47
CodeBERT_unfrozen_s2027__isotonic,per_format,Dot_Net,0.0050000000000000001,0.9552845528455286,9999,49,38
CodeBERT_unfrozen_s2027__isotonic,pooled,Pooled,0.01,0.91724137931034488,29889,298,286
CodeBERT_unfrozen_s2027__isotonic,per_format,Win32,0.01,0.91935483870967749,9937,99,85
CodeBERT_unfrozen_s2027__isotonic,per_format,Win64,0.01,0.91724137931034488,9953,99,95
CodeBERT_unfrozen_s2027__isotonic,per_format,Dot_Net,0.01,0.91724137931034488,9999,99,84
CodeBERT_unfrozen_s2027__isotonic,pooled,Pooled,0.050000000000000003,0.58474576271186451,29889,1494,1368
CodeBERT_unfrozen_s2027__isotonic,per_format,Win32,0.050000000000000003,0.68534482758620696,9937,496,364
CodeBERT_unfrozen_s2027__isotonic,per_format,Win64,0.050000000000000003,0.35714285714285721,9953,497,482
CodeBERT_unfrozen_s2027__isotonic,per_format,Dot_Net,0.050000000000000003,0.58474576271186451,9999,499,470
CodeBERT_unfrozen_s2027__isotonic_tiebreak,pooled,Pooled,0.001,7.7275176048278817,29889,29,29
CodeBERT_unfrozen_s2027__isotonic_tiebreak,per_format,Win32,0.001,7.7275292873382577,9937,9,9
CodeBERT_unfrozen_s2027__isotonic_tiebreak,per_format,Win64,0.001,7.7670428752899179,9953,9,9
CodeBERT_unfrozen_s2027__isotonic_tiebreak,per_format,Dot_Net,0.001,7.6212420463562021,9999,9,9
CodeBERT_unfrozen_s2027__isotonic_tiebreak,pooled,Pooled,0.0050000000000000001,7.3036692142486581,29889,149,149
CodeBERT_unfrozen_s2027__isotonic_tiebreak,per_format,Win32,0.0050000000000000001,7.3747575283050546,9937,49,49
CodeBERT_unfrozen_s2027__isotonic_tiebreak,per_format,Win64,0.0050000000000000001,7.3332066535949716,9953,49,49
CodeBERT_unfrozen_s2027__isotonic_tiebreak,per_format,Dot_Net,0.0050000000000000001,7.1487295627594003,9999,49,49
CodeBERT_unfrozen_s2027__isotonic_tiebreak,pooled,Pooled,0.01,6.7268836498260507,29889,298,298
CodeBERT_unfrozen_s2027__isotonic_tiebreak,per_format,Win32,0.01,6.8885424137115487,9937,99,99
CodeBERT_unfrozen_s2027__isotonic_tiebreak,per_format,Win64,0.01,6.7240684032440194,9953,99,99
CodeBERT_unfrozen_s2027__isotonic_tiebreak,per_format,Dot_Net,0.01,6.5643658638000497,9999,99,99
CodeBERT_unfrozen_s2027__isotonic_tiebreak,pooled,Pooled,0.050000000000000003,1.0946134030818941,29889,1494,1494
CodeBERT_unfrozen_s2027__isotonic_tiebreak,per_format,Win32,0.050000000000000003,2.5256575345993046,9937,496,495
CodeBERT_unfrozen_s2027__isotonic_tiebreak,per_format,Win64,0.050000000000000003,-3.114558100700378,9953,497,497
CodeBERT_unfrozen_s2027__isotonic_tiebreak,per_format,Dot_Net,0.050000000000000003,0.94338357448577892,9999,499,499
CodeBERT_unfrozen_s2027__format_platt,pooled,Pooled,0.001,3.7008723843987874,29889,29,29
CodeBERT_unfrozen_s2027__format_platt,per_format,Win32,0.001,3.6842653989939809,9937,9,9
CodeBERT_unfrozen_s2027__format_platt,per_format,Win64,0.001,3.6718785750421525,9953,9,9
CodeBERT_unfrozen_s2027__format_platt,per_format,Dot_Net,0.001,3.7642160271418312,9999,9,9
CodeBERT_unfrozen_s2027__format_platt,pooled,Pooled,0.0050000000000000001,3.4983298491036736,29889,149,149
CodeBERT_unfrozen_s2027__format_platt,per_format,Win32,0.0050000000000000001,3.5206795722947919,9937,49,49
CodeBERT_unfrozen_s2027__format_platt,per_format,Win64,0.0050000000000000001,3.4628966957360579,9953,49,49
CodeBERT_unfrozen_s2027__format_platt,per_format,Dot_Net,0.0050000000000000001,3.5164175130172701,9999,49,49
CodeBERT_unfrozen_s2027__format_platt,pooled,Pooled,0.01,3.2308378703972975,29889,298,298
CodeBERT_unfrozen_s2027__format_platt,per_format,Win32,0.01,3.2952139576650983,9937,99,99
CodeBERT_unfrozen_s2027__format_platt,per_format,Win64,0.01,3.169470628594345,9953,99,99
CodeBERT_unfrozen_s2027__format_platt,per_format,Dot_Net,0.01,3.2099611518896309,9999,99,99
CodeBERT_unfrozen_s2027__format_platt,pooled,Pooled,0.050000000000000003,0.52066697626671388,29889,1494,1494
CodeBERT_unfrozen_s2027__format_platt,per_format,Win32,0.050000000000000003,1.2720754510597794,9937,496,495
CodeBERT_unfrozen_s2027__format_platt,per_format,Win64,0.050000000000000003,-1.5698631424590199,9953,497,497
CodeBERT_unfrozen_s2027__format_platt,per_format,Dot_Net,0.050000000000000003,0.26216377601946217,9999,499,499
CodeBERT_unfrozen_s2028__temperature,pooled,Pooled,0.001,3.7609566436124799,29889,29,29
CodeBERT_unfrozen_s2028__temperature,per_format,Win32,0.001,3.7727931331900235,9937,9,9
CodeBERT_unfrozen_s2028__temperature,per_format,Win64,0.001,3.7675504187492614,9953,9,9
CodeBERT_unfrozen_s2028__temperature,per_format,Dot_Net,0.001,3.658970642343927,9999,9,9
CodeBERT_unfrozen_s2028__temperature,pooled,Pooled,0.0050000000000000001,3.4349296375848781,29889,149,149
CodeBERT_unfrozen_s2028__temperature,per_format,Win32,0.0050000000000000001,3.6295518124727946,9937,49,49
CodeBERT_unfrozen_s2028__temperature,per_format,Win64,0.0050000000000000001,3.4983107623276446,9953,49,49
CodeBERT_unfrozen_s2028__temperature,per_format,Dot_Net,0.0050000000000000001,3.0625516825415717,9999,49,49
CodeBERT_unfrozen_s2028__temperature,pooled,Pooled,0.01,2.9926467473587186,29889,298,298
CodeBERT_unfrozen_s2028__temperature,per_format,Win32,0.01,3.1881365904927641,9937,99,99
CodeBERT_unfrozen_s2028__temperature,per_format,Win64,0.01,3.0954965741154385,9953,99,99
CodeBERT_unfrozen_s2028__temperature,per_format,Dot_Net,0.01,2.705847343410154,9999,99,99
CodeBERT_unfrozen_s2028__temperature,pooled,Pooled,0.050000000000000003,0.89777380335019963,29889,1494,1494
CodeBERT_unfrozen_s2028__temperature,per_format,Win32,0.050000000000000003,1.2814754385464131,9937,496,496
CodeBERT_unfrozen_s2028__temperature,per_format,Win64,0.050000000000000003,-0.13426658434147648,9953,497,497
CodeBERT_unfrozen_s2028__temperature,per_format,Dot_Net,0.050000000000000003,0.25129073673946606,9999,499,499
CodeBERT_unfrozen_s2028__isotonic,pooled,Pooled,0.001,0.98557158712541637,29889,29,28
CodeBERT_unfrozen_s2028__isotonic,per_format,Win32,0.001,0.99406528189910992,9937,9,4
CodeBERT_unfrozen_s2028__isotonic,per_format,Win64,0.001,0.99406528189910992,9953,9,6
CodeBERT_unfrozen_s2028__isotonic,per_format,Dot_Net,0.001,0.98319327731092443,9999,9,9
CodeBERT_unfrozen_s2028__isotonic,pooled,Pooled,0.0050000000000000001,0.95739348370927324,29889,149,119
CodeBERT_unfrozen_s2028__isotonic,per_format,Win32,0.0050000000000000001,0.98319327731092443,9937,49,34
CodeBERT_unfrozen_s2028__isotonic,per_format,Win64,0.0050000000000000001,0.95739348370927324,9953,49,44
CodeBERT_unfrozen_s2028__isotonic,per_format,Dot_Net,0.0050000000000000001,0.94163424124513628,9999,49,36
CodeBERT_unfrozen_s2028__isotonic,pooled,Pooled,0.01,0.94163424124513628,29889,298,208
CodeBERT_unfrozen_s2028__isotonic,per_format,Win32,0.01,0.94163424124513628,9937,99,93
CodeBERT_unfrozen_s2028__isotonic,per_format,Win64,0.01,0.94163424124513628,9953,99,79
CodeBERT_unfrozen_s2028__isotonic,per_format,Dot_Net,0.01,0.88948787061994616,9999,99,69
CodeBERT_unfrozen_s2028__isotonic,pooled,Pooled,0.050000000000000003,0.63063063063063063,29889,1494,1162
CodeBERT_unfrozen_s2028__isotonic,per_format,Win32,0.050000000000000003,0.63063063063063063,9937,496,450
CodeBERT_unfrozen_s2028__isotonic,per_format,Win64,0.050000000000000003,0.60975609756097571,9953,497,494
CodeBERT_unfrozen_s2028__isotonic,per_format,Dot_Net,0.050000000000000003,0.63063063063063063,9999,499,338
CodeBERT_unfrozen_s2028__isotonic_tiebreak,pooled,Pooled,0.001,6.7669565677642831,29889,29,29
CodeBERT_unfrozen_s2028__isotonic_tiebreak,per_format,Win32,0.001,6.7882535457611093,9937,9,9
CodeBERT_unfrozen_s2028__isotonic_tiebreak,per_format,Win64,0.001,6.778820514678956,9953,9,9
CodeBERT_unfrozen_s2028__isotonic_tiebreak,per_format,Dot_Net,0.001,6.5834567546844491,9999,9,9
CodeBERT_unfrozen_s2028__isotonic_tiebreak,pooled,Pooled,0.0050000000000000001,6.1803476810455331,29889,149,149
CodeBERT_unfrozen_s2028__isotonic_tiebreak,per_format,Win32,0.0050000000000000001,6.5305244922637948,9937,49,49
CodeBERT_unfrozen_s2028__isotonic_tiebreak,per_format,Win64,0.0050000000000000001,6.2943871021270761,9953,49,49
CodeBERT_unfrozen_s2028__isotonic_tiebreak,per_format,Dot_Net,0.0050000000000000001,5.5103411674499521,9999,49,49
CodeBERT_unfrozen_s2028__isotonic_tiebreak,pooled,Pooled,0.01,5.3845636844635019,29889,298,298
CodeBERT_unfrozen_s2028__isotonic_tiebreak,per_format,Win32,0.01,5.7363016605377206,9937,99,99
CodeBERT_unfrozen_s2028__isotonic_tiebreak,per_format,Win64,0.01,5.5696177482604989,9953,99,99
CodeBERT_unfrozen_s2028__isotonic_tiebreak,per_format,Dot_Net,0.01,4.8685356378555307,9999,99,99
CodeBERT_unfrozen_s2028__isotonic_tiebreak,pooled,Pooled,0.050000000000000003,1.6153327226638796,29889,1494,1494
CodeBERT_unfrozen_s2028__isotonic_tiebreak,per_format,Win32,0.050000000000000003,2.305713534355164,9937,496,496
CodeBERT_unfrozen_s2028__isotonic_tiebreak,per_format,Win64,0.050000000000000003,-0.24158112704753873,9953,497,497
CodeBERT_unfrozen_s2028__isotonic_tiebreak,per_format,Dot_Net,0.050000000000000003,0.45213855477049952,9999,499,499
CodeBERT_unfrozen_s2028__format_platt,pooled,Pooled,0.001,3.8275286843895335,29889,29,29
CodeBERT_unfrozen_s2028__format_platt,per_format,Win32,0.001,3.5852827068856028,9937,9,9
CodeBERT_unfrozen_s2028__format_platt,per_format,Win64,0.001,3.8178956481141926,9953,9,9
CodeBERT_unfrozen_s2028__format_platt,per_format,Dot_Net,0.001,4.0689268435504093,9999,9,9
CodeBERT_unfrozen_s2028__format_platt,pooled,Pooled,0.0050000000000000001,3.4492999794429653,29889,149,149
CodeBERT_unfrozen_s2028__format_platt,per_format,Win32,0.0050000000000000001,3.4516468410145342,9937,49,49
CodeBERT_unfrozen_s2028__format_platt,per_format,Win64,0.0050000000000000001,3.5492572907239817,9953,49,49
CodeBERT_unfrozen_s2028__format_platt,per_format,Dot_Net,0.0050000000000000001,3.4186527933569133,9999,49,49
CodeBERT_unfrozen_s2028__format_platt,pooled,Pooled,0.01,3.0801519066351446,29889,298,298
CodeBERT_unfrozen_s2028__format_platt,per_format,Win32,0.01,3.0398319743084334,9937,99,99
CodeBERT_unfrozen_s2028__format_platt,per_format,Win64,0.01,3.1473427165746797,9953,99,99
CodeBERT_unfrozen_s2028__format_platt,per_format,Dot_Net,0.01,3.0297389744443692,9999,99,99
CodeBERT_unfrozen_s2028__format_platt,pooled,Pooled,0.050000000000000003,0.95891879855247453,29889,1494,1494
CodeBERT_unfrozen_s2028__format_platt,per_format,Win32,0.050000000000000003,1.2610274178629166,9937,496,496
CodeBERT_unfrozen_s2028__format_platt,per_format,Win64,0.050000000000000003,-0.075207338565060719,9953,497,497
CodeBERT_unfrozen_s2028__format_platt,per_format,Dot_Net,0.050000000000000003,0.35354225095676056,9999,499,499
CodeBERT_partial_s2026__fusion_ROC_AUC,pooled,Pooled,0.001,0.99736417786523079,29889,29,29
CodeBERT_partial_s2026__fusion_ROC_AUC,per_format,Win32,0.001,0.99563094723833134,9937,9,9
CodeBERT_partial_s2026__fusion_ROC_AUC,per_format,Win64,0.001,0.99749589098009761,9953,9,9
CodeBERT_partial_s2026__fusion_ROC_AUC,per_format,Dot_Net,0.001,0.99744204983367157,9999,9,9
CodeBERT_partial_s2026__fusion_ROC_AUC,pooled,Pooled,0.0050000000000000001,0.96320728876776318,29889,149,149
CodeBERT_partial_s2026__fusion_ROC_AUC,per_format,Win32,0.0050000000000000001,0.95442047860459234,9937,49,49
CodeBERT_partial_s2026__fusion_ROC_AUC,per_format,Win64,0.0050000000000000001,0.95478352038793812,9953,49,49
CodeBERT_partial_s2026__fusion_ROC_AUC,per_format,Dot_Net,0.0050000000000000001,0.97787117201908913,9999,49,49
CodeBERT_partial_s2026__fusion_ROC_AUC,pooled,Pooled,0.01,0.87306974208749732,29889,298,298
CodeBERT_partial_s2026__fusion_ROC_AUC,per_format,Win32,0.01,0.86002670826092931,9937,99,99
CodeBERT_partial_s2026__fusion_ROC_AUC,per_format,Win64,0.01,0.78973070263124034,9953,99,99
CodeBERT_partial_s2026__fusion_ROC_AUC,per_format,Dot_Net,0.01,0.92468346741127971,9999,99,99
CodeBERT_partial_s2026__fusion_ROC_AUC,pooled,Pooled,0.050000000000000003,0.13431661629279723,29889,1494,1494
CodeBERT_partial_s2026__fusion_ROC_AUC,per_format,Win32,0.050000000000000003,0.2087019876366332,9937,496,496
CodeBERT_partial_s2026__fusion_ROC_AUC,per_format,Win64,0.050000000000000003,0.069618019114942378,9953,497,497
CodeBERT_partial_s2026__fusion_ROC_AUC,per_format,Dot_Net,0.050000000000000003,0.11306600797467574,9999,499,499
CodeBERT_partial_s2026__fusion_AP,pooled,Pooled,0.001,0.99736417786523079,29889,29,29
CodeBERT_partial_s2026__fusion_AP,per_format,Win32,0.001,0.99563094723833134,9937,9,9
CodeBERT_partial_s2026__fusion_AP,per_format,Win64,0.001,0.99749589098009761,9953,9,9
CodeBERT_partial_s2026__fusion_AP,per_format,Dot_Net,0.001,0.99744204983367157,9999,9,9
CodeBERT_partial_s2026__fusion_AP,pooled,Pooled,0.0050000000000000001,0.96320728876776318,29889,149,149
CodeBERT_partial_s2026__fusion_AP,per_format,Win32,0.0050000000000000001,0.95442047860459234,9937,49,49
CodeBERT_partial_s2026__fusion_AP,per_format,Win64,0.0050000000000000001,0.95478352038793812,9953,49,49
CodeBERT_partial_s2026__fusion_AP,per_format,Dot_Net,0.0050000000000000001,0.97787117201908913,9999,49,49
CodeBERT_partial_s2026__fusion_AP,pooled,Pooled,0.01,0.87306974208749732,29889,298,298
CodeBERT_partial_s2026__fusion_AP,per_format,Win32,0.01,0.86002670826092931,9937,99,99
CodeBERT_partial_s2026__fusion_AP,per_format,Win64,0.01,0.78973070263124034,9953,99,99
CodeBERT_partial_s2026__fusion_AP,per_format,Dot_Net,0.01,0.92468346741127971,9999,99,99
CodeBERT_partial_s2026__fusion_AP,pooled,Pooled,0.050000000000000003,0.13431661629279723,29889,1494,1494
CodeBERT_partial_s2026__fusion_AP,per_format,Win32,0.050000000000000003,0.2087019876366332,9937,496,496
CodeBERT_partial_s2026__fusion_AP,per_format,Win64,0.050000000000000003,0.069618019114942378,9953,497,497
CodeBERT_partial_s2026__fusion_AP,per_format,Dot_Net,0.050000000000000003,0.11306600797467574,9999,499,499
CodeBERT_partial_s2026__fusion_TPR_0.001,pooled,Pooled,0.001,0.99717729853205195,29889,29,29
CodeBERT_partial_s2026__fusion_TPR_0.001,per_format,Win32,0.001,0.99566886462880766,9937,9,9
CodeBERT_partial_s2026__fusion_TPR_0.001,per_format,Win64,0.001,0.99746326017720277,9953,9,9
CodeBERT_partial_s2026__fusion_TPR_0.001,per_format,Dot_Net,0.001,0.99727452700564923,9999,9,9
CodeBERT_partial_s2026__fusion_TPR_0.001,pooled,Pooled,0.0050000000000000001,0.9618358726685069,29889,149,149
CodeBERT_partial_s2026__fusion_TPR_0.001,per_format,Win32,0.0050000000000000001,0.94944116889264363,9937,49,49
CodeBERT_partial_s2026__fusion_TPR_0.001,per_format,Win64,0.0050000000000000001,0.94550225092002427,9953,49,49
CodeBERT_partial_s2026__fusion_TPR_0.001,per_format,Dot_Net,0.0050000000000000001,0.97788667846274779,9999,49,49
CodeBERT_partial_s2026__fusion_TPR_0.001,pooled,Pooled,0.01,0.87106085151651147,29889,298,298
CodeBERT_partial_s2026__fusion_TPR_0.001,per_format,Win32,0.01,0.85800015770063798,9937,99,99
CodeBERT_partial_s2026__fusion_TPR_0.001,per_format,Win64,0.01,0.78853997844475077,9953,99,99
CodeBERT_partial_s2026__fusion_TPR_0.001,per_format,Dot_Net,0.01,0.92338132776770032,9999,99,99
CodeBERT_partial_s2026__fusion_TPR_0.001,pooled,Pooled,0.050000000000000003,0.13693414248838465,29889,1494,1494
CodeBERT_partial_s2026__fusion_TPR_0.001,per_format,Win32,0.050000000000000003,0.21145696265464792,9937,496,496
CodeBERT_partial_s2026__fusion_TPR_0.001,per_format,Win64,0.050000000000000003,0.070498210780971821,9953,497,497
CodeBERT_partial_s2026__fusion_TPR_0.001,per_format,Dot_Net,0.050000000000000003,0.11506478031254543,9999,499,499
CodeBERT_partial_s2026__fusion_TPR_0.005,pooled,Pooled,0.001,0.99670710434269438,29889,29,29
CodeBERT_partial_s2026__fusion_TPR_0.005,per_format,Win32,0.001,0.99554488846771638,9937,9,9
CodeBERT_partial_s2026__fusion_TPR_0.005,per_format,Win64,0.001,0.9971374463685988,9953,9,9
CodeBERT_partial_s2026__fusion_TPR_0.005,per_format,Dot_Net,0.001,0.99710700417762677,9999,9,9
CodeBERT_partial_s2026__fusion_TPR_0.005,pooled,Pooled,0.0050000000000000001,0.9610949339768825,29889,149,149
CodeBERT_partial_s2026__fusion_TPR_0.005,per_format,Win32,0.0050000000000000001,0.94194181764985818,9937,49,49
CodeBERT_partial_s2026__fusion_TPR_0.005,per_format,Win64,0.0050000000000000001,0.93714329773601024,9953,49,49
CodeBERT_partial_s2026__fusion_TPR_0.005,per_format,Dot_Net,0.0050000000000000001,0.97809411367813992,9999,49,49
CodeBERT_partial_s2026__fusion_TPR_0.005,pooled,Pooled,0.01,0.86800333998906054,29889,298,298
CodeBERT_partial_s2026__fusion_TPR_0.005,per_format,Win32,0.01,0.85476919867131795,9937,99,99
CodeBERT_partial_s2026__fusion_TPR_0.005,per_format,Win64,0.01,0.78397841394309342,9953,99,99
CodeBERT_partial_s2026__fusion_TPR_0.005,per_format,Dot_Net,0.01,0.92376738161333061,9999,99,99
CodeBERT_partial_s2026__fusion_TPR_0.005,pooled,Pooled,0.050000000000000003,0.13827490896503725,29889,1494,1494
CodeBERT_partial_s2026__fusion_TPR_0.005,per_format,Win32,0.050000000000000003,0.21326074127621356,9937,496,496
CodeBERT_partial_s2026__fusion_TPR_0.005,per_format,Win64,0.050000000000000003,0.072538573377091853,9953,497,497
CodeBERT_partial_s2026__fusion_TPR_0.005,per_format,Dot_Net,0.050000000000000003,0.11875273514708376,9999,499,499
CodeBERT_partial_s2026__stack,pooled,Pooled,0.001,3.9810263416099452,29889,29,29
CodeBERT_partial_s2026__stack,per_format,Win32,0.001,3.724842103431282,9937,9,9
CodeBERT_partial_s2026__stack,per_format,Win64,0.001,4.0655852122012748,9953,9,9
CodeBERT_partial_s2026__stack,per_format,Dot_Net,0.001,3.9810263416099452,9999,9,9
CodeBERT_partial_s2026__stack,pooled,Pooled,0.0050000000000000001,2.2569797805583662,29889,149,149
CodeBERT_partial_s2026__stack,per_format,Win32,0.0050000000000000001,2.0024817246152673,9937,49,49
CodeBERT_partial_s2026__stack,per_format,Win64,0.0050000000000000001,1.8968277264066349,9953,49,49
CodeBERT_partial_s2026__stack,per_format,Dot_Net,0.0050000000000000001,2.6070941397103056,9999,49,49
CodeBERT_partial_s2026__stack,pooled,Pooled,0.01,1.3551318648125752,29889,298,298
CodeBERT_partial_s2026__stack,per_format,Win32,0.01,1.289512564295499,9937,99,99
CodeBERT_partial_s2026__stack,per_format,Win64,0.01,0.93097642459564789,9953,99,99
CodeBERT_partial_s2026__stack,per_format,Dot_Net,0.01,1.8028513711593119,9999,99,99
CodeBERT_partial_s2026__stack,pooled,Pooled,0.050000000000000003,-1.1805704966222599,29889,1494,1494
CodeBERT_partial_s2026__stack,per_format,Win32,0.050000000000000003,-0.81319804743553148,9937,496,496
CodeBERT_partial_s2026__stack,per_format,Win64,0.050000000000000003,-1.7039281545148002,9953,497,497
CodeBERT_partial_s2026__stack,per_format,Dot_Net,0.050000000000000003,-1.2854736427636759,9999,499,499
CodeBERT_partial_s2027__fusion_ROC_AUC,pooled,Pooled,0.001,0.99736417786523079,29889,29,29
CodeBERT_partial_s2027__fusion_ROC_AUC,per_format,Win32,0.001,0.99563094723833134,9937,9,9
CodeBERT_partial_s2027__fusion_ROC_AUC,per_format,Win64,0.001,0.99749589098009761,9953,9,9
CodeBERT_partial_s2027__fusion_ROC_AUC,per_format,Dot_Net,0.001,0.99744204983367157,9999,9,9
CodeBERT_partial_s2027__fusion_ROC_AUC,pooled,Pooled,0.0050000000000000001,0.96320728876776318,29889,149,149
CodeBERT_partial_s2027__fusion_ROC_AUC,per_format,Win32,0.0050000000000000001,0.95442047860459234,9937,49,49
CodeBERT_partial_s2027__fusion_ROC_AUC,per_format,Win64,0.0050000000000000001,0.95478352038793812,9953,49,49
CodeBERT_partial_s2027__fusion_ROC_AUC,per_format,Dot_Net,0.0050000000000000001,0.97787117201908913,9999,49,49
CodeBERT_partial_s2027__fusion_ROC_AUC,pooled,Pooled,0.01,0.87306974208749732,29889,298,298
CodeBERT_partial_s2027__fusion_ROC_AUC,per_format,Win32,0.01,0.86002670826092931,9937,99,99
CodeBERT_partial_s2027__fusion_ROC_AUC,per_format,Win64,0.01,0.78973070263124034,9953,99,99
CodeBERT_partial_s2027__fusion_ROC_AUC,per_format,Dot_Net,0.01,0.92468346741127971,9999,99,99
CodeBERT_partial_s2027__fusion_ROC_AUC,pooled,Pooled,0.050000000000000003,0.13431661629279723,29889,1494,1494
CodeBERT_partial_s2027__fusion_ROC_AUC,per_format,Win32,0.050000000000000003,0.2087019876366332,9937,496,496
CodeBERT_partial_s2027__fusion_ROC_AUC,per_format,Win64,0.050000000000000003,0.069618019114942378,9953,497,497
CodeBERT_partial_s2027__fusion_ROC_AUC,per_format,Dot_Net,0.050000000000000003,0.11306600797467574,9999,499,499
CodeBERT_partial_s2027__fusion_AP,pooled,Pooled,0.001,0.99636505638081496,29889,29,29
CodeBERT_partial_s2027__fusion_AP,per_format,Win32,0.001,0.99566501210790792,9937,9,9
CodeBERT_partial_s2027__fusion_AP,per_format,Win64,0.001,0.9974355845676226,9953,9,9
CodeBERT_partial_s2027__fusion_AP,per_format,Dot_Net,0.001,0.99743836173846134,9999,9,9
CodeBERT_partial_s2027__fusion_AP,pooled,Pooled,0.0050000000000000001,0.96185331828001097,29889,149,149
CodeBERT_partial_s2027__fusion_AP,per_format,Win32,0.0050000000000000001,0.94978966694108335,9937,49,49
CodeBERT_partial_s2027__fusion_AP,per_format,Win64,0.0050000000000000001,0.94569288715461641,9953,49,49
CodeBERT_partial_s2027__fusion_AP,per_format,Dot_Net,0.0050000000000000001,0.9750031008503629,9999,49,49
CodeBERT_partial_s2027__fusion_AP,pooled,Pooled,0.01,0.87088119742884396,29889,298,298
CodeBERT_partial_s2027__fusion_AP,per_format,Win32,0.01,0.85434683537318101,9937,99,99
CodeBERT_partial_s2027__fusion_AP,per_format,Win64,0.01,0.78664733628181172,9953,99,99
CodeBERT_partial_s2027__fusion_AP,per_format,Dot_Net,0.01,0.92472392354424349,9999,99,99
CodeBERT_partial_s2027__fusion_AP,pooled,Pooled,0.050000000000000003,0.13545136014507042,29889,1494,1494
CodeBERT_partial_s2027__fusion_AP,per_format,Win32,0.050000000000000003,0.21145710755328884,9937,496,496
CodeBERT_partial_s2027__fusion_AP,per_format,Win64,0.050000000000000003,0.070413724332811636,9953,497,497
CodeBERT_partial_s2027__fusion_AP,per_format,Dot_Net,0.050000000000000003,0.11536201554522112,9999,499,499
CodeBERT_partial_s2027__fusion_TPR_0.001,pooled,Pooled,0.001,0.9961112943544228,29889,29,29
CodeBERT_partial_s2027__fusion_TPR_0.001,per_format,Win32,0.001,0.99580127158621423,9937,9,9
CodeBERT_partial_s2027__fusion_TPR_0.001,per_format,Win64,0.001,0.99663634975366799,9953,9,9
CodeBERT_partial_s2027__fusion_TPR_0.001,per_format,Dot_Net,0.001,0.99625268892242413,9999,9,9
CodeBERT_partial_s2027__fusion_TPR_0.001,pooled,Pooled,0.0050000000000000001,0.94831581818778765,29889,149,149
CodeBERT_partial_s2027__fusion_TPR_0.001,per_format,Win32,0.0050000000000000001,0.93154166020456253,9937,49,49
CodeBERT_partial_s2027__fusion_TPR_0.001,per_format,Win64,0.0050000000000000001,0.91457006977865329,9953,49,49
CodeBERT_partial_s2027__fusion_TPR_0.001,per_format,Dot_Net,0.0050000000000000001,0.97400784758395065,9999,49,49
CodeBERT_partial_s2027__fusion_TPR_0.001,pooled,Pooled,0.01,0.86296321669883136,29889,298,298
CodeBERT_partial_s2027__fusion_TPR_0.001,per_format,Win32,0.01,0.84363092479693869,9937,99,99
CodeBERT_partial_s2027__fusion_TPR_0.001,per_format,Win64,0.01,0.77111587133028836,9953,99,99
CodeBERT_partial_s2027__fusion_TPR_0.001,per_format,Dot_Net,0.01,0.91879249561031784,9999,99,99
CodeBERT_partial_s2027__fusion_TPR_0.001,pooled,Pooled,0.050000000000000003,0.14612699642766688,29889,1494,1494
CodeBERT_partial_s2027__fusion_TPR_0.001,per_format,Win32,0.050000000000000003,0.21686705347589325,9937,496,496
CodeBERT_partial_s2027__fusion_TPR_0.001,per_format,Win64,0.050000000000000003,0.078133915325007255,9953,497,497
CodeBERT_partial_s2027__fusion_TPR_0.001,per_format,Dot_Net,0.050000000000000003,0.12821576764649892,9999,499,499
CodeBERT_partial_s2027__fusion_TPR_0.005,pooled,Pooled,0.001,0.99736417786523079,29889,29,29
CodeBERT_partial_s2027__fusion_TPR_0.005,per_format,Win32,0.001,0.99563094723833134,9937,9,9
CodeBERT_partial_s2027__fusion_TPR_0.005,per_format,Win64,0.001,0.99749589098009761,9953,9,9
CodeBERT_partial_s2027__fusion_TPR_0.005,per_format,Dot_Net,0.001,0.99744204983367157,9999,9,9
CodeBERT_partial_s2027__fusion_TPR_0.005,pooled,Pooled,0.0050000000000000001,0.96320728876776318,29889,149,149
CodeBERT_partial_s2027__fusion_TPR_0.005,per_format,Win32,0.0050000000000000001,0.95442047860459234,9937,49,49
CodeBERT_partial_s2027__fusion_TPR_0.005,per_format,Win64,0.0050000000000000001,0.95478352038793812,9953,49,49
CodeBERT_partial_s2027__fusion_TPR_0.005,per_format,Dot_Net,0.0050000000000000001,0.97787117201908913,9999,49,49
CodeBERT_partial_s2027__fusion_TPR_0.005,pooled,Pooled,0.01,0.87306974208749732,29889,298,298
CodeBERT_partial_s2027__fusion_TPR_0.005,per_format,Win32,0.01,0.86002670826092931,9937,99,99
CodeBERT_partial_s2027__fusion_TPR_0.005,per_format,Win64,0.01,0.78973070263124034,9953,99,99
CodeBERT_partial_s2027__fusion_TPR_0.005,per_format,Dot_Net,0.01,0.92468346741127971,9999,99,99
CodeBERT_partial_s2027__fusion_TPR_0.005,pooled,Pooled,0.050000000000000003,0.13431661629279723,29889,1494,1494
CodeBERT_partial_s2027__fusion_TPR_0.005,per_format,Win32,0.050000000000000003,0.2087019876366332,9937,496,496
CodeBERT_partial_s2027__fusion_TPR_0.005,per_format,Win64,0.050000000000000003,0.069618019114942378,9953,497,497
CodeBERT_partial_s2027__fusion_TPR_0.005,per_format,Dot_Net,0.050000000000000003,0.11306600797467574,9999,499,499
CodeBERT_partial_s2027__stack,pooled,Pooled,0.001,3.9093605676681276,29889,29,29
CodeBERT_partial_s2027__stack,per_format,Win32,0.001,3.805306099512141,9937,9,9
CodeBERT_partial_s2027__stack,per_format,Win64,0.001,4.0393395499914941,9953,9,9
CodeBERT_partial_s2027__stack,per_format,Dot_Net,0.001,4.0819428468816277,9999,9,9
CodeBERT_partial_s2027__stack,pooled,Pooled,0.0050000000000000001,2.2762787714767674,29889,149,149
CodeBERT_partial_s2027__stack,per_format,Win32,0.0050000000000000001,2.0396381821441123,9937,49,49
CodeBERT_partial_s2027__stack,per_format,Win64,0.0050000000000000001,1.8347680075894299,9953,49,49
CodeBERT_partial_s2027__stack,per_format,Dot_Net,0.0050000000000000001,2.5409417968415022,9999,49,49
CodeBERT_partial_s2027__stack,pooled,Pooled,0.01,1.3662574443562834,29889,298,298
CodeBERT_partial_s2027__stack,per_format,Win32,0.01,1.2170621862837483,9937,99,99
CodeBERT_partial_s2027__stack,per_format,Win64,0.01,0.94534422671205254,9953,99,99
CodeBERT_partial_s2027__stack,per_format,Dot_Net,0.01,1.8180211512647817,9999,99,99
CodeBERT_partial_s2027__stack,pooled,Pooled,0.050000000000000003,-1.1740952849263653,29889,1494,1494
CodeBERT_partial_s2027__stack,per_format,Win32,0.050000000000000003,-0.8215173236300285,9937,496,496
CodeBERT_partial_s2027__stack,per_format,Win64,0.050000000000000003,-1.7202925510042244,9953,497,497
CodeBERT_partial_s2027__stack,per_format,Dot_Net,0.050000000000000003,-1.2658225117106445,9999,499,499
CodeBERT_partial_s2028__fusion_ROC_AUC,pooled,Pooled,0.001,0.99736417786523079,29889,29,29
CodeBERT_partial_s2028__fusion_ROC_AUC,per_format,Win32,0.001,0.99563094723833134,9937,9,9
CodeBERT_partial_s2028__fusion_ROC_AUC,per_format,Win64,0.001,0.99749589098009761,9953,9,9
CodeBERT_partial_s2028__fusion_ROC_AUC,per_format,Dot_Net,0.001,0.99744204983367157,9999,9,9
CodeBERT_partial_s2028__fusion_ROC_AUC,pooled,Pooled,0.0050000000000000001,0.96320728876776318,29889,149,149
CodeBERT_partial_s2028__fusion_ROC_AUC,per_format,Win32,0.0050000000000000001,0.95442047860459234,9937,49,49
CodeBERT_partial_s2028__fusion_ROC_AUC,per_format,Win64,0.0050000000000000001,0.95478352038793812,9953,49,49
CodeBERT_partial_s2028__fusion_ROC_AUC,per_format,Dot_Net,0.0050000000000000001,0.97787117201908913,9999,49,49
CodeBERT_partial_s2028__fusion_ROC_AUC,pooled,Pooled,0.01,0.87306974208749732,29889,298,298
CodeBERT_partial_s2028__fusion_ROC_AUC,per_format,Win32,0.01,0.86002670826092931,9937,99,99
CodeBERT_partial_s2028__fusion_ROC_AUC,per_format,Win64,0.01,0.78973070263124034,9953,99,99
CodeBERT_partial_s2028__fusion_ROC_AUC,per_format,Dot_Net,0.01,0.92468346741127971,9999,99,99
CodeBERT_partial_s2028__fusion_ROC_AUC,pooled,Pooled,0.050000000000000003,0.13431661629279723,29889,1494,1494
CodeBERT_partial_s2028__fusion_ROC_AUC,per_format,Win32,0.050000000000000003,0.2087019876366332,9937,496,496
CodeBERT_partial_s2028__fusion_ROC_AUC,per_format,Win64,0.050000000000000003,0.069618019114942378,9953,497,497
CodeBERT_partial_s2028__fusion_ROC_AUC,per_format,Dot_Net,0.050000000000000003,0.11306600797467574,9999,499,499
CodeBERT_partial_s2028__fusion_AP,pooled,Pooled,0.001,0.99736417786523079,29889,29,29
CodeBERT_partial_s2028__fusion_AP,per_format,Win32,0.001,0.99563094723833134,9937,9,9
CodeBERT_partial_s2028__fusion_AP,per_format,Win64,0.001,0.99749589098009761,9953,9,9
CodeBERT_partial_s2028__fusion_AP,per_format,Dot_Net,0.001,0.99744204983367157,9999,9,9
CodeBERT_partial_s2028__fusion_AP,pooled,Pooled,0.0050000000000000001,0.96320728876776318,29889,149,149
CodeBERT_partial_s2028__fusion_AP,per_format,Win32,0.0050000000000000001,0.95442047860459234,9937,49,49
CodeBERT_partial_s2028__fusion_AP,per_format,Win64,0.0050000000000000001,0.95478352038793812,9953,49,49
CodeBERT_partial_s2028__fusion_AP,per_format,Dot_Net,0.0050000000000000001,0.97787117201908913,9999,49,49
CodeBERT_partial_s2028__fusion_AP,pooled,Pooled,0.01,0.87306974208749732,29889,298,298
CodeBERT_partial_s2028__fusion_AP,per_format,Win32,0.01,0.86002670826092931,9937,99,99
CodeBERT_partial_s2028__fusion_AP,per_format,Win64,0.01,0.78973070263124034,9953,99,99
CodeBERT_partial_s2028__fusion_AP,per_format,Dot_Net,0.01,0.92468346741127971,9999,99,99
CodeBERT_partial_s2028__fusion_AP,pooled,Pooled,0.050000000000000003,0.13431661629279723,29889,1494,1494
CodeBERT_partial_s2028__fusion_AP,per_format,Win32,0.050000000000000003,0.2087019876366332,9937,496,496
CodeBERT_partial_s2028__fusion_AP,per_format,Win64,0.050000000000000003,0.069618019114942378,9953,497,497
CodeBERT_partial_s2028__fusion_AP,per_format,Dot_Net,0.050000000000000003,0.11306600797467574,9999,499,499
CodeBERT_partial_s2028__fusion_TPR_0.001,pooled,Pooled,0.001,0.99634393378690977,29889,29,29
CodeBERT_partial_s2028__fusion_TPR_0.001,per_format,Win32,0.001,0.99566996349091463,9937,9,9
CodeBERT_partial_s2028__fusion_TPR_0.001,per_format,Win64,0.001,0.99635718322839384,9953,9,9
CodeBERT_partial_s2028__fusion_TPR_0.001,per_format,Dot_Net,0.001,0.99741462032521033,9999,9,9
CodeBERT_partial_s2028__fusion_TPR_0.001,pooled,Pooled,0.0050000000000000001,0.96153339443804053,29889,149,149
CodeBERT_partial_s2028__fusion_TPR_0.001,per_format,Win32,0.0050000000000000001,0.94976508550006333,9937,49,49
CodeBERT_partial_s2028__fusion_TPR_0.001,per_format,Win64,0.0050000000000000001,0.9456515984512085,9953,49,49
CodeBERT_partial_s2028__fusion_TPR_0.001,per_format,Dot_Net,0.0050000000000000001,0.97789607804015066,9999,49,49
CodeBERT_partial_s2028__fusion_TPR_0.001,pooled,Pooled,0.01,0.86959600099840018,29889,298,298
CodeBERT_partial_s2028__fusion_TPR_0.001,per_format,Win32,0.01,0.8544801483954092,9937,99,99
CodeBERT_partial_s2028__fusion_TPR_0.001,per_format,Win64,0.01,0.78461710193559031,9953,99,99
CodeBERT_partial_s2028__fusion_TPR_0.001,per_format,Dot_Net,0.01,0.92452648605466536,9999,99,99
CodeBERT_partial_s2028__fusion_TPR_0.001,pooled,Pooled,0.050000000000000003,0.13691976271490228,29889,1494,1494
CodeBERT_partial_s2028__fusion_TPR_0.001,per_format,Win32,0.050000000000000003,0.21120520796808659,9937,496,496
CodeBERT_partial_s2028__fusion_TPR_0.001,per_format,Win64,0.050000000000000003,0.070718839300373121,9953,497,497
CodeBERT_partial_s2028__fusion_TPR_0.001,per_format,Dot_Net,0.050000000000000003,0.11494568812744686,9999,499,499
CodeBERT_partial_s2028__fusion_TPR_0.005,pooled,Pooled,0.001,0.99736417786523079,29889,29,29
CodeBERT_partial_s2028__fusion_TPR_0.005,per_format,Win32,0.001,0.99563094723833134,9937,9,9
CodeBERT_partial_s2028__fusion_TPR_0.005,per_format,Win64,0.001,0.99749589098009761,9953,9,9
CodeBERT_partial_s2028__fusion_TPR_0.005,per_format,Dot_Net,0.001,0.99744204983367157,9999,9,9
CodeBERT_partial_s2028__fusion_TPR_0.005,pooled,Pooled,0.0050000000000000001,0.96320728876776318,29889,149,149
CodeBERT_partial_s2028__fusion_TPR_0.005,per_format,Win32,0.0050000000000000001,0.95442047860459234,9937,49,49
CodeBERT_partial_s2028__fusion_TPR_0.005,per_format,Win64,0.0050000000000000001,0.95478352038793812,9953,49,49
CodeBERT_partial_s2028__fusion_TPR_0.005,per_format,Dot_Net,0.0050000000000000001,0.97787117201908913,9999,49,49
CodeBERT_partial_s2028__fusion_TPR_0.005,pooled,Pooled,0.01,0.87306974208749732,29889,298,298
CodeBERT_partial_s2028__fusion_TPR_0.005,per_format,Win32,0.01,0.86002670826092931,9937,99,99
CodeBERT_partial_s2028__fusion_TPR_0.005,per_format,Win64,0.01,0.78973070263124034,9953,99,99
CodeBERT_partial_s2028__fusion_TPR_0.005,per_format,Dot_Net,0.01,0.92468346741127971,9999,99,99
CodeBERT_partial_s2028__fusion_TPR_0.005,pooled,Pooled,0.050000000000000003,0.13431661629279723,29889,1494,1494
CodeBERT_partial_s2028__fusion_TPR_0.005,per_format,Win32,0.050000000000000003,0.2087019876366332,9937,496,496
CodeBERT_partial_s2028__fusion_TPR_0.005,per_format,Win64,0.050000000000000003,0.069618019114942378,9953,497,497
CodeBERT_partial_s2028__fusion_TPR_0.005,per_format,Dot_Net,0.050000000000000003,0.11306600797467574,9999,499,499
CodeBERT_partial_s2028__stack,pooled,Pooled,0.001,3.9350608107502323,29889,29,29
CodeBERT_partial_s2028__stack,per_format,Win32,0.001,3.7950902108309599,9937,9,9
CodeBERT_partial_s2028__stack,per_format,Win64,0.001,4.0078760970738143,9953,9,9
CodeBERT_partial_s2028__stack,per_format,Dot_Net,0.001,4.0305168504536955,9999,9,9
CodeBERT_partial_s2028__stack,pooled,Pooled,0.0050000000000000001,2.2197539775667736,29889,149,149
CodeBERT_partial_s2028__stack,per_format,Win32,0.0050000000000000001,2.0206931724180324,9937,49,49
CodeBERT_partial_s2028__stack,per_format,Win64,0.0050000000000000001,1.8401165087304909,9953,49,49
CodeBERT_partial_s2028__stack,per_format,Dot_Net,0.0050000000000000001,2.6475068795560164,9999,49,49
CodeBERT_partial_s2028__stack,pooled,Pooled,0.01,1.3485452532096212,29889,298,298
CodeBERT_partial_s2028__stack,per_format,Win32,0.01,1.1965619381285006,9937,99,99
CodeBERT_partial_s2028__stack,per_format,Win64,0.01,0.91617718272787718,9953,99,99
CodeBERT_partial_s2028__stack,per_format,Dot_Net,0.01,1.8472669062096119,9999,99,99
CodeBERT_partial_s2028__stack,pooled,Pooled,0.050000000000000003,-1.177369911560241,29889,1494,1494
CodeBERT_partial_s2028__stack,per_format,Win32,0.050000000000000003,-0.8417848533902571,9937,496,496
CodeBERT_partial_s2028__stack,per_format,Win64,0.050000000000000003,-1.7450057580984368,9953,497,497
CodeBERT_partial_s2028__stack,per_format,Dot_Net,0.050000000000000003,-1.2712969494003787,9999,499,499
CodeBERT_unfrozen_s2026__fusion_ROC_AUC,pooled,Pooled,0.001,0.99736417786523079,29889,29,29
CodeBERT_unfrozen_s2026__fusion_ROC_AUC,per_format,Win32,0.001,0.99563094723833134,9937,9,9
CodeBERT_unfrozen_s2026__fusion_ROC_AUC,per_format,Win64,0.001,0.99749589098009761,9953,9,9
CodeBERT_unfrozen_s2026__fusion_ROC_AUC,per_format,Dot_Net,0.001,0.99744204983367157,9999,9,9
CodeBERT_unfrozen_s2026__fusion_ROC_AUC,pooled,Pooled,0.0050000000000000001,0.96320728876776318,29889,149,149
CodeBERT_unfrozen_s2026__fusion_ROC_AUC,per_format,Win32,0.0050000000000000001,0.95442047860459234,9937,49,49
CodeBERT_unfrozen_s2026__fusion_ROC_AUC,per_format,Win64,0.0050000000000000001,0.95478352038793812,9953,49,49
CodeBERT_unfrozen_s2026__fusion_ROC_AUC,per_format,Dot_Net,0.0050000000000000001,0.97787117201908913,9999,49,49
CodeBERT_unfrozen_s2026__fusion_ROC_AUC,pooled,Pooled,0.01,0.87306974208749732,29889,298,298
CodeBERT_unfrozen_s2026__fusion_ROC_AUC,per_format,Win32,0.01,0.86002670826092931,9937,99,99
CodeBERT_unfrozen_s2026__fusion_ROC_AUC,per_format,Win64,0.01,0.78973070263124034,9953,99,99
CodeBERT_unfrozen_s2026__fusion_ROC_AUC,per_format,Dot_Net,0.01,0.92468346741127971,9999,99,99
CodeBERT_unfrozen_s2026__fusion_ROC_AUC,pooled,Pooled,0.050000000000000003,0.13431661629279723,29889,1494,1494
CodeBERT_unfrozen_s2026__fusion_ROC_AUC,per_format,Win32,0.050000000000000003,0.2087019876366332,9937,496,496
CodeBERT_unfrozen_s2026__fusion_ROC_AUC,per_format,Win64,0.050000000000000003,0.069618019114942378,9953,497,497
CodeBERT_unfrozen_s2026__fusion_ROC_AUC,per_format,Dot_Net,0.050000000000000003,0.11306600797467574,9999,499,499
CodeBERT_unfrozen_s2026__fusion_AP,pooled,Pooled,0.001,0.99736417786523079,29889,29,29
CodeBERT_unfrozen_s2026__fusion_AP,per_format,Win32,0.001,0.99563094723833134,9937,9,9
CodeBERT_unfrozen_s2026__fusion_AP,per_format,Win64,0.001,0.99749589098009761,9953,9,9
CodeBERT_unfrozen_s2026__fusion_AP,per_format,Dot_Net,0.001,0.99744204983367157,9999,9,9
CodeBERT_unfrozen_s2026__fusion_AP,pooled,Pooled,0.0050000000000000001,0.96320728876776318,29889,149,149
CodeBERT_unfrozen_s2026__fusion_AP,per_format,Win32,0.0050000000000000001,0.95442047860459234,9937,49,49
CodeBERT_unfrozen_s2026__fusion_AP,per_format,Win64,0.0050000000000000001,0.95478352038793812,9953,49,49
CodeBERT_unfrozen_s2026__fusion_AP,per_format,Dot_Net,0.0050000000000000001,0.97787117201908913,9999,49,49
CodeBERT_unfrozen_s2026__fusion_AP,pooled,Pooled,0.01,0.87306974208749732,29889,298,298
CodeBERT_unfrozen_s2026__fusion_AP,per_format,Win32,0.01,0.86002670826092931,9937,99,99
CodeBERT_unfrozen_s2026__fusion_AP,per_format,Win64,0.01,0.78973070263124034,9953,99,99
CodeBERT_unfrozen_s2026__fusion_AP,per_format,Dot_Net,0.01,0.92468346741127971,9999,99,99
CodeBERT_unfrozen_s2026__fusion_AP,pooled,Pooled,0.050000000000000003,0.13431661629279723,29889,1494,1494
CodeBERT_unfrozen_s2026__fusion_AP,per_format,Win32,0.050000000000000003,0.2087019876366332,9937,496,496
CodeBERT_unfrozen_s2026__fusion_AP,per_format,Win64,0.050000000000000003,0.069618019114942378,9953,497,497
CodeBERT_unfrozen_s2026__fusion_AP,per_format,Dot_Net,0.050000000000000003,0.11306600797467574,9999,499,499
CodeBERT_unfrozen_s2026__fusion_TPR_0.001,pooled,Pooled,0.001,0.99668274715446981,29889,29,29
CodeBERT_unfrozen_s2026__fusion_TPR_0.001,per_format,Win32,0.001,0.99415424632877847,9937,9,9
CodeBERT_unfrozen_s2026__fusion_TPR_0.001,per_format,Win64,0.001,0.99736488021636471,9953,9,9
CodeBERT_unfrozen_s2026__fusion_TPR_0.001,per_format,Dot_Net,0.001,0.99724080313178598,9999,9,9
CodeBERT_unfrozen_s2026__fusion_TPR_0.001,pooled,Pooled,0.0050000000000000001,0.96180903119047234,29889,149,149
CodeBERT_unfrozen_s2026__fusion_TPR_0.001,per_format,Win32,0.0050000000000000001,0.94972823850404653,9937,49,49
CodeBERT_unfrozen_s2026__fusion_TPR_0.001,per_format,Win64,0.0050000000000000001,0.94534572951726137,9953,49,49
CodeBERT_unfrozen_s2026__fusion_TPR_0.001,per_format,Dot_Net,0.0050000000000000001,0.97787401860844569,9999,49,49
CodeBERT_unfrozen_s2026__fusion_TPR_0.001,pooled,Pooled,0.01,0.86901185216918131,29889,298,298
CodeBERT_unfrozen_s2026__fusion_TPR_0.001,per_format,Win32,0.01,0.85431729103503651,9937,99,99
CodeBERT_unfrozen_s2026__fusion_TPR_0.001,per_format,Win64,0.01,0.78754187560103894,9953,99,99
CodeBERT_unfrozen_s2026__fusion_TPR_0.001,per_format,Dot_Net,0.01,0.92267437822336607,9999,99,99
CodeBERT_unfrozen_s2026__fusion_TPR_0.001,pooled,Pooled,0.050000000000000003,0.13729405823819182,29889,1494,1494
CodeBERT_unfrozen_s2026__fusion_TPR_0.001,per_format,Win32,0.050000000000000003,0.21188039499913111,9937,496,496
CodeBERT_unfrozen_s2026__fusion_TPR_0.001,per_format,Win64,0.050000000000000003,0.069977187158515669,9953,497,497
CodeBERT_unfrozen_s2026__fusion_TPR_0.001,per_format,Dot_Net,0.050000000000000003,0.11532396851528352,9999,499,499
CodeBERT_unfrozen_s2026__fusion_TPR_0.005,pooled,Pooled,0.001,0.99635002048885235,29889,29,29
CodeBERT_unfrozen_s2026__fusion_TPR_0.005,per_format,Win32,0.001,0.99417497604966087,9937,9,9
CodeBERT_unfrozen_s2026__fusion_TPR_0.005,per_format,Win64,0.001,0.99725948331775516,9953,9,9
CodeBERT_unfrozen_s2026__fusion_TPR_0.005,per_format,Dot_Net,0.001,0.99660911029435839,9999,9,9
CodeBERT_unfrozen_s2026__fusion_TPR_0.005,pooled,Pooled,0.0050000000000000001,0.96010080763723737,29889,149,149
CodeBERT_unfrozen_s2026__fusion_TPR_0.005,per_format,Win32,0.0050000000000000001,0.94695584478320483,9937,49,49
CodeBERT_unfrozen_s2026__fusion_TPR_0.005,per_format,Win64,0.0050000000000000001,0.93659726093238382,9953,49,49
CodeBERT_unfrozen_s2026__fusion_TPR_0.005,per_format,Dot_Net,0.0050000000000000001,0.97652652607509394,9999,49,49
CodeBERT_unfrozen_s2026__fusion_TPR_0.005,pooled,Pooled,0.01,0.86533504931632821,29889,298,298
CodeBERT_unfrozen_s2026__fusion_TPR_0.005,per_format,Win32,0.01,0.85078649929964756,9937,99,99
CodeBERT_unfrozen_s2026__fusion_TPR_0.005,per_format,Win64,0.01,0.78169102205318242,9953,99,99
CodeBERT_unfrozen_s2026__fusion_TPR_0.005,per_format,Dot_Net,0.01,0.9211829882174577,9999,99,99
CodeBERT_unfrozen_s2026__fusion_TPR_0.005,pooled,Pooled,0.050000000000000003,0.13870569746884309,29889,1494,1494
CodeBERT_unfrozen_s2026__fusion_TPR_0.005,per_format,Win32,0.050000000000000003,0.21521788752858217,9937,496,496
CodeBERT_unfrozen_s2026__fusion_TPR_0.005,per_format,Win64,0.050000000000000003,0.07257983881372472,9953,497,497
CodeBERT_unfrozen_s2026__fusion_TPR_0.005,per_format,Dot_Net,0.050000000000000003,0.11891695614942725,9999,499,499
CodeBERT_unfrozen_s2026__stack,pooled,Pooled,0.001,4.0305619334421579,29889,29,29
CodeBERT_unfrozen_s2026__stack,per_format,Win32,0.001,3.629364533719118,9937,9,9
CodeBERT_unfrozen_s2026__stack,per_format,Win64,0.001,4.1054375758183843,9953,9,9
CodeBERT_unfrozen_s2026__stack,per_format,Dot_Net,0.001,4.0325688747807726,9999,9,9
CodeBERT_unfrozen_s2026__stack,pooled,Pooled,0.0050000000000000001,2.2548986705424596,29889,149,149
CodeBERT_unfrozen_s2026__stack,per_format,Win32,0.0050000000000000001,2.0590005742684174,9937,49,49
CodeBERT_unfrozen_s2026__stack,per_format,Win64,0.0050000000000000001,1.8519739306940237,9953,49,49
CodeBERT_unfrozen_s2026__stack,per_format,Dot_Net,0.0050000000000000001,2.6620745141386482,9999,49,49
CodeBERT_unfrozen_s2026__stack,pooled,Pooled,0.01,1.3498494760805757,29889,298,298
CodeBERT_unfrozen_s2026__stack,per_format,Win32,0.01,1.2612302863478788,9937,99,99
CodeBERT_unfrozen_s2026__stack,per_format,Win64,0.01,0.89161931154586904,9953,99,99
CodeBERT_unfrozen_s2026__stack,per_format,Dot_Net,0.01,1.8084805936569994,9999,99,99
CodeBERT_unfrozen_s2026__stack,pooled,Pooled,0.050000000000000003,-1.1843791710934575,29889,1494,1494
CodeBERT_unfrozen_s2026__stack,per_format,Win32,0.050000000000000003,-0.81192389002762921,9937,496,496
CodeBERT_unfrozen_s2026__stack,per_format,Win64,0.050000000000000003,-1.6977026576359491,9953,497,497
CodeBERT_unfrozen_s2026__stack,per_format,Dot_Net,0.050000000000000003,-1.2598570659260164,9999,499,499
CodeBERT_unfrozen_s2027__fusion_ROC_AUC,pooled,Pooled,0.001,0.99599163083016817,29889,29,29
CodeBERT_unfrozen_s2027__fusion_ROC_AUC,per_format,Win32,0.001,0.99418123906202294,9937,9,9
CodeBERT_unfrozen_s2027__fusion_ROC_AUC,per_format,Win64,0.001,0.99637096689661286,9953,9,9
CodeBERT_unfrozen_s2027__fusion_ROC_AUC,per_format,Dot_Net,0.001,0.99742758686601118,9999,9,9
CodeBERT_unfrozen_s2027__fusion_ROC_AUC,pooled,Pooled,0.0050000000000000001,0.96183781826597858,29889,149,149
CodeBERT_unfrozen_s2027__fusion_ROC_AUC,per_format,Win32,0.0050000000000000001,0.94976976265200874,9937,49,49
CodeBERT_unfrozen_s2027__fusion_ROC_AUC,per_format,Win64,0.0050000000000000001,0.94605097406366412,9953,49,49
CodeBERT_unfrozen_s2027__fusion_ROC_AUC,per_format,Dot_Net,0.0050000000000000001,0.97789704842862712,9999,49,49
CodeBERT_unfrozen_s2027__fusion_ROC_AUC,pooled,Pooled,0.01,0.86922635054642516,29889,298,298
CodeBERT_unfrozen_s2027__fusion_ROC_AUC,per_format,Win32,0.01,0.85446427777859124,9937,99,99
CodeBERT_unfrozen_s2027__fusion_ROC_AUC,per_format,Win64,0.01,0.78312354922630067,9953,99,99
CodeBERT_unfrozen_s2027__fusion_ROC_AUC,per_format,Dot_Net,0.01,0.92528120355427335,9999,99,99
CodeBERT_unfrozen_s2027__fusion_ROC_AUC,pooled,Pooled,0.050000000000000003,0.13659461667369566,29889,1494,1494
CodeBERT_unfrozen_s2027__fusion_ROC_AUC,per_format,Win32,0.050000000000000003,0.2093725043132374,9937,496,496
CodeBERT_unfrozen_s2027__fusion_ROC_AUC,per_format,Win64,0.050000000000000003,0.07039938503424846,9953,497,497
CodeBERT_unfrozen_s2027__fusion_ROC_AUC,per_format,Dot_Net,0.050000000000000003,0.11504494215774651,9999,499,499
CodeBERT_unfrozen_s2027__fusion_AP,pooled,Pooled,0.001,0.99599163083016817,29889,29,29
CodeBERT_unfrozen_s2027__fusion_AP,per_format,Win32,0.001,0.99418123906202294,9937,9,9
CodeBERT_unfrozen_s2027__fusion_AP,per_format,Win64,0.001,0.99637096689661286,9953,9,9
CodeBERT_unfrozen_s2027__fusion_AP,per_format,Dot_Net,0.001,0.99742758686601118,9999,9,9
CodeBERT_unfrozen_s2027__fusion_AP,pooled,Pooled,0.0050000000000000001,0.96183781826597858,29889,149,149
CodeBERT_unfrozen_s2027__fusion_AP,per_format,Win32,0.0050000000000000001,0.94976976265200874,9937,49,49
CodeBERT_unfrozen_s2027__fusion_AP,per_format,Win64,0.0050000000000000001,0.94605097406366412,9953,49,49
CodeBERT_unfrozen_s2027__fusion_AP,per_format,Dot_Net,0.0050000000000000001,0.97789704842862712,9999,49,49
CodeBERT_unfrozen_s2027__fusion_AP,pooled,Pooled,0.01,0.86922635054642516,29889,298,298
CodeBERT_unfrozen_s2027__fusion_AP,per_format,Win32,0.01,0.85446427777859124,9937,99,99
CodeBERT_unfrozen_s2027__fusion_AP,per_format,Win64,0.01,0.78312354922630067,9953,99,99
CodeBERT_unfrozen_s2027__fusion_AP,per_format,Dot_Net,0.01,0.92528120355427335,9999,99,99
CodeBERT_unfrozen_s2027__fusion_AP,pooled,Pooled,0.050000000000000003,0.13659461667369566,29889,1494,1494
CodeBERT_unfrozen_s2027__fusion_AP,per_format,Win32,0.050000000000000003,0.2093725043132374,9937,496,496
CodeBERT_unfrozen_s2027__fusion_AP,per_format,Win64,0.050000000000000003,0.07039938503424846,9953,497,497
CodeBERT_unfrozen_s2027__fusion_AP,per_format,Dot_Net,0.050000000000000003,0.11504494215774651,9999,499,499
CodeBERT_unfrozen_s2027__fusion_TPR_0.001,pooled,Pooled,0.001,0.99598047803278278,29889,29,29
CodeBERT_unfrozen_s2027__fusion_TPR_0.001,per_format,Win32,0.001,0.99422896151614959,9937,9,9
CodeBERT_unfrozen_s2027__fusion_TPR_0.001,per_format,Win64,0.001,0.99640242729185535,9953,9,9
CodeBERT_unfrozen_s2027__fusion_TPR_0.001,per_format,Dot_Net,0.001,0.9974131238983508,9999,9,9
CodeBERT_unfrozen_s2027__fusion_TPR_0.001,pooled,Pooled,0.0050000000000000001,0.95894561593405758,29889,149,149
CodeBERT_unfrozen_s2027__fusion_TPR_0.001,per_format,Win32,0.0050000000000000001,0.94219615651371413,9937,49,49
CodeBERT_unfrozen_s2027__fusion_TPR_0.001,per_format,Win64,0.0050000000000000001,0.9374270981529591,9953,49,49
CodeBERT_unfrozen_s2027__fusion_TPR_0.001,per_format,Dot_Net,0.0050000000000000001,0.97537406259900972,9999,49,49
CodeBERT_unfrozen_s2027__fusion_TPR_0.001,pooled,Pooled,0.01,0.86589450239168342,29889,298,298
CodeBERT_unfrozen_s2027__fusion_TPR_0.001,per_format,Win32,0.01,0.85255312139730643,9937,99,99
CodeBERT_unfrozen_s2027__fusion_TPR_0.001,per_format,Win64,0.01,0.77940603779345752,9953,99,99
CodeBERT_unfrozen_s2027__fusion_TPR_0.001,per_format,Dot_Net,0.01,0.92393447749578428,9999,99,99
CodeBERT_unfrozen_s2027__fusion_TPR_0.001,pooled,Pooled,0.050000000000000003,0.13752351951190914,29889,1494,1494
CodeBERT_unfrozen_s2027__fusion_TPR_0.001,per_format,Win32,0.050000000000000003,0.21068904549804252,9937,496,496
CodeBERT_unfrozen_s2027__fusion_TPR_0.001,per_format,Win64,0.050000000000000003,0.070064281766698155,9953,497,497
CodeBERT_unfrozen_s2027__fusion_TPR_0.001,per_format,Dot_Net,0.050000000000000003,0.11897054592531182,9999,499,499
CodeBERT_unfrozen_s2027__fusion_TPR_0.005,pooled,Pooled,0.001,0.99596444880929536,29889,29,29
CodeBERT_unfrozen_s2027__fusion_TPR_0.005,per_format,Win32,0.001,0.99305299552271131,9937,9,9
CodeBERT_unfrozen_s2027__fusion_TPR_0.005,per_format,Win64,0.001,0.99646534808234033,9953,9,9
CodeBERT_unfrozen_s2027__fusion_TPR_0.005,per_format,Dot_Net,0.001,0.99738419796303013,9999,9,9
CodeBERT_unfrozen_s2027__fusion_TPR_0.005,pooled,Pooled,0.0050000000000000001,0.94893486470075594,29889,149,149
CodeBERT_unfrozen_s2027__fusion_TPR_0.005,per_format,Win32,0.0050000000000000001,0.93569236222051166,9937,49,49
CodeBERT_unfrozen_s2027__fusion_TPR_0.005,per_format,Win64,0.0050000000000000001,0.92287836360721009,9953,49,49
CodeBERT_unfrozen_s2027__fusion_TPR_0.005,per_format,Dot_Net,0.0050000000000000001,0.9732520309060233,9999,49,49
CodeBERT_unfrozen_s2027__fusion_TPR_0.005,pooled,Pooled,0.01,0.86116957980628495,29889,298,298
CodeBERT_unfrozen_s2027__fusion_TPR_0.005,per_format,Win32,0.01,0.84307871054236594,9937,99,99
CodeBERT_unfrozen_s2027__fusion_TPR_0.005,per_format,Win64,0.01,0.77197101492777132,9953,99,99
CodeBERT_unfrozen_s2027__fusion_TPR_0.005,per_format,Dot_Net,0.01,0.92345969716533627,9999,99,99
CodeBERT_unfrozen_s2027__fusion_TPR_0.005,pooled,Pooled,0.050000000000000003,0.14084998303162941,29889,1494,1494
CodeBERT_unfrozen_s2027__fusion_TPR_0.005,per_format,Win32,0.050000000000000003,0.2114368400620561,9937,496,496
CodeBERT_unfrozen_s2027__fusion_TPR_0.005,per_format,Win64,0.050000000000000003,0.072953704723797919,9953,497,497
CodeBERT_unfrozen_s2027__fusion_TPR_0.005,per_format,Dot_Net,0.050000000000000003,0.12198766284619071,9999,499,499
CodeBERT_unfrozen_s2027__stack,pooled,Pooled,0.001,3.9632298971229933,29889,29,29
CodeBERT_unfrozen_s2027__stack,per_format,Win32,0.001,3.6515724494238637,9937,9,9
CodeBERT_unfrozen_s2027__stack,per_format,Win64,0.001,4.1311708773832994,9953,9,9
CodeBERT_unfrozen_s2027__stack,per_format,Dot_Net,0.001,4.085908910711491,9999,9,9
CodeBERT_unfrozen_s2027__stack,pooled,Pooled,0.0050000000000000001,2.2681189605841428,29889,149,149
CodeBERT_unfrozen_s2027__stack,per_format,Win32,0.0050000000000000001,1.9867163549110005,9937,49,49
CodeBERT_unfrozen_s2027__stack,per_format,Win64,0.0050000000000000001,1.8615471457554404,9953,49,49
CodeBERT_unfrozen_s2027__stack,per_format,Dot_Net,0.0050000000000000001,2.6489846327665227,9999,49,49
CodeBERT_unfrozen_s2027__stack,pooled,Pooled,0.01,1.360551788449357,29889,298,298
CodeBERT_unfrozen_s2027__stack,per_format,Win32,0.01,1.2120665140510114,9937,99,99
CodeBERT_unfrozen_s2027__stack,per_format,Win64,0.01,0.95663330020640647,9953,99,99
CodeBERT_unfrozen_s2027__stack,per_format,Dot_Net,0.01,1.8700396254023293,9999,99,99
CodeBERT_unfrozen_s2027__stack,pooled,Pooled,0.050000000000000003,-1.2000429899838834,29889,1494,1494
CodeBERT_unfrozen_s2027__stack,per_format,Win32,0.050000000000000003,-0.83968169234037326,9937,496,496
CodeBERT_unfrozen_s2027__stack,per_format,Win64,0.050000000000000003,-1.7585834557204973,9953,497,497
CodeBERT_unfrozen_s2027__stack,per_format,Dot_Net,0.050000000000000003,-1.2069674691128727,9999,499,499
CodeBERT_unfrozen_s2028__fusion_ROC_AUC,pooled,Pooled,0.001,0.99736417786523079,29889,29,29
CodeBERT_unfrozen_s2028__fusion_ROC_AUC,per_format,Win32,0.001,0.99563094723833134,9937,9,9
CodeBERT_unfrozen_s2028__fusion_ROC_AUC,per_format,Win64,0.001,0.99749589098009761,9953,9,9
CodeBERT_unfrozen_s2028__fusion_ROC_AUC,per_format,Dot_Net,0.001,0.99744204983367157,9999,9,9
CodeBERT_unfrozen_s2028__fusion_ROC_AUC,pooled,Pooled,0.0050000000000000001,0.96320728876776318,29889,149,149
CodeBERT_unfrozen_s2028__fusion_ROC_AUC,per_format,Win32,0.0050000000000000001,0.95442047860459234,9937,49,49
CodeBERT_unfrozen_s2028__fusion_ROC_AUC,per_format,Win64,0.0050000000000000001,0.95478352038793812,9953,49,49
CodeBERT_unfrozen_s2028__fusion_ROC_AUC,per_format,Dot_Net,0.0050000000000000001,0.97787117201908913,9999,49,49
CodeBERT_unfrozen_s2028__fusion_ROC_AUC,pooled,Pooled,0.01,0.87306974208749732,29889,298,298
CodeBERT_unfrozen_s2028__fusion_ROC_AUC,per_format,Win32,0.01,0.86002670826092931,9937,99,99
CodeBERT_unfrozen_s2028__fusion_ROC_AUC,per_format,Win64,0.01,0.78973070263124034,9953,99,99
CodeBERT_unfrozen_s2028__fusion_ROC_AUC,per_format,Dot_Net,0.01,0.92468346741127971,9999,99,99
CodeBERT_unfrozen_s2028__fusion_ROC_AUC,pooled,Pooled,0.050000000000000003,0.13431661629279723,29889,1494,1494
CodeBERT_unfrozen_s2028__fusion_ROC_AUC,per_format,Win32,0.050000000000000003,0.2087019876366332,9937,496,496
CodeBERT_unfrozen_s2028__fusion_ROC_AUC,per_format,Win64,0.050000000000000003,0.069618019114942378,9953,497,497
CodeBERT_unfrozen_s2028__fusion_ROC_AUC,per_format,Dot_Net,0.050000000000000003,0.11306600797467574,9999,499,499
CodeBERT_unfrozen_s2028__fusion_AP,pooled,Pooled,0.001,0.99736417786523079,29889,29,29
CodeBERT_unfrozen_s2028__fusion_AP,per_format,Win32,0.001,0.99563094723833134,9937,9,9
CodeBERT_unfrozen_s2028__fusion_AP,per_format,Win64,0.001,0.99749589098009761,9953,9,9
CodeBERT_unfrozen_s2028__fusion_AP,per_format,Dot_Net,0.001,0.99744204983367157,9999,9,9
CodeBERT_unfrozen_s2028__fusion_AP,pooled,Pooled,0.0050000000000000001,0.96320728876776318,29889,149,149
CodeBERT_unfrozen_s2028__fusion_AP,per_format,Win32,0.0050000000000000001,0.95442047860459234,9937,49,49
CodeBERT_unfrozen_s2028__fusion_AP,per_format,Win64,0.0050000000000000001,0.95478352038793812,9953,49,49
CodeBERT_unfrozen_s2028__fusion_AP,per_format,Dot_Net,0.0050000000000000001,0.97787117201908913,9999,49,49
CodeBERT_unfrozen_s2028__fusion_AP,pooled,Pooled,0.01,0.87306974208749732,29889,298,298
CodeBERT_unfrozen_s2028__fusion_AP,per_format,Win32,0.01,0.86002670826092931,9937,99,99
CodeBERT_unfrozen_s2028__fusion_AP,per_format,Win64,0.01,0.78973070263124034,9953,99,99
CodeBERT_unfrozen_s2028__fusion_AP,per_format,Dot_Net,0.01,0.92468346741127971,9999,99,99
CodeBERT_unfrozen_s2028__fusion_AP,pooled,Pooled,0.050000000000000003,0.13431661629279723,29889,1494,1494
CodeBERT_unfrozen_s2028__fusion_AP,per_format,Win32,0.050000000000000003,0.2087019876366332,9937,496,496
CodeBERT_unfrozen_s2028__fusion_AP,per_format,Win64,0.050000000000000003,0.069618019114942378,9953,497,497
CodeBERT_unfrozen_s2028__fusion_AP,per_format,Dot_Net,0.050000000000000003,0.11306600797467574,9999,499,499
CodeBERT_unfrozen_s2028__fusion_TPR_0.001,pooled,Pooled,0.001,0.99635132531492654,29889,29,29
CodeBERT_unfrozen_s2028__fusion_TPR_0.001,per_format,Win32,0.001,0.99410117175550361,9937,9,9
CodeBERT_unfrozen_s2028__fusion_TPR_0.001,per_format,Win64,0.001,0.99730928674285979,9953,9,9
CodeBERT_unfrozen_s2028__fusion_TPR_0.001,per_format,Dot_Net,0.001,0.99678985711578694,9999,9,9
CodeBERT_unfrozen_s2028__fusion_TPR_0.001,pooled,Pooled,0.0050000000000000001,0.96136551377582935,29889,149,149
CodeBERT_unfrozen_s2028__fusion_TPR_0.001,per_format,Win32,0.0050000000000000001,0.94965748285286833,9937,49,49
CodeBERT_unfrozen_s2028__fusion_TPR_0.001,per_format,Win64,0.0050000000000000001,0.94568415884564494,9953,49,49
CodeBERT_unfrozen_s2028__fusion_TPR_0.001,per_format,Dot_Net,0.0050000000000000001,0.97503629725109109,9999,49,49
CodeBERT_unfrozen_s2028__fusion_TPR_0.001,pooled,Pooled,0.01,0.86914580083166004,29889,298,298
CodeBERT_unfrozen_s2028__fusion_TPR_0.001,per_format,Win32,0.01,0.8545227393266428,9937,99,99
CodeBERT_unfrozen_s2028__fusion_TPR_0.001,per_format,Win64,0.01,0.78728026530830464,9953,99,99
CodeBERT_unfrozen_s2028__fusion_TPR_0.001,per_format,Dot_Net,0.01,0.92261060052765054,9999,99,99
CodeBERT_unfrozen_s2028__fusion_TPR_0.001,pooled,Pooled,0.050000000000000003,0.13776479398544472,29889,1494,1494
CodeBERT_unfrozen_s2028__fusion_TPR_0.001,per_format,Win32,0.050000000000000003,0.21098612393037103,9937,496,496
CodeBERT_unfrozen_s2028__fusion_TPR_0.001,per_format,Win64,0.050000000000000003,0.07075237907090072,9953,497,497
CodeBERT_unfrozen_s2028__fusion_TPR_0.001,per_format,Dot_Net,0.050000000000000003,0.11679201140117708,9999,499,499
CodeBERT_unfrozen_s2028__fusion_TPR_0.005,pooled,Pooled,0.001,0.9961376643979023,29889,29,29
CodeBERT_unfrozen_s2028__fusion_TPR_0.005,per_format,Win32,0.001,0.99410736568449432,9937,9,9
CodeBERT_unfrozen_s2028__fusion_TPR_0.005,per_format,Win64,0.001,0.99706452631427533,9953,9,9
CodeBERT_unfrozen_s2028__fusion_TPR_0.005,per_format,Dot_Net,0.001,0.99621052852060932,9999,9,9
CodeBERT_unfrozen_s2028__fusion_TPR_0.005,pooled,Pooled,0.0050000000000000001,0.96080439871985313,29889,149,149
CodeBERT_unfrozen_s2028__fusion_TPR_0.005,per_format,Win32,0.0050000000000000001,0.94155498557199935,9937,49,49
CodeBERT_unfrozen_s2028__fusion_TPR_0.005,per_format,Win64,0.0050000000000000001,0.93736928025435062,9953,49,49
CodeBERT_unfrozen_s2028__fusion_TPR_0.005,per_format,Dot_Net,0.0050000000000000001,0.97231466221649587,9999,49,49
CodeBERT_unfrozen_s2028__fusion_TPR_0.005,pooled,Pooled,0.01,0.86529430440694655,29889,298,298
CodeBERT_unfrozen_s2028__fusion_TPR_0.005,per_format,Win32,0.01,0.84924434024373874,9937,99,99
CodeBERT_unfrozen_s2028__fusion_TPR_0.005,per_format,Win64,0.01,0.78079935659884681,9953,99,99
CodeBERT_unfrozen_s2028__fusion_TPR_0.005,per_format,Dot_Net,0.01,0.92131311571954277,9999,99,99
CodeBERT_unfrozen_s2028__fusion_TPR_0.005,pooled,Pooled,0.050000000000000003,0.13815567934654369,29889,1494,1494
CodeBERT_unfrozen_s2028__fusion_TPR_0.005,per_format,Win32,0.050000000000000003,0.2112631248750019,9937,496,496
CodeBERT_unfrozen_s2028__fusion_TPR_0.005,per_format,Win64,0.050000000000000003,0.072558596530157685,9953,497,497
CodeBERT_unfrozen_s2028__fusion_TPR_0.005,per_format,Dot_Net,0.050000000000000003,0.12010518248449009,9999,499,499
CodeBERT_unfrozen_s2028__stack,pooled,Pooled,0.001,3.9259601829689488,29889,29,29
CodeBERT_unfrozen_s2028__stack,per_format,Win32,0.001,3.723377804191065,9937,9,9
CodeBERT_unfrozen_s2028__stack,per_format,Win64,0.001,4.077365419085262,9953,9,9
CodeBERT_unfrozen_s2028__stack,per_format,Dot_Net,0.001,3.9420821517880387,9999,9,9
CodeBERT_unfrozen_s2028__stack,pooled,Pooled,0.0050000000000000001,2.2866738664343358,29889,149,149
CodeBERT_unfrozen_s2028__stack,per_format,Win32,0.0050000000000000001,2.0094249278857141,9937,49,49
CodeBERT_unfrozen_s2028__stack,per_format,Win64,0.0050000000000000001,1.9984984045098513,9953,49,49
CodeBERT_unfrozen_s2028__stack,per_format,Dot_Net,0.0050000000000000001,2.5485550461786834,9999,49,49
CodeBERT_unfrozen_s2028__stack,pooled,Pooled,0.01,1.3623686618345092,29889,298,298
CodeBERT_unfrozen_s2028__stack,per_format,Win32,0.01,1.1945255194856421,9937,99,99
CodeBERT_unfrozen_s2028__stack,per_format,Win64,0.01,0.93076001382116602,9953,99,99
CodeBERT_unfrozen_s2028__stack,per_format,Dot_Net,0.01,1.7892337995957359,9999,99,99
CodeBERT_unfrozen_s2028__stack,pooled,Pooled,0.050000000000000003,-1.1815530173063575,29889,1494,1494
CodeBERT_unfrozen_s2028__stack,per_format,Win32,0.050000000000000003,-0.79642503970671952,9937,496,496
CodeBERT_unfrozen_s2028__stack,per_format,Win64,0.050000000000000003,-1.6980863519496059,9953,497,497
CodeBERT_unfrozen_s2028__stack,per_format,Dot_Net,0.050000000000000003,-1.2658289309167998,9999,499,499
