model,policy,target_fpr,scope,metric,replicates,observed,bootstrap_mean,percentile_lo,percentile_hi
CodeBERT_partial_s2026,per_format,0.001,threshold_only_fixed_evaluation,same_period_FPR,1000,0.0012044161927065907,0.0012141853462696553,0.00086985613917698224,0.0016728002676480427
CodeBERT_partial_s2026,per_format,0.001,threshold_only_fixed_evaluation,test_FPR,1000,0.0011382658185470371,0.0012046869768998993,0.001004352192835621,0.0014730498828255775
CodeBERT_partial_s2026,per_format,0.001,threshold_only_fixed_evaluation,same_period_TPR,1000,0.4633676519428761,0.46423952175357019,0.40716705413483889,0.51133510461640652
CodeBERT_partial_s2026,per_format,0.001,threshold_only_fixed_evaluation,test_TPR,1000,0.40165947560570858,0.402839827414537,0.34536176568204446,0.45284931961500163
CodeBERT_partial_s2026,per_format,0.001,threshold_only_fixed_evaluation,test_minus_same_FPR,1000,-6.6150374159553663e-05,-9.4983693697558758e-06,-0.00033375361483345433,0.00026854408581941398
CodeBERT_partial_s2026,per_format,0.001,threshold_only_fixed_evaluation,test_minus_same_TPR,1000,-0.06170817633716752,-0.06139969433903323,-0.067398420637769893,-0.053362976090654664
CodeBERT_partial_s2026,per_format,0.0050000000000000001,threshold_only_fixed_evaluation,same_period_FPR,1000,0.0050184008029441288,0.0052421545667447307,0.0044814319170291073,0.0060889929742388759
CodeBERT_partial_s2026,per_format,0.0050000000000000001,threshold_only_fixed_evaluation,test_FPR,1000,0.0050217609641781055,0.0051326414462671581,0.0042182792099096081,0.0061600267827251424
CodeBERT_partial_s2026,per_format,0.0050000000000000001,threshold_only_fixed_evaluation,same_period_TPR,1000,0.67758219860511459,0.68016087678512127,0.65392726668880763,0.70403188309531717
CodeBERT_partial_s2026,per_format,0.0050000000000000001,threshold_only_fixed_evaluation,test_TPR,1000,0.65940922668436774,0.65896594756057081,0.62853800199137078,0.68403916362429473
CodeBERT_partial_s2026,per_format,0.0050000000000000001,threshold_only_fixed_evaluation,test_minus_same_FPR,1000,3.3601612339766856e-06,-0.0001095131204775729,-0.00046569594595427099,0.00040523656487132881
CodeBERT_partial_s2026,per_format,0.0050000000000000001,threshold_only_fixed_evaluation,test_minus_same_TPR,1000,-0.01817297192074685,-0.021194929224550362,-0.030367687105461137,-0.0175762286815806
CodeBERT_partial_s2026,per_format,0.01,threshold_only_fixed_evaluation,same_period_FPR,1000,0.010237537638006023,0.010154767480762796,0.0091000334560053537,0.011040481766477083
CodeBERT_partial_s2026,per_format,0.01,threshold_only_fixed_evaluation,test_FPR,1000,0.010311349179779043,0.010191295614328759,0.0089052561098091725,0.01144961499832608
CodeBERT_partial_s2026,per_format,0.01,threshold_only_fixed_evaluation,same_period_TPR,1000,0.78498837595483228,0.7825386250415145,0.76758219860511456,0.79581700431750246
CodeBERT_partial_s2026,per_format,0.01,threshold_only_fixed_evaluation,test_TPR,1000,0.77112512446067039,0.76838181214736145,0.7524709591769001,0.78135247261865248
CodeBERT_partial_s2026,per_format,0.01,threshold_only_fixed_evaluation,test_minus_same_FPR,1000,7.3811541773020559e-05,3.652813356596127e-05,-0.00059616204623962673,0.00087711408744237281
CodeBERT_partial_s2026,per_format,0.01,threshold_only_fixed_evaluation,test_minus_same_TPR,1000,-0.013863251494161899,-0.014156812894153017,-0.017448859106387576,-0.011932704323553945
CodeBERT_partial_s2026,per_format,0.050000000000000003,threshold_only_fixed_evaluation,same_period_FPR,1000,0.047574439611910338,0.047753629976580794,0.04536467045834728,0.050252592840414854
CodeBERT_partial_s2026,per_format,0.050000000000000003,threshold_only_fixed_evaluation,test_FPR,1000,0.046401071309005691,0.046174757281553395,0.043923669233344495,0.048411449614998325
CodeBERT_partial_s2026,per_format,0.050000000000000003,threshold_only_fixed_evaluation,same_period_TPR,1000,0.92348057123879113,0.92364662902690131,0.92068913982065759,0.92653769511790107
CodeBERT_partial_s2026,per_format,0.050000000000000003,threshold_only_fixed_evaluation,test_TPR,1000,0.91417192167275141,0.91412950547626948,0.91085297046133418,0.91689346166611352
CodeBERT_partial_s2026,per_format,0.050000000000000003,threshold_only_fixed_evaluation,test_minus_same_FPR,1000,-0.0011733683029046468,-0.0015788726950273979,-0.0027794424887683826,-0.00037008703825644197
CodeBERT_partial_s2026,per_format,0.050000000000000003,threshold_only_fixed_evaluation,test_minus_same_TPR,1000,-0.0093086495660397173,-0.0095171235506318601,-0.010103048419761406,-0.0089771049684732353
CodeBERT_partial_s2026,pooled,0.001,threshold_only_fixed_evaluation,same_period_FPR,1000,0.0015389762462361995,0.0014395449983271994,0.0008029441284710606,0.0017397122783539645
CodeBERT_partial_s2026,pooled,0.001,threshold_only_fixed_evaluation,test_FPR,1000,0.0012052226314027451,0.0011554737194509541,0.00080348175426849682,0.0013391362571141614
CodeBERT_partial_s2026,pooled,0.001,threshold_only_fixed_evaluation,same_period_TPR,1000,0.46423115244104951,0.45919747592162069,0.40870142809697774,0.49445366987711725
CodeBERT_partial_s2026,pooled,0.001,threshold_only_fixed_evaluation,test_TPR,1000,0.40477928974444077,0.4003956189844009,0.3484898771988052,0.44035844673083308
CodeBERT_partial_s2026,pooled,0.001,threshold_only_fixed_evaluation,test_minus_same_FPR,1000,-0.00033375361483345433,-0.00028407127887624566,-0.0004675776362452976,7.6163654636786371e-07
CodeBERT_partial_s2026,pooled,0.001,threshold_only_fixed_evaluation,test_minus_same_TPR,1000,-0.059451862696608737,-0.058801856937219794,-0.060211550898172539,-0.054095223146284177
CodeBERT_partial_s2026,pooled,0.0050000000000000001,threshold_only_fixed_evaluation,same_period_FPR,1000,0.0052191368350618939,0.0052093007694881234,0.0044831047172967549,0.0060889929742388759
CodeBERT_partial_s2026,pooled,0.0050000000000000001,threshold_only_fixed_evaluation,test_FPR,1000,0.0048878473384666886,0.0049261466354201542,0.0040174087713424839,0.0062939404084365585
CodeBERT_partial_s2026,pooled,0.0050000000000000001,threshold_only_fixed_evaluation,same_period_TPR,1000,0.67545665891730322,0.67725446695450009,0.65446695450016601,0.70176021255396881
CodeBERT_partial_s2026,pooled,0.0050000000000000001,threshold_only_fixed_evaluation,test_TPR,1000,0.65536010620643881,0.65734736143378703,0.63518088284102225,0.68363757052771323
CodeBERT_partial_s2026,pooled,0.0050000000000000001,threshold_only_fixed_evaluation,test_minus_same_FPR,1000,-0.0003312894965952053,-0.00028315413406796911,-0.00066634237377246296,0.00027181464275381761
CodeBERT_partial_s2026,pooled,0.0050000000000000001,threshold_only_fixed_evaluation,test_minus_same_TPR,1000,-0.020096552710864413,-0.019907105520713238,-0.021627591187660888,-0.01758711254882106
CodeBERT_partial_s2026,pooled,0.01,threshold_only_fixed_evaluation,same_period_FPR,1000,0.010036801605888258,0.01018721980595517,0.0090331214452994309,0.011040481766477083
CodeBERT_partial_s2026,pooled,0.01,threshold_only_fixed_evaluation,test_FPR,1000,0.009574824238366253,0.0097092065617676616,0.0085704720455306322,0.010646133244057584
CodeBERT_partial_s2026,pooled,0.01,threshold_only_fixed_evaluation,same_period_TPR,1000,0.77177017602125542,0.77284722683493856,0.76027897708402525,0.7825971438060445
CodeBERT_partial_s2026,pooled,0.01,threshold_only_fixed_evaluation,test_TPR,1000,0.75984069034185198,0.76112997012943906,0.7477597079322934,0.77192167275141055
CodeBERT_partial_s2026,pooled,0.01,threshold_only_fixed_evaluation,test_minus_same_FPR,1000,-0.00046197736752200472,-0.00047801324418750957,-0.00066271339963976973,-0.00026074851175658664
CodeBERT_partial_s2026,pooled,0.01,threshold_only_fixed_evaluation,test_minus_same_TPR,1000,-0.01192948567940344,-0.011717256705499458,-0.012196104051710899,-0.01067942601874762
CodeBERT_partial_s2026,pooled,0.050000000000000003,threshold_only_fixed_evaluation,same_period_FPR,1000,0.048310471729675473,0.048231983941117433,0.045968551354968218,0.050720976915356306
CodeBERT_partial_s2026,pooled,0.050000000000000003,threshold_only_fixed_evaluation,test_FPR,1000,0.045128891864747236,0.04480154000669568,0.042450619350518914,0.047005356545028451
CodeBERT_partial_s2026,pooled,0.050000000000000003,threshold_only_fixed_evaluation,same_period_TPR,1000,0.92294918631683831,0.92279807372965783,0.91896379940219197,0.92667054134838922
CodeBERT_partial_s2026,pooled,0.050000000000000003,threshold_only_fixed_evaluation,test_TPR,1000,0.91523398606040496,0.91420119482243611,0.90879522071025554,0.91789080650514443
CodeBERT_partial_s2026,pooled,0.050000000000000003,threshold_only_fixed_evaluation,test_minus_same_FPR,1000,-0.003181579864928237,-0.0034304439344217492,-0.0037836087526823894,-0.0030476214370670357
CodeBERT_partial_s2026,pooled,0.050000000000000003,threshold_only_fixed_evaluation,test_minus_same_TPR,1000,-0.0077152002564333522,-0.0085968789072218155,-0.010301909923598029,-0.0075822658439135271
CodeBERT_partial_s2026__format_platt,per_format,0.001,threshold_only_fixed_evaluation,same_period_FPR,1000,0.0012044161927065907,0.0012141853462696553,0.00086985613917698224,0.0016728002676480427
CodeBERT_partial_s2026__format_platt,per_format,0.001,threshold_only_fixed_evaluation,test_FPR,1000,0.0011382658185470371,0.0012046869768998993,0.001004352192835621,0.0014730498828255775
CodeBERT_partial_s2026__format_platt,per_format,0.001,threshold_only_fixed_evaluation,same_period_TPR,1000,0.4633676519428761,0.46423952175357019,0.40716705413483889,0.51133510461640652
CodeBERT_partial_s2026__format_platt,per_format,0.001,threshold_only_fixed_evaluation,test_TPR,1000,0.40165947560570858,0.402839827414537,0.34536176568204446,0.45284931961500163
CodeBERT_partial_s2026__format_platt,per_format,0.001,threshold_only_fixed_evaluation,test_minus_same_FPR,1000,-6.6150374159553663e-05,-9.4983693697558758e-06,-0.00033375361483345433,0.00026854408581941398
CodeBERT_partial_s2026__format_platt,per_format,0.001,threshold_only_fixed_evaluation,test_minus_same_TPR,1000,-0.06170817633716752,-0.06139969433903323,-0.067398420637769893,-0.053362976090654664
CodeBERT_partial_s2026__format_platt,per_format,0.0050000000000000001,threshold_only_fixed_evaluation,same_period_FPR,1000,0.0050184008029441288,0.0052421545667447307,0.0044814319170291073,0.0060889929742388759
CodeBERT_partial_s2026__format_platt,per_format,0.0050000000000000001,threshold_only_fixed_evaluation,test_FPR,1000,0.0050217609641781055,0.0051326414462671581,0.0042182792099096081,0.0061600267827251424
CodeBERT_partial_s2026__format_platt,per_format,0.0050000000000000001,threshold_only_fixed_evaluation,same_period_TPR,1000,0.67758219860511459,0.68016087678512127,0.65392726668880763,0.70403188309531717
CodeBERT_partial_s2026__format_platt,per_format,0.0050000000000000001,threshold_only_fixed_evaluation,test_TPR,1000,0.65940922668436774,0.65896594756057081,0.62853800199137078,0.68403916362429473
CodeBERT_partial_s2026__format_platt,per_format,0.0050000000000000001,threshold_only_fixed_evaluation,test_minus_same_FPR,1000,3.3601612339766856e-06,-0.0001095131204775729,-0.00046569594595427099,0.00040523656487132881
CodeBERT_partial_s2026__format_platt,per_format,0.0050000000000000001,threshold_only_fixed_evaluation,test_minus_same_TPR,1000,-0.01817297192074685,-0.021194929224550362,-0.030367687105461137,-0.0175762286815806
CodeBERT_partial_s2026__format_platt,per_format,0.01,threshold_only_fixed_evaluation,same_period_FPR,1000,0.010237537638006023,0.010154767480762796,0.0091000334560053537,0.011040481766477083
CodeBERT_partial_s2026__format_platt,per_format,0.01,threshold_only_fixed_evaluation,test_FPR,1000,0.010311349179779043,0.010191295614328759,0.0089052561098091725,0.01144961499832608
CodeBERT_partial_s2026__format_platt,per_format,0.01,threshold_only_fixed_evaluation,same_period_TPR,1000,0.78498837595483228,0.7825386250415145,0.76758219860511456,0.79581700431750246
CodeBERT_partial_s2026__format_platt,per_format,0.01,threshold_only_fixed_evaluation,test_TPR,1000,0.77112512446067039,0.76838181214736145,0.7524709591769001,0.78135247261865248
CodeBERT_partial_s2026__format_platt,per_format,0.01,threshold_only_fixed_evaluation,test_minus_same_FPR,1000,7.3811541773020559e-05,3.652813356596127e-05,-0.00059616204623962673,0.00087711408744237281
CodeBERT_partial_s2026__format_platt,per_format,0.01,threshold_only_fixed_evaluation,test_minus_same_TPR,1000,-0.013863251494161899,-0.014156812894153017,-0.017448859106387576,-0.011932704323553945
CodeBERT_partial_s2026__format_platt,per_format,0.050000000000000003,threshold_only_fixed_evaluation,same_period_FPR,1000,0.047574439611910338,0.047753629976580794,0.04536467045834728,0.050252592840414854
CodeBERT_partial_s2026__format_platt,per_format,0.050000000000000003,threshold_only_fixed_evaluation,test_FPR,1000,0.046401071309005691,0.046174757281553395,0.043923669233344495,0.048411449614998325
CodeBERT_partial_s2026__format_platt,per_format,0.050000000000000003,threshold_only_fixed_evaluation,same_period_TPR,1000,0.92348057123879113,0.92364662902690131,0.92068913982065759,0.92653769511790107
CodeBERT_partial_s2026__format_platt,per_format,0.050000000000000003,threshold_only_fixed_evaluation,test_TPR,1000,0.91417192167275141,0.91412950547626948,0.91085297046133418,0.91689346166611352
CodeBERT_partial_s2026__format_platt,per_format,0.050000000000000003,threshold_only_fixed_evaluation,test_minus_same_FPR,1000,-0.0011733683029046468,-0.0015788726950273979,-0.0027794424887683826,-0.00037008703825644197
CodeBERT_partial_s2026__format_platt,per_format,0.050000000000000003,threshold_only_fixed_evaluation,test_minus_same_TPR,1000,-0.0093086495660397173,-0.0095171235506318601,-0.010103048419761406,-0.0089771049684732353
CodeBERT_partial_s2026__format_platt,pooled,0.001,threshold_only_fixed_evaluation,same_period_FPR,1000,0.0011375041820006692,0.0012406825025092006,0.00086985613917698224,0.0017397122783539645
CodeBERT_partial_s2026__format_platt,pooled,0.001,threshold_only_fixed_evaluation,test_FPR,1000,0.0013391362571141614,0.0014323401406093068,0.0012052226314027451,0.0019417475728155339
CodeBERT_partial_s2026__format_platt,pooled,0.001,threshold_only_fixed_evaluation,same_period_TPR,1000,0.36851544337429426,0.36958439056791759,0.3408170043175025,0.40199269345732314
CodeBERT_partial_s2026__format_platt,pooled,0.001,threshold_only_fixed_evaluation,test_TPR,1000,0.32313308994357781,0.32545237305011621,0.28642548954530367,0.37477597079322933
CodeBERT_partial_s2026__format_platt,pooled,0.001,threshold_only_fixed_evaluation,test_minus_same_FPR,1000,0.00020163207511349223,0.0001916576381001065,6.7718449402075914e-05,0.00033581451372362639
CodeBERT_partial_s2026__format_platt,pooled,0.001,threshold_only_fixed_evaluation,test_minus_same_TPR,1000,-0.045382353430716449,-0.044132017517801471,-0.054391514772198835,-0.027216722664093806
CodeBERT_partial_s2026__format_platt,pooled,0.0050000000000000001,threshold_only_fixed_evaluation,same_period_FPR,1000,0.0052860488457678149,0.005314620274339244,0.004349280695884911,0.0060220809635329539
CodeBERT_partial_s2026__format_platt,pooled,0.0050000000000000001,threshold_only_fixed_evaluation,test_FPR,1000,0.0052895882156009377,0.0051343823234014053,0.0038834951456310678,0.0058252427184466021
CodeBERT_partial_s2026__format_platt,pooled,0.0050000000000000001,threshold_only_fixed_evaluation,same_period_TPR,1000,0.67884423779475256,0.67716286947857862,0.64277648621720362,0.70016605778811025
CodeBERT_partial_s2026__format_platt,pooled,0.0050000000000000001,threshold_only_fixed_evaluation,test_TPR,1000,0.66053767009624964,0.66140650514437449,0.63060073016926654,0.68476601393959513
CodeBERT_partial_s2026__format_platt,pooled,0.0050000000000000001,threshold_only_fixed_evaluation,test_minus_same_FPR,1000,3.5393698331227796e-06,-0.00018023795093783762,-0.00046578555025384317,3.5393698331227796e-06
CodeBERT_partial_s2026__format_platt,pooled,0.0050000000000000001,threshold_only_fixed_evaluation,test_minus_same_TPR,1000,-0.018306567698502918,-0.015756364334204166,-0.018507909321976102,-0.011976089883062868
CodeBERT_partial_s2026__format_platt,pooled,0.01,threshold_only_fixed_evaluation,same_period_FPR,1000,0.010304449648711944,0.010177249916359987,0.0091000334560053537,0.011107393777183004
CodeBERT_partial_s2026__format_platt,pooled,0.01,threshold_only_fixed_evaluation,test_FPR,1000,0.0099096083026447949,0.0099005691329092718,0.0094409106126548369,0.010512219618346167
CodeBERT_partial_s2026__format_platt,pooled,0.01,threshold_only_fixed_evaluation,same_period_TPR,1000,0.77814679508468942,0.77671803387578875,0.76465626037861179,0.78618399202922618
CodeBERT_partial_s2026__format_platt,pooled,0.01,threshold_only_fixed_evaluation,test_TPR,1000,0.76574842349817462,0.76475731828742122,0.75127281778957844,0.77444407567208762
CodeBERT_partial_s2026__format_platt,pooled,0.01,threshold_only_fixed_evaluation,test_minus_same_FPR,1000,-0.00039484134606714884,-0.00027668078345071312,-0.00059517415883683644,0.00020714273953721316
CodeBERT_partial_s2026__format_platt,pooled,0.01,threshold_only_fixed_evaluation,test_minus_same_TPR,1000,-0.0123983715865148,-0.011960715588367598,-0.013385503292882461,-0.011132805115615985
CodeBERT_partial_s2026__format_platt,pooled,0.050000000000000003,threshold_only_fixed_evaluation,same_period_FPR,1000,0.048377383740381398,0.048256005352960853,0.045966878554700573,0.050384744061559052
CodeBERT_partial_s2026__format_platt,pooled,0.050000000000000003,threshold_only_fixed_evaluation,test_FPR,1000,0.044928021426180111,0.044853431536658848,0.042316705724807502,0.046869768998995649
CodeBERT_partial_s2026__format_platt,pooled,0.050000000000000003,threshold_only_fixed_evaluation,same_period_TPR,1000,0.92268349385586179,0.92300059780803723,0.91949518432414479,0.92739953503819328
CodeBERT_partial_s2026__format_platt,pooled,0.050000000000000003,threshold_only_fixed_evaluation,test_TPR,1000,0.91463657484234984,0.91441168270826423,0.90925987387985396,0.9180219050779953
CodeBERT_partial_s2026__format_platt,pooled,0.050000000000000003,threshold_only_fixed_evaluation,test_minus_same_FPR,1000,-0.0034493623142012875,-0.003402573816302002,-0.0038506551698376731,-0.0029813814586079138
CodeBERT_partial_s2026__format_platt,pooled,0.050000000000000003,threshold_only_fixed_evaluation,test_minus_same_TPR,1000,-0.008046919013511955,-0.0085889150997730083,-0.010235310444290824,-0.0079801872611575675
CodeBERT_partial_s2026__fusion_ROC_AUC,per_format,0.001,threshold_only_fixed_evaluation,same_period_FPR,1000,0.0014720642355302777,0.0014739377718300435,0.0010705921712947475,0.0019404483104717297
CodeBERT_partial_s2026__fusion_ROC_AUC,per_format,0.001,threshold_only_fixed_evaluation,test_FPR,1000,0.0014730498828255775,0.0016091730833612322,0.0011382658185470371,0.0021426180113826581
CodeBERT_partial_s2026__fusion_ROC_AUC,per_format,0.001,threshold_only_fixed_evaluation,same_period_TPR,1000,0.80777150448356028,0.80501873131849877,0.77335934905347059,0.82870142809697767
CodeBERT_partial_s2026__fusion_ROC_AUC,per_format,0.001,threshold_only_fixed_evaluation,test_TPR,1000,0.79986724195154335,0.79864420843013617,0.76681048788582806,0.82243942914039159
CodeBERT_partial_s2026__fusion_ROC_AUC,per_format,0.001,threshold_only_fixed_evaluation,test_minus_same_FPR,1000,9.8564729529983068e-07,0.0001352353115311885,-0.0004003968126406578,0.0006036865672962449
CodeBERT_partial_s2026__fusion_ROC_AUC,per_format,0.001,threshold_only_fixed_evaluation,test_minus_same_TPR,1000,-0.0079042625320169257,-0.0063745228883627571,-0.0085780443496096589,-0.004107187243411017
CodeBERT_partial_s2026__fusion_ROC_AUC,per_format,0.0050000000000000001,threshold_only_fixed_evaluation,same_period_FPR,1000,0.0051522248243559719,0.0052148544663767138,0.004349280695884911,0.0060889929742388759
CodeBERT_partial_s2026__fusion_ROC_AUC,per_format,0.0050000000000000001,threshold_only_fixed_evaluation,test_FPR,1000,0.0060930699698694343,0.006259926347505859,0.0054235018413123538,0.0072330097087378621
CodeBERT_partial_s2026__fusion_ROC_AUC,per_format,0.0050000000000000001,threshold_only_fixed_evaluation,same_period_TPR,1000,0.91252075722351378,0.91298445699103281,0.90501494520092995,0.92128860843573568
CodeBERT_partial_s2026__fusion_ROC_AUC,per_format,0.0050000000000000001,threshold_only_fixed_evaluation,test_TPR,1000,0.90394955194158644,0.90439754397610361,0.89439097245270494,0.91384002655160967
CodeBERT_partial_s2026__fusion_ROC_AUC,per_format,0.0050000000000000001,threshold_only_fixed_evaluation,test_minus_same_FPR,1000,0.00094084514551346244,0.0010450718811291441,0.0006728834876412711,0.001476640775130954
CodeBERT_partial_s2026__fusion_ROC_AUC,per_format,0.0050000000000000001,threshold_only_fixed_evaluation,test_minus_same_TPR,1000,-0.008571205281927341,-0.0085869130149293302,-0.0108233435032936,-0.0072494878001812977
CodeBERT_partial_s2026__fusion_ROC_AUC,per_format,0.01,threshold_only_fixed_evaluation,same_period_FPR,1000,0.010103713616594179,0.010135898293743726,0.0092338574774171959,0.011375041820006692
CodeBERT_partial_s2026__fusion_ROC_AUC,per_format,0.01,threshold_only_fixed_evaluation,test_FPR,1000,0.011918312688316036,0.011861667224640108,0.010713090056913292,0.013123535319718781
CodeBERT_partial_s2026__fusion_ROC_AUC,per_format,0.01,threshold_only_fixed_evaluation,same_period_TPR,1000,0.94493523746263697,0.94493224842245105,0.94141315177681839,0.94812520757223517
CodeBERT_partial_s2026__fusion_ROC_AUC,per_format,0.01,threshold_only_fixed_evaluation,test_TPR,1000,0.93614337869233322,0.93614988383670761,0.93275638898108193,0.93913043478260871
CodeBERT_partial_s2026__fusion_ROC_AUC,per_format,0.01,threshold_only_fixed_evaluation,test_minus_same_FPR,1000,0.0018145990717218577,0.0017257689308963803,0.0012789893710259802,0.0020822930367490754
CodeBERT_partial_s2026__fusion_ROC_AUC,per_format,0.01,threshold_only_fixed_evaluation,test_minus_same_TPR,1000,-0.008791858770303751,-0.0087823645857434129,-0.0093893747045213465,-0.0081297120206328261
CodeBERT_partial_s2026__fusion_ROC_AUC,per_format,0.050000000000000003,threshold_only_fixed_evaluation,same_period_FPR,1000,0.051722984275677487,0.051913817330210769,0.049044831047172971,0.054601873536299764
CodeBERT_partial_s2026__fusion_ROC_AUC,per_format,0.050000000000000003,threshold_only_fixed_evaluation,test_FPR,1000,0.051623702711750923,0.051672782055574157,0.048744559758955475,0.054235018413123538
CodeBERT_partial_s2026__fusion_ROC_AUC,per_format,0.050000000000000003,threshold_only_fixed_evaluation,same_period_TPR,1000,0.98246429757555631,0.98242803055463312,0.98166722019262709,0.98312852872799739
CodeBERT_partial_s2026__fusion_ROC_AUC,per_format,0.050000000000000003,threshold_only_fixed_evaluation,test_TPR,1000,0.98121473614337873,0.98128748755393291,0.98035180882841022,0.98214404248257547
CodeBERT_partial_s2026__fusion_ROC_AUC,per_format,0.050000000000000003,threshold_only_fixed_evaluation,test_minus_same_FPR,1000,-9.9281563926564842e-05,-0.00024103527463661831,-0.0015048034064866537,0.00070483638086889613
CodeBERT_partial_s2026__fusion_ROC_AUC,per_format,0.050000000000000003,threshold_only_fixed_evaluation,test_minus_same_TPR,1000,-0.0012495614321775816,-0.0011405430007000396,-0.0015813694735631462,-0.0007182646922562208
CodeBERT_partial_s2026__fusion_ROC_AUC,pooled,0.001,threshold_only_fixed_evaluation,same_period_FPR,1000,0.001405152224824356,0.0014598193375710941,0.0013382402141184342,0.0016728002676480427
CodeBERT_partial_s2026__fusion_ROC_AUC,pooled,0.001,threshold_only_fixed_evaluation,test_FPR,1000,0.0016069635085369936,0.0017063943756277201,0.0012721794442584534,0.0021426180113826581
CodeBERT_partial_s2026__fusion_ROC_AUC,pooled,0.001,threshold_only_fixed_evaluation,same_period_TPR,1000,0.79887080704085023,0.80391736964463634,0.78253072069080043,0.82736632348057126
CodeBERT_partial_s2026__fusion_ROC_AUC,pooled,0.001,threshold_only_fixed_evaluation,test_TPR,1000,0.79196813806837041,0.79716807168934611,0.77497510786591439,0.8191835380019914
CodeBERT_partial_s2026__fusion_ROC_AUC,pooled,0.001,threshold_only_fixed_evaluation,test_minus_same_FPR,1000,0.00020181128371263768,0.00024657503805662606,8.9604299572721736e-07,0.00053672975444053685
CodeBERT_partial_s2026__fusion_ROC_AUC,pooled,0.001,threshold_only_fixed_evaluation,test_minus_same_TPR,1000,-0.0069026689724798196,-0.0067492979552901582,-0.0081827854785798682,-0.0053052955624707243
CodeBERT_partial_s2026__fusion_ROC_AUC,pooled,0.0050000000000000001,threshold_only_fixed_evaluation,same_period_FPR,1000,0.0053529608564737369,0.0052904650384744062,0.0046169287387085979,0.0060220809635329539
CodeBERT_partial_s2026__fusion_ROC_AUC,pooled,0.0050000000000000001,threshold_only_fixed_evaluation,test_FPR,1000,0.0062269835955808504,0.0062274522932708413,0.0054235018413123538,0.006963508536993639
CodeBERT_partial_s2026__fusion_ROC_AUC,pooled,0.0050000000000000001,threshold_only_fixed_evaluation,same_period_TPR,1000,0.91431418133510467,0.91365772168714721,0.90567917635337092,0.91989372301560945
CodeBERT_partial_s2026__fusion_ROC_AUC,pooled,0.0050000000000000001,threshold_only_fixed_evaluation,test_TPR,1000,0.90547626949883842,0.90486405575838036,0.8950547626949884,0.91231330899435781
CodeBERT_partial_s2026__fusion_ROC_AUC,pooled,0.0050000000000000001,threshold_only_fixed_evaluation,test_minus_same_FPR,1000,0.00087402273910711353,0.0009369872547964343,0.00067274908119191196,0.0012754500011928575
CodeBERT_partial_s2026__fusion_ROC_AUC,pooled,0.0050000000000000001,threshold_only_fixed_evaluation,test_minus_same_TPR,1000,-0.0088379118362662545,-0.0087936659287667744,-0.010491920156020407,-0.0076468812275114484
CodeBERT_partial_s2026__fusion_ROC_AUC,pooled,0.01,threshold_only_fixed_evaluation,same_period_FPR,1000,0.010371361659417865,0.010495550351288057,0.0089662094345935098,0.011642689862830378
CodeBERT_partial_s2026__fusion_ROC_AUC,pooled,0.01,threshold_only_fixed_evaluation,test_FPR,1000,0.012453967191161701,0.012372882490793439,0.010845329762303315,0.01352527619685303
CodeBERT_partial_s2026__fusion_ROC_AUC,pooled,0.01,threshold_only_fixed_evaluation,same_period_TPR,1000,0.94393889073397541,0.94403653271338428,0.93955330454998343,0.94792427764862175
CodeBERT_partial_s2026__fusion_ROC_AUC,pooled,0.01,threshold_only_fixed_evaluation,test_TPR,1000,0.9346830401593097,0.93500789910388327,0.93149352804513774,0.93793561234649847
CodeBERT_partial_s2026__fusion_ROC_AUC,pooled,0.01,threshold_only_fixed_evaluation,test_minus_same_FPR,1000,0.002082605531743836,0.0018773321395053821,0.0016806406438606546,0.002082605531743836
CodeBERT_partial_s2026__fusion_ROC_AUC,pooled,0.01,threshold_only_fixed_evaluation,test_minus_same_TPR,1000,-0.0092558505746657138,-0.009028633609501081,-0.01005513250838308,-0.0080578094944050438
CodeBERT_partial_s2026__fusion_ROC_AUC,pooled,0.050000000000000003,threshold_only_fixed_evaluation,same_period_FPR,1000,0.052191368350618939,0.052411174305787886,0.050180662428905988,0.054734024757443961
CodeBERT_partial_s2026__fusion_ROC_AUC,pooled,0.050000000000000003,threshold_only_fixed_evaluation,test_FPR,1000,0.05135587546032809,0.051418480080348175,0.048876799464345498,0.053632407097422161
CodeBERT_partial_s2026__fusion_ROC_AUC,pooled,0.050000000000000003,threshold_only_fixed_evaluation,same_period_TPR,1000,0.98292925938226505,0.98291179010295582,0.9821986051145799,0.98352706741946194
CodeBERT_partial_s2026__fusion_ROC_AUC,pooled,0.050000000000000003,threshold_only_fixed_evaluation,test_TPR,1000,0.98134749419183542,0.98132724858944587,0.98061400597411219,0.98214404248257547
CodeBERT_partial_s2026__fusion_ROC_AUC,pooled,0.050000000000000003,threshold_only_fixed_evaluation,test_minus_same_FPR,1000,-0.00083549289029084817,-0.00099269422543971368,-0.001442082076866376,-0.00076795364948791661
CodeBERT_partial_s2026__fusion_ROC_AUC,pooled,0.050000000000000003,threshold_only_fixed_evaluation,test_minus_same_TPR,1000,-0.0015817651904296293,-0.0015845415135100635,-0.0017811668092091448,-0.0013165136396108279
CodeBERT_partial_s2026__fusion_TPR_0.001,per_format,0.001,threshold_only_fixed_evaluation,same_period_FPR,1000,0.0011375041820006692,0.0012475075276012044,0.00093676814988290398,0.0018066242890598862
CodeBERT_partial_s2026__fusion_TPR_0.001,per_format,0.001,threshold_only_fixed_evaluation,test_FPR,1000,0.0014730498828255775,0.0015452293270840308,0.001004352192835621,0.00207566119852695
CodeBERT_partial_s2026__fusion_TPR_0.001,per_format,0.001,threshold_only_fixed_evaluation,same_period_TPR,1000,0.79442045831949515,0.79608933909000335,0.76665061441381599,0.82199435403520416
CodeBERT_partial_s2026__fusion_TPR_0.001,per_format,0.001,threshold_only_fixed_evaluation,test_TPR,1000,0.78572850979090603,0.78756156654497178,0.7574510454696316,0.8148157982077664
CodeBERT_partial_s2026__fusion_TPR_0.001,per_format,0.001,threshold_only_fixed_evaluation,test_minus_same_FPR,1000,0.00033554570082490833,0.00029772179948282638,-0.00026706561487646434,0.00073728769801290127
CodeBERT_partial_s2026__fusion_TPR_0.001,per_format,0.001,threshold_only_fixed_evaluation,test_minus_same_TPR,1000,-0.0086919485285891218,-0.0085277725450315315,-0.010430956059665203,-0.0059110085676559194
CodeBERT_partial_s2026__fusion_TPR_0.001,per_format,0.0050000000000000001,threshold_only_fixed_evaluation,same_period_FPR,1000,0.0049514887922382069,0.0051238541318166606,0.004349280695884911,0.0060220809635329539
CodeBERT_partial_s2026__fusion_TPR_0.001,per_format,0.0050000000000000001,threshold_only_fixed_evaluation,test_FPR,1000,0.0060261131570137263,0.0063067291596919988,0.0053565450284566458,0.0073652494141278873
CodeBERT_partial_s2026__fusion_TPR_0.001,per_format,0.0050000000000000001,threshold_only_fixed_evaluation,same_period_TPR,1000,0.91305214214546659,0.91361660577881099,0.90468116904682827,0.92188641647293257
CodeBERT_partial_s2026__fusion_TPR_0.001,per_format,0.0050000000000000001,threshold_only_fixed_evaluation,test_TPR,1000,0.90421506803849983,0.90501427149020908,0.89464155326916694,0.91410886159973448
CodeBERT_partial_s2026__fusion_TPR_0.001,per_format,0.0050000000000000001,threshold_only_fixed_evaluation,test_minus_same_FPR,1000,0.0010746243647755194,0.0011828750278753378,0.00067328558693560388,0.0016106832070230058
CodeBERT_partial_s2026__fusion_TPR_0.001,per_format,0.0050000000000000001,threshold_only_fixed_evaluation,test_minus_same_TPR,1000,-0.0088370741069667691,-0.0086023342886019302,-0.010821634976432778,-0.0075140349970232332
CodeBERT_partial_s2026__fusion_TPR_0.001,per_format,0.01,threshold_only_fixed_evaluation,same_period_FPR,1000,0.010036801605888258,0.010101104048176648,0.0091000334560053537,0.011376714620274338
CodeBERT_partial_s2026__fusion_TPR_0.001,per_format,0.01,threshold_only_fixed_evaluation,test_FPR,1000,0.011717442249748912,0.011839169735520591,0.010646133244057584,0.01319216605289588
CodeBERT_partial_s2026__fusion_TPR_0.001,per_format,0.01,threshold_only_fixed_evaluation,same_period_TPR,1000,0.94506808369312523,0.94488282962470926,0.94114745931584187,0.94819163068747925
CodeBERT_partial_s2026__fusion_TPR_0.001,per_format,0.01,threshold_only_fixed_evaluation,test_TPR,1000,0.93614337869233322,0.93607255227348174,0.93249087288416865,0.9393959508795221
CodeBERT_partial_s2026__fusion_TPR_0.001,per_format,0.01,threshold_only_fixed_evaluation,test_minus_same_FPR,1000,0.0016806406438606546,0.0017380656873439418,0.0013458565795821144,0.0020817195692318111
CodeBERT_partial_s2026__fusion_TPR_0.001,per_format,0.01,threshold_only_fixed_evaluation,test_minus_same_TPR,1000,-0.0089247050007920103,-0.0088102773512278177,-0.0094564117871598664,-0.0081950438832368803
CodeBERT_partial_s2026__fusion_TPR_0.001,per_format,0.050000000000000003,threshold_only_fixed_evaluation,same_period_FPR,1000,0.052124456339913014,0.052019003011040482,0.04911341585814654,0.054668785547005681
CodeBERT_partial_s2026__fusion_TPR_0.001,per_format,0.050000000000000003,threshold_only_fixed_evaluation,test_FPR,1000,0.051489789086039503,0.051655775025108805,0.048744559758955475,0.05450451958486776
CodeBERT_partial_s2026__fusion_TPR_0.001,per_format,0.050000000000000003,threshold_only_fixed_evaluation,same_period_TPR,1000,0.98266356692128864,0.98254845566257065,0.98166722019262709,0.98326137495848553
CodeBERT_partial_s2026__fusion_TPR_0.001,per_format,0.050000000000000003,threshold_only_fixed_evaluation,test_TPR,1000,0.98161301028874881,0.98144215068038509,0.98048456687686691,0.98227680053103217
CodeBERT_partial_s2026__fusion_TPR_0.001,per_format,0.050000000000000003,threshold_only_fixed_evaluation,test_minus_same_FPR,1000,-0.00063466725387351097,-0.00036322798593167705,-0.0015078135509254272,0.00083825270271768899
CodeBERT_partial_s2026__fusion_TPR_0.001,per_format,0.050000000000000003,threshold_only_fixed_evaluation,test_minus_same_TPR,1000,-0.0010505566325398341,-0.0011063049821855694,-0.0014510744594745384,-0.00071663167125997221
CodeBERT_partial_s2026__fusion_TPR_0.001,pooled,0.001,threshold_only_fixed_evaluation,same_period_FPR,1000,0.0011375041820006692,0.0011668785547005686,0.0010705921712947475,0.0014720642355302777
CodeBERT_partial_s2026__fusion_TPR_0.001,pooled,0.001,threshold_only_fixed_evaluation,test_FPR,1000,0.0014730498828255775,0.0016161365918982255,0.0013391362571141614,0.0021426180113826581
CodeBERT_partial_s2026__fusion_TPR_0.001,pooled,0.001,threshold_only_fixed_evaluation,same_period_TPR,1000,0.78997010959814018,0.79532015941547662,0.77595483228163398,0.81946197276652277
CodeBERT_partial_s2026__fusion_TPR_0.001,pooled,0.001,threshold_only_fixed_evaluation,test_TPR,1000,0.78121473614337866,0.78651257882509118,0.76694324593428476,0.80843013607699965
CodeBERT_partial_s2026__fusion_TPR_0.001,pooled,0.001,threshold_only_fixed_evaluation,test_minus_same_FPR,1000,0.00033554570082490833,0.00044925803719765692,0.00026854408581941398,0.00067050897370259403
CodeBERT_partial_s2026__fusion_TPR_0.001,pooled,0.001,threshold_only_fixed_evaluation,test_minus_same_TPR,1000,-0.008755373454761517,-0.0088075805903853315,-0.010972748665888479,-0.0077682858394096943
CodeBERT_partial_s2026__fusion_TPR_0.001,pooled,0.0050000000000000001,threshold_only_fixed_evaluation,same_period_FPR,1000,0.0055536968885915019,0.0053684175309468059,0.0046169287387085979,0.0058882569421211109
CodeBERT_partial_s2026__fusion_TPR_0.001,pooled,0.0050000000000000001,threshold_only_fixed_evaluation,test_FPR,1000,0.0061600267827251424,0.0061949112822229663,0.0051556745898895216,0.0070974221627050551
CodeBERT_partial_s2026__fusion_TPR_0.001,pooled,0.0050000000000000001,threshold_only_fixed_evaluation,same_period_TPR,1000,0.91358352706741941,0.91378053802723358,0.90521421454666229,0.9214878777814679
CodeBERT_partial_s2026__fusion_TPR_0.001,pooled,0.0050000000000000001,threshold_only_fixed_evaluation,test_TPR,1000,0.90454696315964156,0.9047609691337537,0.89445735147693328,0.91344175240623959
CodeBERT_partial_s2026__fusion_TPR_0.001,pooled,0.0050000000000000001,threshold_only_fixed_evaluation,test_minus_same_FPR,1000,0.00060632989413364046,0.00082649375127616137,0.00060552345543748651,0.0012091652205839442
CodeBERT_partial_s2026__fusion_TPR_0.001,pooled,0.0050000000000000001,threshold_only_fixed_evaluation,test_minus_same_TPR,1000,-0.0090365639077778503,-0.0090195688934797472,-0.01075770079902838,-0.0077122020673616731
CodeBERT_partial_s2026__fusion_TPR_0.001,pooled,0.01,threshold_only_fixed_evaluation,same_period_FPR,1000,0.010371361659417865,0.010449247239879557,0.0090331214452994309,0.011575777852124457
CodeBERT_partial_s2026__fusion_TPR_0.001,pooled,0.01,threshold_only_fixed_evaluation,test_FPR,1000,0.012387010378305993,0.012351054569802478,0.011047874121191832,0.013458319383997322
CodeBERT_partial_s2026__fusion_TPR_0.001,pooled,0.01,threshold_only_fixed_evaluation,same_period_TPR,1000,0.94393889073397541,0.94401188973762873,0.93968781135835266,0.94779309199601458
CodeBERT_partial_s2026__fusion_TPR_0.001,pooled,0.01,threshold_only_fixed_evaluation,test_TPR,1000,0.93474941918353804,0.93499960172585461,0.93156322602057751,0.93753733820112839
CodeBERT_partial_s2026__fusion_TPR_0.001,pooled,0.01,threshold_only_fixed_evaluation,test_minus_same_FPR,1000,0.0020156487188881279,0.001901807329922919,0.0016135942267053744,0.002082605531743836
CodeBERT_partial_s2026__fusion_TPR_0.001,pooled,0.01,threshold_only_fixed_evaluation,test_minus_same_TPR,1000,-0.009189471550437367,-0.0090122880117740715,-0.010320295877170316,-0.0079261978123581489
CodeBERT_partial_s2026__fusion_TPR_0.001,pooled,0.050000000000000003,threshold_only_fixed_evaluation,same_period_FPR,1000,0.052258280361324856,0.052426430244228842,0.050184008029441285,0.054934760789561728
CodeBERT_partial_s2026__fusion_TPR_0.001,pooled,0.050000000000000003,threshold_only_fixed_evaluation,test_FPR,1000,0.051088048208905258,0.051225443588885172,0.048543689320388349,0.053364579845999328
CodeBERT_partial_s2026__fusion_TPR_0.001,pooled,0.050000000000000003,threshold_only_fixed_evaluation,same_period_TPR,1000,0.98279641315177679,0.98282590501494516,0.9821986051145799,0.9836599136499502
CodeBERT_partial_s2026__fusion_TPR_0.001,pooled,0.050000000000000003,threshold_only_fixed_evaluation,test_TPR,1000,0.98121473614337873,0.981399137072685,0.98055094590109526,0.98207766345834713
CodeBERT_partial_s2026__fusion_TPR_0.001,pooled,0.050000000000000003,threshold_only_fixed_evaluation,test_minus_same_FPR,1000,-0.001170232152419598,-0.00120098665534367,-0.0017696031526376736,-0.00090182247304954749
CodeBERT_partial_s2026__fusion_TPR_0.001,pooled,0.050000000000000003,threshold_only_fixed_evaluation,test_minus_same_TPR,1000,-0.0015816770083980636,-0.0014267679422601709,-0.0016486733068471482,-0.0011835792270911139
CodeBERT_partial_s2026__stack,per_format,0.001,threshold_only_fixed_evaluation,same_period_FPR,1000,0.001405152224824356,0.0014332552693208432,0.0010705921712947475,0.0018066242890598862
CodeBERT_partial_s2026__stack,per_format,0.001,threshold_only_fixed_evaluation,test_FPR,1000,0.0016069635085369936,0.0016547706729159693,0.001071309005691329,0.0021426180113826581
CodeBERT_partial_s2026__stack,per_format,0.001,threshold_only_fixed_evaluation,same_period_TPR,1000,0.80783792759880435,0.80619335768847555,0.77508468947193632,0.83181667220192623
CodeBERT_partial_s2026__stack,per_format,0.001,threshold_only_fixed_evaluation,test_TPR,1000,0.80185861267839365,0.79953375373382018,0.76694324593428476,0.82496349153667436
CodeBERT_partial_s2026__stack,per_format,0.001,threshold_only_fixed_evaluation,test_minus_same_FPR,1000,0.00020181128371263768,0.00022151540359512608,-0.00040053121909001672,0.00060368768734998953
CodeBERT_partial_s2026__stack,per_format,0.001,threshold_only_fixed_evaluation,test_minus_same_TPR,1000,-0.0059793149204107054,-0.0066596039546554789,-0.0088123170016168872,-0.0049575172040387154
CodeBERT_partial_s2026__stack,per_format,0.0050000000000000001,threshold_only_fixed_evaluation,same_period_FPR,1000,0.0053529608564737369,0.0052384744061559057,0.004349280695884911,0.0060220809635329539
CodeBERT_partial_s2026__stack,per_format,0.0050000000000000001,threshold_only_fixed_evaluation,test_FPR,1000,0.0063608972212922665,0.0064397723468362896,0.0052895882156009377,0.0074322062269835953
CodeBERT_partial_s2026__stack,per_format,0.0050000000000000001,threshold_only_fixed_evaluation,same_period_TPR,1000,0.91590833610096312,0.91546987711723682,0.90567917635337092,0.92361341746927927
CodeBERT_partial_s2026__stack,per_format,0.0050000000000000001,threshold_only_fixed_evaluation,test_TPR,1000,0.90713574510454698,0.90612366412213741,0.89578327248589451,0.91496846996349157
CodeBERT_partial_s2026__stack,per_format,0.0050000000000000001,threshold_only_fixed_evaluation,test_minus_same_FPR,1000,0.0010079363648185296,0.0012012979406803856,0.00067319262247479683,0.0016778181084241145
CodeBERT_partial_s2026__stack,per_format,0.0050000000000000001,threshold_only_fixed_evaluation,test_minus_same_TPR,1000,-0.0087725909964161408,-0.0093462129950993948,-0.011025554270914808,-0.0080448621676268064
CodeBERT_partial_s2026__stack,per_format,0.01,threshold_only_fixed_evaluation,same_period_FPR,1000,0.0097022415523586487,0.0098816995650719292,0.0086299765807962524,0.011308129809300769
CodeBERT_partial_s2026__stack,per_format,0.01,threshold_only_fixed_evaluation,test_FPR,1000,0.01111483093404754,0.011478741211918312,0.010244392366923335,0.012989621694007365
CodeBERT_partial_s2026__stack,per_format,0.01,threshold_only_fixed_evaluation,same_period_TPR,1000,0.94486881434739289,0.94476220524742593,0.94074892062437732,0.9486549319163069
CodeBERT_partial_s2026__stack,per_format,0.01,threshold_only_fixed_evaluation,test_TPR,1000,0.9354132094258214,0.93582535678725531,0.9314288084965151,0.94065715233986058
CodeBERT_partial_s2026__stack,per_format,0.01,threshold_only_fixed_evaluation,test_minus_same_FPR,1000,0.0014125893816888911,0.0015970416468463827,0.0012116741409719817,0.0020824263231446899
CodeBERT_partial_s2026__stack,per_format,0.01,threshold_only_fixed_evaluation,test_minus_same_TPR,1000,-0.0094556049215714921,-0.0089368484601708761,-0.010051743011546491,-0.0076659164212909778
CodeBERT_partial_s2026__stack,per_format,0.050000000000000003,threshold_only_fixed_evaluation,same_period_FPR,1000,0.052191368350618939,0.052404817664770835,0.049581799933087992,0.055001672800267645
CodeBERT_partial_s2026__stack,per_format,0.050000000000000003,threshold_only_fixed_evaluation,test_FPR,1000,0.05135587546032809,0.051473786407766994,0.048876799464345498,0.054101104787412119
CodeBERT_partial_s2026__stack,per_format,0.050000000000000003,threshold_only_fixed_evaluation,same_period_TPR,1000,0.9830621056127532,0.98288681501162412,0.98213218199933572,0.98352706741946194
CodeBERT_partial_s2026__stack,per_format,0.050000000000000003,threshold_only_fixed_evaluation,test_TPR,1000,0.98207766345834713,0.98199030866246251,0.980882841022237,0.98300696979754398
CodeBERT_partial_s2026__stack,per_format,0.050000000000000003,threshold_only_fixed_evaluation,test_minus_same_FPR,1000,-0.00083549289029084817,-0.00093103125700383621,-0.0015709873822585471,-0.00023139862343154826
CodeBERT_partial_s2026__stack,per_format,0.050000000000000003,threshold_only_fixed_evaluation,test_minus_same_TPR,1000,-0.0009844421544060733,-0.00089650634916139981,-0.0013823646739253958,-0.00045326886932896271
CodeBERT_partial_s2026__stack,pooled,0.001,threshold_only_fixed_evaluation,same_period_FPR,1000,0.0013382402141184342,0.0013862830378052861,0.0012044161927065907,0.0016744730679156892
CodeBERT_partial_s2026__stack,pooled,0.001,threshold_only_fixed_evaluation,test_FPR,1000,0.0016739203213927017,0.0017367927686642117,0.0014060930699698695,0.0022112487445597575
CodeBERT_partial_s2026__stack,pooled,0.001,threshold_only_fixed_evaluation,same_period_TPR,1000,0.80212553968781131,0.80612155430089683,0.78458983726336762,0.83019262703420782
CodeBERT_partial_s2026__stack,pooled,0.001,threshold_only_fixed_evaluation,test_TPR,1000,0.7958181214736143,0.79958718884832392,0.77789578493196154,0.82233488217723205
CodeBERT_partial_s2026__stack,pooled,0.001,threshold_only_fixed_evaluation,test_minus_same_FPR,1000,0.00033568010727426747,0.00035050973085892556,0.00020167687726327876,0.00053681935874010968
CodeBERT_partial_s2026__stack,pooled,0.001,threshold_only_fixed_evaluation,test_minus_same_TPR,1000,-0.0063074182141970025,-0.0065343654525727825,-0.0083138239774218636,-0.0055046971812503509
CodeBERT_partial_s2026__stack,pooled,0.0050000000000000001,threshold_only_fixed_evaluation,same_period_FPR,1000,0.0053529608564737369,0.0053764469722315167,0.0044831047172967549,0.0060220809635329539
CodeBERT_partial_s2026__stack,pooled,0.0050000000000000001,threshold_only_fixed_evaluation,test_FPR,1000,0.0058921995313023102,0.006035018413123535,0.0051556745898895216,0.007099096083026446
CodeBERT_partial_s2026__stack,pooled,0.0050000000000000001,threshold_only_fixed_evaluation,same_period_TPR,1000,0.91424775821986048,0.91461381600797087,0.90707406177349714,0.9222915974759216
CodeBERT_partial_s2026__stack,pooled,0.0050000000000000001,threshold_only_fixed_evaluation,test_TPR,1000,0.90540989047461007,0.90542150680385003,0.89644872220378358,0.91325423166279451
CodeBERT_partial_s2026__stack,pooled,0.0050000000000000001,threshold_only_fixed_evaluation,test_minus_same_FPR,1000,0.00053923867482857327,0.00065857144089201977,0.00033642550304133824,0.0010770151194934923
CodeBERT_partial_s2026__stack,pooled,0.0050000000000000001,threshold_only_fixed_evaluation,test_minus_same_TPR,1000,-0.0088378677452504162,-0.009192309204120782,-0.010625339569713566,-0.0085099849065429778
CodeBERT_partial_s2026__stack,pooled,0.01,threshold_only_fixed_evaluation,same_period_FPR,1000,0.010103713616594179,0.010294212111073937,0.0093676814988290398,0.011575777852124457
CodeBERT_partial_s2026__stack,pooled,0.01,threshold_only_fixed_evaluation,test_FPR,1000,0.011851355875460328,0.012056846334114496,0.011047874121191832,0.013324405758285906
CodeBERT_partial_s2026__stack,pooled,0.01,threshold_only_fixed_evaluation,same_period_TPR,1000,0.94480239123214882,0.94477469279309201,0.94061773497177015,0.94812354699435408
CodeBERT_partial_s2026__stack,pooled,0.01,threshold_only_fixed_evaluation,test_TPR,1000,0.93481579820776639,0.93513096581480259,0.93176236309326255,0.93873216063723863
CodeBERT_partial_s2026__stack,pooled,0.01,threshold_only_fixed_evaluation,test_minus_same_FPR,1000,0.0017476422588661496,0.0017626342230405586,0.0015465478095500942,0.0020826503338936212
CodeBERT_partial_s2026__stack,pooled,0.01,threshold_only_fixed_evaluation,test_minus_same_TPR,1000,-0.0099865930243824286,-0.0096437269782894686,-0.010253299578721342,-0.0087230547402085135
CodeBERT_partial_s2026__stack,pooled,0.050000000000000003,threshold_only_fixed_evaluation,same_period_FPR,1000,0.053128136500501841,0.053078487788558053,0.05031448645031783,0.055137169621947139
CodeBERT_partial_s2026__stack,pooled,0.050000000000000003,threshold_only_fixed_evaluation,test_FPR,1000,0.049347171074656845,0.049536993639102779,0.04706729159691999,0.052025443588885167
CodeBERT_partial_s2026__stack,pooled,0.050000000000000003,threshold_only_fixed_evaluation,same_period_TPR,1000,0.9830621056127532,0.98301952839588169,0.98213218199933572,0.98366157422783129
CodeBERT_partial_s2026__stack,pooled,0.050000000000000003,threshold_only_fixed_evaluation,test_TPR,1000,0.98154663126452046,0.98169312977099232,0.98074842349817459,0.98280783272485894
CodeBERT_partial_s2026__stack,pooled,0.050000000000000003,threshold_only_fixed_evaluation,test_minus_same_FPR,1000,-0.0037809654258449954,-0.0035414941494552677,-0.0037809654258449954,-0.0030431412220884024
CodeBERT_partial_s2026__stack,pooled,0.050000000000000003,threshold_only_fixed_evaluation,test_minus_same_TPR,1000,-0.0015154743482327371,-0.0013263986248893903,-0.0016480560326264104,-0.00085207872054046956
CodeBERT_partial_s2027,per_format,0.001,threshold_only_fixed_evaluation,same_period_FPR,1000,0.001405152224824356,0.001387822014051522,0.0008029441284710606,0.0019404483104717297
CodeBERT_partial_s2027,per_format,0.001,threshold_only_fixed_evaluation,test_FPR,1000,0.0017408771342484097,0.00174087713424841,0.0013391362571141614,0.0021426180113826581
CodeBERT_partial_s2027,per_format,0.001,threshold_only_fixed_evaluation,same_period_TPR,1000,0.52627034207904355,0.52172520757223517,0.46108269677847891,0.57256725340418468
CodeBERT_partial_s2027,per_format,0.001,threshold_only_fixed_evaluation,test_TPR,1000,0.44049120477928977,0.43871901759044146,0.38764354463989381,0.4881629605044806
CodeBERT_partial_s2027,per_format,0.001,threshold_only_fixed_evaluation,test_minus_same_FPR,1000,0.00033572490942405378,0.0003530551201968875,1.1189336909143045e-06,0.00073710736936001141
CodeBERT_partial_s2027,per_format,0.001,threshold_only_fixed_evaluation,test_minus_same_TPR,1000,-0.085779137299753783,-0.08300618998179371,-0.091038094858072641,-0.070328000782174618
CodeBERT_partial_s2027,per_format,0.0050000000000000001,threshold_only_fixed_evaluation,same_period_FPR,1000,0.0054198728671796589,0.0055943793911007022,0.0049514887922382069,0.0064904650384744059
CodeBERT_partial_s2027,per_format,0.0050000000000000001,threshold_only_fixed_evaluation,test_FPR,1000,0.0057582859055908941,0.0056844325410110473,0.0046200200870438564,0.0067626380984265148
CodeBERT_partial_s2027,per_format,0.0050000000000000001,threshold_only_fixed_evaluation,same_period_TPR,1000,0.71816672201926268,0.71937967452673524,0.70262205247426102,0.7343789438724676
CodeBERT_partial_s2027,per_format,0.0050000000000000001,threshold_only_fixed_evaluation,test_TPR,1000,0.6515101228011948,0.65393713906405571,0.63523730501161635,0.67361765682044472
CodeBERT_partial_s2027,per_format,0.0050000000000000001,threshold_only_fixed_evaluation,test_minus_same_FPR,1000,0.00033841303841123521,9.0053149910345463e-05,-0.00046498359177266698,0.00040783004931708457
CodeBERT_partial_s2027,per_format,0.0050000000000000001,threshold_only_fixed_evaluation,test_minus_same_TPR,1000,-0.06665659921806788,-0.065442535462679544,-0.070700371455785005,-0.058164215996154379
CodeBERT_partial_s2027,per_format,0.01,threshold_only_fixed_evaluation,same_period_FPR,1000,0.010103713616594179,0.010141719638675143,0.0092338574774171959,0.011241217798594848
CodeBERT_partial_s2027,per_format,0.01,threshold_only_fixed_evaluation,test_FPR,1000,0.010512219618346167,0.010638299296953466,0.0097087378640776691,0.011717442249748912
CodeBERT_partial_s2027,per_format,0.01,threshold_only_fixed_evaluation,same_period_TPR,1000,0.79182995682497515,0.79126429757555627,0.77906509465293916,0.80139654599800725
CodeBERT_partial_s2027,per_format,0.01,threshold_only_fixed_evaluation,test_TPR,1000,0.7372054430799867,0.73725821440424832,0.72372884168602725,0.75194324593428474
CodeBERT_partial_s2027,per_format,0.01,threshold_only_fixed_evaluation,test_minus_same_FPR,1000,0.00040850600175198863,0.00049657965827832337,0.00014094644317413002,0.00081024799893998157
CodeBERT_partial_s2027,per_format,0.01,threshold_only_fixed_evaluation,test_minus_same_TPR,1000,-0.054624513744988445,-0.054006083171308034,-0.058800979548051732,-0.046847145156331885
CodeBERT_partial_s2027,per_format,0.050000000000000003,threshold_only_fixed_evaluation,same_period_FPR,1000,0.049180327868852458,0.049489929742388764,0.046771495483439278,0.052459016393442623
CodeBERT_partial_s2027,per_format,0.050000000000000003,threshold_only_fixed_evaluation,test_FPR,1000,0.049681955138935384,0.049345631067961165,0.046600267827251428,0.051623702711750923
CodeBERT_partial_s2027,per_format,0.050000000000000003,threshold_only_fixed_evaluation,same_period_TPR,1000,0.92281634008635005,0.92314347392892726,0.92029226170707401,0.92673696446363329
CodeBERT_partial_s2027,per_format,0.050000000000000003,threshold_only_fixed_evaluation,test_TPR,1000,0.91018918021905082,0.91055081314304676,0.90600730169266508,0.91550116163292394
CodeBERT_partial_s2027,per_format,0.050000000000000003,threshold_only_fixed_evaluation,test_minus_same_FPR,1000,0.00050162727008292579,-0.00014429867442759369,-0.0013078525959989717,0.00090251802642497857
CodeBERT_partial_s2027,per_format,0.050000000000000003,threshold_only_fixed_evaluation,test_minus_same_TPR,1000,-0.012627159867299231,-0.012592660785880467,-0.014752177627711522,-0.010634451529258305
CodeBERT_partial_s2027,pooled,0.001,threshold_only_fixed_evaluation,same_period_FPR,1000,0.0015389762462361995,0.0015322181331549017,0.00093676814988290398,0.0019404483104717297
CodeBERT_partial_s2027,pooled,0.001,threshold_only_fixed_evaluation,test_FPR,1000,0.0018078339471041178,0.0018259792433880147,0.0014060930699698695,0.0021426180113826581
CodeBERT_partial_s2027,pooled,0.001,threshold_only_fixed_evaluation,same_period_TPR,1000,0.52965792095649289,0.53363301228827631,0.48568581866489541,0.5768847558950515
CodeBERT_partial_s2027,pooled,0.001,threshold_only_fixed_evaluation,test_TPR,1000,0.44307998672419513,0.44754902090939264,0.40769996681048787,0.48921340856289414
CodeBERT_partial_s2027,pooled,0.001,threshold_only_fixed_evaluation,test_minus_same_FPR,1000,0.00026885770086791834,0.00029376111023311335,0.00013480966870714332,0.00046972813943504249
CodeBERT_partial_s2027,pooled,0.001,threshold_only_fixed_evaluation,test_minus_same_TPR,1000,-0.08657793423229776,-0.086083991378883729,-0.090714597422020371,-0.07798585185440754
CodeBERT_partial_s2027,pooled,0.0050000000000000001,threshold_only_fixed_evaluation,same_period_FPR,1000,0.0055536968885915019,0.0055844764135162261,0.0050853128136500499,0.0062897290063566409
CodeBERT_partial_s2027,pooled,0.0050000000000000001,threshold_only_fixed_evaluation,test_FPR,1000,0.0058252427184466021,0.0057822564445932376,0.0049548041513223975,0.0067626380984265148
CodeBERT_partial_s2027,pooled,0.0050000000000000001,threshold_only_fixed_evaluation,same_period_TPR,1000,0.71889737628694783,0.71980863500498171,0.70787113915642641,0.73477250083028889
CodeBERT_partial_s2027,pooled,0.0050000000000000001,threshold_only_fixed_evaluation,test_TPR,1000,0.65224029206770662,0.65378187852638558,0.63916362429472284,0.67301692665117818
CodeBERT_partial_s2027,pooled,0.0050000000000000001,threshold_only_fixed_evaluation,test_minus_same_FPR,1000,0.00027154582985510021,0.00019778003107701148,-0.00013050866232765246,0.00040590747706437981
CodeBERT_partial_s2027,pooled,0.0050000000000000001,threshold_only_fixed_evaluation,test_minus_same_TPR,1000,-0.066657084219241214,-0.066026756478596085,-0.068707514861703567,-0.061755750543173837
CodeBERT_partial_s2027,pooled,0.01,threshold_only_fixed_evaluation,same_period_FPR,1000,0.010036801605888258,0.010081164268986283,0.0091000334560053537,0.010976915356306455
CodeBERT_partial_s2027,pooled,0.01,threshold_only_fixed_evaluation,test_FPR,1000,0.010579176431201875,0.010595112152661533,0.0097087378640776691,0.01144961499832608
CodeBERT_partial_s2027,pooled,0.01,threshold_only_fixed_evaluation,same_period_TPR,1000,0.78937230156094318,0.78925732314845576,0.77874128196612424,0.79820823646629024
CodeBERT_partial_s2027,pooled,0.01,threshold_only_fixed_evaluation,test_TPR,1000,0.73660803186193158,0.73683478260869562,0.72372884168602725,0.74975937603717224
CodeBERT_partial_s2027,pooled,0.01,threshold_only_fixed_evaluation,test_minus_same_FPR,1000,0.00054237482531361778,0.00051394788367525076,0.00027477158463971862,0.00060986926396676237
CodeBERT_partial_s2027,pooled,0.01,threshold_only_fixed_evaluation,test_minus_same_TPR,1000,-0.052764269699011601,-0.052422540539760004,-0.055940352792058071,-0.048523017108526627
CodeBERT_partial_s2027,pooled,0.050000000000000003,threshold_only_fixed_evaluation,same_period_FPR,1000,0.049849447975911676,0.04999056540649046,0.047106055536968887,0.05339745734359317
CodeBERT_partial_s2027,pooled,0.050000000000000003,threshold_only_fixed_evaluation,test_FPR,1000,0.048543689320388349,0.048583930364914638,0.046468028121861397,0.05048711081352527
CodeBERT_partial_s2027,pooled,0.050000000000000003,threshold_only_fixed_evaluation,same_period_TPR,1000,0.92328130189305879,0.92354400531384928,0.91929591497841245,0.92859847226834935
CodeBERT_partial_s2027,pooled,0.050000000000000003,threshold_only_fixed_evaluation,test_TPR,1000,0.91284434118818458,0.91262708264188519,0.90879522071025554,0.91656322602057749
CodeBERT_partial_s2027,pooled,0.050000000000000003,threshold_only_fixed_evaluation,test_minus_same_FPR,1000,-0.0013057586555233272,-0.0014066350415758348,-0.0029103476501216446,-0.0003027012448165287
CodeBERT_partial_s2027,pooled,0.050000000000000003,threshold_only_fixed_evaluation,test_minus_same_TPR,1000,-0.01043696070487421,-0.010916922671964053,-0.012033584567615385,-0.010304379020480647
CodeBERT_partial_s2027__format_platt,per_format,0.001,threshold_only_fixed_evaluation,same_period_FPR,1000,0.001405152224824356,0.001387822014051522,0.0008029441284710606,0.0019404483104717297
CodeBERT_partial_s2027__format_platt,per_format,0.001,threshold_only_fixed_evaluation,test_FPR,1000,0.0017408771342484097,0.00174087713424841,0.0013391362571141614,0.0021426180113826581
CodeBERT_partial_s2027__format_platt,per_format,0.001,threshold_only_fixed_evaluation,same_period_TPR,1000,0.52627034207904355,0.52172520757223517,0.46108269677847891,0.57256725340418468
CodeBERT_partial_s2027__format_platt,per_format,0.001,threshold_only_fixed_evaluation,test_TPR,1000,0.44049120477928977,0.43871901759044146,0.38764354463989381,0.4881629605044806
CodeBERT_partial_s2027__format_platt,per_format,0.001,threshold_only_fixed_evaluation,test_minus_same_FPR,1000,0.00033572490942405378,0.0003530551201968875,1.1189336909143045e-06,0.00073710736936001141
CodeBERT_partial_s2027__format_platt,per_format,0.001,threshold_only_fixed_evaluation,test_minus_same_TPR,1000,-0.085779137299753783,-0.08300618998179371,-0.091038094858072641,-0.070328000782174618
CodeBERT_partial_s2027__format_platt,per_format,0.0050000000000000001,threshold_only_fixed_evaluation,same_period_FPR,1000,0.0054198728671796589,0.0055943793911007022,0.0049514887922382069,0.0064904650384744059
CodeBERT_partial_s2027__format_platt,per_format,0.0050000000000000001,threshold_only_fixed_evaluation,test_FPR,1000,0.0057582859055908941,0.0056844325410110473,0.0046200200870438564,0.0067626380984265148
CodeBERT_partial_s2027__format_platt,per_format,0.0050000000000000001,threshold_only_fixed_evaluation,same_period_TPR,1000,0.71816672201926268,0.71937967452673524,0.70262205247426102,0.7343789438724676
CodeBERT_partial_s2027__format_platt,per_format,0.0050000000000000001,threshold_only_fixed_evaluation,test_TPR,1000,0.6515101228011948,0.65393713906405571,0.63523730501161635,0.67361765682044472
CodeBERT_partial_s2027__format_platt,per_format,0.0050000000000000001,threshold_only_fixed_evaluation,test_minus_same_FPR,1000,0.00033841303841123521,9.0053149910345463e-05,-0.00046498359177266698,0.00040783004931708457
CodeBERT_partial_s2027__format_platt,per_format,0.0050000000000000001,threshold_only_fixed_evaluation,test_minus_same_TPR,1000,-0.06665659921806788,-0.065442535462679544,-0.070700371455785005,-0.058164215996154379
CodeBERT_partial_s2027__format_platt,per_format,0.01,threshold_only_fixed_evaluation,same_period_FPR,1000,0.010103713616594179,0.010141719638675143,0.0092338574774171959,0.011241217798594848
CodeBERT_partial_s2027__format_platt,per_format,0.01,threshold_only_fixed_evaluation,test_FPR,1000,0.010512219618346167,0.010638299296953466,0.0097087378640776691,0.011717442249748912
CodeBERT_partial_s2027__format_platt,per_format,0.01,threshold_only_fixed_evaluation,same_period_TPR,1000,0.79182995682497515,0.79126429757555627,0.77906509465293916,0.80139654599800725
CodeBERT_partial_s2027__format_platt,per_format,0.01,threshold_only_fixed_evaluation,test_TPR,1000,0.7372054430799867,0.73725821440424832,0.72372884168602725,0.75194324593428474
CodeBERT_partial_s2027__format_platt,per_format,0.01,threshold_only_fixed_evaluation,test_minus_same_FPR,1000,0.00040850600175198863,0.00049657965827832337,0.00014094644317413002,0.00081024799893998157
CodeBERT_partial_s2027__format_platt,per_format,0.01,threshold_only_fixed_evaluation,test_minus_same_TPR,1000,-0.054624513744988445,-0.054006083171308034,-0.058800979548051732,-0.046847145156331885
CodeBERT_partial_s2027__format_platt,per_format,0.050000000000000003,threshold_only_fixed_evaluation,same_period_FPR,1000,0.049180327868852458,0.049489929742388764,0.046771495483439278,0.052459016393442623
CodeBERT_partial_s2027__format_platt,per_format,0.050000000000000003,threshold_only_fixed_evaluation,test_FPR,1000,0.049681955138935384,0.049345631067961165,0.046600267827251428,0.051623702711750923
CodeBERT_partial_s2027__format_platt,per_format,0.050000000000000003,threshold_only_fixed_evaluation,same_period_TPR,1000,0.92281634008635005,0.92314347392892726,0.92029226170707401,0.92673696446363329
CodeBERT_partial_s2027__format_platt,per_format,0.050000000000000003,threshold_only_fixed_evaluation,test_TPR,1000,0.91018918021905082,0.91055081314304676,0.90600730169266508,0.91550116163292394
CodeBERT_partial_s2027__format_platt,per_format,0.050000000000000003,threshold_only_fixed_evaluation,test_minus_same_FPR,1000,0.00050162727008292579,-0.00014429867442759369,-0.0013078525959989717,0.00090251802642497857
CodeBERT_partial_s2027__format_platt,per_format,0.050000000000000003,threshold_only_fixed_evaluation,test_minus_same_TPR,1000,-0.012627159867299231,-0.012592660785880467,-0.014752177627711522,-0.010634451529258305
CodeBERT_partial_s2027__format_platt,pooled,0.001,threshold_only_fixed_evaluation,same_period_FPR,1000,0.00086985613917698224,0.00087748410839745734,0.00060053529608564745,0.0013382402141184342
CodeBERT_partial_s2027__format_platt,pooled,0.001,threshold_only_fixed_evaluation,test_FPR,1000,0.0015400066956812856,0.0015785738198861735,0.0014044191496484768,0.0021426180113826581
CodeBERT_partial_s2027__format_platt,pooled,0.001,threshold_only_fixed_evaluation,same_period_TPR,1000,0.19953503819329127,0.21410773829292595,0.18988043839256061,0.40451677183659912
CodeBERT_partial_s2027__format_platt,pooled,0.001,threshold_only_fixed_evaluation,test_TPR,1000,0.21042150680384999,0.21767222037836045,0.20051443743776967,0.3695984069034185
CodeBERT_partial_s2027__format_platt,pooled,0.001,threshold_only_fixed_evaluation,test_minus_same_FPR,1000,0.00067015055650430336,0.00070108971148871626,0.00053646094154181901,0.00087084178647228218
CodeBERT_partial_s2027__format_platt,pooled,0.001,threshold_only_fixed_evaluation,test_minus_same_TPR,1000,0.010886468610558725,0.0035644820854345057,-0.044066170473723798,0.011883653068519767
CodeBERT_partial_s2027__format_platt,pooled,0.0050000000000000001,threshold_only_fixed_evaluation,same_period_FPR,1000,0.0053529608564737369,0.0053506858481097361,0.0048845767815322849,0.0059551689528270328
CodeBERT_partial_s2027__format_platt,pooled,0.0050000000000000001,threshold_only_fixed_evaluation,test_FPR,1000,0.0049548041513223975,0.0051013726146635421,0.0044861064613324403,0.0062269835955808504
CodeBERT_partial_s2027__format_platt,pooled,0.0050000000000000001,threshold_only_fixed_evaluation,same_period_TPR,1000,0.71896379940219202,0.71863493855861837,0.70129525074726007,0.737363002324809
CodeBERT_partial_s2027__format_platt,pooled,0.0050000000000000001,threshold_only_fixed_evaluation,test_TPR,1000,0.64839030866246261,0.64758957849319609,0.6275472950547627,0.6698971125124461
CodeBERT_partial_s2027__format_platt,pooled,0.0050000000000000001,threshold_only_fixed_evaluation,test_minus_same_FPR,1000,-0.00039815670515133943,-0.00024931323344619372,-0.00053198072656318336,0.00020490263204789652
CodeBERT_partial_s2027__format_platt,pooled,0.0050000000000000001,threshold_only_fixed_evaluation,test_minus_same_TPR,1000,-0.070573490739729405,-0.071045360065422239,-0.073941934116338315,-0.067596236633395243
CodeBERT_partial_s2027__format_platt,pooled,0.01,threshold_only_fixed_evaluation,same_period_FPR,1000,0.010237537638006023,0.010295684175309468,0.0094345935095349609,0.011308129809300769
CodeBERT_partial_s2027__format_platt,pooled,0.01,threshold_only_fixed_evaluation,test_FPR,1000,0.010847003682624708,0.010791563441580183,0.0097087378640776691,0.01178439906260462
CodeBERT_partial_s2027__format_platt,pooled,0.01,threshold_only_fixed_evaluation,same_period_TPR,1000,0.79528395881766856,0.79469943540352028,0.78498837595483228,0.80438392560611094
CodeBERT_partial_s2027__format_platt,pooled,0.01,threshold_only_fixed_evaluation,test_TPR,1000,0.73886491868569537,0.73858884832392957,0.72777962163956189,0.75207434450713573
CodeBERT_partial_s2027__format_platt,pooled,0.01,threshold_only_fixed_evaluation,test_minus_same_FPR,1000,0.00060946604461868496,0.00049587926627071334,0.00034096676094905708,0.00060951084676847192
CodeBERT_partial_s2027__format_platt,pooled,0.01,threshold_only_fixed_evaluation,test_minus_same_TPR,1000,-0.056419040131973186,-0.056110587079590796,-0.057810927363027731,-0.052309492916943645
CodeBERT_partial_s2027__format_platt,pooled,0.050000000000000003,threshold_only_fixed_evaluation,same_period_FPR,1000,0.049715623954499834,0.049962127801940447,0.047373703579792571,0.053800602208096349
CodeBERT_partial_s2027__format_platt,pooled,0.050000000000000003,threshold_only_fixed_evaluation,test_FPR,1000,0.048610646133244055,0.048535587546032814,0.046401071309005691,0.0506193505189153
CodeBERT_partial_s2027__format_platt,pooled,0.050000000000000003,threshold_only_fixed_evaluation,same_period_TPR,1000,0.92328130189305879,0.92362636997675185,0.91956160743938886,0.92899867153769511
CodeBERT_partial_s2027__format_platt,pooled,0.050000000000000003,threshold_only_fixed_evaluation,test_TPR,1000,0.91264520411549954,0.91273421838698987,0.9085960836375705,0.91715897776302691
CodeBERT_partial_s2027__format_platt,pooled,0.050000000000000003,threshold_only_fixed_evaluation,test_minus_same_FPR,1000,-0.0011049778212557787,-0.0014265402559076397,-0.0032465345817153683,-0.00043657454859314521
CodeBERT_partial_s2027__format_platt,pooled,0.050000000000000003,threshold_only_fixed_evaluation,test_minus_same_TPR,1000,-0.01063609777755925,-0.010892151589762202,-0.011960346083610077,-0.010237338631015835
CodeBERT_partial_s2027__fusion_ROC_AUC,per_format,0.001,threshold_only_fixed_evaluation,same_period_FPR,1000,0.0014720642355302777,0.0014739377718300435,0.0010705921712947475,0.0019404483104717297
CodeBERT_partial_s2027__fusion_ROC_AUC,per_format,0.001,threshold_only_fixed_evaluation,test_FPR,1000,0.0014730498828255775,0.0016091730833612322,0.0011382658185470371,0.0021426180113826581
CodeBERT_partial_s2027__fusion_ROC_AUC,per_format,0.001,threshold_only_fixed_evaluation,same_period_TPR,1000,0.80777150448356028,0.80501873131849877,0.77335934905347059,0.82870142809697767
CodeBERT_partial_s2027__fusion_ROC_AUC,per_format,0.001,threshold_only_fixed_evaluation,test_TPR,1000,0.79986724195154335,0.79864420843013617,0.76681048788582806,0.82243942914039159
CodeBERT_partial_s2027__fusion_ROC_AUC,per_format,0.001,threshold_only_fixed_evaluation,test_minus_same_FPR,1000,9.8564729529983068e-07,0.0001352353115311885,-0.0004003968126406578,0.0006036865672962449
CodeBERT_partial_s2027__fusion_ROC_AUC,per_format,0.001,threshold_only_fixed_evaluation,test_minus_same_TPR,1000,-0.0079042625320169257,-0.0063745228883627571,-0.0085780443496096589,-0.004107187243411017
CodeBERT_partial_s2027__fusion_ROC_AUC,per_format,0.0050000000000000001,threshold_only_fixed_evaluation,same_period_FPR,1000,0.0051522248243559719,0.0052148544663767138,0.004349280695884911,0.0060889929742388759
CodeBERT_partial_s2027__fusion_ROC_AUC,per_format,0.0050000000000000001,threshold_only_fixed_evaluation,test_FPR,1000,0.0060930699698694343,0.006259926347505859,0.0054235018413123538,0.0072330097087378621
CodeBERT_partial_s2027__fusion_ROC_AUC,per_format,0.0050000000000000001,threshold_only_fixed_evaluation,same_period_TPR,1000,0.91252075722351378,0.91298445699103281,0.90501494520092995,0.92128860843573568
CodeBERT_partial_s2027__fusion_ROC_AUC,per_format,0.0050000000000000001,threshold_only_fixed_evaluation,test_TPR,1000,0.90394955194158644,0.90439754397610361,0.89439097245270494,0.91384002655160967
CodeBERT_partial_s2027__fusion_ROC_AUC,per_format,0.0050000000000000001,threshold_only_fixed_evaluation,test_minus_same_FPR,1000,0.00094084514551346244,0.0010450718811291441,0.0006728834876412711,0.001476640775130954
CodeBERT_partial_s2027__fusion_ROC_AUC,per_format,0.0050000000000000001,threshold_only_fixed_evaluation,test_minus_same_TPR,1000,-0.008571205281927341,-0.0085869130149293302,-0.0108233435032936,-0.0072494878001812977
CodeBERT_partial_s2027__fusion_ROC_AUC,per_format,0.01,threshold_only_fixed_evaluation,same_period_FPR,1000,0.010103713616594179,0.010135898293743726,0.0092338574774171959,0.011375041820006692
CodeBERT_partial_s2027__fusion_ROC_AUC,per_format,0.01,threshold_only_fixed_evaluation,test_FPR,1000,0.011918312688316036,0.011861667224640108,0.010713090056913292,0.013123535319718781
CodeBERT_partial_s2027__fusion_ROC_AUC,per_format,0.01,threshold_only_fixed_evaluation,same_period_TPR,1000,0.94493523746263697,0.94493224842245105,0.94141315177681839,0.94812520757223517
CodeBERT_partial_s2027__fusion_ROC_AUC,per_format,0.01,threshold_only_fixed_evaluation,test_TPR,1000,0.93614337869233322,0.93614988383670761,0.93275638898108193,0.93913043478260871
CodeBERT_partial_s2027__fusion_ROC_AUC,per_format,0.01,threshold_only_fixed_evaluation,test_minus_same_FPR,1000,0.0018145990717218577,0.0017257689308963803,0.0012789893710259802,0.0020822930367490754
CodeBERT_partial_s2027__fusion_ROC_AUC,per_format,0.01,threshold_only_fixed_evaluation,test_minus_same_TPR,1000,-0.008791858770303751,-0.0087823645857434129,-0.0093893747045213465,-0.0081297120206328261
CodeBERT_partial_s2027__fusion_ROC_AUC,per_format,0.050000000000000003,threshold_only_fixed_evaluation,same_period_FPR,1000,0.051722984275677487,0.051913817330210769,0.049044831047172971,0.054601873536299764
CodeBERT_partial_s2027__fusion_ROC_AUC,per_format,0.050000000000000003,threshold_only_fixed_evaluation,test_FPR,1000,0.051623702711750923,0.051672782055574157,0.048744559758955475,0.054235018413123538
CodeBERT_partial_s2027__fusion_ROC_AUC,per_format,0.050000000000000003,threshold_only_fixed_evaluation,same_period_TPR,1000,0.98246429757555631,0.98242803055463312,0.98166722019262709,0.98312852872799739
CodeBERT_partial_s2027__fusion_ROC_AUC,per_format,0.050000000000000003,threshold_only_fixed_evaluation,test_TPR,1000,0.98121473614337873,0.98128748755393291,0.98035180882841022,0.98214404248257547
CodeBERT_partial_s2027__fusion_ROC_AUC,per_format,0.050000000000000003,threshold_only_fixed_evaluation,test_minus_same_FPR,1000,-9.9281563926564842e-05,-0.00024103527463661831,-0.0015048034064866537,0.00070483638086889613
CodeBERT_partial_s2027__fusion_ROC_AUC,per_format,0.050000000000000003,threshold_only_fixed_evaluation,test_minus_same_TPR,1000,-0.0012495614321775816,-0.0011405430007000396,-0.0015813694735631462,-0.0007182646922562208
CodeBERT_partial_s2027__fusion_ROC_AUC,pooled,0.001,threshold_only_fixed_evaluation,same_period_FPR,1000,0.001405152224824356,0.0014598193375710941,0.0013382402141184342,0.0016728002676480427
CodeBERT_partial_s2027__fusion_ROC_AUC,pooled,0.001,threshold_only_fixed_evaluation,test_FPR,1000,0.0016069635085369936,0.0017063943756277201,0.0012721794442584534,0.0021426180113826581
CodeBERT_partial_s2027__fusion_ROC_AUC,pooled,0.001,threshold_only_fixed_evaluation,same_period_TPR,1000,0.79887080704085023,0.80391736964463634,0.78253072069080043,0.82736632348057126
CodeBERT_partial_s2027__fusion_ROC_AUC,pooled,0.001,threshold_only_fixed_evaluation,test_TPR,1000,0.79196813806837041,0.79716807168934611,0.77497510786591439,0.8191835380019914
CodeBERT_partial_s2027__fusion_ROC_AUC,pooled,0.001,threshold_only_fixed_evaluation,test_minus_same_FPR,1000,0.00020181128371263768,0.00024657503805662606,8.9604299572721736e-07,0.00053672975444053685
CodeBERT_partial_s2027__fusion_ROC_AUC,pooled,0.001,threshold_only_fixed_evaluation,test_minus_same_TPR,1000,-0.0069026689724798196,-0.0067492979552901582,-0.0081827854785798682,-0.0053052955624707243
CodeBERT_partial_s2027__fusion_ROC_AUC,pooled,0.0050000000000000001,threshold_only_fixed_evaluation,same_period_FPR,1000,0.0053529608564737369,0.0052904650384744062,0.0046169287387085979,0.0060220809635329539
CodeBERT_partial_s2027__fusion_ROC_AUC,pooled,0.0050000000000000001,threshold_only_fixed_evaluation,test_FPR,1000,0.0062269835955808504,0.0062274522932708413,0.0054235018413123538,0.006963508536993639
CodeBERT_partial_s2027__fusion_ROC_AUC,pooled,0.0050000000000000001,threshold_only_fixed_evaluation,same_period_TPR,1000,0.91431418133510467,0.91365772168714721,0.90567917635337092,0.91989372301560945
CodeBERT_partial_s2027__fusion_ROC_AUC,pooled,0.0050000000000000001,threshold_only_fixed_evaluation,test_TPR,1000,0.90547626949883842,0.90486405575838036,0.8950547626949884,0.91231330899435781
CodeBERT_partial_s2027__fusion_ROC_AUC,pooled,0.0050000000000000001,threshold_only_fixed_evaluation,test_minus_same_FPR,1000,0.00087402273910711353,0.0009369872547964343,0.00067274908119191196,0.0012754500011928575
CodeBERT_partial_s2027__fusion_ROC_AUC,pooled,0.0050000000000000001,threshold_only_fixed_evaluation,test_minus_same_TPR,1000,-0.0088379118362662545,-0.0087936659287667744,-0.010491920156020407,-0.0076468812275114484
CodeBERT_partial_s2027__fusion_ROC_AUC,pooled,0.01,threshold_only_fixed_evaluation,same_period_FPR,1000,0.010371361659417865,0.010495550351288057,0.0089662094345935098,0.011642689862830378
CodeBERT_partial_s2027__fusion_ROC_AUC,pooled,0.01,threshold_only_fixed_evaluation,test_FPR,1000,0.012453967191161701,0.012372882490793439,0.010845329762303315,0.01352527619685303
CodeBERT_partial_s2027__fusion_ROC_AUC,pooled,0.01,threshold_only_fixed_evaluation,same_period_TPR,1000,0.94393889073397541,0.94403653271338428,0.93955330454998343,0.94792427764862175
CodeBERT_partial_s2027__fusion_ROC_AUC,pooled,0.01,threshold_only_fixed_evaluation,test_TPR,1000,0.9346830401593097,0.93500789910388327,0.93149352804513774,0.93793561234649847
CodeBERT_partial_s2027__fusion_ROC_AUC,pooled,0.01,threshold_only_fixed_evaluation,test_minus_same_FPR,1000,0.002082605531743836,0.0018773321395053821,0.0016806406438606546,0.002082605531743836
CodeBERT_partial_s2027__fusion_ROC_AUC,pooled,0.01,threshold_only_fixed_evaluation,test_minus_same_TPR,1000,-0.0092558505746657138,-0.009028633609501081,-0.01005513250838308,-0.0080578094944050438
CodeBERT_partial_s2027__fusion_ROC_AUC,pooled,0.050000000000000003,threshold_only_fixed_evaluation,same_period_FPR,1000,0.052191368350618939,0.052411174305787886,0.050180662428905988,0.054734024757443961
CodeBERT_partial_s2027__fusion_ROC_AUC,pooled,0.050000000000000003,threshold_only_fixed_evaluation,test_FPR,1000,0.05135587546032809,0.051418480080348175,0.048876799464345498,0.053632407097422161
CodeBERT_partial_s2027__fusion_ROC_AUC,pooled,0.050000000000000003,threshold_only_fixed_evaluation,same_period_TPR,1000,0.98292925938226505,0.98291179010295582,0.9821986051145799,0.98352706741946194
CodeBERT_partial_s2027__fusion_ROC_AUC,pooled,0.050000000000000003,threshold_only_fixed_evaluation,test_TPR,1000,0.98134749419183542,0.98132724858944587,0.98061400597411219,0.98214404248257547
CodeBERT_partial_s2027__fusion_ROC_AUC,pooled,0.050000000000000003,threshold_only_fixed_evaluation,test_minus_same_FPR,1000,-0.00083549289029084817,-0.00099269422543971368,-0.001442082076866376,-0.00076795364948791661
CodeBERT_partial_s2027__fusion_ROC_AUC,pooled,0.050000000000000003,threshold_only_fixed_evaluation,test_minus_same_TPR,1000,-0.0015817651904296293,-0.0015845415135100635,-0.0017811668092091448,-0.0013165136396108279
CodeBERT_partial_s2027__fusion_TPR_0.001,per_format,0.001,threshold_only_fixed_evaluation,same_period_FPR,1000,0.0011375041820006692,0.0011335563733690197,0.00073603211776513886,0.0015389762462361995
CodeBERT_partial_s2027__fusion_TPR_0.001,per_format,0.001,threshold_only_fixed_evaluation,test_FPR,1000,0.0018747907599598258,0.0017506528289253434,0.0012052226314027451,0.00207566119852695
CodeBERT_partial_s2027__fusion_TPR_0.001,per_format,0.001,threshold_only_fixed_evaluation,same_period_TPR,1000,0.7966124211225506,0.79757721687147121,0.76876286947857853,0.81899867153769512
CodeBERT_partial_s2027__fusion_TPR_0.001,per_format,0.001,threshold_only_fixed_evaluation,test_TPR,1000,0.78420179223365416,0.78506206438765347,0.75186856953202785,0.80856621307666776
CodeBERT_partial_s2027__fusion_TPR_0.001,per_format,0.001,threshold_only_fixed_evaluation,test_minus_same_FPR,1000,0.00073728657795915664,0.00061709645555632338,0.00013458453790446669,0.00093806741222670817
CodeBERT_partial_s2027__fusion_TPR_0.001,per_format,0.001,threshold_only_fixed_evaluation,test_minus_same_TPR,1000,-0.012410628888896436,-0.012515152483817772,-0.017034770064801631,-0.009365559493495627
CodeBERT_partial_s2027__fusion_TPR_0.001,per_format,0.0050000000000000001,threshold_only_fixed_evaluation,same_period_FPR,1000,0.0053529608564737369,0.0053824021411843434,0.0044161927065908329,0.0061559049849447978
CodeBERT_partial_s2027__fusion_TPR_0.001,per_format,0.0050000000000000001,threshold_only_fixed_evaluation,test_FPR,1000,0.0064948108470036826,0.0064232340140609311,0.0052895882156009377,0.0074322062269835953
CodeBERT_partial_s2027__fusion_TPR_0.001,per_format,0.0050000000000000001,threshold_only_fixed_evaluation,same_period_TPR,1000,0.91444702756559282,0.91414553304549984,0.90308867485885091,0.92308203254732646
CodeBERT_partial_s2027__fusion_TPR_0.001,per_format,0.0050000000000000001,threshold_only_fixed_evaluation,test_TPR,1000,0.90673747095917689,0.90525151012280114,0.89319283106538339,0.91377530700298704
CodeBERT_partial_s2027__fusion_TPR_0.001,per_format,0.0050000000000000001,threshold_only_fixed_evaluation,test_minus_same_FPR,1000,0.0011418499905299457,0.0010408318728765882,0.00060624028983406741,0.0014096346799104811
CodeBERT_partial_s2027__fusion_TPR_0.001,per_format,0.0050000000000000001,threshold_only_fixed_evaluation,test_minus_same_TPR,1000,-0.0077095566064159238,-0.0088940229226986394,-0.010694367912851461,-0.0076444815739786977
CodeBERT_partial_s2027__fusion_TPR_0.001,per_format,0.01,threshold_only_fixed_evaluation,same_period_FPR,1000,0.010103713616594179,0.010133221813315491,0.0086316493810639008,0.011577450652392103
CodeBERT_partial_s2027__fusion_TPR_0.001,per_format,0.01,threshold_only_fixed_evaluation,test_FPR,1000,0.011650485436893204,0.011754067626380985,0.010311349179779043,0.013257448945430197
CodeBERT_partial_s2027__fusion_TPR_0.001,per_format,0.01,threshold_only_fixed_evaluation,same_period_TPR,1000,0.94553304549983397,0.94508635004981734,0.94047990700763873,0.94931916306874797
CodeBERT_partial_s2027__fusion_TPR_0.001,per_format,0.01,threshold_only_fixed_evaluation,test_TPR,1000,0.93601062064387652,0.93595028211085307,0.93149518752074345,0.94005974112180546
CodeBERT_partial_s2027__fusion_TPR_0.001,per_format,0.01,threshold_only_fixed_evaluation,test_minus_same_FPR,1000,0.0015467718202990255,0.0016208458130654946,0.001278720558127262,0.00208144291595688
CodeBERT_partial_s2027__fusion_TPR_0.001,per_format,0.01,threshold_only_fixed_evaluation,test_minus_same_TPR,1000,-0.0095224248559574454,-0.0091360679389643658,-0.0097857782885476616,-0.0083220993099425607
CodeBERT_partial_s2027__fusion_TPR_0.001,per_format,0.050000000000000003,threshold_only_fixed_evaluation,same_period_FPR,1000,0.05346269655403145,0.052810438273670122,0.049648711943793909,0.055470056875209103
CodeBERT_partial_s2027__fusion_TPR_0.001,per_format,0.050000000000000003,threshold_only_fixed_evaluation,test_FPR,1000,0.051088048208905258,0.05122792099096083,0.048742885838634085,0.053834951456310676
CodeBERT_partial_s2027__fusion_TPR_0.001,per_format,0.050000000000000003,threshold_only_fixed_evaluation,same_period_TPR,1000,0.98286283626702098,0.98280225838591828,0.9821986051145799,0.98339422118897379
CodeBERT_partial_s2027__fusion_TPR_0.001,per_format,0.050000000000000003,threshold_only_fixed_evaluation,test_TPR,1000,0.98194490540989043,0.98189120477928959,0.980882841022237,0.98280783272485894
CodeBERT_partial_s2027__fusion_TPR_0.001,per_format,0.050000000000000003,threshold_only_fixed_evaluation,test_minus_same_FPR,1000,-0.0023746483451261916,-0.001582517282709294,-0.0024411179346029732,-0.00063461461134751659
CodeBERT_partial_s2027__fusion_TPR_0.001,per_format,0.050000000000000003,threshold_only_fixed_evaluation,test_minus_same_TPR,1000,-0.00091793085713054445,-0.00091105360662857029,-0.0013821883098623755,-0.00045345405159513685
CodeBERT_partial_s2027__fusion_TPR_0.001,pooled,0.001,threshold_only_fixed_evaluation,same_period_FPR,1000,0.0010705921712947475,0.0011719638675142189,0.00086985613917698224,0.0014720642355302777
CodeBERT_partial_s2027__fusion_TPR_0.001,pooled,0.001,threshold_only_fixed_evaluation,test_FPR,1000,0.0018078339471041178,0.0018053565450284568,0.0013391362571141614,0.00207566119852695
CodeBERT_partial_s2027__fusion_TPR_0.001,pooled,0.001,threshold_only_fixed_evaluation,same_period_TPR,1000,0.79847226834938556,0.79863314513450678,0.7741614081700432,0.82165393556957822
CodeBERT_partial_s2027__fusion_TPR_0.001,pooled,0.001,threshold_only_fixed_evaluation,test_TPR,1000,0.78592764686359107,0.78641181546631267,0.75864586790574173,0.8103551277796216
CodeBERT_partial_s2027__fusion_TPR_0.001,pooled,0.001,threshold_only_fixed_evaluation,test_minus_same_FPR,1000,0.00073724177580937033,0.00063339267751423773,0.00046928011793717921,0.00073724177580937033
CodeBERT_partial_s2027__fusion_TPR_0.001,pooled,0.001,threshold_only_fixed_evaluation,test_minus_same_TPR,1000,-0.012544621485794494,-0.012221329668194175,-0.016047983370632513,-0.010702278392216602
CodeBERT_partial_s2027__fusion_TPR_0.001,pooled,0.0050000000000000001,threshold_only_fixed_evaluation,same_period_FPR,1000,0.0047507527601204419,0.0047217798594847774,0.0038808966209434594,0.0058213449314151889
CodeBERT_partial_s2027__fusion_TPR_0.001,pooled,0.0050000000000000001,threshold_only_fixed_evaluation,test_FPR,1000,0.0058921995313023102,0.0058581185135587544,0.0050887177770338136,0.0068312688316036138
CodeBERT_partial_s2027__fusion_TPR_0.001,pooled,0.0050000000000000001,threshold_only_fixed_evaluation,same_period_TPR,1000,0.91139156426436396,0.90828933909000331,0.89292593822650279,0.92143141813351048
CodeBERT_partial_s2027__fusion_TPR_0.001,pooled,0.0050000000000000001,threshold_only_fixed_evaluation,test_TPR,1000,0.90155990706936606,0.89747142383006973,0.87879190175904409,0.91311649518752069
CodeBERT_partial_s2027__fusion_TPR_0.001,pooled,0.0050000000000000001,threshold_only_fixed_evaluation,test_minus_same_FPR,1000,0.0011414467711818683,0.0011363386540739775,0.0010071747282721618,0.0014090500118557692
CodeBERT_partial_s2027__fusion_TPR_0.001,pooled,0.0050000000000000001,threshold_only_fixed_evaluation,test_minus_same_TPR,1000,-0.0098316571949979004,-0.010817915259933622,-0.014202708224506644,-0.0083804344794829594
CodeBERT_partial_s2027__fusion_TPR_0.001,pooled,0.01,threshold_only_fixed_evaluation,same_period_FPR,1000,0.0101706256273001,0.0102169287387086,0.0094345935095349609,0.011642689862830378
CodeBERT_partial_s2027__fusion_TPR_0.001,pooled,0.01,threshold_only_fixed_evaluation,test_FPR,1000,0.012186139939738869,0.012102443923669234,0.010980917308336124,0.01352527619685303
CodeBERT_partial_s2027__fusion_TPR_0.001,pooled,0.01,threshold_only_fixed_evaluation,same_period_TPR,1000,0.94393889073397541,0.9440544005313849,0.940484888741282,0.94845566257057456
CodeBERT_partial_s2027__fusion_TPR_0.001,pooled,0.01,threshold_only_fixed_evaluation,test_TPR,1000,0.93408562894125458,0.93450667109193497,0.93149684699634916,0.93853302356455359
CodeBERT_partial_s2027__fusion_TPR_0.001,pooled,0.01,threshold_only_fixed_evaluation,test_minus_same_FPR,1000,0.0020155143124387688,0.0018855151849606353,0.0015463237988011629,0.0020823815209949029
CodeBERT_partial_s2027__fusion_TPR_0.001,pooled,0.01,threshold_only_fixed_evaluation,test_minus_same_TPR,1000,-0.0098532617927208355,-0.0095477294394499812,-0.0099883566650128541,-0.0087219965558302803
CodeBERT_partial_s2027__fusion_TPR_0.001,pooled,0.050000000000000003,threshold_only_fixed_evaluation,same_period_FPR,1000,0.052525928404148547,0.052660020073603216,0.05011709601873536,0.055470056875209103
CodeBERT_partial_s2027__fusion_TPR_0.001,pooled,0.050000000000000003,threshold_only_fixed_evaluation,test_FPR,1000,0.050284566454636762,0.050525142283227319,0.048475058587211253,0.053230666220287916
CodeBERT_partial_s2027__fusion_TPR_0.001,pooled,0.050000000000000003,threshold_only_fixed_evaluation,same_period_TPR,1000,0.98292925938226505,0.98300843573563601,0.98199767519096648,0.98405845234141476
CodeBERT_partial_s2027__fusion_TPR_0.001,pooled,0.050000000000000003,threshold_only_fixed_evaluation,test_TPR,1000,0.98148025224029212,0.98150507799535336,0.98068370394955195,0.98254231662794556
CodeBERT_partial_s2027__fusion_TPR_0.001,pooled,0.050000000000000003,threshold_only_fixed_evaluation,test_minus_same_FPR,1000,-0.0022413619495117859,-0.0021348777903758931,-0.0024425908052772005,-0.0016403635112027179
CodeBERT_partial_s2027__fusion_TPR_0.001,pooled,0.050000000000000003,threshold_only_fixed_evaluation,test_minus_same_TPR,1000,-0.0014490071419729356,-0.0015033577402825489,-0.0018471049232799963,-0.0013162931845320802
CodeBERT_partial_s2027__stack,per_format,0.001,threshold_only_fixed_evaluation,same_period_FPR,1000,0.0014720642355302777,0.0014808297089327533,0.0010036801605888257,0.001873536299765808
CodeBERT_partial_s2027__stack,per_format,0.001,threshold_only_fixed_evaluation,test_FPR,1000,0.0016069635085369936,0.0016883160361566788,0.001071309005691329,0.0022095748242383661
CodeBERT_partial_s2027__stack,per_format,0.001,threshold_only_fixed_evaluation,same_period_TPR,1000,0.80285619395549657,0.80685021587512451,0.77468947193623383,0.83256061109266022
CodeBERT_partial_s2027__stack,per_format,0.001,threshold_only_fixed_evaluation,test_TPR,1000,0.79707932293395289,0.80057291735811487,0.76826916694324598,0.82522402920677063
CodeBERT_partial_s2027__stack,per_format,0.001,threshold_only_fixed_evaluation,test_minus_same_FPR,1000,0.00013489927300671593,0.0002074863272239255,-0.00040057602123980303,0.00067033088515719322
CodeBERT_partial_s2027__stack,per_format,0.001,threshold_only_fixed_evaluation,test_minus_same_TPR,1000,-0.0057768710215436725,-0.0062772985170097099,-0.0092079600156214775,-0.0041676277589539693
CodeBERT_partial_s2027__stack,per_format,0.0050000000000000001,threshold_only_fixed_evaluation,same_period_FPR,1000,0.0053529608564737369,0.0053381733021077285,0.0044161927065908329,0.0062897290063566409
CodeBERT_partial_s2027__stack,per_format,0.0050000000000000001,threshold_only_fixed_evaluation,test_FPR,1000,0.0064278540341479746,0.0063621694007365255,0.0051556745898895216,0.0074991630398393034
CodeBERT_partial_s2027__stack,per_format,0.0050000000000000001,threshold_only_fixed_evaluation,same_period_TPR,1000,0.91750249086682167,0.91709458651610765,0.90714048488874133,0.92640484888741281
CodeBERT_partial_s2027__stack,per_format,0.0050000000000000001,threshold_only_fixed_evaluation,test_TPR,1000,0.90826418851642876,0.90761871888483237,0.8970461334218387,0.91689346166611352
CodeBERT_partial_s2027__stack,per_format,0.0050000000000000001,threshold_only_fixed_evaluation,test_minus_same_FPR,1000,0.0010748931776742377,0.0010239960986287966,0.00047214521541601677,0.0014098564505519232
CodeBERT_partial_s2027__stack,per_format,0.0050000000000000001,threshold_only_fixed_evaluation,test_minus_same_TPR,1000,-0.0092383023503929129,-0.0094758676312752116,-0.010437234620309649,-0.0086428311370312372
CodeBERT_partial_s2027__stack,per_format,0.01,threshold_only_fixed_evaluation,same_period_FPR,1000,0.010036801605888258,0.010266376714620273,0.0086985613917698219,0.012044161927065908
CodeBERT_partial_s2027__stack,per_format,0.01,threshold_only_fixed_evaluation,test_FPR,1000,0.011583528624037496,0.011881084700368262,0.010378305992634751,0.013593906930030129
CodeBERT_partial_s2027__stack,per_format,0.01,threshold_only_fixed_evaluation,same_period_TPR,1000,0.94559946861507804,0.94588003985386915,0.94141481235469948,0.95051643972102295
CodeBERT_partial_s2027__stack,per_format,0.01,threshold_only_fixed_evaluation,test_TPR,1000,0.93581148357119148,0.93680358446730838,0.93222535678725527,0.9417905741785596
CodeBERT_partial_s2027__stack,per_format,0.01,threshold_only_fixed_evaluation,test_minus_same_FPR,1000,0.0015467270181492385,0.0016147079857479884,0.0011448517345656311,0.0021493394539043556
CodeBERT_partial_s2027__stack,per_format,0.01,threshold_only_fixed_evaluation,test_minus_same_TPR,1000,-0.0097879850438865601,-0.009076455386560817,-0.010051405715275857,-0.0080627443813440971
CodeBERT_partial_s2027__stack,per_format,0.050000000000000003,threshold_only_fixed_evaluation,same_period_FPR,1000,0.052927400468384074,0.05275550351288056,0.049715623954499834,0.055336232853797254
CodeBERT_partial_s2027__stack,per_format,0.050000000000000003,threshold_only_fixed_evaluation,test_FPR,1000,0.051155005021760964,0.051011851355875465,0.048543689320388349,0.053500167392032137
CodeBERT_partial_s2027__stack,per_format,0.050000000000000003,threshold_only_fixed_evaluation,same_period_TPR,1000,0.98292925938226505,0.98289525074726025,0.98233145134506805,0.98339588176685488
CodeBERT_partial_s2027__stack,per_format,0.050000000000000003,threshold_only_fixed_evaluation,test_TPR,1000,0.98201128443411878,0.98204420843013596,0.98101559907069369,0.98294225024892135
CodeBERT_partial_s2027__stack,per_format,0.050000000000000003,threshold_only_fixed_evaluation,test_minus_same_FPR,1000,-0.0017723954466231095,-0.0017436521570051019,-0.0024408905636928097,-0.0008371505698329465
CodeBERT_partial_s2027__stack,per_format,0.050000000000000003,threshold_only_fixed_evaluation,test_minus_same_TPR,1000,-0.00091797494814627179,-0.00085104231712399058,-0.0013159415586813216,-0.00038720619813857881
CodeBERT_partial_s2027__stack,pooled,0.001,threshold_only_fixed_evaluation,same_period_FPR,1000,0.001405152224824356,0.0014529274004683841,0.0011375041820006692,0.0018066242890598862
CodeBERT_partial_s2027__stack,pooled,0.001,threshold_only_fixed_evaluation,test_FPR,1000,0.0018078339471041178,0.0018015400066956812,0.0012721794442584534,0.0022765316370940742
CodeBERT_partial_s2027__stack,pooled,0.001,threshold_only_fixed_evaluation,same_period_TPR,1000,0.80983062105612758,0.8085700431750249,0.78126868150116235,0.83407505812022587
CodeBERT_partial_s2027__stack,pooled,0.001,threshold_only_fixed_evaluation,test_TPR,1000,0.80391636242947229,0.80213023564553609,0.77477597079322935,0.82641885164288087
CodeBERT_partial_s2027__stack,pooled,0.001,threshold_only_fixed_evaluation,test_minus_same_FPR,1000,0.00040268172227976183,0.00034861260622729719,6.7897658001221575e-05,0.00053664015014096423
CodeBERT_partial_s2027__stack,pooled,0.001,threshold_only_fixed_evaluation,test_minus_same_TPR,1000,-0.0059142586266552888,-0.0064398075294889046,-0.008449271577840034,-0.0051817966273238758
CodeBERT_partial_s2027__stack,pooled,0.0050000000000000001,threshold_only_fixed_evaluation,same_period_FPR,1000,0.0050853128136500499,0.0051769822683171629,0.0046152559384409503,0.0058882569421211109
CodeBERT_partial_s2027__stack,pooled,0.0050000000000000001,threshold_only_fixed_evaluation,test_FPR,1000,0.005624372279879478,0.0057688650820220955,0.0050217609641781055,0.0068965517241379309
CodeBERT_partial_s2027__stack,pooled,0.0050000000000000001,threshold_only_fixed_evaluation,same_period_TPR,1000,0.91398206575888408,0.91474440385254074,0.90746761873131854,0.92155430089671209
CodeBERT_partial_s2027__stack,pooled,0.0050000000000000001,threshold_only_fixed_evaluation,test_TPR,1000,0.90507799535346833,0.90533375373381997,0.89717391304347827,0.91337537338201125
CodeBERT_partial_s2027__stack,pooled,0.0050000000000000001,threshold_only_fixed_evaluation,test_minus_same_FPR,1000,0.00053905946622942805,0.00059188281370493303,0.00033814422551251694,0.001142074001278877
CodeBERT_partial_s2027__stack,pooled,0.0050000000000000001,threshold_only_fixed_evaluation,test_minus_same_TPR,1000,-0.0089040704054157427,-0.0094106501187205659,-0.01056173827947815,-0.0085103817256848568
CodeBERT_partial_s2027__stack,pooled,0.01,threshold_only_fixed_evaluation,same_period_FPR,1000,0.010237537638006023,0.010269989963198395,0.0094345935095349609,0.011375041820006692
CodeBERT_partial_s2027__stack,pooled,0.01,threshold_only_fixed_evaluation,test_FPR,1000,0.011851355875460328,0.012000803481754269,0.01111483093404754,0.013391362571141614
CodeBERT_partial_s2027__stack,pooled,0.01,threshold_only_fixed_evaluation,same_period_TPR,1000,0.94447027565592823,0.94469724344071737,0.94121554300896715,0.94858850880106282
CodeBERT_partial_s2027__stack,pooled,0.01,threshold_only_fixed_evaluation,test_TPR,1000,0.93494855625622308,0.93496408894789251,0.93235977431131767,0.9382675074676402
CodeBERT_partial_s2027__stack,pooled,0.01,threshold_only_fixed_evaluation,test_minus_same_FPR,1000,0.0016138182374543057,0.0017308135185558743,0.0014795461945445992,0.0020163207511349219
CodeBERT_partial_s2027__stack,pooled,0.01,threshold_only_fixed_evaluation,test_minus_same_TPR,1000,-0.0095217193997051419,-0.0097331544928249015,-0.010585459245957662,-0.0089199293926473418
CodeBERT_partial_s2027__stack,pooled,0.050000000000000003,threshold_only_fixed_evaluation,same_period_FPR,1000,0.052927400468384074,0.052884576781532279,0.050050184008029443,0.055470056875209103
CodeBERT_partial_s2027__stack,pooled,0.050000000000000003,threshold_only_fixed_evaluation,test_FPR,1000,0.049414127887512552,0.049816538332775363,0.047271509876129894,0.052695011717442251
CodeBERT_partial_s2027__stack,pooled,0.050000000000000003,threshold_only_fixed_evaluation,same_period_TPR,1000,0.98332779807372961,0.98325533045499824,0.98213218199933572,0.98412487545665894
CodeBERT_partial_s2027__stack,pooled,0.050000000000000003,threshold_only_fixed_evaluation,test_TPR,1000,0.98154663126452046,0.98167069366080317,0.980882841022237,0.98287421174908729
CodeBERT_partial_s2027__stack,pooled,0.050000000000000003,threshold_only_fixed_evaluation,test_minus_same_FPR,1000,-0.0035132725808715223,-0.0030680384487569243,-0.0039815670515133961,-0.0025072179063440198
CodeBERT_partial_s2027__stack,pooled,0.050000000000000003,threshold_only_fixed_evaluation,test_minus_same_TPR,1000,-0.0017811668092091448,-0.0015846367941951438,-0.0018477221975007341,-0.0012493409770987229
CodeBERT_partial_s2028,per_format,0.001,threshold_only_fixed_evaluation,same_period_FPR,1000,0.00086985613917698224,0.00092405486784877895,0.00060220809635329537,0.0012713282034125125
CodeBERT_partial_s2028,per_format,0.001,threshold_only_fixed_evaluation,test_FPR,1000,0.0012721794442584534,0.0013706729159691999,0.001071309005691329,0.0018078339471041178
CodeBERT_partial_s2028,per_format,0.001,threshold_only_fixed_evaluation,same_period_TPR,1000,0.44735968116904684,0.44953125207572237,0.3730139488542013,0.50196778478910653
CodeBERT_partial_s2028,per_format,0.001,threshold_only_fixed_evaluation,test_TPR,1000,0.39913707268503151,0.4020631928310654,0.3483571191503485,0.44175406571523401
CodeBERT_partial_s2028,per_format,0.001,threshold_only_fixed_evaluation,test_minus_same_FPR,1000,0.00040232330508147116,0.00044661804812042098,0.00013472006440757071,0.00080410898436550577
CodeBERT_partial_s2028,per_format,0.001,threshold_only_fixed_evaluation,test_minus_same_TPR,1000,-0.048222608484015328,-0.047468059244656968,-0.063849974587040781,-0.023467655877999271
CodeBERT_partial_s2028,per_format,0.0050000000000000001,threshold_only_fixed_evaluation,same_period_FPR,1000,0.0051522248243559719,0.0051369688859150206,0.004148544663767146,0.0064235530277684848
CodeBERT_partial_s2028,per_format,0.0050000000000000001,threshold_only_fixed_evaluation,test_FPR,1000,0.0046869768998995644,0.0047784399062604614,0.0040843655841981919,0.005691329092735186
CodeBERT_partial_s2028,per_format,0.0050000000000000001,threshold_only_fixed_evaluation,same_period_TPR,1000,0.71225506476253742,0.7116597143806046,0.68794420458319494,0.73417801394885418
CodeBERT_partial_s2028,per_format,0.0050000000000000001,threshold_only_fixed_evaluation,test_TPR,1000,0.63790242283438436,0.63775333554596747,0.61181380683703945,0.6645336873547959
CodeBERT_partial_s2028,per_format,0.0050000000000000001,threshold_only_fixed_evaluation,test_minus_same_FPR,1000,-0.00046524792445640749,-0.00035852897965455989,-0.0013347008442853121,0.00013705089625020526
CodeBERT_partial_s2028,per_format,0.0050000000000000001,threshold_only_fixed_evaluation,test_minus_same_TPR,1000,-0.074352641928153052,-0.073906378834636965,-0.078992590835483975,-0.063745797437275806
CodeBERT_partial_s2028,per_format,0.01,threshold_only_fixed_evaluation,same_period_FPR,1000,0.011040481766477083,0.011129541652726666,0.0098360655737704927,0.012579458012713282
CodeBERT_partial_s2028,per_format,0.01,threshold_only_fixed_evaluation,test_FPR,1000,0.010512219618346167,0.010578506863073319,0.0091061265483762966,0.01178439906260462
CodeBERT_partial_s2028,per_format,0.01,threshold_only_fixed_evaluation,same_period_TPR,1000,0.79561607439388904,0.79516745267353028,0.78312686815011623,0.8064480239123214
CodeBERT_partial_s2028,per_format,0.01,threshold_only_fixed_evaluation,test_TPR,1000,0.74563557915698642,0.74550839694656501,0.72671091934948551,0.76561732492532364
CodeBERT_partial_s2028,per_format,0.01,threshold_only_fixed_evaluation,test_minus_same_FPR,1000,-0.00052826214813091535,-0.00055103478965334634,-0.0011329662842541836,7.079859719990189e-06
CodeBERT_partial_s2028,per_format,0.01,threshold_only_fixed_evaluation,test_minus_same_TPR,1000,-0.049980495236902622,-0.049659055726965502,-0.057735643055890962,-0.039496708771014771
CodeBERT_partial_s2028,per_format,0.050000000000000003,threshold_only_fixed_evaluation,same_period_FPR,1000,0.051388424222147878,0.051505921712947475,0.048845767815322849,0.054131816661090668
CodeBERT_partial_s2028,per_format,0.050000000000000003,threshold_only_fixed_evaluation,test_FPR,1000,0.045664546367592901,0.045871175092065619,0.044055908938734518,0.048275862068965517
CodeBERT_partial_s2028,per_format,0.050000000000000003,threshold_only_fixed_evaluation,same_period_TPR,1000,0.92567253404184657,0.9254453005645964,0.92175190966456333,0.92879608103620059
CodeBERT_partial_s2028,per_format,0.050000000000000003,threshold_only_fixed_evaluation,test_TPR,1000,0.90872884168602719,0.90848363757052764,0.90527713242615337,0.91191503484898773
CodeBERT_partial_s2028,per_format,0.050000000000000003,threshold_only_fixed_evaluation,test_minus_same_FPR,1000,-0.0057238778545549776,-0.0056347466208818558,-0.0065261510708329801,-0.0044537548289717132
CodeBERT_partial_s2028,per_format,0.050000000000000003,threshold_only_fixed_evaluation,test_minus_same_TPR,1000,-0.016943692355819384,-0.016961662994068767,-0.017810244503421151,-0.015813219654937084
CodeBERT_partial_s2028,pooled,0.001,threshold_only_fixed_evaluation,same_period_FPR,1000,0.00093676814988290398,0.00099136835061893608,0.00066912010705921711,0.001405152224824356
CodeBERT_partial_s2028,pooled,0.001,threshold_only_fixed_evaluation,test_FPR,1000,0.0011382658185470371,0.0011840642785403415,0.00093739537997991292,0.0018078339471041178
CodeBERT_partial_s2028,pooled,0.001,threshold_only_fixed_evaluation,same_period_TPR,1000,0.43899036864828961,0.4372994354035204,0.37223513782796414,0.51159083361009627
CodeBERT_partial_s2028,pooled,0.001,threshold_only_fixed_evaluation,test_TPR,1000,0.37862595419847328,0.37917789578493194,0.32665117822768003,0.44719548622635247
CodeBERT_partial_s2028,pooled,0.001,threshold_only_fixed_evaluation,test_minus_same_FPR,1000,0.0002014976686641331,0.00019269592792140532,6.7763251551862655e-05,0.00040268172227976183
CodeBERT_partial_s2028,pooled,0.001,threshold_only_fixed_evaluation,test_minus_same_TPR,1000,-0.060364414449816328,-0.058121539618588458,-0.064196695312232155,-0.045583959600284107
CodeBERT_partial_s2028,pooled,0.0050000000000000001,threshold_only_fixed_evaluation,same_period_FPR,1000,0.0051522248243559719,0.0051522917363666775,0.0040816326530612249,0.0065573770491803279
CodeBERT_partial_s2028,pooled,0.0050000000000000001,threshold_only_fixed_evaluation,test_FPR,1000,0.0044191496484767322,0.004479611650485436,0.0039504519584867758,0.0052226314027452297
CodeBERT_partial_s2028,pooled,0.0050000000000000001,threshold_only_fixed_evaluation,same_period_TPR,1000,0.70787113915642641,0.70824802391232133,0.68482231816672201,0.73025572899368985
CodeBERT_partial_s2028,pooled,0.0050000000000000001,threshold_only_fixed_evaluation,test_TPR,1000,0.63484898771988052,0.63541221374045798,0.60909392631928305,0.66053767009624964
CodeBERT_partial_s2028,pooled,0.0050000000000000001,threshold_only_fixed_evaluation,test_minus_same_FPR,1000,-0.00073307517587923969,-0.00067268008588124118,-0.0012678336357291762,-6.4134277419167912e-05
CodeBERT_partial_s2028,pooled,0.0050000000000000001,threshold_only_fixed_evaluation,test_minus_same_TPR,1000,-0.07302215143654589,-0.072835810171863483,-0.075728391847438958,-0.069652253056416757
CodeBERT_partial_s2028,pooled,0.01,threshold_only_fixed_evaluation,same_period_FPR,1000,0.011174305787888927,0.011246704583472733,0.0099698895951823348,0.012315155570424889
CodeBERT_partial_s2028,pooled,0.01,threshold_only_fixed_evaluation,test_FPR,1000,0.010780046869769,0.01051918312688316,0.0090391697355205886,0.011719116170070303
CodeBERT_partial_s2028,pooled,0.01,threshold_only_fixed_evaluation,same_period_TPR,1000,0.79202922617070737,0.79146064430421781,0.77582198605114583,0.80445865161076047
CodeBERT_partial_s2028,pooled,0.01,threshold_only_fixed_evaluation,test_TPR,1000,0.74636574842349812,0.7447916362429472,0.72259541984732822,0.76085462993693997
CodeBERT_partial_s2028,pooled,0.01,threshold_only_fixed_evaluation,test_minus_same_FPR,1000,-0.00039425891811992707,-0.00072752145658957275,-0.0010640062552761519,-0.00039425891811992707
CodeBERT_partial_s2028,pooled,0.01,threshold_only_fixed_evaluation,test_minus_same_TPR,1000,-0.045663477747209247,-0.046669008061270639,-0.053226566203817605,-0.04314663029451804
CodeBERT_partial_s2028,pooled,0.050000000000000003,threshold_only_fixed_evaluation,same_period_FPR,1000,0.05092004014720642,0.050703914352626299,0.04770826363332218,0.053663432586149216
CodeBERT_partial_s2028,pooled,0.050000000000000003,threshold_only_fixed_evaluation,test_FPR,1000,0.046334114496149985,0.045969467693337797,0.043319383997321728,0.048279209909608302
CodeBERT_partial_s2028,pooled,0.050000000000000003,threshold_only_fixed_evaluation,same_period_TPR,1000,0.92613749584855531,0.92623400863500505,0.92228495516439724,0.93039023580205915
CodeBERT_partial_s2028,pooled,0.050000000000000003,threshold_only_fixed_evaluation,test_TPR,1000,0.91271158313972789,0.91260132758048462,0.90806505144374383,0.91590109525389973
CodeBERT_partial_s2028,pooled,0.050000000000000003,threshold_only_fixed_evaluation,test_minus_same_FPR,1000,-0.0045859256510564356,-0.0047344466592884995,-0.0053215097473237188,-0.0043186360254310399
CodeBERT_partial_s2028,pooled,0.050000000000000003,threshold_only_fixed_evaluation,test_minus_same_TPR,1000,-0.013425912708827425,-0.013632681054520411,-0.01455163901186303,-0.01302697719822099
CodeBERT_partial_s2028__format_platt,per_format,0.001,threshold_only_fixed_evaluation,same_period_FPR,1000,0.00086985613917698224,0.00092405486784877895,0.00060220809635329537,0.0012713282034125125
CodeBERT_partial_s2028__format_platt,per_format,0.001,threshold_only_fixed_evaluation,test_FPR,1000,0.0012721794442584534,0.0013706729159691999,0.001071309005691329,0.0018078339471041178
CodeBERT_partial_s2028__format_platt,per_format,0.001,threshold_only_fixed_evaluation,same_period_TPR,1000,0.44735968116904684,0.44953125207572237,0.3730139488542013,0.50196778478910653
CodeBERT_partial_s2028__format_platt,per_format,0.001,threshold_only_fixed_evaluation,test_TPR,1000,0.39913707268503151,0.4020631928310654,0.3483571191503485,0.44175406571523401
CodeBERT_partial_s2028__format_platt,per_format,0.001,threshold_only_fixed_evaluation,test_minus_same_FPR,1000,0.00040232330508147116,0.00044661804812042098,0.00013472006440757071,0.00080410898436550577
CodeBERT_partial_s2028__format_platt,per_format,0.001,threshold_only_fixed_evaluation,test_minus_same_TPR,1000,-0.048222608484015328,-0.047468059244656968,-0.063849974587040781,-0.023467655877999271
CodeBERT_partial_s2028__format_platt,per_format,0.0050000000000000001,threshold_only_fixed_evaluation,same_period_FPR,1000,0.0051522248243559719,0.0051369688859150206,0.004148544663767146,0.0064235530277684848
CodeBERT_partial_s2028__format_platt,per_format,0.0050000000000000001,threshold_only_fixed_evaluation,test_FPR,1000,0.0046869768998995644,0.0047784399062604614,0.0040843655841981919,0.005691329092735186
CodeBERT_partial_s2028__format_platt,per_format,0.0050000000000000001,threshold_only_fixed_evaluation,same_period_TPR,1000,0.71225506476253742,0.7116597143806046,0.68794420458319494,0.73417801394885418
CodeBERT_partial_s2028__format_platt,per_format,0.0050000000000000001,threshold_only_fixed_evaluation,test_TPR,1000,0.63790242283438436,0.63775333554596747,0.61181380683703945,0.6645336873547959
CodeBERT_partial_s2028__format_platt,per_format,0.0050000000000000001,threshold_only_fixed_evaluation,test_minus_same_FPR,1000,-0.00046524792445640749,-0.00035852897965455989,-0.0013347008442853121,0.00013705089625020526
CodeBERT_partial_s2028__format_platt,per_format,0.0050000000000000001,threshold_only_fixed_evaluation,test_minus_same_TPR,1000,-0.074352641928153052,-0.073906378834636965,-0.078992590835483975,-0.063745797437275806
CodeBERT_partial_s2028__format_platt,per_format,0.01,threshold_only_fixed_evaluation,same_period_FPR,1000,0.011040481766477083,0.011129541652726666,0.0098360655737704927,0.012579458012713282
CodeBERT_partial_s2028__format_platt,per_format,0.01,threshold_only_fixed_evaluation,test_FPR,1000,0.010512219618346167,0.010578506863073319,0.0091061265483762966,0.01178439906260462
CodeBERT_partial_s2028__format_platt,per_format,0.01,threshold_only_fixed_evaluation,same_period_TPR,1000,0.79561607439388904,0.79516745267353028,0.78312686815011623,0.8064480239123214
CodeBERT_partial_s2028__format_platt,per_format,0.01,threshold_only_fixed_evaluation,test_TPR,1000,0.74563557915698642,0.74550839694656501,0.72671091934948551,0.76561732492532364
CodeBERT_partial_s2028__format_platt,per_format,0.01,threshold_only_fixed_evaluation,test_minus_same_FPR,1000,-0.00052826214813091535,-0.00055103478965334634,-0.0011329662842541836,7.079859719990189e-06
CodeBERT_partial_s2028__format_platt,per_format,0.01,threshold_only_fixed_evaluation,test_minus_same_TPR,1000,-0.049980495236902622,-0.049659055726965502,-0.057735643055890962,-0.039496708771014771
CodeBERT_partial_s2028__format_platt,per_format,0.050000000000000003,threshold_only_fixed_evaluation,same_period_FPR,1000,0.051388424222147878,0.051505921712947475,0.048845767815322849,0.054131816661090668
CodeBERT_partial_s2028__format_platt,per_format,0.050000000000000003,threshold_only_fixed_evaluation,test_FPR,1000,0.045664546367592901,0.045871175092065619,0.044055908938734518,0.048275862068965517
CodeBERT_partial_s2028__format_platt,per_format,0.050000000000000003,threshold_only_fixed_evaluation,same_period_TPR,1000,0.92567253404184657,0.9254453005645964,0.92175190966456333,0.92879608103620059
CodeBERT_partial_s2028__format_platt,per_format,0.050000000000000003,threshold_only_fixed_evaluation,test_TPR,1000,0.90872884168602719,0.90848363757052764,0.90527713242615337,0.91191503484898773
CodeBERT_partial_s2028__format_platt,per_format,0.050000000000000003,threshold_only_fixed_evaluation,test_minus_same_FPR,1000,-0.0057238778545549776,-0.0056347466208818558,-0.0065261510708329801,-0.0044537548289717132
CodeBERT_partial_s2028__format_platt,per_format,0.050000000000000003,threshold_only_fixed_evaluation,test_minus_same_TPR,1000,-0.016943692355819384,-0.016961662994068767,-0.017810244503421151,-0.015813219654937084
CodeBERT_partial_s2028__format_platt,pooled,0.001,threshold_only_fixed_evaluation,same_period_FPR,1000,0.00073603211776513886,0.00074419538307126125,0.00046838407494145199,0.0010036801605888257
CodeBERT_partial_s2028__format_platt,pooled,0.001,threshold_only_fixed_evaluation,test_FPR,1000,0.0014730498828255775,0.0013669233344492803,0.001004352192835621,0.0016739203213927017
CodeBERT_partial_s2028__format_platt,pooled,0.001,threshold_only_fixed_evaluation,same_period_TPR,1000,0.33483892394553305,0.34102537363002322,0.18219860511457989,0.47711723679840584
CodeBERT_partial_s2028__format_platt,pooled,0.001,threshold_only_fixed_evaluation,test_TPR,1000,0.30215731828742115,0.31287102555592428,0.19249917026219715,0.4254231662794557
CodeBERT_partial_s2028__format_platt,pooled,0.001,threshold_only_fixed_evaluation,test_minus_same_FPR,1000,0.00073701776506043869,0.00062272795137801901,0.00046936972223675182,0.00073701776506043869
CodeBERT_partial_s2028__format_platt,pooled,0.001,threshold_only_fixed_evaluation,test_minus_same_TPR,1000,-0.032681605658111901,-0.028154348074098921,-0.051694070518950141,0.010300565147617263
CodeBERT_partial_s2028__format_platt,pooled,0.0050000000000000001,threshold_only_fixed_evaluation,same_period_FPR,1000,0.0052860488457678149,0.0051911676145868189,0.0040147206423553029,0.0063566410170625628
CodeBERT_partial_s2028__format_platt,pooled,0.0050000000000000001,threshold_only_fixed_evaluation,test_FPR,1000,0.0048878473384666886,0.0048109809173083355,0.0041513223970539,0.0054235018413123538
CodeBERT_partial_s2028__format_platt,pooled,0.0050000000000000001,threshold_only_fixed_evaluation,same_period_TPR,1000,0.71477914314181334,0.71410448356027889,0.69000332115576224,0.73742942544005319
CodeBERT_partial_s2028__format_platt,pooled,0.0050000000000000001,threshold_only_fixed_evaluation,test_TPR,1000,0.63956189844009292,0.63883776966478589,0.61121805509459015,0.66558247593760367
CodeBERT_partial_s2028__format_platt,pooled,0.0050000000000000001,threshold_only_fixed_evaluation,test_minus_same_FPR,1000,-0.00039820150730112639,-0.00038018669727848237,-0.0010001855929054893,0.00033747219326572125
CodeBERT_partial_s2028__format_platt,pooled,0.0050000000000000001,threshold_only_fixed_evaluation,test_minus_same_TPR,1000,-0.07521724470172042,-0.07526671389549304,-0.078987092685818605,-0.071579140672716424
CodeBERT_partial_s2028__format_platt,pooled,0.01,threshold_only_fixed_evaluation,same_period_FPR,1000,0.011308129809300769,0.011104516560722651,0.0099698895951823348,0.012177985948477752
CodeBERT_partial_s2028__format_platt,pooled,0.01,threshold_only_fixed_evaluation,test_FPR,1000,0.010646133244057584,0.010628523602276532,0.0086374288583863403,0.011583528624037496
CodeBERT_partial_s2028__format_platt,pooled,0.01,threshold_only_fixed_evaluation,same_period_TPR,1000,0.79468615078047156,0.793501494520093,0.77861175689139817,0.80499003653271328
CodeBERT_partial_s2028__format_platt,pooled,0.01,threshold_only_fixed_evaluation,test_TPR,1000,0.74430799867241948,0.74333687354795885,0.72200464653169594,0.76124128775306998
CodeBERT_partial_s2028__format_platt,pooled,0.01,threshold_only_fixed_evaluation,test_minus_same_FPR,1000,-0.00066199656524318536,-0.00047599295844611767,-0.0013324607367959946,7.661167613467329e-06
CodeBERT_partial_s2028__format_platt,pooled,0.01,threshold_only_fixed_evaluation,test_minus_same_TPR,1000,-0.050378152108052077,-0.050164620972134144,-0.056539717242111376,-0.043746863337581821
CodeBERT_partial_s2028__format_platt,pooled,0.050000000000000003,threshold_only_fixed_evaluation,same_period_FPR,1000,0.050518568082970894,0.050759986617597862,0.047639678822348618,0.053732017397122779
CodeBERT_partial_s2028__format_platt,pooled,0.050000000000000003,threshold_only_fixed_evaluation,test_FPR,1000,0.046066287244727153,0.045814529628389694,0.043051556745898896,0.048277535989286906
CodeBERT_partial_s2028__format_platt,pooled,0.050000000000000003,threshold_only_fixed_evaluation,same_period_TPR,1000,0.9267353038857522,0.92641713716373308,0.92234971770176022,0.93072069080039854
CodeBERT_partial_s2028__format_platt,pooled,0.050000000000000003,threshold_only_fixed_evaluation,test_TPR,1000,0.91291072021241293,0.9128879522071025,0.90905907733156321,0.91642880849651509
CodeBERT_partial_s2028__format_platt,pooled,0.050000000000000003,threshold_only_fixed_evaluation,test_minus_same_FPR,1000,-0.0044522808382437412,-0.0049454569892081694,-0.0054551545601364132,-0.0045191928489496658
CodeBERT_partial_s2028__format_platt,pooled,0.050000000000000003,threshold_only_fixed_evaluation,test_minus_same_TPR,1000,-0.013824583673339275,-0.013529184956630417,-0.014092877504245704,-0.012962053177512756
CodeBERT_partial_s2028__fusion_ROC_AUC,per_format,0.001,threshold_only_fixed_evaluation,same_period_FPR,1000,0.0014720642355302777,0.0014739377718300435,0.0010705921712947475,0.0019404483104717297
CodeBERT_partial_s2028__fusion_ROC_AUC,per_format,0.001,threshold_only_fixed_evaluation,test_FPR,1000,0.0014730498828255775,0.0016091730833612322,0.0011382658185470371,0.0021426180113826581
CodeBERT_partial_s2028__fusion_ROC_AUC,per_format,0.001,threshold_only_fixed_evaluation,same_period_TPR,1000,0.80777150448356028,0.80501873131849877,0.77335934905347059,0.82870142809697767
CodeBERT_partial_s2028__fusion_ROC_AUC,per_format,0.001,threshold_only_fixed_evaluation,test_TPR,1000,0.79986724195154335,0.79864420843013617,0.76681048788582806,0.82243942914039159
CodeBERT_partial_s2028__fusion_ROC_AUC,per_format,0.001,threshold_only_fixed_evaluation,test_minus_same_FPR,1000,9.8564729529983068e-07,0.0001352353115311885,-0.0004003968126406578,0.0006036865672962449
CodeBERT_partial_s2028__fusion_ROC_AUC,per_format,0.001,threshold_only_fixed_evaluation,test_minus_same_TPR,1000,-0.0079042625320169257,-0.0063745228883627571,-0.0085780443496096589,-0.004107187243411017
CodeBERT_partial_s2028__fusion_ROC_AUC,per_format,0.0050000000000000001,threshold_only_fixed_evaluation,same_period_FPR,1000,0.0051522248243559719,0.0052148544663767138,0.004349280695884911,0.0060889929742388759
CodeBERT_partial_s2028__fusion_ROC_AUC,per_format,0.0050000000000000001,threshold_only_fixed_evaluation,test_FPR,1000,0.0060930699698694343,0.006259926347505859,0.0054235018413123538,0.0072330097087378621
CodeBERT_partial_s2028__fusion_ROC_AUC,per_format,0.0050000000000000001,threshold_only_fixed_evaluation,same_period_TPR,1000,0.91252075722351378,0.91298445699103281,0.90501494520092995,0.92128860843573568
CodeBERT_partial_s2028__fusion_ROC_AUC,per_format,0.0050000000000000001,threshold_only_fixed_evaluation,test_TPR,1000,0.90394955194158644,0.90439754397610361,0.89439097245270494,0.91384002655160967
CodeBERT_partial_s2028__fusion_ROC_AUC,per_format,0.0050000000000000001,threshold_only_fixed_evaluation,test_minus_same_FPR,1000,0.00094084514551346244,0.0010450718811291441,0.0006728834876412711,0.001476640775130954
CodeBERT_partial_s2028__fusion_ROC_AUC,per_format,0.0050000000000000001,threshold_only_fixed_evaluation,test_minus_same_TPR,1000,-0.008571205281927341,-0.0085869130149293302,-0.0108233435032936,-0.0072494878001812977
CodeBERT_partial_s2028__fusion_ROC_AUC,per_format,0.01,threshold_only_fixed_evaluation,same_period_FPR,1000,0.010103713616594179,0.010135898293743726,0.0092338574774171959,0.011375041820006692
CodeBERT_partial_s2028__fusion_ROC_AUC,per_format,0.01,threshold_only_fixed_evaluation,test_FPR,1000,0.011918312688316036,0.011861667224640108,0.010713090056913292,0.013123535319718781
CodeBERT_partial_s2028__fusion_ROC_AUC,per_format,0.01,threshold_only_fixed_evaluation,same_period_TPR,1000,0.94493523746263697,0.94493224842245105,0.94141315177681839,0.94812520757223517
CodeBERT_partial_s2028__fusion_ROC_AUC,per_format,0.01,threshold_only_fixed_evaluation,test_TPR,1000,0.93614337869233322,0.93614988383670761,0.93275638898108193,0.93913043478260871
CodeBERT_partial_s2028__fusion_ROC_AUC,per_format,0.01,threshold_only_fixed_evaluation,test_minus_same_FPR,1000,0.0018145990717218577,0.0017257689308963803,0.0012789893710259802,0.0020822930367490754
CodeBERT_partial_s2028__fusion_ROC_AUC,per_format,0.01,threshold_only_fixed_evaluation,test_minus_same_TPR,1000,-0.008791858770303751,-0.0087823645857434129,-0.0093893747045213465,-0.0081297120206328261
CodeBERT_partial_s2028__fusion_ROC_AUC,per_format,0.050000000000000003,threshold_only_fixed_evaluation,same_period_FPR,1000,0.051722984275677487,0.051913817330210769,0.049044831047172971,0.054601873536299764
CodeBERT_partial_s2028__fusion_ROC_AUC,per_format,0.050000000000000003,threshold_only_fixed_evaluation,test_FPR,1000,0.051623702711750923,0.051672782055574157,0.048744559758955475,0.054235018413123538
CodeBERT_partial_s2028__fusion_ROC_AUC,per_format,0.050000000000000003,threshold_only_fixed_evaluation,same_period_TPR,1000,0.98246429757555631,0.98242803055463312,0.98166722019262709,0.98312852872799739
CodeBERT_partial_s2028__fusion_ROC_AUC,per_format,0.050000000000000003,threshold_only_fixed_evaluation,test_TPR,1000,0.98121473614337873,0.98128748755393291,0.98035180882841022,0.98214404248257547
CodeBERT_partial_s2028__fusion_ROC_AUC,per_format,0.050000000000000003,threshold_only_fixed_evaluation,test_minus_same_FPR,1000,-9.9281563926564842e-05,-0.00024103527463661831,-0.0015048034064866537,0.00070483638086889613
CodeBERT_partial_s2028__fusion_ROC_AUC,per_format,0.050000000000000003,threshold_only_fixed_evaluation,test_minus_same_TPR,1000,-0.0012495614321775816,-0.0011405430007000396,-0.0015813694735631462,-0.0007182646922562208
CodeBERT_partial_s2028__fusion_ROC_AUC,pooled,0.001,threshold_only_fixed_evaluation,same_period_FPR,1000,0.001405152224824356,0.0014598193375710941,0.0013382402141184342,0.0016728002676480427
CodeBERT_partial_s2028__fusion_ROC_AUC,pooled,0.001,threshold_only_fixed_evaluation,test_FPR,1000,0.0016069635085369936,0.0017063943756277201,0.0012721794442584534,0.0021426180113826581
CodeBERT_partial_s2028__fusion_ROC_AUC,pooled,0.001,threshold_only_fixed_evaluation,same_period_TPR,1000,0.79887080704085023,0.80391736964463634,0.78253072069080043,0.82736632348057126
CodeBERT_partial_s2028__fusion_ROC_AUC,pooled,0.001,threshold_only_fixed_evaluation,test_TPR,1000,0.79196813806837041,0.79716807168934611,0.77497510786591439,0.8191835380019914
CodeBERT_partial_s2028__fusion_ROC_AUC,pooled,0.001,threshold_only_fixed_evaluation,test_minus_same_FPR,1000,0.00020181128371263768,0.00024657503805662606,8.9604299572721736e-07,0.00053672975444053685
CodeBERT_partial_s2028__fusion_ROC_AUC,pooled,0.001,threshold_only_fixed_evaluation,test_minus_same_TPR,1000,-0.0069026689724798196,-0.0067492979552901582,-0.0081827854785798682,-0.0053052955624707243
CodeBERT_partial_s2028__fusion_ROC_AUC,pooled,0.0050000000000000001,threshold_only_fixed_evaluation,same_period_FPR,1000,0.0053529608564737369,0.0052904650384744062,0.0046169287387085979,0.0060220809635329539
CodeBERT_partial_s2028__fusion_ROC_AUC,pooled,0.0050000000000000001,threshold_only_fixed_evaluation,test_FPR,1000,0.0062269835955808504,0.0062274522932708413,0.0054235018413123538,0.006963508536993639
CodeBERT_partial_s2028__fusion_ROC_AUC,pooled,0.0050000000000000001,threshold_only_fixed_evaluation,same_period_TPR,1000,0.91431418133510467,0.91365772168714721,0.90567917635337092,0.91989372301560945
CodeBERT_partial_s2028__fusion_ROC_AUC,pooled,0.0050000000000000001,threshold_only_fixed_evaluation,test_TPR,1000,0.90547626949883842,0.90486405575838036,0.8950547626949884,0.91231330899435781
CodeBERT_partial_s2028__fusion_ROC_AUC,pooled,0.0050000000000000001,threshold_only_fixed_evaluation,test_minus_same_FPR,1000,0.00087402273910711353,0.0009369872547964343,0.00067274908119191196,0.0012754500011928575
CodeBERT_partial_s2028__fusion_ROC_AUC,pooled,0.0050000000000000001,threshold_only_fixed_evaluation,test_minus_same_TPR,1000,-0.0088379118362662545,-0.0087936659287667744,-0.010491920156020407,-0.0076468812275114484
CodeBERT_partial_s2028__fusion_ROC_AUC,pooled,0.01,threshold_only_fixed_evaluation,same_period_FPR,1000,0.010371361659417865,0.010495550351288057,0.0089662094345935098,0.011642689862830378
CodeBERT_partial_s2028__fusion_ROC_AUC,pooled,0.01,threshold_only_fixed_evaluation,test_FPR,1000,0.012453967191161701,0.012372882490793439,0.010845329762303315,0.01352527619685303
CodeBERT_partial_s2028__fusion_ROC_AUC,pooled,0.01,threshold_only_fixed_evaluation,same_period_TPR,1000,0.94393889073397541,0.94403653271338428,0.93955330454998343,0.94792427764862175
CodeBERT_partial_s2028__fusion_ROC_AUC,pooled,0.01,threshold_only_fixed_evaluation,test_TPR,1000,0.9346830401593097,0.93500789910388327,0.93149352804513774,0.93793561234649847
CodeBERT_partial_s2028__fusion_ROC_AUC,pooled,0.01,threshold_only_fixed_evaluation,test_minus_same_FPR,1000,0.002082605531743836,0.0018773321395053821,0.0016806406438606546,0.002082605531743836
CodeBERT_partial_s2028__fusion_ROC_AUC,pooled,0.01,threshold_only_fixed_evaluation,test_minus_same_TPR,1000,-0.0092558505746657138,-0.009028633609501081,-0.01005513250838308,-0.0080578094944050438
CodeBERT_partial_s2028__fusion_ROC_AUC,pooled,0.050000000000000003,threshold_only_fixed_evaluation,same_period_FPR,1000,0.052191368350618939,0.052411174305787886,0.050180662428905988,0.054734024757443961
CodeBERT_partial_s2028__fusion_ROC_AUC,pooled,0.050000000000000003,threshold_only_fixed_evaluation,test_FPR,1000,0.05135587546032809,0.051418480080348175,0.048876799464345498,0.053632407097422161
CodeBERT_partial_s2028__fusion_ROC_AUC,pooled,0.050000000000000003,threshold_only_fixed_evaluation,same_period_TPR,1000,0.98292925938226505,0.98291179010295582,0.9821986051145799,0.98352706741946194
CodeBERT_partial_s2028__fusion_ROC_AUC,pooled,0.050000000000000003,threshold_only_fixed_evaluation,test_TPR,1000,0.98134749419183542,0.98132724858944587,0.98061400597411219,0.98214404248257547
CodeBERT_partial_s2028__fusion_ROC_AUC,pooled,0.050000000000000003,threshold_only_fixed_evaluation,test_minus_same_FPR,1000,-0.00083549289029084817,-0.00099269422543971368,-0.001442082076866376,-0.00076795364948791661
CodeBERT_partial_s2028__fusion_ROC_AUC,pooled,0.050000000000000003,threshold_only_fixed_evaluation,test_minus_same_TPR,1000,-0.0015817651904296293,-0.0015845415135100635,-0.0017811668092091448,-0.0013165136396108279
CodeBERT_partial_s2028__fusion_TPR_0.001,per_format,0.001,threshold_only_fixed_evaluation,same_period_FPR,1000,0.0010705921712947475,0.001071662763466042,0.0008029441284710606,0.0016058882569421212
CodeBERT_partial_s2028__fusion_TPR_0.001,per_format,0.001,threshold_only_fixed_evaluation,test_FPR,1000,0.0016069635085369936,0.0016481419484432542,0.0011382658185470371,0.00207566119852695
CodeBERT_partial_s2028__fusion_TPR_0.001,per_format,0.001,threshold_only_fixed_evaluation,same_period_TPR,1000,0.7972102291597476,0.79975569578213224,0.76824310860179346,0.82618067087346403
CodeBERT_partial_s2028__fusion_TPR_0.001,per_format,0.001,threshold_only_fixed_evaluation,test_TPR,1000,0.78546299369399275,0.78888071689346173,0.75678725522734813,0.81586790574178558
CodeBERT_partial_s2028__fusion_TPR_0.001,per_format,0.001,threshold_only_fixed_evaluation,test_minus_same_FPR,1000,0.00053637133724224618,0.00057647918497721201,8.0307853492040902e-07,0.0010049805429863745
CodeBERT_partial_s2028__fusion_TPR_0.001,per_format,0.001,threshold_only_fixed_evaluation,test_minus_same_TPR,1000,-0.011747235465754846,-0.010874978888670518,-0.013596618241136635,-0.0080959653083070553
CodeBERT_partial_s2028__fusion_TPR_0.001,per_format,0.0050000000000000001,threshold_only_fixed_evaluation,same_period_FPR,1000,0.0050853128136500499,0.00516339913014386,0.0042823686851789899,0.0060889929742388759
CodeBERT_partial_s2028__fusion_TPR_0.001,per_format,0.0050000000000000001,threshold_only_fixed_evaluation,test_FPR,1000,0.0060261131570137263,0.0063019752259792436,0.0053565450284566458,0.0073652494141278873
CodeBERT_partial_s2028__fusion_TPR_0.001,per_format,0.0050000000000000001,threshold_only_fixed_evaluation,same_period_TPR,1000,0.91291929591497845,0.91386715376951178,0.90541016273663233,0.92221853204915305
CodeBERT_partial_s2028__fusion_TPR_0.001,per_format,0.0050000000000000001,threshold_only_fixed_evaluation,test_TPR,1000,0.90394955194158644,0.90503684035844689,0.89518420179223368,0.9143046797212081
CodeBERT_partial_s2028__fusion_TPR_0.001,per_format,0.0050000000000000001,threshold_only_fixed_evaluation,test_minus_same_FPR,1000,0.00094080034336367635,0.0011385760958353825,0.00067283868549148501,0.001610772811322578
CodeBERT_partial_s2028__fusion_TPR_0.001,per_format,0.0050000000000000001,threshold_only_fixed_evaluation,test_minus_same_TPR,1000,-0.0089697439733920081,-0.0088303134110650581,-0.010758812994900922,-0.0074481850649841252
CodeBERT_partial_s2028__fusion_TPR_0.001,per_format,0.01,threshold_only_fixed_evaluation,same_period_FPR,1000,0.010103713616594179,0.010136099029775846,0.0091669454667112748,0.011309802609568416
CodeBERT_partial_s2028__fusion_TPR_0.001,per_format,0.01,threshold_only_fixed_evaluation,test_FPR,1000,0.011851355875460328,0.011770873786407765,0.010646133244057584,0.013058252427184464
CodeBERT_partial_s2028__fusion_TPR_0.001,per_format,0.01,threshold_only_fixed_evaluation,same_period_TPR,1000,0.94540019926934571,0.94508243108601786,0.94147957489206247,0.94825805380272332
CodeBERT_partial_s2028__fusion_TPR_0.001,per_format,0.01,threshold_only_fixed_evaluation,test_TPR,1000,0.9365416528377033,0.9361366744108861,0.93255891138400271,0.93926319283106541
CodeBERT_partial_s2028__fusion_TPR_0.001,per_format,0.01,threshold_only_fixed_evaluation,test_minus_same_FPR,1000,0.0017476422588661496,0.0016347747566319223,0.0012783912623263315,0.0020149856470712893
CodeBERT_partial_s2028__fusion_TPR_0.001,per_format,0.01,threshold_only_fixed_evaluation,test_minus_same_TPR,1000,-0.0088585464316424112,-0.0089457566751317691,-0.009523351869563778,-0.0083913789718702454
CodeBERT_partial_s2028__fusion_TPR_0.001,per_format,0.050000000000000003,threshold_only_fixed_evaluation,same_period_FPR,1000,0.052124456339913014,0.052019672131147547,0.049046503847440616,0.054668785547005681
CodeBERT_partial_s2028__fusion_TPR_0.001,per_format,0.050000000000000003,threshold_only_fixed_evaluation,test_FPR,1000,0.05135587546032809,0.051528958821560097,0.048744559758955475,0.054435888851690657
CodeBERT_partial_s2028__fusion_TPR_0.001,per_format,0.050000000000000003,threshold_only_fixed_evaluation,same_period_TPR,1000,0.98266356692128864,0.98258578545333775,0.98173364330787116,0.98332779807372961
CodeBERT_partial_s2028__fusion_TPR_0.001,per_format,0.050000000000000003,threshold_only_fixed_evaluation,test_TPR,1000,0.98154663126452046,0.98140690341851977,0.98048456687686691,0.98221042150680382
CodeBERT_partial_s2028__fusion_TPR_0.001,per_format,0.050000000000000003,threshold_only_fixed_evaluation,test_minus_same_FPR,1000,-0.0007685808795849236,-0.00049071330958744752,-0.0016387584741866276,0.00070446900324065004
CodeBERT_partial_s2028__fusion_TPR_0.001,per_format,0.050000000000000003,threshold_only_fixed_evaluation,test_minus_same_TPR,1000,-0.001116935656768181,-0.0011788820348180057,-0.0015153872684766756,-0.0007851287176580124
CodeBERT_partial_s2028__fusion_TPR_0.001,pooled,0.001,threshold_only_fixed_evaluation,same_period_FPR,1000,0.0010036801605888257,0.0010097691535630646,0.0008029441284710606,0.0013382402141184342
CodeBERT_partial_s2028__fusion_TPR_0.001,pooled,0.001,threshold_only_fixed_evaluation,test_FPR,1000,0.0018078339471041178,0.0018018078339471044,0.0014060930699698695,0.00207566119852695
CodeBERT_partial_s2028__fusion_TPR_0.001,pooled,0.001,threshold_only_fixed_evaluation,same_period_TPR,1000,0.80298904018598471,0.80243042178678181,0.78073729657920954,0.82743274659581534
CodeBERT_partial_s2028__fusion_TPR_0.001,pooled,0.001,threshold_only_fixed_evaluation,test_TPR,1000,0.79163624294722867,0.79056428808496515,0.77006306007301695,0.81301028874875536
CodeBERT_partial_s2028__fusion_TPR_0.001,pooled,0.001,threshold_only_fixed_evaluation,test_minus_same_FPR,1000,0.00080415378651529207,0.00079203868038403959,0.00060314894149880889,0.00093806741222670817
CodeBERT_partial_s2028__fusion_TPR_0.001,pooled,0.001,threshold_only_fixed_evaluation,test_minus_same_TPR,1000,-0.011352797238756041,-0.011866133701816634,-0.014088314084114373,-0.010679527428083868
CodeBERT_partial_s2028__fusion_TPR_0.001,pooled,0.0050000000000000001,threshold_only_fixed_evaluation,same_period_FPR,1000,0.0055536968885915019,0.0054010036801605881,0.0046169287387085979,0.0058882569421211109
CodeBERT_partial_s2028__fusion_TPR_0.001,pooled,0.0050000000000000001,threshold_only_fixed_evaluation,test_FPR,1000,0.0060261131570137263,0.0061736859725477072,0.0053531971878138605,0.007030465349849347
CodeBERT_partial_s2028__fusion_TPR_0.001,pooled,0.0050000000000000001,threshold_only_fixed_evaluation,same_period_TPR,1000,0.91384921952839593,0.9143807372965792,0.90559614745931583,0.9206243772832946
CodeBERT_partial_s2028__fusion_TPR_0.001,pooled,0.0050000000000000001,threshold_only_fixed_evaluation,test_TPR,1000,0.90448058413541321,0.90532313308994372,0.89531198141387325,0.9125788250912712
CodeBERT_partial_s2028__fusion_TPR_0.001,pooled,0.0050000000000000001,threshold_only_fixed_evaluation,test_minus_same_FPR,1000,0.00047241626842222436,0.000772682292387118,0.00040545945556651631,0.0011422084077282362
CodeBERT_partial_s2028__fusion_TPR_0.001,pooled,0.0050000000000000001,threshold_only_fixed_evaluation,test_minus_same_TPR,1000,-0.009368635392982716,-0.0090576042066356204,-0.010627191392375557,-0.0075795762919522724
CodeBERT_partial_s2028__fusion_TPR_0.001,pooled,0.01,threshold_only_fixed_evaluation,same_period_FPR,1000,0.010304449648711944,0.010452392104382736,0.0092338574774171959,0.011776513884242222
CodeBERT_partial_s2028__fusion_TPR_0.001,pooled,0.01,threshold_only_fixed_evaluation,test_FPR,1000,0.012520924004017409,0.012335386675594244,0.01111483093404754,0.013592233009708738
CodeBERT_partial_s2028__fusion_TPR_0.001,pooled,0.01,threshold_only_fixed_evaluation,same_period_TPR,1000,0.94427100631019589,0.9441843905679177,0.93982065758884092,0.94812354699435408
CodeBERT_partial_s2028__fusion_TPR_0.001,pooled,0.01,threshold_only_fixed_evaluation,test_TPR,1000,0.93494855625622308,0.93510474610023242,0.93196150016594759,0.93806837039495516
CodeBERT_partial_s2028__fusion_TPR_0.001,pooled,0.01,threshold_only_fixed_evaluation,test_minus_same_FPR,1000,0.0022164743553054651,0.0018829945712115052,0.0016786878301568429,0.0022164743553054651
CodeBERT_partial_s2028__fusion_TPR_0.001,pooled,0.01,threshold_only_fixed_evaluation,test_minus_same_TPR,1000,-0.0093224500539728083,-0.0090796444676853015,-0.0099891062122808849,-0.0079260214482951286
CodeBERT_partial_s2028__fusion_TPR_0.001,pooled,0.050000000000000003,threshold_only_fixed_evaluation,same_period_FPR,1000,0.052191368350618939,0.05239491468718635,0.050184008029441285,0.054533288725326194
CodeBERT_partial_s2028__fusion_TPR_0.001,pooled,0.050000000000000003,threshold_only_fixed_evaluation,test_FPR,1000,0.050954134583193839,0.051318848342818885,0.048610646133244055,0.053364579845999328
CodeBERT_partial_s2028__fusion_TPR_0.001,pooled,0.050000000000000003,threshold_only_fixed_evaluation,same_period_TPR,1000,0.98286283626702098,0.98286715376951184,0.98226502822982398,0.98359349053470613
CodeBERT_partial_s2028__fusion_TPR_0.001,pooled,0.050000000000000003,threshold_only_fixed_evaluation,test_TPR,1000,0.98121473614337873,0.98138333886491869,0.98041818785263857,0.98207766345834713
CodeBERT_partial_s2028__fusion_TPR_0.001,pooled,0.050000000000000003,threshold_only_fixed_evaluation,test_minus_same_FPR,1000,-0.0012372337674250999,-0.0010760663443674687,-0.0016409481792574326,-0.00070086243018285116
CodeBERT_partial_s2028__fusion_TPR_0.001,pooled,0.050000000000000003,threshold_only_fixed_evaluation,test_minus_same_TPR,1000,-0.0016481001236422488,-0.0014838149045930998,-0.0018468403771854103,-0.0013164254575793732
CodeBERT_partial_s2028__stack,per_format,0.001,threshold_only_fixed_evaluation,same_period_FPR,1000,0.0012044161927065907,0.0013339578454332553,0.00086985613917698224,0.0018066242890598862
CodeBERT_partial_s2028__stack,per_format,0.001,threshold_only_fixed_evaluation,test_FPR,1000,0.0016739203213927017,0.001669969869434215,0.001004352192835621,0.0021426180113826581
CodeBERT_partial_s2028__stack,per_format,0.001,threshold_only_fixed_evaluation,same_period_TPR,1000,0.80783792759880435,0.808838658253072,0.77641979408834272,0.83501992693457328
CodeBERT_partial_s2028__stack,per_format,0.001,threshold_only_fixed_evaluation,test_TPR,1000,0.80185861267839365,0.80183352140723541,0.76906405575838033,0.82722037836043805
CodeBERT_partial_s2028__stack,per_format,0.001,threshold_only_fixed_evaluation,test_minus_same_FPR,1000,0.00046950412868611096,0.00033601202400095965,-0.00033397762558238587,0.00080415378651529207
CodeBERT_partial_s2028__stack,per_format,0.001,threshold_only_fixed_evaluation,test_minus_same_TPR,1000,-0.0059793149204107054,-0.0070051368458367534,-0.010353981413211755,-0.0047031996739910521
CodeBERT_partial_s2028__stack,per_format,0.0050000000000000001,threshold_only_fixed_evaluation,same_period_FPR,1000,0.0052860488457678149,0.0053057209769153567,0.0045500167280026768,0.0061559049849447978
CodeBERT_partial_s2028__stack,per_format,0.0050000000000000001,threshold_only_fixed_evaluation,test_FPR,1000,0.0063608972212922665,0.0063839973217274856,0.005154000669568129,0.0074322062269835953
CodeBERT_partial_s2028__stack,per_format,0.0050000000000000001,threshold_only_fixed_evaluation,same_period_TPR,1000,0.91663899036864827,0.91663221521089333,0.90767186981069414,0.92574227831285283
CodeBERT_partial_s2028__stack,per_format,0.0050000000000000001,threshold_only_fixed_evaluation,test_TPR,1000,0.90673747095917689,0.90655333554596751,0.89678061732492531,0.91682874211749088
CodeBERT_partial_s2028__stack,per_format,0.0050000000000000001,threshold_only_fixed_evaluation,test_minus_same_FPR,1000,0.0010748483755244516,0.0010782763448121296,0.00040492182976907976,0.0016106372848194743
CodeBERT_partial_s2028__stack,per_format,0.0050000000000000001,threshold_only_fixed_evaluation,test_minus_same_TPR,1000,-0.009901519409471371,-0.010078879664925917,-0.011690140907170391,-0.0086462481907527526
CodeBERT_partial_s2028__stack,per_format,0.01,threshold_only_fixed_evaluation,same_period_FPR,1000,0.0099698895951823348,0.010179725660756107,0.0088976246236199402,0.011711274673803947
CodeBERT_partial_s2028__stack,per_format,0.01,threshold_only_fixed_evaluation,test_FPR,1000,0.010847003682624708,0.011273585537328422,0.0099096083026447949,0.012859055908938731
CodeBERT_partial_s2028__stack,per_format,0.01,threshold_only_fixed_evaluation,same_period_TPR,1000,0.94533377615410163,0.94548661574227832,0.94128196612421122,0.94998505479907003
CodeBERT_partial_s2028__stack,per_format,0.01,threshold_only_fixed_evaluation,test_TPR,1000,0.93627613674078991,0.93638665781613017,0.93209259873879857,0.94079156986392298
CodeBERT_partial_s2028__stack,per_format,0.01,threshold_only_fixed_evaluation,test_minus_same_FPR,1000,0.00087711408744237281,0.001093859876572318,0.00047608556448972678,0.0016802833467161088
CodeBERT_partial_s2028__stack,per_format,0.01,threshold_only_fixed_evaluation,test_minus_same_TPR,1000,-0.0090576394133117244,-0.009099957926148209,-0.010188961968522736,-0.0080627851655336452
CodeBERT_partial_s2028__stack,per_format,0.050000000000000003,threshold_only_fixed_evaluation,same_period_FPR,1000,0.052525928404148547,0.052572030779524929,0.050050184008029443,0.055337905654064899
CodeBERT_partial_s2028__stack,per_format,0.050000000000000003,threshold_only_fixed_evaluation,test_FPR,1000,0.050820220957482426,0.050828456645463677,0.048476732507532642,0.053297623033143622
CodeBERT_partial_s2028__stack,per_format,0.050000000000000003,threshold_only_fixed_evaluation,same_period_TPR,1000,0.9830621056127532,0.98313184988375957,0.98253072069080039,0.98392560611092661
CodeBERT_partial_s2028__stack,per_format,0.050000000000000003,threshold_only_fixed_evaluation,test_TPR,1000,0.98207766345834713,0.98211304347826078,0.98108031861931633,0.98307334882177233
CodeBERT_partial_s2028__stack,per_format,0.050000000000000003,threshold_only_fixed_evaluation,test_minus_same_FPR,1000,-0.0017057074466661215,-0.001743574134061249,-0.0027751392422814009,-0.0009666752649459087
CodeBERT_partial_s2028__stack,per_format,0.050000000000000003,threshold_only_fixed_evaluation,test_minus_same_TPR,1000,-0.0009844421544060733,-0.0010188064054986944,-0.0015815469399015597,-0.00051970080277619068
CodeBERT_partial_s2028__stack,pooled,0.001,threshold_only_fixed_evaluation,same_period_FPR,1000,0.0012044161927065907,0.0012672465707594511,0.00093676814988290398,0.001873536299765808
CodeBERT_partial_s2028__stack,pooled,0.001,threshold_only_fixed_evaluation,test_FPR,1000,0.0018078339471041178,0.0017759625041848008,0.0013391362571141614,0.0022095748242383661
CodeBERT_partial_s2028__stack,pooled,0.001,threshold_only_fixed_evaluation,same_period_TPR,1000,0.81009631351710398,0.81059734307539022,0.7840584523414148,0.83766190634340754
CodeBERT_partial_s2028__stack,pooled,0.001,threshold_only_fixed_evaluation,test_TPR,1000,0.80185861267839365,0.80325051443743789,0.77690009956853634,0.82953866578161306
CodeBERT_partial_s2028__stack,pooled,0.001,threshold_only_fixed_evaluation,test_minus_same_FPR,1000,0.00060341775439752706,0.00050871593342534946,0.00033603852447255814,0.00060341775439752706
CodeBERT_partial_s2028__stack,pooled,0.001,threshold_only_fixed_evaluation,test_minus_same_TPR,1000,-0.0082377008387103379,-0.0073468286379524666,-0.0083039475898913917,-0.0063724745079525302
CodeBERT_partial_s2028__stack,pooled,0.0050000000000000001,threshold_only_fixed_evaluation,same_period_FPR,1000,0.0052860488457678149,0.0053421880227500834,0.0044831047172967549,0.0061559049849447978
CodeBERT_partial_s2028__stack,pooled,0.0050000000000000001,threshold_only_fixed_evaluation,test_FPR,1000,0.0059591563441580182,0.0058433880147304986,0.0050887177770338136,0.0064328757951121482
CodeBERT_partial_s2028__stack,pooled,0.0050000000000000001,threshold_only_fixed_evaluation,same_period_TPR,1000,0.91697110594486886,0.91579860511457989,0.90654267685154433,0.92096977748256392
CodeBERT_partial_s2028__stack,pooled,0.0050000000000000001,threshold_only_fixed_evaluation,test_TPR,1000,0.90667109193494855,0.90569020909392628,0.8950547626949884,0.91172087620311981
CodeBERT_partial_s2028__stack,pooled,0.0050000000000000001,threshold_only_fixed_evaluation,test_minus_same_FPR,1000,0.00067310749839020328,0.00050119999198041537,0.00020490263204789652,0.00074001950909612438
CodeBERT_partial_s2028__stack,pooled,0.0050000000000000001,threshold_only_fixed_evaluation,test_minus_same_TPR,1000,-0.010300014009920311,-0.010108396020653544,-0.011557732280013666,-0.0089731389816055662
CodeBERT_partial_s2028__stack,pooled,0.01,threshold_only_fixed_evaluation,same_period_FPR,1000,0.010237537638006023,0.010365941786550686,0.0091000334560053537,0.011575777852124457
CodeBERT_partial_s2028__stack,pooled,0.01,threshold_only_fixed_evaluation,test_FPR,1000,0.011717442249748912,0.011673049882825576,0.010847003682624708,0.012726816203548706
CodeBERT_partial_s2028__stack,pooled,0.01,threshold_only_fixed_evaluation,same_period_TPR,1000,0.94520092992361338,0.94525214214546671,0.9413483892394553,0.94906011291929582
CodeBERT_partial_s2028__stack,pooled,0.01,threshold_only_fixed_evaluation,test_TPR,1000,0.93494855625622308,0.93500989047461003,0.93116495187520743,0.93913707268503155
CodeBERT_partial_s2028__stack,pooled,0.01,threshold_only_fixed_evaluation,test_minus_same_FPR,1000,0.0014799046117428896,0.0013071080962748919,0.0010119685582993011,0.001746970226619354
CodeBERT_partial_s2028__stack,pooled,0.01,threshold_only_fixed_evaluation,test_minus_same_TPR,1000,-0.010252373667390291,-0.0102422516708566,-0.010649898265492563,-0.0097893077743593793
CodeBERT_partial_s2028__stack,pooled,0.050000000000000003,threshold_only_fixed_evaluation,same_period_FPR,1000,0.052459016393442623,0.052642823686851789,0.050180662428905988,0.055336232853797254
CodeBERT_partial_s2028__stack,pooled,0.050000000000000003,threshold_only_fixed_evaluation,test_FPR,1000,0.048945430197522601,0.048956879812520927,0.045865416806160027,0.051692333444928018
CodeBERT_partial_s2028__stack,pooled,0.050000000000000003,threshold_only_fixed_evaluation,same_period_TPR,1000,0.98339422118897379,0.98330262371305222,0.98239621388243115,0.98399368980405177
CodeBERT_partial_s2028__stack,pooled,0.050000000000000003,threshold_only_fixed_evaluation,test_TPR,1000,0.98128111516760708,0.98140146033853293,0.98068038499834054,0.98247593760371721
CodeBERT_partial_s2028__stack,pooled,0.050000000000000003,threshold_only_fixed_evaluation,test_minus_same_FPR,1000,-0.0035135861959200224,-0.0036859438743308665,-0.0045186552231522292,-0.0031109492757900523
CodeBERT_partial_s2028__stack,pooled,0.050000000000000003,threshold_only_fixed_evaluation,test_minus_same_TPR,1000,-0.0021131060213667174,-0.0019011633745191134,-0.0021795291366107916,-0.001582514737697549
CodeBERT_unfrozen_s2026,per_format,0.001,threshold_only_fixed_evaluation,same_period_FPR,1000,0.0012713282034125125,0.0014903312144529943,0.0010036801605888257,0.0021411843425894949
CodeBERT_unfrozen_s2026,per_format,0.001,threshold_only_fixed_evaluation,test_FPR,1000,0.0017408771342484097,0.0018374288583863406,0.0014060930699698695,0.0023434884499497822
CodeBERT_unfrozen_s2026,per_format,0.001,threshold_only_fixed_evaluation,same_period_TPR,1000,0.48854201262039187,0.49377363002324809,0.44467784789106612,0.54348555297243439
CodeBERT_unfrozen_s2026,per_format,0.001,threshold_only_fixed_evaluation,test_TPR,1000,0.4138068370394955,0.41863942914039159,0.37939263192831063,0.46140391636242944
CodeBERT_unfrozen_s2026,per_format,0.001,threshold_only_fixed_evaluation,test_minus_same_FPR,1000,0.00046954893083589726,0.00034709764393334646,6.8076866600367018e-05,0.00060337295224774054
CodeBERT_unfrozen_s2026,per_format,0.001,threshold_only_fixed_evaluation,test_minus_same_TPR,1000,-0.074735175580896374,-0.075134200882856453,-0.081798583862710258,-0.064226051110525914
CodeBERT_unfrozen_s2026,per_format,0.0050000000000000001,threshold_only_fixed_evaluation,same_period_FPR,1000,0.0052860488457678149,0.0054933422549347617,0.004817664770826363,0.0062897290063566409
CodeBERT_unfrozen_s2026,per_format,0.0050000000000000001,threshold_only_fixed_evaluation,test_FPR,1000,0.0052895882156009377,0.0054242383662537657,0.0048208905256109805,0.0062269835955808504
CodeBERT_unfrozen_s2026,per_format,0.0050000000000000001,threshold_only_fixed_evaluation,same_period_TPR,1000,0.69485220856858187,0.69563055463301227,0.6794951843241448,0.71365327133842571
CodeBERT_unfrozen_s2026,per_format,0.0050000000000000001,threshold_only_fixed_evaluation,test_TPR,1000,0.60019913707268502,0.60035114503816789,0.58439926983073354,0.61825921008961171
CodeBERT_unfrozen_s2026,per_format,0.0050000000000000001,threshold_only_fixed_evaluation,test_minus_same_FPR,1000,3.5393698331227796e-06,-6.9103888680994237e-05,-0.00033093219945065779,0.00020432132415441854
CodeBERT_unfrozen_s2026,per_format,0.0050000000000000001,threshold_only_fixed_evaluation,test_minus_same_TPR,1000,-0.094653071495896857,-0.09527940959484435,-0.097178006343153989,-0.09272675706280209
CodeBERT_unfrozen_s2026,per_format,0.01,threshold_only_fixed_evaluation,same_period_FPR,1000,0.010036801605888258,0.010264168618266978,0.0093007694881231187,0.011375041820006692
CodeBERT_unfrozen_s2026,per_format,0.01,threshold_only_fixed_evaluation,test_FPR,1000,0.010913960495480416,0.011131503180448612,0.010043521928356211,0.012253096752594577
CodeBERT_unfrozen_s2026,per_format,0.01,threshold_only_fixed_evaluation,same_period_TPR,1000,0.78060445034872139,0.78208163400863495,0.76864828960478249,0.79621720358684822
CodeBERT_unfrozen_s2026,per_format,0.01,threshold_only_fixed_evaluation,test_TPR,1000,0.68881513441752407,0.6914598075008298,0.67626452041154994,0.70706936608031867
CodeBERT_unfrozen_s2026,per_format,0.01,threshold_only_fixed_evaluation,test_minus_same_FPR,1000,0.00087715888959215803,0.00086733456218163218,0.00054223929881051401,0.0011454341625128546
CodeBERT_unfrozen_s2026,per_format,0.01,threshold_only_fixed_evaluation,test_minus_same_TPR,1000,-0.091789315931197324,-0.090621826507805286,-0.094247245110664582,-0.085744974478466671
CodeBERT_unfrozen_s2026,per_format,0.050000000000000003,threshold_only_fixed_evaluation,same_period_FPR,1000,0.049247239879558383,0.049275008364001338,0.047172967547674804,0.051390097022415523
CodeBERT_unfrozen_s2026,per_format,0.050000000000000003,threshold_only_fixed_evaluation,test_FPR,1000,0.048008034817542684,0.047748510210913961,0.045262805490458656,0.049884499497823899
CodeBERT_unfrozen_s2026,per_format,0.050000000000000003,threshold_only_fixed_evaluation,same_period_TPR,1000,0.9206243772832946,0.92082623713052147,0.91816672201926275,0.92341414812354694
CodeBERT_unfrozen_s2026,per_format,0.050000000000000003,threshold_only_fixed_evaluation,test_TPR,1000,0.89173581148357117,0.89163372054430812,0.88874875539329568,0.89425821440424824
CodeBERT_unfrozen_s2026,per_format,0.050000000000000003,threshold_only_fixed_evaluation,test_minus_same_FPR,1000,-0.0012392050620156983,-0.0015264981530873777,-0.0023785517324263301,-0.00097128708623954397
CodeBERT_unfrozen_s2026,per_format,0.050000000000000003,threshold_only_fixed_evaluation,test_minus_same_TPR,1000,-0.028888565799723431,-0.029192516586213427,-0.030215369180137518,-0.028290140488305693
CodeBERT_unfrozen_s2026,pooled,0.001,threshold_only_fixed_evaluation,same_period_FPR,1000,0.0013382402141184342,0.0014862495817999331,0.0012044161927065907,0.0018066242890598862
CodeBERT_unfrozen_s2026,pooled,0.001,threshold_only_fixed_evaluation,test_FPR,1000,0.0017408771342484097,0.0018267157683294272,0.0013391362571141614,0.0022765316370940742
CodeBERT_unfrozen_s2026,pooled,0.001,threshold_only_fixed_evaluation,same_period_TPR,1000,0.49239455330455001,0.49490986383261371,0.45001660577881103,0.5345732314845566
CodeBERT_unfrozen_s2026,pooled,0.001,threshold_only_fixed_evaluation,test_TPR,1000,0.4177231994689678,0.4207499502157318,0.38712246929970129,0.45217391304347826
CodeBERT_unfrozen_s2026,pooled,0.001,threshold_only_fixed_evaluation,test_minus_same_FPR,1000,0.00040263692012997552,0.00034046618652949437,0.00013472006440757071,0.00046990734803418793
CodeBERT_unfrozen_s2026,pooled,0.001,threshold_only_fixed_evaluation,test_minus_same_TPR,1000,-0.07467135383558221,-0.074159913616881928,-0.08239931844107834,-0.062894136479109741
CodeBERT_unfrozen_s2026,pooled,0.0050000000000000001,threshold_only_fixed_evaluation,same_period_FPR,1000,0.0056875209100033458,0.0056716627634660422,0.0050853128136500499,0.0062228169956507189
CodeBERT_unfrozen_s2026,pooled,0.0050000000000000001,threshold_only_fixed_evaluation,test_FPR,1000,0.0055574154670237699,0.0054816873116839649,0.0048878473384666886,0.0060930699698694343
CodeBERT_unfrozen_s2026,pooled,0.0050000000000000001,threshold_only_fixed_evaluation,same_period_TPR,1000,0.6991697110594487,0.69925765526403183,0.68362670209232812,0.71511125871803383
CodeBERT_unfrozen_s2026,pooled,0.0050000000000000001,threshold_only_fixed_evaluation,test_TPR,1000,0.60318619316296052,0.60306551609691339,0.58858280783272487,0.6198473282442748
CodeBERT_unfrozen_s2026,pooled,0.0050000000000000001,threshold_only_fixed_evaluation,test_minus_same_FPR,1000,-0.00013010544297957592,-0.00018997545178207816,-0.00033277412783374986,-6.3148630123867865e-05
CodeBERT_unfrozen_s2026,pooled,0.0050000000000000001,threshold_only_fixed_evaluation,test_minus_same_TPR,1000,-0.09598351789648818,-0.096192139167118509,-0.097390506300440743,-0.094910342572862905
CodeBERT_unfrozen_s2026,pooled,0.01,threshold_only_fixed_evaluation,same_period_FPR,1000,0.010371361659417865,0.010256607561057209,0.0091000334560053537,0.011241217798594848
CodeBERT_unfrozen_s2026,pooled,0.01,threshold_only_fixed_evaluation,test_FPR,1000,0.01111483093404754,0.011067894208235689,0.0097087378640776691,0.011717442249748912
CodeBERT_unfrozen_s2026,pooled,0.01,threshold_only_fixed_evaluation,same_period_TPR,1000,0.78452341414812354,0.78443892394553294,0.77183659913649949,0.79548987047492525
CodeBERT_unfrozen_s2026,pooled,0.01,threshold_only_fixed_evaluation,test_TPR,1000,0.6911384002655161,0.6912175904414205,0.67706604712910723,0.70190175904414209
CodeBERT_unfrozen_s2026,pooled,0.01,threshold_only_fixed_evaluation,test_minus_same_FPR,1000,0.00074346927462967498,0.00081128664717847871,0.00047622445115406455,0.00094447411964615827
CodeBERT_unfrozen_s2026,pooled,0.01,threshold_only_fixed_evaluation,test_minus_same_TPR,1000,-0.093385013882607448,-0.093221333504112533,-0.094637529412840982,-0.092193718727758167
CodeBERT_unfrozen_s2026,pooled,0.050000000000000003,threshold_only_fixed_evaluation,same_period_FPR,1000,0.048377383740381398,0.048650117096018734,0.047106055536968887,0.05092004014720642
CodeBERT_unfrozen_s2026,pooled,0.050000000000000003,threshold_only_fixed_evaluation,test_FPR,1000,0.045731503180448607,0.045792099096083033,0.043789755607633075,0.04760629394040844
CodeBERT_unfrozen_s2026,pooled,0.050000000000000003,threshold_only_fixed_evaluation,same_period_TPR,1000,0.92142145466622383,0.92145672534041845,0.91843241448023916,0.92520757223513783
CodeBERT_unfrozen_s2026,pooled,0.050000000000000003,threshold_only_fixed_evaluation,test_TPR,1000,0.88689014271490207,0.88723113176236301,0.88204447394623298,0.89399269830733485
CodeBERT_unfrozen_s2026,pooled,0.050000000000000003,threshold_only_fixed_evaluation,test_minus_same_FPR,1000,-0.0026458805599327909,-0.0028580179999357089,-0.0033805238110545532,-0.0024441588805197215
CodeBERT_unfrozen_s2026,pooled,0.050000000000000003,threshold_only_fixed_evaluation,test_minus_same_TPR,1000,-0.034531311951321753,-0.034225593578055366,-0.036387984625021907,-0.031214784643496019
CodeBERT_unfrozen_s2026__format_platt,per_format,0.001,threshold_only_fixed_evaluation,same_period_FPR,1000,0.0012713282034125125,0.0014903312144529943,0.0010036801605888257,0.0021411843425894949
CodeBERT_unfrozen_s2026__format_platt,per_format,0.001,threshold_only_fixed_evaluation,test_FPR,1000,0.0017408771342484097,0.0018374288583863406,0.0014060930699698695,0.0023434884499497822
CodeBERT_unfrozen_s2026__format_platt,per_format,0.001,threshold_only_fixed_evaluation,same_period_TPR,1000,0.48854201262039187,0.49377363002324809,0.44467784789106612,0.54348555297243439
CodeBERT_unfrozen_s2026__format_platt,per_format,0.001,threshold_only_fixed_evaluation,test_TPR,1000,0.4138068370394955,0.41863942914039159,0.37939263192831063,0.46140391636242944
CodeBERT_unfrozen_s2026__format_platt,per_format,0.001,threshold_only_fixed_evaluation,test_minus_same_FPR,1000,0.00046954893083589726,0.00034709764393334646,6.8076866600367018e-05,0.00060337295224774054
CodeBERT_unfrozen_s2026__format_platt,per_format,0.001,threshold_only_fixed_evaluation,test_minus_same_TPR,1000,-0.074735175580896374,-0.075134200882856453,-0.081798583862710258,-0.064226051110525914
CodeBERT_unfrozen_s2026__format_platt,per_format,0.0050000000000000001,threshold_only_fixed_evaluation,same_period_FPR,1000,0.0052860488457678149,0.0054933422549347617,0.004817664770826363,0.0062897290063566409
CodeBERT_unfrozen_s2026__format_platt,per_format,0.0050000000000000001,threshold_only_fixed_evaluation,test_FPR,1000,0.0052895882156009377,0.0054242383662537657,0.0048208905256109805,0.0062269835955808504
CodeBERT_unfrozen_s2026__format_platt,per_format,0.0050000000000000001,threshold_only_fixed_evaluation,same_period_TPR,1000,0.69485220856858187,0.69563055463301227,0.6794951843241448,0.71365327133842571
CodeBERT_unfrozen_s2026__format_platt,per_format,0.0050000000000000001,threshold_only_fixed_evaluation,test_TPR,1000,0.60019913707268502,0.60035114503816789,0.58439926983073354,0.61825921008961171
CodeBERT_unfrozen_s2026__format_platt,per_format,0.0050000000000000001,threshold_only_fixed_evaluation,test_minus_same_FPR,1000,3.5393698331227796e-06,-6.9103888680994237e-05,-0.00033093219945065779,0.00020432132415441854
CodeBERT_unfrozen_s2026__format_platt,per_format,0.0050000000000000001,threshold_only_fixed_evaluation,test_minus_same_TPR,1000,-0.094653071495896857,-0.09527940959484435,-0.097178006343153989,-0.09272675706280209
CodeBERT_unfrozen_s2026__format_platt,per_format,0.01,threshold_only_fixed_evaluation,same_period_FPR,1000,0.010036801605888258,0.010264168618266978,0.0093007694881231187,0.011375041820006692
CodeBERT_unfrozen_s2026__format_platt,per_format,0.01,threshold_only_fixed_evaluation,test_FPR,1000,0.010913960495480416,0.011131503180448612,0.010043521928356211,0.012253096752594577
CodeBERT_unfrozen_s2026__format_platt,per_format,0.01,threshold_only_fixed_evaluation,same_period_TPR,1000,0.78060445034872139,0.78208163400863495,0.76864828960478249,0.79621720358684822
CodeBERT_unfrozen_s2026__format_platt,per_format,0.01,threshold_only_fixed_evaluation,test_TPR,1000,0.68881513441752407,0.6914598075008298,0.67626452041154994,0.70706936608031867
CodeBERT_unfrozen_s2026__format_platt,per_format,0.01,threshold_only_fixed_evaluation,test_minus_same_FPR,1000,0.00087715888959215803,0.00086733456218163218,0.00054223929881051401,0.0011454341625128546
CodeBERT_unfrozen_s2026__format_platt,per_format,0.01,threshold_only_fixed_evaluation,test_minus_same_TPR,1000,-0.091789315931197324,-0.090621826507805286,-0.094247245110664582,-0.085744974478466671
CodeBERT_unfrozen_s2026__format_platt,per_format,0.050000000000000003,threshold_only_fixed_evaluation,same_period_FPR,1000,0.049247239879558383,0.049275008364001338,0.047172967547674804,0.051390097022415523
CodeBERT_unfrozen_s2026__format_platt,per_format,0.050000000000000003,threshold_only_fixed_evaluation,test_FPR,1000,0.048008034817542684,0.047748510210913961,0.045262805490458656,0.049884499497823899
CodeBERT_unfrozen_s2026__format_platt,per_format,0.050000000000000003,threshold_only_fixed_evaluation,same_period_TPR,1000,0.9206243772832946,0.92082623713052147,0.91816672201926275,0.92341414812354694
CodeBERT_unfrozen_s2026__format_platt,per_format,0.050000000000000003,threshold_only_fixed_evaluation,test_TPR,1000,0.89173581148357117,0.89163372054430812,0.88874875539329568,0.89425821440424824
CodeBERT_unfrozen_s2026__format_platt,per_format,0.050000000000000003,threshold_only_fixed_evaluation,test_minus_same_FPR,1000,-0.0012392050620156983,-0.0015264981530873777,-0.0023785517324263301,-0.00097128708623954397
CodeBERT_unfrozen_s2026__format_platt,per_format,0.050000000000000003,threshold_only_fixed_evaluation,test_minus_same_TPR,1000,-0.028888565799723431,-0.029192516586213427,-0.030215369180137518,-0.028290140488305693
CodeBERT_unfrozen_s2026__format_platt,pooled,0.001,threshold_only_fixed_evaluation,same_period_FPR,1000,0.0016058882569421212,0.0016294412847106053,0.0013382402141184342,0.001873536299765808
CodeBERT_unfrozen_s2026__format_platt,pooled,0.001,threshold_only_fixed_evaluation,test_FPR,1000,0.001071309005691329,0.0011039169735520588,0.00087043856712420487,0.0014730498828255775
CodeBERT_unfrozen_s2026__format_platt,pooled,0.001,threshold_only_fixed_evaluation,same_period_TPR,1000,0.36286947857854535,0.35786901361673867,0.30647625373630022,0.39973430753902356
CodeBERT_unfrozen_s2026__format_platt,pooled,0.001,threshold_only_fixed_evaluation,test_TPR,1000,0.27952207102555593,0.27619402588781938,0.24128775307002986,0.31032193826750748
CodeBERT_unfrozen_s2026__format_platt,pooled,0.001,threshold_only_fixed_evaluation,test_minus_same_FPR,1000,-0.00053457925125079218,-0.00052552431115854682,-0.00066849287696220828,-0.00040048641694023042
CodeBERT_unfrozen_s2026__format_platt,pooled,0.001,threshold_only_fixed_evaluation,test_minus_same_TPR,1000,-0.083347407552989417,-0.081674987728919166,-0.089213364471878387,-0.065188500666270355
CodeBERT_unfrozen_s2026__format_platt,pooled,0.0050000000000000001,threshold_only_fixed_evaluation,same_period_FPR,1000,0.0054867848778855808,0.0054351957176313149,0.0047507527601204419,0.0060220809635329539
CodeBERT_unfrozen_s2026__format_platt,pooled,0.0050000000000000001,threshold_only_fixed_evaluation,test_FPR,1000,0.0055574154670237699,0.0054648141948443257,0.0047539337127552725,0.0061600267827251424
CodeBERT_unfrozen_s2026__format_platt,pooled,0.0050000000000000001,threshold_only_fixed_evaluation,same_period_TPR,1000,0.69060112919295913,0.68835802059116569,0.66522749916971102,0.70853537030886748
CodeBERT_unfrozen_s2026__format_platt,pooled,0.0050000000000000001,threshold_only_fixed_evaluation,test_TPR,1000,0.59561898440092931,0.59301228011948215,0.57006306007301688,0.61374045801526722
CodeBERT_unfrozen_s2026__format_platt,pooled,0.0050000000000000001,threshold_only_fixed_evaluation,test_minus_same_FPR,1000,7.06305891381891e-05,2.961847721301077e-05,-0.00013059826662722637,0.00020458901699939216
CodeBERT_unfrozen_s2026__format_platt,pooled,0.0050000000000000001,threshold_only_fixed_evaluation,test_minus_same_TPR,1000,-0.094982144792029821,-0.095345740471683468,-0.096770895255949951,-0.094518108896652131
CodeBERT_unfrozen_s2026__format_platt,pooled,0.01,threshold_only_fixed_evaluation,same_period_FPR,1000,0.010304449648711944,0.010284309133489461,0.0092338574774171959,0.011174305787888927
CodeBERT_unfrozen_s2026__format_platt,pooled,0.01,threshold_only_fixed_evaluation,test_FPR,1000,0.010980917308336124,0.011019082691663875,0.010244392366923335,0.01178439906260462
CodeBERT_unfrozen_s2026__format_platt,pooled,0.01,threshold_only_fixed_evaluation,same_period_TPR,1000,0.78286283626702091,0.78275463301228831,0.76964463633344404,0.79335768847558952
CodeBERT_unfrozen_s2026__format_platt,pooled,0.01,threshold_only_fixed_evaluation,test_TPR,1000,0.69080650514437436,0.69041606372386333,0.67666777298373715,0.70175904414205115
CodeBERT_unfrozen_s2026__format_platt,pooled,0.01,threshold_only_fixed_evaluation,test_minus_same_FPR,1000,0.00067646765962417997,0.00073477355817441596,0.00054286764896126737,0.0010106692959554985
CodeBERT_unfrozen_s2026__format_platt,pooled,0.01,threshold_only_fixed_evaluation,test_minus_same_TPR,1000,-0.092056331122646551,-0.092338569288425015,-0.093117778236079363,-0.091731226017932044
CodeBERT_unfrozen_s2026__format_platt,pooled,0.050000000000000003,threshold_only_fixed_evaluation,same_period_FPR,1000,0.048578119772499165,0.048647239879558386,0.046771495483439278,0.050719304115088661
CodeBERT_unfrozen_s2026__format_platt,pooled,0.050000000000000003,threshold_only_fixed_evaluation,test_FPR,1000,0.045262805490458656,0.045447070639437565,0.043655841981921663,0.047070639437562775
CodeBERT_unfrozen_s2026__format_platt,pooled,0.050000000000000003,threshold_only_fixed_evaluation,same_period_TPR,1000,0.92155430089671209,0.92179063434075059,0.91863168382597149,0.9250083028894055
CodeBERT_unfrozen_s2026__format_platt,pooled,0.050000000000000003,threshold_only_fixed_evaluation,test_TPR,1000,0.88695652173913042,0.88800179223365405,0.88144706272817785,0.89346166611350808
CodeBERT_unfrozen_s2026__format_platt,pooled,0.050000000000000003,threshold_only_fixed_evaluation,test_minus_same_FPR,1000,-0.0033153142820405088,-0.0032001692401208192,-0.0036492471054731107,-0.0027125685598897789
CodeBERT_unfrozen_s2026__format_platt,pooled,0.050000000000000003,threshold_only_fixed_evaluation,test_minus_same_TPR,1000,-0.034597779157581665,-0.033788842107096421,-0.03711819798254945,-0.031411482931871716
CodeBERT_unfrozen_s2026__fusion_ROC_AUC,per_format,0.001,threshold_only_fixed_evaluation,same_period_FPR,1000,0.0014720642355302777,0.0014739377718300435,0.0010705921712947475,0.0019404483104717297
CodeBERT_unfrozen_s2026__fusion_ROC_AUC,per_format,0.001,threshold_only_fixed_evaluation,test_FPR,1000,0.0014730498828255775,0.0016091730833612322,0.0011382658185470371,0.0021426180113826581
CodeBERT_unfrozen_s2026__fusion_ROC_AUC,per_format,0.001,threshold_only_fixed_evaluation,same_period_TPR,1000,0.80777150448356028,0.80501873131849877,0.77335934905347059,0.82870142809697767
CodeBERT_unfrozen_s2026__fusion_ROC_AUC,per_format,0.001,threshold_only_fixed_evaluation,test_TPR,1000,0.79986724195154335,0.79864420843013617,0.76681048788582806,0.82243942914039159
CodeBERT_unfrozen_s2026__fusion_ROC_AUC,per_format,0.001,threshold_only_fixed_evaluation,test_minus_same_FPR,1000,9.8564729529983068e-07,0.0001352353115311885,-0.0004003968126406578,0.0006036865672962449
CodeBERT_unfrozen_s2026__fusion_ROC_AUC,per_format,0.001,threshold_only_fixed_evaluation,test_minus_same_TPR,1000,-0.0079042625320169257,-0.0063745228883627571,-0.0085780443496096589,-0.004107187243411017
CodeBERT_unfrozen_s2026__fusion_ROC_AUC,per_format,0.0050000000000000001,threshold_only_fixed_evaluation,same_period_FPR,1000,0.0051522248243559719,0.0052148544663767138,0.004349280695884911,0.0060889929742388759
CodeBERT_unfrozen_s2026__fusion_ROC_AUC,per_format,0.0050000000000000001,threshold_only_fixed_evaluation,test_FPR,1000,0.0060930699698694343,0.006259926347505859,0.0054235018413123538,0.0072330097087378621
CodeBERT_unfrozen_s2026__fusion_ROC_AUC,per_format,0.0050000000000000001,threshold_only_fixed_evaluation,same_period_TPR,1000,0.91252075722351378,0.91298445699103281,0.90501494520092995,0.92128860843573568
CodeBERT_unfrozen_s2026__fusion_ROC_AUC,per_format,0.0050000000000000001,threshold_only_fixed_evaluation,test_TPR,1000,0.90394955194158644,0.90439754397610361,0.89439097245270494,0.91384002655160967
CodeBERT_unfrozen_s2026__fusion_ROC_AUC,per_format,0.0050000000000000001,threshold_only_fixed_evaluation,test_minus_same_FPR,1000,0.00094084514551346244,0.0010450718811291441,0.0006728834876412711,0.001476640775130954
CodeBERT_unfrozen_s2026__fusion_ROC_AUC,per_format,0.0050000000000000001,threshold_only_fixed_evaluation,test_minus_same_TPR,1000,-0.008571205281927341,-0.0085869130149293302,-0.0108233435032936,-0.0072494878001812977
CodeBERT_unfrozen_s2026__fusion_ROC_AUC,per_format,0.01,threshold_only_fixed_evaluation,same_period_FPR,1000,0.010103713616594179,0.010135898293743726,0.0092338574774171959,0.011375041820006692
CodeBERT_unfrozen_s2026__fusion_ROC_AUC,per_format,0.01,threshold_only_fixed_evaluation,test_FPR,1000,0.011918312688316036,0.011861667224640108,0.010713090056913292,0.013123535319718781
CodeBERT_unfrozen_s2026__fusion_ROC_AUC,per_format,0.01,threshold_only_fixed_evaluation,same_period_TPR,1000,0.94493523746263697,0.94493224842245105,0.94141315177681839,0.94812520757223517
CodeBERT_unfrozen_s2026__fusion_ROC_AUC,per_format,0.01,threshold_only_fixed_evaluation,test_TPR,1000,0.93614337869233322,0.93614988383670761,0.93275638898108193,0.93913043478260871
CodeBERT_unfrozen_s2026__fusion_ROC_AUC,per_format,0.01,threshold_only_fixed_evaluation,test_minus_same_FPR,1000,0.0018145990717218577,0.0017257689308963803,0.0012789893710259802,0.0020822930367490754
CodeBERT_unfrozen_s2026__fusion_ROC_AUC,per_format,0.01,threshold_only_fixed_evaluation,test_minus_same_TPR,1000,-0.008791858770303751,-0.0087823645857434129,-0.0093893747045213465,-0.0081297120206328261
CodeBERT_unfrozen_s2026__fusion_ROC_AUC,per_format,0.050000000000000003,threshold_only_fixed_evaluation,same_period_FPR,1000,0.051722984275677487,0.051913817330210769,0.049044831047172971,0.054601873536299764
CodeBERT_unfrozen_s2026__fusion_ROC_AUC,per_format,0.050000000000000003,threshold_only_fixed_evaluation,test_FPR,1000,0.051623702711750923,0.051672782055574157,0.048744559758955475,0.054235018413123538
CodeBERT_unfrozen_s2026__fusion_ROC_AUC,per_format,0.050000000000000003,threshold_only_fixed_evaluation,same_period_TPR,1000,0.98246429757555631,0.98242803055463312,0.98166722019262709,0.98312852872799739
CodeBERT_unfrozen_s2026__fusion_ROC_AUC,per_format,0.050000000000000003,threshold_only_fixed_evaluation,test_TPR,1000,0.98121473614337873,0.98128748755393291,0.98035180882841022,0.98214404248257547
CodeBERT_unfrozen_s2026__fusion_ROC_AUC,per_format,0.050000000000000003,threshold_only_fixed_evaluation,test_minus_same_FPR,1000,-9.9281563926564842e-05,-0.00024103527463661831,-0.0015048034064866537,0.00070483638086889613
CodeBERT_unfrozen_s2026__fusion_ROC_AUC,per_format,0.050000000000000003,threshold_only_fixed_evaluation,test_minus_same_TPR,1000,-0.0012495614321775816,-0.0011405430007000396,-0.0015813694735631462,-0.0007182646922562208
CodeBERT_unfrozen_s2026__fusion_ROC_AUC,pooled,0.001,threshold_only_fixed_evaluation,same_period_FPR,1000,0.001405152224824356,0.0014598193375710941,0.0013382402141184342,0.0016728002676480427
CodeBERT_unfrozen_s2026__fusion_ROC_AUC,pooled,0.001,threshold_only_fixed_evaluation,test_FPR,1000,0.0016069635085369936,0.0017063943756277201,0.0012721794442584534,0.0021426180113826581
CodeBERT_unfrozen_s2026__fusion_ROC_AUC,pooled,0.001,threshold_only_fixed_evaluation,same_period_TPR,1000,0.79887080704085023,0.80391736964463634,0.78253072069080043,0.82736632348057126
CodeBERT_unfrozen_s2026__fusion_ROC_AUC,pooled,0.001,threshold_only_fixed_evaluation,test_TPR,1000,0.79196813806837041,0.79716807168934611,0.77497510786591439,0.8191835380019914
CodeBERT_unfrozen_s2026__fusion_ROC_AUC,pooled,0.001,threshold_only_fixed_evaluation,test_minus_same_FPR,1000,0.00020181128371263768,0.00024657503805662606,8.9604299572721736e-07,0.00053672975444053685
CodeBERT_unfrozen_s2026__fusion_ROC_AUC,pooled,0.001,threshold_only_fixed_evaluation,test_minus_same_TPR,1000,-0.0069026689724798196,-0.0067492979552901582,-0.0081827854785798682,-0.0053052955624707243
CodeBERT_unfrozen_s2026__fusion_ROC_AUC,pooled,0.0050000000000000001,threshold_only_fixed_evaluation,same_period_FPR,1000,0.0053529608564737369,0.0052904650384744062,0.0046169287387085979,0.0060220809635329539
CodeBERT_unfrozen_s2026__fusion_ROC_AUC,pooled,0.0050000000000000001,threshold_only_fixed_evaluation,test_FPR,1000,0.0062269835955808504,0.0062274522932708413,0.0054235018413123538,0.006963508536993639
CodeBERT_unfrozen_s2026__fusion_ROC_AUC,pooled,0.0050000000000000001,threshold_only_fixed_evaluation,same_period_TPR,1000,0.91431418133510467,0.91365772168714721,0.90567917635337092,0.91989372301560945
CodeBERT_unfrozen_s2026__fusion_ROC_AUC,pooled,0.0050000000000000001,threshold_only_fixed_evaluation,test_TPR,1000,0.90547626949883842,0.90486405575838036,0.8950547626949884,0.91231330899435781
CodeBERT_unfrozen_s2026__fusion_ROC_AUC,pooled,0.0050000000000000001,threshold_only_fixed_evaluation,test_minus_same_FPR,1000,0.00087402273910711353,0.0009369872547964343,0.00067274908119191196,0.0012754500011928575
CodeBERT_unfrozen_s2026__fusion_ROC_AUC,pooled,0.0050000000000000001,threshold_only_fixed_evaluation,test_minus_same_TPR,1000,-0.0088379118362662545,-0.0087936659287667744,-0.010491920156020407,-0.0076468812275114484
CodeBERT_unfrozen_s2026__fusion_ROC_AUC,pooled,0.01,threshold_only_fixed_evaluation,same_period_FPR,1000,0.010371361659417865,0.010495550351288057,0.0089662094345935098,0.011642689862830378
CodeBERT_unfrozen_s2026__fusion_ROC_AUC,pooled,0.01,threshold_only_fixed_evaluation,test_FPR,1000,0.012453967191161701,0.012372882490793439,0.010845329762303315,0.01352527619685303
CodeBERT_unfrozen_s2026__fusion_ROC_AUC,pooled,0.01,threshold_only_fixed_evaluation,same_period_TPR,1000,0.94393889073397541,0.94403653271338428,0.93955330454998343,0.94792427764862175
CodeBERT_unfrozen_s2026__fusion_ROC_AUC,pooled,0.01,threshold_only_fixed_evaluation,test_TPR,1000,0.9346830401593097,0.93500789910388327,0.93149352804513774,0.93793561234649847
CodeBERT_unfrozen_s2026__fusion_ROC_AUC,pooled,0.01,threshold_only_fixed_evaluation,test_minus_same_FPR,1000,0.002082605531743836,0.0018773321395053821,0.0016806406438606546,0.002082605531743836
CodeBERT_unfrozen_s2026__fusion_ROC_AUC,pooled,0.01,threshold_only_fixed_evaluation,test_minus_same_TPR,1000,-0.0092558505746657138,-0.009028633609501081,-0.01005513250838308,-0.0080578094944050438
CodeBERT_unfrozen_s2026__fusion_ROC_AUC,pooled,0.050000000000000003,threshold_only_fixed_evaluation,same_period_FPR,1000,0.052191368350618939,0.052411174305787886,0.050180662428905988,0.054734024757443961
CodeBERT_unfrozen_s2026__fusion_ROC_AUC,pooled,0.050000000000000003,threshold_only_fixed_evaluation,test_FPR,1000,0.05135587546032809,0.051418480080348175,0.048876799464345498,0.053632407097422161
CodeBERT_unfrozen_s2026__fusion_ROC_AUC,pooled,0.050000000000000003,threshold_only_fixed_evaluation,same_period_TPR,1000,0.98292925938226505,0.98291179010295582,0.9821986051145799,0.98352706741946194
CodeBERT_unfrozen_s2026__fusion_ROC_AUC,pooled,0.050000000000000003,threshold_only_fixed_evaluation,test_TPR,1000,0.98134749419183542,0.98132724858944587,0.98061400597411219,0.98214404248257547
CodeBERT_unfrozen_s2026__fusion_ROC_AUC,pooled,0.050000000000000003,threshold_only_fixed_evaluation,test_minus_same_FPR,1000,-0.00083549289029084817,-0.00099269422543971368,-0.001442082076866376,-0.00076795364948791661
CodeBERT_unfrozen_s2026__fusion_ROC_AUC,pooled,0.050000000000000003,threshold_only_fixed_evaluation,test_minus_same_TPR,1000,-0.0015817651904296293,-0.0015845415135100635,-0.0017811668092091448,-0.0013165136396108279
CodeBERT_unfrozen_s2026__fusion_TPR_0.001,per_format,0.001,threshold_only_fixed_evaluation,same_period_FPR,1000,0.0011375041820006692,0.0012571428571428571,0.00093676814988290398,0.0017397122783539645
CodeBERT_unfrozen_s2026__fusion_TPR_0.001,per_format,0.001,threshold_only_fixed_evaluation,test_FPR,1000,0.0014730498828255775,0.0015387345162370272,0.0011382658185470371,0.00207566119852695
CodeBERT_unfrozen_s2026__fusion_TPR_0.001,per_format,0.001,threshold_only_fixed_evaluation,same_period_TPR,1000,0.79368980405181,0.79507578877449347,0.76545665891730319,0.82332281634008631
CodeBERT_unfrozen_s2026__fusion_TPR_0.001,per_format,0.001,threshold_only_fixed_evaluation,test_TPR,1000,0.76395618984400926,0.7666983073348822,0.73388649186856958,0.79973614337869237
CodeBERT_unfrozen_s2026__fusion_TPR_0.001,per_format,0.001,threshold_only_fixed_evaluation,test_minus_same_FPR,1000,0.00033554570082490833,0.00028159165909417001,-0.00013306350491922006,0.00073737618225872947
CodeBERT_unfrozen_s2026__fusion_TPR_0.001,per_format,0.001,threshold_only_fixed_evaluation,test_minus_same_TPR,1000,-0.02973361420780074,-0.028377481439611343,-0.032637232459849952,-0.0081687827231118268
CodeBERT_unfrozen_s2026__fusion_TPR_0.001,per_format,0.0050000000000000001,threshold_only_fixed_evaluation,same_period_FPR,1000,0.0050184008029441288,0.0051462696554031451,0.0042823686851789899,0.0060220809635329539
CodeBERT_unfrozen_s2026__fusion_TPR_0.001,per_format,0.0050000000000000001,threshold_only_fixed_evaluation,test_FPR,1000,0.0060261131570137263,0.006299832607967861,0.0053565450284566458,0.0072982926012721792
CodeBERT_unfrozen_s2026__fusion_TPR_0.001,per_format,0.0050000000000000001,threshold_only_fixed_evaluation,same_period_TPR,1000,0.91252075722351378,0.91347539023580204,0.90507638658253076,0.92181999335768849
CodeBERT_unfrozen_s2026__fusion_TPR_0.001,per_format,0.0050000000000000001,threshold_only_fixed_evaluation,test_TPR,1000,0.902887487553933,0.90454802522402933,0.89485396614669765,0.91390806505144373
CodeBERT_unfrozen_s2026__fusion_TPR_0.001,per_format,0.0050000000000000001,threshold_only_fixed_evaluation,test_minus_same_FPR,1000,0.0010077123540695974,0.001153562952564716,0.00073970365394013075,0.0016103247898247145
CodeBERT_unfrozen_s2026__fusion_TPR_0.001,per_format,0.0050000000000000001,threshold_only_fixed_evaluation,test_minus_same_TPR,1000,-0.0096332696695807796,-0.0089273650117728531,-0.010493494205283119,-0.0077786615576937142
CodeBERT_unfrozen_s2026__fusion_TPR_0.001,per_format,0.01,threshold_only_fixed_evaluation,same_period_FPR,1000,0.010103713616594179,0.010109802609568419,0.0091669454667112748,0.011375041820006692
CodeBERT_unfrozen_s2026__fusion_TPR_0.001,per_format,0.01,threshold_only_fixed_evaluation,test_FPR,1000,0.011918312688316036,0.011832541011047876,0.010646133244057584,0.013190492132574489
CodeBERT_unfrozen_s2026__fusion_TPR_0.001,per_format,0.01,threshold_only_fixed_evaluation,same_period_TPR,1000,0.94540019926934571,0.94504523414148123,0.94121554300896715,0.94839090003321158
CodeBERT_unfrozen_s2026__fusion_TPR_0.001,per_format,0.01,threshold_only_fixed_evaluation,test_TPR,1000,0.93627613674078991,0.93603604381015604,0.93262529040823094,0.93913209425821442
CodeBERT_unfrozen_s2026__fusion_TPR_0.001,per_format,0.01,threshold_only_fixed_evaluation,test_minus_same_FPR,1000,0.0018145990717218577,0.0017227384014794568,0.0013452741516348926,0.0020160978604397352
CodeBERT_unfrozen_s2026__fusion_TPR_0.001,per_format,0.01,threshold_only_fixed_evaluation,test_minus_same_TPR,1000,-0.0091240625285557986,-0.0090091903313252453,-0.0095893373814764284,-0.0083928350776658611
CodeBERT_unfrozen_s2026__fusion_TPR_0.001,per_format,0.050000000000000003,threshold_only_fixed_evaluation,same_period_FPR,1000,0.052325192372030781,0.052096286383405827,0.04911341585814654,0.054667112746738036
CodeBERT_unfrozen_s2026__fusion_TPR_0.001,per_format,0.050000000000000003,threshold_only_fixed_evaluation,test_FPR,1000,0.051288918647472377,0.051547639772346839,0.048742885838634085,0.054303649146300634
CodeBERT_unfrozen_s2026__fusion_TPR_0.001,per_format,0.050000000000000003,threshold_only_fixed_evaluation,same_period_TPR,1000,0.98253072069080039,0.98252985719030217,0.98173364330787116,0.98319661242112255
CodeBERT_unfrozen_s2026__fusion_TPR_0.001,per_format,0.050000000000000003,threshold_only_fixed_evaluation,test_TPR,1000,0.98141387321606377,0.98141261201460339,0.98048290740126121,0.98221042150680382
CodeBERT_unfrozen_s2026__fusion_TPR_0.001,per_format,0.050000000000000003,threshold_only_fixed_evaluation,test_minus_same_FPR,1000,-0.0010362737245584036,-0.00054864661105898506,-0.001638572545265012,0.00063492374618103354
CodeBERT_unfrozen_s2026__fusion_TPR_0.001,per_format,0.050000000000000003,threshold_only_fixed_evaluation,test_minus_same_TPR,1000,-0.0011168474747366153,-0.0011172451756988285,-0.0015147688919806557,-0.00071866151139821088
CodeBERT_unfrozen_s2026__fusion_TPR_0.001,pooled,0.001,threshold_only_fixed_evaluation,same_period_FPR,1000,0.0011375041820006692,0.0011667447306791567,0.0010705921712947475,0.0014720642355302777
CodeBERT_unfrozen_s2026__fusion_TPR_0.001,pooled,0.001,threshold_only_fixed_evaluation,test_FPR,1000,0.0016069635085369936,0.0016399732172748575,0.0012721794442584534,0.0021426180113826581
CodeBERT_unfrozen_s2026__fusion_TPR_0.001,pooled,0.001,threshold_only_fixed_evaluation,same_period_TPR,1000,0.79242776486217203,0.79214261042842915,0.77177017602125542,0.81713716373297907
CodeBERT_unfrozen_s2026__fusion_TPR_0.001,pooled,0.001,threshold_only_fixed_evaluation,test_TPR,1000,0.7632923996017259,0.76327480916030543,0.74165283770328572,0.78911384002655161
CodeBERT_unfrozen_s2026__fusion_TPR_0.001,pooled,0.001,threshold_only_fixed_evaluation,test_minus_same_FPR,1000,0.00046945932653632443,0.00047322848659570082,0.00020158727296370593,0.00073742098440851577
CodeBERT_unfrozen_s2026__fusion_TPR_0.001,pooled,0.001,threshold_only_fixed_evaluation,test_minus_same_TPR,1000,-0.029135365260446133,-0.028867801268123747,-0.031184958173609112,-0.027278516222682958
CodeBERT_unfrozen_s2026__fusion_TPR_0.001,pooled,0.0050000000000000001,threshold_only_fixed_evaluation,same_period_FPR,1000,0.0054867848778855808,0.0053543660086985611,0.0046838407494145199,0.0058882569421211109
CodeBERT_unfrozen_s2026__fusion_TPR_0.001,pooled,0.0050000000000000001,threshold_only_fixed_evaluation,test_FPR,1000,0.0060261131570137263,0.0061524606628724481,0.0054904586541680619,0.0070974221627050551
CodeBERT_unfrozen_s2026__fusion_TPR_0.001,pooled,0.0050000000000000001,threshold_only_fixed_evaluation,same_period_TPR,1000,0.91318498837595485,0.91361361673862507,0.90680836931252073,0.92102291597475927
CodeBERT_unfrozen_s2026__fusion_TPR_0.001,pooled,0.0050000000000000001,threshold_only_fixed_evaluation,test_TPR,1000,0.90428144706272817,0.90463810155990698,0.8970461334218387,0.91277796216395624
CodeBERT_unfrozen_s2026__fusion_TPR_0.001,pooled,0.0050000000000000001,threshold_only_fixed_evaluation,test_minus_same_FPR,1000,0.00053932827912814545,0.00079809465417388602,0.00053932827912814545,0.0012091652205839442
CodeBERT_unfrozen_s2026__fusion_TPR_0.001,pooled,0.0050000000000000001,threshold_only_fixed_evaluation,test_minus_same_TPR,1000,-0.0089035413132266816,-0.0089755151787179726,-0.0097642640774070477,-0.0081105643947630979
CodeBERT_unfrozen_s2026__fusion_TPR_0.001,pooled,0.01,threshold_only_fixed_evaluation,same_period_FPR,1000,0.010304449648711944,0.010481231180996989,0.0091669454667112748,0.011441953830712613
CodeBERT_unfrozen_s2026__fusion_TPR_0.001,pooled,0.01,threshold_only_fixed_evaluation,test_FPR,1000,0.012453967191161701,0.012376699029126215,0.01111483093404754,0.013458319383997322
CodeBERT_unfrozen_s2026__fusion_TPR_0.001,pooled,0.01,threshold_only_fixed_evaluation,same_period_TPR,1000,0.94420458319495182,0.94413078711391563,0.94028395881766857,0.94785785453337756
CodeBERT_unfrozen_s2026__fusion_TPR_0.001,pooled,0.01,threshold_only_fixed_evaluation,test_TPR,1000,0.93488217723199474,0.93502515765018257,0.93202787919017593,0.93733820112844346
CodeBERT_unfrozen_s2026__fusion_TPR_0.001,pooled,0.01,threshold_only_fixed_evaluation,test_minus_same_FPR,1000,0.0021495175424497571,0.0018954678481292247,0.0016805062374112955,0.0021495175424497571
CodeBERT_unfrozen_s2026__fusion_TPR_0.001,pooled,0.01,threshold_only_fixed_evaluation,test_minus_same_TPR,1000,-0.009322405962957081,-0.0091056294637330993,-0.01038671899241439,-0.0079261978123581489
CodeBERT_unfrozen_s2026__fusion_TPR_0.001,pooled,0.050000000000000003,threshold_only_fixed_evaluation,same_period_FPR,1000,0.051990632318501172,0.052292405486784869,0.050317832050853127,0.054936433589829373
CodeBERT_unfrozen_s2026__fusion_TPR_0.001,pooled,0.050000000000000003,threshold_only_fixed_evaluation,test_FPR,1000,0.050820220957482426,0.051181720790090389,0.048878473384666887,0.053364579845999328
CodeBERT_unfrozen_s2026__fusion_TPR_0.001,pooled,0.050000000000000003,threshold_only_fixed_evaluation,same_period_TPR,1000,0.98292925938226505,0.98286795084689471,0.9821986051145799,0.98359349053470613
CodeBERT_unfrozen_s2026__fusion_TPR_0.001,pooled,0.050000000000000003,threshold_only_fixed_evaluation,test_TPR,1000,0.98114835711915038,0.98132704945237292,0.98048456687686691,0.98221042150680382
CodeBERT_unfrozen_s2026__fusion_TPR_0.001,pooled,0.050000000000000003,threshold_only_fixed_evaluation,test_minus_same_FPR,1000,-0.0011704113610187458,-0.0011106846966944864,-0.0015740787305938142,-0.00070131045168071032
CodeBERT_unfrozen_s2026__fusion_TPR_0.001,pooled,0.050000000000000003,threshold_only_fixed_evaluation,test_minus_same_TPR,1000,-0.0017809022631146698,-0.0015409013945216648,-0.0017809022631146698,-0.0013163813665636459
CodeBERT_unfrozen_s2026__stack,per_format,0.001,threshold_only_fixed_evaluation,same_period_FPR,1000,0.001405152224824356,0.001419672131147541,0.0010036801605888257,0.0018082970893275327
CodeBERT_unfrozen_s2026__stack,per_format,0.001,threshold_only_fixed_evaluation,test_FPR,1000,0.0015400066956812856,0.0016200870438567124,0.001071309005691329,0.0021426180113826581
CodeBERT_unfrozen_s2026__stack,per_format,0.001,threshold_only_fixed_evaluation,same_period_TPR,1000,0.80896712055795417,0.80623772832945861,0.7741614081700432,0.83341746927930915
CodeBERT_unfrozen_s2026__stack,per_format,0.001,threshold_only_fixed_evaluation,test_TPR,1000,0.80278791901759039,0.79989439097245274,0.76800531032193831,0.82543146365748421
CodeBERT_unfrozen_s2026__stack,per_format,0.001,threshold_only_fixed_evaluation,test_minus_same_FPR,1000,0.00013485447085692963,0.00020041491270917142,-0.00033393282343259956,0.00067041936940302142
CodeBERT_unfrozen_s2026__stack,per_format,0.001,threshold_only_fixed_evaluation,test_minus_same_TPR,1000,-0.0061792015403637768,-0.006343337357005944,-0.0093559548168498236,-0.003775227088021027
CodeBERT_unfrozen_s2026__stack,per_format,0.0050000000000000001,threshold_only_fixed_evaluation,same_period_FPR,1000,0.0052860488457678149,0.0051797925727668113,0.0044161927065908329,0.0058882569421211109
CodeBERT_unfrozen_s2026__stack,per_format,0.0050000000000000001,threshold_only_fixed_evaluation,test_FPR,1000,0.0059591563441580182,0.00638627385336458,0.0052895882156009377,0.0075008369601606943
CodeBERT_unfrozen_s2026__stack,per_format,0.0050000000000000001,threshold_only_fixed_evaluation,same_period_TPR,1000,0.91491198937230156,0.91509312520757224,0.90634008635004981,0.92374626369976753
CodeBERT_unfrozen_s2026__stack,per_format,0.0050000000000000001,threshold_only_fixed_evaluation,test_TPR,1000,0.90428144706272817,0.90512625290408233,0.89591603053435109,0.91417358114835712
CodeBERT_unfrozen_s2026__stack,per_format,0.0050000000000000001,threshold_only_fixed_evaluation,test_minus_same_FPR,1000,0.00067310749839020328,0.0012064812805977682,0.00067256875253902211,0.0018117328541892752
CodeBERT_unfrozen_s2026__stack,per_format,0.0050000000000000001,threshold_only_fixed_evaluation,test_minus_same_TPR,1000,-0.010630542309573388,-0.009966872303489924,-0.010701531600637266,-0.0089741089839523204
CodeBERT_unfrozen_s2026__stack,per_format,0.01,threshold_only_fixed_evaluation,same_period_FPR,1000,0.010036801605888258,0.010163532954165272,0.0085647373703579797,0.011776513884242222
CodeBERT_unfrozen_s2026__stack,per_format,0.01,threshold_only_fixed_evaluation,test_FPR,1000,0.011315701372614664,0.011546233679276867,0.009976565115500503,0.013190492132574489
CodeBERT_unfrozen_s2026__stack,per_format,0.01,threshold_only_fixed_evaluation,same_period_TPR,1000,0.9451345068083693,0.94507997343075389,0.940484888741282,0.94952009299236129
CodeBERT_unfrozen_s2026__stack,per_format,0.01,threshold_only_fixed_evaluation,test_TPR,1000,0.93508131430467967,0.93573846664454052,0.93096581480252238,0.94065881181546629
CodeBERT_unfrozen_s2026__stack,per_format,0.01,threshold_only_fixed_evaluation,test_minus_same_FPR,1000,0.0012788997667264063,0.0013827007251115942,0.00087680047239386757,0.0018818706196798156
CodeBERT_unfrozen_s2026__stack,per_format,0.01,threshold_only_fixed_evaluation,test_minus_same_TPR,1000,-0.010053192503689634,-0.0093415067862135763,-0.010184233207082307,-0.0085924450264948694
CodeBERT_unfrozen_s2026__stack,per_format,0.050000000000000003,threshold_only_fixed_evaluation,same_period_FPR,1000,0.052726664436266307,0.052584074941451987,0.049580127132820347,0.055269320843091337
CodeBERT_unfrozen_s2026__stack,per_format,0.050000000000000003,threshold_only_fixed_evaluation,test_FPR,1000,0.050351523267492468,0.050848945430197516,0.048274188148644127,0.05376632072313358
CodeBERT_unfrozen_s2026__stack,per_format,0.050000000000000003,threshold_only_fixed_evaluation,same_period_TPR,1000,0.98299568249750913,0.9829981401527732,0.98226502822982398,0.98372633676519428
CodeBERT_unfrozen_s2026__stack,per_format,0.050000000000000003,threshold_only_fixed_evaluation,test_TPR,1000,0.98201128443411878,0.98185522734815778,0.9807500829737803,0.9827431131762363
CodeBERT_unfrozen_s2026__stack,per_format,0.050000000000000003,threshold_only_fixed_evaluation,test_minus_same_FPR,1000,-0.0023751411687738394,-0.0017351295112544682,-0.0027093450452126489,-0.00043157966891882942
CodeBERT_unfrozen_s2026__stack,per_format,0.050000000000000003,threshold_only_fixed_evaluation,test_minus_same_TPR,1000,-0.00098439806339034597,-0.0011429128046151942,-0.0015812812915316887,-0.00084952199276395893
CodeBERT_unfrozen_s2026__stack,pooled,0.001,threshold_only_fixed_evaluation,same_period_FPR,1000,0.0012044161927065907,0.0013130143860823015,0.0010705921712947475,0.0017397122783539645
CodeBERT_unfrozen_s2026__stack,pooled,0.001,threshold_only_fixed_evaluation,test_FPR,1000,0.0014730498828255775,0.0017231335788416473,0.0014060930699698695,0.0022095748242383661
CodeBERT_unfrozen_s2026__stack,pooled,0.001,threshold_only_fixed_evaluation,same_period_TPR,1000,0.7989372301560943,0.80478611756891394,0.7846562603786118,0.83341082696778479
CodeBERT_unfrozen_s2026__stack,pooled,0.001,threshold_only_fixed_evaluation,test_TPR,1000,0.79289744440756715,0.79837437769664787,0.77862595419847325,0.82555592432791236
CodeBERT_unfrozen_s2026__stack,pooled,0.001,threshold_only_fixed_evaluation,test_minus_same_FPR,1000,0.00026863369011898681,0.00041011919275934535,0.00026858888796920028,0.00067050897370259403
CodeBERT_unfrozen_s2026__stack,pooled,0.001,threshold_only_fixed_evaluation,test_minus_same_TPR,1000,-0.0060397857485271489,-0.0064117398722661235,-0.0079878811434078711,-0.0053813305191507954
CodeBERT_unfrozen_s2026__stack,pooled,0.0050000000000000001,threshold_only_fixed_evaluation,same_period_FPR,1000,0.0054198728671796589,0.0053421211107393778,0.0045500167280026768,0.0058882569421211109
CodeBERT_unfrozen_s2026__stack,pooled,0.0050000000000000001,threshold_only_fixed_evaluation,test_FPR,1000,0.0060930699698694343,0.0060685637763642454,0.0052895882156009377,0.007030465349849347
CodeBERT_unfrozen_s2026__stack,pooled,0.0050000000000000001,threshold_only_fixed_evaluation,same_period_TPR,1000,0.91497841248754563,0.91442696778478905,0.90627698439056792,0.92055795416805053
CodeBERT_unfrozen_s2026__stack,pooled,0.0050000000000000001,threshold_only_fixed_evaluation,test_TPR,1000,0.90554264852306676,0.90491344175240629,0.89551941586458683,0.91125124460670426
CodeBERT_unfrozen_s2026__stack,pooled,0.0050000000000000001,threshold_only_fixed_evaluation,test_minus_same_FPR,1000,0.00067319710268977546,0.00072644266562486729,0.000538969861929855,0.0010083843863163931
CodeBERT_unfrozen_s2026__stack,pooled,0.0050000000000000001,threshold_only_fixed_evaluation,test_minus_same_TPR,1000,-0.0094357639644788716,-0.0095135260323828651,-0.010562273985319741,-0.0090383275484083869
CodeBERT_unfrozen_s2026__stack,pooled,0.01,threshold_only_fixed_evaluation,same_period_FPR,1000,0.010371361659417865,0.010345265975242554,0.0090966878554700585,0.011375041820006692
CodeBERT_unfrozen_s2026__stack,pooled,0.01,threshold_only_fixed_evaluation,test_FPR,1000,0.012186139939738869,0.012144559758955474,0.011047874121191832,0.013056578506863073
CodeBERT_unfrozen_s2026__stack,pooled,0.01,threshold_only_fixed_evaluation,same_period_TPR,1000,0.94493523746263697,0.94468920624377284,0.93941547658585189,0.9480571238791099
CodeBERT_unfrozen_s2026__stack,pooled,0.01,threshold_only_fixed_evaluation,test_TPR,1000,0.93494855625622308,0.93466458679057429,0.93009293063391973,0.93793561234649847
CodeBERT_unfrozen_s2026__stack,pooled,0.01,threshold_only_fixed_evaluation,test_minus_same_FPR,1000,0.0018147782803210038,0.0017992937837129179,0.0015468614245985977,0.0019493639382792138
CodeBERT_unfrozen_s2026__stack,pooled,0.01,threshold_only_fixed_evaluation,test_minus_same_TPR,1000,-0.0099866812064138832,-0.010024619453198651,-0.010651926452217464,-0.0093879472578860534
CodeBERT_unfrozen_s2026__stack,pooled,0.050000000000000003,threshold_only_fixed_evaluation,same_period_FPR,1000,0.052793576446972232,0.05257390431582469,0.049447975911676142,0.054934760789561728
CodeBERT_unfrozen_s2026__stack,pooled,0.050000000000000003,threshold_only_fixed_evaluation,test_FPR,1000,0.04988282557750251,0.049828188818212257,0.047137596250418481,0.051958486776029461
CodeBERT_unfrozen_s2026__stack,pooled,0.050000000000000003,threshold_only_fixed_evaluation,same_period_TPR,1000,0.98286283626702098,0.98281514447027574,0.98206409830621055,0.98372633676519428
CodeBERT_unfrozen_s2026__stack,pooled,0.050000000000000003,threshold_only_fixed_evaluation,test_TPR,1000,0.98181214736143374,0.98163113176236316,0.98041818785263857,0.98247593760371721
CodeBERT_unfrozen_s2026__stack,pooled,0.050000000000000003,threshold_only_fixed_evaluation,test_minus_same_FPR,1000,-0.0029107508694697221,-0.0027457154976124375,-0.0031114869015874888,-0.0022432436398028138
CodeBERT_unfrozen_s2026__stack,pooled,0.050000000000000003,threshold_only_fixed_evaluation,test_minus_same_TPR,1000,-0.0010506889055872382,-0.0011840127079125943,-0.0017140382377129892,-0.00091793085713054445
CodeBERT_unfrozen_s2027,per_format,0.001,threshold_only_fixed_evaluation,same_period_FPR,1000,0.0010036801605888257,0.00097597858815657408,0.00066912010705921711,0.0014068250250920025
CodeBERT_unfrozen_s2027,per_format,0.001,threshold_only_fixed_evaluation,test_FPR,1000,0.0016069635085369936,0.0015385336457984602,0.00093739537997991292,0.0021426180113826581
CodeBERT_unfrozen_s2027,per_format,0.001,threshold_only_fixed_evaluation,same_period_TPR,1000,0.51072733311192298,0.49655742278312853,0.41306376619063434,0.5608120225838592
CodeBERT_unfrozen_s2027,per_format,0.001,threshold_only_fixed_evaluation,test_TPR,1000,0.43703949551941584,0.42344108861599739,0.34986558247593758,0.47242117490872887
CodeBERT_unfrozen_s2027,per_format,0.001,threshold_only_fixed_evaluation,test_minus_same_FPR,1000,0.00060328334794816792,0.0005625550576418858,0.00013436052715553505,0.0010048909386868019
CodeBERT_unfrozen_s2027,per_format,0.001,threshold_only_fixed_evaluation,test_minus_same_TPR,1000,-0.073687837592507133,-0.073116334167131189,-0.095173660732640594,-0.046146404438289823
CodeBERT_unfrozen_s2027,per_format,0.0050000000000000001,threshold_only_fixed_evaluation,same_period_FPR,1000,0.0045500167280026768,0.0048114419538307128,0.0042823686851789899,0.0055553696888591486
CodeBERT_unfrozen_s2027,per_format,0.0050000000000000001,threshold_only_fixed_evaluation,test_FPR,1000,0.0058921995313023102,0.0058808168731168406,0.0052226314027452297,0.0065634415801807816
CodeBERT_unfrozen_s2027,per_format,0.0050000000000000001,threshold_only_fixed_evaluation,same_period_TPR,1000,0.70826967784789108,0.70973696446363344,0.69059780803719695,0.72733643307871132
CodeBERT_unfrozen_s2027,per_format,0.0050000000000000001,threshold_only_fixed_evaluation,test_TPR,1000,0.60962495851310983,0.61087334882177236,0.59096747427812812,0.6298075008297378
CodeBERT_unfrozen_s2027,per_format,0.0050000000000000001,threshold_only_fixed_evaluation,test_minus_same_FPR,1000,0.0013421828032996333,0.0010693749192861271,0.00073787180604074139,0.0013423631319525241
CodeBERT_unfrozen_s2027,per_format,0.0050000000000000001,threshold_only_fixed_evaluation,test_minus_same_TPR,1000,-0.09864471933478125,-0.098863615641861025,-0.10023968096622818,-0.097460346469406489
CodeBERT_unfrozen_s2027,per_format,0.01,threshold_only_fixed_evaluation,same_period_FPR,1000,0.0092338574774171959,0.0092196052191368342,0.0082970893275342919,0.010304449648711944
CodeBERT_unfrozen_s2027,per_format,0.01,threshold_only_fixed_evaluation,test_FPR,1000,0.0097756946769333771,0.009949983260796786,0.0089052561098091725,0.011382658185470372
CodeBERT_unfrozen_s2027,per_format,0.01,threshold_only_fixed_evaluation,same_period_TPR,1000,0.78472268349385588,0.78433782796413154,0.77177017602125542,0.79634838923945528
CodeBERT_unfrozen_s2027,per_format,0.01,threshold_only_fixed_evaluation,test_TPR,1000,0.69120477928974444,0.69199083969465647,0.6782492532359774,0.70748423498174573
CodeBERT_unfrozen_s2027,per_format,0.01,threshold_only_fixed_evaluation,test_minus_same_FPR,1000,0.00054183719951618123,0.00073037804165995105,0.00040720673940818249,0.0011468695113866338
CodeBERT_unfrozen_s2027,per_format,0.01,threshold_only_fixed_evaluation,test_minus_same_TPR,1000,-0.093517904204111435,-0.09234698826947503,-0.095316760879981796,-0.086684355614764952
CodeBERT_unfrozen_s2027,per_format,0.050000000000000003,threshold_only_fixed_evaluation,same_period_FPR,1000,0.050853128136500503,0.050734827701572435,0.048042823686851789,0.053196721311475403
CodeBERT_unfrozen_s2027,per_format,0.050000000000000003,threshold_only_fixed_evaluation,test_FPR,1000,0.047405423501841314,0.047551791094743889,0.045597589554737195,0.049548041513223971
CodeBERT_unfrozen_s2027,per_format,0.050000000000000003,threshold_only_fixed_evaluation,same_period_TPR,1000,0.92580538027233472,0.92521102623713047,0.92208402524078381,0.9281966124211225
CodeBERT_unfrozen_s2027,per_format,0.050000000000000003,threshold_only_fixed_evaluation,test_TPR,1000,0.8922004646531696,0.89231417192167273,0.88695652173913042,0.89744606704281449
CodeBERT_unfrozen_s2027,per_format,0.050000000000000003,threshold_only_fixed_evaluation,test_minus_same_FPR,1000,-0.0034477046346591891,-0.0031830366068285416,-0.003849016531209234,-0.002311006891354675
CodeBERT_unfrozen_s2027,per_format,0.050000000000000003,threshold_only_fixed_evaluation,test_minus_same_TPR,1000,-0.033604915619165121,-0.032896854315457774,-0.036326212009665237,-0.029489246366597256
CodeBERT_unfrozen_s2027,pooled,0.001,threshold_only_fixed_evaluation,same_period_FPR,1000,0.0010705921712947475,0.0010859819337571096,0.00066912010705921711,0.0015389762462361995
CodeBERT_unfrozen_s2027,pooled,0.001,threshold_only_fixed_evaluation,test_FPR,1000,0.0014060930699698695,0.0013028456645463678,0.00073652494141278877,0.0017408771342484097
CodeBERT_unfrozen_s2027,pooled,0.001,threshold_only_fixed_evaluation,same_period_TPR,1000,0.49584855529724342,0.49560491531052808,0.4150780471604118,0.55543008967120555
CodeBERT_unfrozen_s2027,pooled,0.001,threshold_only_fixed_evaluation,test_TPR,1000,0.41028874875539328,0.40844161964819126,0.33733820112844343,0.45927646863591104
CodeBERT_unfrozen_s2027,pooled,0.001,threshold_only_fixed_evaluation,test_minus_same_FPR,1000,0.00033550089867512203,0.00021686373078925818,6.7404834353571659e-05,0.00033550089867512203
CodeBERT_unfrozen_s2027,pooled,0.001,threshold_only_fixed_evaluation,test_minus_same_TPR,1000,-0.085559806541850136,-0.087163295662336868,-0.096549778811908071,-0.079439511700818671
CodeBERT_unfrozen_s2027,pooled,0.0050000000000000001,threshold_only_fixed_evaluation,same_period_FPR,1000,0.004817664770826363,0.0048440281030444959,0.004148544663767146,0.0056206088992974239
CodeBERT_unfrozen_s2027,pooled,0.0050000000000000001,threshold_only_fixed_evaluation,test_FPR,1000,0.0058921995313023102,0.0058591228657515907,0.0054235018413123538,0.0062939404084365585
CodeBERT_unfrozen_s2027,pooled,0.0050000000000000001,threshold_only_fixed_evaluation,same_period_TPR,1000,0.69936898040518103,0.70141082696778467,0.68867485885088009,0.72002656924609765
CodeBERT_unfrozen_s2027,pooled,0.0050000000000000001,threshold_only_fixed_evaluation,test_TPR,1000,0.60073016926651179,0.60259276468635903,0.58838367076003983,0.62051111848655827
CodeBERT_unfrozen_s2027,pooled,0.0050000000000000001,threshold_only_fixed_evaluation,test_minus_same_FPR,1000,0.0010745347604759472,0.0010150947627070939,0.00053928347697835936,0.0013420483968502751
CodeBERT_unfrozen_s2027,pooled,0.0050000000000000001,threshold_only_fixed_evaluation,test_minus_same_TPR,1000,-0.098638811138669236,-0.098818062281425686,-0.10029273127639193,-0.098239258353842063
CodeBERT_unfrozen_s2027,pooled,0.01,threshold_only_fixed_evaluation,same_period_FPR,1000,0.0090331214452994309,0.0089724322515891599,0.0083640013382402147,0.0099698895951823348
CodeBERT_unfrozen_s2027,pooled,0.01,threshold_only_fixed_evaluation,test_FPR,1000,0.0099096083026447949,0.0097540006695681289,0.0090391697355205886,0.010512219618346167
CodeBERT_unfrozen_s2027,pooled,0.01,threshold_only_fixed_evaluation,same_period_TPR,1000,0.78306210561275325,0.78182404516771842,0.77050813683161745,0.79263533709730982
CodeBERT_unfrozen_s2027,pooled,0.01,threshold_only_fixed_evaluation,test_TPR,1000,0.68755393295718548,0.68717829405907727,0.67620311981413872,0.69871058745436443
CodeBERT_unfrozen_s2027,pooled,0.01,threshold_only_fixed_evaluation,test_minus_same_FPR,1000,0.00087648685734536408,0.00078156841797896834,0.00054134437586853164,0.0010104452852065654
CodeBERT_unfrozen_s2027,pooled,0.01,threshold_only_fixed_evaluation,test_minus_same_TPR,1000,-0.095508172655567769,-0.094645751108641041,-0.095574375315732985,-0.093376857044691675
CodeBERT_unfrozen_s2027,pooled,0.050000000000000003,threshold_only_fixed_evaluation,same_period_FPR,1000,0.050184008029441285,0.049972432251589163,0.047704918032786883,0.052459016393442623
CodeBERT_unfrozen_s2027,pooled,0.050000000000000003,threshold_only_fixed_evaluation,test_FPR,1000,0.047539337127552726,0.047326213592233012,0.045597589554737195,0.049146300636089719
CodeBERT_unfrozen_s2027,pooled,0.050000000000000003,threshold_only_fixed_evaluation,same_period_TPR,1000,0.92726668880770513,0.92703287944204582,0.92361341746927927,0.9302557289936898
CodeBERT_unfrozen_s2027,pooled,0.050000000000000003,threshold_only_fixed_evaluation,test_TPR,1000,0.88383670760039823,0.88415373382011286,0.87945403252572185,0.890341851974776
CodeBERT_unfrozen_s2027,pooled,0.050000000000000003,threshold_only_fixed_evaluation,test_minus_same_FPR,1000,-0.0026446709018885586,-0.0026462186593561505,-0.003245938153096338,-0.0021072847959536555
CodeBERT_unfrozen_s2027,pooled,0.050000000000000003,threshold_only_fixed_evaluation,test_minus_same_TPR,1000,-0.0434299812073069,-0.042879145621932992,-0.044357038904699775,-0.039913877018913801
CodeBERT_unfrozen_s2027__format_platt,per_format,0.001,threshold_only_fixed_evaluation,same_period_FPR,1000,0.0010036801605888257,0.00097597858815657408,0.00066912010705921711,0.0014068250250920025
CodeBERT_unfrozen_s2027__format_platt,per_format,0.001,threshold_only_fixed_evaluation,test_FPR,1000,0.0016069635085369936,0.0015385336457984602,0.00093739537997991292,0.0021426180113826581
CodeBERT_unfrozen_s2027__format_platt,per_format,0.001,threshold_only_fixed_evaluation,same_period_TPR,1000,0.51072733311192298,0.49655742278312853,0.41306376619063434,0.5608120225838592
CodeBERT_unfrozen_s2027__format_platt,per_format,0.001,threshold_only_fixed_evaluation,test_TPR,1000,0.43703949551941584,0.42344108861599739,0.34986558247593758,0.47242117490872887
CodeBERT_unfrozen_s2027__format_platt,per_format,0.001,threshold_only_fixed_evaluation,test_minus_same_FPR,1000,0.00060328334794816792,0.0005625550576418858,0.00013436052715553505,0.0010048909386868019
CodeBERT_unfrozen_s2027__format_platt,per_format,0.001,threshold_only_fixed_evaluation,test_minus_same_TPR,1000,-0.073687837592507133,-0.073116334167131189,-0.095173660732640594,-0.046146404438289823
CodeBERT_unfrozen_s2027__format_platt,per_format,0.0050000000000000001,threshold_only_fixed_evaluation,same_period_FPR,1000,0.0045500167280026768,0.0048114419538307128,0.0042823686851789899,0.0055553696888591486
CodeBERT_unfrozen_s2027__format_platt,per_format,0.0050000000000000001,threshold_only_fixed_evaluation,test_FPR,1000,0.0058921995313023102,0.0058808168731168406,0.0052226314027452297,0.0065634415801807816
CodeBERT_unfrozen_s2027__format_platt,per_format,0.0050000000000000001,threshold_only_fixed_evaluation,same_period_TPR,1000,0.70826967784789108,0.70973696446363344,0.69059780803719695,0.72733643307871132
CodeBERT_unfrozen_s2027__format_platt,per_format,0.0050000000000000001,threshold_only_fixed_evaluation,test_TPR,1000,0.60962495851310983,0.61087334882177236,0.59096747427812812,0.6298075008297378
CodeBERT_unfrozen_s2027__format_platt,per_format,0.0050000000000000001,threshold_only_fixed_evaluation,test_minus_same_FPR,1000,0.0013421828032996333,0.0010693749192861271,0.00073787180604074139,0.0013423631319525241
CodeBERT_unfrozen_s2027__format_platt,per_format,0.0050000000000000001,threshold_only_fixed_evaluation,test_minus_same_TPR,1000,-0.09864471933478125,-0.098863615641861025,-0.10023968096622818,-0.097460346469406489
CodeBERT_unfrozen_s2027__format_platt,per_format,0.01,threshold_only_fixed_evaluation,same_period_FPR,1000,0.0092338574774171959,0.0092196052191368342,0.0082970893275342919,0.010304449648711944
CodeBERT_unfrozen_s2027__format_platt,per_format,0.01,threshold_only_fixed_evaluation,test_FPR,1000,0.0097756946769333771,0.009949983260796786,0.0089052561098091725,0.011382658185470372
CodeBERT_unfrozen_s2027__format_platt,per_format,0.01,threshold_only_fixed_evaluation,same_period_TPR,1000,0.78472268349385588,0.78433782796413154,0.77177017602125542,0.79634838923945528
CodeBERT_unfrozen_s2027__format_platt,per_format,0.01,threshold_only_fixed_evaluation,test_TPR,1000,0.69120477928974444,0.69199083969465647,0.6782492532359774,0.70748423498174573
CodeBERT_unfrozen_s2027__format_platt,per_format,0.01,threshold_only_fixed_evaluation,test_minus_same_FPR,1000,0.00054183719951618123,0.00073037804165995105,0.00040720673940818249,0.0011468695113866338
CodeBERT_unfrozen_s2027__format_platt,per_format,0.01,threshold_only_fixed_evaluation,test_minus_same_TPR,1000,-0.093517904204111435,-0.09234698826947503,-0.095316760879981796,-0.086684355614764952
CodeBERT_unfrozen_s2027__format_platt,per_format,0.050000000000000003,threshold_only_fixed_evaluation,same_period_FPR,1000,0.050853128136500503,0.050734827701572435,0.048042823686851789,0.053196721311475403
CodeBERT_unfrozen_s2027__format_platt,per_format,0.050000000000000003,threshold_only_fixed_evaluation,test_FPR,1000,0.047405423501841314,0.047551791094743889,0.045597589554737195,0.049548041513223971
CodeBERT_unfrozen_s2027__format_platt,per_format,0.050000000000000003,threshold_only_fixed_evaluation,same_period_TPR,1000,0.92580538027233472,0.92521102623713047,0.92208402524078381,0.9281966124211225
CodeBERT_unfrozen_s2027__format_platt,per_format,0.050000000000000003,threshold_only_fixed_evaluation,test_TPR,1000,0.8922004646531696,0.89231417192167273,0.88695652173913042,0.89744606704281449
CodeBERT_unfrozen_s2027__format_platt,per_format,0.050000000000000003,threshold_only_fixed_evaluation,test_minus_same_FPR,1000,-0.0034477046346591891,-0.0031830366068285416,-0.003849016531209234,-0.002311006891354675
CodeBERT_unfrozen_s2027__format_platt,per_format,0.050000000000000003,threshold_only_fixed_evaluation,test_minus_same_TPR,1000,-0.033604915619165121,-0.032896854315457774,-0.036326212009665237,-0.029489246366597256
CodeBERT_unfrozen_s2027__format_platt,pooled,0.001,threshold_only_fixed_evaluation,same_period_FPR,1000,0.00046838407494145199,0.00055075276012044158,0.00020073603211776515,0.0012713282034125125
CodeBERT_unfrozen_s2027__format_platt,pooled,0.001,threshold_only_fixed_evaluation,test_FPR,1000,0.0015400066956812856,0.001568128557080683,0.0012721794442584534,0.00207566119852695
CodeBERT_unfrozen_s2027__format_platt,pooled,0.001,threshold_only_fixed_evaluation,same_period_TPR,1000,0.39063434075058118,0.39215636001328463,0.24244437064098306,0.54075058120225838
CodeBERT_unfrozen_s2027__format_platt,pooled,0.001,threshold_only_fixed_evaluation,test_TPR,1000,0.36408894789246599,0.35821008961168271,0.22117490872884168,0.47036176568204446
CodeBERT_unfrozen_s2027__format_platt,pooled,0.001,threshold_only_fixed_evaluation,test_minus_same_FPR,1000,0.0010716226207398336,0.0010173757969602413,0.00080419858866507838,0.0010717570271891927
CodeBERT_unfrozen_s2027__format_platt,pooled,0.001,threshold_only_fixed_evaluation,test_minus_same_TPR,1000,-0.026545392858115191,-0.033946270401601912,-0.070388815520213921,-0.012943623132924631
CodeBERT_unfrozen_s2027__format_platt,pooled,0.0050000000000000001,threshold_only_fixed_evaluation,same_period_FPR,1000,0.0047507527601204419,0.0048017397122783537,0.004349280695884911,0.0052860488457678149
CodeBERT_unfrozen_s2027__format_platt,pooled,0.0050000000000000001,threshold_only_fixed_evaluation,test_FPR,1000,0.0057582859055908941,0.0057740877134248416,0.0054235018413123538,0.0061600267827251424
CodeBERT_unfrozen_s2027__format_platt,pooled,0.0050000000000000001,threshold_only_fixed_evaluation,same_period_TPR,1000,0.71072733311192293,0.71041381600797082,0.69531717037529062,0.72343905679176346
CodeBERT_unfrozen_s2027__format_platt,pooled,0.0050000000000000001,threshold_only_fixed_evaluation,test_TPR,1000,0.61261201460338532,0.61192399601725855,0.59541984732824427,0.62504978426817126
CodeBERT_unfrozen_s2027__format_platt,pooled,0.0050000000000000001,threshold_only_fixed_evaluation,test_minus_same_FPR,1000,0.0010075331454704522,0.00097234800114648725,0.00080688671765226025,0.0011413571668822961
CodeBERT_unfrozen_s2027__format_platt,pooled,0.0050000000000000001,threshold_only_fixed_evaluation,test_minus_same_TPR,1000,-0.098115318508537608,-0.098489819990712241,-0.099830899931802275,-0.097716471179962738
CodeBERT_unfrozen_s2027__format_platt,pooled,0.01,threshold_only_fixed_evaluation,same_period_FPR,1000,0.0089662094345935098,0.0090592840414854461,0.0082970893275342919,0.010304449648711944
CodeBERT_unfrozen_s2027__format_platt,pooled,0.01,threshold_only_fixed_evaluation,test_FPR,1000,0.0099096083026447949,0.0098878473384666887,0.0093069969869434208,0.010512219618346167
CodeBERT_unfrozen_s2027__format_platt,pooled,0.01,threshold_only_fixed_evaluation,same_period_TPR,1000,0.78432414480239121,0.78486230488209885,0.77608767851212224,0.79501826635669215
CodeBERT_unfrozen_s2027__format_platt,pooled,0.01,threshold_only_fixed_evaluation,test_TPR,1000,0.6891470295386658,0.68977776302688354,0.68044971788914699,0.70089611682708264
CodeBERT_unfrozen_s2027__format_platt,pooled,0.01,threshold_only_fixed_evaluation,test_minus_same_FPR,1000,0.00094339886805128517,0.0008285632969812427,0.00027468198034014471,0.0010103108787572063
CodeBERT_unfrozen_s2027__format_platt,pooled,0.01,threshold_only_fixed_evaluation,test_minus_same_TPR,1000,-0.095177115263725409,-0.095084541855215476,-0.095709734734119589,-0.094122149529609511
CodeBERT_unfrozen_s2027__format_platt,pooled,0.050000000000000003,threshold_only_fixed_evaluation,same_period_FPR,1000,0.049849447975911676,0.049882703245232522,0.047373703579792571,0.052259953161592501
CodeBERT_unfrozen_s2027__format_platt,pooled,0.050000000000000003,threshold_only_fixed_evaluation,test_FPR,1000,0.047204553063274188,0.047253163709407429,0.045463675929025775,0.049146300636089719
CodeBERT_unfrozen_s2027__format_platt,pooled,0.050000000000000003,threshold_only_fixed_evaluation,same_period_TPR,1000,0.9270674194619728,0.92694447027565596,0.92381268681501161,0.9308535370308868
CodeBERT_unfrozen_s2027__format_platt,pooled,0.050000000000000003,threshold_only_fixed_evaluation,test_TPR,1000,0.88377032857616988,0.88403484898771989,0.87879024228343838,0.89167441088615995
CodeBERT_unfrozen_s2027__format_platt,pooled,0.050000000000000003,threshold_only_fixed_evaluation,test_minus_same_FPR,1000,-0.0026448949126374882,-0.0026295395358250859,-0.0031788469337912656,-0.0019752679812588192
CodeBERT_unfrozen_s2027__format_platt,pooled,0.050000000000000003,threshold_only_fixed_evaluation,test_minus_same_TPR,1000,-0.043297090885802914,-0.042909621287936045,-0.045020609794179781,-0.039182449505039844
CodeBERT_unfrozen_s2027__fusion_ROC_AUC,per_format,0.001,threshold_only_fixed_evaluation,same_period_FPR,1000,0.0013382402141184342,0.0013553027768484441,0.0010705921712947475,0.0018082970893275327
CodeBERT_unfrozen_s2027__fusion_ROC_AUC,per_format,0.001,threshold_only_fixed_evaluation,test_FPR,1000,0.0016069635085369936,0.0015675929025778372,0.001004352192835621,0.00207566119852695
CodeBERT_unfrozen_s2027__fusion_ROC_AUC,per_format,0.001,threshold_only_fixed_evaluation,same_period_TPR,1000,0.79966788442377945,0.79930209232813021,0.76552474261042847,0.82670375290601128
CodeBERT_unfrozen_s2027__fusion_ROC_AUC,per_format,0.001,threshold_only_fixed_evaluation,test_TPR,1000,0.76256223033521409,0.76469930302024569,0.72908396946564891,0.79974444075672091
CodeBERT_unfrozen_s2027__fusion_ROC_AUC,per_format,0.001,threshold_only_fixed_evaluation,test_minus_same_FPR,1000,0.00026872329441855942,0.000212290125729393,-0.0003335788864492873,0.00060355216084688598
CodeBERT_unfrozen_s2027__fusion_ROC_AUC,per_format,0.001,threshold_only_fixed_evaluation,test_minus_same_TPR,1000,-0.037105654088565365,-0.034602789307884588,-0.03960468987316447,-0.0076450657799374631
CodeBERT_unfrozen_s2027__fusion_ROC_AUC,per_format,0.0050000000000000001,threshold_only_fixed_evaluation,same_period_FPR,1000,0.0049514887922382069,0.0051826697892271663,0.0042823686851789899,0.0060906657745065226
CodeBERT_unfrozen_s2027__fusion_ROC_AUC,per_format,0.0050000000000000001,threshold_only_fixed_evaluation,test_FPR,1000,0.0060261131570137263,0.0063558085035152331,0.0054235018413123538,0.0073652494141278873
CodeBERT_unfrozen_s2027__fusion_ROC_AUC,per_format,0.0050000000000000001,threshold_only_fixed_evaluation,same_period_TPR,1000,0.91285287279973426,0.91408050481567582,0.9052125539687812,0.92248422451012957
CodeBERT_unfrozen_s2027__fusion_ROC_AUC,per_format,0.0050000000000000001,threshold_only_fixed_evaluation,test_TPR,1000,0.90355127779621636,0.90492910720212416,0.8950547626949884,0.91410720212412877
CodeBERT_unfrozen_s2027__fusion_ROC_AUC,per_format,0.0050000000000000001,threshold_only_fixed_evaluation,test_minus_same_FPR,1000,0.0010746243647755194,0.0011731387142880664,0.00074006095108467734,0.0015436804719637662
CodeBERT_unfrozen_s2027__fusion_ROC_AUC,per_format,0.0050000000000000001,threshold_only_fixed_evaluation,test_minus_same_TPR,1000,-0.009301595003517904,-0.0091513976135517219,-0.010698835986161139,-0.0080447805992475748
CodeBERT_unfrozen_s2027__fusion_ROC_AUC,per_format,0.01,threshold_only_fixed_evaluation,same_period_FPR,1000,0.010103713616594179,0.010101104048176648,0.0091669454667112748,0.011308129809300769
CodeBERT_unfrozen_s2027__fusion_ROC_AUC,per_format,0.01,threshold_only_fixed_evaluation,test_FPR,1000,0.01178439906260462,0.011773619015734852,0.010646133244057584,0.013056578506863073
CodeBERT_unfrozen_s2027__fusion_ROC_AUC,per_format,0.01,threshold_only_fixed_evaluation,same_period_TPR,1000,0.9451345068083693,0.94502650282298239,0.94141481235469948,0.94818997010959816
CodeBERT_unfrozen_s2027__fusion_ROC_AUC,per_format,0.01,threshold_only_fixed_evaluation,test_TPR,1000,0.93634251576501826,0.93600597411218067,0.93249253235977436,0.93913043478260871
CodeBERT_unfrozen_s2027__fusion_ROC_AUC,per_format,0.01,threshold_only_fixed_evaluation,test_minus_same_FPR,1000,0.0016806854460104416,0.0016725149675582036,0.0012120762402663128,0.0020823826410486476
CodeBERT_unfrozen_s2027__fusion_ROC_AUC,per_format,0.01,threshold_only_fixed_evaluation,test_minus_same_TPR,1000,-0.008791991043351044,-0.0090205287108018478,-0.0096536044460498842,-0.00839190916633481
CodeBERT_unfrozen_s2027__fusion_ROC_AUC,per_format,0.050000000000000003,threshold_only_fixed_evaluation,same_period_FPR,1000,0.052191368350618939,0.052022348611575779,0.04911341585814654,0.054734024757443961
CodeBERT_unfrozen_s2027__fusion_ROC_AUC,per_format,0.050000000000000003,threshold_only_fixed_evaluation,test_FPR,1000,0.051556745898895209,0.051564847673250751,0.048742885838634085,0.05437060595915634
CodeBERT_unfrozen_s2027__fusion_ROC_AUC,per_format,0.050000000000000003,threshold_only_fixed_evaluation,same_period_TPR,1000,0.98272999003653272,0.98256127532381266,0.98173364330787116,0.98326137495848553
CodeBERT_unfrozen_s2027__fusion_ROC_AUC,per_format,0.050000000000000003,threshold_only_fixed_evaluation,test_TPR,1000,0.98134749419183542,0.98138167938931287,0.98041818785263857,0.98221208098240953
CodeBERT_unfrozen_s2027__fusion_ROC_AUC,per_format,0.050000000000000003,threshold_only_fixed_evaluation,test_minus_same_FPR,1000,-0.00063462245172372922,-0.00045750093832502478,-0.0016393789839611668,0.00063747970882635312
CodeBERT_unfrozen_s2027__fusion_ROC_AUC,per_format,0.050000000000000003,threshold_only_fixed_evaluation,test_minus_same_TPR,1000,-0.0013824958446972957,-0.0011795959344997001,-0.0015152538931539894,-0.00071892164839111041
CodeBERT_unfrozen_s2027__fusion_ROC_AUC,pooled,0.001,threshold_only_fixed_evaluation,same_period_FPR,1000,0.0012713282034125125,0.0013107393777183004,0.0010705921712947475,0.0016058882569421212
CodeBERT_unfrozen_s2027__fusion_ROC_AUC,pooled,0.001,threshold_only_fixed_evaluation,test_FPR,1000,0.0018078339471041178,0.001738600602611316,0.0012052226314027451,0.0020087043856712419
CodeBERT_unfrozen_s2027__fusion_ROC_AUC,pooled,0.001,threshold_only_fixed_evaluation,same_period_TPR,1000,0.80557954168050483,0.80248302889405521,0.77376286947857853,0.82776486217203582
CodeBERT_unfrozen_s2027__fusion_ROC_AUC,pooled,0.001,threshold_only_fixed_evaluation,test_TPR,1000,0.76827082641885169,0.76528065051443739,0.73501493528045136,0.79130434782608694
CodeBERT_unfrozen_s2027__fusion_ROC_AUC,pooled,0.001,threshold_only_fixed_evaluation,test_minus_same_FPR,1000,0.00053650574369160531,0.00042786122489301526,0.00013463046010799766,0.00053664015014096423
CodeBERT_unfrozen_s2027__fusion_ROC_AUC,pooled,0.001,threshold_only_fixed_evaluation,test_minus_same_TPR,1000,-0.037308715261653136,-0.037202378379617686,-0.038747934198127165,-0.036310252164235002
CodeBERT_unfrozen_s2027__fusion_ROC_AUC,pooled,0.0050000000000000001,threshold_only_fixed_evaluation,same_period_FPR,1000,0.0054198728671796589,0.0053432586149213786,0.0046169287387085979,0.0058882569421211109
CodeBERT_unfrozen_s2027__fusion_ROC_AUC,pooled,0.0050000000000000001,threshold_only_fixed_evaluation,test_FPR,1000,0.0060261131570137263,0.006202879142952796,0.0052226314027452297,0.007030465349849347
CodeBERT_unfrozen_s2027__fusion_ROC_AUC,pooled,0.0050000000000000001,threshold_only_fixed_evaluation,same_period_TPR,1000,0.91338425772168719,0.91429830621056118,0.90634340750581199,0.92082364662902694
CodeBERT_unfrozen_s2027__fusion_ROC_AUC,pooled,0.0050000000000000001,threshold_only_fixed_evaluation,test_TPR,1000,0.90448058413541321,0.9052811815466314,0.89571855293727187,0.91251244606704285
CodeBERT_unfrozen_s2027__fusion_ROC_AUC,pooled,0.0050000000000000001,threshold_only_fixed_evaluation,test_minus_same_FPR,1000,0.00060624028983406741,0.00085962052803141716,0.00060622684918913152,0.0011422084077282362
CodeBERT_unfrozen_s2027__fusion_ROC_AUC,pooled,0.0050000000000000001,threshold_only_fixed_evaluation,test_minus_same_TPR,1000,-0.0089036735862739746,-0.0090171246639300148,-0.010624810477524393,-0.0079780708924011012
CodeBERT_unfrozen_s2027__fusion_ROC_AUC,pooled,0.01,threshold_only_fixed_evaluation,same_period_FPR,1000,0.010304449648711944,0.010461559049849446,0.0089662094345935098,0.011508865841418534
CodeBERT_unfrozen_s2027__fusion_ROC_AUC,pooled,0.01,threshold_only_fixed_evaluation,test_FPR,1000,0.012520924004017409,0.012380314697020422,0.010913960495480416,0.013324405758285906
CodeBERT_unfrozen_s2027__fusion_ROC_AUC,pooled,0.01,threshold_only_fixed_evaluation,same_period_TPR,1000,0.94420458319495182,0.94406748588508804,0.93928927266688811,0.94759216207240116
CodeBERT_unfrozen_s2027__fusion_ROC_AUC,pooled,0.01,threshold_only_fixed_evaluation,test_TPR,1000,0.93494855625622308,0.93503916362429473,0.93063391968138065,0.93740458015267181
CodeBERT_unfrozen_s2027__fusion_ROC_AUC,pooled,0.01,threshold_only_fixed_evaluation,test_minus_same_FPR,1000,0.0022164743553054651,0.0019187556471709742,0.0016145350718508884,0.0022164743553054651
CodeBERT_unfrozen_s2027__fusion_ROC_AUC,pooled,0.01,threshold_only_fixed_evaluation,test_minus_same_TPR,1000,-0.0092560269387287342,-0.0090283222607932829,-0.010055639555064297,-0.0077933074908541622
CodeBERT_unfrozen_s2027__fusion_ROC_AUC,pooled,0.050000000000000003,threshold_only_fixed_evaluation,same_period_FPR,1000,0.052124456339913014,0.052407761793241886,0.05011709601873536,0.054934760789561728
CodeBERT_unfrozen_s2027__fusion_ROC_AUC,pooled,0.050000000000000003,threshold_only_fixed_evaluation,test_FPR,1000,0.051088048208905258,0.051280883829929694,0.048675929025778372,0.053498493471710748
CodeBERT_unfrozen_s2027__fusion_ROC_AUC,pooled,0.050000000000000003,threshold_only_fixed_evaluation,same_period_TPR,1000,0.98299568249750913,0.98295921620724014,0.98226502822982398,0.9836599136499502
CodeBERT_unfrozen_s2027__fusion_ROC_AUC,pooled,0.050000000000000003,threshold_only_fixed_evaluation,test_TPR,1000,0.98134749419183542,0.98140769996681032,0.98048456687686691,0.98207766345834713
CodeBERT_unfrozen_s2027__fusion_ROC_AUC,pooled,0.050000000000000003,threshold_only_fixed_evaluation,test_minus_same_FPR,1000,-0.0010364081310077558,-0.001126877963312192,-0.0016404531155022953,-0.00096864487945589467
CodeBERT_unfrozen_s2027__fusion_ROC_AUC,pooled,0.050000000000000003,threshold_only_fixed_evaluation,test_minus_same_TPR,1000,-0.0016481883056737034,-0.0015515162404296267,-0.0017809463541303971,-0.0013829808458707404
CodeBERT_unfrozen_s2027__fusion_TPR_0.001,per_format,0.001,threshold_only_fixed_evaluation,same_period_FPR,1000,0.0013382402141184342,0.0013370357979257278,0.0010036801605888257,0.0016728002676480427
CodeBERT_unfrozen_s2027__fusion_TPR_0.001,per_format,0.001,threshold_only_fixed_evaluation,test_FPR,1000,0.0016069635085369936,0.001543555406762638,0.00093739537997991292,0.00207566119852695
CodeBERT_unfrozen_s2027__fusion_TPR_0.001,per_format,0.001,threshold_only_fixed_evaluation,same_period_TPR,1000,0.798073729657921,0.79828156758551971,0.7657240119561608,0.8228512122218532
CodeBERT_unfrozen_s2027__fusion_TPR_0.001,per_format,0.001,threshold_only_fixed_evaluation,test_TPR,1000,0.75824759376037176,0.75965874543644218,0.72444573514769328,0.78785595751742454
CodeBERT_unfrozen_s2027__fusion_TPR_0.001,per_format,0.001,threshold_only_fixed_evaluation,test_minus_same_FPR,1000,0.00026872329441855942,0.00020651960883691039,-0.00026706561487646434,0.00060341887445127169
CodeBERT_unfrozen_s2027__fusion_TPR_0.001,per_format,0.001,threshold_only_fixed_evaluation,test_minus_same_TPR,1000,-0.039826135897549242,-0.038622822149077675,-0.042555077670182268,-0.033136402832274613
CodeBERT_unfrozen_s2027__fusion_TPR_0.001,per_format,0.0050000000000000001,threshold_only_fixed_evaluation,same_period_FPR,1000,0.0052860488457678149,0.0052495817999330882,0.004349280695884911,0.0060889929742388759
CodeBERT_unfrozen_s2027__fusion_TPR_0.001,per_format,0.0050000000000000001,threshold_only_fixed_evaluation,test_FPR,1000,0.0062269835955808504,0.0063472380314697026,0.0052895882156009377,0.0074322062269835953
CodeBERT_unfrozen_s2027__fusion_TPR_0.001,per_format,0.0050000000000000001,threshold_only_fixed_evaluation,same_period_TPR,1000,0.91451345068083689,0.91396227167054134,0.90361839920292264,0.92248422451012957
CodeBERT_unfrozen_s2027__fusion_TPR_0.001,per_format,0.0050000000000000001,threshold_only_fixed_evaluation,test_TPR,1000,0.90527713242615337,0.90453255891138407,0.89419183538001989,0.91337703285761696
CodeBERT_unfrozen_s2027__fusion_TPR_0.001,per_format,0.0050000000000000001,threshold_only_fixed_evaluation,test_minus_same_FPR,1000,0.00094093474981303549,0.0010976562315366141,0.00060587963252828759,0.0015438596805629123
CodeBERT_unfrozen_s2027__fusion_TPR_0.001,per_format,0.0050000000000000001,threshold_only_fixed_evaluation,test_minus_same_TPR,1000,-0.0092363182546835176,-0.0094297127591573427,-0.010366898978554478,-0.0082408974373530119
CodeBERT_unfrozen_s2027__fusion_TPR_0.001,per_format,0.01,threshold_only_fixed_evaluation,same_period_FPR,1000,0.0101706256273001,0.010086249581799933,0.0091000334560053537,0.011242890598862494
CodeBERT_unfrozen_s2027__fusion_TPR_0.001,per_format,0.01,threshold_only_fixed_evaluation,test_FPR,1000,0.011583528624037496,0.01167706729159692,0.010579176431201875,0.012989621694007365
CodeBERT_unfrozen_s2027__fusion_TPR_0.001,per_format,0.01,threshold_only_fixed_evaluation,same_period_TPR,1000,0.94520092992361338,0.94507233477250085,0.94141481235469948,0.94825639322484223
CodeBERT_unfrozen_s2027__fusion_TPR_0.001,per_format,0.01,threshold_only_fixed_evaluation,test_TPR,1000,0.93581148357119148,0.93582170594092273,0.93235977431131767,0.93906405575838037
CodeBERT_unfrozen_s2027__fusion_TPR_0.001,per_format,0.01,threshold_only_fixed_evaluation,test_minus_same_FPR,1000,0.0014129029967373963,0.0015908177097969873,0.0011455584884785118,0.0019491410475840272
CodeBERT_unfrozen_s2027__fusion_TPR_0.001,per_format,0.01,threshold_only_fixed_evaluation,test_minus_same_TPR,1000,-0.009389446352421893,-0.0092506288315781626,-0.0098541480221377344,-0.0086542314202939542
CodeBERT_unfrozen_s2027__fusion_TPR_0.001,per_format,0.050000000000000003,threshold_only_fixed_evaluation,same_period_FPR,1000,0.052057544329207089,0.052217597858815655,0.049180327868852458,0.054869521579123448
CodeBERT_unfrozen_s2027__fusion_TPR_0.001,per_format,0.050000000000000003,threshold_only_fixed_evaluation,test_FPR,1000,0.051757616337462335,0.05159779042517576,0.048610646133244055,0.05450284566454637
CodeBERT_unfrozen_s2027__fusion_TPR_0.001,per_format,0.050000000000000003,threshold_only_fixed_evaluation,same_period_TPR,1000,0.98272999003653272,0.98270063101959482,0.9819329126536035,0.98332779807372961
CodeBERT_unfrozen_s2027__fusion_TPR_0.001,per_format,0.050000000000000003,threshold_only_fixed_evaluation,test_TPR,1000,0.98148025224029212,0.98151622967142382,0.98048456687686691,0.98240955857948886
CodeBERT_unfrozen_s2027__fusion_TPR_0.001,per_format,0.050000000000000003,threshold_only_fixed_evaluation,test_minus_same_FPR,1000,-0.00029992799174475421,-0.00061980743363989612,-0.0018389501601844831,0.0006377429214563413
CodeBERT_unfrozen_s2027__fusion_TPR_0.001,per_format,0.050000000000000003,threshold_only_fixed_evaluation,test_minus_same_TPR,1000,-0.001249737796240602,-0.0011844013481709854,-0.0015816329173823362,-0.00071892385294189951
CodeBERT_unfrozen_s2027__fusion_TPR_0.001,pooled,0.001,threshold_only_fixed_evaluation,same_period_FPR,1000,0.0012044161927065907,0.0012614921378387423,0.0010036801605888257,0.0016058882569421212
CodeBERT_unfrozen_s2027__fusion_TPR_0.001,pooled,0.001,threshold_only_fixed_evaluation,test_FPR,1000,0.0018078339471041178,0.0017185805155674591,0.0012052226314027451,0.0020087043856712419
CodeBERT_unfrozen_s2027__fusion_TPR_0.001,pooled,0.001,threshold_only_fixed_evaluation,same_period_TPR,1000,0.80411823314513453,0.80173869146462973,0.77203586848223182,0.82676851544337426
CodeBERT_unfrozen_s2027__fusion_TPR_0.001,pooled,0.001,threshold_only_fixed_evaluation,test_TPR,1000,0.76448722203783603,0.76168204447394627,0.73030202456023896,0.78619316296050445
CodeBERT_unfrozen_s2027__fusion_TPR_0.001,pooled,0.001,threshold_only_fixed_evaluation,test_minus_same_FPR,1000,0.00060341775439752706,0.00045708837772871698,0.0002015424708139194,0.00060341775439752706
CodeBERT_unfrozen_s2027__fusion_TPR_0.001,pooled,0.001,threshold_only_fixed_evaluation,test_minus_same_TPR,1000,-0.039631011107298497,-0.040056646990683467,-0.041733843921992864,-0.03909702481541566
CodeBERT_unfrozen_s2027__fusion_TPR_0.001,pooled,0.0050000000000000001,threshold_only_fixed_evaluation,same_period_FPR,1000,0.0054198728671796589,0.0053913683506189363,0.0044161927065908329,0.0059551689528270328
CodeBERT_unfrozen_s2027__fusion_TPR_0.001,pooled,0.0050000000000000001,threshold_only_fixed_evaluation,test_FPR,1000,0.0059591563441580182,0.0061094743890190827,0.0054235018413123538,0.0070974221627050551
CodeBERT_unfrozen_s2027__fusion_TPR_0.001,pooled,0.0050000000000000001,threshold_only_fixed_evaluation,same_period_TPR,1000,0.91378279641315174,0.91461414812354702,0.90727333111922948,0.92314845566257053
CodeBERT_unfrozen_s2027__fusion_TPR_0.001,pooled,0.0050000000000000001,threshold_only_fixed_evaluation,test_TPR,1000,0.90467972120809825,0.90522635247261862,0.89664785927646862,0.91344175240623959
CodeBERT_unfrozen_s2027__fusion_TPR_0.001,pooled,0.0050000000000000001,threshold_only_fixed_evaluation,test_minus_same_FPR,1000,0.00053928347697835936,0.0007181060384001466,0.00047219225767329218,0.0012091204184341581
CodeBERT_unfrozen_s2027__fusion_TPR_0.001,pooled,0.0050000000000000001,threshold_only_fixed_evaluation,test_minus_same_TPR,1000,-0.0091030752050534902,-0.0093877956509283537,-0.010758185800201825,-0.0087748837292358495
CodeBERT_unfrozen_s2027__fusion_TPR_0.001,pooled,0.01,threshold_only_fixed_evaluation,same_period_FPR,1000,0.010371361659417865,0.010429441284710605,0.0091000334560053537,0.011575777852124457
CodeBERT_unfrozen_s2027__fusion_TPR_0.001,pooled,0.01,threshold_only_fixed_evaluation,test_FPR,1000,0.012453967191161701,0.012383193839973217,0.011248744559758956,0.013257448945430197
CodeBERT_unfrozen_s2027__fusion_TPR_0.001,pooled,0.01,threshold_only_fixed_evaluation,same_period_TPR,1000,0.94427100631019589,0.94414420458319492,0.94008635004981733,0.94732646961142475
CodeBERT_unfrozen_s2027__fusion_TPR_0.001,pooled,0.01,threshold_only_fixed_evaluation,test_TPR,1000,0.93534683040159305,0.93509246598075013,0.93123133089943577,0.93747095917690015
CodeBERT_unfrozen_s2027__fusion_TPR_0.001,pooled,0.01,threshold_only_fixed_evaluation,test_minus_same_FPR,1000,0.002082605531743836,0.0019537525552626119,0.0016144454675513144,0.0022178604218144791
CodeBERT_unfrozen_s2027__fusion_TPR_0.001,pooled,0.01,threshold_only_fixed_evaluation,test_minus_same_TPR,1000,-0.0089241759086028383,-0.0090517386024448546,-0.0099217571857056486,-0.0083911155280511629
CodeBERT_unfrozen_s2027__fusion_TPR_0.001,pooled,0.050000000000000003,threshold_only_fixed_evaluation,same_period_FPR,1000,0.052392104382736698,0.052481833389093346,0.049976580796252924,0.055202408832385412
CodeBERT_unfrozen_s2027__fusion_TPR_0.001,pooled,0.050000000000000003,threshold_only_fixed_evaluation,test_FPR,1000,0.051088048208905258,0.051108470036826247,0.048341144961499834,0.053364579845999328
CodeBERT_unfrozen_s2027__fusion_TPR_0.001,pooled,0.050000000000000003,threshold_only_fixed_evaluation,same_period_TPR,1000,0.98292925938226505,0.98297595483228151,0.9821986051145799,0.9836599136499502
CodeBERT_unfrozen_s2027__fusion_TPR_0.001,pooled,0.050000000000000003,threshold_only_fixed_evaluation,test_TPR,1000,0.98148025224029212,0.98145449717889144,0.98041818785263857,0.98240955857948886
CodeBERT_unfrozen_s2027__fusion_TPR_0.001,pooled,0.050000000000000003,threshold_only_fixed_evaluation,test_minus_same_FPR,1000,-0.0013040561738314402,-0.0013733633522670962,-0.0018379185906856541,-0.0011698289330715275
CodeBERT_unfrozen_s2027__fusion_TPR_0.001,pooled,0.050000000000000003,threshold_only_fixed_evaluation,test_minus_same_TPR,1000,-0.0014490071419729356,-0.001521457653390149,-0.0017804172619413361,-0.0013160727294532215
CodeBERT_unfrozen_s2027__stack,per_format,0.001,threshold_only_fixed_evaluation,same_period_FPR,1000,0.0013382402141184342,0.0014115757778521245,0.0010036801605888257,0.0018066242890598862
CodeBERT_unfrozen_s2027__stack,per_format,0.001,threshold_only_fixed_evaluation,test_FPR,1000,0.0016739203213927017,0.0016157348510210917,0.001071309005691329,0.00207566119852695
CodeBERT_unfrozen_s2027__stack,per_format,0.001,threshold_only_fixed_evaluation,same_period_TPR,1000,0.80797077382929261,0.80733304549983398,0.77529060112919301,0.83381600797077382
CodeBERT_unfrozen_s2027__stack,per_format,0.001,threshold_only_fixed_evaluation,test_TPR,1000,0.80305343511450378,0.80083703949551932,0.76840192499170257,0.8261566544971789
CodeBERT_unfrozen_s2027__stack,per_format,0.001,threshold_only_fixed_evaluation,test_minus_same_FPR,1000,0.00033568010727426747,0.00020415907316896693,-0.00026698161084561482,0.00060346255654731337
CodeBERT_unfrozen_s2027__stack,per_format,0.001,threshold_only_fixed_evaluation,test_minus_same_TPR,1000,-0.0049173387147888326,-0.0064960060043145265,-0.0093550592180921648,-0.0043154428892930429
CodeBERT_unfrozen_s2027__stack,per_format,0.0050000000000000001,threshold_only_fixed_evaluation,same_period_FPR,1000,0.0056206088992974239,0.005469053195048511,0.0044831047172967549,0.0062228169956507189
CodeBERT_unfrozen_s2027__stack,per_format,0.0050000000000000001,threshold_only_fixed_evaluation,test_FPR,1000,0.0067626380984265148,0.0066070974221627051,0.0053565450284566458,0.0076330766655507195
CodeBERT_unfrozen_s2027__stack,per_format,0.0050000000000000001,threshold_only_fixed_evaluation,same_period_TPR,1000,0.91750249086682167,0.91699780803719688,0.90760544669545007,0.92520757223513783
CodeBERT_unfrozen_s2027__stack,per_format,0.0050000000000000001,threshold_only_fixed_evaluation,test_TPR,1000,0.90673747095917689,0.90640146033853308,0.89697643544639893,0.91516926651178232
CodeBERT_unfrozen_s2027__stack,per_format,0.0050000000000000001,threshold_only_fixed_evaluation,test_minus_same_FPR,1000,0.001142029199129091,0.0011380442271141939,0.00060578666806748065,0.0016106820869692612
CodeBERT_unfrozen_s2027__stack,per_format,0.0050000000000000001,threshold_only_fixed_evaluation,test_minus_same_TPR,1000,-0.010765019907644779,-0.010596347698663923,-0.011626187991084438,-0.0095679025341641934
CodeBERT_unfrozen_s2027__stack,per_format,0.01,threshold_only_fixed_evaluation,same_period_FPR,1000,0.0095015055202408837,0.0096729340916694544,0.0087654734024757448,0.010705921712947474
CodeBERT_unfrozen_s2027__stack,per_format,0.01,threshold_only_fixed_evaluation,test_FPR,1000,0.011181787746903248,0.011465015065282892,0.010177435554067627,0.012855708068295949
CodeBERT_unfrozen_s2027__stack,per_format,0.01,threshold_only_fixed_evaluation,same_period_TPR,1000,0.94413816007970774,0.94469458651610749,0.94061607439388906,0.94845566257057456
CodeBERT_unfrozen_s2027__stack,per_format,0.01,threshold_only_fixed_evaluation,test_TPR,1000,0.93501493528045143,0.93537484234981749,0.93123133089943577,0.93919847328244277
CodeBERT_unfrozen_s2027__stack,per_format,0.01,threshold_only_fixed_evaluation,test_minus_same_FPR,1000,0.0016802822266623642,0.0017920809736134383,0.0012112249994203727,0.0024839902317872814
CodeBERT_unfrozen_s2027__stack,per_format,0.01,threshold_only_fixed_evaluation,test_minus_same_TPR,1000,-0.0091232247992563131,-0.0093197441662901462,-0.0099884690971030858,-0.0085938206661865992
CodeBERT_unfrozen_s2027__stack,per_format,0.050000000000000003,threshold_only_fixed_evaluation,same_period_FPR,1000,0.052392104382736698,0.052551957176313155,0.049647039143526264,0.055605553696888591
CodeBERT_unfrozen_s2027__stack,per_format,0.050000000000000003,threshold_only_fixed_evaluation,test_FPR,1000,0.050887177770338132,0.05092996317375293,0.048675929025778372,0.053297623033143622
CodeBERT_unfrozen_s2027__stack,per_format,0.050000000000000003,threshold_only_fixed_evaluation,same_period_TPR,1000,0.98299568249750913,0.98304848887412821,0.98239787446031224,0.98385918299568254
CodeBERT_unfrozen_s2027__stack,per_format,0.050000000000000003,threshold_only_fixed_evaluation,test_TPR,1000,0.98234317955526052,0.98226843677397924,0.98121473614337873,0.98313972784600068
CodeBERT_unfrozen_s2027__stack,per_format,0.050000000000000003,threshold_only_fixed_evaluation,test_minus_same_FPR,1000,-0.0015049266123985661,-0.001621994002560219,-0.0027765729110745627,-0.00023412931446102365
CodeBERT_unfrozen_s2027__stack,per_format,0.050000000000000003,threshold_only_fixed_evaluation,test_minus_same_TPR,1000,-0.00065250294224861172,-0.00078005210014879187,-0.001249870069288006,-0.00045318950550055082
CodeBERT_unfrozen_s2027__stack,pooled,0.001,threshold_only_fixed_evaluation,same_period_FPR,1000,0.0012713282034125125,0.0012875878220140516,0.00093676814988290398,0.0015389762462361995
CodeBERT_unfrozen_s2027__stack,pooled,0.001,threshold_only_fixed_evaluation,test_FPR,1000,0.0016739203213927017,0.0017134248409775696,0.0012035487110813525,0.0022095748242383661
CodeBERT_unfrozen_s2027__stack,pooled,0.001,threshold_only_fixed_evaluation,same_period_TPR,1000,0.80823646629026902,0.80746429757555638,0.77421454666223843,0.83314513450680838
CodeBERT_unfrozen_s2027__stack,pooled,0.001,threshold_only_fixed_evaluation,test_TPR,1000,0.80126120146033852,0.8003346830401592,0.76713076667772984,0.82595419847328244
CodeBERT_unfrozen_s2027__stack,pooled,0.001,threshold_only_fixed_evaluation,test_minus_same_FPR,1000,0.00040259211798018921,0.00042583701896351802,0.00020154135076017474,0.00067051121381008329
CodeBERT_unfrozen_s2027__stack,pooled,0.001,threshold_only_fixed_evaluation,test_minus_same_TPR,1000,-0.0069752648299304942,-0.0071296145353969874,-0.0077124886589640118,-0.0065072607431342355
CodeBERT_unfrozen_s2027__stack,pooled,0.0050000000000000001,threshold_only_fixed_evaluation,same_period_FPR,1000,0.0051522248243559719,0.0052689862830378048,0.0044831047172967549,0.0060220809635329539
CodeBERT_unfrozen_s2027__stack,pooled,0.0050000000000000001,threshold_only_fixed_evaluation,test_FPR,1000,0.0060930699698694343,0.0061077335118848337,0.0051556745898895216,0.007030465349849347
CodeBERT_unfrozen_s2027__stack,pooled,0.0050000000000000001,threshold_only_fixed_evaluation,same_period_TPR,1000,0.91550979740949856,0.91556187313184989,0.9066090999667884,0.92155430089671209
CodeBERT_unfrozen_s2027__stack,pooled,0.0050000000000000001,threshold_only_fixed_evaluation,test_TPR,1000,0.90461334218386991,0.90513036840358452,0.89631596415532688,0.91118486558247591
CodeBERT_unfrozen_s2027__stack,pooled,0.0050000000000000001,threshold_only_fixed_evaluation,test_minus_same_FPR,1000,0.00094084514551346244,0.00083874722884702904,0.00060565786188684478,0.0010083395841666062
CodeBERT_unfrozen_s2027__stack,pooled,0.0050000000000000001,threshold_only_fixed_evaluation,test_minus_same_TPR,1000,-0.010896455225628654,-0.010431504728265416,-0.011227733072549761,-0.0095042152664480684
CodeBERT_unfrozen_s2027__stack,pooled,0.01,threshold_only_fixed_evaluation,same_period_FPR,1000,0.010036801605888258,0.0099909668785547016,0.0082970893275342919,0.011308129809300769
CodeBERT_unfrozen_s2027__stack,pooled,0.01,threshold_only_fixed_evaluation,test_FPR,1000,0.012186139939738869,0.012085570806829597,0.010646133244057584,0.012989621694007365
CodeBERT_unfrozen_s2027__stack,pooled,0.01,threshold_only_fixed_evaluation,same_period_TPR,1000,0.94360677515775493,0.94365865161076068,0.93882431086017937,0.94726004649618067
CodeBERT_unfrozen_s2027__stack,pooled,0.01,threshold_only_fixed_evaluation,test_TPR,1000,0.934550282110853,0.93429797543976112,0.92837703285761697,0.93800199137072682
CodeBERT_unfrozen_s2027__stack,pooled,0.01,threshold_only_fixed_evaluation,test_minus_same_FPR,1000,0.002149338333850611,0.0020946039282748945,0.0015475334568453934,0.0026170055743954829
CodeBERT_unfrozen_s2027__stack,pooled,0.01,threshold_only_fixed_evaluation,test_minus_same_TPR,1000,-0.0090564930469019256,-0.0093606761709995098,-0.010447454366625419,-0.0087905360398309318
CodeBERT_unfrozen_s2027__stack,pooled,0.050000000000000003,threshold_only_fixed_evaluation,same_period_FPR,1000,0.052325192372030781,0.052328805620608904,0.049916359986617601,0.055336232853797254
CodeBERT_unfrozen_s2027__stack,pooled,0.050000000000000003,threshold_only_fixed_evaluation,test_FPR,1000,0.049146300636089719,0.04910652828925343,0.046601941747572817,0.051556745898895209
CodeBERT_unfrozen_s2027__stack,pooled,0.050000000000000003,threshold_only_fixed_evaluation,same_period_TPR,1000,0.98319495184324146,0.98315841912985724,0.98253072069080039,0.98392560611092661
CodeBERT_unfrozen_s2027__stack,pooled,0.050000000000000003,threshold_only_fixed_evaluation,test_TPR,1000,0.98207766345834713,0.98199741121805506,0.98114835711915038,0.9827414537006306
CodeBERT_unfrozen_s2027__stack,pooled,0.050000000000000003,threshold_only_fixed_evaluation,test_minus_same_FPR,1000,-0.0031788917359410612,-0.0032222773313554678,-0.0038465781742071173,-0.0029784693188717945
CodeBERT_unfrozen_s2027__stack,pooled,0.050000000000000003,threshold_only_fixed_evaluation,test_minus_same_TPR,1000,-0.0011172883848943327,-0.001161007911802117,-0.001382672208760316,-0.00098457442745336632
CodeBERT_unfrozen_s2028,per_format,0.001,threshold_only_fixed_evaluation,same_period_FPR,1000,0.00066912010705921711,0.00072740046838407491,0.00033456005352960856,0.0012713282034125125
CodeBERT_unfrozen_s2028,per_format,0.001,threshold_only_fixed_evaluation,test_FPR,1000,0.0016739203213927017,0.001656444593237362,0.0011382658185470371,0.0022095748242383661
CodeBERT_unfrozen_s2028,per_format,0.001,threshold_only_fixed_evaluation,same_period_TPR,1000,0.46914646296911328,0.47131750249086679,0.41099800730654268,0.52514114911989374
CodeBERT_unfrozen_s2028,per_format,0.001,threshold_only_fixed_evaluation,test_TPR,1000,0.42602057749751077,0.42872207102555593,0.38663624294722865,0.47064553601062065
CodeBERT_unfrozen_s2028,per_format,0.001,threshold_only_fixed_evaluation,test_minus_same_FPR,1000,0.0010048002143334847,0.00092904412485328696,0.00066813053957581108,0.0011388941686977907
CodeBERT_unfrozen_s2028,per_format,0.001,threshold_only_fixed_evaluation,test_minus_same_TPR,1000,-0.04312588547160251,-0.042595431465310904,-0.055779083839397128,-0.021127778739819223
CodeBERT_unfrozen_s2028,per_format,0.0050000000000000001,threshold_only_fixed_evaluation,same_period_FPR,1000,0.0052860488457678149,0.0053310137169621952,0.0047507527601204419,0.0059551689528270328
CodeBERT_unfrozen_s2028,per_format,0.0050000000000000001,threshold_only_fixed_evaluation,test_FPR,1000,0.0060261131570137263,0.0059836625376632081,0.0052226314027452297,0.0066956812855708068
CodeBERT_unfrozen_s2028,per_format,0.0050000000000000001,threshold_only_fixed_evaluation,same_period_TPR,1000,0.69850547990700762,0.69945858518764525,0.68275655928263035,0.7145815343739621
CodeBERT_unfrozen_s2028,per_format,0.0050000000000000001,threshold_only_fixed_evaluation,test_TPR,1000,0.62588781944905414,0.62750229007633584,0.60836209757716564,0.64686525058081645
CodeBERT_unfrozen_s2028,per_format,0.0050000000000000001,threshold_only_fixed_evaluation,test_minus_same_FPR,1000,0.00074006431124591134,0.00065264882070101271,0.00020440980840024693,0.0010082051777172479
CodeBERT_unfrozen_s2028,per_format,0.0050000000000000001,threshold_only_fixed_evaluation,test_minus_same_TPR,1000,-0.072617660457953481,-0.07195629511130941,-0.077002493236713765,-0.06538479001047498
CodeBERT_unfrozen_s2028,per_format,0.01,threshold_only_fixed_evaluation,same_period_FPR,1000,0.0088992974238875887,0.0094122448979591829,0.0083640013382402147,0.010774506523921043
CodeBERT_unfrozen_s2028,per_format,0.01,threshold_only_fixed_evaluation,test_FPR,1000,0.0097087378640776691,0.0099829260127217937,0.0089705390023434878,0.011248744559758956
CodeBERT_unfrozen_s2028,per_format,0.01,threshold_only_fixed_evaluation,same_period_TPR,1000,0.77316506144138164,0.77258558618399209,0.75888409166389903,0.78591829956824977
CodeBERT_unfrozen_s2028,per_format,0.01,threshold_only_fixed_evaluation,test_TPR,1000,0.71410554264852311,0.7149500165947561,0.6999518752074344,0.73083803518088286
CodeBERT_unfrozen_s2028,per_format,0.01,threshold_only_fixed_evaluation,test_minus_same_FPR,1000,0.00080944044019008038,0.00057068111476261073,0.00020727602593282761,0.00094398129599850694
CodeBERT_unfrozen_s2028,per_format,0.01,threshold_only_fixed_evaluation,test_minus_same_TPR,1000,-0.059059518792858534,-0.05763556958923597,-0.065099849616567992,-0.050624898108418241
CodeBERT_unfrozen_s2028,per_format,0.050000000000000003,threshold_only_fixed_evaluation,same_period_FPR,1000,0.050451656072264969,0.050459551689528273,0.047438942790230851,0.05339745734359317
CodeBERT_unfrozen_s2028,per_format,0.050000000000000003,threshold_only_fixed_evaluation,test_FPR,1000,0.046401071309005691,0.046459859390693005,0.044459323736190159,0.048610646133244055
CodeBERT_unfrozen_s2028,per_format,0.050000000000000003,threshold_only_fixed_evaluation,same_period_TPR,1000,0.92334772500830287,0.92262045831949513,0.91882929259382262,0.92567253404184657
CodeBERT_unfrozen_s2028,per_format,0.050000000000000003,threshold_only_fixed_evaluation,test_TPR,1000,0.89917026219714569,0.89905038167938933,0.89379356123464981,0.90328576169930297
CodeBERT_unfrozen_s2028,per_format,0.050000000000000003,threshold_only_fixed_evaluation,test_minus_same_FPR,1000,-0.0040505847632592781,-0.0039996922988352673,-0.0053214201430241415,-0.0026466410764254124
CodeBERT_unfrozen_s2028,per_format,0.050000000000000003,threshold_only_fixed_evaluation,test_minus_same_TPR,1000,-0.02417746281115718,-0.023570076640105873,-0.025503510030650985,-0.021522095716524758
CodeBERT_unfrozen_s2028,pooled,0.001,threshold_only_fixed_evaluation,same_period_FPR,1000,0.00086985613917698224,0.00087641351622616266,0.0004014720642355303,0.0014068250250920025
CodeBERT_unfrozen_s2028,pooled,0.001,threshold_only_fixed_evaluation,test_FPR,1000,0.001071309005691329,0.0010828925343153663,0.00066956812855708072,0.0014077669902912606
CodeBERT_unfrozen_s2028,pooled,0.001,threshold_only_fixed_evaluation,same_period_TPR,1000,0.46569246097641981,0.45930760544669541,0.38452341414812352,0.50028561939554961
CodeBERT_unfrozen_s2028,pooled,0.001,threshold_only_fixed_evaluation,test_TPR,1000,0.41354132094258217,0.40906120146033859,0.34782608695652173,0.44299369399269828
CodeBERT_unfrozen_s2028,pooled,0.001,threshold_only_fixed_evaluation,test_minus_same_FPR,1000,0.00020145286651434679,0.00020647901808920399,8.9604299572721736e-07,0.00033523208577640386
CodeBERT_unfrozen_s2028,pooled,0.001,threshold_only_fixed_evaluation,test_minus_same_TPR,1000,-0.05215114003383764,-0.050246403986356908,-0.057291925402851322,-0.036697327191601792
CodeBERT_unfrozen_s2028,pooled,0.0050000000000000001,threshold_only_fixed_evaluation,same_period_FPR,1000,0.0056206088992974239,0.0055128136500501839,0.0046838407494145199,0.0062897290063566409
CodeBERT_unfrozen_s2028,pooled,0.0050000000000000001,threshold_only_fixed_evaluation,test_FPR,1000,0.0053565450284566458,0.005444593237361902,0.0044191496484767322,0.0062269835955808504
CodeBERT_unfrozen_s2028,pooled,0.0050000000000000001,threshold_only_fixed_evaluation,same_period_TPR,1000,0.68960478246429757,0.68937196944536694,0.66881434739289269,0.70840916638990359
CodeBERT_unfrozen_s2028,pooled,0.0050000000000000001,threshold_only_fixed_evaluation,test_TPR,1000,0.62256886823763691,0.62169133753733807,0.59827414537006307,0.64355127779621635
CodeBERT_unfrozen_s2028,pooled,0.0050000000000000001,threshold_only_fixed_evaluation,test_minus_same_FPR,1000,-0.00026406387084077811,-6.8220412688282223e-05,-0.00033093107939691311,0.00027109780835723671
CodeBERT_unfrozen_s2028,pooled,0.0050000000000000001,threshold_only_fixed_evaluation,test_minus_same_TPR,1000,-0.067035914226660664,-0.067680631908028782,-0.070540202022829623,-0.06458696969393006
CodeBERT_unfrozen_s2028,pooled,0.01,threshold_only_fixed_evaluation,same_period_FPR,1000,0.010237537638006023,0.01002054198728672,0.0088992974238875887,0.010639009702241553
CodeBERT_unfrozen_s2028,pooled,0.01,threshold_only_fixed_evaluation,test_FPR,1000,0.010110478741211919,0.010189621694007367,0.0090391697355205886,0.01111483093404754
CodeBERT_unfrozen_s2028,pooled,0.01,threshold_only_fixed_evaluation,same_period_TPR,1000,0.76426436399867159,0.763674526735304,0.7537030886748588,0.77224842245101299
CodeBERT_unfrozen_s2028,pooled,0.01,threshold_only_fixed_evaluation,test_TPR,1000,0.71443743776966484,0.71374563557915693,0.701423830069698,0.72539661466976435
CodeBERT_unfrozen_s2028,pooled,0.01,threshold_only_fixed_evaluation,test_minus_same_FPR,1000,-0.00012705889679410359,0.00016907970672064748,-0.00012705889679410359,0.00047577642965620191
CodeBERT_unfrozen_s2028,pooled,0.01,threshold_only_fixed_evaluation,test_minus_same_TPR,1000,-0.049826926229006752,-0.049928891156146904,-0.052743150102462111,-0.047044650861433723
CodeBERT_unfrozen_s2028,pooled,0.050000000000000003,threshold_only_fixed_evaluation,same_period_FPR,1000,0.050250920040147209,0.050373034459685516,0.048645031783205082,0.052459016393442623
CodeBERT_unfrozen_s2028,pooled,0.050000000000000003,threshold_only_fixed_evaluation,test_FPR,1000,0.046066287244727153,0.046175761633746232,0.044593237361901572,0.047941078004686978
CodeBERT_unfrozen_s2028,pooled,0.050000000000000003,threshold_only_fixed_evaluation,same_period_TPR,1000,0.92049153105280634,0.9209187645300565,0.91816672201926275,0.92520757223513783
CodeBERT_unfrozen_s2028,pooled,0.050000000000000003,threshold_only_fixed_evaluation,test_TPR,1000,0.89711251244606705,0.89767520743445073,0.89339528708927973,0.90142714902090937
CodeBERT_unfrozen_s2028,pooled,0.050000000000000003,threshold_only_fixed_evaluation,test_minus_same_FPR,1000,-0.0041846327954200568,-0.0041972728259392798,-0.0045849848059109286,-0.0039162231160499994
CodeBERT_unfrozen_s2028,pooled,0.050000000000000003,threshold_only_fixed_evaluation,test_minus_same_TPR,1000,-0.023379018606739299,-0.023243557095605757,-0.024771434929983016,-0.022450594087857767
CodeBERT_unfrozen_s2028__format_platt,per_format,0.001,threshold_only_fixed_evaluation,same_period_FPR,1000,0.00066912010705921711,0.00072740046838407491,0.00033456005352960856,0.0012713282034125125
CodeBERT_unfrozen_s2028__format_platt,per_format,0.001,threshold_only_fixed_evaluation,test_FPR,1000,0.0016739203213927017,0.001656444593237362,0.0011382658185470371,0.0022095748242383661
CodeBERT_unfrozen_s2028__format_platt,per_format,0.001,threshold_only_fixed_evaluation,same_period_TPR,1000,0.46914646296911328,0.47131750249086679,0.41099800730654268,0.52514114911989374
CodeBERT_unfrozen_s2028__format_platt,per_format,0.001,threshold_only_fixed_evaluation,test_TPR,1000,0.42602057749751077,0.42872207102555593,0.38663624294722865,0.47064553601062065
CodeBERT_unfrozen_s2028__format_platt,per_format,0.001,threshold_only_fixed_evaluation,test_minus_same_FPR,1000,0.0010048002143334847,0.00092904412485328696,0.00066813053957581108,0.0011388941686977907
CodeBERT_unfrozen_s2028__format_platt,per_format,0.001,threshold_only_fixed_evaluation,test_minus_same_TPR,1000,-0.04312588547160251,-0.042595431465310904,-0.055779083839397128,-0.021127778739819223
CodeBERT_unfrozen_s2028__format_platt,per_format,0.0050000000000000001,threshold_only_fixed_evaluation,same_period_FPR,1000,0.0052860488457678149,0.0053310137169621952,0.0047507527601204419,0.0059551689528270328
CodeBERT_unfrozen_s2028__format_platt,per_format,0.0050000000000000001,threshold_only_fixed_evaluation,test_FPR,1000,0.0060261131570137263,0.0059836625376632081,0.0052226314027452297,0.0066956812855708068
CodeBERT_unfrozen_s2028__format_platt,per_format,0.0050000000000000001,threshold_only_fixed_evaluation,same_period_TPR,1000,0.69850547990700762,0.69945858518764525,0.68275655928263035,0.7145815343739621
CodeBERT_unfrozen_s2028__format_platt,per_format,0.0050000000000000001,threshold_only_fixed_evaluation,test_TPR,1000,0.62588781944905414,0.62750229007633584,0.60836209757716564,0.64686525058081645
CodeBERT_unfrozen_s2028__format_platt,per_format,0.0050000000000000001,threshold_only_fixed_evaluation,test_minus_same_FPR,1000,0.00074006431124591134,0.00065264882070101271,0.00020440980840024693,0.0010082051777172479
CodeBERT_unfrozen_s2028__format_platt,per_format,0.0050000000000000001,threshold_only_fixed_evaluation,test_minus_same_TPR,1000,-0.072617660457953481,-0.07195629511130941,-0.077002493236713765,-0.06538479001047498
CodeBERT_unfrozen_s2028__format_platt,per_format,0.01,threshold_only_fixed_evaluation,same_period_FPR,1000,0.0088992974238875887,0.0094122448979591829,0.0083640013382402147,0.010774506523921043
CodeBERT_unfrozen_s2028__format_platt,per_format,0.01,threshold_only_fixed_evaluation,test_FPR,1000,0.0097087378640776691,0.0099829260127217937,0.0089705390023434878,0.011248744559758956
CodeBERT_unfrozen_s2028__format_platt,per_format,0.01,threshold_only_fixed_evaluation,same_period_TPR,1000,0.77316506144138164,0.77258558618399209,0.75888409166389903,0.78591829956824977
CodeBERT_unfrozen_s2028__format_platt,per_format,0.01,threshold_only_fixed_evaluation,test_TPR,1000,0.71410554264852311,0.7149500165947561,0.6999518752074344,0.73083803518088286
CodeBERT_unfrozen_s2028__format_platt,per_format,0.01,threshold_only_fixed_evaluation,test_minus_same_FPR,1000,0.00080944044019008038,0.00057068111476261073,0.00020727602593282761,0.00094398129599850694
CodeBERT_unfrozen_s2028__format_platt,per_format,0.01,threshold_only_fixed_evaluation,test_minus_same_TPR,1000,-0.059059518792858534,-0.05763556958923597,-0.065099849616567992,-0.050624898108418241
CodeBERT_unfrozen_s2028__format_platt,per_format,0.050000000000000003,threshold_only_fixed_evaluation,same_period_FPR,1000,0.050451656072264969,0.050459551689528273,0.047438942790230851,0.05339745734359317
CodeBERT_unfrozen_s2028__format_platt,per_format,0.050000000000000003,threshold_only_fixed_evaluation,test_FPR,1000,0.046401071309005691,0.046459859390693005,0.044459323736190159,0.048610646133244055
CodeBERT_unfrozen_s2028__format_platt,per_format,0.050000000000000003,threshold_only_fixed_evaluation,same_period_TPR,1000,0.92334772500830287,0.92262045831949513,0.91882929259382262,0.92567253404184657
CodeBERT_unfrozen_s2028__format_platt,per_format,0.050000000000000003,threshold_only_fixed_evaluation,test_TPR,1000,0.89917026219714569,0.89905038167938933,0.89379356123464981,0.90328576169930297
CodeBERT_unfrozen_s2028__format_platt,per_format,0.050000000000000003,threshold_only_fixed_evaluation,test_minus_same_FPR,1000,-0.0040505847632592781,-0.0039996922988352673,-0.0053214201430241415,-0.0026466410764254124
CodeBERT_unfrozen_s2028__format_platt,per_format,0.050000000000000003,threshold_only_fixed_evaluation,test_minus_same_TPR,1000,-0.02417746281115718,-0.023570076640105873,-0.025503510030650985,-0.021522095716524758
CodeBERT_unfrozen_s2028__format_platt,pooled,0.001,threshold_only_fixed_evaluation,same_period_FPR,1000,0.00073603211776513886,0.00078300434928069596,0.00066912010705921711,0.0011375041820006692
CodeBERT_unfrozen_s2028__format_platt,pooled,0.001,threshold_only_fixed_evaluation,test_FPR,1000,0.0020087043856712419,0.0020495480415132247,0.0016739203213927017,0.0026113157013726148
CodeBERT_unfrozen_s2028__format_platt,pooled,0.001,threshold_only_fixed_evaluation,same_period_TPR,1000,0.3123879109930256,0.28791922949186316,0.18990368648289604,0.40478246429757558
CodeBERT_unfrozen_s2028__format_platt,pooled,0.001,threshold_only_fixed_evaluation,test_TPR,1000,0.29233322270162626,0.27281400597411221,0.20630600730169266,0.35200796548290741
CodeBERT_unfrozen_s2028__format_platt,pooled,0.001,threshold_only_fixed_evaluation,test_minus_same_FPR,1000,0.001272672267906103,0.001266543692232528,0.0010048002143334847,0.0014738115193719456
CodeBERT_unfrozen_s2028__format_platt,pooled,0.001,threshold_only_fixed_evaluation,test_minus_same_TPR,1000,-0.020054688291399336,-0.015105223517750991,-0.052774498814668169,0.016863711253228719
CodeBERT_unfrozen_s2028__format_platt,pooled,0.0050000000000000001,threshold_only_fixed_evaluation,same_period_FPR,1000,0.0053529608564737369,0.005411375041820007,0.0048845767815322849,0.0060220809635329539
CodeBERT_unfrozen_s2028__format_platt,pooled,0.0050000000000000001,threshold_only_fixed_evaluation,test_FPR,1000,0.0061600267827251424,0.0060955473719450952,0.0052895882156009377,0.0066287244727150987
CodeBERT_unfrozen_s2028__format_platt,pooled,0.0050000000000000001,threshold_only_fixed_evaluation,same_period_TPR,1000,0.70308867485885085,0.7030684158087015,0.68761208900697446,0.71717037529060113
CodeBERT_unfrozen_s2028__format_platt,pooled,0.0050000000000000001,threshold_only_fixed_evaluation,test_TPR,1000,0.63352140723531369,0.63367129107202114,0.61845336873547962,0.64845668768669096
CodeBERT_unfrozen_s2028__format_platt,pooled,0.0050000000000000001,threshold_only_fixed_evaluation,test_minus_same_FPR,1000,0.00080706592625140548,0.00068417233012508898,0.00047033800869900972,0.00087402273910711353
CodeBERT_unfrozen_s2028__format_platt,pooled,0.0050000000000000001,threshold_only_fixed_evaluation,test_minus_same_TPR,1000,-0.069567267623537155,-0.06939712473668018,-0.070233989367231145,-0.068444761618065342
CodeBERT_unfrozen_s2028__format_platt,pooled,0.01,threshold_only_fixed_evaluation,same_period_FPR,1000,0.0091669454667112748,0.0092568082970893271,0.0082301773168283708,0.010371361659417865
CodeBERT_unfrozen_s2028__format_platt,pooled,0.01,threshold_only_fixed_evaluation,test_FPR,1000,0.010043521928356211,0.0099684633411449616,0.0087027117509206556,0.011181787746903248
CodeBERT_unfrozen_s2028__format_platt,pooled,0.01,threshold_only_fixed_evaluation,same_period_TPR,1000,0.76964463633344404,0.770039189637994,0.75719196280305545,0.78146795084689469
CodeBERT_unfrozen_s2028__format_platt,pooled,0.01,threshold_only_fixed_evaluation,test_TPR,1000,0.71463657484234977,0.71565277132426153,0.70316296050448057,0.73096581480252243
CodeBERT_unfrozen_s2028__format_platt,pooled,0.01,threshold_only_fixed_evaluation,test_minus_same_FPR,1000,0.00087657646164493626,0.00071165504405563409,0.00040725154155796944,0.00087729329604151716
CodeBERT_unfrozen_s2028__format_platt,pooled,0.01,threshold_only_fixed_evaluation,test_minus_same_TPR,1000,-0.055008061491094273,-0.054386418313732483,-0.055667222176722708,-0.050502136044372259
CodeBERT_unfrozen_s2028__format_platt,pooled,0.050000000000000003,threshold_only_fixed_evaluation,same_period_FPR,1000,0.050184008029441285,0.050336835061893612,0.048377383740381398,0.052592840414854465
CodeBERT_unfrozen_s2028__format_platt,pooled,0.050000000000000003,threshold_only_fixed_evaluation,test_FPR,1000,0.045932373619015733,0.0460704385671242,0.044258453297623034,0.047807164378975558
CodeBERT_unfrozen_s2028__format_platt,pooled,0.050000000000000003,threshold_only_fixed_evaluation,same_period_TPR,1000,0.92042510793756227,0.92103633344403857,0.91843241448023916,0.92567253404184657
CodeBERT_unfrozen_s2028__format_platt,pooled,0.050000000000000003,threshold_only_fixed_evaluation,test_TPR,1000,0.89697975439761035,0.89747653501493529,0.89399269830733485,0.90155990706936606
CodeBERT_unfrozen_s2028__format_platt,pooled,0.050000000000000003,threshold_only_fixed_evaluation,test_minus_same_FPR,1000,-0.0042516344104255518,-0.0042663964947694056,-0.0047856760358789066,-0.0040499575331622711
CodeBERT_unfrozen_s2028__format_platt,pooled,0.050000000000000003,threshold_only_fixed_evaluation,test_minus_same_TPR,1000,-0.023445353539951919,-0.023559798429103242,-0.024639382337778404,-0.022716595185944488
CodeBERT_unfrozen_s2028__fusion_ROC_AUC,per_format,0.001,threshold_only_fixed_evaluation,same_period_FPR,1000,0.0014720642355302777,0.0014739377718300435,0.0010705921712947475,0.0019404483104717297
CodeBERT_unfrozen_s2028__fusion_ROC_AUC,per_format,0.001,threshold_only_fixed_evaluation,test_FPR,1000,0.0014730498828255775,0.0016091730833612322,0.0011382658185470371,0.0021426180113826581
CodeBERT_unfrozen_s2028__fusion_ROC_AUC,per_format,0.001,threshold_only_fixed_evaluation,same_period_TPR,1000,0.80777150448356028,0.80501873131849877,0.77335934905347059,0.82870142809697767
CodeBERT_unfrozen_s2028__fusion_ROC_AUC,per_format,0.001,threshold_only_fixed_evaluation,test_TPR,1000,0.79986724195154335,0.79864420843013617,0.76681048788582806,0.82243942914039159
CodeBERT_unfrozen_s2028__fusion_ROC_AUC,per_format,0.001,threshold_only_fixed_evaluation,test_minus_same_FPR,1000,9.8564729529983068e-07,0.0001352353115311885,-0.0004003968126406578,0.0006036865672962449
CodeBERT_unfrozen_s2028__fusion_ROC_AUC,per_format,0.001,threshold_only_fixed_evaluation,test_minus_same_TPR,1000,-0.0079042625320169257,-0.0063745228883627571,-0.0085780443496096589,-0.004107187243411017
CodeBERT_unfrozen_s2028__fusion_ROC_AUC,per_format,0.0050000000000000001,threshold_only_fixed_evaluation,same_period_FPR,1000,0.0051522248243559719,0.0052148544663767138,0.004349280695884911,0.0060889929742388759
CodeBERT_unfrozen_s2028__fusion_ROC_AUC,per_format,0.0050000000000000001,threshold_only_fixed_evaluation,test_FPR,1000,0.0060930699698694343,0.006259926347505859,0.0054235018413123538,0.0072330097087378621
CodeBERT_unfrozen_s2028__fusion_ROC_AUC,per_format,0.0050000000000000001,threshold_only_fixed_evaluation,same_period_TPR,1000,0.91252075722351378,0.91298445699103281,0.90501494520092995,0.92128860843573568
CodeBERT_unfrozen_s2028__fusion_ROC_AUC,per_format,0.0050000000000000001,threshold_only_fixed_evaluation,test_TPR,1000,0.90394955194158644,0.90439754397610361,0.89439097245270494,0.91384002655160967
CodeBERT_unfrozen_s2028__fusion_ROC_AUC,per_format,0.0050000000000000001,threshold_only_fixed_evaluation,test_minus_same_FPR,1000,0.00094084514551346244,0.0010450718811291441,0.0006728834876412711,0.001476640775130954
CodeBERT_unfrozen_s2028__fusion_ROC_AUC,per_format,0.0050000000000000001,threshold_only_fixed_evaluation,test_minus_same_TPR,1000,-0.008571205281927341,-0.0085869130149293302,-0.0108233435032936,-0.0072494878001812977
CodeBERT_unfrozen_s2028__fusion_ROC_AUC,per_format,0.01,threshold_only_fixed_evaluation,same_period_FPR,1000,0.010103713616594179,0.010135898293743726,0.0092338574774171959,0.011375041820006692
CodeBERT_unfrozen_s2028__fusion_ROC_AUC,per_format,0.01,threshold_only_fixed_evaluation,test_FPR,1000,0.011918312688316036,0.011861667224640108,0.010713090056913292,0.013123535319718781
CodeBERT_unfrozen_s2028__fusion_ROC_AUC,per_format,0.01,threshold_only_fixed_evaluation,same_period_TPR,1000,0.94493523746263697,0.94493224842245105,0.94141315177681839,0.94812520757223517
CodeBERT_unfrozen_s2028__fusion_ROC_AUC,per_format,0.01,threshold_only_fixed_evaluation,test_TPR,1000,0.93614337869233322,0.93614988383670761,0.93275638898108193,0.93913043478260871
CodeBERT_unfrozen_s2028__fusion_ROC_AUC,per_format,0.01,threshold_only_fixed_evaluation,test_minus_same_FPR,1000,0.0018145990717218577,0.0017257689308963803,0.0012789893710259802,0.0020822930367490754
CodeBERT_unfrozen_s2028__fusion_ROC_AUC,per_format,0.01,threshold_only_fixed_evaluation,test_minus_same_TPR,1000,-0.008791858770303751,-0.0087823645857434129,-0.0093893747045213465,-0.0081297120206328261
CodeBERT_unfrozen_s2028__fusion_ROC_AUC,per_format,0.050000000000000003,threshold_only_fixed_evaluation,same_period_FPR,1000,0.051722984275677487,0.051913817330210769,0.049044831047172971,0.054601873536299764
CodeBERT_unfrozen_s2028__fusion_ROC_AUC,per_format,0.050000000000000003,threshold_only_fixed_evaluation,test_FPR,1000,0.051623702711750923,0.051672782055574157,0.048744559758955475,0.054235018413123538
CodeBERT_unfrozen_s2028__fusion_ROC_AUC,per_format,0.050000000000000003,threshold_only_fixed_evaluation,same_period_TPR,1000,0.98246429757555631,0.98242803055463312,0.98166722019262709,0.98312852872799739
CodeBERT_unfrozen_s2028__fusion_ROC_AUC,per_format,0.050000000000000003,threshold_only_fixed_evaluation,test_TPR,1000,0.98121473614337873,0.98128748755393291,0.98035180882841022,0.98214404248257547
CodeBERT_unfrozen_s2028__fusion_ROC_AUC,per_format,0.050000000000000003,threshold_only_fixed_evaluation,test_minus_same_FPR,1000,-9.9281563926564842e-05,-0.00024103527463661831,-0.0015048034064866537,0.00070483638086889613
CodeBERT_unfrozen_s2028__fusion_ROC_AUC,per_format,0.050000000000000003,threshold_only_fixed_evaluation,test_minus_same_TPR,1000,-0.0012495614321775816,-0.0011405430007000396,-0.0015813694735631462,-0.0007182646922562208
CodeBERT_unfrozen_s2028__fusion_ROC_AUC,pooled,0.001,threshold_only_fixed_evaluation,same_period_FPR,1000,0.001405152224824356,0.0014598193375710941,0.0013382402141184342,0.0016728002676480427
CodeBERT_unfrozen_s2028__fusion_ROC_AUC,pooled,0.001,threshold_only_fixed_evaluation,test_FPR,1000,0.0016069635085369936,0.0017063943756277201,0.0012721794442584534,0.0021426180113826581
CodeBERT_unfrozen_s2028__fusion_ROC_AUC,pooled,0.001,threshold_only_fixed_evaluation,same_period_TPR,1000,0.79887080704085023,0.80391736964463634,0.78253072069080043,0.82736632348057126
CodeBERT_unfrozen_s2028__fusion_ROC_AUC,pooled,0.001,threshold_only_fixed_evaluation,test_TPR,1000,0.79196813806837041,0.79716807168934611,0.77497510786591439,0.8191835380019914
CodeBERT_unfrozen_s2028__fusion_ROC_AUC,pooled,0.001,threshold_only_fixed_evaluation,test_minus_same_FPR,1000,0.00020181128371263768,0.00024657503805662606,8.9604299572721736e-07,0.00053672975444053685
CodeBERT_unfrozen_s2028__fusion_ROC_AUC,pooled,0.001,threshold_only_fixed_evaluation,test_minus_same_TPR,1000,-0.0069026689724798196,-0.0067492979552901582,-0.0081827854785798682,-0.0053052955624707243
CodeBERT_unfrozen_s2028__fusion_ROC_AUC,pooled,0.0050000000000000001,threshold_only_fixed_evaluation,same_period_FPR,1000,0.0053529608564737369,0.0052904650384744062,0.0046169287387085979,0.0060220809635329539
CodeBERT_unfrozen_s2028__fusion_ROC_AUC,pooled,0.0050000000000000001,threshold_only_fixed_evaluation,test_FPR,1000,0.0062269835955808504,0.0062274522932708413,0.0054235018413123538,0.006963508536993639
CodeBERT_unfrozen_s2028__fusion_ROC_AUC,pooled,0.0050000000000000001,threshold_only_fixed_evaluation,same_period_TPR,1000,0.91431418133510467,0.91365772168714721,0.90567917635337092,0.91989372301560945
CodeBERT_unfrozen_s2028__fusion_ROC_AUC,pooled,0.0050000000000000001,threshold_only_fixed_evaluation,test_TPR,1000,0.90547626949883842,0.90486405575838036,0.8950547626949884,0.91231330899435781
CodeBERT_unfrozen_s2028__fusion_ROC_AUC,pooled,0.0050000000000000001,threshold_only_fixed_evaluation,test_minus_same_FPR,1000,0.00087402273910711353,0.0009369872547964343,0.00067274908119191196,0.0012754500011928575
CodeBERT_unfrozen_s2028__fusion_ROC_AUC,pooled,0.0050000000000000001,threshold_only_fixed_evaluation,test_minus_same_TPR,1000,-0.0088379118362662545,-0.0087936659287667744,-0.010491920156020407,-0.0076468812275114484
CodeBERT_unfrozen_s2028__fusion_ROC_AUC,pooled,0.01,threshold_only_fixed_evaluation,same_period_FPR,1000,0.010371361659417865,0.010495550351288057,0.0089662094345935098,0.011642689862830378
CodeBERT_unfrozen_s2028__fusion_ROC_AUC,pooled,0.01,threshold_only_fixed_evaluation,test_FPR,1000,0.012453967191161701,0.012372882490793439,0.010845329762303315,0.01352527619685303
CodeBERT_unfrozen_s2028__fusion_ROC_AUC,pooled,0.01,threshold_only_fixed_evaluation,same_period_TPR,1000,0.94393889073397541,0.94403653271338428,0.93955330454998343,0.94792427764862175
CodeBERT_unfrozen_s2028__fusion_ROC_AUC,pooled,0.01,threshold_only_fixed_evaluation,test_TPR,1000,0.9346830401593097,0.93500789910388327,0.93149352804513774,0.93793561234649847
CodeBERT_unfrozen_s2028__fusion_ROC_AUC,pooled,0.01,threshold_only_fixed_evaluation,test_minus_same_FPR,1000,0.002082605531743836,0.0018773321395053821,0.0016806406438606546,0.002082605531743836
CodeBERT_unfrozen_s2028__fusion_ROC_AUC,pooled,0.01,threshold_only_fixed_evaluation,test_minus_same_TPR,1000,-0.0092558505746657138,-0.009028633609501081,-0.01005513250838308,-0.0080578094944050438
CodeBERT_unfrozen_s2028__fusion_ROC_AUC,pooled,0.050000000000000003,threshold_only_fixed_evaluation,same_period_FPR,1000,0.052191368350618939,0.052411174305787886,0.050180662428905988,0.054734024757443961
CodeBERT_unfrozen_s2028__fusion_ROC_AUC,pooled,0.050000000000000003,threshold_only_fixed_evaluation,test_FPR,1000,0.05135587546032809,0.051418480080348175,0.048876799464345498,0.053632407097422161
CodeBERT_unfrozen_s2028__fusion_ROC_AUC,pooled,0.050000000000000003,threshold_only_fixed_evaluation,same_period_TPR,1000,0.98292925938226505,0.98291179010295582,0.9821986051145799,0.98352706741946194
CodeBERT_unfrozen_s2028__fusion_ROC_AUC,pooled,0.050000000000000003,threshold_only_fixed_evaluation,test_TPR,1000,0.98134749419183542,0.98132724858944587,0.98061400597411219,0.98214404248257547
CodeBERT_unfrozen_s2028__fusion_ROC_AUC,pooled,0.050000000000000003,threshold_only_fixed_evaluation,test_minus_same_FPR,1000,-0.00083549289029084817,-0.00099269422543971368,-0.001442082076866376,-0.00076795364948791661
CodeBERT_unfrozen_s2028__fusion_ROC_AUC,pooled,0.050000000000000003,threshold_only_fixed_evaluation,test_minus_same_TPR,1000,-0.0015817651904296293,-0.0015845415135100635,-0.0017811668092091448,-0.0013165136396108279
CodeBERT_unfrozen_s2028__fusion_TPR_0.001,per_format,0.001,threshold_only_fixed_evaluation,same_period_FPR,1000,0.0011375041820006692,0.0012184008029441284,0.00093676814988290398,0.0016728002676480427
CodeBERT_unfrozen_s2028__fusion_TPR_0.001,per_format,0.001,threshold_only_fixed_evaluation,test_FPR,1000,0.0015400066956812856,0.0015776364245061935,0.001004352192835621,0.0020087043856712419
CodeBERT_unfrozen_s2028__fusion_TPR_0.001,per_format,0.001,threshold_only_fixed_evaluation,same_period_TPR,1000,0.8018598472268349,0.79742796413151773,0.76399867153769507,0.82126369976751901
CodeBERT_unfrozen_s2028__fusion_TPR_0.001,per_format,0.001,threshold_only_fixed_evaluation,test_TPR,1000,0.78028542980418192,0.77654822436110182,0.74218386989711249,0.80232492532359778
CodeBERT_unfrozen_s2028__fusion_TPR_0.001,per_format,0.001,threshold_only_fixed_evaluation,test_minus_same_FPR,1000,0.00040250251368061638,0.00035923562156206501,-0.00020001919772118346,0.00073733138010894316
CodeBERT_unfrozen_s2028__fusion_TPR_0.001,per_format,0.001,threshold_only_fixed_evaluation,test_minus_same_TPR,1000,-0.021574417422652981,-0.020879739770415875,-0.02384321157636065,-0.01717916483459301
CodeBERT_unfrozen_s2028__fusion_TPR_0.001,per_format,0.0050000000000000001,threshold_only_fixed_evaluation,same_period_FPR,1000,0.0051522248243559719,0.0051626630980260955,0.0042823686851789899,0.0060220809635329539
CodeBERT_unfrozen_s2028__fusion_TPR_0.001,per_format,0.0050000000000000001,threshold_only_fixed_evaluation,test_FPR,1000,0.0061600267827251424,0.0063767659859390695,0.0054235018413123538,0.0073669233344492782
CodeBERT_unfrozen_s2028__fusion_TPR_0.001,per_format,0.0050000000000000001,threshold_only_fixed_evaluation,same_period_TPR,1000,0.91384921952839593,0.91356267020923276,0.90454832281634012,0.92175523082032551
CodeBERT_unfrozen_s2028__fusion_TPR_0.001,per_format,0.0050000000000000001,threshold_only_fixed_evaluation,test_TPR,1000,0.90527713242615337,0.90484931961500159,0.89518088284102226,0.91384168602721538
CodeBERT_unfrozen_s2028__fusion_TPR_0.001,per_format,0.0050000000000000001,threshold_only_fixed_evaluation,test_minus_same_FPR,1000,0.0010078019583691705,0.0012141028879129737,0.0008065204600777563,0.001677103514135022
CodeBERT_unfrozen_s2028__fusion_TPR_0.001,per_format,0.0050000000000000001,threshold_only_fixed_evaluation,test_minus_same_TPR,1000,-0.0085720871022425538,-0.008713350594231152,-0.010225677659622377,-0.0075737430505669863
CodeBERT_unfrozen_s2028__fusion_TPR_0.001,per_format,0.01,threshold_only_fixed_evaluation,same_period_FPR,1000,0.010237537638006023,0.010174907995985279,0.0091669454667112748,0.011376714620274338
CodeBERT_unfrozen_s2028__fusion_TPR_0.001,per_format,0.01,threshold_only_fixed_evaluation,test_FPR,1000,0.01178439906260462,0.011851891529963174,0.010646133244057584,0.013190492132574489
CodeBERT_unfrozen_s2028__fusion_TPR_0.001,per_format,0.01,threshold_only_fixed_evaluation,same_period_TPR,1000,0.94520092992361338,0.94505068083693122,0.94134672866157421,0.94832281634008631
CodeBERT_unfrozen_s2028__fusion_TPR_0.001,per_format,0.01,threshold_only_fixed_evaluation,test_TPR,1000,0.9364088947892466,0.93617743113176244,0.932557251908397,0.93933123133089946
CodeBERT_unfrozen_s2028__fusion_TPR_0.001,per_format,0.01,threshold_only_fixed_evaluation,test_minus_same_FPR,1000,0.0015468614245985977,0.0016769835339778946,0.0013454533602340387,0.0019511229826851993
CodeBERT_unfrozen_s2028__fusion_TPR_0.001,per_format,0.01,threshold_only_fixed_evaluation,test_minus_same_TPR,1000,-0.0087920351343667713,-0.0088732497051688883,-0.0093903336841140751,-0.0083249558566261712
CodeBERT_unfrozen_s2028__fusion_TPR_0.001,per_format,0.050000000000000003,threshold_only_fixed_evaluation,same_period_FPR,1000,0.051656072264971563,0.052001472064235527,0.048979591836734691,0.054934760789561728
CodeBERT_unfrozen_s2028__fusion_TPR_0.001,per_format,0.050000000000000003,threshold_only_fixed_evaluation,test_FPR,1000,0.051155005021760964,0.051498158687646463,0.048677602946099768,0.054368932038834951
CodeBERT_unfrozen_s2028__fusion_TPR_0.001,per_format,0.050000000000000003,threshold_only_fixed_evaluation,same_period_TPR,1000,0.98259714380604446,0.98257050813683167,0.98173364330787116,0.98332779807372961
CodeBERT_unfrozen_s2028__fusion_TPR_0.001,per_format,0.050000000000000003,threshold_only_fixed_evaluation,test_TPR,1000,0.98128111516760708,0.98135831397278461,0.98048290740126121,0.98227680053103217
CodeBERT_unfrozen_s2028__fusion_TPR_0.001,per_format,0.050000000000000003,threshold_only_fixed_evaluation,test_minus_same_FPR,1000,-0.00050106724321059837,-0.00050331337658906237,-0.0015706065639853697,0.00050383489601365204
CodeBERT_unfrozen_s2028__fusion_TPR_0.001,per_format,0.050000000000000003,threshold_only_fixed_evaluation,test_minus_same_TPR,1000,-0.0013160286384373832,-0.0012121941640470069,-0.0015811060297440615,-0.00071883346635965575
CodeBERT_unfrozen_s2028__fusion_TPR_0.001,pooled,0.001,threshold_only_fixed_evaluation,same_period_FPR,1000,0.0012044161927065907,0.0011833389093342252,0.0010705921712947475,0.0014720642355302777
CodeBERT_unfrozen_s2028__fusion_TPR_0.001,pooled,0.001,threshold_only_fixed_evaluation,test_FPR,1000,0.0016069635085369936,0.0016909943086709071,0.0014060930699698695,0.00207566119852695
CodeBERT_unfrozen_s2028__fusion_TPR_0.001,pooled,0.001,threshold_only_fixed_evaluation,same_period_TPR,1000,0.80092992361341742,0.79797954168050489,0.7758884091663899,0.82191962803055463
CodeBERT_unfrozen_s2028__fusion_TPR_0.001,pooled,0.001,threshold_only_fixed_evaluation,test_TPR,1000,0.78015267175572522,0.77646080318619315,0.75466312645204114,0.79840690341851972
CodeBERT_unfrozen_s2028__fusion_TPR_0.001,pooled,0.001,threshold_only_fixed_evaluation,test_minus_same_FPR,1000,0.00040254731583040291,0.00050765539933668175,0.00033550089867512203,0.00073733138010894316
CodeBERT_unfrozen_s2028__fusion_TPR_0.001,pooled,0.001,threshold_only_fixed_evaluation,test_minus_same_TPR,1000,-0.020777251857692192,-0.021518738494311653,-0.023512724612034908,-0.020236519640398187
CodeBERT_unfrozen_s2028__fusion_TPR_0.001,pooled,0.0050000000000000001,threshold_only_fixed_evaluation,same_period_FPR,1000,0.0054867848778855808,0.0053823352291736369,0.0046169287387085979,0.0059551689528270328
CodeBERT_unfrozen_s2028__fusion_TPR_0.001,pooled,0.0050000000000000001,threshold_only_fixed_evaluation,test_FPR,1000,0.0061600267827251424,0.0062532306662202884,0.0053565450284566458,0.0070974221627050551
CodeBERT_unfrozen_s2028__fusion_TPR_0.001,pooled,0.0050000000000000001,threshold_only_fixed_evaluation,same_period_TPR,1000,0.91384921952839593,0.91413091996014617,0.90541348389239451,0.92055795416805053
CodeBERT_unfrozen_s2028__fusion_TPR_0.001,pooled,0.0050000000000000001,threshold_only_fixed_evaluation,test_TPR,1000,0.90467972120809825,0.9049439097245271,0.8950547626949884,0.91251244606704285
CodeBERT_unfrozen_s2028__fusion_TPR_0.001,pooled,0.0050000000000000001,threshold_only_fixed_evaluation,test_minus_same_FPR,1000,0.00067324190483956155,0.00087089543704665126,0.00067324190483956155,0.001208986011984799
CodeBERT_unfrozen_s2028__fusion_TPR_0.001,pooled,0.0050000000000000001,threshold_only_fixed_evaluation,test_minus_same_TPR,1000,-0.0091694983202976754,-0.009187010235619077,-0.010625075023619091,-0.0080444940076451754
CodeBERT_unfrozen_s2028__fusion_TPR_0.001,pooled,0.01,threshold_only_fixed_evaluation,same_period_FPR,1000,0.010505185680829709,0.010518300434928069,0.0091635998661759796,0.011709601873536301
CodeBERT_unfrozen_s2028__fusion_TPR_0.001,pooled,0.01,threshold_only_fixed_evaluation,test_FPR,1000,0.012453967191161701,0.012392366923334449,0.010979243388014731,0.013659189822564446
CodeBERT_unfrozen_s2028__fusion_TPR_0.001,pooled,0.01,threshold_only_fixed_evaluation,same_period_TPR,1000,0.94427100631019589,0.94416034540019933,0.9396795084689471,0.94832281634008631
CodeBERT_unfrozen_s2028__fusion_TPR_0.001,pooled,0.01,threshold_only_fixed_evaluation,test_TPR,1000,0.93494855625622308,0.93510076335877867,0.93154497178891471,0.93820112844341186
CodeBERT_unfrozen_s2028__fusion_TPR_0.001,pooled,0.01,threshold_only_fixed_evaluation,test_minus_same_FPR,1000,0.0019487815103319921,0.0018740664884063798,0.0016136390288551614,0.002082605531743836
CodeBERT_unfrozen_s2028__fusion_TPR_0.001,pooled,0.01,threshold_only_fixed_evaluation,test_minus_same_TPR,1000,-0.0093224500539728083,-0.0090595820414206482,-0.010121687896674447,-0.0079921359264287783
CodeBERT_unfrozen_s2028__fusion_TPR_0.001,pooled,0.050000000000000003,threshold_only_fixed_evaluation,same_period_FPR,1000,0.052124456339913014,0.052345600535296084,0.050050184008029443,0.054869521579123448
CodeBERT_unfrozen_s2028__fusion_TPR_0.001,pooled,0.050000000000000003,threshold_only_fixed_evaluation,test_FPR,1000,0.050820220957482426,0.051228121861399405,0.048744559758955475,0.053431536658855042
CodeBERT_unfrozen_s2028__fusion_TPR_0.001,pooled,0.050000000000000003,threshold_only_fixed_evaluation,same_period_TPR,1000,0.98286283626702098,0.98287738292925941,0.98226502822982398,0.9836599136499502
CodeBERT_unfrozen_s2028__fusion_TPR_0.001,pooled,0.050000000000000003,threshold_only_fixed_evaluation,test_TPR,1000,0.98114835711915038,0.98135638898108191,0.98048456687686691,0.98214404248257547
CodeBERT_unfrozen_s2028__fusion_TPR_0.001,pooled,0.050000000000000003,threshold_only_fixed_evaluation,test_minus_same_FPR,1000,-0.001304235382430588,-0.0011174786738966881,-0.0015034481414556225,-0.00076772963873898009
CodeBERT_unfrozen_s2028__fusion_TPR_0.001,pooled,0.050000000000000003,threshold_only_fixed_evaluation,test_minus_same_TPR,1000,-0.0017144791478705956,-0.0015209939481773994,-0.0017804613529570634,-0.0013166018216423936
CodeBERT_unfrozen_s2028__stack,per_format,0.001,threshold_only_fixed_evaluation,same_period_FPR,1000,0.001405152224824356,0.0014326530612244902,0.0010036801605888257,0.0018066242890598862
CodeBERT_unfrozen_s2028__stack,per_format,0.001,threshold_only_fixed_evaluation,test_FPR,1000,0.0016069635085369936,0.001573819886173418,0.001004352192835621,0.00207566119852695
CodeBERT_unfrozen_s2028__stack,per_format,0.001,threshold_only_fixed_evaluation,same_period_TPR,1000,0.81042842909332446,0.80717548987047483,0.77408834274327476,0.83181833277980732
CodeBERT_unfrozen_s2028__stack,per_format,0.001,threshold_only_fixed_evaluation,test_TPR,1000,0.80391636242947229,0.80073926319283095,0.76680716893461665,0.82496017258546295
CodeBERT_unfrozen_s2028__stack,per_format,0.001,threshold_only_fixed_evaluation,test_minus_same_FPR,1000,0.00020181128371263768,0.00014116682494892828,-0.00046762243839508413,0.00060364176514645859
CodeBERT_unfrozen_s2028__stack,per_format,0.001,threshold_only_fixed_evaluation,test_minus_same_TPR,1000,-0.0065120666638521785,-0.00643622667764386,-0.0089846406742044999,-0.00457722282375847
CodeBERT_unfrozen_s2028__stack,per_format,0.0050000000000000001,threshold_only_fixed_evaluation,same_period_FPR,1000,0.0052860488457678149,0.0052713282034125121,0.004349280695884911,0.0062228169956507189
CodeBERT_unfrozen_s2028__stack,per_format,0.0050000000000000001,threshold_only_fixed_evaluation,test_FPR,1000,0.0064948108470036826,0.006517040508871778,0.0054218279209909612,0.0077669902912621356
CodeBERT_unfrozen_s2028__stack,per_format,0.0050000000000000001,threshold_only_fixed_evaluation,same_period_TPR,1000,0.91564264363998671,0.91505207572235148,0.90534540019926935,0.92427930919960144
CodeBERT_unfrozen_s2028__stack,per_format,0.0050000000000000001,threshold_only_fixed_evaluation,test_TPR,1000,0.90693660803186193,0.90588569532027874,0.89598075008297373,0.91516760703617661
CodeBERT_unfrozen_s2028__stack,per_format,0.0050000000000000001,threshold_only_fixed_evaluation,test_minus_same_FPR,1000,0.0012087620012358677,0.0012457123054592653,0.0007401987176952696,0.0018787333491410247
CodeBERT_unfrozen_s2028__stack,per_format,0.0050000000000000001,threshold_only_fixed_evaluation,test_minus_same_TPR,1000,-0.0087060356081247736,-0.009166380402072587,-0.010035481142658429,-0.0081139748348323607
CodeBERT_unfrozen_s2028__stack,per_format,0.01,threshold_only_fixed_evaluation,same_period_FPR,1000,0.010304449648711944,0.010433790565406489,0.0090331214452994309,0.011776513884242222
CodeBERT_unfrozen_s2028__stack,per_format,0.01,threshold_only_fixed_evaluation,test_FPR,1000,0.011650485436893204,0.011871844660194175,0.010378305992634751,0.01352527619685303
CodeBERT_unfrozen_s2028__stack,per_format,0.01,threshold_only_fixed_evaluation,same_period_TPR,1000,0.94559946861507804,0.94580013284623055,0.94121554300896715,0.95011790102955829
CodeBERT_unfrozen_s2028__stack,per_format,0.01,threshold_only_fixed_evaluation,test_TPR,1000,0.93667441088615999,0.93706810487885828,0.93235645536010625,0.94178559575174248
CodeBERT_unfrozen_s2028__stack,per_format,0.01,threshold_only_fixed_evaluation,test_minus_same_FPR,1000,0.0013460357881812605,0.0014380540947876845,0.0010112506038489756,0.0018825863340226519
CodeBERT_unfrozen_s2028__stack,per_format,0.01,threshold_only_fixed_evaluation,test_minus_same_TPR,1000,-0.008925057728918051,-0.0087320279673722082,-0.0095215463424683042,-0.0079295046385402523
CodeBERT_unfrozen_s2028__stack,per_format,0.050000000000000003,threshold_only_fixed_evaluation,same_period_FPR,1000,0.052124456339913014,0.052418200066912009,0.049715623954499834,0.055070257611241215
CodeBERT_unfrozen_s2028__stack,per_format,0.050000000000000003,threshold_only_fixed_evaluation,test_FPR,1000,0.050083696016069636,0.050436826247070639,0.048342818881821223,0.052895882156009377
CodeBERT_unfrozen_s2028__stack,per_format,0.050000000000000003,threshold_only_fixed_evaluation,same_period_TPR,1000,0.98279641315177679,0.98279249418797732,0.98226502822982398,0.98332779807372961
CodeBERT_unfrozen_s2028__stack,per_format,0.050000000000000003,threshold_only_fixed_evaluation,test_TPR,1000,0.98201128443411878,0.98196017258546298,0.9807500829737803,0.98294059077331564
CodeBERT_unfrozen_s2028__stack,per_format,0.050000000000000003,threshold_only_fixed_evaluation,test_minus_same_FPR,1000,-0.0020407603238433783,-0.0019813738198413717,-0.0027756723878638589,-0.00096713560703496617
CodeBERT_unfrozen_s2028__stack,per_format,0.050000000000000003,threshold_only_fixed_evaluation,test_minus_same_TPR,1000,-0.0007851287176580124,-0.0008323216025144368,-0.0016479689528703489,-0.00032073899187877729
CodeBERT_unfrozen_s2028__stack,pooled,0.001,threshold_only_fixed_evaluation,same_period_FPR,1000,0.0013382402141184342,0.0013571763131482101,0.0010705921712947475,0.001873536299765808
CodeBERT_unfrozen_s2028__stack,pooled,0.001,threshold_only_fixed_evaluation,test_FPR,1000,0.0016069635085369936,0.0016784733846668897,0.0012721794442584534,0.0022765316370940742
CodeBERT_unfrozen_s2028__stack,pooled,0.001,threshold_only_fixed_evaluation,same_period_TPR,1000,0.80890069744271009,0.80813875788774503,0.77874460312188643,0.83653271338425772
CodeBERT_unfrozen_s2028__stack,pooled,0.001,threshold_only_fixed_evaluation,test_TPR,1000,0.80212412877530703,0.80159528708927974,0.77198805177563889,0.82807832724858943
CodeBERT_unfrozen_s2028__stack,pooled,0.001,threshold_only_fixed_evaluation,test_minus_same_FPR,1000,0.00026872329441855942,0.00032129707151867977,0.00020158727296370593,0.00060359696299667229
CodeBERT_unfrozen_s2028__stack,pooled,0.001,threshold_only_fixed_evaluation,test_minus_same_TPR,1000,-0.0067765686674030601,-0.0065434707984651464,-0.0082572546530626373,-0.004910504607345767
CodeBERT_unfrozen_s2028__stack,pooled,0.0050000000000000001,threshold_only_fixed_evaluation,same_period_FPR,1000,0.0052191368350618939,0.0053170960187353625,0.0047507527601204419,0.0059551689528270328
CodeBERT_unfrozen_s2028__stack,pooled,0.0050000000000000001,threshold_only_fixed_evaluation,test_FPR,1000,0.0060930699698694343,0.006170204218279211,0.0052226314027452297,0.0072330097087378621
CodeBERT_unfrozen_s2028__stack,pooled,0.0050000000000000001,threshold_only_fixed_evaluation,same_period_TPR,1000,0.91351710395217534,0.91423287944204579,0.90773829292593822,0.92242112255064757
CodeBERT_unfrozen_s2028__stack,pooled,0.0050000000000000001,threshold_only_fixed_evaluation,test_TPR,1000,0.9036176568204447,0.90453156322602057,0.89797543976103555,0.91324593428476597
CodeBERT_unfrozen_s2028__stack,pooled,0.0050000000000000001,threshold_only_fixed_evaluation,test_minus_same_FPR,1000,0.00087393313480754048,0.00085310819954384715,0.00047020584235713989,0.0012093444291830895
CodeBERT_unfrozen_s2028__stack,pooled,0.0050000000000000001,threshold_only_fixed_evaluation,test_minus_same_TPR,1000,-0.0098994471317306321,-0.0097013162160252513,-0.01036502621266,-0.0089102310225929772
CodeBERT_unfrozen_s2028__stack,pooled,0.01,threshold_only_fixed_evaluation,same_period_FPR,1000,0.010304449648711944,0.01045051856808297,0.0093676814988290398,0.011709601873536301
CodeBERT_unfrozen_s2028__stack,pooled,0.01,threshold_only_fixed_evaluation,test_FPR,1000,0.011851355875460328,0.011980783394710414,0.010913960495480416,0.013592233009708738
CodeBERT_unfrozen_s2028__stack,pooled,0.01,threshold_only_fixed_evaluation,same_period_TPR,1000,0.94440385254068415,0.94469332447691801,0.94001992693457326,0.94898704749252738
CodeBERT_unfrozen_s2028__stack,pooled,0.01,threshold_only_fixed_evaluation,test_TPR,1000,0.93441752406239631,0.93473328908065056,0.93089943577829404,0.93873216063723863
CodeBERT_unfrozen_s2028__stack,pooled,0.01,threshold_only_fixed_evaluation,test_minus_same_FPR,1000,0.0015469062267483846,0.0015302648266274407,0.0013459461838816883,0.0018177402624487511
CodeBERT_unfrozen_s2028__stack,pooled,0.01,threshold_only_fixed_evaluation,test_minus_same_TPR,1000,-0.0099863284782878425,-0.0099600353962674571,-0.010518903857666295,-0.0093182575495117728
CodeBERT_unfrozen_s2028__stack,pooled,0.050000000000000003,threshold_only_fixed_evaluation,same_period_FPR,1000,0.053128136500501841,0.053117698226831718,0.050585480093676818,0.055135496821679494
CodeBERT_unfrozen_s2028__stack,pooled,0.050000000000000003,threshold_only_fixed_evaluation,test_FPR,1000,0.049614998326079678,0.049670773351188489,0.047537663207231337,0.051824573150318042
CodeBERT_unfrozen_s2028__stack,pooled,0.050000000000000003,threshold_only_fixed_evaluation,same_period_TPR,1000,0.98286283626702098,0.98310727333111925,0.98239621388243115,0.98412487545665894
CodeBERT_unfrozen_s2028__stack,pooled,0.050000000000000003,threshold_only_fixed_evaluation,test_TPR,1000,0.98201128443411878,0.98205536010620631,0.98055094590109526,0.98294059077331564
CodeBERT_unfrozen_s2028__stack,pooled,0.050000000000000003,threshold_only_fixed_evaluation,test_minus_same_FPR,1000,-0.0035131381744221632,-0.0034469248756432329,-0.0039139382064108941,-0.0030457845489257965
CodeBERT_unfrozen_s2028__stack,pooled,0.050000000000000003,threshold_only_fixed_evaluation,test_minus_same_TPR,1000,-0.0008515518329021976,-0.0010519132249127965,-0.0017140823287287166,-0.0007851287176580124
LightGBM,per_format,0.001,threshold_only_fixed_evaluation,same_period_FPR,1000,0.0014720642355302777,0.0014739377718300435,0.0010705921712947475,0.0019404483104717297
LightGBM,per_format,0.001,threshold_only_fixed_evaluation,test_FPR,1000,0.0014730498828255775,0.0016091730833612322,0.0011382658185470371,0.0021426180113826581
LightGBM,per_format,0.001,threshold_only_fixed_evaluation,same_period_TPR,1000,0.80777150448356028,0.80501873131849877,0.77335934905347059,0.82870142809697767
LightGBM,per_format,0.001,threshold_only_fixed_evaluation,test_TPR,1000,0.79986724195154335,0.79864420843013617,0.76681048788582806,0.82243942914039159
LightGBM,per_format,0.001,threshold_only_fixed_evaluation,test_minus_same_FPR,1000,9.8564729529983068e-07,0.0001352353115311885,-0.0004003968126406578,0.0006036865672962449
LightGBM,per_format,0.001,threshold_only_fixed_evaluation,test_minus_same_TPR,1000,-0.0079042625320169257,-0.0063745228883627571,-0.0085780443496096589,-0.004107187243411017
LightGBM,per_format,0.0050000000000000001,threshold_only_fixed_evaluation,same_period_FPR,1000,0.0051522248243559719,0.0052148544663767138,0.004349280695884911,0.0060889929742388759
LightGBM,per_format,0.0050000000000000001,threshold_only_fixed_evaluation,test_FPR,1000,0.0060930699698694343,0.006259926347505859,0.0054235018413123538,0.0072330097087378621
LightGBM,per_format,0.0050000000000000001,threshold_only_fixed_evaluation,same_period_TPR,1000,0.91252075722351378,0.91298445699103281,0.90501494520092995,0.92128860843573568
LightGBM,per_format,0.0050000000000000001,threshold_only_fixed_evaluation,test_TPR,1000,0.90394955194158644,0.90439754397610361,0.89439097245270494,0.91384002655160967
LightGBM,per_format,0.0050000000000000001,threshold_only_fixed_evaluation,test_minus_same_FPR,1000,0.00094084514551346244,0.0010450718811291441,0.0006728834876412711,0.001476640775130954
LightGBM,per_format,0.0050000000000000001,threshold_only_fixed_evaluation,test_minus_same_TPR,1000,-0.008571205281927341,-0.0085869130149293302,-0.0108233435032936,-0.0072494878001812977
LightGBM,per_format,0.01,threshold_only_fixed_evaluation,same_period_FPR,1000,0.010103713616594179,0.010135898293743726,0.0092338574774171959,0.011375041820006692
LightGBM,per_format,0.01,threshold_only_fixed_evaluation,test_FPR,1000,0.011918312688316036,0.011861667224640108,0.010713090056913292,0.013123535319718781
LightGBM,per_format,0.01,threshold_only_fixed_evaluation,same_period_TPR,1000,0.94493523746263697,0.94493224842245105,0.94141315177681839,0.94812520757223517
LightGBM,per_format,0.01,threshold_only_fixed_evaluation,test_TPR,1000,0.93614337869233322,0.93614988383670761,0.93275638898108193,0.93913043478260871
LightGBM,per_format,0.01,threshold_only_fixed_evaluation,test_minus_same_FPR,1000,0.0018145990717218577,0.0017257689308963803,0.0012789893710259802,0.0020822930367490754
LightGBM,per_format,0.01,threshold_only_fixed_evaluation,test_minus_same_TPR,1000,-0.008791858770303751,-0.0087823645857434129,-0.0093893747045213465,-0.0081297120206328261
LightGBM,per_format,0.050000000000000003,threshold_only_fixed_evaluation,same_period_FPR,1000,0.051722984275677487,0.051913817330210769,0.049044831047172971,0.054601873536299764
LightGBM,per_format,0.050000000000000003,threshold_only_fixed_evaluation,test_FPR,1000,0.051623702711750923,0.051672782055574157,0.048744559758955475,0.054235018413123538
LightGBM,per_format,0.050000000000000003,threshold_only_fixed_evaluation,same_period_TPR,1000,0.98246429757555631,0.98242803055463312,0.98166722019262709,0.98312852872799739
LightGBM,per_format,0.050000000000000003,threshold_only_fixed_evaluation,test_TPR,1000,0.98121473614337873,0.98128748755393291,0.98035180882841022,0.98214404248257547
LightGBM,per_format,0.050000000000000003,threshold_only_fixed_evaluation,test_minus_same_FPR,1000,-9.9281563926564842e-05,-0.00024103527463661831,-0.0015048034064866537,0.00070483638086889613
LightGBM,per_format,0.050000000000000003,threshold_only_fixed_evaluation,test_minus_same_TPR,1000,-0.0012495614321775816,-0.0011405430007000396,-0.0015813694735631462,-0.0007182646922562208
LightGBM,pooled,0.001,threshold_only_fixed_evaluation,same_period_FPR,1000,0.001405152224824356,0.0014598193375710941,0.0013382402141184342,0.0016728002676480427
LightGBM,pooled,0.001,threshold_only_fixed_evaluation,test_FPR,1000,0.0016069635085369936,0.0017063943756277201,0.0012721794442584534,0.0021426180113826581
LightGBM,pooled,0.001,threshold_only_fixed_evaluation,same_period_TPR,1000,0.79887080704085023,0.80391736964463634,0.78253072069080043,0.82736632348057126
LightGBM,pooled,0.001,threshold_only_fixed_evaluation,test_TPR,1000,0.79196813806837041,0.79716807168934611,0.77497510786591439,0.8191835380019914
LightGBM,pooled,0.001,threshold_only_fixed_evaluation,test_minus_same_FPR,1000,0.00020181128371263768,0.00024657503805662606,8.9604299572721736e-07,0.00053672975444053685
LightGBM,pooled,0.001,threshold_only_fixed_evaluation,test_minus_same_TPR,1000,-0.0069026689724798196,-0.0067492979552901582,-0.0081827854785798682,-0.0053052955624707243
LightGBM,pooled,0.0050000000000000001,threshold_only_fixed_evaluation,same_period_FPR,1000,0.0053529608564737369,0.0052904650384744062,0.0046169287387085979,0.0060220809635329539
LightGBM,pooled,0.0050000000000000001,threshold_only_fixed_evaluation,test_FPR,1000,0.0062269835955808504,0.0062274522932708413,0.0054235018413123538,0.006963508536993639
LightGBM,pooled,0.0050000000000000001,threshold_only_fixed_evaluation,same_period_TPR,1000,0.91431418133510467,0.91365772168714721,0.90567917635337092,0.91989372301560945
LightGBM,pooled,0.0050000000000000001,threshold_only_fixed_evaluation,test_TPR,1000,0.90547626949883842,0.90486405575838036,0.8950547626949884,0.91231330899435781
LightGBM,pooled,0.0050000000000000001,threshold_only_fixed_evaluation,test_minus_same_FPR,1000,0.00087402273910711353,0.0009369872547964343,0.00067274908119191196,0.0012754500011928575
LightGBM,pooled,0.0050000000000000001,threshold_only_fixed_evaluation,test_minus_same_TPR,1000,-0.0088379118362662545,-0.0087936659287667744,-0.010491920156020407,-0.0076468812275114484
LightGBM,pooled,0.01,threshold_only_fixed_evaluation,same_period_FPR,1000,0.010371361659417865,0.010495550351288057,0.0089662094345935098,0.011642689862830378
LightGBM,pooled,0.01,threshold_only_fixed_evaluation,test_FPR,1000,0.012453967191161701,0.012372882490793439,0.010845329762303315,0.01352527619685303
LightGBM,pooled,0.01,threshold_only_fixed_evaluation,same_period_TPR,1000,0.94393889073397541,0.94403653271338428,0.93955330454998343,0.94792427764862175
LightGBM,pooled,0.01,threshold_only_fixed_evaluation,test_TPR,1000,0.9346830401593097,0.93500789910388327,0.93149352804513774,0.93793561234649847
LightGBM,pooled,0.01,threshold_only_fixed_evaluation,test_minus_same_FPR,1000,0.002082605531743836,0.0018773321395053821,0.0016806406438606546,0.002082605531743836
LightGBM,pooled,0.01,threshold_only_fixed_evaluation,test_minus_same_TPR,1000,-0.0092558505746657138,-0.009028633609501081,-0.01005513250838308,-0.0080578094944050438
LightGBM,pooled,0.050000000000000003,threshold_only_fixed_evaluation,same_period_FPR,1000,0.052191368350618939,0.052411174305787886,0.050180662428905988,0.054734024757443961
LightGBM,pooled,0.050000000000000003,threshold_only_fixed_evaluation,test_FPR,1000,0.05135587546032809,0.051418480080348175,0.048876799464345498,0.053632407097422161
LightGBM,pooled,0.050000000000000003,threshold_only_fixed_evaluation,same_period_TPR,1000,0.98292925938226505,0.98291179010295582,0.9821986051145799,0.98352706741946194
LightGBM,pooled,0.050000000000000003,threshold_only_fixed_evaluation,test_TPR,1000,0.98134749419183542,0.98132724858944587,0.98061400597411219,0.98214404248257547
LightGBM,pooled,0.050000000000000003,threshold_only_fixed_evaluation,test_minus_same_FPR,1000,-0.00083549289029084817,-0.00099269422543971368,-0.001442082076866376,-0.00076795364948791661
LightGBM,pooled,0.050000000000000003,threshold_only_fixed_evaluation,test_minus_same_TPR,1000,-0.0015817651904296293,-0.0015845415135100635,-0.0017811668092091448,-0.0013165136396108279
TFIDF_bpe_prefix,per_format,0.001,threshold_only_fixed_evaluation,same_period_FPR,1000,0.0010036801605888257,0.0010106390097022414,0.00073603211776513886,0.0015389762462361995
TFIDF_bpe_prefix,per_format,0.001,threshold_only_fixed_evaluation,test_FPR,1000,0.00080348175426849682,0.00089876129896216924,0.00060261131570137256,0.0013391362571141614
TFIDF_bpe_prefix,per_format,0.001,threshold_only_fixed_evaluation,same_period_TPR,1000,0.34181335104616406,0.34171457987379611,0.29694619727665228,0.38640484888741278
TFIDF_bpe_prefix,per_format,0.001,threshold_only_fixed_evaluation,test_TPR,1000,0.29731164951875205,0.29688675738466647,0.2602655160969134,0.33342847660139396
TFIDF_bpe_prefix,per_format,0.001,threshold_only_fixed_evaluation,test_minus_same_FPR,1000,-0.0002001984063203289,-0.00011187771074007218,-0.000334112032031745,0.00013440756941281067
TFIDF_bpe_prefix,per_format,0.001,threshold_only_fixed_evaluation,test_minus_same_TPR,1000,-0.044501701527412008,-0.044827822489129636,-0.058009214030246212,-0.032382556690299109
TFIDF_bpe_prefix,per_format,0.0050000000000000001,threshold_only_fixed_evaluation,same_period_FPR,1000,0.0055536968885915019,0.0057691535630645706,0.004817664770826363,0.0068266978922716616
TFIDF_bpe_prefix,per_format,0.0050000000000000001,threshold_only_fixed_evaluation,test_FPR,1000,0.0044191496484767322,0.0044403080013391358,0.0039504519584867758,0.0049564780716437884
TFIDF_bpe_prefix,per_format,0.0050000000000000001,threshold_only_fixed_evaluation,same_period_TPR,1000,0.58160079707738288,0.58193397542344738,0.55993689804051805,0.6033909000332115
TFIDF_bpe_prefix,per_format,0.0050000000000000001,threshold_only_fixed_evaluation,test_TPR,1000,0.53016926651178231,0.53144600066379022,0.5076617988715566,0.55586126783936274
TFIDF_bpe_prefix,per_format,0.0050000000000000001,threshold_only_fixed_evaluation,test_minus_same_FPR,1000,-0.0011345472401147697,-0.0013288455617254339,-0.0019373569621364715,-0.00073316478017881274
TFIDF_bpe_prefix,per_format,0.0050000000000000001,threshold_only_fixed_evaluation,test_minus_same_TPR,1000,-0.051431530565600569,-0.05048797475965712,-0.05328689153158199,-0.045793830630756122
TFIDF_bpe_prefix,per_format,0.01,threshold_only_fixed_evaluation,same_period_FPR,1000,0.010839745734359318,0.010840080294412847,0.0099029775844764138,0.011642689862830378
TFIDF_bpe_prefix,per_format,0.01,threshold_only_fixed_evaluation,test_FPR,1000,0.0080348175426849678,0.0082455306327418806,0.0072982926012721792,0.0095078674255105449
TFIDF_bpe_prefix,per_format,0.01,threshold_only_fixed_evaluation,same_period_TPR,1000,0.67306542676851544,0.67413331119229492,0.65539687811358349,0.69000498173364333
TFIDF_bpe_prefix,per_format,0.01,threshold_only_fixed_evaluation,test_TPR,1000,0.63750414868901428,0.63947115831397283,0.62030866246266181,0.65721871888483241
TFIDF_bpe_prefix,per_format,0.01,threshold_only_fixed_evaluation,test_minus_same_FPR,1000,-0.0028049281916743499,-0.0025945496616709661,-0.0031399418669705447,-0.0018671295923463598
TFIDF_bpe_prefix,per_format,0.01,threshold_only_fixed_evaluation,test_minus_same_TPR,1000,-0.035561278079501157,-0.034662152878322132,-0.038880601308863852,-0.029118854828456706
TFIDF_bpe_prefix,per_format,0.050000000000000003,threshold_only_fixed_evaluation,same_period_FPR,1000,0.051254600200736029,0.051277818668450992,0.048845767815322849,0.053596520575443292
TFIDF_bpe_prefix,per_format,0.050000000000000003,threshold_only_fixed_evaluation,test_FPR,1000,0.045195848677602943,0.045338198861734187,0.042919317040508873,0.047808838299296948
TFIDF_bpe_prefix,per_format,0.050000000000000003,threshold_only_fixed_evaluation,same_period_TPR,1000,0.88907339754234471,0.88897323148455665,0.88362504151444698,0.8940567917635337
TFIDF_bpe_prefix,per_format,0.050000000000000003,threshold_only_fixed_evaluation,test_TPR,1000,0.87149020909392627,0.87109000995685371,0.86551609691337539,0.87640225688682372
TFIDF_bpe_prefix,per_format,0.050000000000000003,threshold_only_fixed_evaluation,test_minus_same_FPR,1000,-0.0060587515231330866,-0.0059396198067168055,-0.0068615702055847445,-0.0050516972006384823
TFIDF_bpe_prefix,per_format,0.050000000000000003,threshold_only_fixed_evaluation,test_minus_same_TPR,1000,-0.017583188448418441,-0.017883221527702994,-0.019641966622439635,-0.015725497272254203
TFIDF_bpe_prefix,pooled,0.001,threshold_only_fixed_evaluation,same_period_FPR,1000,0.00086985613917698224,0.00095389762462361996,0.0008029441284710606,0.0012713282034125125
TFIDF_bpe_prefix,pooled,0.001,threshold_only_fixed_evaluation,test_FPR,1000,0.00080348175426849682,0.00074047539337127532,0.00040174087713424841,0.001004352192835621
TFIDF_bpe_prefix,pooled,0.001,threshold_only_fixed_evaluation,same_period_TPR,1000,0.30939887080704087,0.31357090667552312,0.27705081368316176,0.36366821653935566
TFIDF_bpe_prefix,pooled,0.001,threshold_only_fixed_evaluation,test_TPR,1000,0.27573846664454033,0.27954045801526717,0.24805841354132094,0.32391802190507796
TFIDF_bpe_prefix,pooled,0.001,threshold_only_fixed_evaluation,test_minus_same_FPR,1000,-6.6374384908485413e-05,-0.00021342223125234445,-0.00040120325133681219,5.37625797436222e-07
TFIDF_bpe_prefix,pooled,0.001,threshold_only_fixed_evaluation,test_minus_same_TPR,1000,-0.033660404162500546,-0.03403044866025591,-0.039750194634277689,-0.028992400141840818
TFIDF_bpe_prefix,pooled,0.0050000000000000001,threshold_only_fixed_evaluation,same_period_FPR,1000,0.0050853128136500499,0.0050905319504851122,0.0038139846102375374,0.0058213449314151889
TFIDF_bpe_prefix,pooled,0.0050000000000000001,threshold_only_fixed_evaluation,test_FPR,1000,0.0042182792099096081,0.0043995982591228657,0.0029460997656511551,0.0055574154670237699
TFIDF_bpe_prefix,pooled,0.0050000000000000001,threshold_only_fixed_evaluation,same_period_TPR,1000,0.57137163732979079,0.57148502158751247,0.52567253404184655,0.5996678844237795
TFIDF_bpe_prefix,pooled,0.0050000000000000001,threshold_only_fixed_evaluation,test_TPR,1000,0.50945901095253898,0.5102897444407567,0.46452041154995022,0.54165283770328576
TFIDF_bpe_prefix,pooled,0.0050000000000000001,threshold_only_fixed_evaluation,test_minus_same_FPR,1000,-0.00086703360374044188,-0.00069093369136224655,-0.0010013056466501493,-0.00026392946439141897
TFIDF_bpe_prefix,pooled,0.0050000000000000001,threshold_only_fixed_evaluation,test_minus_same_TPR,1000,-0.061912626377251812,-0.061195277146755725,-0.062835848156273577,-0.057819786350369488
TFIDF_bpe_prefix,pooled,0.01,threshold_only_fixed_evaluation,same_period_FPR,1000,0.010973569755771162,0.01102656406825025,0.0097691535630645698,0.012581130812980929
TFIDF_bpe_prefix,pooled,0.01,threshold_only_fixed_evaluation,test_FPR,1000,0.010311349179779043,0.010187278205557416,0.0093069969869434208,0.011315701372614664
TFIDF_bpe_prefix,pooled,0.01,threshold_only_fixed_evaluation,same_period_TPR,1000,0.69000332115576224,0.68879787446031215,0.67326469611424777,0.703365991364995
TFIDF_bpe_prefix,pooled,0.01,threshold_only_fixed_evaluation,test_TPR,1000,0.63949551941586458,0.63847082641885167,0.61871888483239301,0.65735811483571194
TFIDF_bpe_prefix,pooled,0.01,threshold_only_fixed_evaluation,test_minus_same_FPR,1000,-0.00066222057599211841,-0.00083928586269283519,-0.0012635774314994734,-0.00039519976326544103
TFIDF_bpe_prefix,pooled,0.01,threshold_only_fixed_evaluation,test_minus_same_TPR,1000,-0.050507801739897662,-0.050327048041460543,-0.054545811281854761,-0.045869981326352581
TFIDF_bpe_prefix,pooled,0.050000000000000003,threshold_only_fixed_evaluation,same_period_FPR,1000,0.051455336232853796,0.051650786216125795,0.049180327868852458,0.054198728671796585
TFIDF_bpe_prefix,pooled,0.050000000000000003,threshold_only_fixed_evaluation,test_FPR,1000,0.044794107800468698,0.044897489119517915,0.043321057917643117,0.047204553063274188
TFIDF_bpe_prefix,pooled,0.050000000000000003,threshold_only_fixed_evaluation,same_period_TPR,1000,0.89013616738625045,0.89001135835270684,0.88535370308867489,0.89511790102955824
TFIDF_bpe_prefix,pooled,0.050000000000000003,threshold_only_fixed_evaluation,test_TPR,1000,0.86757384666445403,0.86780935944241622,0.86392300033189517,0.87288416860272156
TFIDF_bpe_prefix,pooled,0.050000000000000003,threshold_only_fixed_evaluation,test_minus_same_FPR,1000,-0.0066612284323850982,-0.0067532970966078833,-0.0072629437050907436,-0.0058592699512093407
TFIDF_bpe_prefix,pooled,0.050000000000000003,threshold_only_fixed_evaluation,test_minus_same_TPR,1000,-0.022562320721796425,-0.022201998910290555,-0.022695255134316139,-0.021431672759126497
TFIDF_full,per_format,0.001,threshold_only_fixed_evaluation,same_period_FPR,1000,0.00073603211776513886,0.00074626965540314498,0.00046838407494145199,0.0010036801605888257
TFIDF_full,per_format,0.001,threshold_only_fixed_evaluation,test_FPR,1000,0.001071309005691329,0.0011438232340140609,0.00087043856712420487,0.0015400066956812856
TFIDF_full,per_format,0.001,threshold_only_fixed_evaluation,same_period_TPR,1000,0.5450680836931252,0.53803188309531724,0.46260544669545001,0.58499169711059451
TFIDF_full,per_format,0.001,threshold_only_fixed_evaluation,test_TPR,1000,0.53753733820112848,0.53354045801526717,0.47401261201460337,0.57465482907401266
TFIDF_full,per_format,0.001,threshold_only_fixed_evaluation,test_minus_same_FPR,1000,0.00033527688792619017,0.000397553578610916,0.00020131846006498776,0.00066992766580911602
TFIDF_full,per_format,0.001,threshold_only_fixed_evaluation,test_minus_same_TPR,1000,-0.0075307454919967265,-0.0044914250800499956,-0.010344617032601863,0.012441947288529246
TFIDF_full,per_format,0.0050000000000000001,threshold_only_fixed_evaluation,same_period_FPR,1000,0.004349280695884911,0.0046228839076614247,0.0035463365674138509,0.0058882569421211109
TFIDF_full,per_format,0.0050000000000000001,threshold_only_fixed_evaluation,test_FPR,1000,0.0046869768998995644,0.0049772346836290593,0.0042182792099096081,0.0062286575159022414
TFIDF_full,per_format,0.0050000000000000001,threshold_only_fixed_evaluation,same_period_TPR,1000,0.7455330454998339,0.75031843241448015,0.73037695117901025,0.7781517768183327
TFIDF_full,per_format,0.0050000000000000001,threshold_only_fixed_evaluation,test_TPR,1000,0.73913043478260865,0.74365283770328572,0.72332890806505146,0.76946896780617324
TFIDF_full,per_format,0.0050000000000000001,threshold_only_fixed_evaluation,test_minus_same_FPR,1000,0.00033769620401465344,0.00035435077596763397,-6.2933579804892969e-05,0.00087286236342764645
TFIDF_full,per_format,0.0050000000000000001,threshold_only_fixed_evaluation,test_minus_same_TPR,1000,-0.0064026107172252544,-0.0066655947111944752,-0.010073508541476855,-0.0040175094241791196
TFIDF_full,per_format,0.01,threshold_only_fixed_evaluation,same_period_FPR,1000,0.011375041820006692,0.011193308798929408,0.0097022415523586487,0.012445633991301438
TFIDF_full,per_format,0.01,threshold_only_fixed_evaluation,test_FPR,1000,0.01178439906260462,0.011633143622363576,0.010445262805490459,0.012922664881151657
TFIDF_full,per_format,0.01,threshold_only_fixed_evaluation,same_period_TPR,1000,0.83885752241780143,0.83593078711391555,0.82358020591165726,0.84683493855861836
TFIDF_full,per_format,0.01,threshold_only_fixed_evaluation,test_TPR,1000,0.82880849651510125,0.82669983405243941,0.81486724195154336,0.83743776966478589
TFIDF_full,per_format,0.01,threshold_only_fixed_evaluation,test_minus_same_FPR,1000,0.00040935724259792867,0.00043983482343416802,-0.00025949405156256919,0.0012791293777440628
TFIDF_full,per_format,0.01,threshold_only_fixed_evaluation,test_minus_same_TPR,1000,-0.010049025902700182,-0.0092309530614762131,-0.010583831736338364,-0.0073192805713048845
TFIDF_full,per_format,0.050000000000000003,threshold_only_fixed_evaluation,same_period_FPR,1000,0.052994312479089999,0.05330163934426229,0.050786216125794578,0.056139176982268314
TFIDF_full,per_format,0.050000000000000003,threshold_only_fixed_evaluation,test_FPR,1000,0.052092400401740874,0.052050351523267493,0.049680281218613995,0.054235018413123538
TFIDF_full,per_format,0.050000000000000003,threshold_only_fixed_evaluation,same_period_TPR,1000,0.95230820325473264,0.9520868814347393,0.94918465626037862,0.95443374294254402
TFIDF_full,per_format,0.050000000000000003,threshold_only_fixed_evaluation,test_TPR,1000,0.94576833720544307,0.94581739130434783,0.94258214404248253,0.94875539329571856
TFIDF_full,per_format,0.050000000000000003,threshold_only_fixed_evaluation,test_minus_same_FPR,1000,-0.00090191207734912487,-0.0012512878209948025,-0.0023070676623347121,-0.00043343839810809637
TFIDF_full,per_format,0.050000000000000003,threshold_only_fixed_evaluation,test_minus_same_TPR,1000,-0.0065398660492895777,-0.0062694901303914623,-0.0070022705770841354,-0.0054789910167862693
TFIDF_full,pooled,0.001,threshold_only_fixed_evaluation,same_period_FPR,1000,0.00066912010705921711,0.00074747407159585146,0.00053529608564737373,0.0012044161927065907
TFIDF_full,pooled,0.001,threshold_only_fixed_evaluation,test_FPR,1000,0.001071309005691329,0.0011239370605959156,0.00080348175426849682,0.0016739203213927017
TFIDF_full,pooled,0.001,threshold_only_fixed_evaluation,same_period_TPR,1000,0.52706741946197277,0.52333982065758888,0.46011291929591497,0.5745599468615078
TFIDF_full,pooled,0.001,threshold_only_fixed_evaluation,test_TPR,1000,0.51842017922336536,0.51553620975771663,0.45217391304347826,0.56913375373382014
TFIDF_full,pooled,0.001,threshold_only_fixed_evaluation,test_minus_same_FPR,1000,0.00040218889863211191,0.00037646298900006412,0.00020127365791520145,0.00060328334794816792
TFIDF_full,pooled,0.001,threshold_only_fixed_evaluation,test_minus_same_TPR,1000,-0.0086472402386074121,-0.0078036108998722825,-0.0098976394000843682,-0.003226867125000199
TFIDF_full,pooled,0.0050000000000000001,threshold_only_fixed_evaluation,same_period_FPR,1000,0.004817664770826363,0.0048488457678153235,0.0040816326530612249,0.0060220809635329539
TFIDF_full,pooled,0.0050000000000000001,threshold_only_fixed_evaluation,test_FPR,1000,0.005691329092735186,0.0057166387679946432,0.0048208905256109805,0.0066287244727150987
TFIDF_full,pooled,0.0050000000000000001,threshold_only_fixed_evaluation,same_period_TPR,1000,0.75569578213218203,0.75620617734971785,0.74254400531384923,0.77276652274991697
TFIDF_full,pooled,0.0050000000000000001,threshold_only_fixed_evaluation,test_TPR,1000,0.74848987719880522,0.74935990706936617,0.73567872552273483,0.76647859276468633
TFIDF_full,pooled,0.0050000000000000001,threshold_only_fixed_evaluation,test_minus_same_FPR,1000,0.00087366432190882307,0.00086779300017932081,0.00053995550922515418,0.0011410883539835779
TFIDF_full,pooled,0.0050000000000000001,threshold_only_fixed_evaluation,test_minus_same_TPR,1000,-0.0072059049333768055,-0.0068462702803516158,-0.0073308147810280389,-0.0048891204647015796
TFIDF_full,pooled,0.01,threshold_only_fixed_evaluation,same_period_FPR,1000,0.010438273670123788,0.010438340582134494,0.0094345935095349609,0.011776513884242222
TFIDF_full,pooled,0.01,threshold_only_fixed_evaluation,test_FPR,1000,0.011516571811181788,0.011503649146300638,0.010311349179779043,0.013056578506863073
TFIDF_full,pooled,0.01,threshold_only_fixed_evaluation,same_period_TPR,1000,0.8342743274659582,0.83341076054466956,0.82019262703420792,0.84676187313184992
TFIDF_full,pooled,0.01,threshold_only_fixed_evaluation,test_TPR,1000,0.82336541652837703,0.82322376369067363,0.81108529704613341,0.83710587454364416
TFIDF_full,pooled,0.01,threshold_only_fixed_evaluation,test_minus_same_FPR,1000,0.0010782981410580005,0.0010653085641661431,0.00087675567024408235,0.0012798417319256649
TFIDF_full,pooled,0.01,threshold_only_fixed_evaluation,test_minus_same_TPR,1000,-0.010908910937581173,-0.010186996853995788,-0.011242922427479374,-0.0089773055825950188
TFIDF_full,pooled,0.050000000000000003,threshold_only_fixed_evaluation,same_period_FPR,1000,0.054064904650384743,0.053976380060220805,0.05092004014720642,0.056473737035797923
TFIDF_full,pooled,0.050000000000000003,threshold_only_fixed_evaluation,test_FPR,1000,0.051088048208905258,0.051118513558754602,0.049280214261801139,0.052828925343153664
TFIDF_full,pooled,0.050000000000000003,threshold_only_fixed_evaluation,same_period_TPR,1000,0.95277316506144138,0.95288947193623386,0.95111258718033875,0.95436731982729994
TFIDF_full,pooled,0.050000000000000003,threshold_only_fixed_evaluation,test_TPR,1000,0.94848987719880518,0.94859376037172249,0.94629936939926984,0.95041486890142712
TFIDF_full,pooled,0.050000000000000003,threshold_only_fixed_evaluation,test_minus_same_FPR,1000,-0.0029768564414794849,-0.0028578665014662068,-0.0036448116926442592,-0.0017066449316504016
TFIDF_full,pooled,0.050000000000000003,threshold_only_fixed_evaluation,test_minus_same_TPR,1000,-0.0042832878626362092,-0.0042957115645112865,-0.0046803285618403192,-0.0038858514465656135
TFIDF_prefix,per_format,0.001,threshold_only_fixed_evaluation,same_period_FPR,1000,0.00086985613917698224,0.0010719304115088656,0.00066912010705921711,0.0017397122783539645
TFIDF_prefix,per_format,0.001,threshold_only_fixed_evaluation,test_FPR,1000,0.0015400066956812856,0.0015850016739203214,0.001071309005691329,0.0021426180113826581
TFIDF_prefix,per_format,0.001,threshold_only_fixed_evaluation,same_period_TPR,1000,0.4149452009299236,0.41616731982729988,0.34850714048488873,0.46923779475257388
TFIDF_prefix,per_format,0.001,threshold_only_fixed_evaluation,test_TPR,1000,0.35778294059077331,0.36038313972784602,0.31157484234981747,0.40524726186525056
TFIDF_prefix,per_format,0.001,threshold_only_fixed_evaluation,test_minus_same_FPR,1000,0.00067015055650430336,0.00051307126241145556,0.00013463046010799766,0.00080433299511443752
TFIDF_prefix,per_format,0.001,threshold_only_fixed_evaluation,test_minus_same_TPR,1000,-0.057162260339150284,-0.055784180099453899,-0.066556638271685079,-0.035736530497810733
TFIDF_prefix,per_format,0.0050000000000000001,threshold_only_fixed_evaluation,same_period_FPR,1000,0.0068919371027099368,0.0067136835061893602,0.0054867848778855808,0.0079625292740046847
TFIDF_prefix,per_format,0.0050000000000000001,threshold_only_fixed_evaluation,test_FPR,1000,0.0058921995313023102,0.0056975560763307667,0.0048878473384666886,0.0066287244727150987
TFIDF_prefix,per_format,0.0050000000000000001,threshold_only_fixed_evaluation,same_period_TPR,1000,0.65885088010627701,0.6572989704417137,0.63292095649285951,0.67938226502822974
TFIDF_prefix,per_format,0.0050000000000000001,threshold_only_fixed_evaluation,test_TPR,1000,0.59561898440092931,0.59403584467308324,0.56733654165283776,0.61818785263856624
TFIDF_prefix,per_format,0.0050000000000000001,threshold_only_fixed_evaluation,test_minus_same_FPR,1000,-0.00099973757140762662,-0.0010161274298585944,-0.0015350347771087443,-0.00046511351800704835
TFIDF_prefix,per_format,0.0050000000000000001,threshold_only_fixed_evaluation,test_minus_same_TPR,1000,-0.063231895705347707,-0.063263125768630413,-0.067139981148886196,-0.059509707353598826
TFIDF_prefix,per_format,0.01,threshold_only_fixed_evaluation,same_period_FPR,1000,0.012244897959183673,0.012279692204750753,0.011508865841418534,0.013181666109066577
TFIDF_prefix,per_format,0.01,threshold_only_fixed_evaluation,test_FPR,1000,0.010512219618346167,0.010655172413793103,0.009574824238366253,0.011985269501171745
TFIDF_prefix,per_format,0.01,threshold_only_fixed_evaluation,same_period_TPR,1000,0.75171039521753569,0.75137881102623716,0.73842079043507147,0.76440053138492192
TFIDF_prefix,per_format,0.01,threshold_only_fixed_evaluation,test_TPR,1000,0.69943577829405912,0.69916043810155992,0.68390308662462662,0.71404248257550618
TFIDF_prefix,per_format,0.01,threshold_only_fixed_evaluation,test_minus_same_FPR,1000,-0.0017326783408375054,-0.0016245197909576486,-0.0022684235680364884,-0.0010627506750283898
TFIDF_prefix,per_format,0.01,threshold_only_fixed_evaluation,test_minus_same_TPR,1000,-0.052274616923476569,-0.052218372924677223,-0.054992527123966177,-0.048697100563780793
TFIDF_prefix,per_format,0.050000000000000003,threshold_only_fixed_evaluation,same_period_FPR,1000,0.049180327868852458,0.049511475409836067,0.047239879558380729,0.051724657075945132
TFIDF_prefix,per_format,0.050000000000000003,threshold_only_fixed_evaluation,test_FPR,1000,0.047807164378975558,0.047944224974891196,0.04526113157013726,0.050418480080348174
TFIDF_prefix,per_format,0.050000000000000003,threshold_only_fixed_evaluation,same_period_TPR,1000,0.91464629691132515,0.91476678844237791,0.91145632680172706,0.91790102955828623
TFIDF_prefix,per_format,0.050000000000000003,threshold_only_fixed_evaluation,test_TPR,1000,0.89259873879853968,0.89302017922336541,0.88887985396614666,0.89757716561566547
TFIDF_prefix,per_format,0.050000000000000003,threshold_only_fixed_evaluation,test_minus_same_FPR,1000,-0.0013731634898768996,-0.0015672504349448703,-0.0022445003401043171,-0.00097092866904125526
TFIDF_prefix,per_format,0.050000000000000003,threshold_only_fixed_evaluation,test_minus_same_TPR,1000,-0.02204755811278547,-0.021746609219012534,-0.023243620057576162,-0.019527367458824267
TFIDF_prefix,pooled,0.001,threshold_only_fixed_evaluation,same_period_FPR,1000,0.0010705921712947475,0.0010431582469053195,0.00066912010705921711,0.0012044161927065907
TFIDF_prefix,pooled,0.001,threshold_only_fixed_evaluation,test_FPR,1000,0.0014730498828255775,0.0014654837629728824,0.0011382658185470371,0.0015400066956812856
TFIDF_prefix,pooled,0.001,threshold_only_fixed_evaluation,same_period_TPR,1000,0.40139488542012619,0.40554427100631024,0.3637329790767187,0.43693125207572237
TFIDF_prefix,pooled,0.001,threshold_only_fixed_evaluation,test_TPR,1000,0.35532691669432459,0.35875346830401594,0.32001327580484568,0.38579488881513441
TFIDF_prefix,pooled,0.001,threshold_only_fixed_evaluation,test_minus_same_FPR,1000,0.00040245771153083008,0.00042232551606756296,0.00026840967937005484,0.00053628173294267356
TFIDF_prefix,pooled,0.001,threshold_only_fixed_evaluation,test_minus_same_TPR,1000,-0.0460679687258016,-0.046790802702294257,-0.051268989035997359,-0.042861052785433396
TFIDF_prefix,pooled,0.0050000000000000001,threshold_only_fixed_evaluation,same_period_FPR,1000,0.0065573770491803279,0.0066135831381733019,0.0057544329207092669,0.0077617932418869188
TFIDF_prefix,pooled,0.0050000000000000001,threshold_only_fixed_evaluation,test_FPR,1000,0.0052226314027452297,0.005489989956478071,0.0048878473384666886,0.0066956812855708068
TFIDF_prefix,pooled,0.0050000000000000001,threshold_only_fixed_evaluation,same_period_TPR,1000,0.65327133842577212,0.65657542344735975,0.6381932912653604,0.67864496844902022
TFIDF_prefix,pooled,0.0050000000000000001,threshold_only_fixed_evaluation,test_TPR,1000,0.58566213076667772,0.58848323929638235,0.56939926983073352,0.6111516760703618
TFIDF_prefix,pooled,0.0050000000000000001,threshold_only_fixed_evaluation,test_minus_same_FPR,1000,-0.0013347456464350982,-0.0011235931816952302,-0.0013347456464350982,-0.00086658558224257838
TFIDF_prefix,pooled,0.0050000000000000001,threshold_only_fixed_evaluation,test_minus_same_TPR,1000,-0.067609207659094395,-0.068092184150977328,-0.069727780966415631,-0.066948195150803969
TFIDF_prefix,pooled,0.01,threshold_only_fixed_evaluation,same_period_FPR,1000,0.012044161927065908,0.011990565406490464,0.01070090331214453,0.013315490130478421
TFIDF_prefix,pooled,0.01,threshold_only_fixed_evaluation,test_FPR,1000,0.010713090056913292,0.010826916638767996,0.010041848008034818,0.012387010378305993
TFIDF_prefix,pooled,0.01,threshold_only_fixed_evaluation,same_period_TPR,1000,0.74706077715044839,0.747610627698439,0.73560611092660244,0.76546662238458973
TFIDF_prefix,pooled,0.01,threshold_only_fixed_evaluation,test_TPR,1000,0.68821772319946894,0.68970122801194811,0.67596581480252238,0.70919681380683708
TFIDF_prefix,pooled,0.01,threshold_only_fixed_evaluation,test_minus_same_FPR,1000,-0.0013310718701526163,-0.0011636487677224698,-0.0013981182873078982,-0.00066239866453751814
TFIDF_prefix,pooled,0.01,threshold_only_fixed_evaluation,test_minus_same_TPR,1000,-0.05884305395097944,-0.05790939968649083,-0.059709486501700923,-0.055794997940398439
TFIDF_prefix,pooled,0.050000000000000003,threshold_only_fixed_evaluation,same_period_FPR,1000,0.048778855804616932,0.049052191368350623,0.046570759451321511,0.05185680829708933
TFIDF_prefix,pooled,0.050000000000000003,threshold_only_fixed_evaluation,test_FPR,1000,0.045731503180448607,0.045952527619685296,0.044459323736190159,0.047807164378975558
TFIDF_prefix,pooled,0.050000000000000003,threshold_only_fixed_evaluation,same_period_TPR,1000,0.91511125871803389,0.91533709730986379,0.91112421122550646,0.91936233809365664
TFIDF_prefix,pooled,0.050000000000000003,threshold_only_fixed_evaluation,test_TPR,1000,0.89054098904746104,0.89086226352472608,0.88549452373050119,0.8960504480584135
TFIDF_prefix,pooled,0.050000000000000003,threshold_only_fixed_evaluation,test_minus_same_FPR,1000,-0.0030473526241683244,-0.0030996637486653158,-0.004183559783932673,-0.0022451253300938417
TFIDF_prefix,pooled,0.050000000000000003,threshold_only_fixed_evaluation,test_minus_same_TPR,1000,-0.024570269670572853,-0.024474833785137637,-0.025563221391020852,-0.02331175776219585
CodeBERT_partial_s2026,per_format,0.001,threshold_and_evaluation_sampling,same_period_FPR,1000,0.0012044161927065907,0.0012206088992974241,0.00060220809635329537,0.0019404483104717297
CodeBERT_partial_s2026,per_format,0.001,threshold_and_evaluation_sampling,test_FPR,1000,0.0011382658185470371,0.0012156009373953799,0.00066956812855708072,0.0018747907599598258
CodeBERT_partial_s2026,per_format,0.001,threshold_and_evaluation_sampling,same_period_TPR,1000,0.4633676519428761,0.46429159747592158,0.40781800066423113,0.51300066423115243
CodeBERT_partial_s2026,per_format,0.001,threshold_and_evaluation_sampling,test_TPR,1000,0.40165947560570858,0.40319774311317624,0.34441918353800199,0.45416694324593426
CodeBERT_partial_s2026,per_format,0.001,threshold_and_evaluation_sampling,test_minus_same_FPR,1000,-6.6150374159553663e-05,-5.0079619020439265e-06,-0.00093609611763610873,0.00087111059937100012
CodeBERT_partial_s2026,per_format,0.001,threshold_and_evaluation_sampling,test_minus_same_TPR,1000,-0.06170817633716752,-0.061093854362745385,-0.073203120806186628,-0.048269215443363205
CodeBERT_partial_s2026,per_format,0.0050000000000000001,threshold_and_evaluation_sampling,same_period_FPR,1000,0.0050184008029441288,0.005243559718969555,0.0038808966209434594,0.0067581130812980929
CodeBERT_partial_s2026,per_format,0.0050000000000000001,threshold_and_evaluation_sampling,test_FPR,1000,0.0050217609641781055,0.0051561432875795107,0.0037495815199196517,0.0066956812855708068
CodeBERT_partial_s2026,per_format,0.0050000000000000001,threshold_and_evaluation_sampling,same_period_TPR,1000,0.67758219860511459,0.68024217867817993,0.65300398538691462,0.70608103620059781
CodeBERT_partial_s2026,per_format,0.0050000000000000001,threshold_and_evaluation_sampling,test_TPR,1000,0.65940922668436774,0.65910600730169266,0.62856953202787924,0.68602721539993361
CodeBERT_partial_s2026,per_format,0.0050000000000000001,threshold_and_evaluation_sampling,test_minus_same_FPR,1000,3.3601612339766856e-06,-8.7416431390043782e-05,-0.0017369401453359342,0.0015453297511027748
CodeBERT_partial_s2026,per_format,0.0050000000000000001,threshold_and_evaluation_sampling,test_minus_same_TPR,1000,-0.01817297192074685,-0.02113617137648734,-0.033519005377230085,-0.010269169588706949
CodeBERT_partial_s2026,per_format,0.01,threshold_and_evaluation_sampling,same_period_FPR,1000,0.010237537638006023,0.010155302776848445,0.0082970893275342919,0.011978922716627633
CodeBERT_partial_s2026,per_format,0.01,threshold_and_evaluation_sampling,test_FPR,1000,0.010311349179779043,0.010190559089387347,0.0083009708737864073,0.012253096752594577
CodeBERT_partial_s2026,per_format,0.01,threshold_and_evaluation_sampling,same_period_TPR,1000,0.78498837595483228,0.78238937230156091,0.76658585187645301,0.79641481235469946
CodeBERT_partial_s2026,per_format,0.01,threshold_and_evaluation_sampling,test_TPR,1000,0.77112512446067039,0.76842794556920013,0.75087786259541989,0.7832724858944573
CodeBERT_partial_s2026,per_format,0.01,threshold_and_evaluation_sampling,test_minus_same_FPR,1000,7.3811541773020559e-05,3.5256312538900965e-05,-0.0022694170557080017,0.0024175240024717354
CodeBERT_partial_s2026,per_format,0.01,threshold_and_evaluation_sampling,test_minus_same_TPR,1000,-0.013863251494161899,-0.013961426732360812,-0.023611288975493427,-0.0042281757463478297
CodeBERT_partial_s2026,per_format,0.050000000000000003,threshold_and_evaluation_sampling,same_period_FPR,1000,0.047574439611910338,0.047802074272331893,0.043292070926731346,0.052124456339913014
CodeBERT_partial_s2026,per_format,0.050000000000000003,threshold_and_evaluation_sampling,test_FPR,1000,0.046401071309005691,0.046128155339805826,0.042249748911951789,0.050152326749246731
CodeBERT_partial_s2026,per_format,0.050000000000000003,threshold_and_evaluation_sampling,same_period_TPR,1000,0.92348057123879113,0.92368900697442713,0.91836433078711388,0.92853038857522419
CodeBERT_partial_s2026,per_format,0.050000000000000003,threshold_and_evaluation_sampling,test_TPR,1000,0.91417192167275141,0.91414643212744773,0.90872718221042148,0.91928310653833389
CodeBERT_partial_s2026,per_format,0.050000000000000003,threshold_and_evaluation_sampling,test_minus_same_FPR,1000,-0.0011733683029046468,-0.0016739189325260583,-0.0067304404734556842,0.0029805324578694569
CodeBERT_partial_s2026,per_format,0.050000000000000003,threshold_and_evaluation_sampling,test_minus_same_TPR,1000,-0.0093086495660397173,-0.0095425748469793754,-0.015814043605794054,-0.0033293081910194676
CodeBERT_partial_s2026,pooled,0.001,threshold_and_evaluation_sampling,same_period_FPR,1000,0.0015389762462361995,0.0014563399130143862,0.00066912010705921711,0.00234192037470726
CodeBERT_partial_s2026,pooled,0.001,threshold_and_evaluation_sampling,test_FPR,1000,0.0012052226314027451,0.0011697355205892198,0.00053565450284566451,0.0018747907599598258
CodeBERT_partial_s2026,pooled,0.001,threshold_and_evaluation_sampling,same_period_TPR,1000,0.46423115244104951,0.45923327798073732,0.40763367651942872,0.49485885088010628
CodeBERT_partial_s2026,pooled,0.001,threshold_and_evaluation_sampling,test_TPR,1000,0.40477928974444077,0.40064128775307006,0.34754231662794555,0.4402024560238964
CodeBERT_partial_s2026,pooled,0.001,threshold_and_evaluation_sampling,test_minus_same_FPR,1000,-0.00033375361483345433,-0.00028660439242516618,-0.0012707009733155035,0.00067024016080387597
CodeBERT_partial_s2026,pooled,0.001,threshold_and_evaluation_sampling,test_minus_same_TPR,1000,-0.059451862696608737,-0.05859199022766727,-0.069942680577235142,-0.047176494572451037
CodeBERT_partial_s2026,pooled,0.0050000000000000001,threshold_and_evaluation_sampling,same_period_FPR,1000,0.0052191368350618939,0.0052103044496487122,0.0038792238206758114,0.0066242890598862498
CodeBERT_partial_s2026,pooled,0.0050000000000000001,threshold_and_evaluation_sampling,test_FPR,1000,0.0048878473384666886,0.0049501171744224977,0.0034147974556411114,0.0066956812855708068
CodeBERT_partial_s2026,pooled,0.0050000000000000001,threshold_and_evaluation_sampling,same_period_TPR,1000,0.67545665891730322,0.67727764862172035,0.65386914646296912,0.70256061109266021
CodeBERT_partial_s2026,pooled,0.0050000000000000001,threshold_and_evaluation_sampling,test_TPR,1000,0.65536010620643881,0.65748463325589113,0.63577331563226025,0.6851642880849651
CodeBERT_partial_s2026,pooled,0.0050000000000000001,threshold_and_evaluation_sampling,test_minus_same_FPR,1000,-0.0003312894965952053,-0.00026018727522621443,-0.0019378072237418243,0.0014757111305228874
CodeBERT_partial_s2026,pooled,0.0050000000000000001,threshold_and_evaluation_sampling,test_minus_same_TPR,1000,-0.020096552710864413,-0.019793015365829222,-0.030059364143620808,-0.0092895394175334326
CodeBERT_partial_s2026,pooled,0.01,threshold_and_evaluation_sampling,same_period_FPR,1000,0.010036801605888258,0.01020936768149883,0.0083623285379725663,0.011977249916359987
CodeBERT_partial_s2026,pooled,0.01,threshold_and_evaluation_sampling,test_FPR,1000,0.009574824238366253,0.0096992969534650149,0.0081017743555406758,0.011516571811181788
CodeBERT_partial_s2026,pooled,0.01,threshold_and_evaluation_sampling,same_period_TPR,1000,0.77177017602125542,0.77277143806044502,0.76000996346728666,0.78393058784456993
CodeBERT_partial_s2026,pooled,0.01,threshold_and_evaluation_sampling,test_TPR,1000,0.75984069034185198,0.76120365084633257,0.74762694988383671,0.77411384002655159
CodeBERT_partial_s2026,pooled,0.01,threshold_and_evaluation_sampling,test_minus_same_FPR,1000,-0.00046197736752200472,-0.00051007072803381417,-0.0028065281884485944,0.0018155191958730936
CodeBERT_partial_s2026,pooled,0.01,threshold_and_evaluation_sampling,test_minus_same_TPR,1000,-0.01192948567940344,-0.011567787214112477,-0.020705944009039488,-0.0024356185743545423
CodeBERT_partial_s2026,pooled,0.050000000000000003,threshold_and_evaluation_sampling,same_period_FPR,1000,0.048310471729675473,0.048288056206088996,0.043827367012378722,0.052460689193710268
CodeBERT_partial_s2026,pooled,0.050000000000000003,threshold_and_evaluation_sampling,test_FPR,1000,0.045128891864747236,0.044755473719450954,0.040977569467693341,0.04894710411784399
CodeBERT_partial_s2026,pooled,0.050000000000000003,threshold_and_evaluation_sampling,same_period_TPR,1000,0.92294918631683831,0.92280478246429765,0.91723679840584527,0.92866157422783124
CodeBERT_partial_s2026,pooled,0.050000000000000003,threshold_and_evaluation_sampling,test_TPR,1000,0.91523398606040496,0.9141923664122138,0.90706770660471292,0.91981745768337209
CodeBERT_partial_s2026,pooled,0.050000000000000003,threshold_and_evaluation_sampling,test_minus_same_FPR,1000,-0.003181579864928237,-0.0035325824866380387,-0.0078656468651991818,0.0011712116394193095
CodeBERT_partial_s2026,pooled,0.050000000000000003,threshold_and_evaluation_sampling,test_minus_same_TPR,1000,-0.0077152002564333522,-0.0086124160520838332,-0.015082505313242933,-0.0020733436410779681
CodeBERT_partial_s2026__format_platt,per_format,0.001,threshold_and_evaluation_sampling,same_period_FPR,1000,0.0012044161927065907,0.0012206088992974241,0.00060220809635329537,0.0019404483104717297
CodeBERT_partial_s2026__format_platt,per_format,0.001,threshold_and_evaluation_sampling,test_FPR,1000,0.0011382658185470371,0.0012156009373953799,0.00066956812855708072,0.0018747907599598258
CodeBERT_partial_s2026__format_platt,per_format,0.001,threshold_and_evaluation_sampling,same_period_TPR,1000,0.4633676519428761,0.46429159747592158,0.40781800066423113,0.51300066423115243
CodeBERT_partial_s2026__format_platt,per_format,0.001,threshold_and_evaluation_sampling,test_TPR,1000,0.40165947560570858,0.40319774311317624,0.34441918353800199,0.45416694324593426
CodeBERT_partial_s2026__format_platt,per_format,0.001,threshold_and_evaluation_sampling,test_minus_same_FPR,1000,-6.6150374159553663e-05,-5.0079619020439265e-06,-0.00093609611763610873,0.00087111059937100012
CodeBERT_partial_s2026__format_platt,per_format,0.001,threshold_and_evaluation_sampling,test_minus_same_TPR,1000,-0.06170817633716752,-0.061093854362745385,-0.073203120806186628,-0.048269215443363205
CodeBERT_partial_s2026__format_platt,per_format,0.0050000000000000001,threshold_and_evaluation_sampling,same_period_FPR,1000,0.0050184008029441288,0.005243559718969555,0.0038808966209434594,0.0067581130812980929
CodeBERT_partial_s2026__format_platt,per_format,0.0050000000000000001,threshold_and_evaluation_sampling,test_FPR,1000,0.0050217609641781055,0.0051561432875795107,0.0037495815199196517,0.0066956812855708068
CodeBERT_partial_s2026__format_platt,per_format,0.0050000000000000001,threshold_and_evaluation_sampling,same_period_TPR,1000,0.67758219860511459,0.68024217867817993,0.65300398538691462,0.70608103620059781
CodeBERT_partial_s2026__format_platt,per_format,0.0050000000000000001,threshold_and_evaluation_sampling,test_TPR,1000,0.65940922668436774,0.65910600730169266,0.62856953202787924,0.68602721539993361
CodeBERT_partial_s2026__format_platt,per_format,0.0050000000000000001,threshold_and_evaluation_sampling,test_minus_same_FPR,1000,3.3601612339766856e-06,-8.7416431390043782e-05,-0.0017369401453359342,0.0015453297511027748
CodeBERT_partial_s2026__format_platt,per_format,0.0050000000000000001,threshold_and_evaluation_sampling,test_minus_same_TPR,1000,-0.01817297192074685,-0.02113617137648734,-0.033519005377230085,-0.010269169588706949
CodeBERT_partial_s2026__format_platt,per_format,0.01,threshold_and_evaluation_sampling,same_period_FPR,1000,0.010237537638006023,0.010155302776848445,0.0082970893275342919,0.011978922716627633
CodeBERT_partial_s2026__format_platt,per_format,0.01,threshold_and_evaluation_sampling,test_FPR,1000,0.010311349179779043,0.010190559089387347,0.0083009708737864073,0.012253096752594577
CodeBERT_partial_s2026__format_platt,per_format,0.01,threshold_and_evaluation_sampling,same_period_TPR,1000,0.78498837595483228,0.78238937230156091,0.76658585187645301,0.79641481235469946
CodeBERT_partial_s2026__format_platt,per_format,0.01,threshold_and_evaluation_sampling,test_TPR,1000,0.77112512446067039,0.76842794556920013,0.75087786259541989,0.7832724858944573
CodeBERT_partial_s2026__format_platt,per_format,0.01,threshold_and_evaluation_sampling,test_minus_same_FPR,1000,7.3811541773020559e-05,3.5256312538900965e-05,-0.0022694170557080017,0.0024175240024717354
CodeBERT_partial_s2026__format_platt,per_format,0.01,threshold_and_evaluation_sampling,test_minus_same_TPR,1000,-0.013863251494161899,-0.013961426732360812,-0.023611288975493427,-0.0042281757463478297
CodeBERT_partial_s2026__format_platt,per_format,0.050000000000000003,threshold_and_evaluation_sampling,same_period_FPR,1000,0.047574439611910338,0.047802074272331893,0.043292070926731346,0.052124456339913014
CodeBERT_partial_s2026__format_platt,per_format,0.050000000000000003,threshold_and_evaluation_sampling,test_FPR,1000,0.046401071309005691,0.046128155339805826,0.042249748911951789,0.050152326749246731
CodeBERT_partial_s2026__format_platt,per_format,0.050000000000000003,threshold_and_evaluation_sampling,same_period_TPR,1000,0.92348057123879113,0.92368900697442713,0.91836433078711388,0.92853038857522419
CodeBERT_partial_s2026__format_platt,per_format,0.050000000000000003,threshold_and_evaluation_sampling,test_TPR,1000,0.91417192167275141,0.91414643212744773,0.90872718221042148,0.91928310653833389
CodeBERT_partial_s2026__format_platt,per_format,0.050000000000000003,threshold_and_evaluation_sampling,test_minus_same_FPR,1000,-0.0011733683029046468,-0.0016739189325260583,-0.0067304404734556842,0.0029805324578694569
CodeBERT_partial_s2026__format_platt,per_format,0.050000000000000003,threshold_and_evaluation_sampling,test_minus_same_TPR,1000,-0.0093086495660397173,-0.0095425748469793754,-0.015814043605794054,-0.0033293081910194676
CodeBERT_partial_s2026__format_platt,pooled,0.001,threshold_and_evaluation_sampling,same_period_FPR,1000,0.0011375041820006692,0.0012518568082970894,0.00066912010705921711,0.0020073603211776514
CodeBERT_partial_s2026__format_platt,pooled,0.001,threshold_and_evaluation_sampling,test_FPR,1000,0.0013391362571141614,0.0014455975895547373,0.00073652494141278877,0.0022782055574154655
CodeBERT_partial_s2026__format_platt,pooled,0.001,threshold_and_evaluation_sampling,same_period_TPR,1000,0.36851544337429426,0.36970886748588511,0.33828960478246434,0.40219362338093656
CodeBERT_partial_s2026__format_platt,pooled,0.001,threshold_and_evaluation_sampling,test_TPR,1000,0.32313308994357781,0.32572193826750745,0.28356289412545638,0.37418187852638568
CodeBERT_partial_s2026__format_platt,pooled,0.001,threshold_and_evaluation_sampling,test_minus_same_FPR,1000,0.00020163207511349223,0.00019374078125764785,-0.0007350935127271147,0.001073995454597892
CodeBERT_partial_s2026__format_platt,pooled,0.001,threshold_and_evaluation_sampling,test_minus_same_TPR,1000,-0.045382353430716449,-0.043986929218377623,-0.058321336535369868,-0.024753704830269965
CodeBERT_partial_s2026__format_platt,pooled,0.0050000000000000001,threshold_and_evaluation_sampling,same_period_FPR,1000,0.0052860488457678149,0.0053175644028103045,0.0039461358313817333,0.0068919371027099368
CodeBERT_partial_s2026__format_platt,pooled,0.0050000000000000001,threshold_and_evaluation_sampling,test_FPR,1000,0.0052895882156009377,0.0051529963173752927,0.003680950786742551,0.0066287244727150987
CodeBERT_partial_s2026__format_platt,pooled,0.0050000000000000001,threshold_and_evaluation_sampling,same_period_TPR,1000,0.67884423779475256,0.67716426436399868,0.64197940883427429,0.7026253736300232
CodeBERT_partial_s2026__format_platt,pooled,0.0050000000000000001,threshold_and_evaluation_sampling,test_TPR,1000,0.66053767009624964,0.66163869897112526,0.63152007965482904,0.68742449385994031
CodeBERT_partial_s2026__format_platt,pooled,0.0050000000000000001,threshold_and_evaluation_sampling,test_minus_same_FPR,1000,3.5393698331227796e-06,-0.00016456808543501147,-0.0018036729474427101,0.0015434161392800273
CodeBERT_partial_s2026__format_platt,pooled,0.0050000000000000001,threshold_and_evaluation_sampling,test_minus_same_TPR,1000,-0.018306567698502918,-0.015525565392873548,-0.026671050048483684,-0.0045744329647362005
CodeBERT_partial_s2026__format_platt,pooled,0.01,threshold_and_evaluation_sampling,same_period_FPR,1000,0.010304449648711944,0.010191033790565409,0.0083623285379725663,0.012111073937771831
CodeBERT_partial_s2026__format_platt,pooled,0.01,threshold_and_evaluation_sampling,test_FPR,1000,0.0099096083026447949,0.0099004352192835626,0.0083009708737864073,0.011650485436893204
CodeBERT_partial_s2026__format_platt,pooled,0.01,threshold_and_evaluation_sampling,same_period_TPR,1000,0.77814679508468942,0.77657841248754567,0.7631301893058785,0.78824310860179347
CodeBERT_partial_s2026__format_platt,pooled,0.01,threshold_and_evaluation_sampling,test_TPR,1000,0.76574842349817462,0.7648257550614006,0.74981413873216063,0.77703949551941587
CodeBERT_partial_s2026__format_platt,pooled,0.01,threshold_and_evaluation_sampling,test_minus_same_FPR,1000,-0.00039484134606714884,-0.00029059857128184441,-0.0025360861715588551,0.0021481006744627634
CodeBERT_partial_s2026__format_platt,pooled,0.01,threshold_and_evaluation_sampling,test_minus_same_TPR,1000,-0.0123983715865148,-0.011752657426145067,-0.021566660159567642,-0.0024312552172071943
CodeBERT_partial_s2026__format_platt,pooled,0.050000000000000003,threshold_and_evaluation_sampling,same_period_FPR,1000,0.048377383740381398,0.048308330545332893,0.04369354299096688,0.052462361993977913
CodeBERT_partial_s2026__format_platt,pooled,0.050000000000000003,threshold_and_evaluation_sampling,test_FPR,1000,0.044928021426180111,0.044806160026782726,0.041044526280549047,0.048945430197522601
CodeBERT_partial_s2026__format_platt,pooled,0.050000000000000003,threshold_and_evaluation_sampling,same_period_TPR,1000,0.92268349385586179,0.9230191962803056,0.91783294586516107,0.92906011291929591
CodeBERT_partial_s2026__format_platt,pooled,0.050000000000000003,threshold_and_evaluation_sampling,test_TPR,1000,0.91463657484234984,0.91441526717557253,0.90806339196813812,0.91974775970793232
CodeBERT_partial_s2026__format_platt,pooled,0.050000000000000003,threshold_and_evaluation_sampling,test_minus_same_FPR,1000,-0.0034493623142012875,-0.0035021705185501622,-0.0080688929377587277,0.0013706825708324787
CodeBERT_partial_s2026__format_platt,pooled,0.050000000000000003,threshold_and_evaluation_sampling,test_minus_same_TPR,1000,-0.008046919013511955,-0.0086039291047330258,-0.014820736401531542,-0.0024023298574548714
CodeBERT_partial_s2026__fusion_ROC_AUC,per_format,0.001,threshold_and_evaluation_sampling,same_period_FPR,1000,0.0014720642355302777,0.0014742723318835731,0.00086985613917698224,0.0022750083640013384
CodeBERT_partial_s2026__fusion_ROC_AUC,per_format,0.001,threshold_and_evaluation_sampling,test_FPR,1000,0.0014730498828255775,0.0015935051891529963,0.00086876464680281222,0.0024774020756611987
CodeBERT_partial_s2026__fusion_ROC_AUC,per_format,0.001,threshold_and_evaluation_sampling,same_period_TPR,1000,0.80777150448356028,0.80502829624709393,0.77103786117568918,0.83030554633012288
CodeBERT_partial_s2026__fusion_ROC_AUC,per_format,0.001,threshold_and_evaluation_sampling,test_TPR,1000,0.79986724195154335,0.79867487553932959,0.76554098904746104,0.82297378028542978
CodeBERT_partial_s2026__fusion_ROC_AUC,per_format,0.001,threshold_and_evaluation_sampling,test_minus_same_FPR,1000,9.8564729529983068e-07,0.0001192328572694232,-0.00093560777420343734,0.0012056751331155874
CodeBERT_partial_s2026__fusion_ROC_AUC,per_format,0.001,threshold_and_evaluation_sampling,test_minus_same_TPR,1000,-0.0079042625320169257,-0.0063534207077644176,-0.015603442869011211,0.0041028365624307976
CodeBERT_partial_s2026__fusion_ROC_AUC,per_format,0.0050000000000000001,threshold_and_evaluation_sampling,same_period_FPR,1000,0.0051522248243559719,0.0052291067246570755,0.0038139846102375374,0.0066912010705921709
CodeBERT_partial_s2026__fusion_ROC_AUC,per_format,0.0050000000000000001,threshold_and_evaluation_sampling,test_FPR,1000,0.0060930699698694343,0.0062620689655172408,0.0047522597924338798,0.0078356210244392346
CodeBERT_partial_s2026__fusion_ROC_AUC,per_format,0.0050000000000000001,threshold_and_evaluation_sampling,same_period_TPR,1000,0.91252075722351378,0.91299833942211883,0.90354865493191638,0.92228661574227833
CodeBERT_partial_s2026__fusion_ROC_AUC,per_format,0.0050000000000000001,threshold_and_evaluation_sampling,test_TPR,1000,0.90394955194158644,0.90447188848323923,0.89432293395287088,0.91404248257550613
CodeBERT_partial_s2026__fusion_ROC_AUC,per_format,0.0050000000000000001,threshold_and_evaluation_sampling,test_minus_same_FPR,1000,0.00094084514551346244,0.0010329622408601655,-0.00066729497948229521,0.0026830579438523764
CodeBERT_partial_s2026__fusion_ROC_AUC,per_format,0.0050000000000000001,threshold_and_evaluation_sampling,test_minus_same_TPR,1000,-0.008571205281927341,-0.0085264509388795987,-0.014944620030790955,-0.0019305945684498561
CodeBERT_partial_s2026__fusion_ROC_AUC,per_format,0.01,threshold_and_evaluation_sampling,same_period_FPR,1000,0.010103713616594179,0.010147808631649382,0.0083640013382402147,0.012179658748745398
CodeBERT_partial_s2026__fusion_ROC_AUC,per_format,0.01,threshold_and_evaluation_sampling,test_FPR,1000,0.011918312688316036,0.011876799464345496,0.0097756946769333771,0.013927017073987278
CodeBERT_partial_s2026__fusion_ROC_AUC,per_format,0.01,threshold_and_evaluation_sampling,same_period_TPR,1000,0.94493523746263697,0.94488900697442701,0.93981899701095983,0.94985220856858188
CodeBERT_partial_s2026__fusion_ROC_AUC,per_format,0.01,threshold_and_evaluation_sampling,test_TPR,1000,0.93614337869233322,0.93619780949220055,0.93089943577829404,0.94092266843677397
CodeBERT_partial_s2026__fusion_ROC_AUC,per_format,0.01,threshold_and_evaluation_sampling,test_minus_same_FPR,1000,0.0018145990717218577,0.0017289908326961164,-0.00066168743040966049,0.0041574222097473116
CodeBERT_partial_s2026__fusion_ROC_AUC,per_format,0.01,threshold_and_evaluation_sampling,test_minus_same_TPR,1000,-0.008791858770303751,-0.0086911974822266348,-0.014035792866139846,-0.0032102607950514131
CodeBERT_partial_s2026__fusion_ROC_AUC,per_format,0.050000000000000003,threshold_and_evaluation_sampling,same_period_FPR,1000,0.051722984275677487,0.0519389093342255,0.047505854800936768,0.056273001003680163
CodeBERT_partial_s2026__fusion_ROC_AUC,per_format,0.050000000000000003,threshold_and_evaluation_sampling,test_FPR,1000,0.051623702711750923,0.051624573150318043,0.047271509876129894,0.055975895547371944
CodeBERT_partial_s2026__fusion_ROC_AUC,per_format,0.050000000000000003,threshold_and_evaluation_sampling,same_period_TPR,1000,0.98246429757555631,0.98242178678180014,0.98007140484888744,0.98465626037861176
CodeBERT_partial_s2026__fusion_ROC_AUC,per_format,0.050000000000000003,threshold_and_evaluation_sampling,test_TPR,1000,0.98121473614337873,0.98132319946896784,0.97902256886823769,0.98353800199137076
CodeBERT_partial_s2026__fusion_ROC_AUC,per_format,0.050000000000000003,threshold_and_evaluation_sampling,test_minus_same_FPR,1000,-9.9281563926564842e-05,-0.0003143361839074487,-0.0053929070132501247,0.0050541092363776
CodeBERT_partial_s2026__fusion_ROC_AUC,per_format,0.050000000000000003,threshold_and_evaluation_sampling,test_minus_same_TPR,1000,-0.0012495614321775816,-0.0010985873128322599,-0.0039707420837612108,0.0017388702977896159
CodeBERT_partial_s2026__fusion_ROC_AUC,pooled,0.001,threshold_and_evaluation_sampling,same_period_FPR,1000,0.001405152224824356,0.0014601538976246238,0.00086985613917698224,0.0022080963532954165
CodeBERT_partial_s2026__fusion_ROC_AUC,pooled,0.001,threshold_and_evaluation_sampling,test_FPR,1000,0.0016069635085369936,0.0016986943421493138,0.00093739537997991292,0.0024790759959825901
CodeBERT_partial_s2026__fusion_ROC_AUC,pooled,0.001,threshold_and_evaluation_sampling,same_period_TPR,1000,0.79887080704085023,0.80387392892726661,0.78352706741946199,0.82829790767186984
CodeBERT_partial_s2026__fusion_ROC_AUC,pooled,0.001,threshold_and_evaluation_sampling,test_TPR,1000,0.79196813806837041,0.79718207766345839,0.77463491536674411,0.81978758712246935
CodeBERT_partial_s2026__fusion_ROC_AUC,pooled,0.001,threshold_and_evaluation_sampling,test_minus_same_FPR,1000,0.00020181128371263768,0.00023854044452469004,-0.00066858248126178089,0.0012060738722486863
CodeBERT_partial_s2026__fusion_ROC_AUC,pooled,0.001,threshold_and_evaluation_sampling,test_minus_same_TPR,1000,-0.0069026689724798196,-0.0066918512638083419,-0.015683481289922297,0.0026823667792715013
CodeBERT_partial_s2026__fusion_ROC_AUC,pooled,0.0050000000000000001,threshold_and_evaluation_sampling,same_period_FPR,1000,0.0053529608564737369,0.00529287387085982,0.0040147206423553029,0.0066912010705921709
CodeBERT_partial_s2026__fusion_ROC_AUC,pooled,0.0050000000000000001,threshold_and_evaluation_sampling,test_FPR,1000,0.0062269835955808504,0.006218279209909609,0.0048208905256109805,0.0077000334784064275
CodeBERT_partial_s2026__fusion_ROC_AUC,pooled,0.0050000000000000001,threshold_and_evaluation_sampling,same_period_TPR,1000,0.91431418133510467,0.91368375954832282,0.90434905347060779,0.9211590833610096
CodeBERT_partial_s2026__fusion_ROC_AUC,pooled,0.0050000000000000001,threshold_and_evaluation_sampling,test_TPR,1000,0.90547626949883842,0.904915101228012,0.89445237305011616,0.91351145038167936
CodeBERT_partial_s2026__fusion_ROC_AUC,pooled,0.0050000000000000001,threshold_and_evaluation_sampling,test_minus_same_FPR,1000,0.00087402273910711353,0.00092540533904978902,-0.00073249610809325019,0.0028155014990239287
CodeBERT_partial_s2026__fusion_ROC_AUC,pooled,0.0050000000000000001,threshold_and_evaluation_sampling,test_minus_same_TPR,1000,-0.0088379118362662545,-0.0087686583203108702,-0.015007374773523735,-0.0020599416256997642
CodeBERT_partial_s2026__fusion_ROC_AUC,pooled,0.01,threshold_and_evaluation_sampling,same_period_FPR,1000,0.010371361659417865,0.010505386416861828,0.0083623285379725663,0.012512546002007361
CodeBERT_partial_s2026__fusion_ROC_AUC,pooled,0.01,threshold_and_evaluation_sampling,test_FPR,1000,0.012453967191161701,0.012382055574154669,0.010242718446601943,0.014797455641111483
CodeBERT_partial_s2026__fusion_ROC_AUC,pooled,0.01,threshold_and_evaluation_sampling,same_period_TPR,1000,0.94393889073397541,0.94398983726336771,0.93809365659249422,0.94945366987711721
CodeBERT_partial_s2026__fusion_ROC_AUC,pooled,0.01,threshold_and_evaluation_sampling,test_TPR,1000,0.9346830401593097,0.93502449385994035,0.92983571191503489,0.94012612014603381
CodeBERT_partial_s2026__fusion_ROC_AUC,pooled,0.01,threshold_and_evaluation_sampling,test_minus_same_FPR,1000,0.002082605531743836,0.0018766691572928438,-0.00053026984446821594,0.0043601872192235262
CodeBERT_partial_s2026__fusion_ROC_AUC,pooled,0.01,threshold_and_evaluation_sampling,test_minus_same_TPR,1000,-0.0092558505746657138,-0.0089653434034273911,-0.014369217945528418,-0.0032755507711904929
CodeBERT_partial_s2026__fusion_ROC_AUC,pooled,0.050000000000000003,threshold_and_evaluation_sampling,same_period_FPR,1000,0.052191368350618939,0.052493743726998998,0.048444295751087323,0.056876881900301102
CodeBERT_partial_s2026__fusion_ROC_AUC,pooled,0.050000000000000003,threshold_and_evaluation_sampling,test_FPR,1000,0.05135587546032809,0.051364780716437894,0.047403749581519924,0.055577502510880485
CodeBERT_partial_s2026__fusion_ROC_AUC,pooled,0.050000000000000003,threshold_and_evaluation_sampling,same_period_TPR,1000,0.98292925938226505,0.98290959814015277,0.98053802723347727,0.9851212221853205
CodeBERT_partial_s2026__fusion_ROC_AUC,pooled,0.050000000000000003,threshold_and_evaluation_sampling,test_TPR,1000,0.98134749419183542,0.98135811483571178,0.97895784931961505,0.98373879853966151
CodeBERT_partial_s2026__fusion_ROC_AUC,pooled,0.050000000000000003,threshold_and_evaluation_sampling,test_minus_same_FPR,1000,-0.00083549289029084817,-0.0011289630105610988,-0.0061217657468075936,0.0038514039257659732
CodeBERT_partial_s2026__fusion_ROC_AUC,pooled,0.050000000000000003,threshold_and_evaluation_sampling,test_minus_same_TPR,1000,-0.0015817651904296293,-0.0015514833044408564,-0.004438626573677309,0.0014721560275229445
CodeBERT_partial_s2026__fusion_TPR_0.001,per_format,0.001,threshold_and_evaluation_sampling,same_period_FPR,1000,0.0011375041820006692,0.0012511207761793243,0.00066912010705921711,0.002074272331883573
CodeBERT_partial_s2026__fusion_TPR_0.001,per_format,0.001,threshold_and_evaluation_sampling,test_FPR,1000,0.0014730498828255775,0.0015306996986943421,0.00073652494141278877,0.0024104452628054903
CodeBERT_partial_s2026__fusion_TPR_0.001,per_format,0.001,threshold_and_evaluation_sampling,same_period_TPR,1000,0.79442045831949515,0.79603759548322817,0.76419295914978413,0.82359016937894391
CodeBERT_partial_s2026__fusion_TPR_0.001,per_format,0.001,threshold_and_evaluation_sampling,test_TPR,1000,0.78572850979090603,0.78760617324925331,0.75658645867905738,0.81561400597411216
CodeBERT_partial_s2026__fusion_TPR_0.001,per_format,0.001,threshold_and_evaluation_sampling,test_minus_same_FPR,1000,0.00033554570082490833,0.00027957892251501793,-0.00073554041417123357,0.0012079986846088809
CodeBERT_partial_s2026__fusion_TPR_0.001,per_format,0.001,threshold_and_evaluation_sampling,test_minus_same_TPR,1000,-0.0086919485285891218,-0.0084314222339749237,-0.018398607693904234,0.00099819965359894121
CodeBERT_partial_s2026__fusion_TPR_0.001,per_format,0.0050000000000000001,threshold_and_evaluation_sampling,same_period_FPR,1000,0.0049514887922382069,0.0051340916694546674,0.0037470725995316159,0.0066242890598862498
CodeBERT_partial_s2026__fusion_TPR_0.001,per_format,0.0050000000000000001,threshold_and_evaluation_sampling,test_FPR,1000,0.0060261131570137263,0.0063058587211248743,0.0046869768998995644,0.0079695346501506507
CodeBERT_partial_s2026__fusion_TPR_0.001,per_format,0.0050000000000000001,threshold_and_evaluation_sampling,same_period_TPR,1000,0.91305214214546659,0.91362763201594155,0.90321986051145797,0.92288276320159413
CodeBERT_partial_s2026__fusion_TPR_0.001,per_format,0.0050000000000000001,threshold_and_evaluation_sampling,test_TPR,1000,0.90421506803849983,0.9050823763690673,0.89419017590441419,0.91510288748755397
CodeBERT_partial_s2026__fusion_TPR_0.001,per_format,0.0050000000000000001,threshold_and_evaluation_sampling,test_minus_same_FPR,1000,0.0010746243647755194,0.0011717670516702074,-0.0005319359244133964,0.002882193979195897
CodeBERT_partial_s2026__fusion_TPR_0.001,per_format,0.0050000000000000001,threshold_and_evaluation_sampling,test_minus_same_TPR,1000,-0.0088370741069667691,-0.0085452556468741704,-0.014950900244848422,-0.0018029400550675118
CodeBERT_partial_s2026__fusion_TPR_0.001,per_format,0.01,threshold_and_evaluation_sampling,same_period_FPR,1000,0.010036801605888258,0.010111542321846771,0.0082970893275342919,0.012244897959183673
CodeBERT_partial_s2026__fusion_TPR_0.001,per_format,0.01,threshold_and_evaluation_sampling,test_FPR,1000,0.011717442249748912,0.011852828925343154,0.0097087378640776691,0.014060930699698694
CodeBERT_partial_s2026__fusion_TPR_0.001,per_format,0.01,threshold_and_evaluation_sampling,same_period_TPR,1000,0.94506808369312523,0.94483626702092327,0.93962138824310859,0.94965293922284955
CodeBERT_partial_s2026__fusion_TPR_0.001,per_format,0.01,threshold_and_evaluation_sampling,test_TPR,1000,0.93614337869233322,0.93612280119482261,0.93083305675406569,0.94119150348489877
CodeBERT_partial_s2026__fusion_TPR_0.001,per_format,0.01,threshold_and_evaluation_sampling,test_minus_same_FPR,1000,0.0016806406438606546,0.0017412866034963823,-0.00059571850495674272,0.0041574199696398223
CodeBERT_partial_s2026__fusion_TPR_0.001,per_format,0.01,threshold_and_evaluation_sampling,test_minus_same_TPR,1000,-0.0089247050007920103,-0.0087134658261008458,-0.014037124965953506,-0.0032129376708457417
CodeBERT_partial_s2026__fusion_TPR_0.001,per_format,0.050000000000000003,threshold_and_evaluation_sampling,same_period_FPR,1000,0.052124456339913014,0.052041017062562728,0.047507527601204413,0.056274673803947808
CodeBERT_partial_s2026__fusion_TPR_0.001,per_format,0.050000000000000003,threshold_and_evaluation_sampling,test_FPR,1000,0.051489789086039503,0.051595379979912953,0.047135922330097092,0.055913960495480412
CodeBERT_partial_s2026__fusion_TPR_0.001,per_format,0.050000000000000003,threshold_and_evaluation_sampling,same_period_TPR,1000,0.98266356692128864,0.98253390900033222,0.98020425107937559,0.98478910660910002
CodeBERT_partial_s2026__fusion_TPR_0.001,per_format,0.050000000000000003,threshold_and_evaluation_sampling,test_TPR,1000,0.98161301028874881,0.98149239960172574,0.97915698639230009,0.9837371390640558
CodeBERT_partial_s2026__fusion_TPR_0.001,per_format,0.050000000000000003,threshold_and_evaluation_sampling,test_minus_same_FPR,1000,-0.00063466725387351097,-0.00044563708264977383,-0.0057216982299678615,0.0047178411008873848
CodeBERT_partial_s2026__fusion_TPR_0.001,per_format,0.050000000000000003,threshold_and_evaluation_sampling,test_minus_same_TPR,1000,-0.0010505566325398341,-0.001041509398606259,-0.0039746931899110544,0.0019369877657351791
CodeBERT_partial_s2026__fusion_TPR_0.001,pooled,0.001,threshold_and_evaluation_sampling,same_period_FPR,1000,0.0011375041820006692,0.0011698895951823354,0.00066912010705921711,0.0018082970893275327
CodeBERT_partial_s2026__fusion_TPR_0.001,pooled,0.001,threshold_and_evaluation_sampling,test_FPR,1000,0.0014730498828255775,0.0016069635085369939,0.00093739537997991292,0.0024104452628054903
CodeBERT_partial_s2026__fusion_TPR_0.001,pooled,0.001,threshold_and_evaluation_sampling,same_period_TPR,1000,0.78997010959814018,0.79523454001992699,0.77322982397874462,0.81999667884423777
CodeBERT_partial_s2026__fusion_TPR_0.001,pooled,0.001,threshold_and_evaluation_sampling,test_TPR,1000,0.78121473614337866,0.7865425821440426,0.76374211749087284,0.80737470959176905
CodeBERT_partial_s2026__fusion_TPR_0.001,pooled,0.001,threshold_and_evaluation_sampling,test_minus_same_FPR,1000,0.00033554570082490833,0.00043707391335465841,-0.00040075522983894869,0.0013394946743124521
CodeBERT_partial_s2026__fusion_TPR_0.001,pooled,0.001,threshold_and_evaluation_sampling,test_minus_same_TPR,1000,-0.008755373454761517,-0.0086919578758844519,-0.018464787757423985,0.00074870457840003489
CodeBERT_partial_s2026__fusion_TPR_0.001,pooled,0.0050000000000000001,threshold_and_evaluation_sampling,same_period_FPR,1000,0.0055536968885915019,0.0053704248912679825,0.0040147206423553029,0.0067581130812980929
CodeBERT_partial_s2026__fusion_TPR_0.001,pooled,0.0050000000000000001,threshold_and_evaluation_sampling,test_FPR,1000,0.0061600267827251424,0.0061908269166387683,0.0046853029795781717,0.0077669902912621356
CodeBERT_partial_s2026__fusion_TPR_0.001,pooled,0.0050000000000000001,threshold_and_evaluation_sampling,same_period_TPR,1000,0.91358352706741941,0.91383055463301233,0.90415144470275655,0.92235636001328458
CodeBERT_partial_s2026__fusion_TPR_0.001,pooled,0.0050000000000000001,threshold_and_evaluation_sampling,test_TPR,1000,0.90454696315964156,0.9048017922336542,0.89425655492864253,0.91490375041486893
CodeBERT_partial_s2026__fusion_TPR_0.001,pooled,0.0050000000000000001,threshold_and_evaluation_sampling,test_minus_same_FPR,1000,0.00060632989413364046,0.00082040202537078536,-0.00086638173246105009,0.0026148584313669706
CodeBERT_partial_s2026__fusion_TPR_0.001,pooled,0.0050000000000000001,threshold_and_evaluation_sampling,test_minus_same_TPR,1000,-0.0090365639077778503,-0.0090287623993581239,-0.015411046761498359,-0.0022674273322191452
CodeBERT_partial_s2026__fusion_TPR_0.001,pooled,0.01,threshold_and_evaluation_sampling,same_period_FPR,1000,0.010371361659417865,0.010460756105720977,0.0083640013382402147,0.012514218802275007
CodeBERT_partial_s2026__fusion_TPR_0.001,pooled,0.01,threshold_and_evaluation_sampling,test_FPR,1000,0.012387010378305993,0.012364378975560763,0.010242718446601943,0.014730498828255775
CodeBERT_partial_s2026__fusion_TPR_0.001,pooled,0.01,threshold_and_evaluation_sampling,same_period_TPR,1000,0.94393889073397541,0.94396466290269021,0.93816007970773829,0.94938724676187314
CodeBERT_partial_s2026__fusion_TPR_0.001,pooled,0.01,threshold_and_evaluation_sampling,test_TPR,1000,0.93474941918353804,0.9350118818453369,0.9297029538665782,0.93999336209757711
CodeBERT_partial_s2026__fusion_TPR_0.001,pooled,0.01,threshold_and_evaluation_sampling,test_minus_same_FPR,1000,0.0020156487188881279,0.0019036228698397866,-0.00052799445528594171,0.0043589198784114444
CodeBERT_partial_s2026__fusion_TPR_0.001,pooled,0.01,threshold_and_evaluation_sampling,test_minus_same_TPR,1000,-0.009189471550437367,-0.0089527810573532592,-0.014503735776651728,-0.0034139998675065358
CodeBERT_partial_s2026__fusion_TPR_0.001,pooled,0.050000000000000003,threshold_and_evaluation_sampling,same_period_FPR,1000,0.052258280361324856,0.052506055536968889,0.048442622950819678,0.056942121110739374
CodeBERT_partial_s2026__fusion_TPR_0.001,pooled,0.050000000000000003,threshold_and_evaluation_sampling,test_FPR,1000,0.051088048208905258,0.051180247740207567,0.047137596250418481,0.055507197857381986
CodeBERT_partial_s2026__fusion_TPR_0.001,pooled,0.050000000000000003,threshold_and_evaluation_sampling,same_period_TPR,1000,0.98279641315177679,0.98282045831949516,0.98053636665559618,0.98505645964795752
CodeBERT_partial_s2026__fusion_TPR_0.001,pooled,0.050000000000000003,threshold_and_evaluation_sampling,test_TPR,1000,0.98121473614337873,0.98142681712578828,0.97908894789246603,0.98380351808828415
CodeBERT_partial_s2026__fusion_TPR_0.001,pooled,0.050000000000000003,threshold_and_evaluation_sampling,test_minus_same_FPR,1000,-0.001170232152419598,-0.0013258077967613197,-0.0061252317531204463,0.0037174959003232772
CodeBERT_partial_s2026__fusion_TPR_0.001,pooled,0.050000000000000003,threshold_and_evaluation_sampling,test_minus_same_TPR,1000,-0.0015816770083980636,-0.0013936411937069298,-0.0043058773434237665,0.0014747017325454372
CodeBERT_partial_s2026__stack,per_format,0.001,threshold_and_evaluation_sampling,same_period_FPR,1000,0.001405152224824356,0.0014377383740381399,0.0008029441284710606,0.0022080963532954165
CodeBERT_partial_s2026__stack,per_format,0.001,threshold_and_evaluation_sampling,test_FPR,1000,0.0016069635085369936,0.0016415132239705392,0.00087043856712420487,0.0024774020756611987
CodeBERT_partial_s2026__stack,per_format,0.001,threshold_and_evaluation_sampling,same_period_TPR,1000,0.80783792759880435,0.80618990368648291,0.77315509797409498,0.83374460312188636
CodeBERT_partial_s2026__stack,per_format,0.001,threshold_and_evaluation_sampling,test_TPR,1000,0.80185861267839365,0.79955692001327594,0.76771822104215071,0.82543146365748421
CodeBERT_partial_s2026__stack,per_format,0.001,threshold_and_evaluation_sampling,test_minus_same_FPR,1000,0.00020181128371263768,0.00020377484993239914,-0.00086887273198917167,0.001205895783703285
CodeBERT_partial_s2026__stack,per_format,0.001,threshold_and_evaluation_sampling,test_minus_same_TPR,1000,-0.0059793149204107054,-0.006632983673207091,-0.015945137769543587,0.00290823788822559
CodeBERT_partial_s2026__stack,per_format,0.0050000000000000001,threshold_and_evaluation_sampling,same_period_FPR,1000,0.0053529608564737369,0.0052514553362328544,0.0038139846102375374,0.0067581130812980929
CodeBERT_partial_s2026__stack,per_format,0.0050000000000000001,threshold_and_evaluation_sampling,test_FPR,1000,0.0063608972212922665,0.0064485436893203883,0.0047522597924338798,0.0081687311683963839
CodeBERT_partial_s2026__stack,per_format,0.0050000000000000001,threshold_and_evaluation_sampling,same_period_TPR,1000,0.91590833610096312,0.91547366323480572,0.90481401527731653,0.92467784789106611
CodeBERT_partial_s2026__stack,per_format,0.0050000000000000001,threshold_and_evaluation_sampling,test_TPR,1000,0.90713574510454698,0.90620066379024233,0.89565051443743782,0.91642880849651509
CodeBERT_partial_s2026__stack,per_format,0.0050000000000000001,threshold_and_evaluation_sampling,test_minus_same_FPR,1000,0.0010079363648185296,0.0011970883530875345,-0.00053203224903543831,0.0029512973750532431
CodeBERT_partial_s2026__stack,per_format,0.0050000000000000001,threshold_and_evaluation_sampling,test_minus_same_TPR,1000,-0.0087725909964161408,-0.0092729994445634283,-0.015817832126323459,-0.0027953731549426224
CodeBERT_partial_s2026__stack,per_format,0.01,threshold_and_evaluation_sampling,same_period_FPR,1000,0.0097022415523586487,0.009893877551020407,0.0079608564737370362,0.012111073937771831
CodeBERT_partial_s2026__stack,per_format,0.01,threshold_and_evaluation_sampling,test_FPR,1000,0.01111483093404754,0.011497623033143622,0.0094409106126548369,0.013793103448275862
CodeBERT_partial_s2026__stack,per_format,0.01,threshold_and_evaluation_sampling,same_period_TPR,1000,0.94486881434739289,0.94470787113915655,0.93928927266688811,0.94998505479907003
CodeBERT_partial_s2026__stack,per_format,0.01,threshold_and_evaluation_sampling,test_TPR,1000,0.9354132094258214,0.9358810487885828,0.92963823431795556,0.94158811815466315
CodeBERT_partial_s2026__stack,per_format,0.01,threshold_and_evaluation_sampling,test_minus_same_FPR,1000,0.0014125893816888911,0.0016037454821232146,-0.00066511199473395636,0.0040231468066763715
CodeBERT_partial_s2026__stack,per_format,0.01,threshold_and_evaluation_sampling,test_minus_same_TPR,1000,-0.0094556049215714921,-0.0088268223505736185,-0.014639993549484434,-0.0034743406271264196
CodeBERT_partial_s2026__stack,per_format,0.050000000000000003,threshold_and_evaluation_sampling,same_period_FPR,1000,0.052191368350618939,0.052413984610237538,0.047842087654734022,0.05667447306791569
CodeBERT_partial_s2026__stack,per_format,0.050000000000000003,threshold_and_evaluation_sampling,test_FPR,1000,0.05135587546032809,0.051422832273183797,0.047338466688985607,0.055641111483093406
CodeBERT_partial_s2026__stack,per_format,0.050000000000000003,threshold_and_evaluation_sampling,same_period_TPR,1000,0.9830621056127532,0.98288648289604774,0.98067087346396542,0.9851212221853205
CodeBERT_partial_s2026__stack,per_format,0.050000000000000003,threshold_and_evaluation_sampling,test_TPR,1000,0.98207766345834713,0.9820505808164619,0.97968635911052104,0.98433455028211081
CodeBERT_partial_s2026__stack,per_format,0.050000000000000003,threshold_and_evaluation_sampling,test_minus_same_FPR,1000,-0.00083549289029084817,-0.00099115233705374139,-0.0060552177535686908,0.0039184906648560627
CodeBERT_partial_s2026__stack,per_format,0.050000000000000003,threshold_and_evaluation_sampling,test_minus_same_TPR,1000,-0.0009844421544060733,-0.00083590207958582721,-0.0037741540229249246,0.002005921313189139
CodeBERT_partial_s2026__stack,pooled,0.001,threshold_and_evaluation_sampling,same_period_FPR,1000,0.0013382402141184342,0.0013893609902977584,0.0008029441284710606,0.0021411843425894949
CodeBERT_partial_s2026__stack,pooled,0.001,threshold_and_evaluation_sampling,test_FPR,1000,0.0016739203213927017,0.0017266822899229997,0.001004352192835621,0.0025443588885169068
CodeBERT_partial_s2026__stack,pooled,0.001,threshold_and_evaluation_sampling,same_period_TPR,1000,0.80212553968781131,0.80608827632015934,0.78030720690800404,0.83308701428096976
CodeBERT_partial_s2026__stack,pooled,0.001,threshold_and_evaluation_sampling,test_TPR,1000,0.7958181214736143,0.79959661466976428,0.77430965814802521,0.82244440756720871
CodeBERT_partial_s2026__stack,pooled,0.001,threshold_and_evaluation_sampling,test_minus_same_FPR,1000,0.00033568010727426747,0.00033732129962524114,-0.00053449076700496398,0.0012078261963322035
CodeBERT_partial_s2026__stack,pooled,0.001,threshold_and_evaluation_sampling,test_minus_same_TPR,1000,-0.0063074182141970025,-0.00649166165039506,-0.015681807484736517,0.0027160462527982985
CodeBERT_partial_s2026__stack,pooled,0.0050000000000000001,threshold_and_evaluation_sampling,same_period_FPR,1000,0.0053529608564737369,0.0053788558046169296,0.0038808966209434594,0.0068266978922716616
CodeBERT_partial_s2026__stack,pooled,0.0050000000000000001,threshold_and_evaluation_sampling,test_FPR,1000,0.0058921995313023102,0.006026849681955139,0.0044861064613324403,0.0078339471041178436
CodeBERT_partial_s2026__stack,pooled,0.0050000000000000001,threshold_and_evaluation_sampling,same_period_TPR,1000,0.91424775821986048,0.91467386250415139,0.90468116904682827,0.9232181999335769
CodeBERT_partial_s2026__stack,pooled,0.0050000000000000001,threshold_and_evaluation_sampling,test_TPR,1000,0.90540989047461007,0.90546817125788248,0.89432293395287088,0.91530202456023901
CodeBERT_partial_s2026__stack,pooled,0.0050000000000000001,threshold_and_evaluation_sampling,test_minus_same_FPR,1000,0.00053923867482857327,0.00064799387733821025,-0.00099992126022175037,0.0024127335326058286
CodeBERT_partial_s2026__stack,pooled,0.0050000000000000001,threshold_and_evaluation_sampling,test_minus_same_TPR,1000,-0.0088378677452504162,-0.009205691246268936,-0.015473054161513978,-0.0022680109870401978
CodeBERT_partial_s2026__stack,pooled,0.01,threshold_and_evaluation_sampling,same_period_FPR,1000,0.010103713616594179,0.010307126129140181,0.0082954165272666434,0.012579458012713282
CodeBERT_partial_s2026__stack,pooled,0.01,threshold_and_evaluation_sampling,test_FPR,1000,0.011851355875460328,0.012065082022095748,0.010175761633746234,0.014462671576832942
CodeBERT_partial_s2026__stack,pooled,0.01,threshold_and_evaluation_sampling,same_period_TPR,1000,0.94480239123214882,0.94476585851876449,0.9390850215875125,0.94979076718698097
CodeBERT_partial_s2026__stack,pooled,0.01,threshold_and_evaluation_sampling,test_TPR,1000,0.93481579820776639,0.9351614337869234,0.92976933289080654,0.94032691669432455
CodeBERT_partial_s2026__stack,pooled,0.01,threshold_and_evaluation_sampling,test_minus_same_FPR,1000,0.0017476422588661496,0.0017579558929555678,-0.00066133685358758267,0.0040916784150970701
CodeBERT_partial_s2026__stack,pooled,0.01,threshold_and_evaluation_sampling,test_minus_same_TPR,1000,-0.0099865930243824286,-0.0096044247318411956,-0.014964652783801982,-0.0041449798575706655
CodeBERT_partial_s2026__stack,pooled,0.050000000000000003,threshold_and_evaluation_sampling,same_period_FPR,1000,0.053128136500501841,0.053140180662428906,0.048845767815322849,0.057343593174974908
CodeBERT_partial_s2026__stack,pooled,0.050000000000000003,threshold_and_evaluation_sampling,test_FPR,1000,0.049347171074656845,0.049505724807499166,0.045528958821560092,0.053901908269166382
CodeBERT_partial_s2026__stack,pooled,0.050000000000000003,threshold_and_evaluation_sampling,same_period_TPR,1000,0.9830621056127532,0.98302444370640973,0.98080371969445368,0.98525572899368974
CodeBERT_partial_s2026__stack,pooled,0.050000000000000003,threshold_and_evaluation_sampling,test_TPR,1000,0.98154663126452046,0.98171178227680045,0.97935612346498502,0.98413707268503148
CodeBERT_partial_s2026__stack,pooled,0.050000000000000003,threshold_and_evaluation_sampling,test_minus_same_FPR,1000,-0.0037809654258449954,-0.0036344558549297429,-0.0085383035419571585,0.001506391642696583
CodeBERT_partial_s2026__stack,pooled,0.050000000000000003,threshold_and_evaluation_sampling,test_minus_same_TPR,1000,-0.0015154743482327371,-0.0013126614296092981,-0.0042375654792920076,0.0015409264382186135
CodeBERT_partial_s2027,per_format,0.001,threshold_and_evaluation_sampling,same_period_FPR,1000,0.001405152224824356,0.0014057544329207094,0.00060220809635329537,0.00234192037470726
CodeBERT_partial_s2027,per_format,0.001,threshold_and_evaluation_sampling,test_FPR,1000,0.0017408771342484097,0.0017653833277535989,0.0010696350853699364,0.0026113157013726148
CodeBERT_partial_s2027,per_format,0.001,threshold_and_evaluation_sampling,same_period_TPR,1000,0.52627034207904355,0.52175450016605784,0.46044337429425441,0.57316838259714376
CodeBERT_partial_s2027,per_format,0.001,threshold_and_evaluation_sampling,test_TPR,1000,0.44049120477928977,0.43909180219050781,0.38705277132426152,0.48855459674742779
CodeBERT_partial_s2027,per_format,0.001,threshold_and_evaluation_sampling,test_minus_same_FPR,1000,0.00033572490942405378,0.00035962889483288961,-0.00066809189772162013,0.0013398082893609565
CodeBERT_partial_s2027,per_format,0.001,threshold_and_evaluation_sampling,test_minus_same_TPR,1000,-0.085779137299753783,-0.082662697975549995,-0.096950077286039243,-0.066160041789464774
CodeBERT_partial_s2027,per_format,0.0050000000000000001,threshold_and_evaluation_sampling,same_period_FPR,1000,0.0054198728671796589,0.0056196052191368352,0.0042154566744730679,0.0070926731348277018
CodeBERT_partial_s2027,per_format,0.0050000000000000001,threshold_and_evaluation_sampling,test_FPR,1000,0.0057582859055908941,0.0056958151991965186,0.0041513223970539,0.0073652494141278873
CodeBERT_partial_s2027,per_format,0.0050000000000000001,threshold_and_evaluation_sampling,same_period_TPR,1000,0.71816672201926268,0.7194187977416141,0.70136167386250414,0.73711059448688143
CodeBERT_partial_s2027,per_format,0.0050000000000000001,threshold_and_evaluation_sampling,test_TPR,1000,0.6515101228011948,0.65408337205443079,0.63418519747759705,0.67441420511118488
CodeBERT_partial_s2027,per_format,0.0050000000000000001,threshold_and_evaluation_sampling,test_minus_same_FPR,1000,0.00033841303841123521,7.6209980059683272e-05,-0.001671450042858857,0.0017439281606488604
CodeBERT_partial_s2027,per_format,0.0050000000000000001,threshold_and_evaluation_sampling,test_minus_same_TPR,1000,-0.06665659921806788,-0.065335425687183285,-0.075955433021723806,-0.053836917583860854
CodeBERT_partial_s2027,per_format,0.01,threshold_and_evaluation_sampling,same_period_FPR,1000,0.010103713616594179,0.010156038808966211,0.0081615925058548013,0.012177985948477752
CodeBERT_partial_s2027,per_format,0.01,threshold_and_evaluation_sampling,test_FPR,1000,0.010512219618346167,0.010630867090726482,0.0087713424840977564,0.012721794442584533
CodeBERT_partial_s2027,per_format,0.01,threshold_and_evaluation_sampling,same_period_TPR,1000,0.79182995682497515,0.7910775157754899,0.7770823646629027,0.8035901693789439
CodeBERT_partial_s2027,per_format,0.01,threshold_and_evaluation_sampling,test_TPR,1000,0.7372054430799867,0.73740119482243605,0.72140557583803522,0.75333720544308003
CodeBERT_partial_s2027,per_format,0.01,threshold_and_evaluation_sampling,test_minus_same_FPR,1000,0.00040850600175198863,0.00047482828176027223,-0.0020006119973660814,0.002885199083392818
CodeBERT_partial_s2027,per_format,0.01,threshold_and_evaluation_sampling,test_minus_same_TPR,1000,-0.054624513744988445,-0.05367632095305376,-0.064514882536573837,-0.042476430320818256
CodeBERT_partial_s2027,per_format,0.050000000000000003,threshold_and_evaluation_sampling,same_period_FPR,1000,0.049180327868852458,0.049569688859150217,0.045232519237203075,0.054332552693208434
CodeBERT_partial_s2027,per_format,0.050000000000000003,threshold_and_evaluation_sampling,test_FPR,1000,0.049681955138935384,0.049342818881821224,0.04526113157013726,0.053431536658855042
CodeBERT_partial_s2027,per_format,0.050000000000000003,threshold_and_evaluation_sampling,same_period_TPR,1000,0.92281634008635005,0.92310707406177361,0.91803387578877449,0.92813184988375952
CodeBERT_partial_s2027,per_format,0.050000000000000003,threshold_and_evaluation_sampling,test_TPR,1000,0.91018918021905082,0.91062210421506806,0.90374875539329569,0.91742449385994029
CodeBERT_partial_s2027,per_format,0.050000000000000003,threshold_and_evaluation_sampling,test_minus_same_FPR,1000,0.00050162727008292579,-0.00022686997732899205,-0.0053889448231283898,0.0048532135966012184
CodeBERT_partial_s2027,per_format,0.050000000000000003,threshold_and_evaluation_sampling,test_minus_same_TPR,1000,-0.012627159867299231,-0.012484969846705458,-0.019398663579266735,-0.0058578375583365648
CodeBERT_partial_s2027,pooled,0.001,threshold_and_evaluation_sampling,same_period_FPR,1000,0.0015389762462361995,0.001555503512880562,0.0008029441284710606,0.0022750083640013384
CodeBERT_partial_s2027,pooled,0.001,threshold_and_evaluation_sampling,test_FPR,1000,0.0018078339471041178,0.0018500167392032139,0.001071309005691329,0.0026782725142283229
CodeBERT_partial_s2027,pooled,0.001,threshold_and_evaluation_sampling,same_period_TPR,1000,0.52965792095649289,0.53363387578877453,0.48426270342079042,0.57708568581866493
CodeBERT_partial_s2027,pooled,0.001,threshold_and_evaluation_sampling,test_TPR,1000,0.44307998672419513,0.44787295054762694,0.40398274145370061,0.48783272485894458
CodeBERT_partial_s2027,pooled,0.001,threshold_and_evaluation_sampling,test_minus_same_FPR,1000,0.00026885770086791834,0.0002945132263226518,-0.00066808965761413087,0.0012727193101633788
CodeBERT_partial_s2027,pooled,0.001,threshold_and_evaluation_sampling,test_minus_same_TPR,1000,-0.08657793423229776,-0.085760925241147534,-0.09793261305515133,-0.073149696273526549
CodeBERT_partial_s2027,pooled,0.0050000000000000001,threshold_and_evaluation_sampling,same_period_FPR,1000,0.0055536968885915019,0.0056150552024088318,0.0042806958849113423,0.0070274339243894266
CodeBERT_partial_s2027,pooled,0.0050000000000000001,threshold_and_evaluation_sampling,test_FPR,1000,0.0058252427184466021,0.0057959825912286579,0.0042852360227653161,0.0072982926012721792
CodeBERT_partial_s2027,pooled,0.0050000000000000001,threshold_and_evaluation_sampling,same_period_TPR,1000,0.71889737628694783,0.71984204583194944,0.70541348389239455,0.73623713052142148
CodeBERT_partial_s2027,pooled,0.0050000000000000001,threshold_and_evaluation_sampling,test_TPR,1000,0.65224029206770662,0.65393786923332231,0.63676900099568534,0.67354961832061067
CodeBERT_partial_s2027,pooled,0.0050000000000000001,threshold_and_evaluation_sampling,test_minus_same_FPR,1000,0.00027154582985510021,0.00018092738881982524,-0.0015356653673669872,0.001878420854146265
CodeBERT_partial_s2027,pooled,0.0050000000000000001,threshold_and_evaluation_sampling,test_minus_same_TPR,1000,-0.066657084219241214,-0.06590417659862724,-0.076215374911969558,-0.055033404455815976
CodeBERT_partial_s2027,pooled,0.01,threshold_and_evaluation_sampling,same_period_FPR,1000,0.010036801605888258,0.010091468718634996,0.0080963532954165269,0.012045834727333555
CodeBERT_partial_s2027,pooled,0.01,threshold_and_evaluation_sampling,test_FPR,1000,0.010579176431201875,0.010574623367927687,0.0087043856712420483,0.012453967191161701
CodeBERT_partial_s2027,pooled,0.01,threshold_and_evaluation_sampling,same_period_TPR,1000,0.78937230156094318,0.78908495516439725,0.77648455662570581,0.80006642311524412
CodeBERT_partial_s2027,pooled,0.01,threshold_and_evaluation_sampling,test_TPR,1000,0.73660803186193158,0.73700258878194491,0.72173913043478266,0.75009127115831398
CodeBERT_partial_s2027,pooled,0.01,threshold_and_evaluation_sampling,test_minus_same_FPR,1000,0.00054237482531361778,0.00048315464929269189,-0.0019337739102073073,0.0028849761926976313
CodeBERT_partial_s2027,pooled,0.01,threshold_and_evaluation_sampling,test_minus_same_TPR,1000,-0.052764269699011601,-0.052082366382452297,-0.062190998312085716,-0.042271474887465924
CodeBERT_partial_s2027,pooled,0.050000000000000003,threshold_and_evaluation_sampling,same_period_FPR,1000,0.049849447975911676,0.050061692873870862,0.045565406490465039,0.054800936768149885
CodeBERT_partial_s2027,pooled,0.050000000000000003,threshold_and_evaluation_sampling,test_FPR,1000,0.048543689320388349,0.048618011382658179,0.044926347505858721,0.052561098091730832
CodeBERT_partial_s2027,pooled,0.050000000000000003,threshold_and_evaluation_sampling,same_period_TPR,1000,0.92328130189305879,0.92349485220856853,0.91783460644304216,0.92999003653271339
CodeBERT_partial_s2027,pooled,0.050000000000000003,threshold_and_evaluation_sampling,test_TPR,1000,0.91284434118818458,0.91268981081978096,0.90633919681380681,0.91861931629605043
CodeBERT_partial_s2027,pooled,0.050000000000000003,threshold_and_evaluation_sampling,test_minus_same_FPR,1000,-0.0013057586555233272,-0.0014436814912126743,-0.0065264355644841275,0.0037140825365364343
CodeBERT_partial_s2027,pooled,0.050000000000000003,threshold_and_evaluation_sampling,test_minus_same_TPR,1000,-0.01043696070487421,-0.010805041388787632,-0.016876414977144871,-0.0050589083527453806
CodeBERT_partial_s2027__format_platt,per_format,0.001,threshold_and_evaluation_sampling,same_period_FPR,1000,0.001405152224824356,0.0014057544329207094,0.00060220809635329537,0.00234192037470726
CodeBERT_partial_s2027__format_platt,per_format,0.001,threshold_and_evaluation_sampling,test_FPR,1000,0.0017408771342484097,0.0017653833277535989,0.0010696350853699364,0.0026113157013726148
CodeBERT_partial_s2027__format_platt,per_format,0.001,threshold_and_evaluation_sampling,same_period_TPR,1000,0.52627034207904355,0.52175450016605784,0.46044337429425441,0.57316838259714376
CodeBERT_partial_s2027__format_platt,per_format,0.001,threshold_and_evaluation_sampling,test_TPR,1000,0.44049120477928977,0.43909180219050781,0.38705277132426152,0.48855459674742779
CodeBERT_partial_s2027__format_platt,per_format,0.001,threshold_and_evaluation_sampling,test_minus_same_FPR,1000,0.00033572490942405378,0.00035962889483288961,-0.00066809189772162013,0.0013398082893609565
CodeBERT_partial_s2027__format_platt,per_format,0.001,threshold_and_evaluation_sampling,test_minus_same_TPR,1000,-0.085779137299753783,-0.082662697975549995,-0.096950077286039243,-0.066160041789464774
CodeBERT_partial_s2027__format_platt,per_format,0.0050000000000000001,threshold_and_evaluation_sampling,same_period_FPR,1000,0.0054198728671796589,0.0056196052191368352,0.0042154566744730679,0.0070926731348277018
CodeBERT_partial_s2027__format_platt,per_format,0.0050000000000000001,threshold_and_evaluation_sampling,test_FPR,1000,0.0057582859055908941,0.0056958151991965186,0.0041513223970539,0.0073652494141278873
CodeBERT_partial_s2027__format_platt,per_format,0.0050000000000000001,threshold_and_evaluation_sampling,same_period_TPR,1000,0.71816672201926268,0.7194187977416141,0.70136167386250414,0.73711059448688143
CodeBERT_partial_s2027__format_platt,per_format,0.0050000000000000001,threshold_and_evaluation_sampling,test_TPR,1000,0.6515101228011948,0.65408337205443079,0.63418519747759705,0.67441420511118488
CodeBERT_partial_s2027__format_platt,per_format,0.0050000000000000001,threshold_and_evaluation_sampling,test_minus_same_FPR,1000,0.00033841303841123521,7.6209980059683272e-05,-0.001671450042858857,0.0017439281606488604
CodeBERT_partial_s2027__format_platt,per_format,0.0050000000000000001,threshold_and_evaluation_sampling,test_minus_same_TPR,1000,-0.06665659921806788,-0.065335425687183285,-0.075955433021723806,-0.053836917583860854
CodeBERT_partial_s2027__format_platt,per_format,0.01,threshold_and_evaluation_sampling,same_period_FPR,1000,0.010103713616594179,0.010156038808966211,0.0081615925058548013,0.012177985948477752
CodeBERT_partial_s2027__format_platt,per_format,0.01,threshold_and_evaluation_sampling,test_FPR,1000,0.010512219618346167,0.010630867090726482,0.0087713424840977564,0.012721794442584533
CodeBERT_partial_s2027__format_platt,per_format,0.01,threshold_and_evaluation_sampling,same_period_TPR,1000,0.79182995682497515,0.7910775157754899,0.7770823646629027,0.8035901693789439
CodeBERT_partial_s2027__format_platt,per_format,0.01,threshold_and_evaluation_sampling,test_TPR,1000,0.7372054430799867,0.73740119482243605,0.72140557583803522,0.75333720544308003
CodeBERT_partial_s2027__format_platt,per_format,0.01,threshold_and_evaluation_sampling,test_minus_same_FPR,1000,0.00040850600175198863,0.00047482828176027223,-0.0020006119973660814,0.002885199083392818
CodeBERT_partial_s2027__format_platt,per_format,0.01,threshold_and_evaluation_sampling,test_minus_same_TPR,1000,-0.054624513744988445,-0.05367632095305376,-0.064514882536573837,-0.042476430320818256
CodeBERT_partial_s2027__format_platt,per_format,0.050000000000000003,threshold_and_evaluation_sampling,same_period_FPR,1000,0.049180327868852458,0.049569688859150217,0.045232519237203075,0.054332552693208434
CodeBERT_partial_s2027__format_platt,per_format,0.050000000000000003,threshold_and_evaluation_sampling,test_FPR,1000,0.049681955138935384,0.049342818881821224,0.04526113157013726,0.053431536658855042
CodeBERT_partial_s2027__format_platt,per_format,0.050000000000000003,threshold_and_evaluation_sampling,same_period_TPR,1000,0.92281634008635005,0.92310707406177361,0.91803387578877449,0.92813184988375952
CodeBERT_partial_s2027__format_platt,per_format,0.050000000000000003,threshold_and_evaluation_sampling,test_TPR,1000,0.91018918021905082,0.91062210421506806,0.90374875539329569,0.91742449385994029
CodeBERT_partial_s2027__format_platt,per_format,0.050000000000000003,threshold_and_evaluation_sampling,test_minus_same_FPR,1000,0.00050162727008292579,-0.00022686997732899205,-0.0053889448231283898,0.0048532135966012184
CodeBERT_partial_s2027__format_platt,per_format,0.050000000000000003,threshold_and_evaluation_sampling,test_minus_same_TPR,1000,-0.012627159867299231,-0.012484969846705458,-0.019398663579266735,-0.0058578375583365648
CodeBERT_partial_s2027__format_platt,pooled,0.001,threshold_and_evaluation_sampling,same_period_FPR,1000,0.00086985613917698224,0.00089053195048511202,0.0004014720642355303,0.0016058882569421212
CodeBERT_partial_s2027__format_platt,pooled,0.001,threshold_and_evaluation_sampling,test_FPR,1000,0.0015400066956812856,0.001582390358218949,0.00093739537997991292,0.0023434884499497822
CodeBERT_partial_s2027__format_platt,pooled,0.001,threshold_and_evaluation_sampling,same_period_TPR,1000,0.19953503819329127,0.21413782796413153,0.1879109930255729,0.4019694453669877
CodeBERT_partial_s2027__format_platt,pooled,0.001,threshold_and_evaluation_sampling,test_TPR,1000,0.21042150680384999,0.21787062728177894,0.19867241951543313,0.36813806837039498
CodeBERT_partial_s2027__format_platt,pooled,0.001,threshold_and_evaluation_sampling,test_minus_same_FPR,1000,0.00067015055650430336,0.00069185840773383677,-0.00013297390061964723,0.0014754283169523593
CodeBERT_partial_s2027__format_platt,pooled,0.001,threshold_and_evaluation_sampling,test_minus_same_TPR,1000,0.010886468610558725,0.0037327993176474398,-0.043076935074766787,0.01726416018795119
CodeBERT_partial_s2027__format_platt,pooled,0.0050000000000000001,threshold_and_evaluation_sampling,same_period_FPR,1000,0.0053529608564737369,0.0053741050518568085,0.0038808966209434594,0.0069588491134158579
CodeBERT_partial_s2027__format_platt,pooled,0.0050000000000000001,threshold_and_evaluation_sampling,test_FPR,1000,0.0049548041513223975,0.0051094743890190827,0.0037495815199196517,0.0066956812855708068
CodeBERT_partial_s2027__format_platt,pooled,0.0050000000000000001,threshold_and_evaluation_sampling,same_period_TPR,1000,0.71896379940219202,0.71862185320491523,0.69816672201926278,0.738495516439721
CodeBERT_partial_s2027__format_platt,pooled,0.0050000000000000001,threshold_and_evaluation_sampling,test_TPR,1000,0.64839030866246261,0.64774756057085958,0.62475771656156653,0.67135911052107533
CodeBERT_partial_s2027__format_platt,pooled,0.0050000000000000001,threshold_and_evaluation_sampling,test_minus_same_FPR,1000,-0.00039815670515133943,-0.00026463066283772564,-0.0020038254315595076,0.0013426868274847303
CodeBERT_partial_s2027__format_platt,pooled,0.0050000000000000001,threshold_and_evaluation_sampling,test_minus_same_TPR,1000,-0.070573490739729405,-0.070874292634055688,-0.082201514570482359,-0.060142701123648487
CodeBERT_partial_s2027__format_platt,pooled,0.01,threshold_and_evaluation_sampling,same_period_FPR,1000,0.010237537638006023,0.010315824690531951,0.0082301773168283708,0.012447306791569085
CodeBERT_partial_s2027__format_platt,pooled,0.01,threshold_and_evaluation_sampling,test_FPR,1000,0.010847003682624708,0.010782792099096083,0.0088382992969534644,0.012788751255440241
CodeBERT_partial_s2027__format_platt,pooled,0.01,threshold_and_evaluation_sampling,same_period_TPR,1000,0.79528395881766856,0.79455044835602795,0.78286283626702091,0.8067784789106609
CodeBERT_partial_s2027__format_platt,pooled,0.01,threshold_and_evaluation_sampling,test_TPR,1000,0.73886491868569537,0.73870408230999007,0.72485728509790903,0.75341851974775975
CodeBERT_partial_s2027__format_platt,pooled,0.01,threshold_and_evaluation_sampling,test_minus_same_FPR,1000,0.00060946604461868496,0.00046696740856413276,-0.001933911676817902,0.0027532785933200208
CodeBERT_partial_s2027__format_platt,pooled,0.01,threshold_and_evaluation_sampling,test_minus_same_TPR,1000,-0.056419040131973186,-0.055846366046037856,-0.065785465462790918,-0.046135576787094255
CodeBERT_partial_s2027__format_platt,pooled,0.050000000000000003,threshold_and_evaluation_sampling,same_period_FPR,1000,0.049715623954499834,0.050034192037470733,0.045431582469053197,0.055070257611241215
CodeBERT_partial_s2027__format_platt,pooled,0.050000000000000003,threshold_and_evaluation_sampling,test_FPR,1000,0.048610646133244055,0.048571074656846333,0.044792433880147309,0.052495815199196515
CodeBERT_partial_s2027__format_platt,pooled,0.050000000000000003,threshold_and_evaluation_sampling,same_period_TPR,1000,0.92328130189305879,0.92358233145134505,0.9180322152108934,0.92992527399535041
CodeBERT_partial_s2027__format_platt,pooled,0.050000000000000003,threshold_and_evaluation_sampling,test_TPR,1000,0.91264520411549954,0.91279840690341851,0.90640557583803516,0.91875373382011283
CodeBERT_partial_s2027__format_platt,pooled,0.050000000000000003,threshold_and_evaluation_sampling,test_minus_same_FPR,1000,-0.0011049778212557787,-0.0014631173806243919,-0.0065973355265479096,0.0037146336029788025
CodeBERT_partial_s2027__format_platt,pooled,0.050000000000000003,threshold_and_evaluation_sampling,test_minus_same_TPR,1000,-0.01063609777755925,-0.01078392454792655,-0.016614330263533088,-0.0050602647026176603
CodeBERT_partial_s2027__fusion_ROC_AUC,per_format,0.001,threshold_and_evaluation_sampling,same_period_FPR,1000,0.0014720642355302777,0.0014742723318835731,0.00086985613917698224,0.0022750083640013384
CodeBERT_partial_s2027__fusion_ROC_AUC,per_format,0.001,threshold_and_evaluation_sampling,test_FPR,1000,0.0014730498828255775,0.0015935051891529963,0.00086876464680281222,0.0024774020756611987
CodeBERT_partial_s2027__fusion_ROC_AUC,per_format,0.001,threshold_and_evaluation_sampling,same_period_TPR,1000,0.80777150448356028,0.80502829624709393,0.77103786117568918,0.83030554633012288
CodeBERT_partial_s2027__fusion_ROC_AUC,per_format,0.001,threshold_and_evaluation_sampling,test_TPR,1000,0.79986724195154335,0.79867487553932959,0.76554098904746104,0.82297378028542978
CodeBERT_partial_s2027__fusion_ROC_AUC,per_format,0.001,threshold_and_evaluation_sampling,test_minus_same_FPR,1000,9.8564729529983068e-07,0.0001192328572694232,-0.00093560777420343734,0.0012056751331155874
CodeBERT_partial_s2027__fusion_ROC_AUC,per_format,0.001,threshold_and_evaluation_sampling,test_minus_same_TPR,1000,-0.0079042625320169257,-0.0063534207077644176,-0.015603442869011211,0.0041028365624307976
CodeBERT_partial_s2027__fusion_ROC_AUC,per_format,0.0050000000000000001,threshold_and_evaluation_sampling,same_period_FPR,1000,0.0051522248243559719,0.0052291067246570755,0.0038139846102375374,0.0066912010705921709
CodeBERT_partial_s2027__fusion_ROC_AUC,per_format,0.0050000000000000001,threshold_and_evaluation_sampling,test_FPR,1000,0.0060930699698694343,0.0062620689655172408,0.0047522597924338798,0.0078356210244392346
CodeBERT_partial_s2027__fusion_ROC_AUC,per_format,0.0050000000000000001,threshold_and_evaluation_sampling,same_period_TPR,1000,0.91252075722351378,0.91299833942211883,0.90354865493191638,0.92228661574227833
CodeBERT_partial_s2027__fusion_ROC_AUC,per_format,0.0050000000000000001,threshold_and_evaluation_sampling,test_TPR,1000,0.90394955194158644,0.90447188848323923,0.89432293395287088,0.91404248257550613
CodeBERT_partial_s2027__fusion_ROC_AUC,per_format,0.0050000000000000001,threshold_and_evaluation_sampling,test_minus_same_FPR,1000,0.00094084514551346244,0.0010329622408601655,-0.00066729497948229521,0.0026830579438523764
CodeBERT_partial_s2027__fusion_ROC_AUC,per_format,0.0050000000000000001,threshold_and_evaluation_sampling,test_minus_same_TPR,1000,-0.008571205281927341,-0.0085264509388795987,-0.014944620030790955,-0.0019305945684498561
CodeBERT_partial_s2027__fusion_ROC_AUC,per_format,0.01,threshold_and_evaluation_sampling,same_period_FPR,1000,0.010103713616594179,0.010147808631649382,0.0083640013382402147,0.012179658748745398
CodeBERT_partial_s2027__fusion_ROC_AUC,per_format,0.01,threshold_and_evaluation_sampling,test_FPR,1000,0.011918312688316036,0.011876799464345496,0.0097756946769333771,0.013927017073987278
CodeBERT_partial_s2027__fusion_ROC_AUC,per_format,0.01,threshold_and_evaluation_sampling,same_period_TPR,1000,0.94493523746263697,0.94488900697442701,0.93981899701095983,0.94985220856858188
CodeBERT_partial_s2027__fusion_ROC_AUC,per_format,0.01,threshold_and_evaluation_sampling,test_TPR,1000,0.93614337869233322,0.93619780949220055,0.93089943577829404,0.94092266843677397
CodeBERT_partial_s2027__fusion_ROC_AUC,per_format,0.01,threshold_and_evaluation_sampling,test_minus_same_FPR,1000,0.0018145990717218577,0.0017289908326961164,-0.00066168743040966049,0.0041574222097473116
CodeBERT_partial_s2027__fusion_ROC_AUC,per_format,0.01,threshold_and_evaluation_sampling,test_minus_same_TPR,1000,-0.008791858770303751,-0.0086911974822266348,-0.014035792866139846,-0.0032102607950514131
CodeBERT_partial_s2027__fusion_ROC_AUC,per_format,0.050000000000000003,threshold_and_evaluation_sampling,same_period_FPR,1000,0.051722984275677487,0.0519389093342255,0.047505854800936768,0.056273001003680163
CodeBERT_partial_s2027__fusion_ROC_AUC,per_format,0.050000000000000003,threshold_and_evaluation_sampling,test_FPR,1000,0.051623702711750923,0.051624573150318043,0.047271509876129894,0.055975895547371944
CodeBERT_partial_s2027__fusion_ROC_AUC,per_format,0.050000000000000003,threshold_and_evaluation_sampling,same_period_TPR,1000,0.98246429757555631,0.98242178678180014,0.98007140484888744,0.98465626037861176
CodeBERT_partial_s2027__fusion_ROC_AUC,per_format,0.050000000000000003,threshold_and_evaluation_sampling,test_TPR,1000,0.98121473614337873,0.98132319946896784,0.97902256886823769,0.98353800199137076
CodeBERT_partial_s2027__fusion_ROC_AUC,per_format,0.050000000000000003,threshold_and_evaluation_sampling,test_minus_same_FPR,1000,-9.9281563926564842e-05,-0.0003143361839074487,-0.0053929070132501247,0.0050541092363776
CodeBERT_partial_s2027__fusion_ROC_AUC,per_format,0.050000000000000003,threshold_and_evaluation_sampling,test_minus_same_TPR,1000,-0.0012495614321775816,-0.0010985873128322599,-0.0039707420837612108,0.0017388702977896159
CodeBERT_partial_s2027__fusion_ROC_AUC,pooled,0.001,threshold_and_evaluation_sampling,same_period_FPR,1000,0.001405152224824356,0.0014601538976246238,0.00086985613917698224,0.0022080963532954165
CodeBERT_partial_s2027__fusion_ROC_AUC,pooled,0.001,threshold_and_evaluation_sampling,test_FPR,1000,0.0016069635085369936,0.0016986943421493138,0.00093739537997991292,0.0024790759959825901
CodeBERT_partial_s2027__fusion_ROC_AUC,pooled,0.001,threshold_and_evaluation_sampling,same_period_TPR,1000,0.79887080704085023,0.80387392892726661,0.78352706741946199,0.82829790767186984
CodeBERT_partial_s2027__fusion_ROC_AUC,pooled,0.001,threshold_and_evaluation_sampling,test_TPR,1000,0.79196813806837041,0.79718207766345839,0.77463491536674411,0.81978758712246935
CodeBERT_partial_s2027__fusion_ROC_AUC,pooled,0.001,threshold_and_evaluation_sampling,test_minus_same_FPR,1000,0.00020181128371263768,0.00023854044452469004,-0.00066858248126178089,0.0012060738722486863
CodeBERT_partial_s2027__fusion_ROC_AUC,pooled,0.001,threshold_and_evaluation_sampling,test_minus_same_TPR,1000,-0.0069026689724798196,-0.0066918512638083419,-0.015683481289922297,0.0026823667792715013
CodeBERT_partial_s2027__fusion_ROC_AUC,pooled,0.0050000000000000001,threshold_and_evaluation_sampling,same_period_FPR,1000,0.0053529608564737369,0.00529287387085982,0.0040147206423553029,0.0066912010705921709
CodeBERT_partial_s2027__fusion_ROC_AUC,pooled,0.0050000000000000001,threshold_and_evaluation_sampling,test_FPR,1000,0.0062269835955808504,0.006218279209909609,0.0048208905256109805,0.0077000334784064275
CodeBERT_partial_s2027__fusion_ROC_AUC,pooled,0.0050000000000000001,threshold_and_evaluation_sampling,same_period_TPR,1000,0.91431418133510467,0.91368375954832282,0.90434905347060779,0.9211590833610096
CodeBERT_partial_s2027__fusion_ROC_AUC,pooled,0.0050000000000000001,threshold_and_evaluation_sampling,test_TPR,1000,0.90547626949883842,0.904915101228012,0.89445237305011616,0.91351145038167936
CodeBERT_partial_s2027__fusion_ROC_AUC,pooled,0.0050000000000000001,threshold_and_evaluation_sampling,test_minus_same_FPR,1000,0.00087402273910711353,0.00092540533904978902,-0.00073249610809325019,0.0028155014990239287
CodeBERT_partial_s2027__fusion_ROC_AUC,pooled,0.0050000000000000001,threshold_and_evaluation_sampling,test_minus_same_TPR,1000,-0.0088379118362662545,-0.0087686583203108702,-0.015007374773523735,-0.0020599416256997642
CodeBERT_partial_s2027__fusion_ROC_AUC,pooled,0.01,threshold_and_evaluation_sampling,same_period_FPR,1000,0.010371361659417865,0.010505386416861828,0.0083623285379725663,0.012512546002007361
CodeBERT_partial_s2027__fusion_ROC_AUC,pooled,0.01,threshold_and_evaluation_sampling,test_FPR,1000,0.012453967191161701,0.012382055574154669,0.010242718446601943,0.014797455641111483
CodeBERT_partial_s2027__fusion_ROC_AUC,pooled,0.01,threshold_and_evaluation_sampling,same_period_TPR,1000,0.94393889073397541,0.94398983726336771,0.93809365659249422,0.94945366987711721
CodeBERT_partial_s2027__fusion_ROC_AUC,pooled,0.01,threshold_and_evaluation_sampling,test_TPR,1000,0.9346830401593097,0.93502449385994035,0.92983571191503489,0.94012612014603381
CodeBERT_partial_s2027__fusion_ROC_AUC,pooled,0.01,threshold_and_evaluation_sampling,test_minus_same_FPR,1000,0.002082605531743836,0.0018766691572928438,-0.00053026984446821594,0.0043601872192235262
CodeBERT_partial_s2027__fusion_ROC_AUC,pooled,0.01,threshold_and_evaluation_sampling,test_minus_same_TPR,1000,-0.0092558505746657138,-0.0089653434034273911,-0.014369217945528418,-0.0032755507711904929
CodeBERT_partial_s2027__fusion_ROC_AUC,pooled,0.050000000000000003,threshold_and_evaluation_sampling,same_period_FPR,1000,0.052191368350618939,0.052493743726998998,0.048444295751087323,0.056876881900301102
CodeBERT_partial_s2027__fusion_ROC_AUC,pooled,0.050000000000000003,threshold_and_evaluation_sampling,test_FPR,1000,0.05135587546032809,0.051364780716437894,0.047403749581519924,0.055577502510880485
CodeBERT_partial_s2027__fusion_ROC_AUC,pooled,0.050000000000000003,threshold_and_evaluation_sampling,same_period_TPR,1000,0.98292925938226505,0.98290959814015277,0.98053802723347727,0.9851212221853205
CodeBERT_partial_s2027__fusion_ROC_AUC,pooled,0.050000000000000003,threshold_and_evaluation_sampling,test_TPR,1000,0.98134749419183542,0.98135811483571178,0.97895784931961505,0.98373879853966151
CodeBERT_partial_s2027__fusion_ROC_AUC,pooled,0.050000000000000003,threshold_and_evaluation_sampling,test_minus_same_FPR,1000,-0.00083549289029084817,-0.0011289630105610988,-0.0061217657468075936,0.0038514039257659732
CodeBERT_partial_s2027__fusion_ROC_AUC,pooled,0.050000000000000003,threshold_and_evaluation_sampling,test_minus_same_TPR,1000,-0.0015817651904296293,-0.0015514833044408564,-0.004438626573677309,0.0014721560275229445
CodeBERT_partial_s2027__fusion_TPR_0.001,per_format,0.001,threshold_and_evaluation_sampling,same_period_FPR,1000,0.0011375041820006692,0.0011355637336901974,0.00053529608564737373,0.001873536299765808
CodeBERT_partial_s2027__fusion_TPR_0.001,per_format,0.001,threshold_and_evaluation_sampling,test_FPR,1000,0.0018747907599598258,0.0017430197522597926,0.00093739537997991292,0.0026113157013726148
CodeBERT_partial_s2027__fusion_TPR_0.001,per_format,0.001,threshold_and_evaluation_sampling,same_period_TPR,1000,0.7966124211225506,0.79747685154433745,0.7674327465958154,0.82039189637994026
CodeBERT_partial_s2027__fusion_TPR_0.001,per_format,0.001,threshold_and_evaluation_sampling,test_TPR,1000,0.78420179223365416,0.78512771324261532,0.75159973448390305,0.80950381679389316
CodeBERT_partial_s2027__fusion_TPR_0.001,per_format,0.001,threshold_and_evaluation_sampling,test_minus_same_FPR,1000,0.00073728657795915664,0.00060745601856959501,-0.00040057602123980303,0.001540636165885784
CodeBERT_partial_s2027__fusion_TPR_0.001,per_format,0.001,threshold_and_evaluation_sampling,test_minus_same_TPR,1000,-0.012410628888896436,-0.012349138301722096,-0.022295711718829877,-0.002353322142298748
CodeBERT_partial_s2027__fusion_TPR_0.001,per_format,0.0050000000000000001,threshold_and_evaluation_sampling,same_period_FPR,1000,0.0053529608564737369,0.0053892940782870533,0.0038139846102375374,0.0068919371027099368
CodeBERT_partial_s2027__fusion_TPR_0.001,per_format,0.0050000000000000001,threshold_and_evaluation_sampling,test_FPR,1000,0.0064948108470036826,0.0064331436223635753,0.0046869768998995644,0.0080348175426849678
CodeBERT_partial_s2027__fusion_TPR_0.001,per_format,0.0050000000000000001,threshold_and_evaluation_sampling,same_period_TPR,1000,0.91444702756559282,0.91411464629691142,0.9016921288608436,0.92394719362338096
CodeBERT_partial_s2027__fusion_TPR_0.001,per_format,0.0050000000000000001,threshold_and_evaluation_sampling,test_TPR,1000,0.90673747095917689,0.90528755393295712,0.89226020577497511,0.91497012943909728
CodeBERT_partial_s2027__fusion_TPR_0.001,per_format,0.0050000000000000001,threshold_and_evaluation_sampling,test_minus_same_FPR,1000,0.0011418499905299457,0.0010438495440765229,-0.00066553817518379751,0.0026820840571213961
CodeBERT_partial_s2027__fusion_TPR_0.001,per_format,0.0050000000000000001,threshold_and_evaluation_sampling,test_minus_same_TPR,1000,-0.0077095566064159238,-0.0088270923639541411,-0.01541176434277986,-0.0023290301971651039
CodeBERT_partial_s2027__fusion_TPR_0.001,per_format,0.01,threshold_and_evaluation_sampling,same_period_FPR,1000,0.010103713616594179,0.010142455670792907,0.0080294412847106058,0.012447306791569085
CodeBERT_partial_s2027__fusion_TPR_0.001,per_format,0.01,threshold_and_evaluation_sampling,test_FPR,1000,0.011650485436893204,0.011773418145296283,0.0095078674255105449,0.014127887512554402
CodeBERT_partial_s2027__fusion_TPR_0.001,per_format,0.01,threshold_and_evaluation_sampling,same_period_TPR,1000,0.94553304549983397,0.94505599468615087,0.93875622716705409,0.95051976087678514
CodeBERT_partial_s2027__fusion_TPR_0.001,per_format,0.01,threshold_and_evaluation_sampling,test_TPR,1000,0.93601062064387652,0.93599442416196488,0.92990375041486895,0.94132094258214405
CodeBERT_partial_s2027__fusion_TPR_0.001,per_format,0.01,threshold_and_evaluation_sampling,test_minus_same_FPR,1000,0.0015467718202990255,0.0016309624745033768,-0.00086219833172474956,0.0039562459965078968
CodeBERT_partial_s2027__fusion_TPR_0.001,per_format,0.01,threshold_and_evaluation_sampling,test_minus_same_TPR,1000,-0.0095224248559574454,-0.00906157052418596,-0.014703312657218939,-0.0035456865042802557
CodeBERT_partial_s2027__fusion_TPR_0.001,per_format,0.050000000000000003,threshold_and_evaluation_sampling,same_period_FPR,1000,0.05346269655403145,0.052841820006691201,0.048174974907995986,0.057075945132151223
CodeBERT_partial_s2027__fusion_TPR_0.001,per_format,0.050000000000000003,threshold_and_evaluation_sampling,test_FPR,1000,0.051088048208905258,0.0511641781051222,0.047068965517241379,0.055174087713424837
CodeBERT_partial_s2027__fusion_TPR_0.001,per_format,0.050000000000000003,threshold_and_evaluation_sampling,same_period_TPR,1000,0.98286283626702098,0.98280617734971765,0.98060445034872135,0.98492195283958817
CodeBERT_partial_s2027__fusion_TPR_0.001,per_format,0.050000000000000003,threshold_and_evaluation_sampling,test_TPR,1000,0.98194490540989043,0.9819488217723199,0.97968635911052104,0.98420179223365412
CodeBERT_partial_s2027__fusion_TPR_0.001,per_format,0.050000000000000003,threshold_and_evaluation_sampling,test_minus_same_FPR,1000,-0.0023746483451261916,-0.0016776419015690049,-0.0067916687714343286,0.003182839365364109
CodeBERT_partial_s2027__fusion_TPR_0.001,per_format,0.050000000000000003,threshold_and_evaluation_sampling,test_minus_same_TPR,1000,-0.00091793085713054445,-0.00085735557739775739,-0.0035757620884062286,0.0020704060771529419
CodeBERT_partial_s2027__fusion_TPR_0.001,pooled,0.001,threshold_and_evaluation_sampling,same_period_FPR,1000,0.0010705921712947475,0.0011765807962529273,0.00060220809635329537,0.0018752091000334545
CodeBERT_partial_s2027__fusion_TPR_0.001,pooled,0.001,threshold_and_evaluation_sampling,test_FPR,1000,0.0018078339471041178,0.001796585202544359,0.001004352192835621,0.0026113157013726148
CodeBERT_partial_s2027__fusion_TPR_0.001,pooled,0.001,threshold_and_evaluation_sampling,same_period_TPR,1000,0.79847226834938556,0.79853032215210895,0.77262703420790435,0.82126369976751901
CodeBERT_partial_s2027__fusion_TPR_0.001,pooled,0.001,threshold_and_evaluation_sampling,test_TPR,1000,0.78592764686359107,0.78647839362761363,0.75684865582475935,0.81141885164288086
CodeBERT_partial_s2027__fusion_TPR_0.001,pooled,0.001,threshold_and_evaluation_sampling,test_minus_same_FPR,1000,0.00073724177580937033,0.00062000440629143133,-0.00026670943778566255,0.0014737667172221593
CodeBERT_partial_s2027__fusion_TPR_0.001,pooled,0.001,threshold_and_evaluation_sampling,test_minus_same_TPR,1000,-0.012544621485794494,-0.012051928524495258,-0.02195671298391131,-0.0027875690451527979
CodeBERT_partial_s2027__fusion_TPR_0.001,pooled,0.0050000000000000001,threshold_and_evaluation_sampling,same_period_FPR,1000,0.0047507527601204419,0.0047146871863499506,0.0033456005352960855,0.0062228169956507189
CodeBERT_partial_s2027__fusion_TPR_0.001,pooled,0.0050000000000000001,threshold_and_evaluation_sampling,test_FPR,1000,0.0058921995313023102,0.0058535654502845664,0.0044191496484767322,0.0073652494141278873
CodeBERT_partial_s2027__fusion_TPR_0.001,pooled,0.0050000000000000001,threshold_and_evaluation_sampling,same_period_TPR,1000,0.91139156426436396,0.9083377615410162,0.89166389903686483,0.9229508468947194
CodeBERT_partial_s2027__fusion_TPR_0.001,pooled,0.0050000000000000001,threshold_and_evaluation_sampling,test_TPR,1000,0.90155990706936606,0.89751769000995685,0.87766345834716231,0.91404082309990042
CodeBERT_partial_s2027__fusion_TPR_0.001,pooled,0.0050000000000000001,threshold_and_evaluation_sampling,test_minus_same_FPR,1000,0.0011414467711818683,0.0011388782639346169,-0.00046462405452063189,0.0027476072011839415
CodeBERT_partial_s2027__fusion_TPR_0.001,pooled,0.0050000000000000001,threshold_and_evaluation_sampling,test_minus_same_TPR,1000,-0.0098316571949979004,-0.010820071531059417,-0.018725726655763691,-0.0034583234633757524
CodeBERT_partial_s2027__fusion_TPR_0.001,pooled,0.01,threshold_and_evaluation_sampling,same_period_FPR,1000,0.0101706256273001,0.010234192037470728,0.0084292405486784874,0.012179658748745398
CodeBERT_partial_s2027__fusion_TPR_0.001,pooled,0.01,threshold_and_evaluation_sampling,test_FPR,1000,0.012186139939738869,0.012121258788081686,0.010110478741211919,0.014395714763977234
CodeBERT_partial_s2027__fusion_TPR_0.001,pooled,0.01,threshold_and_evaluation_sampling,same_period_TPR,1000,0.94393889073397541,0.94403048820989721,0.93882265028229828,0.94938890733975423
CodeBERT_partial_s2027__fusion_TPR_0.001,pooled,0.01,threshold_and_evaluation_sampling,test_TPR,1000,0.93408562894125458,0.93453169598406904,0.92956687686691009,0.93959674742781285
CodeBERT_partial_s2027__fusion_TPR_0.001,pooled,0.01,threshold_and_evaluation_sampling,test_minus_same_FPR,1000,0.0020155143124387688,0.0018870667506109616,-0.00052754979394931307,0.0042248740863581585
CodeBERT_partial_s2027__fusion_TPR_0.001,pooled,0.01,threshold_and_evaluation_sampling,test_minus_same_TPR,1000,-0.0098532617927208355,-0.009498792225828008,-0.014569188889548983,-0.0040755139111012736
CodeBERT_partial_s2027__fusion_TPR_0.001,pooled,0.050000000000000003,threshold_and_evaluation_sampling,same_period_FPR,1000,0.052525928404148547,0.052710873201739714,0.048310471729675473,0.057009033121445299
CodeBERT_partial_s2027__fusion_TPR_0.001,pooled,0.050000000000000003,threshold_and_evaluation_sampling,test_FPR,1000,0.050284566454636762,0.05050110478741212,0.046401071309005691,0.055040174087713424
CodeBERT_partial_s2027__fusion_TPR_0.001,pooled,0.050000000000000003,threshold_and_evaluation_sampling,same_period_TPR,1000,0.98292925938226505,0.98301169046828296,0.98060445034872135,0.98518764530056457
CodeBERT_partial_s2027__fusion_TPR_0.001,pooled,0.050000000000000003,threshold_and_evaluation_sampling,test_TPR,1000,0.98148025224029212,0.98153428476601379,0.97915698639230009,0.98393627613674084
CodeBERT_partial_s2027__fusion_TPR_0.001,pooled,0.050000000000000003,threshold_and_evaluation_sampling,test_minus_same_FPR,1000,-0.0022413619495117859,-0.0022097684143275935,-0.0071274429632231483,0.0026507516736683058
CodeBERT_partial_s2027__fusion_TPR_0.001,pooled,0.050000000000000003,threshold_and_evaluation_sampling,test_minus_same_TPR,1000,-0.0014490071419729356,-0.0014774057022690231,-0.0043693832868375304,0.0014045689094627971
CodeBERT_partial_s2027__stack,per_format,0.001,threshold_and_evaluation_sampling,same_period_FPR,1000,0.0014720642355302777,0.0014812980930076949,0.00073603211776513886,0.0023435931749749067
CodeBERT_partial_s2027__stack,per_format,0.001,threshold_and_evaluation_sampling,test_FPR,1000,0.0016069635085369936,0.0016719116170070304,0.00087043856712420487,0.0025443588885169068
CodeBERT_partial_s2027__stack,per_format,0.001,threshold_and_evaluation_sampling,same_period_TPR,1000,0.80285619395549657,0.80684018598472262,0.77335934905347059,0.83336100963135173
CodeBERT_partial_s2027__stack,per_format,0.001,threshold_and_evaluation_sampling,test_TPR,1000,0.79707932293395289,0.80064042482575504,0.76779621639561901,0.82530534351145035
CodeBERT_partial_s2027__stack,per_format,0.001,threshold_and_evaluation_sampling,test_minus_same_FPR,1000,0.00013489927300671593,0.00019061352399933555,-0.00086896233628874439,0.0012728077944092068
CodeBERT_partial_s2027__stack,per_format,0.001,threshold_and_evaluation_sampling,test_minus_same_TPR,1000,-0.0057768710215436725,-0.0061997611589676219,-0.015534011644216823,0.003513777285036157
CodeBERT_partial_s2027__stack,per_format,0.0050000000000000001,threshold_and_evaluation_sampling,same_period_FPR,1000,0.0053529608564737369,0.005360120441619271,0.0038808966209434594,0.0069588491134158579
CodeBERT_partial_s2027__stack,per_format,0.0050000000000000001,threshold_and_evaluation_sampling,test_FPR,1000,0.0064278540341479746,0.0063747572815533978,0.0046869768998995644,0.0081017743555406758
CodeBERT_partial_s2027__stack,per_format,0.0050000000000000001,threshold_and_evaluation_sampling,same_period_TPR,1000,0.91750249086682167,0.91709471936233811,0.905808701428097,0.92706908003985389
CodeBERT_partial_s2027__stack,per_format,0.0050000000000000001,threshold_and_evaluation_sampling,test_TPR,1000,0.90826418851642876,0.90765940922668442,0.8969117158977763,0.91762529040823104
CodeBERT_partial_s2027__stack,per_format,0.0050000000000000001,threshold_and_evaluation_sampling,test_minus_same_FPR,1000,0.0010748931776742377,0.0010146368399341274,-0.00073209624890640753,0.002750545662183052
CodeBERT_partial_s2027__stack,per_format,0.0050000000000000001,threshold_and_evaluation_sampling,test_minus_same_TPR,1000,-0.0092383023503929129,-0.0094353101356537267,-0.015686915980050151,-0.0031943720463841561
CodeBERT_partial_s2027__stack,per_format,0.01,threshold_and_evaluation_sampling,same_period_FPR,1000,0.010036801605888258,0.010281699565071932,0.0081632653061224497,0.012781866845098694
CodeBERT_partial_s2027__stack,per_format,0.01,threshold_and_evaluation_sampling,test_FPR,1000,0.011583528624037496,0.01189467693337797,0.009641781051221961,0.014328757951121526
CodeBERT_partial_s2027__stack,per_format,0.01,threshold_and_evaluation_sampling,same_period_TPR,1000,0.94559946861507804,0.94584775821986045,0.93975091331783467,0.95177681833277983
CodeBERT_partial_s2027__stack,per_format,0.01,threshold_and_evaluation_sampling,test_TPR,1000,0.93581148357119148,0.93684819117158991,0.93076501825423164,0.94271490209093922
CodeBERT_partial_s2027__stack,per_format,0.01,threshold_and_evaluation_sampling,test_minus_same_FPR,1000,0.0015467270181492385,0.0016129773683060409,-0.00079495590516415269,0.0040905157993101141
CodeBERT_partial_s2027__stack,per_format,0.01,threshold_and_evaluation_sampling,test_minus_same_TPR,1000,-0.0097879850438865601,-0.0089995670482707329,-0.014641135506792687,-0.0037439417566500085
CodeBERT_partial_s2027__stack,per_format,0.050000000000000003,threshold_and_evaluation_sampling,same_period_FPR,1000,0.052927400468384074,0.052789360990297761,0.048243559718969556,0.057077617932418868
CodeBERT_partial_s2027__stack,per_format,0.050000000000000003,threshold_and_evaluation_sampling,test_FPR,1000,0.051155005021760964,0.050953866755942413,0.046802812186139943,0.054971543354536322
CodeBERT_partial_s2027__stack,per_format,0.050000000000000003,threshold_and_evaluation_sampling,same_period_TPR,1000,0.98292925938226505,0.98289691132514123,0.98067087346396542,0.98498837595483224
CodeBERT_partial_s2027__stack,per_format,0.050000000000000003,threshold_and_evaluation_sampling,test_TPR,1000,0.98201128443411878,0.98210826418851638,0.97982077663458345,0.9844673083305675
CodeBERT_partial_s2027__stack,per_format,0.050000000000000003,threshold_and_evaluation_sampling,test_minus_same_FPR,1000,-0.0017723954466231095,-0.0018354942343553414,-0.007129909881595755,0.003447908484440724
CodeBERT_partial_s2027__stack,per_format,0.050000000000000003,threshold_and_evaluation_sampling,test_minus_same_TPR,1000,-0.00091797494814627179,-0.00078864713662472278,-0.003509375348250124,0.0022050142948584523
CodeBERT_partial_s2027__stack,pooled,0.001,threshold_and_evaluation_sampling,same_period_FPR,1000,0.001405152224824356,0.0014566075610572098,0.0008029441284710606,0.0022750083640013384
CodeBERT_partial_s2027__stack,pooled,0.001,threshold_and_evaluation_sampling,test_FPR,1000,0.0018078339471041178,0.0017874790759959827,0.00093739537997991292,0.0026782725142283229
CodeBERT_partial_s2027__stack,pooled,0.001,threshold_and_evaluation_sampling,same_period_TPR,1000,0.80983062105612758,0.80851604118233145,0.77827299900365332,0.83274825639322481
CodeBERT_partial_s2027__stack,pooled,0.001,threshold_and_evaluation_sampling,test_TPR,1000,0.80391636242947229,0.80216827082641873,0.77111848655824755,0.82495851310985724
CodeBERT_partial_s2027__stack,pooled,0.001,threshold_and_evaluation_sampling,test_minus_same_FPR,1000,0.00040268172227976183,0.00033087151493877277,-0.00060131541351880226,0.0013416513377977916
CodeBERT_partial_s2027__stack,pooled,0.001,threshold_and_evaluation_sampling,test_minus_same_TPR,1000,-0.0059142586266552888,-0.006347770355912598,-0.015681130687644658,0.0027320325528378212
CodeBERT_partial_s2027__stack,pooled,0.0050000000000000001,threshold_and_evaluation_sampling,same_period_FPR,1000,0.0050853128136500499,0.0051809300769488122,0.0038808966209434594,0.0064904650384744059
CodeBERT_partial_s2027__stack,pooled,0.0050000000000000001,threshold_and_evaluation_sampling,test_FPR,1000,0.005624372279879478,0.0057580180783394714,0.0044191496484767322,0.0074322062269835953
CodeBERT_partial_s2027__stack,pooled,0.0050000000000000001,threshold_and_evaluation_sampling,same_period_TPR,1000,0.91398206575888408,0.91480086350049816,0.90600797077382933,0.92368150116240455
CodeBERT_partial_s2027__stack,pooled,0.0050000000000000001,threshold_and_evaluation_sampling,test_TPR,1000,0.90507799535346833,0.90538154663126447,0.89545303684035849,0.91430965814802523
CodeBERT_partial_s2027__stack,pooled,0.0050000000000000001,threshold_and_evaluation_sampling,test_minus_same_FPR,1000,0.00053905946622942805,0.00057708800139065887,-0.0010668892736149052,0.0022796778680628212
CodeBERT_partial_s2027__stack,pooled,0.0050000000000000001,threshold_and_evaluation_sampling,test_minus_same_TPR,1000,-0.0089040704054157427,-0.0094193168692336508,-0.015414824810411381,-0.0028001156948254113
CodeBERT_partial_s2027__stack,pooled,0.01,threshold_and_evaluation_sampling,same_period_FPR,1000,0.010237537638006023,0.010274740715958516,0.0084309133489461358,0.012244897959183673
CodeBERT_partial_s2027__stack,pooled,0.01,threshold_and_evaluation_sampling,test_FPR,1000,0.011851355875460328,0.012016739203213927,0.010043521928356211,0.014330431871442917
CodeBERT_partial_s2027__stack,pooled,0.01,threshold_and_evaluation_sampling,same_period_TPR,1000,0.94447027565592823,0.94467326469611435,0.93928761208900702,0.94998339422118894
CodeBERT_partial_s2027__stack,pooled,0.01,threshold_and_evaluation_sampling,test_TPR,1000,0.93494855625622308,0.9349919681380684,0.93010288748755399,0.93992698307334888
CodeBERT_partial_s2027__stack,pooled,0.01,threshold_and_evaluation_sampling,test_minus_same_FPR,1000,0.0016138182374543057,0.0017419984872554127,-0.00059701160700494993,0.0041575050937244177
CodeBERT_partial_s2027__stack,pooled,0.01,threshold_and_evaluation_sampling,test_minus_same_TPR,1000,-0.0095217193997051419,-0.0096812965580458758,-0.01490340870949671,-0.004402084490952066
CodeBERT_partial_s2027__stack,pooled,0.050000000000000003,threshold_and_evaluation_sampling,same_period_FPR,1000,0.052927400468384074,0.052930010036801603,0.048375710940113753,0.05747741719638675
CodeBERT_partial_s2027__stack,pooled,0.050000000000000003,threshold_and_evaluation_sampling,test_FPR,1000,0.049414127887512552,0.049791496484767328,0.045528958821560092,0.05450284566454637
CodeBERT_partial_s2027__stack,pooled,0.050000000000000003,threshold_and_evaluation_sampling,same_period_TPR,1000,0.98332779807372961,0.98325200929923606,0.98080371969445368,0.98545499833942207
CodeBERT_partial_s2027__stack,pooled,0.050000000000000003,threshold_and_evaluation_sampling,test_TPR,1000,0.98154663126452046,0.98170640557583799,0.97942250248921336,0.98406903418519742
CodeBERT_partial_s2027__stack,pooled,0.050000000000000003,threshold_and_evaluation_sampling,test_minus_same_FPR,1000,-0.0035132725808715223,-0.0031385135520342806,-0.0081977282397918613,0.0020416048443668493
CodeBERT_partial_s2027__stack,pooled,0.050000000000000003,threshold_and_evaluation_sampling,test_minus_same_TPR,1000,-0.0017811668092091448,-0.0015456037233980981,-0.0043704513916943107,0.0013388688868770759
CodeBERT_partial_s2028,per_format,0.001,threshold_and_evaluation_sampling,same_period_FPR,1000,0.00086985613917698224,0.00094118434258949482,0.0004014720642355303,0.0016058882569421212
CodeBERT_partial_s2028,per_format,0.001,threshold_and_evaluation_sampling,test_FPR,1000,0.0012721794442584534,0.0013923669233344494,0.00073652494141278877,0.0021426180113826581
CodeBERT_partial_s2028,per_format,0.001,threshold_and_evaluation_sampling,same_period_TPR,1000,0.44735968116904684,0.44955317170375292,0.37190136167386251,0.50342411159083356
CodeBERT_partial_s2028,per_format,0.001,threshold_and_evaluation_sampling,test_TPR,1000,0.39913707268503151,0.40218798539661466,0.34755891138400263,0.44228675738466644
CodeBERT_partial_s2028,per_format,0.001,threshold_and_evaluation_sampling,test_minus_same_FPR,1000,0.00040232330508147116,0.00045118258074495441,-0.00040075634989269332,0.0013394061900666241
CodeBERT_partial_s2028,per_format,0.001,threshold_and_evaluation_sampling,test_minus_same_TPR,1000,-0.048222608484015328,-0.047365186307138235,-0.067506964451508319,-0.020550664269732052
CodeBERT_partial_s2028,per_format,0.0050000000000000001,threshold_and_evaluation_sampling,same_period_FPR,1000,0.0051522248243559719,0.0051673469387755102,0.0036801605888256944,0.0068250250920040148
CodeBERT_partial_s2028,per_format,0.0050000000000000001,threshold_and_evaluation_sampling,test_FPR,1000,0.0046869768998995644,0.0048103113491797791,0.0034800803481754268,0.0062939404084365585
CodeBERT_partial_s2028,per_format,0.0050000000000000001,threshold_and_evaluation_sampling,same_period_TPR,1000,0.71225506476253742,0.71153630023248093,0.6872118897376287,0.73577050813683165
CodeBERT_partial_s2028,per_format,0.0050000000000000001,threshold_and_evaluation_sampling,test_TPR,1000,0.63790242283438436,0.63781055426485234,0.6102887487553933,0.66519415864586795
CodeBERT_partial_s2028,per_format,0.0050000000000000001,threshold_and_evaluation_sampling,test_minus_same_FPR,1000,-0.00046524792445640749,-0.00035703558959573125,-0.0020735022949341202,0.0013434848657777982
CodeBERT_partial_s2028,per_format,0.0050000000000000001,threshold_and_evaluation_sampling,test_minus_same_TPR,1000,-0.074352641928153052,-0.073725745967628598,-0.084777378950045196,-0.06053440570767013
CodeBERT_partial_s2028,per_format,0.01,threshold_and_evaluation_sampling,same_period_FPR,1000,0.011040481766477083,0.011190097022415524,0.0091000334560053537,0.013449314151890265
CodeBERT_partial_s2028,per_format,0.01,threshold_and_evaluation_sampling,test_FPR,1000,0.010512219618346167,0.010598459993304318,0.0085018413123535315,0.012788751255440241
CodeBERT_partial_s2028,per_format,0.01,threshold_and_evaluation_sampling,same_period_TPR,1000,0.79561607439388904,0.79503075390235789,0.78146296911325142,0.80817004317502494
CodeBERT_partial_s2028,per_format,0.01,threshold_and_evaluation_sampling,test_TPR,1000,0.74563557915698642,0.74557046133421845,0.7252538997676734,0.76555426485230671
CodeBERT_partial_s2028,per_format,0.01,threshold_and_evaluation_sampling,test_minus_same_FPR,1000,-0.00052826214813091535,-0.00059163702911120477,-0.003004158871559292,0.0018140636860319104
CodeBERT_partial_s2028,per_format,0.01,threshold_and_evaluation_sampling,test_minus_same_TPR,1000,-0.049980495236902622,-0.049460292568139635,-0.062718492201897597,-0.035435590025421744
CodeBERT_partial_s2028,per_format,0.050000000000000003,threshold_and_evaluation_sampling,same_period_FPR,1000,0.051388424222147878,0.051571629307460683,0.047238206758113084,0.055737704918032788
CodeBERT_partial_s2028,per_format,0.050000000000000003,threshold_and_evaluation_sampling,test_FPR,1000,0.045664546367592901,0.045861265483762979,0.042047204553063273,0.04988282557750251
CodeBERT_partial_s2028,per_format,0.050000000000000003,threshold_and_evaluation_sampling,same_period_TPR,1000,0.92567253404184657,0.92534340750581201,0.91989372301560945,0.93032381268681497
CodeBERT_partial_s2028,per_format,0.050000000000000003,threshold_and_evaluation_sampling,test_TPR,1000,0.90872884168602719,0.90850826418851649,0.90295054762694993,0.91417524062396283
CodeBERT_partial_s2028,per_format,0.050000000000000003,threshold_and_evaluation_sampling,test_minus_same_FPR,1000,-0.0057238778545549776,-0.0057103638236977155,-0.010944079300701164,-0.00083451564339863274
CodeBERT_partial_s2028,per_format,0.050000000000000003,threshold_and_evaluation_sampling,test_minus_same_TPR,1000,-0.016943692355819384,-0.016835143317295596,-0.023118621476755745,-0.010705730718750712
CodeBERT_partial_s2028,pooled,0.001,threshold_and_evaluation_sampling,same_period_FPR,1000,0.00093676814988290398,0.0010103713616594176,0.00046838407494145199,0.0016075610572097677
CodeBERT_partial_s2028,pooled,0.001,threshold_and_evaluation_sampling,test_FPR,1000,0.0011382658185470371,0.0012032139270170739,0.00060261131570137256,0.0020087043856712419
CodeBERT_partial_s2028,pooled,0.001,threshold_and_evaluation_sampling,same_period_TPR,1000,0.43899036864828961,0.4373233477250083,0.36970773829292597,0.50986715376951175
CodeBERT_partial_s2028,pooled,0.001,threshold_and_evaluation_sampling,test_TPR,1000,0.37862595419847328,0.37929571855293726,0.32515765018254233,0.4436408894789246
CodeBERT_partial_s2028,pooled,0.001,threshold_and_evaluation_sampling,test_minus_same_FPR,1000,0.0002014976686641331,0.0001928425653576561,-0.00060153606410650023,0.0010049357408365882
CodeBERT_partial_s2028,pooled,0.001,threshold_and_evaluation_sampling,test_minus_same_TPR,1000,-0.060364414449816328,-0.058027629172071028,-0.070797877634865322,-0.042045176095659026
CodeBERT_partial_s2028,pooled,0.0050000000000000001,threshold_and_evaluation_sampling,same_period_FPR,1000,0.0051522248243559719,0.0051726998996319837,0.0036115757778521244,0.0068919371027099368
CodeBERT_partial_s2028,pooled,0.0050000000000000001,threshold_and_evaluation_sampling,test_FPR,1000,0.0044191496484767322,0.0045161700703046535,0.0032808838299296953,0.0058252427184466021
CodeBERT_partial_s2028,pooled,0.0050000000000000001,threshold_and_evaluation_sampling,same_period_TPR,1000,0.70787113915642641,0.70811962803055462,0.68488708070408499,0.73205081368316172
CodeBERT_partial_s2028,pooled,0.0050000000000000001,threshold_and_evaluation_sampling,test_TPR,1000,0.63484898771988052,0.63546744108861597,0.6093511450381679,0.66226850315300367
CodeBERT_partial_s2028,pooled,0.0050000000000000001,threshold_and_evaluation_sampling,test_minus_same_FPR,1000,-0.00073307517587923969,-0.00065652982932733054,-0.0024054117412769934,0.0010737742439833227
CodeBERT_partial_s2028,pooled,0.0050000000000000001,threshold_and_evaluation_sampling,test_minus_same_TPR,1000,-0.07302215143654589,-0.072652186941938618,-0.08324155274007472,-0.061349479389820057
CodeBERT_partial_s2028,pooled,0.01,threshold_and_evaluation_sampling,same_period_FPR,1000,0.011174305787888927,0.011304918032786885,0.0092338574774171959,0.013449314151890265
CodeBERT_partial_s2028,pooled,0.01,threshold_and_evaluation_sampling,test_FPR,1000,0.010780046869769,0.010540073652494143,0.0084365584198192161,0.012721794442584533
CodeBERT_partial_s2028,pooled,0.01,threshold_and_evaluation_sampling,same_period_TPR,1000,0.79202922617070737,0.79130521421454658,0.77455828628362666,0.80577881102623716
CodeBERT_partial_s2028,pooled,0.01,threshold_and_evaluation_sampling,test_TPR,1000,0.74636574842349812,0.74481851974775959,0.72239130434782606,0.76263358778625956
CodeBERT_partial_s2028,pooled,0.01,threshold_and_evaluation_sampling,test_minus_same_FPR,1000,-0.00039425891811992707,-0.00076484438029274379,-0.0032078053633325548,0.0017481384426750331
CodeBERT_partial_s2028,pooled,0.01,threshold_and_evaluation_sampling,test_minus_same_TPR,1000,-0.045663477747209247,-0.046486694466786958,-0.057142895565027968,-0.036299482382497729
CodeBERT_partial_s2028,pooled,0.050000000000000003,threshold_and_evaluation_sampling,same_period_FPR,1000,0.05092004014720642,0.050730010036801602,0.046303111408497827,0.055470056875209103
CodeBERT_partial_s2028,pooled,0.050000000000000003,threshold_and_evaluation_sampling,test_FPR,1000,0.046334114496149985,0.045958888516906597,0.041578506863073322,0.050217609641781048
CodeBERT_partial_s2028,pooled,0.050000000000000003,threshold_and_evaluation_sampling,same_period_TPR,1000,0.92613749584855531,0.92615184324144795,0.92048820989704416,0.93178512122218526
CodeBERT_partial_s2028,pooled,0.050000000000000003,threshold_and_evaluation_sampling,test_TPR,1000,0.91271158313972789,0.91261460338533029,0.90627281778957847,0.91822436110189176
CodeBERT_partial_s2028,pooled,0.050000000000000003,threshold_and_evaluation_sampling,test_minus_same_FPR,1000,-0.0045859256510564356,-0.0047711215198950104,-0.0098046491862865542,-0.00016921771974306082
CodeBERT_partial_s2028,pooled,0.050000000000000003,threshold_and_evaluation_sampling,test_minus_same_TPR,1000,-0.013425912708827425,-0.013537239856117786,-0.019938284702963761,-0.0075829547660349189
CodeBERT_partial_s2028__format_platt,per_format,0.001,threshold_and_evaluation_sampling,same_period_FPR,1000,0.00086985613917698224,0.00094118434258949482,0.0004014720642355303,0.0016058882569421212
CodeBERT_partial_s2028__format_platt,per_format,0.001,threshold_and_evaluation_sampling,test_FPR,1000,0.0012721794442584534,0.0013923669233344494,0.00073652494141278877,0.0021426180113826581
CodeBERT_partial_s2028__format_platt,per_format,0.001,threshold_and_evaluation_sampling,same_period_TPR,1000,0.44735968116904684,0.44955317170375292,0.37190136167386251,0.50342411159083356
CodeBERT_partial_s2028__format_platt,per_format,0.001,threshold_and_evaluation_sampling,test_TPR,1000,0.39913707268503151,0.40218798539661466,0.34755891138400263,0.44228675738466644
CodeBERT_partial_s2028__format_platt,per_format,0.001,threshold_and_evaluation_sampling,test_minus_same_FPR,1000,0.00040232330508147116,0.00045118258074495441,-0.00040075634989269332,0.0013394061900666241
CodeBERT_partial_s2028__format_platt,per_format,0.001,threshold_and_evaluation_sampling,test_minus_same_TPR,1000,-0.048222608484015328,-0.047365186307138235,-0.067506964451508319,-0.020550664269732052
CodeBERT_partial_s2028__format_platt,per_format,0.0050000000000000001,threshold_and_evaluation_sampling,same_period_FPR,1000,0.0051522248243559719,0.0051673469387755102,0.0036801605888256944,0.0068250250920040148
CodeBERT_partial_s2028__format_platt,per_format,0.0050000000000000001,threshold_and_evaluation_sampling,test_FPR,1000,0.0046869768998995644,0.0048103113491797791,0.0034800803481754268,0.0062939404084365585
CodeBERT_partial_s2028__format_platt,per_format,0.0050000000000000001,threshold_and_evaluation_sampling,same_period_TPR,1000,0.71225506476253742,0.71153630023248093,0.6872118897376287,0.73577050813683165
CodeBERT_partial_s2028__format_platt,per_format,0.0050000000000000001,threshold_and_evaluation_sampling,test_TPR,1000,0.63790242283438436,0.63781055426485234,0.6102887487553933,0.66519415864586795
CodeBERT_partial_s2028__format_platt,per_format,0.0050000000000000001,threshold_and_evaluation_sampling,test_minus_same_FPR,1000,-0.00046524792445640749,-0.00035703558959573125,-0.0020735022949341202,0.0013434848657777982
CodeBERT_partial_s2028__format_platt,per_format,0.0050000000000000001,threshold_and_evaluation_sampling,test_minus_same_TPR,1000,-0.074352641928153052,-0.073725745967628598,-0.084777378950045196,-0.06053440570767013
CodeBERT_partial_s2028__format_platt,per_format,0.01,threshold_and_evaluation_sampling,same_period_FPR,1000,0.011040481766477083,0.011190097022415524,0.0091000334560053537,0.013449314151890265
CodeBERT_partial_s2028__format_platt,per_format,0.01,threshold_and_evaluation_sampling,test_FPR,1000,0.010512219618346167,0.010598459993304318,0.0085018413123535315,0.012788751255440241
CodeBERT_partial_s2028__format_platt,per_format,0.01,threshold_and_evaluation_sampling,same_period_TPR,1000,0.79561607439388904,0.79503075390235789,0.78146296911325142,0.80817004317502494
CodeBERT_partial_s2028__format_platt,per_format,0.01,threshold_and_evaluation_sampling,test_TPR,1000,0.74563557915698642,0.74557046133421845,0.7252538997676734,0.76555426485230671
CodeBERT_partial_s2028__format_platt,per_format,0.01,threshold_and_evaluation_sampling,test_minus_same_FPR,1000,-0.00052826214813091535,-0.00059163702911120477,-0.003004158871559292,0.0018140636860319104
CodeBERT_partial_s2028__format_platt,per_format,0.01,threshold_and_evaluation_sampling,test_minus_same_TPR,1000,-0.049980495236902622,-0.049460292568139635,-0.062718492201897597,-0.035435590025421744
CodeBERT_partial_s2028__format_platt,per_format,0.050000000000000003,threshold_and_evaluation_sampling,same_period_FPR,1000,0.051388424222147878,0.051571629307460683,0.047238206758113084,0.055737704918032788
CodeBERT_partial_s2028__format_platt,per_format,0.050000000000000003,threshold_and_evaluation_sampling,test_FPR,1000,0.045664546367592901,0.045861265483762979,0.042047204553063273,0.04988282557750251
CodeBERT_partial_s2028__format_platt,per_format,0.050000000000000003,threshold_and_evaluation_sampling,same_period_TPR,1000,0.92567253404184657,0.92534340750581201,0.91989372301560945,0.93032381268681497
CodeBERT_partial_s2028__format_platt,per_format,0.050000000000000003,threshold_and_evaluation_sampling,test_TPR,1000,0.90872884168602719,0.90850826418851649,0.90295054762694993,0.91417524062396283
CodeBERT_partial_s2028__format_platt,per_format,0.050000000000000003,threshold_and_evaluation_sampling,test_minus_same_FPR,1000,-0.0057238778545549776,-0.0057103638236977155,-0.010944079300701164,-0.00083451564339863274
CodeBERT_partial_s2028__format_platt,per_format,0.050000000000000003,threshold_and_evaluation_sampling,test_minus_same_TPR,1000,-0.016943692355819384,-0.016835143317295596,-0.023118621476755745,-0.010705730718750712
CodeBERT_partial_s2028__format_platt,pooled,0.001,threshold_and_evaluation_sampling,same_period_FPR,1000,0.00073603211776513886,0.00075068584810973572,0.00026764804282368687,0.001405152224824356
CodeBERT_partial_s2028__format_platt,pooled,0.001,threshold_and_evaluation_sampling,test_FPR,1000,0.0014730498828255775,0.0013884164713759625,0.00073652494141278877,0.0022095748242383661
CodeBERT_partial_s2028__format_platt,pooled,0.001,threshold_and_evaluation_sampling,same_period_TPR,1000,0.33483892394553305,0.34105533045499842,0.1811308535370309,0.47726336765194288
CodeBERT_partial_s2028__format_platt,pooled,0.001,threshold_and_evaluation_sampling,test_TPR,1000,0.30215731828742115,0.31311908396946564,0.19216561566544971,0.42695818121473617
CodeBERT_partial_s2028__format_platt,pooled,0.001,threshold_and_evaluation_sampling,test_minus_same_FPR,1000,0.00073701776506043869,0.0006377306232662268,-0.00013503647959043659,0.0014734542222273992
CodeBERT_partial_s2028__format_platt,pooled,0.001,threshold_and_evaluation_sampling,test_minus_same_TPR,1000,-0.032681605658111901,-0.027936246485532692,-0.052955017353672681,0.01295670548843862
CodeBERT_partial_s2028__format_platt,pooled,0.0050000000000000001,threshold_and_evaluation_sampling,same_period_FPR,1000,0.0052860488457678149,0.0052230177316828367,0.0035463365674138509,0.0068919371027099368
CodeBERT_partial_s2028__format_platt,pooled,0.0050000000000000001,threshold_and_evaluation_sampling,test_FPR,1000,0.0048878473384666886,0.0048425845329762305,0.0036156678942082356,0.0060930699698694343
CodeBERT_partial_s2028__format_platt,pooled,0.0050000000000000001,threshold_and_evaluation_sampling,same_period_TPR,1000,0.71477914314181334,0.71393948854201272,0.68953503819329132,0.73796413151776818
CodeBERT_partial_s2028__format_platt,pooled,0.0050000000000000001,threshold_and_evaluation_sampling,test_TPR,1000,0.63956189844009292,0.63885011616329235,0.61101559907069369,0.66567706604712906
CodeBERT_partial_s2028__format_platt,pooled,0.0050000000000000001,threshold_and_evaluation_sampling,test_minus_same_FPR,1000,-0.00039820150730112639,-0.00038043319870660673,-0.0020712784282241,0.001408604230465395
CodeBERT_partial_s2028__format_platt,pooled,0.0050000000000000001,threshold_and_evaluation_sampling,test_minus_same_TPR,1000,-0.07521724470172042,-0.075089372378720209,-0.085645183833632274,-0.063792097964064334
CodeBERT_partial_s2028__format_platt,pooled,0.01,threshold_and_evaluation_sampling,same_period_FPR,1000,0.011308129809300769,0.011168350618936099,0.0090331214452994309,0.013250250920040146
CodeBERT_partial_s2028__format_platt,pooled,0.01,threshold_and_evaluation_sampling,test_FPR,1000,0.010646133244057584,0.01065724807499163,0.0081687311683963839,0.012922664881151657
CodeBERT_partial_s2028__format_platt,pooled,0.01,threshold_and_evaluation_sampling,same_period_TPR,1000,0.79468615078047156,0.79337907671869812,0.77741614081700428,0.80737296579209561
CodeBERT_partial_s2028__format_platt,pooled,0.01,threshold_and_evaluation_sampling,test_TPR,1000,0.74430799867241948,0.74335147693328907,0.72152339860604053,0.76276800531032196
CodeBERT_partial_s2028__format_platt,pooled,0.01,threshold_and_evaluation_sampling,test_minus_same_FPR,1000,-0.00066199656524318536,-0.00051110254394446839,-0.0028736552494734906,0.0021484624518222895
CodeBERT_partial_s2028__format_platt,pooled,0.01,threshold_and_evaluation_sampling,test_minus_same_TPR,1000,-0.050378152108052077,-0.050027599785409022,-0.061457793379138786,-0.039282628701950567
CodeBERT_partial_s2028__format_platt,pooled,0.050000000000000003,threshold_and_evaluation_sampling,same_period_FPR,1000,0.050518568082970894,0.050782803613248578,0.046503847440615594,0.055404817664770824
CodeBERT_partial_s2028__format_platt,pooled,0.050000000000000003,threshold_and_evaluation_sampling,test_FPR,1000,0.046066287244727153,0.045788282557750248,0.041377636424506196,0.050085369936391025
CodeBERT_partial_s2028__format_platt,pooled,0.050000000000000003,threshold_and_evaluation_sampling,same_period_TPR,1000,0.9267353038857522,0.92630906675523095,0.92082364662902694,0.9317170375290601
CodeBERT_partial_s2028__format_platt,pooled,0.050000000000000003,threshold_and_evaluation_sampling,test_TPR,1000,0.91291072021241293,0.91288662462661796,0.90700132758048457,0.91855459674742779
CodeBERT_partial_s2028__format_platt,pooled,0.050000000000000003,threshold_and_evaluation_sampling,test_minus_same_FPR,1000,-0.0044522808382437412,-0.0049945210554983265,-0.0098755189068992274,-0.00036940044531096587
CodeBERT_partial_s2028__format_platt,pooled,0.050000000000000003,threshold_and_evaluation_sampling,test_minus_same_TPR,1000,-0.013824583673339275,-0.013422442128612832,-0.019930240297138122,-0.0076489303574690994
CodeBERT_partial_s2028__fusion_ROC_AUC,per_format,0.001,threshold_and_evaluation_sampling,same_period_FPR,1000,0.0014720642355302777,0.0014742723318835731,0.00086985613917698224,0.0022750083640013384
CodeBERT_partial_s2028__fusion_ROC_AUC,per_format,0.001,threshold_and_evaluation_sampling,test_FPR,1000,0.0014730498828255775,0.0015935051891529963,0.00086876464680281222,0.0024774020756611987
CodeBERT_partial_s2028__fusion_ROC_AUC,per_format,0.001,threshold_and_evaluation_sampling,same_period_TPR,1000,0.80777150448356028,0.80502829624709393,0.77103786117568918,0.83030554633012288
CodeBERT_partial_s2028__fusion_ROC_AUC,per_format,0.001,threshold_and_evaluation_sampling,test_TPR,1000,0.79986724195154335,0.79867487553932959,0.76554098904746104,0.82297378028542978
CodeBERT_partial_s2028__fusion_ROC_AUC,per_format,0.001,threshold_and_evaluation_sampling,test_minus_same_FPR,1000,9.8564729529983068e-07,0.0001192328572694232,-0.00093560777420343734,0.0012056751331155874
CodeBERT_partial_s2028__fusion_ROC_AUC,per_format,0.001,threshold_and_evaluation_sampling,test_minus_same_TPR,1000,-0.0079042625320169257,-0.0063534207077644176,-0.015603442869011211,0.0041028365624307976
CodeBERT_partial_s2028__fusion_ROC_AUC,per_format,0.0050000000000000001,threshold_and_evaluation_sampling,same_period_FPR,1000,0.0051522248243559719,0.0052291067246570755,0.0038139846102375374,0.0066912010705921709
CodeBERT_partial_s2028__fusion_ROC_AUC,per_format,0.0050000000000000001,threshold_and_evaluation_sampling,test_FPR,1000,0.0060930699698694343,0.0062620689655172408,0.0047522597924338798,0.0078356210244392346
CodeBERT_partial_s2028__fusion_ROC_AUC,per_format,0.0050000000000000001,threshold_and_evaluation_sampling,same_period_TPR,1000,0.91252075722351378,0.91299833942211883,0.90354865493191638,0.92228661574227833
CodeBERT_partial_s2028__fusion_ROC_AUC,per_format,0.0050000000000000001,threshold_and_evaluation_sampling,test_TPR,1000,0.90394955194158644,0.90447188848323923,0.89432293395287088,0.91404248257550613
CodeBERT_partial_s2028__fusion_ROC_AUC,per_format,0.0050000000000000001,threshold_and_evaluation_sampling,test_minus_same_FPR,1000,0.00094084514551346244,0.0010329622408601655,-0.00066729497948229521,0.0026830579438523764
CodeBERT_partial_s2028__fusion_ROC_AUC,per_format,0.0050000000000000001,threshold_and_evaluation_sampling,test_minus_same_TPR,1000,-0.008571205281927341,-0.0085264509388795987,-0.014944620030790955,-0.0019305945684498561
CodeBERT_partial_s2028__fusion_ROC_AUC,per_format,0.01,threshold_and_evaluation_sampling,same_period_FPR,1000,0.010103713616594179,0.010147808631649382,0.0083640013382402147,0.012179658748745398
CodeBERT_partial_s2028__fusion_ROC_AUC,per_format,0.01,threshold_and_evaluation_sampling,test_FPR,1000,0.011918312688316036,0.011876799464345496,0.0097756946769333771,0.013927017073987278
CodeBERT_partial_s2028__fusion_ROC_AUC,per_format,0.01,threshold_and_evaluation_sampling,same_period_TPR,1000,0.94493523746263697,0.94488900697442701,0.93981899701095983,0.94985220856858188
CodeBERT_partial_s2028__fusion_ROC_AUC,per_format,0.01,threshold_and_evaluation_sampling,test_TPR,1000,0.93614337869233322,0.93619780949220055,0.93089943577829404,0.94092266843677397
CodeBERT_partial_s2028__fusion_ROC_AUC,per_format,0.01,threshold_and_evaluation_sampling,test_minus_same_FPR,1000,0.0018145990717218577,0.0017289908326961164,-0.00066168743040966049,0.0041574222097473116
CodeBERT_partial_s2028__fusion_ROC_AUC,per_format,0.01,threshold_and_evaluation_sampling,test_minus_same_TPR,1000,-0.008791858770303751,-0.0086911974822266348,-0.014035792866139846,-0.0032102607950514131
CodeBERT_partial_s2028__fusion_ROC_AUC,per_format,0.050000000000000003,threshold_and_evaluation_sampling,same_period_FPR,1000,0.051722984275677487,0.0519389093342255,0.047505854800936768,0.056273001003680163
CodeBERT_partial_s2028__fusion_ROC_AUC,per_format,0.050000000000000003,threshold_and_evaluation_sampling,test_FPR,1000,0.051623702711750923,0.051624573150318043,0.047271509876129894,0.055975895547371944
CodeBERT_partial_s2028__fusion_ROC_AUC,per_format,0.050000000000000003,threshold_and_evaluation_sampling,same_period_TPR,1000,0.98246429757555631,0.98242178678180014,0.98007140484888744,0.98465626037861176
CodeBERT_partial_s2028__fusion_ROC_AUC,per_format,0.050000000000000003,threshold_and_evaluation_sampling,test_TPR,1000,0.98121473614337873,0.98132319946896784,0.97902256886823769,0.98353800199137076
CodeBERT_partial_s2028__fusion_ROC_AUC,per_format,0.050000000000000003,threshold_and_evaluation_sampling,test_minus_same_FPR,1000,-9.9281563926564842e-05,-0.0003143361839074487,-0.0053929070132501247,0.0050541092363776
CodeBERT_partial_s2028__fusion_ROC_AUC,per_format,0.050000000000000003,threshold_and_evaluation_sampling,test_minus_same_TPR,1000,-0.0012495614321775816,-0.0010985873128322599,-0.0039707420837612108,0.0017388702977896159
CodeBERT_partial_s2028__fusion_ROC_AUC,pooled,0.001,threshold_and_evaluation_sampling,same_period_FPR,1000,0.001405152224824356,0.0014601538976246238,0.00086985613917698224,0.0022080963532954165
CodeBERT_partial_s2028__fusion_ROC_AUC,pooled,0.001,threshold_and_evaluation_sampling,test_FPR,1000,0.0016069635085369936,0.0016986943421493138,0.00093739537997991292,0.0024790759959825901
CodeBERT_partial_s2028__fusion_ROC_AUC,pooled,0.001,threshold_and_evaluation_sampling,same_period_TPR,1000,0.79887080704085023,0.80387392892726661,0.78352706741946199,0.82829790767186984
CodeBERT_partial_s2028__fusion_ROC_AUC,pooled,0.001,threshold_and_evaluation_sampling,test_TPR,1000,0.79196813806837041,0.79718207766345839,0.77463491536674411,0.81978758712246935
CodeBERT_partial_s2028__fusion_ROC_AUC,pooled,0.001,threshold_and_evaluation_sampling,test_minus_same_FPR,1000,0.00020181128371263768,0.00023854044452469004,-0.00066858248126178089,0.0012060738722486863
CodeBERT_partial_s2028__fusion_ROC_AUC,pooled,0.001,threshold_and_evaluation_sampling,test_minus_same_TPR,1000,-0.0069026689724798196,-0.0066918512638083419,-0.015683481289922297,0.0026823667792715013
CodeBERT_partial_s2028__fusion_ROC_AUC,pooled,0.0050000000000000001,threshold_and_evaluation_sampling,same_period_FPR,1000,0.0053529608564737369,0.00529287387085982,0.0040147206423553029,0.0066912010705921709
CodeBERT_partial_s2028__fusion_ROC_AUC,pooled,0.0050000000000000001,threshold_and_evaluation_sampling,test_FPR,1000,0.0062269835955808504,0.006218279209909609,0.0048208905256109805,0.0077000334784064275
CodeBERT_partial_s2028__fusion_ROC_AUC,pooled,0.0050000000000000001,threshold_and_evaluation_sampling,same_period_TPR,1000,0.91431418133510467,0.91368375954832282,0.90434905347060779,0.9211590833610096
CodeBERT_partial_s2028__fusion_ROC_AUC,pooled,0.0050000000000000001,threshold_and_evaluation_sampling,test_TPR,1000,0.90547626949883842,0.904915101228012,0.89445237305011616,0.91351145038167936
CodeBERT_partial_s2028__fusion_ROC_AUC,pooled,0.0050000000000000001,threshold_and_evaluation_sampling,test_minus_same_FPR,1000,0.00087402273910711353,0.00092540533904978902,-0.00073249610809325019,0.0028155014990239287
CodeBERT_partial_s2028__fusion_ROC_AUC,pooled,0.0050000000000000001,threshold_and_evaluation_sampling,test_minus_same_TPR,1000,-0.0088379118362662545,-0.0087686583203108702,-0.015007374773523735,-0.0020599416256997642
CodeBERT_partial_s2028__fusion_ROC_AUC,pooled,0.01,threshold_and_evaluation_sampling,same_period_FPR,1000,0.010371361659417865,0.010505386416861828,0.0083623285379725663,0.012512546002007361
CodeBERT_partial_s2028__fusion_ROC_AUC,pooled,0.01,threshold_and_evaluation_sampling,test_FPR,1000,0.012453967191161701,0.012382055574154669,0.010242718446601943,0.014797455641111483
CodeBERT_partial_s2028__fusion_ROC_AUC,pooled,0.01,threshold_and_evaluation_sampling,same_period_TPR,1000,0.94393889073397541,0.94398983726336771,0.93809365659249422,0.94945366987711721
CodeBERT_partial_s2028__fusion_ROC_AUC,pooled,0.01,threshold_and_evaluation_sampling,test_TPR,1000,0.9346830401593097,0.93502449385994035,0.92983571191503489,0.94012612014603381
CodeBERT_partial_s2028__fusion_ROC_AUC,pooled,0.01,threshold_and_evaluation_sampling,test_minus_same_FPR,1000,0.002082605531743836,0.0018766691572928438,-0.00053026984446821594,0.0043601872192235262
CodeBERT_partial_s2028__fusion_ROC_AUC,pooled,0.01,threshold_and_evaluation_sampling,test_minus_same_TPR,1000,-0.0092558505746657138,-0.0089653434034273911,-0.014369217945528418,-0.0032755507711904929
CodeBERT_partial_s2028__fusion_ROC_AUC,pooled,0.050000000000000003,threshold_and_evaluation_sampling,same_period_FPR,1000,0.052191368350618939,0.052493743726998998,0.048444295751087323,0.056876881900301102
CodeBERT_partial_s2028__fusion_ROC_AUC,pooled,0.050000000000000003,threshold_and_evaluation_sampling,test_FPR,1000,0.05135587546032809,0.051364780716437894,0.047403749581519924,0.055577502510880485
CodeBERT_partial_s2028__fusion_ROC_AUC,pooled,0.050000000000000003,threshold_and_evaluation_sampling,same_period_TPR,1000,0.98292925938226505,0.98290959814015277,0.98053802723347727,0.9851212221853205
CodeBERT_partial_s2028__fusion_ROC_AUC,pooled,0.050000000000000003,threshold_and_evaluation_sampling,test_TPR,1000,0.98134749419183542,0.98135811483571178,0.97895784931961505,0.98373879853966151
CodeBERT_partial_s2028__fusion_ROC_AUC,pooled,0.050000000000000003,threshold_and_evaluation_sampling,test_minus_same_FPR,1000,-0.00083549289029084817,-0.0011289630105610988,-0.0061217657468075936,0.0038514039257659732
CodeBERT_partial_s2028__fusion_ROC_AUC,pooled,0.050000000000000003,threshold_and_evaluation_sampling,test_minus_same_TPR,1000,-0.0015817651904296293,-0.0015514833044408564,-0.004438626573677309,0.0014721560275229445
CodeBERT_partial_s2028__fusion_TPR_0.001,per_format,0.001,threshold_and_evaluation_sampling,same_period_FPR,1000,0.0010705921712947475,0.0010756105720976916,0.00053529608564737373,0.0018082970893275327
CodeBERT_partial_s2028__fusion_TPR_0.001,per_format,0.001,threshold_and_evaluation_sampling,test_FPR,1000,0.0016069635085369936,0.0016347505858721125,0.00087043856712420487,0.0024774020756611987
CodeBERT_partial_s2028__fusion_TPR_0.001,per_format,0.001,threshold_and_evaluation_sampling,same_period_TPR,1000,0.7972102291597476,0.79966555961474595,0.76798405845234141,0.8263716373297908
CodeBERT_partial_s2028__fusion_TPR_0.001,per_format,0.001,threshold_and_evaluation_sampling,test_TPR,1000,0.78546299369399275,0.78890633919681385,0.75731496846996349,0.81547295054762692
CodeBERT_partial_s2028__fusion_TPR_0.001,per_format,0.001,threshold_and_evaluation_sampling,test_minus_same_FPR,1000,0.00053637133724224618,0.00055914001377442091,-0.00040066674559312071,0.0015407694522813983
CodeBERT_partial_s2028__fusion_TPR_0.001,per_format,0.001,threshold_and_evaluation_sampling,test_minus_same_TPR,1000,-0.011747235465754846,-0.010759220417932123,-0.020178005902243841,-0.00099283432811845163
CodeBERT_partial_s2028__fusion_TPR_0.001,per_format,0.0050000000000000001,threshold_and_evaluation_sampling,same_period_FPR,1000,0.0050853128136500499,0.0051737704918032781,0.0037470725995316159,0.0065590498494479746
CodeBERT_partial_s2028__fusion_TPR_0.001,per_format,0.0050000000000000001,threshold_and_evaluation_sampling,test_FPR,1000,0.0060261131570137263,0.0063078674255105461,0.0047522597924338798,0.0079678607298292597
CodeBERT_partial_s2028__fusion_TPR_0.001,per_format,0.0050000000000000001,threshold_and_evaluation_sampling,same_period_TPR,1000,0.91291929591497845,0.91386947857854539,0.90388575224178014,0.92315011624045162
CodeBERT_partial_s2028__fusion_TPR_0.001,per_format,0.0050000000000000001,threshold_and_evaluation_sampling,test_TPR,1000,0.90394955194158644,0.90510169266511775,0.89439097245270494,0.91530036508463331
CodeBERT_partial_s2028__fusion_TPR_0.001,per_format,0.0050000000000000001,threshold_and_evaluation_sampling,test_minus_same_FPR,1000,0.00094080034336367635,0.0011340969337072669,-0.00060081194936057836,0.0028813897806072328
CodeBERT_partial_s2028__fusion_TPR_0.001,per_format,0.0050000000000000001,threshold_and_evaluation_sampling,test_minus_same_TPR,1000,-0.0089697439733920081,-0.0087677859134275091,-0.015073453978844856,-0.0023298343070650321
CodeBERT_partial_s2028__fusion_TPR_0.001,per_format,0.01,threshold_and_evaluation_sampling,same_period_FPR,1000,0.010103713616594179,0.010150886584141853,0.0084275677484108406,0.012244897959183673
CodeBERT_partial_s2028__fusion_TPR_0.001,per_format,0.01,threshold_and_evaluation_sampling,test_FPR,1000,0.011851355875460328,0.011779645128891864,0.0097756946769333771,0.013927017073987278
CodeBERT_partial_s2028__fusion_TPR_0.001,per_format,0.01,threshold_and_evaluation_sampling,same_period_TPR,1000,0.94540019926934571,0.94503586848223187,0.93968781135835266,0.94998339422118894
CodeBERT_partial_s2028__fusion_TPR_0.001,per_format,0.01,threshold_and_evaluation_sampling,test_TPR,1000,0.9365416528377033,0.93618884832392968,0.93089777630268833,0.94112678393627613
CodeBERT_partial_s2028__fusion_TPR_0.001,per_format,0.01,threshold_and_evaluation_sampling,test_minus_same_FPR,1000,0.0017476422588661496,0.0016287585447500115,-0.00072803829418950834,0.0040231636074825414
CodeBERT_partial_s2028__fusion_TPR_0.001,per_format,0.01,threshold_and_evaluation_sampling,test_minus_same_TPR,1000,-0.0088585464316424112,-0.0088470201583021792,-0.013972152996265527,-0.0033444066082291405
CodeBERT_partial_s2028__fusion_TPR_0.001,per_format,0.050000000000000003,threshold_and_evaluation_sampling,same_period_FPR,1000,0.052124456339913014,0.052034258949481431,0.047507527601204413,0.056341585814653726
CodeBERT_partial_s2028__fusion_TPR_0.001,per_format,0.050000000000000003,threshold_and_evaluation_sampling,test_FPR,1000,0.05135587546032809,0.051465617676598588,0.047202879142952799,0.055908938734516238
CodeBERT_partial_s2028__fusion_TPR_0.001,per_format,0.050000000000000003,threshold_and_evaluation_sampling,same_period_TPR,1000,0.98266356692128864,0.98257382929259385,0.98020591165725668,0.98485552972434409
CodeBERT_partial_s2028__fusion_TPR_0.001,per_format,0.050000000000000003,threshold_and_evaluation_sampling,test_TPR,1000,0.98154663126452046,0.98145808164619974,0.97915698639230009,0.98360438101559911
CodeBERT_partial_s2028__fusion_TPR_0.001,per_format,0.050000000000000003,threshold_and_evaluation_sampling,test_minus_same_FPR,1000,-0.0007685808795849236,-0.00056864127288283801,-0.005921070036624637,0.0044548799229582213
CodeBERT_partial_s2028__fusion_TPR_0.001,per_format,0.050000000000000003,threshold_and_evaluation_sampling,test_minus_same_TPR,1000,-0.001116935656768181,-0.0011157476463940191,-0.0040381583491354124,0.0018042804219466856
CodeBERT_partial_s2028__fusion_TPR_0.001,pooled,0.001,threshold_and_evaluation_sampling,same_period_FPR,1000,0.0010036801605888257,0.0010125125460020072,0.00053529608564737373,0.0016728002676480427
CodeBERT_partial_s2028__fusion_TPR_0.001,pooled,0.001,threshold_and_evaluation_sampling,test_FPR,1000,0.0018078339471041178,0.0017892869099430868,0.001071309005691329,0.0026129896216940062
CodeBERT_partial_s2028__fusion_TPR_0.001,pooled,0.001,threshold_and_evaluation_sampling,same_period_TPR,1000,0.80298904018598471,0.8023347725008303,0.77832613749584856,0.82551477914314175
CodeBERT_partial_s2028__fusion_TPR_0.001,pooled,0.001,threshold_and_evaluation_sampling,test_TPR,1000,0.79163624294722867,0.7906073680716893,0.76819780949220051,0.81162794556920015
CodeBERT_partial_s2028__fusion_TPR_0.001,pooled,0.001,threshold_and_evaluation_sampling,test_minus_same_FPR,1000,0.00080415378651529207,0.00077677436394107935,-6.6285900662657458e-05,0.0016076366608375337
CodeBERT_partial_s2028__fusion_TPR_0.001,pooled,0.001,threshold_and_evaluation_sampling,test_minus_same_TPR,1000,-0.011352797238756041,-0.011727404429140944,-0.021454494268884388,-0.0029886571452852357
CodeBERT_partial_s2028__fusion_TPR_0.001,pooled,0.0050000000000000001,threshold_and_evaluation_sampling,same_period_FPR,1000,0.0055536968885915019,0.0054015389762462366,0.0040147206423553029,0.0068250250920040148
CodeBERT_partial_s2028__fusion_TPR_0.001,pooled,0.0050000000000000001,threshold_and_evaluation_sampling,test_FPR,1000,0.0060261131570137263,0.0061653163709407439,0.0046869768998995644,0.0077669902912621356
CodeBERT_partial_s2028__fusion_TPR_0.001,pooled,0.0050000000000000001,threshold_and_evaluation_sampling,same_period_TPR,1000,0.91384921952839593,0.9144170043175025,0.90421620724011953,0.92255064762537364
CodeBERT_partial_s2028__fusion_TPR_0.001,pooled,0.0050000000000000001,threshold_and_evaluation_sampling,test_TPR,1000,0.90448058413541321,0.90536329239960178,0.89492200464653171,0.91510288748755397
CodeBERT_partial_s2028__fusion_TPR_0.001,pooled,0.0050000000000000001,threshold_and_evaluation_sampling,test_minus_same_FPR,1000,0.00047241626842222436,0.0007637773946945071,-0.00086641309396590029,0.0026139702287474565
CodeBERT_partial_s2028__fusion_TPR_0.001,pooled,0.0050000000000000001,threshold_and_evaluation_sampling,test_minus_same_TPR,1000,-0.009368635392982716,-0.0090537119179007648,-0.015814551754750789,-0.0023336173162174234
CodeBERT_partial_s2028__fusion_TPR_0.001,pooled,0.01,threshold_and_evaluation_sampling,same_period_FPR,1000,0.010304449648711944,0.010467112746738038,0.0084292405486784874,0.012579458012713282
CodeBERT_partial_s2028__fusion_TPR_0.001,pooled,0.01,threshold_and_evaluation_sampling,test_FPR,1000,0.012520924004017409,0.012342551054569804,0.010244392366923335,0.014663542015400067
CodeBERT_partial_s2028__fusion_TPR_0.001,pooled,0.01,threshold_and_evaluation_sampling,same_period_TPR,1000,0.94427100631019589,0.9441384921952839,0.93842411159083361,0.94945200929923612
CodeBERT_partial_s2028__fusion_TPR_0.001,pooled,0.01,threshold_and_evaluation_sampling,test_TPR,1000,0.93494855625622308,0.93512923996017261,0.92977099236641225,0.94012777962163951
CodeBERT_partial_s2028__fusion_TPR_0.001,pooled,0.01,threshold_and_evaluation_sampling,test_minus_same_FPR,1000,0.0022164743553054651,0.0018754383078317632,-0.0005949098261530968,0.0042955595581298332
CodeBERT_partial_s2028__fusion_TPR_0.001,pooled,0.01,threshold_and_evaluation_sampling,test_minus_same_TPR,1000,-0.0093224500539728083,-0.0090092522351113719,-0.014370431550737186,-0.0034080338019363667
CodeBERT_partial_s2028__fusion_TPR_0.001,pooled,0.050000000000000003,threshold_and_evaluation_sampling,same_period_FPR,1000,0.052191368350618939,0.052470123787219804,0.04851120776179324,0.056607561057209772
CodeBERT_partial_s2028__fusion_TPR_0.001,pooled,0.050000000000000003,threshold_and_evaluation_sampling,test_FPR,1000,0.050954134583193839,0.05126481419484432,0.047271509876129894,0.055507197857381986
CodeBERT_partial_s2028__fusion_TPR_0.001,pooled,0.050000000000000003,threshold_and_evaluation_sampling,same_period_TPR,1000,0.98286283626702098,0.98286502822982402,0.98053802723347727,0.98505479907007643
CodeBERT_partial_s2028__fusion_TPR_0.001,pooled,0.050000000000000003,threshold_and_evaluation_sampling,test_TPR,1000,0.98121473614337873,0.98141619648191158,0.97909060736807174,0.9837371390640558
CodeBERT_partial_s2028__fusion_TPR_0.001,pooled,0.050000000000000003,threshold_and_evaluation_sampling,test_minus_same_FPR,1000,-0.0012372337674250999,-0.0012053095923754808,-0.0060583578242418374,0.0037816945808327664
CodeBERT_partial_s2028__fusion_TPR_0.001,pooled,0.050000000000000003,threshold_and_evaluation_sampling,test_minus_same_TPR,1000,-0.0016481001236422488,-0.0014488317479122586,-0.0043042465269783033,0.0014066268576234165
CodeBERT_partial_s2028__stack,per_format,0.001,threshold_and_evaluation_sampling,same_period_FPR,1000,0.0012044161927065907,0.0013356306457009033,0.00060220809635329537,0.0022080963532954165
CodeBERT_partial_s2028__stack,per_format,0.001,threshold_and_evaluation_sampling,test_FPR,1000,0.0016739203213927017,0.0016514228322731838,0.00087043856712420487,0.0025443588885169068
CodeBERT_partial_s2028__stack,per_format,0.001,threshold_and_evaluation_sampling,same_period_TPR,1000,0.80783792759880435,0.80878990368648296,0.77494520092992358,0.83654599800730656
CodeBERT_partial_s2028__stack,per_format,0.001,threshold_and_evaluation_sampling,test_TPR,1000,0.80185861267839365,0.80189213408562887,0.768866578161301,0.82814802522402919
CodeBERT_partial_s2028__stack,per_format,0.001,threshold_and_evaluation_sampling,test_minus_same_FPR,1000,0.00046950412868611096,0.00031579218657228048,-0.00073518199697294269,0.001339855331618232
CodeBERT_partial_s2028__stack,per_format,0.001,threshold_and_evaluation_sampling,test_minus_same_TPR,1000,-0.0059793149204107054,-0.006897769600853954,-0.016415599379330771,0.0026465246414215074
CodeBERT_partial_s2028__stack,per_format,0.0050000000000000001,threshold_and_evaluation_sampling,same_period_FPR,1000,0.0052860488457678149,0.0053215791234526594,0.0039478086316493809,0.0066912010705921709
CodeBERT_partial_s2028__stack,per_format,0.0050000000000000001,threshold_and_evaluation_sampling,test_FPR,1000,0.0063608972212922665,0.0064029460997656511,0.0046183461667224637,0.0081687311683963839
CodeBERT_partial_s2028__stack,per_format,0.0050000000000000001,threshold_and_evaluation_sampling,same_period_TPR,1000,0.91663899036864827,0.91662517436067759,0.9060743938890734,0.9267353038857522
CodeBERT_partial_s2028__stack,per_format,0.0050000000000000001,threshold_and_evaluation_sampling,test_TPR,1000,0.90673747095917689,0.90663365416528374,0.89624792565549283,0.91750082973780289
CodeBERT_partial_s2028__stack,per_format,0.0050000000000000001,threshold_and_evaluation_sampling,test_minus_same_FPR,1000,0.0010748483755244516,0.0010813669763129914,-0.00079869352451007963,0.0028846519371385501
CodeBERT_partial_s2028__stack,per_format,0.0050000000000000001,threshold_and_evaluation_sampling,test_minus_same_TPR,1000,-0.009901519409471371,-0.0099915201953937431,-0.01634630704123605,-0.0034640547442869318
CodeBERT_partial_s2028__stack,per_format,0.01,threshold_and_evaluation_sampling,same_period_FPR,1000,0.0099698895951823348,0.01019739043158247,0.0080963532954165269,0.012512546002007361
CodeBERT_partial_s2028__stack,per_format,0.01,threshold_and_evaluation_sampling,test_FPR,1000,0.010847003682624708,0.011287780381653834,0.0091061265483762966,0.013726146635420154
CodeBERT_partial_s2028__stack,per_format,0.01,threshold_and_evaluation_sampling,same_period_TPR,1000,0.94533377615410163,0.94545366987711721,0.93955164397210233,0.95131185652607109
CodeBERT_partial_s2028__stack,per_format,0.01,threshold_and_evaluation_sampling,test_TPR,1000,0.93627613674078991,0.93641115167607036,0.93069863923000329,0.94198473282442752
CodeBERT_partial_s2028__stack,per_format,0.01,threshold_and_evaluation_sampling,test_minus_same_FPR,1000,0.00087711408744237281,0.0010903899500713642,-0.0012643950707330732,0.0033572955764709384
CodeBERT_partial_s2028__stack,per_format,0.01,threshold_and_evaluation_sampling,test_minus_same_TPR,1000,-0.0090576394133117244,-0.0090425182010468747,-0.014636496029659199,-0.0036131937073743182
CodeBERT_partial_s2028__stack,per_format,0.050000000000000003,threshold_and_evaluation_sampling,same_period_FPR,1000,0.052525928404148547,0.052567547674807626,0.048442622950819678,0.056875209100033457
CodeBERT_partial_s2028__stack,per_format,0.050000000000000003,threshold_and_evaluation_sampling,test_FPR,1000,0.050820220957482426,0.050751991965182458,0.04673418145296284,0.054837629728824909
CodeBERT_partial_s2028__stack,per_format,0.050000000000000003,threshold_and_evaluation_sampling,same_period_TPR,1000,0.9830621056127532,0.98314599800730651,0.98100298904018601,0.98532049153105283
CodeBERT_partial_s2028__stack,per_format,0.050000000000000003,threshold_and_evaluation_sampling,test_TPR,1000,0.98207766345834713,0.98217855957517419,0.97995187520743443,0.98440092930633916
CodeBERT_partial_s2028__stack,per_format,0.050000000000000003,threshold_and_evaluation_sampling,test_minus_same_FPR,1000,-0.0017057074466661215,-0.0018155557096251709,-0.0068624052056513877,0.0031785198780978296
CodeBERT_partial_s2028__stack,per_format,0.050000000000000003,threshold_and_evaluation_sampling,test_minus_same_TPR,1000,-0.0009844421544060733,-0.00096743843213230112,-0.0037732914924290457,0.0019368554926878861
CodeBERT_partial_s2028__stack,pooled,0.001,threshold_and_evaluation_sampling,same_period_FPR,1000,0.0012044161927065907,0.0012673134827701571,0.00066912010705921711,0.0021411843425894949
CodeBERT_partial_s2028__stack,pooled,0.001,threshold_and_evaluation_sampling,test_FPR,1000,0.0018078339471041178,0.0017657850686307332,0.001004352192835621,0.0026113157013726148
CodeBERT_partial_s2028__stack,pooled,0.001,threshold_and_evaluation_sampling,same_period_TPR,1000,0.81009631351710398,0.81054015277316516,0.77927100631019597,0.83892892726668877
CodeBERT_partial_s2028__stack,pooled,0.001,threshold_and_evaluation_sampling,test_TPR,1000,0.80185861267839365,0.80330421506803851,0.77338035180882836,0.83046963159641551
CodeBERT_partial_s2028__stack,pooled,0.001,threshold_and_evaluation_sampling,test_minus_same_FPR,1000,0.00060341775439752706,0.00049847158586057599,-0.00040048641694023042,0.0013418675081705105
CodeBERT_partial_s2028__stack,pooled,0.001,threshold_and_evaluation_sampling,test_minus_same_TPR,1000,-0.0082377008387103379,-0.0072359377051265635,-0.016107951561169186,0.0013308917198504825
CodeBERT_partial_s2028__stack,pooled,0.0050000000000000001,threshold_and_evaluation_sampling,same_period_FPR,1000,0.0052860488457678149,0.0053475409836065578,0.0039478086316493809,0.0067597858815657396
CodeBERT_partial_s2028__stack,pooled,0.0050000000000000001,threshold_and_evaluation_sampling,test_FPR,1000,0.0059591563441580182,0.0058337462336792772,0.0044191496484767322,0.0072982926012721792
CodeBERT_partial_s2028__stack,pooled,0.0050000000000000001,threshold_and_evaluation_sampling,same_period_TPR,1000,0.91697110594486886,0.91580418465626046,0.90581036200597809,0.92281634008635005
CodeBERT_partial_s2028__stack,pooled,0.0050000000000000001,threshold_and_evaluation_sampling,test_TPR,1000,0.90667109193494855,0.90573620975771651,0.89432293395287088,0.91384168602721538
CodeBERT_partial_s2028__stack,pooled,0.0050000000000000001,threshold_and_evaluation_sampling,test_minus_same_FPR,1000,0.00067310749839020328,0.00048620525007271966,-0.001136330925703139,0.0021460700170236966
CodeBERT_partial_s2028__stack,pooled,0.0050000000000000001,threshold_and_evaluation_sampling,test_minus_same_TPR,1000,-0.010300014009920311,-0.010067974898543816,-0.016274791964809191,-0.0033263849566745581
CodeBERT_partial_s2028__stack,pooled,0.01,threshold_and_evaluation_sampling,same_period_FPR,1000,0.010237537638006023,0.010372030779524923,0.0084309133489461358,0.012447306791569085
CodeBERT_partial_s2028__stack,pooled,0.01,threshold_and_evaluation_sampling,test_FPR,1000,0.011717442249748912,0.011677469032474054,0.0099096083026447949,0.013793103448275862
CodeBERT_partial_s2028__stack,pooled,0.01,threshold_and_evaluation_sampling,same_period_TPR,1000,0.94520092992361338,0.94524104948522081,0.94008468947193624,0.95011790102955829
CodeBERT_partial_s2028__stack,pooled,0.01,threshold_and_evaluation_sampling,test_TPR,1000,0.93494855625622308,0.93504779289744444,0.92970461334218391,0.94019415864586786
CodeBERT_partial_s2028__stack,pooled,0.01,threshold_and_evaluation_sampling,test_minus_same_FPR,1000,0.0014799046117428896,0.0013054382529491297,-0.00099656557920275155,0.0036882910589581732
CodeBERT_partial_s2028__stack,pooled,0.01,threshold_and_evaluation_sampling,test_minus_same_TPR,1000,-0.010252373667390291,-0.01019325658777645,-0.015498661121192664,-0.0047398189159937138
CodeBERT_partial_s2028__stack,pooled,0.050000000000000003,threshold_and_evaluation_sampling,same_period_FPR,1000,0.052459016393442623,0.052693476078956164,0.048645031783205082,0.056809969889595177
CodeBERT_partial_s2028__stack,pooled,0.050000000000000003,threshold_and_evaluation_sampling,test_FPR,1000,0.048945430197522601,0.048918312688316035,0.044591563441580183,0.053632407097422161
CodeBERT_partial_s2028__stack,pooled,0.050000000000000003,threshold_and_evaluation_sampling,same_period_TPR,1000,0.98339422118897379,0.98331192294918623,0.98106941215543009,0.98538691464629691
CodeBERT_partial_s2028__stack,pooled,0.050000000000000003,threshold_and_evaluation_sampling,test_TPR,1000,0.98128111516760708,0.98143305675406567,0.97922170594092262,0.98380351808828415
CodeBERT_partial_s2028__stack,pooled,0.050000000000000003,threshold_and_evaluation_sampling,test_minus_same_FPR,1000,-0.0035135861959200224,-0.0037751633906401363,-0.0088033721010068924,0.0012443841905309873
CodeBERT_partial_s2028__stack,pooled,0.050000000000000003,threshold_and_evaluation_sampling,test_minus_same_TPR,1000,-0.0021131060213667174,-0.001878866195120601,-0.0047693747772715204,0.0010735445858823355
CodeBERT_unfrozen_s2026,per_format,0.001,threshold_and_evaluation_sampling,same_period_FPR,1000,0.0012713282034125125,0.0015145533623285379,0.0008029441284710606,0.0024757443961191034
CodeBERT_unfrozen_s2026,per_format,0.001,threshold_and_evaluation_sampling,test_FPR,1000,0.0017408771342484097,0.0018482089052561099,0.0011382658185470371,0.0027469032474054223
CodeBERT_unfrozen_s2026,per_format,0.001,threshold_and_evaluation_sampling,same_period_TPR,1000,0.48854201262039187,0.49365831949518429,0.44234473596811691,0.54247924277648618
CodeBERT_unfrozen_s2026,per_format,0.001,threshold_and_evaluation_sampling,test_TPR,1000,0.4138068370394955,0.41896063723863264,0.37768669100564223,0.46068370394955194
CodeBERT_unfrozen_s2026,per_format,0.001,threshold_and_evaluation_sampling,test_minus_same_FPR,1000,0.00046954893083589726,0.0003336555429275718,-0.0007367551124573161,0.0014068099043664513
CodeBERT_unfrozen_s2026,per_format,0.001,threshold_and_evaluation_sampling,test_minus_same_TPR,1000,-0.074735175580896374,-0.074697682256551726,-0.087791213167605464,-0.06060278040149937
CodeBERT_unfrozen_s2026,per_format,0.0050000000000000001,threshold_and_evaluation_sampling,same_period_FPR,1000,0.0052860488457678149,0.0055139511542321848,0.004148544663767146,0.0069588491134158579
CodeBERT_unfrozen_s2026,per_format,0.0050000000000000001,threshold_and_evaluation_sampling,test_FPR,1000,0.0052895882156009377,0.00542885838634081,0.0041513223970539,0.0068965517241379309
CodeBERT_unfrozen_s2026,per_format,0.0050000000000000001,threshold_and_evaluation_sampling,same_period_TPR,1000,0.69485220856858187,0.69552713384257714,0.67758219860511459,0.7143141813351046
CodeBERT_unfrozen_s2026,per_format,0.0050000000000000001,threshold_and_evaluation_sampling,test_TPR,1000,0.60019913707268502,0.60046146697643543,0.5828045137736475,0.61933620975771653
CodeBERT_unfrozen_s2026,per_format,0.0050000000000000001,threshold_and_evaluation_sampling,test_minus_same_FPR,1000,3.5393698331227796e-06,-8.5092767891374406e-05,-0.0018706689621794817,0.0016101030191832725
CodeBERT_unfrozen_s2026,per_format,0.0050000000000000001,threshold_and_evaluation_sampling,test_minus_same_TPR,1000,-0.094653071495896857,-0.095065666866141763,-0.10561443916834201,-0.083754333457927196
CodeBERT_unfrozen_s2026,per_format,0.01,threshold_and_evaluation_sampling,same_period_FPR,1000,0.010036801605888258,0.010279826028772166,0.0083640013382402147,0.012311809969889596
CodeBERT_unfrozen_s2026,per_format,0.01,threshold_and_evaluation_sampling,test_FPR,1000,0.010913960495480416,0.011108536993639102,0.00923836625376632,0.013190492132574489
CodeBERT_unfrozen_s2026,per_format,0.01,threshold_and_evaluation_sampling,same_period_TPR,1000,0.78060445034872139,0.78191849883759545,0.76791763533709734,0.79734473596811695
CodeBERT_unfrozen_s2026,per_format,0.01,threshold_and_evaluation_sampling,test_TPR,1000,0.68881513441752407,0.69163969465648856,0.67434284766013941,0.70866246266179889
CodeBERT_unfrozen_s2026,per_format,0.01,threshold_and_evaluation_sampling,test_minus_same_FPR,1000,0.00087715888959215803,0.00082871096486693838,-0.0015319535092571869,0.0033539897378435809
CodeBERT_unfrozen_s2026,per_format,0.01,threshold_and_evaluation_sampling,test_minus_same_TPR,1000,-0.091789315931197324,-0.090278804181106925,-0.10081429823141018,-0.079369751997956886
CodeBERT_unfrozen_s2026,per_format,0.050000000000000003,threshold_and_evaluation_sampling,same_period_FPR,1000,0.049247239879558383,0.049227701572432253,0.045232519237203075,0.053196721311475403
CodeBERT_unfrozen_s2026,per_format,0.050000000000000003,threshold_and_evaluation_sampling,test_FPR,1000,0.048008034817542684,0.047701774355540676,0.043856712420488782,0.051692333444928018
CodeBERT_unfrozen_s2026,per_format,0.050000000000000003,threshold_and_evaluation_sampling,same_period_TPR,1000,0.9206243772832946,0.92074340750581196,0.91557455994686154,0.92567253404184657
CodeBERT_unfrozen_s2026,per_format,0.050000000000000003,threshold_and_evaluation_sampling,test_TPR,1000,0.89173581148357117,0.89162734815798217,0.88609359442416191,0.89711417192167275
CodeBERT_unfrozen_s2026,per_format,0.050000000000000003,threshold_and_evaluation_sampling,test_minus_same_FPR,1000,-0.0012392050620156983,-0.0015259272168915755,-0.0060612867647841266,0.0034488823711716961
CodeBERT_unfrozen_s2026,per_format,0.050000000000000003,threshold_and_evaluation_sampling,test_minus_same_TPR,1000,-0.028888565799723431,-0.029116059347829945,-0.035332461690694206,-0.022445313637582738
CodeBERT_unfrozen_s2026,pooled,0.001,threshold_and_evaluation_sampling,same_period_FPR,1000,0.0013382402141184342,0.0015098026095684176,0.0008029441284710606,0.00234192037470726
CodeBERT_unfrozen_s2026,pooled,0.001,threshold_and_evaluation_sampling,test_FPR,1000,0.0017408771342484097,0.0018403080013391362,0.001071309005691329,0.0026799464345497142
CodeBERT_unfrozen_s2026,pooled,0.001,threshold_and_evaluation_sampling,same_period_TPR,1000,0.49239455330455001,0.49485732314845565,0.44874460312188641,0.53292261707074062
CodeBERT_unfrozen_s2026,pooled,0.001,threshold_and_evaluation_sampling,test_TPR,1000,0.4177231994689678,0.4210809824095586,0.38745104546963161,0.45211085297046133
CodeBERT_unfrozen_s2026,pooled,0.001,threshold_and_evaluation_sampling,test_minus_same_FPR,1000,0.00040263692012997552,0.00033050539177071871,-0.00060136021566858857,0.0012747830091879115
CodeBERT_unfrozen_s2026,pooled,0.001,threshold_and_evaluation_sampling,test_minus_same_TPR,1000,-0.07467135383558221,-0.073776340738897092,-0.087580238759463969,-0.057581643609453656
CodeBERT_unfrozen_s2026,pooled,0.0050000000000000001,threshold_and_evaluation_sampling,same_period_FPR,1000,0.0056875209100033458,0.0056902643024422887,0.004349280695884911,0.0070257611241217799
CodeBERT_unfrozen_s2026,pooled,0.0050000000000000001,threshold_and_evaluation_sampling,test_FPR,1000,0.0055574154670237699,0.0054905256109809173,0.0042182792099096081,0.0068295949112822229
CodeBERT_unfrozen_s2026,pooled,0.0050000000000000001,threshold_and_evaluation_sampling,same_period_TPR,1000,0.6991697110594487,0.69913503819329126,0.68254566589173038,0.7160428429093324
CodeBERT_unfrozen_s2026,pooled,0.0050000000000000001,threshold_and_evaluation_sampling,test_TPR,1000,0.60318619316296052,0.60320856289412539,0.58691669432459348,0.6201161632923996
CodeBERT_unfrozen_s2026,pooled,0.0050000000000000001,threshold_and_evaluation_sampling,test_minus_same_FPR,1000,-0.00013010544297957592,-0.00019973869146137097,-0.0019367767742967373,0.0014760583471837313
CodeBERT_unfrozen_s2026,pooled,0.0050000000000000001,threshold_and_evaluation_sampling,test_minus_same_TPR,1000,-0.09598351789648818,-0.095926475299165814,-0.1061444164846167,-0.085213571368969745
CodeBERT_unfrozen_s2026,pooled,0.01,threshold_and_evaluation_sampling,same_period_FPR,1000,0.010371361659417865,0.010272264971562394,0.0083623285379725663,0.012111073937771831
CodeBERT_unfrozen_s2026,pooled,0.01,threshold_and_evaluation_sampling,test_FPR,1000,0.01111483093404754,0.011047941078004686,0.009171409440910612,0.013056578506863073
CodeBERT_unfrozen_s2026,pooled,0.01,threshold_and_evaluation_sampling,same_period_TPR,1000,0.78452341414812354,0.78427479242776488,0.76990866821653936,0.79787778146795085
CodeBERT_unfrozen_s2026,pooled,0.01,threshold_and_evaluation_sampling,test_TPR,1000,0.6911384002655161,0.69137424493859945,0.67553269166943242,0.70501493528045134
CodeBERT_unfrozen_s2026,pooled,0.01,threshold_and_evaluation_sampling,test_minus_same_FPR,1000,0.00074346927462967498,0.00077567610644229182,-0.0016675679365798681,0.0032198095393409358
CodeBERT_unfrozen_s2026,pooled,0.01,threshold_and_evaluation_sampling,test_minus_same_TPR,1000,-0.093385013882607448,-0.092900547489165458,-0.10301316954549763,-0.083626133869362504
CodeBERT_unfrozen_s2026,pooled,0.050000000000000003,threshold_and_evaluation_sampling,same_period_FPR,1000,0.048377383740381398,0.048595449983271997,0.044630311140849782,0.052325192372030781
CodeBERT_unfrozen_s2026,pooled,0.050000000000000003,threshold_and_evaluation_sampling,test_FPR,1000,0.045731503180448607,0.045741412788751254,0.04191496484767325,0.049482758620689654
CodeBERT_unfrozen_s2026,pooled,0.050000000000000003,threshold_and_evaluation_sampling,same_period_TPR,1000,0.92142145466622383,0.92139143141813351,0.91643972102291593,0.92666888077050813
CodeBERT_unfrozen_s2026,pooled,0.050000000000000003,threshold_and_evaluation_sampling,test_TPR,1000,0.88689014271490207,0.88729339528708917,0.88011948224361103,0.89598572850979086
CodeBERT_unfrozen_s2026,pooled,0.050000000000000003,threshold_and_evaluation_sampling,test_minus_same_FPR,1000,-0.0026458805599327909,-0.0028540371945207422,-0.0074636774971010185,0.0019713360325881871
CodeBERT_unfrozen_s2026,pooled,0.050000000000000003,threshold_and_evaluation_sampling,test_minus_same_TPR,1000,-0.034531311951321753,-0.034098036131044229,-0.041300063281630418,-0.026828726134497636
CodeBERT_unfrozen_s2026__format_platt,per_format,0.001,threshold_and_evaluation_sampling,same_period_FPR,1000,0.0012713282034125125,0.0015145533623285379,0.0008029441284710606,0.0024757443961191034
CodeBERT_unfrozen_s2026__format_platt,per_format,0.001,threshold_and_evaluation_sampling,test_FPR,1000,0.0017408771342484097,0.0018482089052561099,0.0011382658185470371,0.0027469032474054223
CodeBERT_unfrozen_s2026__format_platt,per_format,0.001,threshold_and_evaluation_sampling,same_period_TPR,1000,0.48854201262039187,0.49365831949518429,0.44234473596811691,0.54247924277648618
CodeBERT_unfrozen_s2026__format_platt,per_format,0.001,threshold_and_evaluation_sampling,test_TPR,1000,0.4138068370394955,0.41896063723863264,0.37768669100564223,0.46068370394955194
CodeBERT_unfrozen_s2026__format_platt,per_format,0.001,threshold_and_evaluation_sampling,test_minus_same_FPR,1000,0.00046954893083589726,0.0003336555429275718,-0.0007367551124573161,0.0014068099043664513
CodeBERT_unfrozen_s2026__format_platt,per_format,0.001,threshold_and_evaluation_sampling,test_minus_same_TPR,1000,-0.074735175580896374,-0.074697682256551726,-0.087791213167605464,-0.06060278040149937
CodeBERT_unfrozen_s2026__format_platt,per_format,0.0050000000000000001,threshold_and_evaluation_sampling,same_period_FPR,1000,0.0052860488457678149,0.0055139511542321848,0.004148544663767146,0.0069588491134158579
CodeBERT_unfrozen_s2026__format_platt,per_format,0.0050000000000000001,threshold_and_evaluation_sampling,test_FPR,1000,0.0052895882156009377,0.00542885838634081,0.0041513223970539,0.0068965517241379309
CodeBERT_unfrozen_s2026__format_platt,per_format,0.0050000000000000001,threshold_and_evaluation_sampling,same_period_TPR,1000,0.69485220856858187,0.69552713384257714,0.67758219860511459,0.7143141813351046
CodeBERT_unfrozen_s2026__format_platt,per_format,0.0050000000000000001,threshold_and_evaluation_sampling,test_TPR,1000,0.60019913707268502,0.60046146697643543,0.5828045137736475,0.61933620975771653
CodeBERT_unfrozen_s2026__format_platt,per_format,0.0050000000000000001,threshold_and_evaluation_sampling,test_minus_same_FPR,1000,3.5393698331227796e-06,-8.5092767891374406e-05,-0.0018706689621794817,0.0016101030191832725
CodeBERT_unfrozen_s2026__format_platt,per_format,0.0050000000000000001,threshold_and_evaluation_sampling,test_minus_same_TPR,1000,-0.094653071495896857,-0.095065666866141763,-0.10561443916834201,-0.083754333457927196
CodeBERT_unfrozen_s2026__format_platt,per_format,0.01,threshold_and_evaluation_sampling,same_period_FPR,1000,0.010036801605888258,0.010279826028772166,0.0083640013382402147,0.012311809969889596
CodeBERT_unfrozen_s2026__format_platt,per_format,0.01,threshold_and_evaluation_sampling,test_FPR,1000,0.010913960495480416,0.011108536993639102,0.00923836625376632,0.013190492132574489
CodeBERT_unfrozen_s2026__format_platt,per_format,0.01,threshold_and_evaluation_sampling,same_period_TPR,1000,0.78060445034872139,0.78191849883759545,0.76791763533709734,0.79734473596811695
CodeBERT_unfrozen_s2026__format_platt,per_format,0.01,threshold_and_evaluation_sampling,test_TPR,1000,0.68881513441752407,0.69163969465648856,0.67434284766013941,0.70866246266179889
CodeBERT_unfrozen_s2026__format_platt,per_format,0.01,threshold_and_evaluation_sampling,test_minus_same_FPR,1000,0.00087715888959215803,0.00082871096486693838,-0.0015319535092571869,0.0033539897378435809
CodeBERT_unfrozen_s2026__format_platt,per_format,0.01,threshold_and_evaluation_sampling,test_minus_same_TPR,1000,-0.091789315931197324,-0.090278804181106925,-0.10081429823141018,-0.079369751997956886
CodeBERT_unfrozen_s2026__format_platt,per_format,0.050000000000000003,threshold_and_evaluation_sampling,same_period_FPR,1000,0.049247239879558383,0.049227701572432253,0.045232519237203075,0.053196721311475403
CodeBERT_unfrozen_s2026__format_platt,per_format,0.050000000000000003,threshold_and_evaluation_sampling,test_FPR,1000,0.048008034817542684,0.047701774355540676,0.043856712420488782,0.051692333444928018
CodeBERT_unfrozen_s2026__format_platt,per_format,0.050000000000000003,threshold_and_evaluation_sampling,same_period_TPR,1000,0.9206243772832946,0.92074340750581196,0.91557455994686154,0.92567253404184657
CodeBERT_unfrozen_s2026__format_platt,per_format,0.050000000000000003,threshold_and_evaluation_sampling,test_TPR,1000,0.89173581148357117,0.89162734815798217,0.88609359442416191,0.89711417192167275
CodeBERT_unfrozen_s2026__format_platt,per_format,0.050000000000000003,threshold_and_evaluation_sampling,test_minus_same_FPR,1000,-0.0012392050620156983,-0.0015259272168915755,-0.0060612867647841266,0.0034488823711716961
CodeBERT_unfrozen_s2026__format_platt,per_format,0.050000000000000003,threshold_and_evaluation_sampling,test_minus_same_TPR,1000,-0.028888565799723431,-0.029116059347829945,-0.035332461690694206,-0.022445313637582738
CodeBERT_unfrozen_s2026__format_platt,pooled,0.001,threshold_and_evaluation_sampling,same_period_FPR,1000,0.0016058882569421212,0.0016410839745734358,0.00093676814988290398,0.0024088323854131815
CodeBERT_unfrozen_s2026__format_platt,pooled,0.001,threshold_and_evaluation_sampling,test_FPR,1000,0.001071309005691329,0.0011076665550719786,0.00060261131570137256,0.0018078339471041178
CodeBERT_unfrozen_s2026__format_platt,pooled,0.001,threshold_and_evaluation_sampling,same_period_TPR,1000,0.36286947857854535,0.35781248754566591,0.30540518100298902,0.40159913649950185
CodeBERT_unfrozen_s2026__format_platt,pooled,0.001,threshold_and_evaluation_sampling,test_TPR,1000,0.27952207102555593,0.27619303020245606,0.23875871224692996,0.31297709923664124
CodeBERT_unfrozen_s2026__format_platt,pooled,0.001,threshold_and_evaluation_sampling,test_minus_same_FPR,1000,-0.00053457925125079218,-0.00053341741950145734,-0.0014713093193063779,0.00033563530512448116
CodeBERT_unfrozen_s2026__format_platt,pooled,0.001,threshold_and_evaluation_sampling,test_minus_same_TPR,1000,-0.083347407552989417,-0.081619457343209856,-0.093575121115264601,-0.063928934982616564
CodeBERT_unfrozen_s2026__format_platt,pooled,0.0050000000000000001,threshold_and_evaluation_sampling,same_period_FPR,1000,0.0054867848778855808,0.0054448310471729676,0.0040799598527935773,0.0067581130812980929
CodeBERT_unfrozen_s2026__format_platt,pooled,0.0050000000000000001,threshold_and_evaluation_sampling,test_FPR,1000,0.0055574154670237699,0.0054700368262470709,0.0041513223970539,0.0068965517241379309
CodeBERT_unfrozen_s2026__format_platt,pooled,0.0050000000000000001,threshold_and_evaluation_sampling,same_period_TPR,1000,0.69060112919295913,0.68827299900365324,0.66349551643972104,0.70846894719362341
CodeBERT_unfrozen_s2026__format_platt,pooled,0.0050000000000000001,threshold_and_evaluation_sampling,test_TPR,1000,0.59561898440092931,0.59319130434782619,0.57065051443743775,0.61420843013607695
CodeBERT_unfrozen_s2026__format_platt,pooled,0.0050000000000000001,threshold_and_evaluation_sampling,test_minus_same_FPR,1000,7.06305891381891e-05,2.520577907410319e-05,-0.0016697178797427418,0.0016101018991295278
CodeBERT_unfrozen_s2026__format_platt,pooled,0.0050000000000000001,threshold_and_evaluation_sampling,test_minus_same_TPR,1000,-0.094982144792029821,-0.095081694655827192,-0.10521365018166057,-0.084085426673719779
CodeBERT_unfrozen_s2026__format_platt,pooled,0.01,threshold_and_evaluation_sampling,same_period_FPR,1000,0.010304449648711944,0.010302576112412178,0.0084292405486784874,0.012111073937771831
CodeBERT_unfrozen_s2026__format_platt,pooled,0.01,threshold_and_evaluation_sampling,test_FPR,1000,0.010980917308336124,0.011004686976899901,0.0091730833612320047,0.012855708068295949
CodeBERT_unfrozen_s2026__format_platt,pooled,0.01,threshold_and_evaluation_sampling,same_period_TPR,1000,0.78286283626702091,0.78258306210561268,0.76725340418465626,0.79488708070408498
CodeBERT_unfrozen_s2026__format_platt,pooled,0.01,threshold_and_evaluation_sampling,test_TPR,1000,0.69080650514437436,0.6905997344839031,0.67487222037836048,0.70408230999004318
CodeBERT_unfrozen_s2026__format_platt,pooled,0.01,threshold_and_evaluation_sampling,test_minus_same_FPR,1000,0.00067646765962417997,0.0007021108644877219,-0.00173349149985613,0.0031550250707229922
CodeBERT_unfrozen_s2026__format_platt,pooled,0.01,threshold_and_evaluation_sampling,test_minus_same_TPR,1000,-0.092056331122646551,-0.09198332762170966,-0.10182232411900917,-0.08222482108141374
CodeBERT_unfrozen_s2026__format_platt,pooled,0.050000000000000003,threshold_and_evaluation_sampling,same_period_FPR,1000,0.048578119772499165,0.048600267648042823,0.044762462361993979,0.052525928404148547
CodeBERT_unfrozen_s2026__format_platt,pooled,0.050000000000000003,threshold_and_evaluation_sampling,test_FPR,1000,0.045262805490458656,0.045389688650820222,0.041712420488784735,0.049014060930699696
CodeBERT_unfrozen_s2026__format_platt,pooled,0.050000000000000003,threshold_and_evaluation_sampling,same_period_TPR,1000,0.92155430089671209,0.92171298571903026,0.91650116240451684,0.92693623380936563
CodeBERT_unfrozen_s2026__format_platt,pooled,0.050000000000000003,threshold_and_evaluation_sampling,test_TPR,1000,0.88695652173913042,0.88807036176568199,0.87978592764686359,0.89644872220378358
CodeBERT_unfrozen_s2026__format_platt,pooled,0.050000000000000003,threshold_and_evaluation_sampling,test_minus_same_FPR,1000,-0.0033153142820405088,-0.0032105789972226031,-0.0077371923814392295,0.0018391092078162293
CodeBERT_unfrozen_s2026__format_platt,pooled,0.050000000000000003,threshold_and_evaluation_sampling,test_minus_same_TPR,1000,-0.034597779157581665,-0.033642623953348175,-0.041170079660340475,-0.026300697641119621
CodeBERT_unfrozen_s2026__fusion_ROC_AUC,per_format,0.001,threshold_and_evaluation_sampling,same_period_FPR,1000,0.0014720642355302777,0.0014742723318835731,0.00086985613917698224,0.0022750083640013384
CodeBERT_unfrozen_s2026__fusion_ROC_AUC,per_format,0.001,threshold_and_evaluation_sampling,test_FPR,1000,0.0014730498828255775,0.0015935051891529963,0.00086876464680281222,0.0024774020756611987
CodeBERT_unfrozen_s2026__fusion_ROC_AUC,per_format,0.001,threshold_and_evaluation_sampling,same_period_TPR,1000,0.80777150448356028,0.80502829624709393,0.77103786117568918,0.83030554633012288
CodeBERT_unfrozen_s2026__fusion_ROC_AUC,per_format,0.001,threshold_and_evaluation_sampling,test_TPR,1000,0.79986724195154335,0.79867487553932959,0.76554098904746104,0.82297378028542978
CodeBERT_unfrozen_s2026__fusion_ROC_AUC,per_format,0.001,threshold_and_evaluation_sampling,test_minus_same_FPR,1000,9.8564729529983068e-07,0.0001192328572694232,-0.00093560777420343734,0.0012056751331155874
CodeBERT_unfrozen_s2026__fusion_ROC_AUC,per_format,0.001,threshold_and_evaluation_sampling,test_minus_same_TPR,1000,-0.0079042625320169257,-0.0063534207077644176,-0.015603442869011211,0.0041028365624307976
CodeBERT_unfrozen_s2026__fusion_ROC_AUC,per_format,0.0050000000000000001,threshold_and_evaluation_sampling,same_period_FPR,1000,0.0051522248243559719,0.0052291067246570755,0.0038139846102375374,0.0066912010705921709
CodeBERT_unfrozen_s2026__fusion_ROC_AUC,per_format,0.0050000000000000001,threshold_and_evaluation_sampling,test_FPR,1000,0.0060930699698694343,0.0062620689655172408,0.0047522597924338798,0.0078356210244392346
CodeBERT_unfrozen_s2026__fusion_ROC_AUC,per_format,0.0050000000000000001,threshold_and_evaluation_sampling,same_period_TPR,1000,0.91252075722351378,0.91299833942211883,0.90354865493191638,0.92228661574227833
CodeBERT_unfrozen_s2026__fusion_ROC_AUC,per_format,0.0050000000000000001,threshold_and_evaluation_sampling,test_TPR,1000,0.90394955194158644,0.90447188848323923,0.89432293395287088,0.91404248257550613
CodeBERT_unfrozen_s2026__fusion_ROC_AUC,per_format,0.0050000000000000001,threshold_and_evaluation_sampling,test_minus_same_FPR,1000,0.00094084514551346244,0.0010329622408601655,-0.00066729497948229521,0.0026830579438523764
CodeBERT_unfrozen_s2026__fusion_ROC_AUC,per_format,0.0050000000000000001,threshold_and_evaluation_sampling,test_minus_same_TPR,1000,-0.008571205281927341,-0.0085264509388795987,-0.014944620030790955,-0.0019305945684498561
CodeBERT_unfrozen_s2026__fusion_ROC_AUC,per_format,0.01,threshold_and_evaluation_sampling,same_period_FPR,1000,0.010103713616594179,0.010147808631649382,0.0083640013382402147,0.012179658748745398
CodeBERT_unfrozen_s2026__fusion_ROC_AUC,per_format,0.01,threshold_and_evaluation_sampling,test_FPR,1000,0.011918312688316036,0.011876799464345496,0.0097756946769333771,0.013927017073987278
CodeBERT_unfrozen_s2026__fusion_ROC_AUC,per_format,0.01,threshold_and_evaluation_sampling,same_period_TPR,1000,0.94493523746263697,0.94488900697442701,0.93981899701095983,0.94985220856858188
CodeBERT_unfrozen_s2026__fusion_ROC_AUC,per_format,0.01,threshold_and_evaluation_sampling,test_TPR,1000,0.93614337869233322,0.93619780949220055,0.93089943577829404,0.94092266843677397
CodeBERT_unfrozen_s2026__fusion_ROC_AUC,per_format,0.01,threshold_and_evaluation_sampling,test_minus_same_FPR,1000,0.0018145990717218577,0.0017289908326961164,-0.00066168743040966049,0.0041574222097473116
CodeBERT_unfrozen_s2026__fusion_ROC_AUC,per_format,0.01,threshold_and_evaluation_sampling,test_minus_same_TPR,1000,-0.008791858770303751,-0.0086911974822266348,-0.014035792866139846,-0.0032102607950514131
CodeBERT_unfrozen_s2026__fusion_ROC_AUC,per_format,0.050000000000000003,threshold_and_evaluation_sampling,same_period_FPR,1000,0.051722984275677487,0.0519389093342255,0.047505854800936768,0.056273001003680163
CodeBERT_unfrozen_s2026__fusion_ROC_AUC,per_format,0.050000000000000003,threshold_and_evaluation_sampling,test_FPR,1000,0.051623702711750923,0.051624573150318043,0.047271509876129894,0.055975895547371944
CodeBERT_unfrozen_s2026__fusion_ROC_AUC,per_format,0.050000000000000003,threshold_and_evaluation_sampling,same_period_TPR,1000,0.98246429757555631,0.98242178678180014,0.98007140484888744,0.98465626037861176
CodeBERT_unfrozen_s2026__fusion_ROC_AUC,per_format,0.050000000000000003,threshold_and_evaluation_sampling,test_TPR,1000,0.98121473614337873,0.98132319946896784,0.97902256886823769,0.98353800199137076
CodeBERT_unfrozen_s2026__fusion_ROC_AUC,per_format,0.050000000000000003,threshold_and_evaluation_sampling,test_minus_same_FPR,1000,-9.9281563926564842e-05,-0.0003143361839074487,-0.0053929070132501247,0.0050541092363776
CodeBERT_unfrozen_s2026__fusion_ROC_AUC,per_format,0.050000000000000003,threshold_and_evaluation_sampling,test_minus_same_TPR,1000,-0.0012495614321775816,-0.0010985873128322599,-0.0039707420837612108,0.0017388702977896159
CodeBERT_unfrozen_s2026__fusion_ROC_AUC,pooled,0.001,threshold_and_evaluation_sampling,same_period_FPR,1000,0.001405152224824356,0.0014601538976246238,0.00086985613917698224,0.0022080963532954165
CodeBERT_unfrozen_s2026__fusion_ROC_AUC,pooled,0.001,threshold_and_evaluation_sampling,test_FPR,1000,0.0016069635085369936,0.0016986943421493138,0.00093739537997991292,0.0024790759959825901
CodeBERT_unfrozen_s2026__fusion_ROC_AUC,pooled,0.001,threshold_and_evaluation_sampling,same_period_TPR,1000,0.79887080704085023,0.80387392892726661,0.78352706741946199,0.82829790767186984
CodeBERT_unfrozen_s2026__fusion_ROC_AUC,pooled,0.001,threshold_and_evaluation_sampling,test_TPR,1000,0.79196813806837041,0.79718207766345839,0.77463491536674411,0.81978758712246935
CodeBERT_unfrozen_s2026__fusion_ROC_AUC,pooled,0.001,threshold_and_evaluation_sampling,test_minus_same_FPR,1000,0.00020181128371263768,0.00023854044452469004,-0.00066858248126178089,0.0012060738722486863
CodeBERT_unfrozen_s2026__fusion_ROC_AUC,pooled,0.001,threshold_and_evaluation_sampling,test_minus_same_TPR,1000,-0.0069026689724798196,-0.0066918512638083419,-0.015683481289922297,0.0026823667792715013
CodeBERT_unfrozen_s2026__fusion_ROC_AUC,pooled,0.0050000000000000001,threshold_and_evaluation_sampling,same_period_FPR,1000,0.0053529608564737369,0.00529287387085982,0.0040147206423553029,0.0066912010705921709
CodeBERT_unfrozen_s2026__fusion_ROC_AUC,pooled,0.0050000000000000001,threshold_and_evaluation_sampling,test_FPR,1000,0.0062269835955808504,0.006218279209909609,0.0048208905256109805,0.0077000334784064275
CodeBERT_unfrozen_s2026__fusion_ROC_AUC,pooled,0.0050000000000000001,threshold_and_evaluation_sampling,same_period_TPR,1000,0.91431418133510467,0.91368375954832282,0.90434905347060779,0.9211590833610096
CodeBERT_unfrozen_s2026__fusion_ROC_AUC,pooled,0.0050000000000000001,threshold_and_evaluation_sampling,test_TPR,1000,0.90547626949883842,0.904915101228012,0.89445237305011616,0.91351145038167936
CodeBERT_unfrozen_s2026__fusion_ROC_AUC,pooled,0.0050000000000000001,threshold_and_evaluation_sampling,test_minus_same_FPR,1000,0.00087402273910711353,0.00092540533904978902,-0.00073249610809325019,0.0028155014990239287
CodeBERT_unfrozen_s2026__fusion_ROC_AUC,pooled,0.0050000000000000001,threshold_and_evaluation_sampling,test_minus_same_TPR,1000,-0.0088379118362662545,-0.0087686583203108702,-0.015007374773523735,-0.0020599416256997642
CodeBERT_unfrozen_s2026__fusion_ROC_AUC,pooled,0.01,threshold_and_evaluation_sampling,same_period_FPR,1000,0.010371361659417865,0.010505386416861828,0.0083623285379725663,0.012512546002007361
CodeBERT_unfrozen_s2026__fusion_ROC_AUC,pooled,0.01,threshold_and_evaluation_sampling,test_FPR,1000,0.012453967191161701,0.012382055574154669,0.010242718446601943,0.014797455641111483
CodeBERT_unfrozen_s2026__fusion_ROC_AUC,pooled,0.01,threshold_and_evaluation_sampling,same_period_TPR,1000,0.94393889073397541,0.94398983726336771,0.93809365659249422,0.94945366987711721
CodeBERT_unfrozen_s2026__fusion_ROC_AUC,pooled,0.01,threshold_and_evaluation_sampling,test_TPR,1000,0.9346830401593097,0.93502449385994035,0.92983571191503489,0.94012612014603381
CodeBERT_unfrozen_s2026__fusion_ROC_AUC,pooled,0.01,threshold_and_evaluation_sampling,test_minus_same_FPR,1000,0.002082605531743836,0.0018766691572928438,-0.00053026984446821594,0.0043601872192235262
CodeBERT_unfrozen_s2026__fusion_ROC_AUC,pooled,0.01,threshold_and_evaluation_sampling,test_minus_same_TPR,1000,-0.0092558505746657138,-0.0089653434034273911,-0.014369217945528418,-0.0032755507711904929
CodeBERT_unfrozen_s2026__fusion_ROC_AUC,pooled,0.050000000000000003,threshold_and_evaluation_sampling,same_period_FPR,1000,0.052191368350618939,0.052493743726998998,0.048444295751087323,0.056876881900301102
CodeBERT_unfrozen_s2026__fusion_ROC_AUC,pooled,0.050000000000000003,threshold_and_evaluation_sampling,test_FPR,1000,0.05135587546032809,0.051364780716437894,0.047403749581519924,0.055577502510880485
CodeBERT_unfrozen_s2026__fusion_ROC_AUC,pooled,0.050000000000000003,threshold_and_evaluation_sampling,same_period_TPR,1000,0.98292925938226505,0.98290959814015277,0.98053802723347727,0.9851212221853205
CodeBERT_unfrozen_s2026__fusion_ROC_AUC,pooled,0.050000000000000003,threshold_and_evaluation_sampling,test_TPR,1000,0.98134749419183542,0.98135811483571178,0.97895784931961505,0.98373879853966151
CodeBERT_unfrozen_s2026__fusion_ROC_AUC,pooled,0.050000000000000003,threshold_and_evaluation_sampling,test_minus_same_FPR,1000,-0.00083549289029084817,-0.0011289630105610988,-0.0061217657468075936,0.0038514039257659732
CodeBERT_unfrozen_s2026__fusion_ROC_AUC,pooled,0.050000000000000003,threshold_and_evaluation_sampling,test_minus_same_TPR,1000,-0.0015817651904296293,-0.0015514833044408564,-0.004438626573677309,0.0014721560275229445
CodeBERT_unfrozen_s2026__fusion_TPR_0.001,per_format,0.001,threshold_and_evaluation_sampling,same_period_FPR,1000,0.0011375041820006692,0.0012572097691535631,0.00066912010705921711,0.0020073603211776514
CodeBERT_unfrozen_s2026__fusion_TPR_0.001,per_format,0.001,threshold_and_evaluation_sampling,test_FPR,1000,0.0014730498828255775,0.0015313692668228994,0.00080348175426849682,0.0024104452628054903
CodeBERT_unfrozen_s2026__fusion_TPR_0.001,per_format,0.001,threshold_and_evaluation_sampling,same_period_TPR,1000,0.79368980405181,0.79502743274659593,0.76445699103287945,0.82438226502822975
CodeBERT_unfrozen_s2026__fusion_TPR_0.001,per_format,0.001,threshold_and_evaluation_sampling,test_TPR,1000,0.76395618984400926,0.76684307998672419,0.73468304015930963,0.80033521407235308
CodeBERT_unfrozen_s2026__fusion_TPR_0.001,per_format,0.001,threshold_and_evaluation_sampling,test_minus_same_FPR,1000,0.00033554570082490833,0.00027415949766933619,-0.00066813445976391739,0.001205807299457457
CodeBERT_unfrozen_s2026__fusion_TPR_0.001,per_format,0.001,threshold_and_evaluation_sampling,test_minus_same_TPR,1000,-0.02973361420780074,-0.028184352759871623,-0.039043041980268631,-0.009295664761897993
CodeBERT_unfrozen_s2026__fusion_TPR_0.001,per_format,0.0050000000000000001,threshold_and_evaluation_sampling,same_period_FPR,1000,0.0050184008029441288,0.0051581799933087995,0.0037470725995316159,0.0066242890598862498
CodeBERT_unfrozen_s2026__fusion_TPR_0.001,per_format,0.0050000000000000001,threshold_and_evaluation_sampling,test_FPR,1000,0.0060261131570137263,0.0062956812855708075,0.0046869768998995644,0.0079678607298292597
CodeBERT_unfrozen_s2026__fusion_TPR_0.001,per_format,0.0050000000000000001,threshold_and_evaluation_sampling,same_period_TPR,1000,0.91252075722351378,0.91346947857854521,0.90348389239455329,0.92288442377947522
CodeBERT_unfrozen_s2026__fusion_TPR_0.001,per_format,0.0050000000000000001,threshold_and_evaluation_sampling,test_TPR,1000,0.902887487553933,0.90459674742781271,0.89398937935612344,0.91496846996349157
CodeBERT_unfrozen_s2026__fusion_TPR_0.001,per_format,0.0050000000000000001,threshold_and_evaluation_sampling,test_minus_same_FPR,1000,0.0010077123540695974,0.0011375012922620077,-0.00059858136232808945,0.0028147085009727108
CodeBERT_unfrozen_s2026__fusion_TPR_0.001,per_format,0.0050000000000000001,threshold_and_evaluation_sampling,test_minus_same_TPR,1000,-0.0096332696695807796,-0.0088727311507325237,-0.015206527278064291,-0.0022653600147175129
CodeBERT_unfrozen_s2026__fusion_TPR_0.001,per_format,0.01,threshold_and_evaluation_sampling,same_period_FPR,1000,0.010103713616594179,0.010124991635998662,0.0082954165272666434,0.012177985948477752
CodeBERT_unfrozen_s2026__fusion_TPR_0.001,per_format,0.01,threshold_and_evaluation_sampling,test_FPR,1000,0.011918312688316036,0.011839772346836291,0.0097756946769333771,0.014060930699698694
CodeBERT_unfrozen_s2026__fusion_TPR_0.001,per_format,0.01,threshold_and_evaluation_sampling,same_period_TPR,1000,0.94540019926934571,0.94500252407837937,0.93981899701095983,0.94998339422118894
CodeBERT_unfrozen_s2026__fusion_TPR_0.001,per_format,0.01,threshold_and_evaluation_sampling,test_TPR,1000,0.93627613674078991,0.93609113840026559,0.93089611682708262,0.94099070693660802
CodeBERT_unfrozen_s2026__fusion_TPR_0.001,per_format,0.01,threshold_and_evaluation_sampling,test_minus_same_FPR,1000,0.0018145990717218577,0.0017147807108376294,-0.00066231466050666922,0.0040896757590016203
CodeBERT_unfrozen_s2026__fusion_TPR_0.001,per_format,0.01,threshold_and_evaluation_sampling,test_minus_same_TPR,1000,-0.0091240625285557986,-0.008911385678113757,-0.014434123227554954,-0.0034792264628104308
CodeBERT_unfrozen_s2026__fusion_TPR_0.001,per_format,0.050000000000000003,threshold_and_evaluation_sampling,same_period_FPR,1000,0.052325192372030781,0.052110404817664775,0.047574439611910338,0.056406825025092006
CodeBERT_unfrozen_s2026__fusion_TPR_0.001,per_format,0.050000000000000003,threshold_and_evaluation_sampling,test_FPR,1000,0.051288918647472377,0.051486307331771002,0.047269835955808505,0.055775025108804818
CodeBERT_unfrozen_s2026__fusion_TPR_0.001,per_format,0.050000000000000003,threshold_and_evaluation_sampling,same_period_TPR,1000,0.98253072069080039,0.98252082364662896,0.9801394885420126,0.98485552972434409
CodeBERT_unfrozen_s2026__fusion_TPR_0.001,per_format,0.050000000000000003,threshold_and_evaluation_sampling,test_TPR,1000,0.98141387321606377,0.98146093594424155,0.97922170594092262,0.98360604049120481
CodeBERT_unfrozen_s2026__fusion_TPR_0.001,per_format,0.050000000000000003,threshold_and_evaluation_sampling,test_minus_same_FPR,1000,-0.0010362737245584036,-0.00062409748589376327,-0.0058607786636033924,0.0045199332044748852
CodeBERT_unfrozen_s2026__fusion_TPR_0.001,per_format,0.050000000000000003,threshold_and_evaluation_sampling,test_minus_same_TPR,1000,-0.0011168474747366153,-0.0010598877023874072,-0.0039089744286437801,0.001938093347955322
CodeBERT_unfrozen_s2026__fusion_TPR_0.001,pooled,0.001,threshold_and_evaluation_sampling,same_period_FPR,1000,0.0011375041820006692,0.0011657410505185681,0.00066912010705921711,0.0018066242890598862
CodeBERT_unfrozen_s2026__fusion_TPR_0.001,pooled,0.001,threshold_and_evaluation_sampling,test_FPR,1000,0.0016069635085369936,0.0016316705724807499,0.00087043856712420487,0.0024774020756611987
CodeBERT_unfrozen_s2026__fusion_TPR_0.001,pooled,0.001,threshold_and_evaluation_sampling,same_period_TPR,1000,0.79242776486217203,0.79201986051145801,0.76990866821653936,0.81793922284955156
CodeBERT_unfrozen_s2026__fusion_TPR_0.001,pooled,0.001,threshold_and_evaluation_sampling,test_TPR,1000,0.7632923996017259,0.76336043810155996,0.73985396614669763,0.78811981413873211
CodeBERT_unfrozen_s2026__fusion_TPR_0.001,pooled,0.001,threshold_and_evaluation_sampling,test_minus_same_FPR,1000,0.00046945932653632443,0.00046592952196218183,-0.00040075522983894869,0.0014068099043664513
CodeBERT_unfrozen_s2026__fusion_TPR_0.001,pooled,0.001,threshold_and_evaluation_sampling,test_minus_same_TPR,1000,-0.029135365260446133,-0.028659422409898078,-0.038758551314722396,-0.019061302274445989
CodeBERT_unfrozen_s2026__fusion_TPR_0.001,pooled,0.0050000000000000001,threshold_and_evaluation_sampling,same_period_FPR,1000,0.0054867848778855808,0.0053599197055871524,0.0040816326530612249,0.0066912010705921709
CodeBERT_unfrozen_s2026__fusion_TPR_0.001,pooled,0.0050000000000000001,threshold_and_evaluation_sampling,test_FPR,1000,0.0060261131570137263,0.006148175426849682,0.0047539337127552725,0.0076330766655507195
CodeBERT_unfrozen_s2026__fusion_TPR_0.001,pooled,0.0050000000000000001,threshold_and_evaluation_sampling,same_period_TPR,1000,0.91318498837595485,0.91366981069412156,0.90500830288940559,0.92208900697442708
CodeBERT_unfrozen_s2026__fusion_TPR_0.001,pooled,0.0050000000000000001,threshold_and_evaluation_sampling,test_TPR,1000,0.90428144706272817,0.90469007633587784,0.8957816130102888,0.91423830069697976
CodeBERT_unfrozen_s2026__fusion_TPR_0.001,pooled,0.0050000000000000001,threshold_and_evaluation_sampling,test_minus_same_FPR,1000,0.00053932827912814545,0.00078825572126252916,-0.00086859775879485847,0.00254881726244752
CodeBERT_unfrozen_s2026__fusion_TPR_0.001,pooled,0.0050000000000000001,threshold_and_evaluation_sampling,test_minus_same_TPR,1000,-0.0089035413132266816,-0.0089797343582436896,-0.015341188956126472,-0.0024674974810251077
CodeBERT_unfrozen_s2026__fusion_TPR_0.001,pooled,0.01,threshold_and_evaluation_sampling,same_period_FPR,1000,0.010304449648711944,0.010494948143191702,0.0084309133489461358,0.012447306791569085
CodeBERT_unfrozen_s2026__fusion_TPR_0.001,pooled,0.01,threshold_and_evaluation_sampling,test_FPR,1000,0.012453967191161701,0.012390224305323065,0.010311349179779043,0.014663542015400067
CodeBERT_unfrozen_s2026__fusion_TPR_0.001,pooled,0.01,threshold_and_evaluation_sampling,same_period_TPR,1000,0.94420458319495182,0.94408342743274654,0.93835934905347063,0.94925440053138488
CodeBERT_unfrozen_s2026__fusion_TPR_0.001,pooled,0.01,threshold_and_evaluation_sampling,test_TPR,1000,0.93488217723199474,0.93504002655160978,0.92970461334218391,0.93973116495187525
CodeBERT_unfrozen_s2026__fusion_TPR_0.001,pooled,0.01,threshold_and_evaluation_sampling,test_minus_same_FPR,1000,0.0021495175424497571,0.0018952761621313639,-0.00046101524135533996,0.0042970430693146334
CodeBERT_unfrozen_s2026__fusion_TPR_0.001,pooled,0.01,threshold_and_evaluation_sampling,test_minus_same_TPR,1000,-0.009322405962957081,-0.0090434008811368996,-0.014436854665981335,-0.0034785854896686994
CodeBERT_unfrozen_s2026__fusion_TPR_0.001,pooled,0.050000000000000003,threshold_and_evaluation_sampling,same_period_FPR,1000,0.051990632318501172,0.052370157243225163,0.048444295751087323,0.05667447306791569
CodeBERT_unfrozen_s2026__fusion_TPR_0.001,pooled,0.050000000000000003,threshold_and_evaluation_sampling,test_FPR,1000,0.050820220957482426,0.051134382323401402,0.047269835955808505,0.05544024104452628
CodeBERT_unfrozen_s2026__fusion_TPR_0.001,pooled,0.050000000000000003,threshold_and_evaluation_sampling,same_period_TPR,1000,0.98292925938226505,0.98286595815343736,0.98060278977084026,0.98505479907007643
CodeBERT_unfrozen_s2026__fusion_TPR_0.001,pooled,0.050000000000000003,threshold_and_evaluation_sampling,test_TPR,1000,0.98114835711915038,0.98135532691669436,0.97902422834384339,0.98373879853966151
CodeBERT_unfrozen_s2026__fusion_TPR_0.001,pooled,0.050000000000000003,threshold_and_evaluation_sampling,test_minus_same_FPR,1000,-0.0011704113610187458,-0.0012357749198237528,-0.0059909686706406881,0.0037819096311517389
CodeBERT_unfrozen_s2026__fusion_TPR_0.001,pooled,0.050000000000000003,threshold_and_evaluation_sampling,test_minus_same_TPR,1000,-0.0017809022631146698,-0.0015106312367430684,-0.0043731470061703385,0.0013401916173498979
CodeBERT_unfrozen_s2026__stack,per_format,0.001,threshold_and_evaluation_sampling,same_period_FPR,1000,0.001405152224824356,0.0014224155235864839,0.00073603211776513886,0.0022080963532954165
CodeBERT_unfrozen_s2026__stack,per_format,0.001,threshold_and_evaluation_sampling,test_FPR,1000,0.0015400066956812856,0.0016077000334784063,0.00087043856712420487,0.0024774020756611987
CodeBERT_unfrozen_s2026__stack,per_format,0.001,threshold_and_evaluation_sampling,same_period_TPR,1000,0.80896712055795417,0.80621753570242438,0.77216705413483888,0.83494354035204243
CodeBERT_unfrozen_s2026__stack,per_format,0.001,threshold_and_evaluation_sampling,test_TPR,1000,0.80278791901759039,0.79994470627281777,0.7669316296050448,0.82482741453700625
CodeBERT_unfrozen_s2026__stack,per_format,0.001,threshold_and_evaluation_sampling,test_minus_same_FPR,1000,0.00013485447085692963,0.00018528450989192263,-0.00080222841412822357,0.0012059417059068159
CodeBERT_unfrozen_s2026__stack,per_format,0.001,threshold_and_evaluation_sampling,test_minus_same_TPR,1000,-0.0061792015403637768,-0.0062728294296066529,-0.015941495300503945,0.0035160016767813995
CodeBERT_unfrozen_s2026__stack,per_format,0.0050000000000000001,threshold_and_evaluation_sampling,same_period_FPR,1000,0.0052860488457678149,0.0051872867179658744,0.0038808966209434594,0.0066242890598862498
CodeBERT_unfrozen_s2026__stack,per_format,0.0050000000000000001,threshold_and_evaluation_sampling,test_FPR,1000,0.0059591563441580182,0.0063938399732172743,0.0048192166052895878,0.0081034482758620668
CodeBERT_unfrozen_s2026__stack,per_format,0.0050000000000000001,threshold_and_evaluation_sampling,same_period_TPR,1000,0.91491198937230156,0.91510900033211551,0.90494520092992359,0.92448023912321486
CodeBERT_unfrozen_s2026__stack,per_format,0.0050000000000000001,threshold_and_evaluation_sampling,test_TPR,1000,0.90428144706272817,0.90515897776302701,0.89532027879190179,0.914840690341852
CodeBERT_unfrozen_s2026__stack,per_format,0.0050000000000000001,threshold_and_evaluation_sampling,test_minus_same_FPR,1000,0.00067310749839020328,0.0012065532552514001,-0.00053158534759131858,0.0030833746726502916
CodeBERT_unfrozen_s2026__stack,per_format,0.0050000000000000001,threshold_and_evaluation_sampling,test_minus_same_TPR,1000,-0.010630542309573388,-0.0099500225690886922,-0.01607245939575689,-0.0035878860154651402
CodeBERT_unfrozen_s2026__stack,per_format,0.01,threshold_and_evaluation_sampling,same_period_FPR,1000,0.010036801605888258,0.010175175644028103,0.0079625292740046847,0.012512546002007361
CodeBERT_unfrozen_s2026__stack,per_format,0.01,threshold_and_evaluation_sampling,test_FPR,1000,0.011315701372614664,0.01156926682289923,0.0093739537997991288,0.013993973886842986
CodeBERT_unfrozen_s2026__stack,per_format,0.01,threshold_and_evaluation_sampling,same_period_TPR,1000,0.9451345068083693,0.94502138824310866,0.93908668216539359,0.9506492859515111
CodeBERT_unfrozen_s2026__stack,per_format,0.01,threshold_and_evaluation_sampling,test_TPR,1000,0.93508131430467967,0.93577636906737482,0.92937105874543646,0.9415217391304348
CodeBERT_unfrozen_s2026__stack,per_format,0.01,threshold_and_evaluation_sampling,test_minus_same_FPR,1000,0.0012788997667264063,0.0013940911788711272,-0.00079863024147350768,0.0037555402058412363
CodeBERT_unfrozen_s2026__stack,per_format,0.01,threshold_and_evaluation_sampling,test_minus_same_TPR,1000,-0.010053192503689634,-0.0092450191757338911,-0.014901226204216633,-0.0040052234626371253
CodeBERT_unfrozen_s2026__stack,per_format,0.050000000000000003,threshold_and_evaluation_sampling,same_period_FPR,1000,0.052726664436266307,0.052594178655068581,0.048042823686851789,0.057009033121445299
CodeBERT_unfrozen_s2026__stack,per_format,0.050000000000000003,threshold_and_evaluation_sampling,test_FPR,1000,0.050351523267492468,0.050762838968865083,0.046401071309005691,0.054904586541680615
CodeBERT_unfrozen_s2026__stack,per_format,0.050000000000000003,threshold_and_evaluation_sampling,same_period_TPR,1000,0.98299568249750913,0.98299893723015608,0.98073729657920961,0.98518764530056457
CodeBERT_unfrozen_s2026__stack,per_format,0.050000000000000003,threshold_and_evaluation_sampling,test_TPR,1000,0.98201128443411878,0.98191058745436433,0.97968801858612675,0.98420179223365412
CodeBERT_unfrozen_s2026__stack,per_format,0.050000000000000003,threshold_and_evaluation_sampling,test_minus_same_FPR,1000,-0.0023751411687738394,-0.0018313396862035028,-0.0070637259058238689,0.0029832161066416633
CodeBERT_unfrozen_s2026__stack,per_format,0.050000000000000003,threshold_and_evaluation_sampling,test_minus_same_TPR,1000,-0.00098439806339034597,-0.0010883497757916735,-0.0038394048682874131,0.0017395079641050594
CodeBERT_unfrozen_s2026__stack,pooled,0.001,threshold_and_evaluation_sampling,same_period_FPR,1000,0.0012044161927065907,0.0013140849782535967,0.00073603211776513886,0.0021411843425894949
CodeBERT_unfrozen_s2026__stack,pooled,0.001,threshold_and_evaluation_sampling,test_FPR,1000,0.0014730498828255775,0.001709608302644794,0.00093739537997991292,0.0026782725142283229
CodeBERT_unfrozen_s2026__stack,pooled,0.001,threshold_and_evaluation_sampling,same_period_TPR,1000,0.7989372301560943,0.80468987047492535,0.77914148123547,0.8341481235469943
CodeBERT_unfrozen_s2026__stack,pooled,0.001,threshold_and_evaluation_sampling,test_TPR,1000,0.79289744440756715,0.7983956853634252,0.77424327912379687,0.82509956853634248
CodeBERT_unfrozen_s2026__stack,pooled,0.001,threshold_and_evaluation_sampling,test_minus_same_FPR,1000,0.00026863369011898681,0.00039552332439119761,-0.00053391617943395419,0.0013400793423671642
CodeBERT_unfrozen_s2026__stack,pooled,0.001,threshold_and_evaluation_sampling,test_minus_same_TPR,1000,-0.0060397857485271489,-0.0062941851115001146,-0.015692000776442783,0.002720887446328851
CodeBERT_unfrozen_s2026__stack,pooled,0.0050000000000000001,threshold_and_evaluation_sampling,same_period_FPR,1000,0.0054198728671796589,0.0053483439277350279,0.0040816326530612249,0.0066912010705921709
CodeBERT_unfrozen_s2026__stack,pooled,0.0050000000000000001,threshold_and_evaluation_sampling,test_FPR,1000,0.0060930699698694343,0.0060556411114830932,0.0046869768998995644,0.0075661198526950114
CodeBERT_unfrozen_s2026__stack,pooled,0.0050000000000000001,threshold_and_evaluation_sampling,same_period_TPR,1000,0.91497841248754563,0.91450069744271001,0.90487877781467951,0.92241946197276647
CodeBERT_unfrozen_s2026__stack,pooled,0.0050000000000000001,threshold_and_evaluation_sampling,test_TPR,1000,0.90554264852306676,0.90498174576833723,0.89485396614669765,0.91297875871224698
CodeBERT_unfrozen_s2026__stack,pooled,0.0050000000000000001,threshold_and_evaluation_sampling,test_minus_same_FPR,1000,0.00067319710268977546,0.00070729718374806501,-0.0009336779216013902,0.002412972104053441
CodeBERT_unfrozen_s2026__stack,pooled,0.0050000000000000001,threshold_and_evaluation_sampling,test_minus_same_TPR,1000,-0.0094357639644788716,-0.0095189516743728574,-0.015417845044991029,-0.0029931450595520907
CodeBERT_unfrozen_s2026__stack,pooled,0.01,threshold_and_evaluation_sampling,same_period_FPR,1000,0.010371361659417865,0.010357644697223152,0.0084309133489461358,0.01224657075945132
CodeBERT_unfrozen_s2026__stack,pooled,0.01,threshold_and_evaluation_sampling,test_FPR,1000,0.012186139939738869,0.01215989286909943,0.010177435554067627,0.014395714763977234
CodeBERT_unfrozen_s2026__stack,pooled,0.01,threshold_and_evaluation_sampling,same_period_TPR,1000,0.94493523746263697,0.94466037861175689,0.9384257721687147,0.94952341414812347
CodeBERT_unfrozen_s2026__stack,pooled,0.01,threshold_and_evaluation_sampling,test_TPR,1000,0.93494855625622308,0.93467826086956529,0.92890806505144374,0.9395303684035845
CodeBERT_unfrozen_s2026__stack,pooled,0.01,threshold_and_evaluation_sampling,test_minus_same_FPR,1000,0.0018147782803210038,0.0018022481718762795,-0.00046261299802209682,0.0041600414554291958
CodeBERT_unfrozen_s2026__stack,pooled,0.01,threshold_and_evaluation_sampling,test_minus_same_TPR,1000,-0.0099866812064138832,-0.0099821177421916714,-0.015168311941291085,-0.0044743623419516805
CodeBERT_unfrozen_s2026__stack,pooled,0.050000000000000003,threshold_and_evaluation_sampling,same_period_FPR,1000,0.052793576446972232,0.052632586149213782,0.048241886918701911,0.056942121110739374
CodeBERT_unfrozen_s2026__stack,pooled,0.050000000000000003,threshold_and_evaluation_sampling,test_FPR,1000,0.04988282557750251,0.049788014730498827,0.045597589554737195,0.053968865082022095
CodeBERT_unfrozen_s2026__stack,pooled,0.050000000000000003,threshold_and_evaluation_sampling,same_period_TPR,1000,0.98286283626702098,0.98282278312852878,0.9804716041182332,0.98505479907007643
CodeBERT_unfrozen_s2026__stack,pooled,0.050000000000000003,threshold_and_evaluation_sampling,test_TPR,1000,0.98181214736143374,0.98165151012280116,0.97915698639230009,0.98400431463657489
CodeBERT_unfrozen_s2026__stack,pooled,0.050000000000000003,threshold_and_evaluation_sampling,test_minus_same_FPR,1000,-0.0029107508694697221,-0.0028445714187149552,-0.0077973129462644078,0.0021744185773010108
CodeBERT_unfrozen_s2026__stack,pooled,0.050000000000000003,threshold_and_evaluation_sampling,test_minus_same_TPR,1000,-0.0010506889055872382,-0.0011712730057275324,-0.0040378882916637495,0.0016723953756019427
CodeBERT_unfrozen_s2027,per_format,0.001,threshold_and_evaluation_sampling,same_period_FPR,1000,0.0010036801605888257,0.00097617932418869204,0.0004014720642355303,0.0016728002676480427
CodeBERT_unfrozen_s2027,per_format,0.001,threshold_and_evaluation_sampling,test_FPR,1000,0.0016069635085369936,0.0015418145296283896,0.00073652494141278877,0.0024774020756611987
CodeBERT_unfrozen_s2027,per_format,0.001,threshold_and_evaluation_sampling,same_period_TPR,1000,0.51072733311192298,0.49660205911657263,0.41155596147459317,0.56061773497177014
CodeBERT_unfrozen_s2027,per_format,0.001,threshold_and_evaluation_sampling,test_TPR,1000,0.43703949551941584,0.42367414537006304,0.34886325921008959,0.4718918021905078
CodeBERT_unfrozen_s2027,per_format,0.001,threshold_and_evaluation_sampling,test_minus_same_FPR,1000,0.00060328334794816792,0.00056563520543969779,-0.00033375921510217759,0.0014736782329763309
CodeBERT_unfrozen_s2027,per_format,0.001,threshold_and_evaluation_sampling,test_minus_same_TPR,1000,-0.073687837592507133,-0.072927913746509518,-0.098074629665780191,-0.04153435412118172
CodeBERT_unfrozen_s2027,per_format,0.0050000000000000001,threshold_and_evaluation_sampling,same_period_FPR,1000,0.0045500167280026768,0.0048212111073937768,0.0035463365674138509,0.0062228169956507189
CodeBERT_unfrozen_s2027,per_format,0.0050000000000000001,threshold_and_evaluation_sampling,test_FPR,1000,0.0058921995313023102,0.0058965517241379309,0.0045530632741881483,0.0073669233344492782
CodeBERT_unfrozen_s2027,per_format,0.0050000000000000001,threshold_and_evaluation_sampling,same_period_TPR,1000,0.70826967784789108,0.70964995018266364,0.6887346396545998,0.72912819661242112
CodeBERT_unfrozen_s2027,per_format,0.0050000000000000001,threshold_and_evaluation_sampling,test_TPR,1000,0.60962495851310983,0.61104805841354137,0.59102721539993364,0.6310703617656821
CodeBERT_unfrozen_s2027,per_format,0.0050000000000000001,threshold_and_evaluation_sampling,test_minus_same_FPR,1000,0.0013421828032996333,0.0010753406167441539,-0.00059912234828676076,0.0028172336621400426
CodeBERT_unfrozen_s2027,per_format,0.0050000000000000001,threshold_and_evaluation_sampling,test_minus_same_TPR,1000,-0.09864471933478125,-0.098601891769122249,-0.10840970595370909,-0.087953150650292855
CodeBERT_unfrozen_s2027,per_format,0.01,threshold_and_evaluation_sampling,same_period_FPR,1000,0.0092338574774171959,0.0092539310806289739,0.0074941451990632318,0.011174305787888927
CodeBERT_unfrozen_s2027,per_format,0.01,threshold_and_evaluation_sampling,test_FPR,1000,0.0097756946769333771,0.0099511884834281895,0.0081670572480749912,0.011986943421493135
CodeBERT_unfrozen_s2027,per_format,0.01,threshold_and_evaluation_sampling,same_period_TPR,1000,0.78472268349385588,0.78434799070076378,0.7703736300232481,0.79734307539023586
CodeBERT_unfrozen_s2027,per_format,0.01,threshold_and_evaluation_sampling,test_TPR,1000,0.69120477928974444,0.69216866910056418,0.67739628277464325,0.70826916694324593
CodeBERT_unfrozen_s2027,per_format,0.01,threshold_and_evaluation_sampling,test_minus_same_FPR,1000,0.00054183719951618123,0.00069725740279921592,-0.0014660237856853329,0.0028855059781188537
CodeBERT_unfrozen_s2027,per_format,0.01,threshold_and_evaluation_sampling,test_minus_same_TPR,1000,-0.093517904204111435,-0.092179321600199648,-0.10254558818131505,-0.08123402982073813
CodeBERT_unfrozen_s2027,per_format,0.050000000000000003,threshold_and_evaluation_sampling,same_period_FPR,1000,0.050853128136500503,0.050749481431917036,0.046436935429909669,0.055135496821679494
CodeBERT_unfrozen_s2027,per_format,0.050000000000000003,threshold_and_evaluation_sampling,test_FPR,1000,0.047405423501841314,0.04753391362571141,0.043853364579845996,0.051489789086039503
CodeBERT_unfrozen_s2027,per_format,0.050000000000000003,threshold_and_evaluation_sampling,same_period_TPR,1000,0.92580538027233472,0.92511624045167717,0.9200265692460976,0.93032215210893388
CodeBERT_unfrozen_s2027,per_format,0.050000000000000003,threshold_and_evaluation_sampling,test_TPR,1000,0.8922004646531696,0.8923840690341851,0.88529538665781615,0.89930965814802521
CodeBERT_unfrozen_s2027,per_format,0.050000000000000003,threshold_and_evaluation_sampling,test_minus_same_FPR,1000,-0.0034477046346591891,-0.003215567806205613,-0.0082013084915866594,0.0014414582069305949
CodeBERT_unfrozen_s2027,per_format,0.050000000000000003,threshold_and_evaluation_sampling,test_minus_same_TPR,1000,-0.033604915619165121,-0.03273217141749199,-0.040179954725140479,-0.025104600423516282
CodeBERT_unfrozen_s2027,pooled,0.001,threshold_and_evaluation_sampling,same_period_FPR,1000,0.0010705921712947475,0.0010849782535965206,0.0004014720642355303,0.001873536299765808
CodeBERT_unfrozen_s2027,pooled,0.001,threshold_and_evaluation_sampling,test_FPR,1000,0.0014060930699698695,0.0013067291596919985,0.00060261131570137256,0.00207566119852695
CodeBERT_unfrozen_s2027,pooled,0.001,threshold_and_evaluation_sampling,same_period_TPR,1000,0.49584855529724342,0.49552181999335765,0.41637994021919628,0.55583361009631349
CodeBERT_unfrozen_s2027,pooled,0.001,threshold_and_evaluation_sampling,test_TPR,1000,0.41028874875539328,0.40869943577829404,0.3393826750746764,0.46053932957185528
CodeBERT_unfrozen_s2027,pooled,0.001,threshold_and_evaluation_sampling,test_minus_same_FPR,1000,0.00033550089867512203,0.00022175090609547808,-0.00053472261813010836,0.0010047128501414011
CodeBERT_unfrozen_s2027,pooled,0.001,threshold_and_evaluation_sampling,test_minus_same_TPR,1000,-0.085559806541850136,-0.086822384215063636,-0.10184350378956773,-0.072301121135325983
CodeBERT_unfrozen_s2027,pooled,0.0050000000000000001,threshold_and_evaluation_sampling,same_period_FPR,1000,0.004817664770826363,0.0048541318166610914,0.0035446637671462029,0.0062914018066242876
CodeBERT_unfrozen_s2027,pooled,0.0050000000000000001,threshold_and_evaluation_sampling,test_FPR,1000,0.0058921995313023102,0.0058759959825912282,0.0045530632741881483,0.0072982926012721792
CodeBERT_unfrozen_s2027,pooled,0.0050000000000000001,threshold_and_evaluation_sampling,same_period_TPR,1000,0.69936898040518103,0.70141361673862501,0.68707904350714055,0.72129691132514107
CodeBERT_unfrozen_s2027,pooled,0.0050000000000000001,threshold_and_evaluation_sampling,test_TPR,1000,0.60073016926651179,0.60276634583471611,0.58652007965482911,0.62177397942250245
CodeBERT_unfrozen_s2027,pooled,0.0050000000000000001,threshold_and_evaluation_sampling,test_minus_same_FPR,1000,0.0010745347604759472,0.0010218641659301381,-0.00066535896658465228,0.0027495779357476673
CodeBERT_unfrozen_s2027,pooled,0.0050000000000000001,threshold_and_evaluation_sampling,test_minus_same_TPR,1000,-0.098638811138669236,-0.098647270903908804,-0.10880040140460744,-0.088211037899204273
CodeBERT_unfrozen_s2027,pooled,0.01,threshold_and_evaluation_sampling,same_period_FPR,1000,0.0090331214452994309,0.0090044161927065915,0.0073603211776513888,0.010772833723653397
CodeBERT_unfrozen_s2027,pooled,0.01,threshold_and_evaluation_sampling,test_FPR,1000,0.0099096083026447949,0.0097544024104452617,0.0080348175426849678,0.011583528624037496
CodeBERT_unfrozen_s2027,pooled,0.01,threshold_and_evaluation_sampling,same_period_TPR,1000,0.78306210561275325,0.78181242112255067,0.76844902025905015,0.7939571570906675
CodeBERT_unfrozen_s2027,pooled,0.01,threshold_and_evaluation_sampling,test_TPR,1000,0.68755393295718548,0.68736249585131104,0.67413375373382012,0.70023232658479917
CodeBERT_unfrozen_s2027,pooled,0.01,threshold_and_evaluation_sampling,test_minus_same_FPR,1000,0.00087648685734536408,0.00074998621773867183,-0.001533340135793076,0.0029519755675956353
CodeBERT_unfrozen_s2027,pooled,0.01,threshold_and_evaluation_sampling,test_minus_same_TPR,1000,-0.095508172655567769,-0.09444992527123966,-0.10460840784806856,-0.084808761832788557
CodeBERT_unfrozen_s2027,pooled,0.050000000000000003,threshold_and_evaluation_sampling,same_period_FPR,1000,0.050184008029441285,0.049991569086651054,0.045767815322850451,0.054600200736032119
CodeBERT_unfrozen_s2027,pooled,0.050000000000000003,threshold_and_evaluation_sampling,test_FPR,1000,0.047539337127552726,0.04731536658855038,0.043388014730498831,0.051021091396049545
CodeBERT_unfrozen_s2027,pooled,0.050000000000000003,threshold_and_evaluation_sampling,same_period_TPR,1000,0.92726668880770513,0.92692547326469621,0.92175357024244442,0.93211557622052477
CodeBERT_unfrozen_s2027,pooled,0.050000000000000003,threshold_and_evaluation_sampling,test_TPR,1000,0.88383670760039823,0.88423013607699963,0.87679887155658809,0.89226684367739795
CodeBERT_unfrozen_s2027,pooled,0.050000000000000003,threshold_and_evaluation_sampling,test_minus_same_FPR,1000,-0.0026446709018885586,-0.0026762024981006687,-0.007462173264921948,0.0019070113460324281
CodeBERT_unfrozen_s2027,pooled,0.050000000000000003,threshold_and_evaluation_sampling,test_minus_same_TPR,1000,-0.0434299812073069,-0.042695337187696449,-0.049471371868807679,-0.035531752530796663
CodeBERT_unfrozen_s2027__format_platt,per_format,0.001,threshold_and_evaluation_sampling,same_period_FPR,1000,0.0010036801605888257,0.00097617932418869204,0.0004014720642355303,0.0016728002676480427
CodeBERT_unfrozen_s2027__format_platt,per_format,0.001,threshold_and_evaluation_sampling,test_FPR,1000,0.0016069635085369936,0.0015418145296283896,0.00073652494141278877,0.0024774020756611987
CodeBERT_unfrozen_s2027__format_platt,per_format,0.001,threshold_and_evaluation_sampling,same_period_TPR,1000,0.51072733311192298,0.49660205911657263,0.41155596147459317,0.56061773497177014
CodeBERT_unfrozen_s2027__format_platt,per_format,0.001,threshold_and_evaluation_sampling,test_TPR,1000,0.43703949551941584,0.42367414537006304,0.34886325921008959,0.4718918021905078
CodeBERT_unfrozen_s2027__format_platt,per_format,0.001,threshold_and_evaluation_sampling,test_minus_same_FPR,1000,0.00060328334794816792,0.00056563520543969779,-0.00033375921510217759,0.0014736782329763309
CodeBERT_unfrozen_s2027__format_platt,per_format,0.001,threshold_and_evaluation_sampling,test_minus_same_TPR,1000,-0.073687837592507133,-0.072927913746509518,-0.098074629665780191,-0.04153435412118172
CodeBERT_unfrozen_s2027__format_platt,per_format,0.0050000000000000001,threshold_and_evaluation_sampling,same_period_FPR,1000,0.0045500167280026768,0.0048212111073937768,0.0035463365674138509,0.0062228169956507189
CodeBERT_unfrozen_s2027__format_platt,per_format,0.0050000000000000001,threshold_and_evaluation_sampling,test_FPR,1000,0.0058921995313023102,0.0058965517241379309,0.0045530632741881483,0.0073669233344492782
CodeBERT_unfrozen_s2027__format_platt,per_format,0.0050000000000000001,threshold_and_evaluation_sampling,same_period_TPR,1000,0.70826967784789108,0.70964995018266364,0.6887346396545998,0.72912819661242112
CodeBERT_unfrozen_s2027__format_platt,per_format,0.0050000000000000001,threshold_and_evaluation_sampling,test_TPR,1000,0.60962495851310983,0.61104805841354137,0.59102721539993364,0.6310703617656821
CodeBERT_unfrozen_s2027__format_platt,per_format,0.0050000000000000001,threshold_and_evaluation_sampling,test_minus_same_FPR,1000,0.0013421828032996333,0.0010753406167441539,-0.00059912234828676076,0.0028172336621400426
CodeBERT_unfrozen_s2027__format_platt,per_format,0.0050000000000000001,threshold_and_evaluation_sampling,test_minus_same_TPR,1000,-0.09864471933478125,-0.098601891769122249,-0.10840970595370909,-0.087953150650292855
CodeBERT_unfrozen_s2027__format_platt,per_format,0.01,threshold_and_evaluation_sampling,same_period_FPR,1000,0.0092338574774171959,0.0092539310806289739,0.0074941451990632318,0.011174305787888927
CodeBERT_unfrozen_s2027__format_platt,per_format,0.01,threshold_and_evaluation_sampling,test_FPR,1000,0.0097756946769333771,0.0099511884834281895,0.0081670572480749912,0.011986943421493135
CodeBERT_unfrozen_s2027__format_platt,per_format,0.01,threshold_and_evaluation_sampling,same_period_TPR,1000,0.78472268349385588,0.78434799070076378,0.7703736300232481,0.79734307539023586
CodeBERT_unfrozen_s2027__format_platt,per_format,0.01,threshold_and_evaluation_sampling,test_TPR,1000,0.69120477928974444,0.69216866910056418,0.67739628277464325,0.70826916694324593
CodeBERT_unfrozen_s2027__format_platt,per_format,0.01,threshold_and_evaluation_sampling,test_minus_same_FPR,1000,0.00054183719951618123,0.00069725740279921592,-0.0014660237856853329,0.0028855059781188537
CodeBERT_unfrozen_s2027__format_platt,per_format,0.01,threshold_and_evaluation_sampling,test_minus_same_TPR,1000,-0.093517904204111435,-0.092179321600199648,-0.10254558818131505,-0.08123402982073813
CodeBERT_unfrozen_s2027__format_platt,per_format,0.050000000000000003,threshold_and_evaluation_sampling,same_period_FPR,1000,0.050853128136500503,0.050749481431917036,0.046436935429909669,0.055135496821679494
CodeBERT_unfrozen_s2027__format_platt,per_format,0.050000000000000003,threshold_and_evaluation_sampling,test_FPR,1000,0.047405423501841314,0.04753391362571141,0.043853364579845996,0.051489789086039503
CodeBERT_unfrozen_s2027__format_platt,per_format,0.050000000000000003,threshold_and_evaluation_sampling,same_period_TPR,1000,0.92580538027233472,0.92511624045167717,0.9200265692460976,0.93032215210893388
CodeBERT_unfrozen_s2027__format_platt,per_format,0.050000000000000003,threshold_and_evaluation_sampling,test_TPR,1000,0.8922004646531696,0.8923840690341851,0.88529538665781615,0.89930965814802521
CodeBERT_unfrozen_s2027__format_platt,per_format,0.050000000000000003,threshold_and_evaluation_sampling,test_minus_same_FPR,1000,-0.0034477046346591891,-0.003215567806205613,-0.0082013084915866594,0.0014414582069305949
CodeBERT_unfrozen_s2027__format_platt,per_format,0.050000000000000003,threshold_and_evaluation_sampling,test_minus_same_TPR,1000,-0.033604915619165121,-0.03273217141749199,-0.040179954725140479,-0.025104600423516282
CodeBERT_unfrozen_s2027__format_platt,pooled,0.001,threshold_and_evaluation_sampling,same_period_FPR,1000,0.00046838407494145199,0.00054693877551020408,6.6912010705921717e-05,0.0013382402141184342
CodeBERT_unfrozen_s2027__format_platt,pooled,0.001,threshold_and_evaluation_sampling,test_FPR,1000,0.0015400066956812856,0.0015586876464680282,0.00087043856712420487,0.0024104452628054903
CodeBERT_unfrozen_s2027__format_platt,pooled,0.001,threshold_and_evaluation_sampling,same_period_TPR,1000,0.39063434075058118,0.39210893390900037,0.23938890733975424,0.54042510793756227
CodeBERT_unfrozen_s2027__format_platt,pooled,0.001,threshold_and_evaluation_sampling,test_TPR,1000,0.36408894789246599,0.35845960836375707,0.22037172253567872,0.46943411881845337
CodeBERT_unfrozen_s2027__format_platt,pooled,0.001,threshold_and_evaluation_sampling,test_minus_same_FPR,1000,0.0010716226207398336,0.0010117488709578239,0.00026849816361588298,0.0018081027600028359
CodeBERT_unfrozen_s2027__format_platt,pooled,0.001,threshold_and_evaluation_sampling,test_minus_same_TPR,1000,-0.026545392858115191,-0.033649325545243282,-0.069938540430855192,-0.0073653931601386649
CodeBERT_unfrozen_s2027__format_platt,pooled,0.0050000000000000001,threshold_and_evaluation_sampling,same_period_FPR,1000,0.0047507527601204419,0.004810772833723654,0.0036132485781197724,0.0060906657745065226
CodeBERT_unfrozen_s2027__format_platt,pooled,0.0050000000000000001,threshold_and_evaluation_sampling,test_FPR,1000,0.0057582859055908941,0.0057889521258788082,0.0044861064613324403,0.0071643789755607631
CodeBERT_unfrozen_s2027__format_platt,pooled,0.0050000000000000001,threshold_and_evaluation_sampling,same_period_TPR,1000,0.71072733311192293,0.71034181335104607,0.69378611756891395,0.72548156758551974
CodeBERT_unfrozen_s2027__format_platt,pooled,0.0050000000000000001,threshold_and_evaluation_sampling,test_TPR,1000,0.61261201460338532,0.61213727182210409,0.59269830733488216,0.62768835048124794
CodeBERT_unfrozen_s2027__format_platt,pooled,0.0050000000000000001,threshold_and_evaluation_sampling,test_minus_same_FPR,1000,0.0010075331454704522,0.00097817929215515491,-0.00059907194586825054,0.0026806929503705307
CodeBERT_unfrozen_s2027__format_platt,pooled,0.0050000000000000001,threshold_and_evaluation_sampling,test_minus_same_TPR,1000,-0.098115318508537608,-0.098204541528941966,-0.10827063682748378,-0.087558723997185686
CodeBERT_unfrozen_s2027__format_platt,pooled,0.01,threshold_and_evaluation_sampling,same_period_FPR,1000,0.0089662094345935098,0.0091027768484442974,0.0072934091669454668,0.010906657745065239
CodeBERT_unfrozen_s2027__format_platt,pooled,0.01,threshold_and_evaluation_sampling,test_FPR,1000,0.0099096083026447949,0.0098944091061265484,0.0083009708737864073,0.011650485436893204
CodeBERT_unfrozen_s2027__format_platt,pooled,0.01,threshold_and_evaluation_sampling,same_period_TPR,1000,0.78432414480239121,0.78486230488209896,0.7738940551311857,0.79641813351046165
CodeBERT_unfrozen_s2027__format_platt,pooled,0.01,threshold_and_evaluation_sampling,test_TPR,1000,0.6891470295386658,0.68999395950879527,0.67839362761367406,0.70202621971457024
CodeBERT_unfrozen_s2027__format_platt,pooled,0.01,threshold_and_evaluation_sampling,test_minus_same_FPR,1000,0.00094339886805128517,0.0007916322576822525,-0.0014017747027573382,0.0030182581080970593
CodeBERT_unfrozen_s2027__format_platt,pooled,0.01,threshold_and_evaluation_sampling,test_minus_same_TPR,1000,-0.095177115263725409,-0.094868345373303756,-0.10467382293246474,-0.085020437288080716
CodeBERT_unfrozen_s2027__format_platt,pooled,0.050000000000000003,threshold_and_evaluation_sampling,same_period_FPR,1000,0.049849447975911676,0.049894814319170297,0.045699230511876882,0.054466376714620277
CodeBERT_unfrozen_s2027__format_platt,pooled,0.050000000000000003,threshold_and_evaluation_sampling,test_FPR,1000,0.047204553063274188,0.047241245396719117,0.043187144291931705,0.051022765316370934
CodeBERT_unfrozen_s2027__format_platt,pooled,0.050000000000000003,threshold_and_evaluation_sampling,same_period_TPR,1000,0.9270674194619728,0.92682656924609763,0.92162072401195616,0.9323148455662571
CodeBERT_unfrozen_s2027__format_platt,pooled,0.050000000000000003,threshold_and_evaluation_sampling,test_TPR,1000,0.88377032857616988,0.88410547626949876,0.87626949883836702,0.89227182210421507
CodeBERT_unfrozen_s2027__format_platt,pooled,0.050000000000000003,threshold_and_evaluation_sampling,test_minus_same_FPR,1000,-0.0026448949126374882,-0.0026535689224511747,-0.0074638611859151405,0.0019068780596368138
CodeBERT_unfrozen_s2027__format_platt,pooled,0.050000000000000003,threshold_and_evaluation_sampling,test_minus_same_TPR,1000,-0.043297090885802914,-0.042721092976598797,-0.049738065195841848,-0.035591208714412945
CodeBERT_unfrozen_s2027__fusion_ROC_AUC,per_format,0.001,threshold_and_evaluation_sampling,same_period_FPR,1000,0.0013382402141184342,0.0013602542656406824,0.00073603211776513886,0.0021411843425894949
CodeBERT_unfrozen_s2027__fusion_ROC_AUC,per_format,0.001,threshold_and_evaluation_sampling,test_FPR,1000,0.0016069635085369936,0.0015506528289253433,0.00080348175426849682,0.0024104452628054903
CodeBERT_unfrozen_s2027__fusion_ROC_AUC,per_format,0.001,threshold_and_evaluation_sampling,same_period_TPR,1000,0.79966788442377945,0.79918698106941211,0.7655778811026237,0.82685320491531056
CodeBERT_unfrozen_s2027__fusion_ROC_AUC,per_format,0.001,threshold_and_evaluation_sampling,test_TPR,1000,0.76256223033521409,0.7648300696979754,0.72890640557583808,0.80007965482907406
CodeBERT_unfrozen_s2027__fusion_ROC_AUC,per_format,0.001,threshold_and_evaluation_sampling,test_minus_same_FPR,1000,0.00026872329441855942,0.00019039856328466066,-0.00073527272132626015,0.0012058521016072433
CodeBERT_unfrozen_s2027__fusion_ROC_AUC,per_format,0.001,threshold_and_evaluation_sampling,test_minus_same_TPR,1000,-0.037105654088565365,-0.034356911371436719,-0.04599893211559835,-0.010085019052279052
CodeBERT_unfrozen_s2027__fusion_ROC_AUC,per_format,0.0050000000000000001,threshold_and_evaluation_sampling,same_period_FPR,1000,0.0049514887922382069,0.0051937771830043496,0.0037470725995316159,0.0066912010705921709
CodeBERT_unfrozen_s2027__fusion_ROC_AUC,per_format,0.0050000000000000001,threshold_and_evaluation_sampling,test_FPR,1000,0.0060261131570137263,0.0063550719785738195,0.0047539337127552725,0.0079695346501506507
CodeBERT_unfrozen_s2027__fusion_ROC_AUC,per_format,0.0050000000000000001,threshold_and_evaluation_sampling,same_period_TPR,1000,0.91285287279973426,0.91408130189305881,0.90361673862504155,0.92341746927930912
CodeBERT_unfrozen_s2027__fusion_ROC_AUC,per_format,0.0050000000000000001,threshold_and_evaluation_sampling,test_TPR,1000,0.90355127779621636,0.9049772319946896,0.8940590773315632,0.91516760703617661
CodeBERT_unfrozen_s2027__fusion_ROC_AUC,per_format,0.0050000000000000001,threshold_and_evaluation_sampling,test_minus_same_FPR,1000,0.0010746243647755194,0.0011612947955694705,-0.00053211849317377649,0.0028173299867620826
CodeBERT_unfrozen_s2027__fusion_ROC_AUC,per_format,0.0050000000000000001,threshold_and_evaluation_sampling,test_minus_same_TPR,1000,-0.009301595003517904,-0.0091040698983691076,-0.015407233990910336,-0.0027328168217806582
CodeBERT_unfrozen_s2027__fusion_ROC_AUC,per_format,0.01,threshold_and_evaluation_sampling,same_period_FPR,1000,0.010103713616594179,0.010114754098360657,0.0083623285379725663,0.012177985948477752
CodeBERT_unfrozen_s2027__fusion_ROC_AUC,per_format,0.01,threshold_and_evaluation_sampling,test_FPR,1000,0.01178439906260462,0.011779042517576164,0.0097087378640776691,0.013927017073987278
CodeBERT_unfrozen_s2027__fusion_ROC_AUC,per_format,0.01,threshold_and_evaluation_sampling,same_period_TPR,1000,0.9451345068083693,0.9449804051810029,0.93982065758884092,0.94985054799070079
CodeBERT_unfrozen_s2027__fusion_ROC_AUC,per_format,0.01,threshold_and_evaluation_sampling,test_TPR,1000,0.93634251576501826,0.93607487553932955,0.930700298705609,0.94092598738798539
CodeBERT_unfrozen_s2027__fusion_ROC_AUC,per_format,0.01,threshold_and_evaluation_sampling,test_minus_same_FPR,1000,0.0016806854460104416,0.0016642884192155081,-0.00066164710847485216,0.0040901943438853977
CodeBERT_unfrozen_s2027__fusion_ROC_AUC,per_format,0.01,threshold_and_evaluation_sampling,test_minus_same_TPR,1000,-0.008791991043351044,-0.0089055296416734181,-0.014169964031651678,-0.0034783749550684959
CodeBERT_unfrozen_s2027__fusion_ROC_AUC,per_format,0.050000000000000003,threshold_and_evaluation_sampling,same_period_FPR,1000,0.052191368350618939,0.052043425894948141,0.047505854800936768,0.056341585814653726
CodeBERT_unfrozen_s2027__fusion_ROC_AUC,per_format,0.050000000000000003,threshold_and_evaluation_sampling,test_FPR,1000,0.051556745898895209,0.05150652828925343,0.047137596250418481,0.055841981921660531
CodeBERT_unfrozen_s2027__fusion_ROC_AUC,per_format,0.050000000000000003,threshold_and_evaluation_sampling,same_period_TPR,1000,0.98272999003653272,0.98254905347060773,0.9801394885420126,0.98485552972434409
CodeBERT_unfrozen_s2027__fusion_ROC_AUC,per_format,0.050000000000000003,threshold_and_evaluation_sampling,test_TPR,1000,0.98134749419183542,0.98142694988383661,0.97915698639230009,0.98360604049120481
CodeBERT_unfrozen_s2027__fusion_ROC_AUC,per_format,0.050000000000000003,threshold_and_evaluation_sampling,test_minus_same_FPR,1000,-0.00063462245172372922,-0.00053689760569471188,-0.005658292547509599,0.0046550480878274477
CodeBERT_unfrozen_s2027__fusion_ROC_AUC,per_format,0.050000000000000003,threshold_and_evaluation_sampling,test_minus_same_TPR,1000,-0.0013824958446972957,-0.0011221035867710616,-0.0041057597967756789,0.0017382023189008943
CodeBERT_unfrozen_s2027__fusion_ROC_AUC,pooled,0.001,threshold_and_evaluation_sampling,same_period_FPR,1000,0.0012713282034125125,0.0013126129140180662,0.00073603211776513886,0.002074272331883573
CodeBERT_unfrozen_s2027__fusion_ROC_AUC,pooled,0.001,threshold_and_evaluation_sampling,test_FPR,1000,0.0018078339471041178,0.0017248074991630398,0.00093739537997991292,0.0025443588885169068
CodeBERT_unfrozen_s2027__fusion_ROC_AUC,pooled,0.001,threshold_and_evaluation_sampling,same_period_TPR,1000,0.80557954168050483,0.80237090667552313,0.77349551643972103,0.82670209232813019
CodeBERT_unfrozen_s2027__fusion_ROC_AUC,pooled,0.001,threshold_and_evaluation_sampling,test_TPR,1000,0.76827082641885169,0.76539389312977091,0.73401759044142056,0.79183703949551942
CodeBERT_unfrozen_s2027__fusion_ROC_AUC,pooled,0.001,threshold_and_evaluation_sampling,test_minus_same_FPR,1000,0.00053650574369160531,0.00041219458514497355,-0.00046771316274840137,0.001274735966930636
CodeBERT_unfrozen_s2027__fusion_ROC_AUC,pooled,0.001,threshold_and_evaluation_sampling,test_minus_same_TPR,1000,-0.037308715261653136,-0.036977013545752085,-0.046810469147146323,-0.027545949176506566
CodeBERT_unfrozen_s2027__fusion_ROC_AUC,pooled,0.0050000000000000001,threshold_and_evaluation_sampling,same_period_FPR,1000,0.0054198728671796589,0.0053431247908999674,0.0040147206423553029,0.0066928738708598176
CodeBERT_unfrozen_s2027__fusion_ROC_AUC,pooled,0.0050000000000000001,threshold_and_evaluation_sampling,test_FPR,1000,0.0060261131570137263,0.0061945095413458318,0.0046869768998995644,0.0077669902912621356
CodeBERT_unfrozen_s2027__fusion_ROC_AUC,pooled,0.0050000000000000001,threshold_and_evaluation_sampling,same_period_TPR,1000,0.91338425772168719,0.91433131849883764,0.90541016273663233,0.92275157754898707
CodeBERT_unfrozen_s2027__fusion_ROC_AUC,pooled,0.0050000000000000001,threshold_and_evaluation_sampling,test_TPR,1000,0.90448058413541321,0.90529883836707592,0.89584301360769991,0.91490209093926322
CodeBERT_unfrozen_s2027__fusion_ROC_AUC,pooled,0.0050000000000000001,threshold_and_evaluation_sampling,test_minus_same_FPR,1000,0.00060624028983406741,0.00085138475044586534,-0.00073276156083073533,0.0026807892749925711
CodeBERT_unfrozen_s2027__fusion_ROC_AUC,pooled,0.0050000000000000001,threshold_and_evaluation_sampling,test_minus_same_TPR,1000,-0.0089036735862739746,-0.0090324801317615919,-0.015411492631895207,-0.0023346766028710109
CodeBERT_unfrozen_s2027__fusion_ROC_AUC,pooled,0.01,threshold_and_evaluation_sampling,same_period_FPR,1000,0.010304449648711944,0.010475476748076281,0.0083623285379725663,0.012514218802275007
CodeBERT_unfrozen_s2027__fusion_ROC_AUC,pooled,0.01,threshold_and_evaluation_sampling,test_FPR,1000,0.012520924004017409,0.012392500836960162,0.010376632072313359,0.014598259122865749
CodeBERT_unfrozen_s2027__fusion_ROC_AUC,pooled,0.01,threshold_and_evaluation_sampling,same_period_TPR,1000,0.94420458319495182,0.94402278312852872,0.93829292593822655,0.94925440053138488
CodeBERT_unfrozen_s2027__fusion_ROC_AUC,pooled,0.01,threshold_and_evaluation_sampling,test_TPR,1000,0.93494855625622308,0.93504951875207443,0.92963657484234985,0.93986060404912053
CodeBERT_unfrozen_s2027__fusion_ROC_AUC,pooled,0.01,threshold_and_evaluation_sampling,test_minus_same_FPR,1000,0.0022164743553054651,0.0019170240888838812,-0.00046231506372601685,0.0044271552326166797
CodeBERT_unfrozen_s2027__fusion_ROC_AUC,pooled,0.01,threshold_and_evaluation_sampling,test_minus_same_TPR,1000,-0.0092560269387287342,-0.0089732643764543814,-0.014502152358048206,-0.0034098409824448494
CodeBERT_unfrozen_s2027__fusion_ROC_AUC,pooled,0.050000000000000003,threshold_and_evaluation_sampling,same_period_FPR,1000,0.052124456339913014,0.052481900301104049,0.04851120776179324,0.056943793911007019
CodeBERT_unfrozen_s2027__fusion_ROC_AUC,pooled,0.050000000000000003,threshold_and_evaluation_sampling,test_FPR,1000,0.051088048208905258,0.051230264479410779,0.047202879142952799,0.055642785403414795
CodeBERT_unfrozen_s2027__fusion_ROC_AUC,pooled,0.050000000000000003,threshold_and_evaluation_sampling,same_period_TPR,1000,0.98299568249750913,0.98295396878113594,0.98060278977084026,0.9851212221853205
CodeBERT_unfrozen_s2027__fusion_ROC_AUC,pooled,0.050000000000000003,threshold_and_evaluation_sampling,test_TPR,1000,0.98134749419183542,0.98143703949551941,0.97915698639230009,0.9837371390640558
CodeBERT_unfrozen_s2027__fusion_ROC_AUC,pooled,0.050000000000000003,threshold_and_evaluation_sampling,test_minus_same_FPR,1000,-0.0010364081310077558,-0.0012516358216932682,-0.0060564727737895735,0.0037176874295136116
CodeBERT_unfrozen_s2027__fusion_ROC_AUC,pooled,0.050000000000000003,threshold_and_evaluation_sampling,test_minus_same_TPR,1000,-0.0016481883056737034,-0.0015169292856164133,-0.0043700953567419789,0.0013420010024091697
CodeBERT_unfrozen_s2027__fusion_TPR_0.001,per_format,0.001,threshold_and_evaluation_sampling,same_period_FPR,1000,0.0013382402141184342,0.0013378387420541985,0.00066912010705921711,0.002074272331883573
CodeBERT_unfrozen_s2027__fusion_TPR_0.001,per_format,0.001,threshold_and_evaluation_sampling,test_FPR,1000,0.0016069635085369936,0.0015298962169400735,0.00073652494141278877,0.0024774020756611987
CodeBERT_unfrozen_s2027__fusion_TPR_0.001,per_format,0.001,threshold_and_evaluation_sampling,same_period_TPR,1000,0.798073729657921,0.79819016937894394,0.76538359349053464,0.82411325141149117
CodeBERT_unfrozen_s2027__fusion_TPR_0.001,per_format,0.001,threshold_and_evaluation_sampling,test_TPR,1000,0.75824759376037176,0.75976661135081314,0.72472120809824092,0.78891802190507798
CodeBERT_unfrozen_s2027__fusion_TPR_0.001,per_format,0.001,threshold_and_evaluation_sampling,test_minus_same_FPR,1000,0.00026872329441855942,0.00019205747488587491,-0.00080209624778635358,0.0012056751331155874
CodeBERT_unfrozen_s2027__fusion_TPR_0.001,per_format,0.001,threshold_and_evaluation_sampling,test_minus_same_TPR,1000,-0.039826135897549242,-0.03842355802813073,-0.048727513444177459,-0.027284526930406668
CodeBERT_unfrozen_s2027__fusion_TPR_0.001,per_format,0.0050000000000000001,threshold_and_evaluation_sampling,same_period_FPR,1000,0.0052860488457678149,0.0052582134493141513,0.0038808966209434594,0.0067581130812980929
CodeBERT_unfrozen_s2027__fusion_TPR_0.001,per_format,0.0050000000000000001,threshold_and_evaluation_sampling,test_FPR,1000,0.0062269835955808504,0.0063465684633411444,0.0047539337127552725,0.0080348175426849678
CodeBERT_unfrozen_s2027__fusion_TPR_0.001,per_format,0.0050000000000000001,threshold_and_evaluation_sampling,same_period_TPR,1000,0.91451345068083689,0.91394706077715049,0.90248920624377282,0.92355197608767847
CodeBERT_unfrozen_s2027__fusion_TPR_0.001,per_format,0.0050000000000000001,threshold_and_evaluation_sampling,test_TPR,1000,0.90527713242615337,0.9045840690341852,0.89372718221042147,0.91470295386657818
CodeBERT_unfrozen_s2027__fusion_TPR_0.001,per_format,0.0050000000000000001,threshold_and_evaluation_sampling,test_minus_same_FPR,1000,0.00094093474981303549,0.0010883550140269932,-0.00066571514367545336,0.0028156403856882664
CodeBERT_unfrozen_s2027__fusion_TPR_0.001,per_format,0.0050000000000000001,threshold_and_evaluation_sampling,test_minus_same_TPR,1000,-0.0092363182546835176,-0.0093629917429652477,-0.015943428691545011,-0.0027166668338450971
CodeBERT_unfrozen_s2027__fusion_TPR_0.001,per_format,0.01,threshold_and_evaluation_sampling,same_period_FPR,1000,0.0101706256273001,0.010100301104048179,0.0083623285379725663,0.012112746738039477
CodeBERT_unfrozen_s2027__fusion_TPR_0.001,per_format,0.01,threshold_and_evaluation_sampling,test_FPR,1000,0.011583528624037496,0.011687646468028123,0.0097070639437562764,0.013793103448275862
CodeBERT_unfrozen_s2027__fusion_TPR_0.001,per_format,0.01,threshold_and_evaluation_sampling,same_period_TPR,1000,0.94520092992361338,0.94502783128528722,0.93955496512786452,0.94965459980073064
CodeBERT_unfrozen_s2027__fusion_TPR_0.001,per_format,0.01,threshold_and_evaluation_sampling,test_TPR,1000,0.93581148357119148,0.93589326252904081,0.93082973780285427,0.94078991038831727
CodeBERT_unfrozen_s2027__fusion_TPR_0.001,per_format,0.01,threshold_and_evaluation_sampling,test_minus_same_FPR,1000,0.0014129029967373963,0.0015873453639799453,-0.00066144437874706937,0.0039562347959704505
CodeBERT_unfrozen_s2027__fusion_TPR_0.001,per_format,0.01,threshold_and_evaluation_sampling,test_minus_same_TPR,1000,-0.009389446352421893,-0.0091345687562464552,-0.014435712708673182,-0.0036795352542391912
CodeBERT_unfrozen_s2027__fusion_TPR_0.001,per_format,0.050000000000000003,threshold_and_evaluation_sampling,same_period_FPR,1000,0.052057544329207089,0.052229441284710604,0.047641351622616263,0.056543994647039138
CodeBERT_unfrozen_s2027__fusion_TPR_0.001,per_format,0.050000000000000003,threshold_and_evaluation_sampling,test_FPR,1000,0.051757616337462335,0.051537194509541348,0.047135922330097092,0.055908938734516238
CodeBERT_unfrozen_s2027__fusion_TPR_0.001,per_format,0.050000000000000003,threshold_and_evaluation_sampling,same_period_TPR,1000,0.98272999003653272,0.98269285951511121,0.98033875788774494,0.98498837595483224
CodeBERT_unfrozen_s2027__fusion_TPR_0.001,per_format,0.050000000000000003,threshold_and_evaluation_sampling,test_TPR,1000,0.98148025224029212,0.98156647859276458,0.97928808496515096,0.98380351808828415
CodeBERT_unfrozen_s2027__fusion_TPR_0.001,per_format,0.050000000000000003,threshold_and_evaluation_sampling,test_minus_same_FPR,1000,-0.00029992799174475421,-0.00069224677516925971,-0.0059253693629235113,0.0045224482851585167
CodeBERT_unfrozen_s2027__fusion_TPR_0.001,per_format,0.050000000000000003,threshold_and_evaluation_sampling,test_minus_same_TPR,1000,-0.001249737796240602,-0.0011263809223465728,-0.0040383192813429171,0.0018046243318695753
CodeBERT_unfrozen_s2027__fusion_TPR_0.001,pooled,0.001,threshold_and_evaluation_sampling,same_period_FPR,1000,0.0012044161927065907,0.0012642355302776851,0.00066912010705921711,0.0020073603211776514
CodeBERT_unfrozen_s2027__fusion_TPR_0.001,pooled,0.001,threshold_and_evaluation_sampling,test_FPR,1000,0.0018078339471041178,0.0017039839303649147,0.00093739537997991292,0.0025443588885169068
CodeBERT_unfrozen_s2027__fusion_TPR_0.001,pooled,0.001,threshold_and_evaluation_sampling,same_period_TPR,1000,0.80411823314513453,0.80161202258385922,0.77176519428761214,0.82504317502490865
CodeBERT_unfrozen_s2027__fusion_TPR_0.001,pooled,0.001,threshold_and_evaluation_sampling,test_TPR,1000,0.76448722203783603,0.76180398274145367,0.73030036508463325,0.78685861267839363
CodeBERT_unfrozen_s2027__fusion_TPR_0.001,pooled,0.001,threshold_and_evaluation_sampling,test_minus_same_FPR,1000,0.00060341775439752706,0.00043974840008722984,-0.00046731106345406864,0.001339855331618232
CodeBERT_unfrozen_s2027__fusion_TPR_0.001,pooled,0.001,threshold_and_evaluation_sampling,test_minus_same_TPR,1000,-0.039631011107298497,-0.039808039842405482,-0.049544706250772265,-0.030217633253796842
CodeBERT_unfrozen_s2027__fusion_TPR_0.001,pooled,0.0050000000000000001,threshold_and_evaluation_sampling,same_period_FPR,1000,0.0054198728671796589,0.0053785881565741054,0.0040147206423553029,0.0067581130812980929
CodeBERT_unfrozen_s2027__fusion_TPR_0.001,pooled,0.0050000000000000001,threshold_and_evaluation_sampling,test_FPR,1000,0.0059591563441580182,0.0060986273853364586,0.0046853029795781717,0.0077669902912621356
CodeBERT_unfrozen_s2027__fusion_TPR_0.001,pooled,0.0050000000000000001,threshold_and_evaluation_sampling,same_period_TPR,1000,0.91378279641315174,0.91466509465293921,0.90574227831285292,0.9238143473928927
CodeBERT_unfrozen_s2027__fusion_TPR_0.001,pooled,0.0050000000000000001,threshold_and_evaluation_sampling,test_TPR,1000,0.90467972120809825,0.9052669764354464,0.89565051443743782,0.9147062728177896
CodeBERT_unfrozen_s2027__fusion_TPR_0.001,pooled,0.0050000000000000001,threshold_and_evaluation_sampling,test_minus_same_FPR,1000,0.00053928347697835936,0.00072003922876235293,-0.00093314925623391091,0.0024829838634977041
CodeBERT_unfrozen_s2027__fusion_TPR_0.001,pooled,0.0050000000000000001,threshold_and_evaluation_sampling,test_minus_same_TPR,1000,-0.0091030752050534902,-0.0093981182174928228,-0.015604210603823179,-0.002858894530211889
CodeBERT_unfrozen_s2027__fusion_TPR_0.001,pooled,0.01,threshold_and_evaluation_sampling,same_period_FPR,1000,0.010371361659417865,0.010444496487119438,0.0083640013382402147,0.012445633991301438
CodeBERT_unfrozen_s2027__fusion_TPR_0.001,pooled,0.01,threshold_and_evaluation_sampling,test_FPR,1000,0.012453967191161701,0.012394978239035822,0.010445262805490459,0.01452962838968865
CodeBERT_unfrozen_s2027__fusion_TPR_0.001,pooled,0.01,threshold_and_evaluation_sampling,same_period_TPR,1000,0.94427100631019589,0.94410262371305209,0.93869146462969111,0.94898704749252738
CodeBERT_unfrozen_s2027__fusion_TPR_0.001,pooled,0.01,threshold_and_evaluation_sampling,test_TPR,1000,0.93534683040159305,0.93510633919681385,0.92983239296382347,0.93986226352472624
CodeBERT_unfrozen_s2027__fusion_TPR_0.001,pooled,0.01,threshold_and_evaluation_sampling,test_minus_same_FPR,1000,0.002082605531743836,0.0019504817519163842,-0.00039338303609160391,0.0044254510708441833
CodeBERT_unfrozen_s2027__fusion_TPR_0.001,pooled,0.01,threshold_and_evaluation_sampling,test_minus_same_TPR,1000,-0.0089241759086028383,-0.0089962845162383353,-0.014037567529524144,-0.0033471926092875971
CodeBERT_unfrozen_s2027__fusion_TPR_0.001,pooled,0.050000000000000003,threshold_and_evaluation_sampling,same_period_FPR,1000,0.052392104382736698,0.052554566744730677,0.048444295751087323,0.057142857142857141
CodeBERT_unfrozen_s2027__fusion_TPR_0.001,pooled,0.050000000000000003,threshold_and_evaluation_sampling,test_FPR,1000,0.051088048208905258,0.051069501171744219,0.047003682624707062,0.055374958151991963
CodeBERT_unfrozen_s2027__fusion_TPR_0.001,pooled,0.050000000000000003,threshold_and_evaluation_sampling,same_period_TPR,1000,0.98292925938226505,0.98297548987047478,0.98060445034872135,0.98518764530056457
CodeBERT_unfrozen_s2027__fusion_TPR_0.001,pooled,0.050000000000000003,threshold_and_evaluation_sampling,test_TPR,1000,0.98148025224029212,0.98148270826418849,0.97915698639230009,0.9837371390640558
CodeBERT_unfrozen_s2027__fusion_TPR_0.001,pooled,0.050000000000000003,threshold_and_evaluation_sampling,test_minus_same_FPR,1000,-0.0013040561738314402,-0.0014850655729864541,-0.0062579732425880712,0.0035165044959517347
CodeBERT_unfrozen_s2027__fusion_TPR_0.001,pooled,0.050000000000000003,threshold_and_evaluation_sampling,test_minus_same_TPR,1000,-0.0014490071419729356,-0.0014927816062864072,-0.0043695001280292332,0.0014086787432692829
CodeBERT_unfrozen_s2027__stack,per_format,0.001,threshold_and_evaluation_sampling,same_period_FPR,1000,0.0013382402141184342,0.001420475075276012,0.00073603211776513886,0.0022750083640013384
CodeBERT_unfrozen_s2027__stack,per_format,0.001,threshold_and_evaluation_sampling,test_FPR,1000,0.0016739203213927017,0.0016015400066956814,0.00087043856712420487,0.0024104452628054903
CodeBERT_unfrozen_s2027__stack,per_format,0.001,threshold_and_evaluation_sampling,same_period_TPR,1000,0.80797077382929261,0.80730083028894062,0.77395881766854868,0.83553636665559616
CodeBERT_unfrozen_s2027__stack,per_format,0.001,threshold_and_evaluation_sampling,test_TPR,1000,0.80305343511450378,0.80090540989047465,0.7667407899103883,0.82582807832724858
CodeBERT_unfrozen_s2027__stack,per_format,0.001,threshold_and_evaluation_sampling,test_minus_same_FPR,1000,0.00033568010727426747,0.00018106493141966922,-0.00080227545638549924,0.0011408268214341984
CodeBERT_unfrozen_s2027__stack,per_format,0.001,threshold_and_evaluation_sampling,test_minus_same_TPR,1000,-0.0049173387147888326,-0.0063954203984659414,-0.015893295553211593,0.0034621858363564594
CodeBERT_unfrozen_s2027__stack,per_format,0.0050000000000000001,threshold_and_evaluation_sampling,same_period_FPR,1000,0.0056206088992974239,0.0054806958849113411,0.0039478086316493809,0.0069588491134158579
CodeBERT_unfrozen_s2027__stack,per_format,0.0050000000000000001,threshold_and_evaluation_sampling,test_FPR,1000,0.0067626380984265148,0.0066035487110813525,0.0048192166052895878,0.0083696016069635081
CodeBERT_unfrozen_s2027__stack,per_format,0.0050000000000000001,threshold_and_evaluation_sampling,same_period_TPR,1000,0.91750249086682167,0.91699814015277326,0.90687313184988372,0.92653603454001998
CodeBERT_unfrozen_s2027__stack,per_format,0.0050000000000000001,threshold_and_evaluation_sampling,test_TPR,1000,0.90673747095917689,0.90640730169266504,0.89617988715565877,0.9159707932293395
CodeBERT_unfrozen_s2027__stack,per_format,0.0050000000000000001,threshold_and_evaluation_sampling,test_minus_same_FPR,1000,0.001142029199129091,0.001122852826170011,-0.00066684695798443171,0.0030162039295293544
CodeBERT_unfrozen_s2027__stack,per_format,0.0050000000000000001,threshold_and_evaluation_sampling,test_minus_same_TPR,1000,-0.010765019907644779,-0.010590838460108049,-0.016948785970415176,-0.0041853286483690714
CodeBERT_unfrozen_s2027__stack,per_format,0.01,threshold_and_evaluation_sampling,same_period_FPR,1000,0.0095015055202408837,0.0096904650384744065,0.0078956172632987619,0.011575777852124457
CodeBERT_unfrozen_s2027__stack,per_format,0.01,threshold_and_evaluation_sampling,test_FPR,1000,0.011181787746903248,0.011477201205222632,0.0093739537997991288,0.013659189822564446
CodeBERT_unfrozen_s2027__stack,per_format,0.01,threshold_and_evaluation_sampling,same_period_TPR,1000,0.94413816007970774,0.94465878445699103,0.93922284955164392,0.94978578545333769
CodeBERT_unfrozen_s2027__stack,per_format,0.01,threshold_and_evaluation_sampling,test_TPR,1000,0.93501493528045143,0.9354009956853635,0.9298373713906406,0.94065715233986058
CodeBERT_unfrozen_s2027__stack,per_format,0.01,threshold_and_evaluation_sampling,test_minus_same_FPR,1000,0.0016802822266623642,0.0017867361667482254,-0.00053050169559336162,0.0040904620367303701
CodeBERT_unfrozen_s2027__stack,per_format,0.01,threshold_and_evaluation_sampling,test_minus_same_TPR,1000,-0.0091232247992563131,-0.0092577887716276067,-0.014776161486872535,-0.0036765398208560771
CodeBERT_unfrozen_s2027__stack,per_format,0.050000000000000003,threshold_and_evaluation_sampling,same_period_FPR,1000,0.052392104382736698,0.052572298427567749,0.048241886918701911,0.057209769153563066
CodeBERT_unfrozen_s2027__stack,per_format,0.050000000000000003,threshold_and_evaluation_sampling,test_FPR,1000,0.050887177770338132,0.05085818547037161,0.046668898560428523,0.055038500167392035
CodeBERT_unfrozen_s2027__stack,per_format,0.050000000000000003,threshold_and_evaluation_sampling,same_period_TPR,1000,0.98299568249750913,0.98304516771836592,0.98080371969445368,0.98512288276320159
CodeBERT_unfrozen_s2027__stack,per_format,0.050000000000000003,threshold_and_evaluation_sampling,test_TPR,1000,0.98234317955526052,0.98230945901095246,0.98008463325589112,0.98453534683040156
CodeBERT_unfrozen_s2027__stack,per_format,0.050000000000000003,threshold_and_evaluation_sampling,test_minus_same_FPR,1000,-0.0015049266123985661,-0.0017141129571961379,-0.0066606588850559425,0.0033810054341647565
CodeBERT_unfrozen_s2027__stack,per_format,0.050000000000000003,threshold_and_evaluation_sampling,test_minus_same_TPR,1000,-0.00065250294224861172,-0.00073570870741345362,-0.0036397993285599479,0.0021367101466544525
CodeBERT_unfrozen_s2027__stack,pooled,0.001,threshold_and_evaluation_sampling,same_period_FPR,1000,0.0012713282034125125,0.0012877216460354633,0.00066912010705921711,0.0020073603211776514
CodeBERT_unfrozen_s2027__stack,pooled,0.001,threshold_and_evaluation_sampling,test_FPR,1000,0.0016739203213927017,0.0017045195848677604,0.00093739537997991292,0.0026113157013726148
CodeBERT_unfrozen_s2027__stack,pooled,0.001,threshold_and_evaluation_sampling,same_period_TPR,1000,0.80823646629026902,0.80736127532381263,0.77382763201594151,0.83474261042842912
CodeBERT_unfrozen_s2027__stack,pooled,0.001,threshold_and_evaluation_sampling,test_TPR,1000,0.80126120146033852,0.80038267507467642,0.76568204447394628,0.82742615333554592
CodeBERT_unfrozen_s2027__stack,pooled,0.001,threshold_and_evaluation_sampling,test_minus_same_FPR,1000,0.00040259211798018921,0.0004167979388322969,-0.00046753283409551108,0.0013396750029653422
CodeBERT_unfrozen_s2027__stack,pooled,0.001,threshold_and_evaluation_sampling,test_minus_same_TPR,1000,-0.0069752648299304942,-0.0069786002491362886,-0.015830398616952995,0.0022471592434114476
CodeBERT_unfrozen_s2027__stack,pooled,0.0050000000000000001,threshold_and_evaluation_sampling,same_period_FPR,1000,0.0051522248243559719,0.0052636333221813313,0.0039461358313817333,0.0067581130812980929
CodeBERT_unfrozen_s2027__stack,pooled,0.0050000000000000001,threshold_and_evaluation_sampling,test_FPR,1000,0.0060930699698694343,0.0061051891529963175,0.0046853029795781717,0.0076330766655507195
CodeBERT_unfrozen_s2027__stack,pooled,0.0050000000000000001,threshold_and_evaluation_sampling,same_period_TPR,1000,0.91550979740949856,0.9156096977748257,0.90587678512122216,0.92321653935569581
CodeBERT_unfrozen_s2027__stack,pooled,0.0050000000000000001,threshold_and_evaluation_sampling,test_TPR,1000,0.90461334218386991,0.90513959508795216,0.89591603053435109,0.91324261533355455
CodeBERT_unfrozen_s2027__stack,pooled,0.0050000000000000001,threshold_and_evaluation_sampling,test_minus_same_FPR,1000,0.00094084514551346244,0.00084155583081498573,-0.00073240314363244401,0.0025472743884142539
CodeBERT_unfrozen_s2027__stack,pooled,0.0050000000000000001,threshold_and_evaluation_sampling,test_minus_same_TPR,1000,-0.010896455225628654,-0.010470102686873435,-0.017005682119428694,-0.0035921545769284162
CodeBERT_unfrozen_s2027__stack,pooled,0.01,threshold_and_evaluation_sampling,same_period_FPR,1000,0.010036801605888258,0.010003011040481766,0.0077601204416192712,0.012311809969889596
CodeBERT_unfrozen_s2027__stack,pooled,0.01,threshold_and_evaluation_sampling,test_FPR,1000,0.012186139939738869,0.01209173083361232,0.010108804820890526,0.014328757951121526
CodeBERT_unfrozen_s2027__stack,pooled,0.01,threshold_and_evaluation_sampling,same_period_TPR,1000,0.94360677515775493,0.94364662902690133,0.93762869478578548,0.94858850880106282
CodeBERT_unfrozen_s2027__stack,pooled,0.01,threshold_and_evaluation_sampling,test_TPR,1000,0.934550282110853,0.93435632260205781,0.92764520411549956,0.93972784600066384
CodeBERT_unfrozen_s2027__stack,pooled,0.01,threshold_and_evaluation_sampling,test_minus_same_FPR,1000,0.002149338333850611,0.0020887197931305536,-0.00019338847955280292,0.0043574604483821548
CodeBERT_unfrozen_s2027__stack,pooled,0.01,threshold_and_evaluation_sampling,test_minus_same_TPR,1000,-0.0090564930469019256,-0.0092903064248436116,-0.014699674597281026,-0.0038758841213152053
CodeBERT_unfrozen_s2027__stack,pooled,0.050000000000000003,threshold_and_evaluation_sampling,same_period_FPR,1000,0.052325192372030781,0.052378721980595518,0.048444295751087323,0.056609233857477417
CodeBERT_unfrozen_s2027__stack,pooled,0.050000000000000003,threshold_and_evaluation_sampling,test_FPR,1000,0.049146300636089719,0.049050753264144632,0.045195848677602943,0.053297623033143622
CodeBERT_unfrozen_s2027__stack,pooled,0.050000000000000003,threshold_and_evaluation_sampling,same_period_TPR,1000,0.98319495184324146,0.98316313517103959,0.98106941215543009,0.98532049153105283
CodeBERT_unfrozen_s2027__stack,pooled,0.050000000000000003,threshold_and_evaluation_sampling,test_TPR,1000,0.98207766345834713,0.98201732492532345,0.97981911715897774,0.98426817125788246
CodeBERT_unfrozen_s2027__stack,pooled,0.050000000000000003,threshold_and_evaluation_sampling,test_minus_same_FPR,1000,-0.0031788917359410612,-0.0033279687164508901,-0.0082022560570546368,0.0016448056443540394
CodeBERT_unfrozen_s2027__stack,pooled,0.050000000000000003,threshold_and_evaluation_sampling,test_minus_same_TPR,1000,-0.0011172883848943327,-0.0011458102457159267,-0.0040388946690986059,0.0016072514509526833
CodeBERT_unfrozen_s2028,per_format,0.001,threshold_and_evaluation_sampling,same_period_FPR,1000,0.00066912010705921711,0.00073001003680160594,0.0001990632318501172,0.001405152224824356
CodeBERT_unfrozen_s2028,per_format,0.001,threshold_and_evaluation_sampling,test_FPR,1000,0.0016739203213927017,0.0016678272514228322,0.00093739537997991292,0.0025443588885169068
CodeBERT_unfrozen_s2028,per_format,0.001,threshold_and_evaluation_sampling,same_period_TPR,1000,0.46914646296911328,0.47132793091996017,0.41002822982397874,0.52570574559946859
CodeBERT_unfrozen_s2028,per_format,0.001,threshold_and_evaluation_sampling,test_TPR,1000,0.42602057749751077,0.42907222037836046,0.38703119814138731,0.47202787919017591
CodeBERT_unfrozen_s2028,per_format,0.001,threshold_and_evaluation_sampling,test_minus_same_FPR,1000,0.0010048002143334847,0.00093781721462122636,0.00013445013145510767,0.0018084186151588299
CodeBERT_unfrozen_s2028,per_format,0.001,threshold_and_evaluation_sampling,test_minus_same_TPR,1000,-0.04312588547160251,-0.042255710541599711,-0.059564660191092668,-0.019459620510831898
CodeBERT_unfrozen_s2028,per_format,0.0050000000000000001,threshold_and_evaluation_sampling,same_period_FPR,1000,0.0052860488457678149,0.0053594513215122113,0.004148544663767146,0.0067581130812980929
CodeBERT_unfrozen_s2028,per_format,0.0050000000000000001,threshold_and_evaluation_sampling,test_FPR,1000,0.0060261131570137263,0.0059815868764646809,0.0046200200870438564,0.0074991630398393034
CodeBERT_unfrozen_s2028,per_format,0.0050000000000000001,threshold_and_evaluation_sampling,same_period_TPR,1000,0.69850547990700762,0.69952540684158093,0.68110262371305219,0.71624045167718364
CodeBERT_unfrozen_s2028,per_format,0.0050000000000000001,threshold_and_evaluation_sampling,test_TPR,1000,0.62588781944905414,0.62773753733820115,0.60743279123796878,0.64839362761367403
CodeBERT_unfrozen_s2028,per_format,0.0050000000000000001,threshold_and_evaluation_sampling,test_minus_same_FPR,1000,0.00074006431124591134,0.00062213555495246897,-0.0011341955432389464,0.0023468497312375031
CodeBERT_unfrozen_s2028,per_format,0.0050000000000000001,threshold_and_evaluation_sampling,test_minus_same_TPR,1000,-0.072617660457953481,-0.071787869503379745,-0.083643016319297422,-0.059545327382956793
CodeBERT_unfrozen_s2028,per_format,0.01,threshold_and_evaluation_sampling,same_period_FPR,1000,0.0088992974238875887,0.0094331214452994302,0.0076948812311809969,0.011510538641686181
CodeBERT_unfrozen_s2028,per_format,0.01,threshold_and_evaluation_sampling,test_FPR,1000,0.0097087378640776691,0.0099866755942417135,0.0081017743555406758,0.012120857047204552
CodeBERT_unfrozen_s2028,per_format,0.01,threshold_and_evaluation_sampling,same_period_TPR,1000,0.77316506144138164,0.77261839920292252,0.75715376951179014,0.78785121222185317
CodeBERT_unfrozen_s2028,per_format,0.01,threshold_and_evaluation_sampling,test_TPR,1000,0.71410554264852311,0.71508735479588448,0.69764022568868234,0.73203285761699299
CodeBERT_unfrozen_s2028,per_format,0.01,threshold_and_evaluation_sampling,test_minus_same_FPR,1000,0.00080944044019008038,0.00055355414894228282,-0.0017338151953883354,0.002686270257992058
CodeBERT_unfrozen_s2028,per_format,0.01,threshold_and_evaluation_sampling,test_minus_same_TPR,1000,-0.059059518792858534,-0.057531044407038115,-0.069683948985371988,-0.045309574595550392
CodeBERT_unfrozen_s2028,per_format,0.050000000000000003,threshold_and_evaluation_sampling,same_period_FPR,1000,0.050451656072264969,0.050436132485781202,0.046169287387085985,0.055138842422214784
CodeBERT_unfrozen_s2028,per_format,0.050000000000000003,threshold_and_evaluation_sampling,test_FPR,1000,0.046401071309005691,0.046397053900234346,0.042584532976230334,0.050353197187813857
CodeBERT_unfrozen_s2028,per_format,0.050000000000000003,threshold_and_evaluation_sampling,same_period_TPR,1000,0.92334772500830287,0.92254055131185642,0.91717037529060108,0.92779807372965795
CodeBERT_unfrozen_s2028,per_format,0.050000000000000003,threshold_and_evaluation_sampling,test_TPR,1000,0.89917026219714569,0.89907992034517104,0.89239960172585464,0.90567706604712905
CodeBERT_unfrozen_s2028,per_format,0.050000000000000003,threshold_and_evaluation_sampling,test_minus_same_FPR,1000,-0.0040505847632592781,-0.0040390785855468486,-0.0088047206457154675,0.00083609715928608514
CodeBERT_unfrozen_s2028,per_format,0.050000000000000003,threshold_and_evaluation_sampling,test_minus_same_TPR,1000,-0.02417746281115718,-0.023460630966685599,-0.030418952831762033,-0.016605088235491932
CodeBERT_unfrozen_s2028,pooled,0.001,threshold_and_evaluation_sampling,same_period_FPR,1000,0.00086985613917698224,0.00088651722984275678,0.00026764804282368687,0.0017397122783539645
CodeBERT_unfrozen_s2028,pooled,0.001,threshold_and_evaluation_sampling,test_FPR,1000,0.001071309005691329,0.0010838299296953467,0.00046869768998995646,0.0017408771342484097
CodeBERT_unfrozen_s2028,pooled,0.001,threshold_and_evaluation_sampling,same_period_TPR,1000,0.46569246097641981,0.45926476253736304,0.38153271338425776,0.50275988043839259
CodeBERT_unfrozen_s2028,pooled,0.001,threshold_and_evaluation_sampling,test_TPR,1000,0.41354132094258217,0.40936342515765017,0.34473946232990377,0.44626783936276138
CodeBERT_unfrozen_s2028,pooled,0.001,threshold_and_evaluation_sampling,test_minus_same_FPR,1000,0.00020145286651434679,0.0001973126998525897,-0.0006014912619567137,0.00093784340147777653
CodeBERT_unfrozen_s2028,pooled,0.001,threshold_and_evaluation_sampling,test_minus_same_TPR,1000,-0.05215114003383764,-0.049901337379712821,-0.062916556760624243,-0.034045210155968619
CodeBERT_unfrozen_s2028,pooled,0.0050000000000000001,threshold_and_evaluation_sampling,same_period_FPR,1000,0.0056206088992974239,0.0055205754432920704,0.0040816326530612249,0.0071595851455336229
CodeBERT_unfrozen_s2028,pooled,0.0050000000000000001,threshold_and_evaluation_sampling,test_FPR,1000,0.0053565450284566458,0.0054393706059591568,0.0040157348510210912,0.007030465349849347
CodeBERT_unfrozen_s2028,pooled,0.0050000000000000001,threshold_and_evaluation_sampling,same_period_TPR,1000,0.68960478246429757,0.68942896047824642,0.66693789438724682,0.71086183992029228
CodeBERT_unfrozen_s2028,pooled,0.0050000000000000001,threshold_and_evaluation_sampling,test_TPR,1000,0.62256886823763691,0.6219923000331895,0.59620643876535018,0.64580318619316301
CodeBERT_unfrozen_s2028,pooled,0.0050000000000000001,threshold_and_evaluation_sampling,test_minus_same_FPR,1000,-0.00026406387084077811,-8.1204837332914502e-05,-0.001804883165513814,0.0016100996590220386
CodeBERT_unfrozen_s2028,pooled,0.0050000000000000001,threshold_and_evaluation_sampling,test_minus_same_TPR,1000,-0.067035914226660664,-0.067436660445056931,-0.078909657839388164,-0.056821955959027476
CodeBERT_unfrozen_s2028,pooled,0.01,threshold_and_evaluation_sampling,same_period_FPR,1000,0.010237537638006023,0.010033656741385079,0.0081632653061224497,0.01184509869521579
CodeBERT_unfrozen_s2028,pooled,0.01,threshold_and_evaluation_sampling,test_FPR,1000,0.010110478741211919,0.010198192166052895,0.0083696016069635081,0.012053900234348843
CodeBERT_unfrozen_s2028,pooled,0.01,threshold_and_evaluation_sampling,same_period_TPR,1000,0.76426436399867159,0.7636648953835935,0.75297077382929256,0.77449518432414477
CodeBERT_unfrozen_s2028,pooled,0.01,threshold_and_evaluation_sampling,test_TPR,1000,0.71443743776966484,0.71397444407567212,0.69930136076999672,0.72731662794556917
CodeBERT_unfrozen_s2028,pooled,0.01,threshold_and_evaluation_sampling,test_minus_same_FPR,1000,-0.00012705889679410359,0.00016453542466781737,-0.0020704915904684769,0.0023496319447392365
CodeBERT_unfrozen_s2028,pooled,0.01,threshold_and_evaluation_sampling,test_minus_same_TPR,1000,-0.049826926229006752,-0.0496904513079214,-0.059991443036116095,-0.039736937568113646
CodeBERT_unfrozen_s2028,pooled,0.050000000000000003,threshold_and_evaluation_sampling,same_period_FPR,1000,0.050250920040147209,0.050342990966878561,0.046436935429909669,0.054533288725326194
CodeBERT_unfrozen_s2028,pooled,0.050000000000000003,threshold_and_evaluation_sampling,test_FPR,1000,0.046066287244727153,0.046135051891529971,0.042383662537663208,0.050018413123535319
CodeBERT_unfrozen_s2028,pooled,0.050000000000000003,threshold_and_evaluation_sampling,same_period_TPR,1000,0.92049153105280634,0.92081713716373292,0.91557622052474263,0.92647459315841907
CodeBERT_unfrozen_s2028,pooled,0.050000000000000003,threshold_and_evaluation_sampling,test_TPR,1000,0.89711251244606705,0.89767494191835384,0.89113674078991034,0.90428974444075672
CodeBERT_unfrozen_s2028,pooled,0.050000000000000003,threshold_and_evaluation_sampling,test_minus_same_FPR,1000,-0.0041846327954200568,-0.004207939075348591,-0.0089382120111651444,0.00043266108080930487
CodeBERT_unfrozen_s2028,pooled,0.050000000000000003,threshold_and_evaluation_sampling,test_minus_same_TPR,1000,-0.023379018606739299,-0.023142195245379176,-0.029890147785368928,-0.016276971714400883
CodeBERT_unfrozen_s2028__format_platt,per_format,0.001,threshold_and_evaluation_sampling,same_period_FPR,1000,0.00066912010705921711,0.00073001003680160594,0.0001990632318501172,0.001405152224824356
CodeBERT_unfrozen_s2028__format_platt,per_format,0.001,threshold_and_evaluation_sampling,test_FPR,1000,0.0016739203213927017,0.0016678272514228322,0.00093739537997991292,0.0025443588885169068
CodeBERT_unfrozen_s2028__format_platt,per_format,0.001,threshold_and_evaluation_sampling,same_period_TPR,1000,0.46914646296911328,0.47132793091996017,0.41002822982397874,0.52570574559946859
CodeBERT_unfrozen_s2028__format_platt,per_format,0.001,threshold_and_evaluation_sampling,test_TPR,1000,0.42602057749751077,0.42907222037836046,0.38703119814138731,0.47202787919017591
CodeBERT_unfrozen_s2028__format_platt,per_format,0.001,threshold_and_evaluation_sampling,test_minus_same_FPR,1000,0.0010048002143334847,0.00093781721462122636,0.00013445013145510767,0.0018084186151588299
CodeBERT_unfrozen_s2028__format_platt,per_format,0.001,threshold_and_evaluation_sampling,test_minus_same_TPR,1000,-0.04312588547160251,-0.042255710541599711,-0.059564660191092668,-0.019459620510831898
CodeBERT_unfrozen_s2028__format_platt,per_format,0.0050000000000000001,threshold_and_evaluation_sampling,same_period_FPR,1000,0.0052860488457678149,0.0053594513215122113,0.004148544663767146,0.0067581130812980929
CodeBERT_unfrozen_s2028__format_platt,per_format,0.0050000000000000001,threshold_and_evaluation_sampling,test_FPR,1000,0.0060261131570137263,0.0059815868764646809,0.0046200200870438564,0.0074991630398393034
CodeBERT_unfrozen_s2028__format_platt,per_format,0.0050000000000000001,threshold_and_evaluation_sampling,same_period_TPR,1000,0.69850547990700762,0.69952540684158093,0.68110262371305219,0.71624045167718364
CodeBERT_unfrozen_s2028__format_platt,per_format,0.0050000000000000001,threshold_and_evaluation_sampling,test_TPR,1000,0.62588781944905414,0.62773753733820115,0.60743279123796878,0.64839362761367403
CodeBERT_unfrozen_s2028__format_platt,per_format,0.0050000000000000001,threshold_and_evaluation_sampling,test_minus_same_FPR,1000,0.00074006431124591134,0.00062213555495246897,-0.0011341955432389464,0.0023468497312375031
CodeBERT_unfrozen_s2028__format_platt,per_format,0.0050000000000000001,threshold_and_evaluation_sampling,test_minus_same_TPR,1000,-0.072617660457953481,-0.071787869503379745,-0.083643016319297422,-0.059545327382956793
CodeBERT_unfrozen_s2028__format_platt,per_format,0.01,threshold_and_evaluation_sampling,same_period_FPR,1000,0.0088992974238875887,0.0094331214452994302,0.0076948812311809969,0.011510538641686181
CodeBERT_unfrozen_s2028__format_platt,per_format,0.01,threshold_and_evaluation_sampling,test_FPR,1000,0.0097087378640776691,0.0099866755942417135,0.0081017743555406758,0.012120857047204552
CodeBERT_unfrozen_s2028__format_platt,per_format,0.01,threshold_and_evaluation_sampling,same_period_TPR,1000,0.77316506144138164,0.77261839920292252,0.75715376951179014,0.78785121222185317
CodeBERT_unfrozen_s2028__format_platt,per_format,0.01,threshold_and_evaluation_sampling,test_TPR,1000,0.71410554264852311,0.71508735479588448,0.69764022568868234,0.73203285761699299
CodeBERT_unfrozen_s2028__format_platt,per_format,0.01,threshold_and_evaluation_sampling,test_minus_same_FPR,1000,0.00080944044019008038,0.00055355414894228282,-0.0017338151953883354,0.002686270257992058
CodeBERT_unfrozen_s2028__format_platt,per_format,0.01,threshold_and_evaluation_sampling,test_minus_same_TPR,1000,-0.059059518792858534,-0.057531044407038115,-0.069683948985371988,-0.045309574595550392
CodeBERT_unfrozen_s2028__format_platt,per_format,0.050000000000000003,threshold_and_evaluation_sampling,same_period_FPR,1000,0.050451656072264969,0.050436132485781202,0.046169287387085985,0.055138842422214784
CodeBERT_unfrozen_s2028__format_platt,per_format,0.050000000000000003,threshold_and_evaluation_sampling,test_FPR,1000,0.046401071309005691,0.046397053900234346,0.042584532976230334,0.050353197187813857
CodeBERT_unfrozen_s2028__format_platt,per_format,0.050000000000000003,threshold_and_evaluation_sampling,same_period_TPR,1000,0.92334772500830287,0.92254055131185642,0.91717037529060108,0.92779807372965795
CodeBERT_unfrozen_s2028__format_platt,per_format,0.050000000000000003,threshold_and_evaluation_sampling,test_TPR,1000,0.89917026219714569,0.89907992034517104,0.89239960172585464,0.90567706604712905
CodeBERT_unfrozen_s2028__format_platt,per_format,0.050000000000000003,threshold_and_evaluation_sampling,test_minus_same_FPR,1000,-0.0040505847632592781,-0.0040390785855468486,-0.0088047206457154675,0.00083609715928608514
CodeBERT_unfrozen_s2028__format_platt,per_format,0.050000000000000003,threshold_and_evaluation_sampling,test_minus_same_TPR,1000,-0.02417746281115718,-0.023460630966685599,-0.030418952831762033,-0.016605088235491932
CodeBERT_unfrozen_s2028__format_platt,pooled,0.001,threshold_and_evaluation_sampling,same_period_FPR,1000,0.00073603211776513886,0.00079444630311140856,0.00033456005352960856,0.0013382402141184342
CodeBERT_unfrozen_s2028__format_platt,pooled,0.001,threshold_and_evaluation_sampling,test_FPR,1000,0.0020087043856712419,0.0020541011047874123,0.0012721794442584534,0.0030130565785068631
CodeBERT_unfrozen_s2028__format_platt,pooled,0.001,threshold_and_evaluation_sampling,same_period_TPR,1000,0.3123879109930256,0.2879410162736632,0.1891049485220857,0.4036582530720691
CodeBERT_unfrozen_s2028__format_platt,pooled,0.001,threshold_and_evaluation_sampling,test_TPR,1000,0.29233322270162626,0.27300053103219379,0.20577165615665449,0.35281447062728177
CodeBERT_unfrozen_s2028__format_platt,pooled,0.001,threshold_and_evaluation_sampling,test_minus_same_FPR,1000,0.001272672267906103,0.0012596548016760036,0.00040241066927355446,0.0022100687679397608
CodeBERT_unfrozen_s2028__format_platt,pooled,0.001,threshold_and_evaluation_sampling,test_minus_same_TPR,1000,-0.020054688291399336,-0.014940485241469409,-0.05264558605392354,0.021249447346674329
CodeBERT_unfrozen_s2028__format_platt,pooled,0.0050000000000000001,threshold_and_evaluation_sampling,same_period_FPR,1000,0.0053529608564737369,0.0054401472064235529,0.004148544663767146,0.0068250250920040148
CodeBERT_unfrozen_s2028__format_platt,pooled,0.0050000000000000001,threshold_and_evaluation_sampling,test_FPR,1000,0.0061600267827251424,0.006093940408436558,0.0046183461667224637,0.0075661198526950114
CodeBERT_unfrozen_s2028__format_platt,pooled,0.0050000000000000001,threshold_and_evaluation_sampling,same_period_TPR,1000,0.70308867485885085,0.70315224178013958,0.68421952839588185,0.71890567917635328
CodeBERT_unfrozen_s2028__format_platt,pooled,0.0050000000000000001,threshold_and_evaluation_sampling,test_TPR,1000,0.63352140723531369,0.63389664785927657,0.61506803849983405,0.64933123133089943
CodeBERT_unfrozen_s2028__format_platt,pooled,0.0050000000000000001,threshold_and_evaluation_sampling,test_minus_same_FPR,1000,0.00080706592625140548,0.00065379320201300545,-0.0010693293106976449,0.0023465349961352541
CodeBERT_unfrozen_s2028__format_platt,pooled,0.0050000000000000001,threshold_and_evaluation_sampling,test_minus_same_TPR,1000,-0.069567267623537155,-0.069255593920863015,-0.080123388707607462,-0.059077588393392812
CodeBERT_unfrozen_s2028__format_platt,pooled,0.01,threshold_and_evaluation_sampling,same_period_FPR,1000,0.0091669454667112748,0.0092713282034125113,0.0075610572097691538,0.011174305787888927
CodeBERT_unfrozen_s2028__format_platt,pooled,0.01,threshold_and_evaluation_sampling,test_FPR,1000,0.010043521928356211,0.0099762303314362231,0.0080348175426849678,0.012052226314027453
CodeBERT_unfrozen_s2028__format_platt,pooled,0.01,threshold_and_evaluation_sampling,same_period_TPR,1000,0.76964463633344404,0.77003613417469274,0.75502989040185986,0.78385918299568247
CodeBERT_unfrozen_s2028__format_platt,pooled,0.01,threshold_and_evaluation_sampling,test_TPR,1000,0.71463657484234977,0.71576866910056425,0.69896780617324927,0.73255891138400264
CodeBERT_unfrozen_s2028__format_platt,pooled,0.01,threshold_and_evaluation_sampling,test_minus_same_FPR,1000,0.00087657646164493626,0.00070490212802371108,-0.0014009357825025886,0.0028848328258183151
CodeBERT_unfrozen_s2028__format_platt,pooled,0.01,threshold_and_evaluation_sampling,test_minus_same_TPR,1000,-0.055008061491094273,-0.054267465074128572,-0.064366242353102246,-0.043526618793376631
CodeBERT_unfrozen_s2028__format_platt,pooled,0.050000000000000003,threshold_and_evaluation_sampling,same_period_FPR,1000,0.050184008029441285,0.050309066577450649,0.046370023419203744,0.054533288725326194
CodeBERT_unfrozen_s2028__format_platt,pooled,0.050000000000000003,threshold_and_evaluation_sampling,test_FPR,1000,0.045932373619015733,0.046019484432541009,0.042249748911951789,0.049953130231001001
CodeBERT_unfrozen_s2028__format_platt,pooled,0.050000000000000003,threshold_and_evaluation_sampling,same_period_TPR,1000,0.92042510793756227,0.920943938890734,0.91584025240783795,0.92686815011624046
CodeBERT_unfrozen_s2028__format_platt,pooled,0.050000000000000003,threshold_and_evaluation_sampling,test_TPR,1000,0.89697975439761035,0.89748748755393304,0.89126949883836704,0.90428144706272817
CodeBERT_unfrozen_s2028__format_platt,pooled,0.050000000000000003,threshold_and_evaluation_sampling,test_minus_same_FPR,1000,-0.0042516344104255518,-0.0042895821449096417,-0.0091386797904110684,0.00030205665388648395
CodeBERT_unfrozen_s2028__format_platt,pooled,0.050000000000000003,threshold_and_evaluation_sampling,test_minus_same_TPR,1000,-0.023445353539951919,-0.023456451336801017,-0.030480585458143743,-0.016411391443014033
CodeBERT_unfrozen_s2028__fusion_ROC_AUC,per_format,0.001,threshold_and_evaluation_sampling,same_period_FPR,1000,0.0014720642355302777,0.0014742723318835731,0.00086985613917698224,0.0022750083640013384
CodeBERT_unfrozen_s2028__fusion_ROC_AUC,per_format,0.001,threshold_and_evaluation_sampling,test_FPR,1000,0.0014730498828255775,0.0015935051891529963,0.00086876464680281222,0.0024774020756611987
CodeBERT_unfrozen_s2028__fusion_ROC_AUC,per_format,0.001,threshold_and_evaluation_sampling,same_period_TPR,1000,0.80777150448356028,0.80502829624709393,0.77103786117568918,0.83030554633012288
CodeBERT_unfrozen_s2028__fusion_ROC_AUC,per_format,0.001,threshold_and_evaluation_sampling,test_TPR,1000,0.79986724195154335,0.79867487553932959,0.76554098904746104,0.82297378028542978
CodeBERT_unfrozen_s2028__fusion_ROC_AUC,per_format,0.001,threshold_and_evaluation_sampling,test_minus_same_FPR,1000,9.8564729529983068e-07,0.0001192328572694232,-0.00093560777420343734,0.0012056751331155874
CodeBERT_unfrozen_s2028__fusion_ROC_AUC,per_format,0.001,threshold_and_evaluation_sampling,test_minus_same_TPR,1000,-0.0079042625320169257,-0.0063534207077644176,-0.015603442869011211,0.0041028365624307976
CodeBERT_unfrozen_s2028__fusion_ROC_AUC,per_format,0.0050000000000000001,threshold_and_evaluation_sampling,same_period_FPR,1000,0.0051522248243559719,0.0052291067246570755,0.0038139846102375374,0.0066912010705921709
CodeBERT_unfrozen_s2028__fusion_ROC_AUC,per_format,0.0050000000000000001,threshold_and_evaluation_sampling,test_FPR,1000,0.0060930699698694343,0.0062620689655172408,0.0047522597924338798,0.0078356210244392346
CodeBERT_unfrozen_s2028__fusion_ROC_AUC,per_format,0.0050000000000000001,threshold_and_evaluation_sampling,same_period_TPR,1000,0.91252075722351378,0.91299833942211883,0.90354865493191638,0.92228661574227833
CodeBERT_unfrozen_s2028__fusion_ROC_AUC,per_format,0.0050000000000000001,threshold_and_evaluation_sampling,test_TPR,1000,0.90394955194158644,0.90447188848323923,0.89432293395287088,0.91404248257550613
CodeBERT_unfrozen_s2028__fusion_ROC_AUC,per_format,0.0050000000000000001,threshold_and_evaluation_sampling,test_minus_same_FPR,1000,0.00094084514551346244,0.0010329622408601655,-0.00066729497948229521,0.0026830579438523764
CodeBERT_unfrozen_s2028__fusion_ROC_AUC,per_format,0.0050000000000000001,threshold_and_evaluation_sampling,test_minus_same_TPR,1000,-0.008571205281927341,-0.0085264509388795987,-0.014944620030790955,-0.0019305945684498561
CodeBERT_unfrozen_s2028__fusion_ROC_AUC,per_format,0.01,threshold_and_evaluation_sampling,same_period_FPR,1000,0.010103713616594179,0.010147808631649382,0.0083640013382402147,0.012179658748745398
CodeBERT_unfrozen_s2028__fusion_ROC_AUC,per_format,0.01,threshold_and_evaluation_sampling,test_FPR,1000,0.011918312688316036,0.011876799464345496,0.0097756946769333771,0.013927017073987278
CodeBERT_unfrozen_s2028__fusion_ROC_AUC,per_format,0.01,threshold_and_evaluation_sampling,same_period_TPR,1000,0.94493523746263697,0.94488900697442701,0.93981899701095983,0.94985220856858188
CodeBERT_unfrozen_s2028__fusion_ROC_AUC,per_format,0.01,threshold_and_evaluation_sampling,test_TPR,1000,0.93614337869233322,0.93619780949220055,0.93089943577829404,0.94092266843677397
CodeBERT_unfrozen_s2028__fusion_ROC_AUC,per_format,0.01,threshold_and_evaluation_sampling,test_minus_same_FPR,1000,0.0018145990717218577,0.0017289908326961164,-0.00066168743040966049,0.0041574222097473116
CodeBERT_unfrozen_s2028__fusion_ROC_AUC,per_format,0.01,threshold_and_evaluation_sampling,test_minus_same_TPR,1000,-0.008791858770303751,-0.0086911974822266348,-0.014035792866139846,-0.0032102607950514131
CodeBERT_unfrozen_s2028__fusion_ROC_AUC,per_format,0.050000000000000003,threshold_and_evaluation_sampling,same_period_FPR,1000,0.051722984275677487,0.0519389093342255,0.047505854800936768,0.056273001003680163
CodeBERT_unfrozen_s2028__fusion_ROC_AUC,per_format,0.050000000000000003,threshold_and_evaluation_sampling,test_FPR,1000,0.051623702711750923,0.051624573150318043,0.047271509876129894,0.055975895547371944
CodeBERT_unfrozen_s2028__fusion_ROC_AUC,per_format,0.050000000000000003,threshold_and_evaluation_sampling,same_period_TPR,1000,0.98246429757555631,0.98242178678180014,0.98007140484888744,0.98465626037861176
CodeBERT_unfrozen_s2028__fusion_ROC_AUC,per_format,0.050000000000000003,threshold_and_evaluation_sampling,test_TPR,1000,0.98121473614337873,0.98132319946896784,0.97902256886823769,0.98353800199137076
CodeBERT_unfrozen_s2028__fusion_ROC_AUC,per_format,0.050000000000000003,threshold_and_evaluation_sampling,test_minus_same_FPR,1000,-9.9281563926564842e-05,-0.0003143361839074487,-0.0053929070132501247,0.0050541092363776
CodeBERT_unfrozen_s2028__fusion_ROC_AUC,per_format,0.050000000000000003,threshold_and_evaluation_sampling,test_minus_same_TPR,1000,-0.0012495614321775816,-0.0010985873128322599,-0.0039707420837612108,0.0017388702977896159
CodeBERT_unfrozen_s2028__fusion_ROC_AUC,pooled,0.001,threshold_and_evaluation_sampling,same_period_FPR,1000,0.001405152224824356,0.0014601538976246238,0.00086985613917698224,0.0022080963532954165
CodeBERT_unfrozen_s2028__fusion_ROC_AUC,pooled,0.001,threshold_and_evaluation_sampling,test_FPR,1000,0.0016069635085369936,0.0016986943421493138,0.00093739537997991292,0.0024790759959825901
CodeBERT_unfrozen_s2028__fusion_ROC_AUC,pooled,0.001,threshold_and_evaluation_sampling,same_period_TPR,1000,0.79887080704085023,0.80387392892726661,0.78352706741946199,0.82829790767186984
CodeBERT_unfrozen_s2028__fusion_ROC_AUC,pooled,0.001,threshold_and_evaluation_sampling,test_TPR,1000,0.79196813806837041,0.79718207766345839,0.77463491536674411,0.81978758712246935
CodeBERT_unfrozen_s2028__fusion_ROC_AUC,pooled,0.001,threshold_and_evaluation_sampling,test_minus_same_FPR,1000,0.00020181128371263768,0.00023854044452469004,-0.00066858248126178089,0.0012060738722486863
CodeBERT_unfrozen_s2028__fusion_ROC_AUC,pooled,0.001,threshold_and_evaluation_sampling,test_minus_same_TPR,1000,-0.0069026689724798196,-0.0066918512638083419,-0.015683481289922297,0.0026823667792715013
CodeBERT_unfrozen_s2028__fusion_ROC_AUC,pooled,0.0050000000000000001,threshold_and_evaluation_sampling,same_period_FPR,1000,0.0053529608564737369,0.00529287387085982,0.0040147206423553029,0.0066912010705921709
CodeBERT_unfrozen_s2028__fusion_ROC_AUC,pooled,0.0050000000000000001,threshold_and_evaluation_sampling,test_FPR,1000,0.0062269835955808504,0.006218279209909609,0.0048208905256109805,0.0077000334784064275
CodeBERT_unfrozen_s2028__fusion_ROC_AUC,pooled,0.0050000000000000001,threshold_and_evaluation_sampling,same_period_TPR,1000,0.91431418133510467,0.91368375954832282,0.90434905347060779,0.9211590833610096
CodeBERT_unfrozen_s2028__fusion_ROC_AUC,pooled,0.0050000000000000001,threshold_and_evaluation_sampling,test_TPR,1000,0.90547626949883842,0.904915101228012,0.89445237305011616,0.91351145038167936
CodeBERT_unfrozen_s2028__fusion_ROC_AUC,pooled,0.0050000000000000001,threshold_and_evaluation_sampling,test_minus_same_FPR,1000,0.00087402273910711353,0.00092540533904978902,-0.00073249610809325019,0.0028155014990239287
CodeBERT_unfrozen_s2028__fusion_ROC_AUC,pooled,0.0050000000000000001,threshold_and_evaluation_sampling,test_minus_same_TPR,1000,-0.0088379118362662545,-0.0087686583203108702,-0.015007374773523735,-0.0020599416256997642
CodeBERT_unfrozen_s2028__fusion_ROC_AUC,pooled,0.01,threshold_and_evaluation_sampling,same_period_FPR,1000,0.010371361659417865,0.010505386416861828,0.0083623285379725663,0.012512546002007361
CodeBERT_unfrozen_s2028__fusion_ROC_AUC,pooled,0.01,threshold_and_evaluation_sampling,test_FPR,1000,0.012453967191161701,0.012382055574154669,0.010242718446601943,0.014797455641111483
CodeBERT_unfrozen_s2028__fusion_ROC_AUC,pooled,0.01,threshold_and_evaluation_sampling,same_period_TPR,1000,0.94393889073397541,0.94398983726336771,0.93809365659249422,0.94945366987711721
CodeBERT_unfrozen_s2028__fusion_ROC_AUC,pooled,0.01,threshold_and_evaluation_sampling,test_TPR,1000,0.9346830401593097,0.93502449385994035,0.92983571191503489,0.94012612014603381
CodeBERT_unfrozen_s2028__fusion_ROC_AUC,pooled,0.01,threshold_and_evaluation_sampling,test_minus_same_FPR,1000,0.002082605531743836,0.0018766691572928438,-0.00053026984446821594,0.0043601872192235262
CodeBERT_unfrozen_s2028__fusion_ROC_AUC,pooled,0.01,threshold_and_evaluation_sampling,test_minus_same_TPR,1000,-0.0092558505746657138,-0.0089653434034273911,-0.014369217945528418,-0.0032755507711904929
CodeBERT_unfrozen_s2028__fusion_ROC_AUC,pooled,0.050000000000000003,threshold_and_evaluation_sampling,same_period_FPR,1000,0.052191368350618939,0.052493743726998998,0.048444295751087323,0.056876881900301102
CodeBERT_unfrozen_s2028__fusion_ROC_AUC,pooled,0.050000000000000003,threshold_and_evaluation_sampling,test_FPR,1000,0.05135587546032809,0.051364780716437894,0.047403749581519924,0.055577502510880485
CodeBERT_unfrozen_s2028__fusion_ROC_AUC,pooled,0.050000000000000003,threshold_and_evaluation_sampling,same_period_TPR,1000,0.98292925938226505,0.98290959814015277,0.98053802723347727,0.9851212221853205
CodeBERT_unfrozen_s2028__fusion_ROC_AUC,pooled,0.050000000000000003,threshold_and_evaluation_sampling,test_TPR,1000,0.98134749419183542,0.98135811483571178,0.97895784931961505,0.98373879853966151
CodeBERT_unfrozen_s2028__fusion_ROC_AUC,pooled,0.050000000000000003,threshold_and_evaluation_sampling,test_minus_same_FPR,1000,-0.00083549289029084817,-0.0011289630105610988,-0.0061217657468075936,0.0038514039257659732
CodeBERT_unfrozen_s2028__fusion_ROC_AUC,pooled,0.050000000000000003,threshold_and_evaluation_sampling,test_minus_same_TPR,1000,-0.0015817651904296293,-0.0015514833044408564,-0.004438626573677309,0.0014721560275229445
CodeBERT_unfrozen_s2028__fusion_TPR_0.001,per_format,0.001,threshold_and_evaluation_sampling,same_period_FPR,1000,0.0011375041820006692,0.0012163934426229507,0.00066912010705921711,0.0019421211107393762
CodeBERT_unfrozen_s2028__fusion_TPR_0.001,per_format,0.001,threshold_and_evaluation_sampling,test_FPR,1000,0.0015400066956812856,0.0015614998326079679,0.00080348175426849682,0.0024104452628054903
CodeBERT_unfrozen_s2028__fusion_TPR_0.001,per_format,0.001,threshold_and_evaluation_sampling,same_period_TPR,1000,0.8018598472268349,0.79730919960146129,0.76173364330787119,0.82145798737960807
CodeBERT_unfrozen_s2028__fusion_TPR_0.001,per_format,0.001,threshold_and_evaluation_sampling,test_TPR,1000,0.78028542980418192,0.77661453700630589,0.74330401593096584,0.80285429804181874
CodeBERT_unfrozen_s2028__fusion_TPR_0.001,per_format,0.001,threshold_and_evaluation_sampling,test_minus_same_FPR,1000,0.00040250251368061638,0.00034510638998501702,-0.00060341943447814379,0.0013395842786120249
CodeBERT_unfrozen_s2028__fusion_TPR_0.001,per_format,0.001,threshold_and_evaluation_sampling,test_minus_same_TPR,1000,-0.021574417422652981,-0.020694662595155299,-0.030677090848325497,-0.010145749466250678
CodeBERT_unfrozen_s2028__fusion_TPR_0.001,per_format,0.0050000000000000001,threshold_and_evaluation_sampling,same_period_FPR,1000,0.0051522248243559719,0.0051778521244563403,0.0038123118099698894,0.0066912010705921709
CodeBERT_unfrozen_s2028__fusion_TPR_0.001,per_format,0.0050000000000000001,threshold_and_evaluation_sampling,test_FPR,1000,0.0061600267827251424,0.0063735520589219951,0.0047522597924338798,0.0079695346501506507
CodeBERT_unfrozen_s2028__fusion_TPR_0.001,per_format,0.0050000000000000001,threshold_and_evaluation_sampling,same_period_TPR,1000,0.91384921952839593,0.91357316506144137,0.90302225174360673,0.92301727000996348
CodeBERT_unfrozen_s2028__fusion_TPR_0.001,per_format,0.0050000000000000001,threshold_and_evaluation_sampling,test_TPR,1000,0.90527713242615337,0.90488961168270832,0.89432293395287088,0.91463823431795555
CodeBERT_unfrozen_s2028__fusion_TPR_0.001,per_format,0.0050000000000000001,threshold_and_evaluation_sampling,test_minus_same_FPR,1000,0.0010078019583691705,0.0011956999344656554,-0.00053166823156842362,0.0028817493178592678
CodeBERT_unfrozen_s2028__fusion_TPR_0.001,per_format,0.0050000000000000001,threshold_and_evaluation_sampling,test_minus_same_TPR,1000,-0.0085720871022425538,-0.0086835533787331196,-0.015014427131494692,-0.0022607580149475643
CodeBERT_unfrozen_s2028__fusion_TPR_0.001,per_format,0.01,threshold_and_evaluation_sampling,same_period_FPR,1000,0.010237537638006023,0.010188089662094345,0.0084309133489461358,0.012244897959183673
CodeBERT_unfrozen_s2028__fusion_TPR_0.001,per_format,0.01,threshold_and_evaluation_sampling,test_FPR,1000,0.01178439906260462,0.011858252427184468,0.0098426514897890869,0.013993973886842986
CodeBERT_unfrozen_s2028__fusion_TPR_0.001,per_format,0.01,threshold_and_evaluation_sampling,same_period_TPR,1000,0.94520092992361338,0.94501195616074396,0.93975423447359685,0.94978744603121878
CodeBERT_unfrozen_s2028__fusion_TPR_0.001,per_format,0.01,threshold_and_evaluation_sampling,test_TPR,1000,0.9364088947892466,0.9362286757384668,0.93089777630268833,0.94132260205774976
CodeBERT_unfrozen_s2028__fusion_TPR_0.001,per_format,0.01,threshold_and_evaluation_sampling,test_minus_same_FPR,1000,0.0015468614245985977,0.0016701627650901204,-0.00066382729308883085,0.003956461046826871
CodeBERT_unfrozen_s2028__fusion_TPR_0.001,per_format,0.01,threshold_and_evaluation_sampling,test_minus_same_TPR,1000,-0.0087920351343667713,-0.0087832804222772922,-0.013973789324088114,-0.0032823248046244232
CodeBERT_unfrozen_s2028__fusion_TPR_0.001,per_format,0.050000000000000003,threshold_and_evaluation_sampling,same_period_FPR,1000,0.051656072264971563,0.052023218467714953,0.047574439611910338,0.056540649046503848
CodeBERT_unfrozen_s2028__fusion_TPR_0.001,per_format,0.050000000000000003,threshold_and_evaluation_sampling,test_FPR,1000,0.051155005021760964,0.051439370605959156,0.047137596250418481,0.055843655841981921
CodeBERT_unfrozen_s2028__fusion_TPR_0.001,per_format,0.050000000000000003,threshold_and_evaluation_sampling,same_period_TPR,1000,0.98259714380604446,0.98255655928263042,0.9802025905014945,0.98485552972434409
CodeBERT_unfrozen_s2028__fusion_TPR_0.001,per_format,0.050000000000000003,threshold_and_evaluation_sampling,test_TPR,1000,0.98128111516760708,0.98140365084633252,0.97909060736807174,0.98360604049120481
CodeBERT_unfrozen_s2028__fusion_TPR_0.001,per_format,0.050000000000000003,threshold_and_evaluation_sampling,test_minus_same_FPR,1000,-0.00050106724321059837,-0.00058384786175579852,-0.0058575456284694367,0.0046539862768775102
CodeBERT_unfrozen_s2028__fusion_TPR_0.001,per_format,0.050000000000000003,threshold_and_evaluation_sampling,test_minus_same_TPR,1000,-0.0013160286384373832,-0.001152908436297797,-0.0041067832594790634,0.0017387391270177132
CodeBERT_unfrozen_s2028__fusion_TPR_0.001,pooled,0.001,threshold_and_evaluation_sampling,same_period_FPR,1000,0.0012044161927065907,0.0011856808297089328,0.00066912010705921711,0.0018082970893275327
CodeBERT_unfrozen_s2028__fusion_TPR_0.001,pooled,0.001,threshold_and_evaluation_sampling,test_FPR,1000,0.0016069635085369936,0.0016812186139939737,0.001004352192835621,0.0024774020756611987
CodeBERT_unfrozen_s2028__fusion_TPR_0.001,pooled,0.001,threshold_and_evaluation_sampling,same_period_TPR,1000,0.80092992361341742,0.79785433410826967,0.77182829624709393,0.82159913649950189
CodeBERT_unfrozen_s2028__fusion_TPR_0.001,pooled,0.001,threshold_and_evaluation_sampling,test_TPR,1000,0.78015267175572522,0.77651032193826752,0.75187520743445069,0.79887819449054098
CodeBERT_unfrozen_s2028__fusion_TPR_0.001,pooled,0.001,threshold_and_evaluation_sampling,test_minus_same_FPR,1000,0.00040254731583040291,0.0004955377842850411,-0.00033397874563613055,0.0014067662222704092
CodeBERT_unfrozen_s2028__fusion_TPR_0.001,pooled,0.001,threshold_and_evaluation_sampling,test_minus_same_TPR,1000,-0.020777251857692192,-0.021344012170002175,-0.031015071080779916,-0.01174916114086828
CodeBERT_unfrozen_s2028__fusion_TPR_0.001,pooled,0.0050000000000000001,threshold_and_evaluation_sampling,same_period_FPR,1000,0.0054867848778855808,0.0053817999330879902,0.0040147206423553029,0.0068250250920040148
CodeBERT_unfrozen_s2028__fusion_TPR_0.001,pooled,0.0050000000000000001,threshold_and_evaluation_sampling,test_FPR,1000,0.0061600267827251424,0.0062472045530632733,0.0047522597924338798,0.0078339471041178436
CodeBERT_unfrozen_s2028__fusion_TPR_0.001,pooled,0.0050000000000000001,threshold_and_evaluation_sampling,same_period_TPR,1000,0.91384921952839593,0.91418764530056451,0.90454666223845903,0.92208900697442708
CodeBERT_unfrozen_s2028__fusion_TPR_0.001,pooled,0.0050000000000000001,threshold_and_evaluation_sampling,test_TPR,1000,0.90467972120809825,0.90498161301028879,0.89445569200132757,0.91404248257550613
CodeBERT_unfrozen_s2028__fusion_TPR_0.001,pooled,0.0050000000000000001,threshold_and_evaluation_sampling,test_minus_same_FPR,1000,0.00067324190483956155,0.00086540461997528493,-0.00079945740116393687,0.00261451457486736
CodeBERT_unfrozen_s2028__fusion_TPR_0.001,pooled,0.0050000000000000001,threshold_and_evaluation_sampling,test_minus_same_TPR,1000,-0.0091694983202976754,-0.0092060322902758462,-0.015612209265219898,-0.0024676969928713933
CodeBERT_unfrozen_s2028__fusion_TPR_0.001,pooled,0.01,threshold_and_evaluation_sampling,same_period_FPR,1000,0.010505185680829709,0.01053275342924055,0.0084292405486784874,0.012579458012713282
CodeBERT_unfrozen_s2028__fusion_TPR_0.001,pooled,0.01,threshold_and_evaluation_sampling,test_FPR,1000,0.012453967191161701,0.01240482089052561,0.010309675259457651,0.014730498828255775
CodeBERT_unfrozen_s2028__fusion_TPR_0.001,pooled,0.01,threshold_and_evaluation_sampling,same_period_TPR,1000,0.94427100631019589,0.94410601129192973,0.93822650282298237,0.94938724676187314
CodeBERT_unfrozen_s2028__fusion_TPR_0.001,pooled,0.01,threshold_and_evaluation_sampling,test_TPR,1000,0.93494855625622308,0.9351268503153003,0.92983571191503489,0.93999336209757711
CodeBERT_unfrozen_s2028__fusion_TPR_0.001,pooled,0.01,threshold_and_evaluation_sampling,test_minus_same_FPR,1000,0.0019487815103319921,0.0018720674612850625,-0.00059518423932053833,0.0042935496216850453
CodeBERT_unfrozen_s2028__fusion_TPR_0.001,pooled,0.01,threshold_and_evaluation_sampling,test_minus_same_TPR,1000,-0.0093224500539728083,-0.0089791609766292236,-0.014306446668664751,-0.0034108732633514245
CodeBERT_unfrozen_s2028__fusion_TPR_0.001,pooled,0.050000000000000003,threshold_and_evaluation_sampling,same_period_FPR,1000,0.052124456339913014,0.05242248243559719,0.048442622950819678,0.056808297089327532
CodeBERT_unfrozen_s2028__fusion_TPR_0.001,pooled,0.050000000000000003,threshold_and_evaluation_sampling,test_FPR,1000,0.050820220957482426,0.051182256444593233,0.047137596250418481,0.055508871777703375
CodeBERT_unfrozen_s2028__fusion_TPR_0.001,pooled,0.050000000000000003,threshold_and_evaluation_sampling,same_period_TPR,1000,0.98286283626702098,0.98287180338757885,0.98053636665559618,0.98505812022583861
CodeBERT_unfrozen_s2028__fusion_TPR_0.001,pooled,0.050000000000000003,threshold_and_evaluation_sampling,test_TPR,1000,0.98114835711915038,0.98138679057417855,0.97908894789246603,0.98380351808828415
CodeBERT_unfrozen_s2028__fusion_TPR_0.001,pooled,0.050000000000000003,threshold_and_evaluation_sampling,test_minus_same_FPR,1000,-0.001304235382430588,-0.0012402259910039523,-0.0061214084496630516,0.00365481993287965
CodeBERT_unfrozen_s2028__fusion_TPR_0.001,pooled,0.050000000000000003,threshold_and_evaluation_sampling,test_minus_same_TPR,1000,-0.0017144791478705956,-0.0014850128134003136,-0.0043715382352327555,0.0014062256293799591
CodeBERT_unfrozen_s2028__stack,per_format,0.001,threshold_and_evaluation_sampling,same_period_FPR,1000,0.001405152224824356,0.0014364001338240215,0.0008029441284710606,0.0022750083640013384
CodeBERT_unfrozen_s2028__stack,per_format,0.001,threshold_and_evaluation_sampling,test_FPR,1000,0.0016069635085369936,0.0015564780716437899,0.00080348175426849682,0.0024774020756611987
CodeBERT_unfrozen_s2028__stack,per_format,0.001,threshold_and_evaluation_sampling,same_period_TPR,1000,0.81042842909332446,0.80712135503155102,0.77275655928263032,0.83336100963135173
CodeBERT_unfrozen_s2028__stack,per_format,0.001,threshold_and_evaluation_sampling,test_TPR,1000,0.80391636242947229,0.80079522071025555,0.76667607036176566,0.82476933289080645
CodeBERT_unfrozen_s2028__stack,per_format,0.001,threshold_and_evaluation_sampling,test_minus_same_FPR,1000,0.00020181128371263768,0.00012007793781976832,-0.00093573882049156247,0.0012057613772539261
CodeBERT_unfrozen_s2028__stack,per_format,0.001,threshold_and_evaluation_sampling,test_minus_same_TPR,1000,-0.0065120666638521785,-0.0063261343212954206,-0.015634577739790871,0.0030466621833451627
CodeBERT_unfrozen_s2028__stack,per_format,0.0050000000000000001,threshold_and_evaluation_sampling,same_period_FPR,1000,0.0052860488457678149,0.0052877216460354625,0.0038139846102375374,0.0068250250920040148
CodeBERT_unfrozen_s2028__stack,per_format,0.0050000000000000001,threshold_and_evaluation_sampling,test_FPR,1000,0.0064948108470036826,0.0065247405423501841,0.0048208905256109805,0.0083696016069635081
CodeBERT_unfrozen_s2028__stack,per_format,0.0050000000000000001,threshold_and_evaluation_sampling,same_period_TPR,1000,0.91564264363998671,0.91505606110926596,0.90441547658585186,0.92507638658253066
CodeBERT_unfrozen_s2028__stack,per_format,0.0050000000000000001,threshold_and_evaluation_sampling,test_TPR,1000,0.90693660803186193,0.90591443743776956,0.89525224029206774,0.91563889810819776
CodeBERT_unfrozen_s2028__stack,per_format,0.0050000000000000001,threshold_and_evaluation_sampling,test_minus_same_FPR,1000,0.0012087620012358677,0.0012370188963147207,-0.00053153270506531985,0.0031502474814751507
CodeBERT_unfrozen_s2028__stack,per_format,0.0050000000000000001,threshold_and_evaluation_sampling,test_minus_same_TPR,1000,-0.0087060356081247736,-0.0091416236714963583,-0.015347799852802121,-0.002596877606536803
CodeBERT_unfrozen_s2028__stack,per_format,0.01,threshold_and_evaluation_sampling,same_period_FPR,1000,0.010304449648711944,0.010443760455001675,0.0084978253596520569,0.012445633991301438
CodeBERT_unfrozen_s2028__stack,per_format,0.01,threshold_and_evaluation_sampling,test_FPR,1000,0.011650485436893204,0.011886776029460996,0.0097070639437562764,0.014261801138265818
CodeBERT_unfrozen_s2028__stack,per_format,0.01,threshold_and_evaluation_sampling,same_period_TPR,1000,0.94559946861507804,0.94573297907671872,0.93982065758884092,0.95151278644968451
CodeBERT_unfrozen_s2028__stack,per_format,0.01,threshold_and_evaluation_sampling,test_TPR,1000,0.93667441088615999,0.9371372054430801,0.93123133089943577,0.94264852306671088
CodeBERT_unfrozen_s2028__stack,per_format,0.01,threshold_and_evaluation_sampling,test_minus_same_FPR,1000,0.0013460357881812605,0.0014430155744593249,-0.00086265195349133545,0.0037582210544790757
CodeBERT_unfrozen_s2028__stack,per_format,0.01,threshold_and_evaluation_sampling,test_minus_same_TPR,1000,-0.008925057728918051,-0.0085957736336387102,-0.013906064972741333,-0.0033492097732585936
CodeBERT_unfrozen_s2028__stack,per_format,0.050000000000000003,threshold_and_evaluation_sampling,same_period_FPR,1000,0.052124456339913014,0.052442154566744725,0.047908999665439947,0.056808297089327532
CodeBERT_unfrozen_s2028__stack,per_format,0.050000000000000003,threshold_and_evaluation_sampling,test_FPR,1000,0.050083696016069636,0.050369936391027791,0.046468028121861397,0.054636759290257783
CodeBERT_unfrozen_s2028__stack,per_format,0.050000000000000003,threshold_and_evaluation_sampling,same_period_TPR,1000,0.98279641315177679,0.98280212553968782,0.98060445034872135,0.98498837595483224
CodeBERT_unfrozen_s2028__stack,per_format,0.050000000000000003,threshold_and_evaluation_sampling,test_TPR,1000,0.98201128443411878,0.98201951543312305,0.97968801858612675,0.98420179223365412
CodeBERT_unfrozen_s2028__stack,per_format,0.050000000000000003,threshold_and_evaluation_sampling,test_minus_same_FPR,1000,-0.0020407603238433783,-0.0020722181757169434,-0.0069955370338490282,0.0029116905945614866
CodeBERT_unfrozen_s2028__stack,per_format,0.050000000000000003,threshold_and_evaluation_sampling,test_minus_same_TPR,1000,-0.0007851287176580124,-0.00078261010656468296,-0.0037056371355697918,0.0019377825062942195
CodeBERT_unfrozen_s2028__stack,pooled,0.001,threshold_and_evaluation_sampling,same_period_FPR,1000,0.0013382402141184342,0.0013603211776513887,0.0008029441284710606,0.0021411843425894949
CodeBERT_unfrozen_s2028__stack,pooled,0.001,threshold_and_evaluation_sampling,test_FPR,1000,0.0016069635085369936,0.0016674924673585538,0.00093739537997991292,0.0025443588885169068
CodeBERT_unfrozen_s2028__stack,pooled,0.001,threshold_and_evaluation_sampling,same_period_TPR,1000,0.80890069744271009,0.80806283626702091,0.77542344735968116,0.83534373962138819
CodeBERT_unfrozen_s2028__stack,pooled,0.001,threshold_and_evaluation_sampling,test_TPR,1000,0.80212412877530703,0.8016331231330901,0.76859276468635906,0.82741951543312309
CodeBERT_unfrozen_s2028__stack,pooled,0.001,threshold_and_evaluation_sampling,test_minus_same_FPR,1000,0.00026872329441855942,0.00030717128970716528,-0.00060131205335756826,0.0012727170700558895
CodeBERT_unfrozen_s2028__stack,pooled,0.001,threshold_and_evaluation_sampling,test_minus_same_TPR,1000,-0.0067765686674030601,-0.0064297131339309819,-0.015416165728428169,0.0025118613099462243
CodeBERT_unfrozen_s2028__stack,pooled,0.0050000000000000001,threshold_and_evaluation_sampling,same_period_FPR,1000,0.0052191368350618939,0.0053215791234526603,0.0040147206423553029,0.0066928738708598176
CodeBERT_unfrozen_s2028__stack,pooled,0.0050000000000000001,threshold_and_evaluation_sampling,test_FPR,1000,0.0060930699698694343,0.0061574154670237689,0.0046200200870438564,0.0077000334784064275
CodeBERT_unfrozen_s2028__stack,pooled,0.0050000000000000001,threshold_and_evaluation_sampling,same_period_TPR,1000,0.91351710395217534,0.91428980405181004,0.90587512454334107,0.92308369312520755
CodeBERT_unfrozen_s2028__stack,pooled,0.0050000000000000001,threshold_and_evaluation_sampling,test_TPR,1000,0.9036176568204447,0.90455997344839034,0.89671257882509126,0.91470461334218389
CodeBERT_unfrozen_s2028__stack,pooled,0.0050000000000000001,threshold_and_evaluation_sampling,test_minus_same_FPR,1000,0.00087393313480754048,0.00083583634357110989,-0.00079954364530227591,0.0026140553528320497
CodeBERT_unfrozen_s2028__stack,pooled,0.0050000000000000001,threshold_and_evaluation_sampling,test_minus_same_TPR,1000,-0.0098994471317306321,-0.0097298306034197205,-0.015608691904437571,-0.0031861055320666484
CodeBERT_unfrozen_s2028__stack,pooled,0.01,threshold_and_evaluation_sampling,same_period_FPR,1000,0.010304449648711944,0.010461759785881566,0.0085647373703579797,0.012579458012713282
CodeBERT_unfrozen_s2028__stack,pooled,0.01,threshold_and_evaluation_sampling,test_FPR,1000,0.011851355875460328,0.011988885169065952,0.010043521928356211,0.014261801138265818
CodeBERT_unfrozen_s2028__stack,pooled,0.01,threshold_and_evaluation_sampling,same_period_TPR,1000,0.94440385254068415,0.94465579541680511,0.93895383593490533,0.94985885088010624
CodeBERT_unfrozen_s2028__stack,pooled,0.01,threshold_and_evaluation_sampling,test_TPR,1000,0.93441752406239631,0.93478373713906404,0.92923830069697977,0.94032691669432455
CodeBERT_unfrozen_s2028__stack,pooled,0.01,threshold_and_evaluation_sampling,test_minus_same_FPR,1000,0.0015469062267483846,0.0015271253831843871,-0.00072877640960723831,0.0038892455015561464
CodeBERT_unfrozen_s2028__stack,pooled,0.01,threshold_and_evaluation_sampling,test_minus_same_TPR,1000,-0.0099863284782878425,-0.0098720582777409895,-0.015031579638901199,-0.0044676070471993705
CodeBERT_unfrozen_s2028__stack,pooled,0.050000000000000003,threshold_and_evaluation_sampling,same_period_FPR,1000,0.053128136500501841,0.053174171963867513,0.04911341585814654,0.057278353964536628
CodeBERT_unfrozen_s2028__stack,pooled,0.050000000000000003,threshold_and_evaluation_sampling,test_FPR,1000,0.049614998326079678,0.049636960160696346,0.045731503180448607,0.05363408101774355
CodeBERT_unfrozen_s2028__stack,pooled,0.050000000000000003,threshold_and_evaluation_sampling,same_period_TPR,1000,0.98286283626702098,0.98312075722351389,0.98086848223181666,0.98532215210893392
CodeBERT_unfrozen_s2028__stack,pooled,0.050000000000000003,threshold_and_evaluation_sampling,test_TPR,1000,0.98201128443411878,0.98209863923000318,0.97975273813474939,0.98453368735479585
CodeBERT_unfrozen_s2028__stack,pooled,0.050000000000000003,threshold_and_evaluation_sampling,test_minus_same_FPR,1000,-0.0035131381744221632,-0.0035372118031711634,-0.0086002576347623452,0.0013091294572678774
CodeBERT_unfrozen_s2028__stack,pooled,0.050000000000000003,threshold_and_evaluation_sampling,test_minus_same_TPR,1000,-0.0008515518329021976,-0.0010221179935104665,-0.0039052680276314257,0.0016754806444298496
LightGBM,per_format,0.001,threshold_and_evaluation_sampling,same_period_FPR,1000,0.0014720642355302777,0.0014742723318835731,0.00086985613917698224,0.0022750083640013384
LightGBM,per_format,0.001,threshold_and_evaluation_sampling,test_FPR,1000,0.0014730498828255775,0.0015935051891529963,0.00086876464680281222,0.0024774020756611987
LightGBM,per_format,0.001,threshold_and_evaluation_sampling,same_period_TPR,1000,0.80777150448356028,0.80502829624709393,0.77103786117568918,0.83030554633012288
LightGBM,per_format,0.001,threshold_and_evaluation_sampling,test_TPR,1000,0.79986724195154335,0.79867487553932959,0.76554098904746104,0.82297378028542978
LightGBM,per_format,0.001,threshold_and_evaluation_sampling,test_minus_same_FPR,1000,9.8564729529983068e-07,0.0001192328572694232,-0.00093560777420343734,0.0012056751331155874
LightGBM,per_format,0.001,threshold_and_evaluation_sampling,test_minus_same_TPR,1000,-0.0079042625320169257,-0.0063534207077644176,-0.015603442869011211,0.0041028365624307976
LightGBM,per_format,0.0050000000000000001,threshold_and_evaluation_sampling,same_period_FPR,1000,0.0051522248243559719,0.0052291067246570755,0.0038139846102375374,0.0066912010705921709
LightGBM,per_format,0.0050000000000000001,threshold_and_evaluation_sampling,test_FPR,1000,0.0060930699698694343,0.0062620689655172408,0.0047522597924338798,0.0078356210244392346
LightGBM,per_format,0.0050000000000000001,threshold_and_evaluation_sampling,same_period_TPR,1000,0.91252075722351378,0.91299833942211883,0.90354865493191638,0.92228661574227833
LightGBM,per_format,0.0050000000000000001,threshold_and_evaluation_sampling,test_TPR,1000,0.90394955194158644,0.90447188848323923,0.89432293395287088,0.91404248257550613
LightGBM,per_format,0.0050000000000000001,threshold_and_evaluation_sampling,test_minus_same_FPR,1000,0.00094084514551346244,0.0010329622408601655,-0.00066729497948229521,0.0026830579438523764
LightGBM,per_format,0.0050000000000000001,threshold_and_evaluation_sampling,test_minus_same_TPR,1000,-0.008571205281927341,-0.0085264509388795987,-0.014944620030790955,-0.0019305945684498561
LightGBM,per_format,0.01,threshold_and_evaluation_sampling,same_period_FPR,1000,0.010103713616594179,0.010147808631649382,0.0083640013382402147,0.012179658748745398
LightGBM,per_format,0.01,threshold_and_evaluation_sampling,test_FPR,1000,0.011918312688316036,0.011876799464345496,0.0097756946769333771,0.013927017073987278
LightGBM,per_format,0.01,threshold_and_evaluation_sampling,same_period_TPR,1000,0.94493523746263697,0.94488900697442701,0.93981899701095983,0.94985220856858188
LightGBM,per_format,0.01,threshold_and_evaluation_sampling,test_TPR,1000,0.93614337869233322,0.93619780949220055,0.93089943577829404,0.94092266843677397
LightGBM,per_format,0.01,threshold_and_evaluation_sampling,test_minus_same_FPR,1000,0.0018145990717218577,0.0017289908326961164,-0.00066168743040966049,0.0041574222097473116
LightGBM,per_format,0.01,threshold_and_evaluation_sampling,test_minus_same_TPR,1000,-0.008791858770303751,-0.0086911974822266348,-0.014035792866139846,-0.0032102607950514131
LightGBM,per_format,0.050000000000000003,threshold_and_evaluation_sampling,same_period_FPR,1000,0.051722984275677487,0.0519389093342255,0.047505854800936768,0.056273001003680163
LightGBM,per_format,0.050000000000000003,threshold_and_evaluation_sampling,test_FPR,1000,0.051623702711750923,0.051624573150318043,0.047271509876129894,0.055975895547371944
LightGBM,per_format,0.050000000000000003,threshold_and_evaluation_sampling,same_period_TPR,1000,0.98246429757555631,0.98242178678180014,0.98007140484888744,0.98465626037861176
LightGBM,per_format,0.050000000000000003,threshold_and_evaluation_sampling,test_TPR,1000,0.98121473614337873,0.98132319946896784,0.97902256886823769,0.98353800199137076
LightGBM,per_format,0.050000000000000003,threshold_and_evaluation_sampling,test_minus_same_FPR,1000,-9.9281563926564842e-05,-0.0003143361839074487,-0.0053929070132501247,0.0050541092363776
LightGBM,per_format,0.050000000000000003,threshold_and_evaluation_sampling,test_minus_same_TPR,1000,-0.0012495614321775816,-0.0010985873128322599,-0.0039707420837612108,0.0017388702977896159
LightGBM,pooled,0.001,threshold_and_evaluation_sampling,same_period_FPR,1000,0.001405152224824356,0.0014601538976246238,0.00086985613917698224,0.0022080963532954165
LightGBM,pooled,0.001,threshold_and_evaluation_sampling,test_FPR,1000,0.0016069635085369936,0.0016986943421493138,0.00093739537997991292,0.0024790759959825901
LightGBM,pooled,0.001,threshold_and_evaluation_sampling,same_period_TPR,1000,0.79887080704085023,0.80387392892726661,0.78352706741946199,0.82829790767186984
LightGBM,pooled,0.001,threshold_and_evaluation_sampling,test_TPR,1000,0.79196813806837041,0.79718207766345839,0.77463491536674411,0.81978758712246935
LightGBM,pooled,0.001,threshold_and_evaluation_sampling,test_minus_same_FPR,1000,0.00020181128371263768,0.00023854044452469004,-0.00066858248126178089,0.0012060738722486863
LightGBM,pooled,0.001,threshold_and_evaluation_sampling,test_minus_same_TPR,1000,-0.0069026689724798196,-0.0066918512638083419,-0.015683481289922297,0.0026823667792715013
LightGBM,pooled,0.0050000000000000001,threshold_and_evaluation_sampling,same_period_FPR,1000,0.0053529608564737369,0.00529287387085982,0.0040147206423553029,0.0066912010705921709
LightGBM,pooled,0.0050000000000000001,threshold_and_evaluation_sampling,test_FPR,1000,0.0062269835955808504,0.006218279209909609,0.0048208905256109805,0.0077000334784064275
LightGBM,pooled,0.0050000000000000001,threshold_and_evaluation_sampling,same_period_TPR,1000,0.91431418133510467,0.91368375954832282,0.90434905347060779,0.9211590833610096
LightGBM,pooled,0.0050000000000000001,threshold_and_evaluation_sampling,test_TPR,1000,0.90547626949883842,0.904915101228012,0.89445237305011616,0.91351145038167936
LightGBM,pooled,0.0050000000000000001,threshold_and_evaluation_sampling,test_minus_same_FPR,1000,0.00087402273910711353,0.00092540533904978902,-0.00073249610809325019,0.0028155014990239287
LightGBM,pooled,0.0050000000000000001,threshold_and_evaluation_sampling,test_minus_same_TPR,1000,-0.0088379118362662545,-0.0087686583203108702,-0.015007374773523735,-0.0020599416256997642
LightGBM,pooled,0.01,threshold_and_evaluation_sampling,same_period_FPR,1000,0.010371361659417865,0.010505386416861828,0.0083623285379725663,0.012512546002007361
LightGBM,pooled,0.01,threshold_and_evaluation_sampling,test_FPR,1000,0.012453967191161701,0.012382055574154669,0.010242718446601943,0.014797455641111483
LightGBM,pooled,0.01,threshold_and_evaluation_sampling,same_period_TPR,1000,0.94393889073397541,0.94398983726336771,0.93809365659249422,0.94945366987711721
LightGBM,pooled,0.01,threshold_and_evaluation_sampling,test_TPR,1000,0.9346830401593097,0.93502449385994035,0.92983571191503489,0.94012612014603381
LightGBM,pooled,0.01,threshold_and_evaluation_sampling,test_minus_same_FPR,1000,0.002082605531743836,0.0018766691572928438,-0.00053026984446821594,0.0043601872192235262
LightGBM,pooled,0.01,threshold_and_evaluation_sampling,test_minus_same_TPR,1000,-0.0092558505746657138,-0.0089653434034273911,-0.014369217945528418,-0.0032755507711904929
LightGBM,pooled,0.050000000000000003,threshold_and_evaluation_sampling,same_period_FPR,1000,0.052191368350618939,0.052493743726998998,0.048444295751087323,0.056876881900301102
LightGBM,pooled,0.050000000000000003,threshold_and_evaluation_sampling,test_FPR,1000,0.05135587546032809,0.051364780716437894,0.047403749581519924,0.055577502510880485
LightGBM,pooled,0.050000000000000003,threshold_and_evaluation_sampling,same_period_TPR,1000,0.98292925938226505,0.98290959814015277,0.98053802723347727,0.9851212221853205
LightGBM,pooled,0.050000000000000003,threshold_and_evaluation_sampling,test_TPR,1000,0.98134749419183542,0.98135811483571178,0.97895784931961505,0.98373879853966151
LightGBM,pooled,0.050000000000000003,threshold_and_evaluation_sampling,test_minus_same_FPR,1000,-0.00083549289029084817,-0.0011289630105610988,-0.0061217657468075936,0.0038514039257659732
LightGBM,pooled,0.050000000000000003,threshold_and_evaluation_sampling,test_minus_same_TPR,1000,-0.0015817651904296293,-0.0015514833044408564,-0.004438626573677309,0.0014721560275229445
TFIDF_bpe_prefix,per_format,0.001,threshold_and_evaluation_sampling,same_period_FPR,1000,0.0010036801605888257,0.0010107059217129475,0.00046671127467380402,0.0017397122783539645
TFIDF_bpe_prefix,per_format,0.001,threshold_and_evaluation_sampling,test_FPR,1000,0.00080348175426849682,0.00089963173752929352,0.00040174087713424841,0.0015416806160026767
TFIDF_bpe_prefix,per_format,0.001,threshold_and_evaluation_sampling,same_period_TPR,1000,0.34181335104616406,0.34161912985719028,0.29617402856193953,0.38685154433742941
TFIDF_bpe_prefix,per_format,0.001,threshold_and_evaluation_sampling,test_TPR,1000,0.29731164951875205,0.29715565881181544,0.25991204779289745,0.33397278460006635
TFIDF_bpe_prefix,per_format,0.001,threshold_and_evaluation_sampling,test_minus_same_FPR,1000,-0.0002001984063203289,-0.00011107418418365388,-0.0008695884463320087,0.00066983694145579878
TFIDF_bpe_prefix,per_format,0.001,threshold_and_evaluation_sampling,test_minus_same_TPR,1000,-0.044501701527412008,-0.044463471045374833,-0.061353346723039971,-0.027876210174376647
TFIDF_bpe_prefix,per_format,0.0050000000000000001,threshold_and_evaluation_sampling,same_period_FPR,1000,0.0055536968885915019,0.0057825359652057548,0.0042154566744730679,0.0074272331883573099
TFIDF_bpe_prefix,per_format,0.0050000000000000001,threshold_and_evaluation_sampling,test_FPR,1000,0.0044191496484767322,0.0044439236692333439,0.0033461667224640107,0.005691329092735186
TFIDF_bpe_prefix,per_format,0.0050000000000000001,threshold_and_evaluation_sampling,same_period_TPR,1000,0.58160079707738288,0.5817771504483561,0.55874460312188645,0.60432912653603454
TFIDF_bpe_prefix,per_format,0.0050000000000000001,threshold_and_evaluation_sampling,test_TPR,1000,0.53016926651178231,0.53167281778957853,0.50554098904746103,0.55824925323597741
TFIDF_bpe_prefix,per_format,0.0050000000000000001,threshold_and_evaluation_sampling,test_minus_same_FPR,1000,-0.0011345472401147697,-0.0013386122959724101,-0.0031420083661294405,0.00047345063805541557
TFIDF_bpe_prefix,per_format,0.0050000000000000001,threshold_and_evaluation_sampling,test_minus_same_TPR,1000,-0.051431530565600569,-0.050104332658777534,-0.06139168771920811,-0.038031337248542088
TFIDF_bpe_prefix,per_format,0.01,threshold_and_evaluation_sampling,same_period_FPR,1000,0.010839745734359318,0.010851254600200736,0.0090983606557377052,0.012646370023419205
TFIDF_bpe_prefix,per_format,0.01,threshold_and_evaluation_sampling,test_FPR,1000,0.0080348175426849678,0.0082263140274522906,0.00649313692668229,0.010244392366923335
TFIDF_bpe_prefix,per_format,0.01,threshold_and_evaluation_sampling,same_period_TPR,1000,0.67306542676851544,0.67400750581202262,0.6543872467618731,0.69113417469279304
TFIDF_bpe_prefix,per_format,0.01,threshold_and_evaluation_sampling,test_TPR,1000,0.63750414868901428,0.63953235977431133,0.618849983405244,0.65861931629605042
TFIDF_bpe_prefix,per_format,0.01,threshold_and_evaluation_sampling,test_minus_same_FPR,1000,-0.0028049281916743499,-0.0026249405727484434,-0.0048794458153280026,-0.0002614082234121928
TFIDF_bpe_prefix,per_format,0.01,threshold_and_evaluation_sampling,test_minus_same_TPR,1000,-0.035561278079501157,-0.034475146037711263,-0.045724791816002086,-0.021894457571932032
TFIDF_bpe_prefix,per_format,0.050000000000000003,threshold_and_evaluation_sampling,same_period_FPR,1000,0.051254600200736029,0.051315757778521244,0.047106055536968887,0.05580628972900635
TFIDF_bpe_prefix,per_format,0.050000000000000003,threshold_and_evaluation_sampling,test_FPR,1000,0.045195848677602943,0.045267693337797128,0.04131067961165049,0.049616672246401067
TFIDF_bpe_prefix,per_format,0.050000000000000003,threshold_and_evaluation_sampling,same_period_TPR,1000,0.88907339754234471,0.88887784789106605,0.88163234805712387,0.89565260710727335
TFIDF_bpe_prefix,per_format,0.050000000000000003,threshold_and_evaluation_sampling,test_TPR,1000,0.87149020909392627,0.87112326584799205,0.86332392963823434,0.87865914371058751
TFIDF_bpe_prefix,per_format,0.050000000000000003,threshold_and_evaluation_sampling,test_minus_same_FPR,1000,-0.0060587515231330866,-0.0060480644407241236,-0.011281224438273445,-0.001303557189888206
TFIDF_bpe_prefix,per_format,0.050000000000000003,threshold_and_evaluation_sampling,test_minus_same_TPR,1000,-0.017583188448418441,-0.017754582043074056,-0.025550506644350733,-0.010141622547175422
TFIDF_bpe_prefix,pooled,0.001,threshold_and_evaluation_sampling,same_period_FPR,1000,0.00086985613917698224,0.00095463365674138499,0.00046671127467380402,0.0016058882569421212
TFIDF_bpe_prefix,pooled,0.001,threshold_and_evaluation_sampling,test_FPR,1000,0.00080348175426849682,0.00073927017073987275,0.00026782725142283226,0.0013391362571141614
TFIDF_bpe_prefix,pooled,0.001,threshold_and_evaluation_sampling,same_period_TPR,1000,0.30939887080704087,0.31351411491198938,0.27536864828960478,0.36613915642643641
TFIDF_bpe_prefix,pooled,0.001,threshold_and_evaluation_sampling,test_TPR,1000,0.27573846664454033,0.27979203451709261,0.24593096581480253,0.32806007301692663
TFIDF_bpe_prefix,pooled,0.001,threshold_and_evaluation_sampling,test_minus_same_FPR,1000,-6.6374384908485413e-05,-0.0002153634860015123,-0.00093663374343354506,0.00046905722724199193
TFIDF_bpe_prefix,pooled,0.001,threshold_and_evaluation_sampling,test_minus_same_TPR,1000,-0.033660404162500546,-0.03372208039489677,-0.046621676377896569,-0.022428393710284329
TFIDF_bpe_prefix,pooled,0.0050000000000000001,threshold_and_evaluation_sampling,same_period_FPR,1000,0.0050853128136500499,0.0050920709267313494,0.0036801605888256944,0.0064904650384744059
TFIDF_bpe_prefix,pooled,0.0050000000000000001,threshold_and_evaluation_sampling,test_FPR,1000,0.0042182792099096081,0.0043902243053230662,0.002812186139939739,0.0059591563441580182
TFIDF_bpe_prefix,pooled,0.0050000000000000001,threshold_and_evaluation_sampling,same_period_TPR,1000,0.57137163732979079,0.57123361009631357,0.52454168050481564,0.60000996346728663
TFIDF_bpe_prefix,pooled,0.0050000000000000001,threshold_and_evaluation_sampling,test_TPR,1000,0.50945901095253898,0.51036893461666111,0.46438101559907069,0.54385164288084964
TFIDF_bpe_prefix,pooled,0.0050000000000000001,threshold_and_evaluation_sampling,test_minus_same_FPR,1000,-0.00086703360374044188,-0.00070184662140828171,-0.0022724221599049214,0.00094010030977326447
TFIDF_bpe_prefix,pooled,0.0050000000000000001,threshold_and_evaluation_sampling,test_minus_same_TPR,1000,-0.061912626377251812,-0.060864675479652373,-0.072403512598952627,-0.049033873804678801
TFIDF_bpe_prefix,pooled,0.01,threshold_and_evaluation_sampling,same_period_FPR,1000,0.010973569755771162,0.011037805286048846,0.0088992974238875887,0.013382402141184342
TFIDF_bpe_prefix,pooled,0.01,threshold_and_evaluation_sampling,test_FPR,1000,0.010311349179779043,0.010179578172079011,0.0084365584198192161,0.012253096752594577
TFIDF_bpe_prefix,pooled,0.01,threshold_and_evaluation_sampling,same_period_TPR,1000,0.69000332115576224,0.68863759548322812,0.67073895715709064,0.70607937562271672
TFIDF_bpe_prefix,pooled,0.01,threshold_and_evaluation_sampling,test_TPR,1000,0.63949551941586458,0.63859940258878189,0.61645536010620638,0.66007467640225692
TFIDF_bpe_prefix,pooled,0.01,threshold_and_evaluation_sampling,test_minus_same_FPR,1000,-0.00066222057599211841,-0.00085822711396983664,-0.0032048411410973143,0.001479463310567495
TFIDF_bpe_prefix,pooled,0.01,threshold_and_evaluation_sampling,test_minus_same_TPR,1000,-0.050507801739897662,-0.050038192894446214,-0.061717373171917583,-0.03748875431086135
TFIDF_bpe_prefix,pooled,0.050000000000000003,threshold_and_evaluation_sampling,same_period_FPR,1000,0.051455336232853796,0.051702308464369351,0.047305118768819009,0.056209434593509529
TFIDF_bpe_prefix,pooled,0.050000000000000003,threshold_and_evaluation_sampling,test_FPR,1000,0.044794107800468698,0.044833947104117838,0.041044526280549047,0.048878473384666887
TFIDF_bpe_prefix,pooled,0.050000000000000003,threshold_and_evaluation_sampling,same_period_TPR,1000,0.89013616738625045,0.8899458651610761,0.88329126536034541,0.89651610760544664
TFIDF_bpe_prefix,pooled,0.050000000000000003,threshold_and_evaluation_sampling,test_TPR,1000,0.86757384666445403,0.86784766013939585,0.86093428476601397,0.87494357782940591
TFIDF_bpe_prefix,pooled,0.050000000000000003,threshold_and_evaluation_sampling,test_minus_same_FPR,1000,-0.0066612284323850982,-0.0068683613602515108,-0.012087296876853339,-0.0020442156896456529
TFIDF_bpe_prefix,pooled,0.050000000000000003,threshold_and_evaluation_sampling,test_minus_same_TPR,1000,-0.022562320721796425,-0.022098205021680101,-0.02940150744978335,-0.015128863158351971
TFIDF_full,per_format,0.001,threshold_and_evaluation_sampling,same_period_FPR,1000,0.00073603211776513886,0.00074272331883573097,0.00026764804282368687,0.001273001003680159
TFIDF_full,per_format,0.001,threshold_and_evaluation_sampling,test_FPR,1000,0.001071309005691329,0.0011381988617341814,0.00060093739537997991,0.0018747907599598258
TFIDF_full,per_format,0.001,threshold_and_evaluation_sampling,same_period_TPR,1000,0.5450680836931252,0.53784722683493846,0.4616406509465294,0.58467618731318494
TFIDF_full,per_format,0.001,threshold_and_evaluation_sampling,test_TPR,1000,0.53753733820112848,0.53379608363757047,0.47473946232990377,0.57643710587454366
TFIDF_full,per_format,0.001,threshold_and_evaluation_sampling,test_minus_same_FPR,1000,0.00033527688792619017,0.00039547554289845043,-0.00033411315208548969,0.0011405109662782043
TFIDF_full,per_format,0.001,threshold_and_evaluation_sampling,test_minus_same_TPR,1000,-0.0075307454919967265,-0.0040511431973680309,-0.018623093242688148,0.016072566316470138
TFIDF_full,per_format,0.0050000000000000001,threshold_and_evaluation_sampling,same_period_FPR,1000,0.004349280695884911,0.0046154566744730681,0.0030779524924723989,0.0062914018066242876
TFIDF_full,per_format,0.0050000000000000001,threshold_and_evaluation_sampling,test_FPR,1000,0.0046869768998995644,0.0049733511884834294,0.0036156678942082356,0.0066287244727150987
TFIDF_full,per_format,0.0050000000000000001,threshold_and_evaluation_sampling,same_period_TPR,1000,0.7455330454998339,0.75024795748920636,0.72912653603454003,0.77974094985054798
TFIDF_full,per_format,0.0050000000000000001,threshold_and_evaluation_sampling,test_TPR,1000,0.73913043478260865,0.74369472286757388,0.72159973448390313,0.77006637902422836
TFIDF_full,per_format,0.0050000000000000001,threshold_and_evaluation_sampling,test_minus_same_FPR,1000,0.00033769620401465344,0.00035789451401036025,-0.0013353773567470863,0.0020779013060162684
TFIDF_full,per_format,0.0050000000000000001,threshold_and_evaluation_sampling,test_minus_same_TPR,1000,-0.0064026107172252544,-0.0065532346216323973,-0.016694470093780521,0.0042909492277623789
TFIDF_full,per_format,0.01,threshold_and_evaluation_sampling,same_period_FPR,1000,0.011375041820006692,0.011167213114754097,0.0089662094345935098,0.013449314151890265
TFIDF_full,per_format,0.01,threshold_and_evaluation_sampling,test_FPR,1000,0.01178439906260462,0.011615400066956813,0.0095078674255105449,0.013793103448275862
TFIDF_full,per_format,0.01,threshold_and_evaluation_sampling,same_period_TPR,1000,0.83885752241780143,0.83585373630023241,0.8214530056459648,0.84823314513450687
TFIDF_full,per_format,0.01,threshold_and_evaluation_sampling,test_TPR,1000,0.82880849651510125,0.82676773979422502,0.81373879853966147,0.83856621307666779
TFIDF_full,per_format,0.01,threshold_and_evaluation_sampling,test_minus_same_FPR,1000,0.00040935724259792867,0.00044818695220271478,-0.0022020273420799825,0.0030208605529727724
TFIDF_full,per_format,0.01,threshold_and_evaluation_sampling,test_minus_same_TPR,1000,-0.010049025902700182,-0.0090859965060074536,-0.017150939419715912,-0.00049153270621948744
TFIDF_full,per_format,0.050000000000000003,threshold_and_evaluation_sampling,same_period_FPR,1000,0.052994312479089999,0.05323887587822014,0.048778855804616932,0.057479089996654395
TFIDF_full,per_format,0.050000000000000003,threshold_and_evaluation_sampling,test_FPR,1000,0.052092400401740874,0.052098225644459317,0.047874121191831272,0.056379310344827585
TFIDF_full,per_format,0.050000000000000003,threshold_and_evaluation_sampling,same_period_TPR,1000,0.95230820325473264,0.95216957821321824,0.94779143141813349,0.95629359016937898
TFIDF_full,per_format,0.050000000000000003,threshold_and_evaluation_sampling,test_TPR,1000,0.94576833720544307,0.94587069366080323,0.94092100896116826,0.95061566544971787
TFIDF_full,per_format,0.050000000000000003,threshold_and_evaluation_sampling,test_minus_same_FPR,1000,-0.00090191207734912487,-0.0011406502337608167,-0.006122224408816033,0.0037877271903014932
TFIDF_full,per_format,0.050000000000000003,threshold_and_evaluation_sampling,test_minus_same_TPR,1000,-0.0065398660492895777,-0.0062988845524150107,-0.010993105487865478,-0.0010969447902220431
TFIDF_full,pooled,0.001,threshold_and_evaluation_sampling,same_period_FPR,1000,0.00066912010705921711,0.00074640347942455678,0.00033456005352960856,0.001405152224824356
TFIDF_full,pooled,0.001,threshold_and_evaluation_sampling,test_FPR,1000,0.001071309005691329,0.0011114830934047539,0.00046869768998995646,0.0018747907599598258
TFIDF_full,pooled,0.001,threshold_and_evaluation_sampling,same_period_TPR,1000,0.52706741946197277,0.52315914978412481,0.4579873796081036,0.57556293590169372
TFIDF_full,pooled,0.001,threshold_and_evaluation_sampling,test_TPR,1000,0.51842017922336536,0.51580019913707265,0.44984069034185198,0.57068038499834051
TFIDF_full,pooled,0.001,threshold_and_evaluation_sampling,test_minus_same_FPR,1000,0.00040218889863211191,0.00036507961398019717,-0.000334112032031745,0.0011386253557990726
TFIDF_full,pooled,0.001,threshold_and_evaluation_sampling,test_minus_same_TPR,1000,-0.0086472402386074121,-0.0073589506470521909,-0.019068812627843282,0.0045005601212413917
TFIDF_full,pooled,0.0050000000000000001,threshold_and_evaluation_sampling,same_period_FPR,1000,0.004817664770826363,0.0048456339913014387,0.0034777517564402809,0.0064235530277684848
TFIDF_full,pooled,0.0050000000000000001,threshold_and_evaluation_sampling,test_FPR,1000,0.005691329092735186,0.0057047874121191828,0.0043505189152996315,0.0072313357884164712
TFIDF_full,pooled,0.0050000000000000001,threshold_and_evaluation_sampling,same_period_TPR,1000,0.75569578213218203,0.75603354367319819,0.74035204251079378,0.77635669212886083
TFIDF_full,pooled,0.0050000000000000001,threshold_and_evaluation_sampling,test_TPR,1000,0.74848987719880522,0.74943604381015594,0.73328908065051446,0.76740789910388318
TFIDF_full,pooled,0.0050000000000000001,threshold_and_evaluation_sampling,test_minus_same_FPR,1000,0.00087366432190882307,0.00085915342081774456,-0.00086672110874568215,0.00248258848452584
TFIDF_full,pooled,0.0050000000000000001,threshold_and_evaluation_sampling,test_minus_same_TPR,1000,-0.0072059049333768055,-0.0065974998630422797,-0.015911884325456493,0.0036161048166900522
TFIDF_full,pooled,0.01,threshold_and_evaluation_sampling,same_period_FPR,1000,0.010438273670123788,0.010408297089327534,0.0084292405486784874,0.012914018066242891
TFIDF_full,pooled,0.01,threshold_and_evaluation_sampling,test_FPR,1000,0.011516571811181788,0.011490927351858051,0.0094409106126548369,0.013659189822564446
TFIDF_full,pooled,0.01,threshold_and_evaluation_sampling,same_period_TPR,1000,0.8342743274659582,0.83333630023248084,0.82019096645632683,0.84803221521089334
TFIDF_full,pooled,0.01,threshold_and_evaluation_sampling,test_TPR,1000,0.82336541652837703,0.82328967806173248,0.81100896116827081,0.83730833056754062
TFIDF_full,pooled,0.01,threshold_and_evaluation_sampling,test_minus_same_FPR,1000,0.0010782981410580005,0.0010826302625305175,-0.00133024079027408,0.0034900745877390169
TFIDF_full,pooled,0.01,threshold_and_evaluation_sampling,test_minus_same_TPR,1000,-0.010908910937581173,-0.010046622170748408,-0.018412766972478255,-0.0011460616306423219
TFIDF_full,pooled,0.050000000000000003,threshold_and_evaluation_sampling,same_period_FPR,1000,0.054064904650384743,0.053902375376380054,0.049312479089996655,0.05828036132485781
TFIDF_full,pooled,0.050000000000000003,threshold_and_evaluation_sampling,test_FPR,1000,0.051088048208905258,0.051119450954134588,0.047202879142952799,0.055306327418814867
TFIDF_full,pooled,0.050000000000000003,threshold_and_evaluation_sampling,same_period_TPR,1000,0.95277316506144138,0.952938226502823,0.94918631683825971,0.95669212886084354
TFIDF_full,pooled,0.050000000000000003,threshold_and_evaluation_sampling,test_TPR,1000,0.94848987719880518,0.94862336541652847,0.94450713574510459,0.95294059077331561
TFIDF_full,pooled,0.050000000000000003,threshold_and_evaluation_sampling,test_minus_same_FPR,1000,-0.0029768564414794849,-0.0027829244222454773,-0.0077290932728116086,0.0023139184710639104
TFIDF_full,pooled,0.050000000000000003,threshold_and_evaluation_sampling,test_minus_same_TPR,1000,-0.0042832878626362092,-0.0043148610862946022,-0.0092638183723514986,0.00063026784300022898
TFIDF_prefix,per_format,0.001,threshold_and_evaluation_sampling,same_period_FPR,1000,0.00086985613917698224,0.0010740715958514552,0.00046838407494145199,0.0019404483104717297
TFIDF_prefix,per_format,0.001,threshold_and_evaluation_sampling,test_FPR,1000,0.0015400066956812856,0.0015815868764646806,0.00080348175426849682,0.0024774020756611987
TFIDF_prefix,per_format,0.001,threshold_and_evaluation_sampling,same_period_TPR,1000,0.4149452009299236,0.41605692460976423,0.34656426436399868,0.47060943208236466
TFIDF_prefix,per_format,0.001,threshold_and_evaluation_sampling,test_TPR,1000,0.35778294059077331,0.36059847328244266,0.31030368403584468,0.4056554928642549
TFIDF_prefix,per_format,0.001,threshold_and_evaluation_sampling,test_minus_same_FPR,1000,0.00067015055650430336,0.00050751528061322498,-0.0004000921580221107,0.001408646232480818
TFIDF_prefix,per_format,0.001,threshold_and_evaluation_sampling,test_minus_same_TPR,1000,-0.057162260339150284,-0.055458451327321454,-0.07134730019136605,-0.033020194346583785
TFIDF_prefix,per_format,0.0050000000000000001,threshold_and_evaluation_sampling,same_period_FPR,1000,0.0068919371027099368,0.0067233857477417194,0.0050184008029441288,0.0085647373703579797
TFIDF_prefix,per_format,0.0050000000000000001,threshold_and_evaluation_sampling,test_FPR,1000,0.0058921995313023102,0.0057063943756277208,0.0042852360227653161,0.0071643789755607631
TFIDF_prefix,per_format,0.0050000000000000001,threshold_and_evaluation_sampling,same_period_TPR,1000,0.65885088010627701,0.65726004649618064,0.63147127200265696,0.68171205579541683
TFIDF_prefix,per_format,0.0050000000000000001,threshold_and_evaluation_sampling,test_TPR,1000,0.59561898440092931,0.59423113176236309,0.56620643876535015,0.61892134085628936
TFIDF_prefix,per_format,0.0050000000000000001,threshold_and_evaluation_sampling,test_minus_same_FPR,1000,-0.00099973757140762662,-0.0010169913721139996,-0.0028737230127250418,0.00073997470694633829
TFIDF_prefix,per_format,0.0050000000000000001,threshold_and_evaluation_sampling,test_minus_same_TPR,1000,-0.063231895705347707,-0.063028914733817568,-0.075323253833190162,-0.050803824961753875
TFIDF_prefix,per_format,0.01,threshold_and_evaluation_sampling,same_period_FPR,1000,0.012244897959183673,0.012294412847106057,0.010436600869856139,0.014320843091334893
TFIDF_prefix,per_format,0.01,threshold_and_evaluation_sampling,test_FPR,1000,0.010512219618346167,0.010634884499497824,0.0087713424840977564,0.012721794442584533
TFIDF_prefix,per_format,0.01,threshold_and_evaluation_sampling,same_period_TPR,1000,0.75171039521753569,0.7512633676519429,0.73676353370973102,0.76553138492195283
TFIDF_prefix,per_format,0.01,threshold_and_evaluation_sampling,test_TPR,1000,0.69943577829405912,0.69939761035512793,0.68283936276136736,0.71504148689014269
TFIDF_prefix,per_format,0.01,threshold_and_evaluation_sampling,test_minus_same_FPR,1000,-0.0017326783408375054,-0.0016595283476082314,-0.0042758746135674588,0.00081079682527486474
TFIDF_prefix,per_format,0.01,threshold_and_evaluation_sampling,test_minus_same_TPR,1000,-0.052274616923476569,-0.051865757296815099,-0.062961799654172118,-0.041380249407444385
TFIDF_prefix,per_format,0.050000000000000003,threshold_and_evaluation_sampling,same_period_FPR,1000,0.049180327868852458,0.049535429909668791,0.045500167280026767,0.053529608564737367
TFIDF_prefix,per_format,0.050000000000000003,threshold_and_evaluation_sampling,test_FPR,1000,0.047807164378975558,0.047925209240040172,0.043520254435888854,0.052092400401740874
TFIDF_prefix,per_format,0.050000000000000003,threshold_and_evaluation_sampling,same_period_TPR,1000,0.91464629691132515,0.91471331783460641,0.90893390900033211,0.91996014613085353
TFIDF_prefix,per_format,0.050000000000000003,threshold_and_evaluation_sampling,test_TPR,1000,0.89259873879853968,0.89305602389644878,0.88668934616661133,0.89963823431795553
TFIDF_prefix,per_format,0.050000000000000003,threshold_and_evaluation_sampling,test_minus_same_FPR,1000,-0.0013731634898768996,-0.0016102206696286113,-0.0063927935518057919,0.0032490524625333589
TFIDF_prefix,per_format,0.050000000000000003,threshold_and_evaluation_sampling,test_minus_same_TPR,1000,-0.02204755811278547,-0.021657293938157723,-0.028423353776500241,-0.014879362020638377
TFIDF_prefix,pooled,0.001,threshold_and_evaluation_sampling,same_period_FPR,1000,0.0010705921712947475,0.001049581799933088,0.00053529608564737373,0.0016058882569421212
TFIDF_prefix,pooled,0.001,threshold_and_evaluation_sampling,test_FPR,1000,0.0014730498828255775,0.0014622028791429528,0.00087043856712420487,0.0022095748242383661
TFIDF_prefix,pooled,0.001,threshold_and_evaluation_sampling,same_period_TPR,1000,0.40139488542012619,0.40538797741614085,0.36140817004317505,0.44159913649950183
TFIDF_prefix,pooled,0.001,threshold_and_evaluation_sampling,test_TPR,1000,0.35532691669432459,0.35898997676734151,0.31848157982077663,0.39170428144706271
TFIDF_prefix,pooled,0.001,threshold_and_evaluation_sampling,test_minus_same_FPR,1000,0.00040245771153083008,0.0004126210792098648,-0.00040062418355082334,0.0012724941793607024
TFIDF_prefix,pooled,0.001,threshold_and_evaluation_sampling,test_minus_same_TPR,1000,-0.0460679687258016,-0.046398000648799294,-0.058222664700060392,-0.03431525054223681
TFIDF_prefix,pooled,0.0050000000000000001,threshold_and_evaluation_sampling,same_period_FPR,1000,0.0065573770491803279,0.0066393442622950816,0.0050836400133824023,0.0083656741385078615
TFIDF_prefix,pooled,0.0050000000000000001,threshold_and_evaluation_sampling,test_FPR,1000,0.0052226314027452297,0.005494409106126549,0.0041513223970539,0.0071643789755607631
TFIDF_prefix,pooled,0.0050000000000000001,threshold_and_evaluation_sampling,same_period_TPR,1000,0.65327133842577212,0.65648807705081369,0.63572899368980407,0.67885088010627692
TFIDF_prefix,pooled,0.0050000000000000001,threshold_and_evaluation_sampling,test_TPR,1000,0.58566213076667772,0.58870209093926318,0.56731164951875213,0.61281613010288749
TFIDF_prefix,pooled,0.0050000000000000001,threshold_and_evaluation_sampling,test_minus_same_FPR,1000,-0.0013347456464350982,-0.0011449351561685335,-0.0029425564756299272,0.00060673423353546163
TFIDF_prefix,pooled,0.0050000000000000001,threshold_and_evaluation_sampling,test_minus_same_TPR,1000,-0.067609207659094395,-0.067785986111550497,-0.078953646343537534,-0.057116195699296143
TFIDF_prefix,pooled,0.01,threshold_and_evaluation_sampling,same_period_FPR,1000,0.012044161927065908,0.012017263298762128,0.0099029775844764138,0.014252258280361325
TFIDF_prefix,pooled,0.01,threshold_and_evaluation_sampling,test_FPR,1000,0.010713090056913292,0.010829594911282225,0.0089722129226648805,0.013056578506863073
TFIDF_prefix,pooled,0.01,threshold_and_evaluation_sampling,same_period_TPR,1000,0.74706077715044839,0.74750979740949852,0.7316406509465293,0.76546164065094646
TFIDF_prefix,pooled,0.01,threshold_and_evaluation_sampling,test_TPR,1000,0.68821772319946894,0.68992379688018579,0.67168934616661136,0.70847162296714239
TFIDF_prefix,pooled,0.01,threshold_and_evaluation_sampling,test_minus_same_FPR,1000,-0.0013310718701526163,-0.0011876683874799045,-0.0036734940289374842,0.0012126340270311531
TFIDF_prefix,pooled,0.01,threshold_and_evaluation_sampling,test_minus_same_TPR,1000,-0.05884305395097944,-0.057586000529312641,-0.068404954044485419,-0.046831057998093735
TFIDF_prefix,pooled,0.050000000000000003,threshold_and_evaluation_sampling,same_period_FPR,1000,0.048778855804616932,0.049072532619605216,0.044628638340582137,0.053464369354299095
TFIDF_prefix,pooled,0.050000000000000003,threshold_and_evaluation_sampling,test_FPR,1000,0.045731503180448607,0.045952259792433878,0.042315031804486106,0.049752259792433882
TFIDF_prefix,pooled,0.050000000000000003,threshold_and_evaluation_sampling,same_period_TPR,1000,0.91511125871803389,0.91525114579873801,0.90939721022915976,0.92115742278312851
TFIDF_prefix,pooled,0.050000000000000003,threshold_and_evaluation_sampling,test_TPR,1000,0.89054098904746104,0.89087115831397268,0.88403584467308327,0.89837371390640552
TFIDF_prefix,pooled,0.050000000000000003,threshold_and_evaluation_sampling,test_minus_same_FPR,1000,-0.0030473526241683244,-0.0031202728271713396,-0.0081331605015735071,0.001907135111971213
TFIDF_prefix,pooled,0.050000000000000003,threshold_and_evaluation_sampling,test_minus_same_TPR,1000,-0.024570269670572853,-0.024379987484765175,-0.031275803853620873,-0.017667365913434204
