variant,analysis,role,subset,metric,n_seeds,mean,median,std,minimum,maximum,target_fpr,policy
partial,global,calibration,Dot_Net,ROC_AUC,3,0.98667608333333323,0.98682099999999995,0.00075685287264668139,0.9858572499999998,0.98735000000000006,,
partial,global,calibration,Dot_Net,AP,3,0.9859339048997483,0.98623607230296406,0.0010291501298549087,0.98478749656009223,0.98677814583618861,,
partial,global,calibration,Dot_Net,Accuracy,3,0.95100000000000007,0.95125000000000004,0.002633913438213174,0.94825000000000004,0.95350000000000001,,
partial,global,calibration,Dot_Net,F1,3,0.9514358982357084,0.95181616011860637,0.0026438700775774501,0.94862248696947138,0.95386904761904767,,
partial,global,calibration,Dot_Net,Brier,3,0.045164911969154946,0.044438292082353857,0.002575289983987874,0.043030996220571043,0.048025447604539917,,
partial,global,calibration,Dot_Net,LogLoss,3,0.21167166838101684,0.20984727487318072,0.0086556994230494334,0.20407358759841454,0.22109414267145519,,
partial,global,calibration,Dot_Net,ECE,3,0.042443701396544131,0.041192112100113101,0.0027862693327295671,0.040502700382985285,0.045636291706534021,,
partial,global,calibration,Pooled,ROC_AUC,3,0.98257607593020602,0.98230988716626078,0.00064947708493963603,0.98210198159330808,0.98331635903104919,,
partial,global,calibration,Pooled,AP,3,0.98348944883469247,0.98336942774684877,0.00059708298628003754,0.98296149314118253,0.98413742561604611,,
partial,global,calibration,Pooled,Accuracy,3,0.93811111111111112,0.93733333333333335,0.002428610332710452,0.9361666666666667,0.9408333333333333,,
partial,global,calibration,Pooled,F1,3,0.93835121577711167,0.93745841650033268,0.0022606673949601367,0.93667328042328046,0.94092195040772175,,
partial,global,calibration,Pooled,Brier,3,0.05660641716532399,0.057687533407426154,0.0022065661933830393,0.054067778685759245,0.05806393940278657,,
partial,global,calibration,Pooled,LogLoss,3,0.26345721900722907,0.26189929323901956,0.0030967028620343018,0.26144884999661927,0.26702351378604838,,
partial,global,calibration,Pooled,ECE,3,0.052195956214446372,0.053163611893883404,0.0018376126245324544,0.05007672260783666,0.053347534141619066,,
partial,global,calibration,Win32,ROC_AUC,3,0.97389373034344029,0.97359213426767277,0.00092457226746747549,0.9731576159092723,0.97493144085337602,,
partial,global,calibration,Win32,AP,3,0.97594493425447959,0.97559198485292586,0.00067099977004488813,0.97552407259159069,0.97671874531892222,,
partial,global,calibration,Win32,Accuracy,3,0.91841666666666677,0.91974999999999996,0.0034490336810958314,0.91449999999999998,0.92100000000000004,,
partial,global,calibration,Win32,F1,3,0.91847357106134708,0.91981014239320513,0.003064609961627318,0.91496767777225263,0.9206428930185836,,
partial,global,calibration,Win32,Brier,3,0.073408013318961157,0.072890273037630959,0.0024407630456948796,0.07126765796041909,0.076066108958833409,,
partial,global,calibration,Win32,LogLoss,3,0.32815813247784914,0.32741250334038624,0.0014946581136179601,0.32718297420982584,0.3298789198833354,,
partial,global,calibration,Win32,ECE,3,0.067183959529315995,0.066808005095360515,0.0015181753224222641,0.065889084762006764,0.068854788730580735,,
partial,global,calibration,Win64,ROC_AUC,3,0.98500652971556002,0.9848079423608328,0.00083186359845222155,0.98429193191162123,0.98591971487422614,,
partial,global,calibration,Win64,AP,3,0.98696707549583296,0.98667420725511723,0.00053995839217099413,0.98663682711130851,0.98759019212107324,,
partial,global,calibration,Win64,Accuracy,3,0.94491666666666652,0.94399999999999995,0.0027424137786507138,0.94274999999999998,0.94799999999999995,,
partial,global,calibration,Win64,F1,3,0.94502452337964427,0.94388777555110226,0.0026487879020133183,0.94313384653588284,0.94805194805194803,,
partial,global,calibration,Win64,Brier,3,0.05124632620785588,0.05214687958010758,0.0029947043499011314,0.047904681876287596,0.053687417167172465,,
partial,global,calibration,Win64,LogLoss,3,0.25054185616282126,0.25009747880335464,0.0034691557581612909,0.24731630090685128,0.25421178877825784,,
partial,global,calibration,Win64,ECE,3,0.049158401329283917,0.050477503487408065,0.0030826591358536428,0.045635676404611678,0.051362024095832001,,
partial,global,same_period,Dot_Net,ROC_AUC,3,0.98984087292696821,0.9899289795971592,0.00027159847207706636,0.98953615958144636,0.99005747960229917,,
partial,global,same_period,Dot_Net,AP,3,0.98975287900725706,0.98962929508562403,0.00022356033496592865,0.98961839441800847,0.99001094751813856,,
partial,global,same_period,Dot_Net,Accuracy,3,0.95619999999999994,0.95630000000000004,0.00045825756949559413,0.95569999999999999,0.95660000000000001,,
partial,global,same_period,Dot_Net,F1,3,0.95642651638844278,0.9566769108753842,0.00044213685338201928,0.95591601154343719,0.95668662674650695,,
partial,global,same_period,Dot_Net,Brier,3,0.039850137108059486,0.040079131807155582,0.00042469850721558251,0.039360086975442854,0.040111192541580028,,
partial,global,same_period,Dot_Net,LogLoss,3,0.18039701656602669,0.17840491087362001,0.0053970750961136113,0.17627916133955213,0.18650697748490797,,
partial,global,same_period,Dot_Net,ECE,3,0.036349824219963765,0.037027445532785017,0.0011847134632183324,0.034981854680173813,0.037040172446932459,,
partial,global,same_period,Pooled,ROC_AUC,3,0.98363793261368659,0.98357705475818069,0.00020197394571389195,0.98347340003126693,0.98386334305161216,,
partial,global,same_period,Pooled,AP,3,0.98453267786696708,0.98438986739171008,0.00038304453053547008,0.984241554500909,0.98496661170828181,,
partial,global,same_period,Pooled,Accuracy,3,0.93900000000000006,0.93936666666666668,0.00072341781380700775,0.9381666666666667,0.93946666666666667,,
partial,global,same_period,Pooled,F1,3,0.93928967521644224,0.93940100609654531,0.00052673085587278843,0.9387161782681952,0.93975184128458633,,
partial,global,same_period,Pooled,Brier,3,0.055271922957349146,0.055348471839175656,0.00032533765731514327,0.054915136675548239,0.055552160357323535,,
partial,global,same_period,Pooled,LogLoss,3,0.25333480760022503,0.25108529492699511,0.0085221907569031329,0.2461630282232557,0.26275609965042418,,
partial,global,same_period,Pooled,ECE,3,0.050367055010196192,0.050330673302044888,0.00055356664140966271,0.049832576609685,0.050937915118858673,,
partial,global,same_period,Win32,ROC_AUC,3,0.9708062711263955,0.97083053872590863,0.00043590366547615635,0.97035874058998828,0.97122953406328938,,
partial,global,same_period,Win32,AP,3,0.97400957199861382,0.97407785058835228,0.0003985893003455114,0.97358125386617522,0.97436961154131363,,
partial,global,same_period,Win32,Accuracy,3,0.9118666666666666,0.91239999999999999,0.0016653327995728917,0.91000000000000003,0.91320000000000001,,
partial,global,same_period,Win32,F1,3,0.91225676987864113,0.91225961538461542,0.0011179090834510725,0.91113744075829384,0.91337325349301401,,
partial,global,same_period,Win32,Brier,3,0.07839014101675483,0.078588615244169546,0.0007493675214657301,0.077561515345407034,0.079020292460687896,,
partial,global,same_period,Win32,LogLoss,3,0.35042815134679683,0.34971399894684962,0.011356662193924665,0.33944541864409683,0.36212503644944399,,
partial,global,same_period,Win32,ECE,3,0.071143102571732883,0.07172705886214896,0.0010918416936953046,0.069883465099977504,0.071818783753072185,,
partial,global,same_period,Win64,ROC_AUC,3,0.987139947881297,0.9868343414146642,0.00052965505802705232,0.98683396140662327,0.98775154082260375,,
partial,global,same_period,Win64,AP,3,0.98801019829833081,0.98787602056649282,0.00085088358356027712,0.98723437546959758,0.98892019885890203,,
partial,global,same_period,Win64,Accuracy,3,0.9489333333333333,0.94910000000000005,0.00066583281184792709,0.94820000000000004,0.94950000000000001,,
partial,global,same_period,Win64,F1,3,0.94917009335783165,0.94916608409068215,0.00069388905366275788,0.94847821762482598,0.9498659783579867,,
partial,global,same_period,Win64,Brier,3,0.047575490747233114,0.047557056804127119,0.00051225440042278463,0.047072702139657641,0.048096713297914581,,
partial,global,same_period,Win64,LogLoss,3,0.22917925488785143,0.22513697496051568,0.0091334146484718694,0.22276450468611805,0.23963628501692064,,
partial,global,same_period,Win64,ECE,3,0.044362493264323836,0.044714594384597933,0.0006666660996441161,0.043593600154059865,0.044779285254313711,,
partial,global,test,Dot_Net,ROC_AUC,3,0.98802861273661768,0.98797055639364351,0.00014442142842376141,0.98792225388964161,0.98819302792656771,,
partial,global,test,Dot_Net,AP,3,0.98679468024201,0.98678015529340624,8.9576934107641414e-05,0.98671325339043103,0.98689063204219241,,
partial,global,test,Dot_Net,Accuracy,3,0.95103333333333329,0.95140000000000002,0.0010016652800877966,0.94989999999999997,0.95179999999999998,,
partial,global,test,Dot_Net,F1,3,0.95181402517742553,0.95201421800947872,0.0010730483900720017,0.95065497882399286,0.95277287869880467,,
partial,global,test,Dot_Net,Brier,3,0.044663684929421715,0.044971054367326221,0.0010012808094519447,0.043544750874360681,0.045475249546578243,,
partial,global,test,Dot_Net,LogLoss,3,0.20392641846933376,0.2047769287610085,0.0095572239019478256,0.1939723647163907,0.21302996193060209,,
partial,global,test,Dot_Net,ECE,3,0.041426823601750311,0.042003775443868643,0.0015366006896741485,0.03968525215443891,0.042591443206943386,,
partial,global,test,Pooled,ROC_AUC,3,0.98325313367921385,0.98301501217078402,0.00062097068301085966,0.98278646565696637,0.98395792320989139,,
partial,global,test,Pooled,AP,3,0.9831978733742871,0.98286953466407745,0.00079069104576910394,0.9826242503477608,0.98409983511102295,,
partial,global,test,Pooled,Accuracy,3,0.93757777777777784,0.93743333333333334,0.001223080506723031,0.93643333333333334,0.93886666666666663,,
partial,global,test,Pooled,F1,3,0.9373359159657233,0.93740203435050862,0.0012866847678370955,0.93601744673712461,0.93858826680953655,,
partial,global,test,Pooled,Brier,3,0.057235530303585976,0.05740307297489692,0.00087042958283411694,0.056293507985618066,0.058010009950242948,,
partial,global,test,Pooled,LogLoss,3,0.26442076834630474,0.2578080400381188,0.011823918498602808,0.25738262106180437,0.27807164393899109,,
partial,global,test,Pooled,ECE,3,0.052984915844675684,0.052305750406788462,0.0012920924288479206,0.052174040578436554,0.054474956548802023,,
partial,global,test,Win32,ROC_AUC,3,0.97670053803897305,0.97686626018673206,0.00058126407413473802,0.97605440966514945,0.97718094426503765,,
partial,global,test,Win32,AP,3,0.97787890007952638,0.97792148903463139,0.00066105404773995598,0.9771975812920346,0.97851762991191293,,
partial,global,test,Win32,Accuracy,3,0.91880000000000006,0.91900000000000004,0.00043588989435408299,0.91830000000000001,0.91910000000000003,,
partial,global,test,Win32,F1,3,0.91649222009219944,0.91669241066831431,0.0008543449582892722,0.91555555555555557,0.91722869405272833,,
partial,global,test,Win32,Brier,3,0.073508273998707754,0.073419126174836674,0.00032713863194667965,0.073234949839500643,0.073870745981785987,,
partial,global,test,Win32,LogLoss,3,0.32794452586867678,0.32688026738424114,0.0071024570434290247,0.3214342541380385,0.33551905608375071,,
partial,global,test,Win32,ECE,3,0.068638422347242975,0.068601955911939336,0.00072889084171470222,0.067928449200971922,0.06938486192881764,,
partial,global,test,Win64,ROC_AUC,3,0.98329804421518696,0.98239848473011082,0.0022898830569625965,0.9815945336929971,0.98590111422245275,,
partial,global,test,Win64,AP,3,0.98271645517270789,0.98132825934212908,0.0027926243568081738,0.98088995096742948,0.98593115520856511,,
partial,global,test,Win64,Accuracy,3,0.94289999999999996,0.9415,0.0027784887978899745,0.94110000000000005,0.94610000000000005,,
partial,global,test,Win64,F1,3,0.94288588432690634,0.94145902131492043,0.002910445963678079,0.94096421770071159,0.94623441396508723,,
partial,global,test,Win64,Brier,3,0.05353463198262845,0.054793722068544062,0.0026495220653483705,0.050490343414691302,0.055319830464649986,,
partial,global,test,Win64,LogLoss,3,0.2613913607009038,0.25801750125992723,0.022775818880071609,0.24049066704016342,0.28566591380262069,,
partial,global,test,Win64,ECE,3,0.05060419990053814,0.050785717375842462,0.0025257435492469726,0.047992594275194853,0.053034288050577111,,
partial,global,threshold,Dot_Net,ROC_AUC,3,0.98839281988392835,0.98828191488281913,0.00044482054862859298,0.98801394488013961,0.98888259988882599,,
partial,global,threshold,Dot_Net,AP,3,0.98856813872023663,0.98858001835409148,0.00032070039392677552,0.98824166357235599,0.98888273423426276,,
partial,global,threshold,Dot_Net,Accuracy,3,0.95376666666666665,0.95335000000000003,0.0011814539065631276,0.95284999999999997,0.95509999999999995,,
partial,global,threshold,Dot_Net,F1,3,0.95416552223268125,0.95396002960769799,0.0012362805294884309,0.95304486381516706,0.95549167327517848,,
partial,global,threshold,Dot_Net,Brier,3,0.042283916715990022,0.042664396699438147,0.0010914186763989453,0.041053185992044425,0.043134167456487502,,
partial,global,threshold,Dot_Net,LogLoss,3,0.19233671909313696,0.19223348109262872,0.0021759616435129618,0.19021421401448529,0.19456246217229686,,
partial,global,threshold,Dot_Net,ECE,3,0.038632581613259998,0.038230444418170556,0.0010143268722592931,0.037880983815348518,0.039786316606260926,,
partial,global,threshold,Pooled,ROC_AUC,3,0.98293576657582948,0.9829625273125544,0.00029713922389596956,0.98262615215202287,0.9832186202629114,,
partial,global,threshold,Pooled,AP,3,0.98414183287946166,0.98405074521643299,0.00041456651870109759,0.98378038447927996,0.98459436894267205,,
partial,global,threshold,Pooled,Accuracy,3,0.93847222222222226,0.93866666666666665,0.00098943493039283913,0.93740000000000001,0.93935000000000002,,
partial,global,threshold,Pooled,F1,3,0.93869419486523464,0.93907284768211918,0.001072856996364265,0.9374833555259654,0.93952638138761946,,
partial,global,threshold,Pooled,Brier,3,0.055936052958088171,0.055420289912030532,0.0011166640860886452,0.055170494184176716,0.057217374778057266,,
partial,global,threshold,Pooled,LogLoss,3,0.25726487591888098,0.25991178022795131,0.0080348241125742306,0.24824052630340185,0.26364232122528974,,
partial,global,threshold,Pooled,ECE,3,0.050913357676546166,0.050046343636226134,0.0015666601135443502,0.049971859641520289,0.052721869751892067,,
partial,global,threshold,Win32,ROC_AUC,3,0.9720701764653038,0.9718445725110828,0.00056076557781171369,0.97165735008022458,0.97270860680460425,,
partial,global,threshold,Win32,AP,3,0.97516350645950567,0.97482559182120077,0.00060275667902241477,0.97480551417288874,0.97585941338442761,,
partial,global,threshold,Win32,Accuracy,3,0.91496666666666659,0.91479999999999995,0.00086216781042519597,0.91420000000000001,0.91590000000000005,,
partial,global,threshold,Win32,F1,3,0.91518430222335567,0.9154594165509029,0.0007729847062614959,0.91431139518625781,0.91578209493290608,,
partial,global,threshold,Win32,Brier,3,0.075886514384391243,0.075166845484101089,0.0014926565205859148,0.074890037294397388,0.077602660374675239,,
partial,global,threshold,Win32,LogLoss,3,0.33836072788399868,0.34287494860296081,0.01338713228491566,0.32330003719364142,0.34890719785539392,,
partial,global,threshold,Win32,ECE,3,0.068525726505391293,0.06725425380825871,0.002271550330481644,0.067174641576326882,0.071148284131588274,,
partial,global,threshold,Win64,ROC_AUC,3,0.98537619196008042,0.98544485847692376,0.00048653105837803082,0.98485897553476964,0.98582474186854796,,
partial,global,threshold,Win64,AP,3,0.98688686757605504,0.98670411506057643,0.00074020362109597504,0.98625515840367661,0.98770132926391174,,
partial,global,threshold,Win64,Accuracy,3,0.94668333333333321,0.94704999999999995,0.0013868429375142701,0.94515000000000005,0.94784999999999997,,
partial,global,threshold,Win64,F1,3,0.94666230769444437,0.94712138612872621,0.0014192404256731825,0.94507035201041512,0.94779518494419135,,
partial,global,threshold,Win64,Brier,3,0.049637727773883235,0.049291451076384621,0.0011444199965578556,0.048706435742256061,0.05091529650300905,,
partial,global,threshold,Win64,LogLoss,3,0.24109718077950723,0.24229792990859628,0.0093475001949498426,0.23120732770207883,0.24978628472784659,,
partial,global,threshold,Win64,ECE,3,0.046396681321467327,0.046290862184830944,0.0012018946509235651,0.045251195093456181,0.047647986686114856,,
partial,global,tune,Dot_Net,ROC_AUC,3,0.98572300000000002,0.98535399999999995,0.00084801591966190515,0.98512200000000005,0.98669300000000004,,
partial,global,tune,Dot_Net,AP,3,0.98516191210170045,0.98465629201099081,0.0013061151325846783,0.98418419462502671,0.98664524966908385,,
partial,global,tune,Dot_Net,Accuracy,3,0.94666666666666666,0.94650000000000001,0.00325320354932383,0.94350000000000001,0.94999999999999996,,
partial,global,tune,Dot_Net,F1,3,0.94759988843350407,0.94742014742014746,0.0030046112309803476,0.94468918257464518,0.95069033530571989,,
partial,global,tune,Dot_Net,Brier,3,0.049260099827699598,0.050351301987184467,0.0023688015172385127,0.046542361778651786,0.050886635717262541,,
partial,global,tune,Dot_Net,LogLoss,3,0.23243256354304367,0.22979626237224612,0.01422141324930638,0.21971376175585866,0.24778766650102624,,
partial,global,tune,Dot_Net,ECE,3,0.046875815933245933,0.048567231904723028,0.0031506118094531748,0.043240719343809436,0.048819496551205314,,
partial,global,tune,Pooled,ROC_AUC,3,0.98090144693426806,0.98050496012224164,0.00073812591321729558,0.98044629266682382,0.98175308801373884,,
partial,global,tune,Pooled,AP,3,0.98212324990202127,0.98206043801502352,0.00068053284659933531,0.98147630051426715,0.98283301117677324,,
partial,global,tune,Pooled,Accuracy,3,0.93377777777777782,0.9331666666666667,0.001357421302541196,0.93283333333333329,0.93533333333333335,,
partial,global,tune,Pooled,F1,3,0.93411544890803022,0.93344343517753925,0.0012605156211563232,0.93333333333333335,0.93556957821321818,,
partial,global,tune,Pooled,Brier,3,0.060297917740799976,0.06044766140891529,0.00091838571710520364,0.059313862234002118,0.061132229579482528,,
partial,global,tune,Pooled,LogLoss,3,0.27977300698249441,0.2807566407232629,0.010011295802160453,0.26930620178447928,0.289256178439741,,
partial,global,tune,Pooled,ECE,3,0.056463500659166908,0.056460753229852459,0.0010708219668440115,0.055394055050408744,0.057535693697239529,,
partial,global,tune,Win32,ROC_AUC,3,0.9688298778756036,0.96817385425875335,0.0012009245762991654,0.96809985159465739,0.97021592777339993,,
partial,global,tune,Win32,AP,3,0.97080928605911865,0.97047565936035274,0.0016228333762566111,0.96937919362339875,0.97257300519360468,,
partial,global,tune,Win32,Accuracy,3,0.90899999999999992,0.90849999999999997,0.0027838821814150437,0.90649999999999997,0.91200000000000003,,
partial,global,tune,Win32,F1,3,0.90863430216554564,0.90881913303437967,0.0027530930707956413,0.90579345088161212,0.91129032258064513,,
partial,global,tune,Win32,Brier,3,0.081444165892870957,0.080623127502017181,0.0018420422784192465,0.080155408263868647,0.083553961912727029,,
partial,global,tune,Win32,LogLoss,3,0.36563298843795061,0.37059649638292624,0.016760286607615953,0.34695154623298274,0.3793509226979429,,
partial,global,tune,Win32,ECE,3,0.076079189475383377,0.074659605484749231,0.0031463803056945641,0.073892726130055569,0.079685236811345345,,
partial,global,tune,Win64,ROC_AUC,3,0.98502162554063855,0.98497662441561051,0.0016420035953387832,0.98340258506462652,0.9866856671416786,,
partial,global,tune,Win64,AP,3,0.9878338477948182,0.98801971555204227,0.0012798870753240096,0.98647118921840748,0.98901063861400473,,
partial,global,tune,Win64,Accuracy,3,0.94566666666666654,0.94650000000000001,0.0023629078131263376,0.94299999999999995,0.94750000000000001,,
partial,global,tune,Win64,F1,3,0.9457563305225728,0.94663341645885291,0.002385032001157231,0.9430569430569431,0.94757863205192217,,
partial,global,tune,Win64,Brier,3,0.050189487501829382,0.049833221007466136,0.0029489292088900323,0.047434876450953227,0.053300365047068775,,
partial,global,tune,Win64,LogLoss,3,0.24125346896648878,0.24062994612025373,0.010408450234316646,0.23117079674820887,0.25195966403100362,,
partial,global,tune,Win64,ECE,3,0.048586953537669543,0.048297415929175039,0.0030003007393690846,0.045741917915769648,0.051721526768063963,,
partial,oracle,same_period,Dot_Net,TPR,3,0.43291341731653671,0.42311537692461509,0.050803616935826496,0.38772245550889822,0.48790241951609681,0.001,per_format
partial,oracle,same_period,Dot_Net,FPR,3,0.00080016003200640128,0.00080016003200640128,0,0.00080016003200640128,0.00080016003200640128,0.001,per_format
partial,oracle,same_period,Dot_Net,FP,3,4,4,0,4,4,0.001,per_format
partial,oracle,same_period,Dot_Net,TP,3,2165,2116,254.06888829606825,1939,2440,0.001,per_format
partial,oracle,same_period,Dot_Net,TPR,3,0.36852629474105186,0.32833433313337335,0.075934006742756965,0.32113577284543093,0.45610877824435114,0.001,pooled
partial,oracle,same_period,Dot_Net,FPR,3,0.00060012002400480096,0.00060012002400480096,0.00020004000800160032,0.00040008001600320064,0.00080016003200640128,0.001,pooled
partial,oracle,same_period,Dot_Net,FP,3,3,3,1,2,4,0.001,pooled
partial,oracle,same_period,Dot_Net,TP,3,1843,1642,379.74596772052763,1606,2281,0.001,pooled
partial,oracle,same_period,Dot_Net,TPR,3,0.70352596147437174,0.70485902819436108,0.0092703265484042462,0.69366126774645076,0.71205758848230349,0.0050000000000000001,per_format
partial,oracle,same_period,Dot_Net,FPR,3,0.0048009601920384077,0.0048009601920384077,0,0.0048009601920384077,0.0048009601920384077,0.0050000000000000001,per_format
partial,oracle,same_period,Dot_Net,FP,3,24,24,0,24,24,0.0050000000000000001,per_format
partial,oracle,same_period,Dot_Net,TP,3,3518.3333333333335,3525,46.360903068569897,3469,3561,0.0050000000000000001,per_format
partial,oracle,same_period,Dot_Net,TPR,3,0.642871425714857,0.64207158568286338,0.017410305579716262,0.62587482503499303,0.66066786642671471,0.0050000000000000001,pooled
partial,oracle,same_period,Dot_Net,FPR,3,0.0029339201173568044,0.0028005601120224045,0.0006111323191246036,0.0024004800960192038,0.0036007201440288058,0.0050000000000000001,pooled
partial,oracle,same_period,Dot_Net,FP,3,14.666666666666666,14,3.0550504633038931,12,18,0.0050000000000000001,pooled
partial,oracle,same_period,Dot_Net,TP,3,3215,3211,87.068938204160958,3130,3304,0.0050000000000000001,pooled
partial,oracle,same_period,Dot_Net,TPR,3,0.80863827234553087,0.80563887222555486,0.01887584347152196,0.79144171165766841,0.82883423315336935,0.01,per_format
partial,oracle,same_period,Dot_Net,FPR,3,0.0098019603920784151,0.0098019603920784151,0,0.0098019603920784151,0.0098019603920784151,0.01,per_format
partial,oracle,same_period,Dot_Net,FP,3,49,49,0,49,49,0.01,per_format
partial,oracle,same_period,Dot_Net,TP,3,4044,4029,94.398093201081139,3958,4145,0.01,per_format
partial,oracle,same_period,Dot_Net,TPR,3,0.74525094981003803,0.74305138972205564,0.014027162493337793,0.73245350929814035,0.76024795040991799,0.01,pooled
partial,oracle,same_period,Dot_Net,FPR,3,0.0064679602587184104,0.0064012802560512103,0.0009020303566359062,0.005601120224044809,0.0074014802960592121,0.01,pooled
partial,oracle,same_period,Dot_Net,FP,3,32.333333333333336,32,4.5092497528228943,28,37,0.01,pooled
partial,oracle,same_period,Dot_Net,TP,3,3727,3716,70.149839629182338,3663,3802,0.01,pooled
partial,oracle,same_period,Dot_Net,TPR,3,0.96294074518429651,0.96280743851229755,0.0012053016943294563,0.96180763847230555,0.96420715856828632,0.050000000000000003,per_format
partial,oracle,same_period,Dot_Net,FPR,3,0.049476561979062479,0.04940988197639528,0.00011549315246841746,0.04940988197639528,0.049609921984396878,0.050000000000000003,per_format
partial,oracle,same_period,Dot_Net,FP,3,247.33333333333334,247,0.57735026918962584,247,248,0.050000000000000003,per_format
partial,oracle,same_period,Dot_Net,TP,3,4815.666666666667,4815,6.0277137733417074,4810,4822,0.050000000000000003,per_format
partial,oracle,same_period,Dot_Net,TPR,3,0.95227621142438179,0.9528094381123775,0.0011012938506870919,0.95100979804039187,0.95300939812037588,0.050000000000000003,pooled
partial,oracle,same_period,Dot_Net,FPR,3,0.041875041675001667,0.042008401680336066,0.0012057839114506311,0.040608121624324867,0.04300860172034407,0.050000000000000003,pooled
partial,oracle,same_period,Dot_Net,FP,3,209.33333333333334,210,6.0277137733417074,203,215,0.050000000000000003,pooled
partial,oracle,same_period,Dot_Net,TP,3,4762.333333333333,4765,5.5075705472861021,4756,4766,0.050000000000000003,pooled
partial,oracle,same_period,Pooled,TPR,3,0.43108601793424112,0.42125539687811359,0.055193931794236241,0.38146795084689472,0.49053470607771504,0.001,per_format
partial,oracle,same_period,Pooled,FPR,3,0.0008029441284710606,0.0008029441284710606,0,0.0008029441284710606,0.0008029441284710606,0.001,per_format
partial,oracle,same_period,Pooled,FP,3,12,12,0,12,12,0.001,per_format
partial,oracle,same_period,Pooled,TP,3,6490,6342,830.9446431622265,5743,7385,0.001,per_format
partial,oracle,same_period,Pooled,TPR,3,0.44910882320380829,0.44423779475257391,0.036643492156747538,0.41514447027565593,0.48794420458319493,0.001,pooled
partial,oracle,same_period,Pooled,FPR,3,0.00093676814988290398,0.00093676814988290398,0,0.00093676814988290398,0.00093676814988290398,0.001,pooled
partial,oracle,same_period,Pooled,FP,3,14,14,0,14,14,0.001,pooled
partial,oracle,same_period,Pooled,TP,3,6761.333333333333,6688,551.66777441983447,6250,7346,0.001,pooled
partial,oracle,same_period,Pooled,TPR,3,0.69514004206797297,0.71072733311192293,0.027343850772768023,0.66356692128860839,0.7111258718033876,0.0050000000000000001,per_format
partial,oracle,same_period,Pooled,FPR,3,0.004795360767257722,0.004817664770826363,3.8631667393082662e-05,0.0047507527601204419,0.004817664770826363,0.0050000000000000001,per_format
partial,oracle,same_period,Pooled,FP,3,71.666666666666671,72,0.57735026918962573,71,72,0.0050000000000000001,per_format
partial,oracle,same_period,Pooled,TP,3,10465.333333333334,10700,411.66167338402215,9990,10706,0.0050000000000000001,per_format
partial,oracle,same_period,Pooled,TPR,3,0.69328019484113812,0.7014945200929924,0.018095920949081575,0.67253404184656262,0.70581202258385922,0.0050000000000000001,pooled
partial,oracle,same_period,Pooled,FPR,3,0.0049514887922382069,0.0049514887922382069,0,0.0049514887922382069,0.0049514887922382069,0.0050000000000000001,pooled
partial,oracle,same_period,Pooled,FP,3,74,74,0,74,74,0.0050000000000000001,pooled
partial,oracle,same_period,Pooled,TP,3,10437.333333333334,10561,272.43408988842299,10125,10626,0.0050000000000000001,pooled
partial,oracle,same_period,Pooled,TPR,3,0.78855308313959915,0.78897376286947862,0.0021238092147672139,0.78625041514447025,0.79043507140484892,0.01,per_format
partial,oracle,same_period,Pooled,FPR,3,0.0098137615702018535,0.0098360655737704927,3.8631667393083665e-05,0.0097691535630645698,0.0098360655737704927,0.01,per_format
partial,oracle,same_period,Pooled,FP,3,146.66666666666666,147,0.57735026918962584,146,147,0.01,per_format
partial,oracle,same_period,Pooled,TP,3,11871.666666666666,11878,31.973947728319903,11837,11900,0.01,per_format
partial,oracle,same_period,Pooled,TPR,3,0.77863389792981297,0.77715044835602787,0.0098812802743306911,0.76957821321819997,0.78917303221521085,0.01,pooled
partial,oracle,same_period,Pooled,FPR,3,0.0099698895951823348,0.0099698895951823348,0,0.0099698895951823348,0.0099698895951823348,0.01,pooled
partial,oracle,same_period,Pooled,FP,3,149,149,0,149,149,0.01,pooled
partial,oracle,same_period,Pooled,TP,3,11722.333333333334,11700,148.76267453004914,11586,11881,0.01,pooled
partial,oracle,same_period,Pooled,TPR,3,0.92410052031440271,0.92507472600464957,0.0032338803846988866,0.92049153105280634,0.9267353038857522,0.050000000000000003,per_format
partial,oracle,same_period,Pooled,FPR,3,0.04962640794022527,0.049648711943793909,0.00016839153418692456,0.049447975911676142,0.049782535965205751,0.050000000000000003,per_format
partial,oracle,same_period,Pooled,FP,3,741.66666666666663,742,2.5166114784235836,739,744,0.050000000000000003,per_format
partial,oracle,same_period,Pooled,TP,3,13912.333333333334,13927,48.686069191641799,13858,13952,0.050000000000000003,per_format
partial,oracle,same_period,Pooled,TPR,3,0.92483117458208797,0.92520757223513783,0.0011434297649662614,0.9235469943540352,0.92573895715709065,0.050000000000000003,pooled
partial,oracle,same_period,Pooled,FPR,3,0.049960967993754879,0.049983271997323518,3.8631667393080663e-05,0.049916359986617601,0.049983271997323518,0.050000000000000003,pooled
partial,oracle,same_period,Pooled,FP,3,746.66666666666663,747,0.57735026918962573,746,747,0.050000000000000003,pooled
partial,oracle,same_period,Pooled,TP,3,13923.333333333334,13929,17.214335111567145,13904,13937,0.050000000000000003,pooled
partial,oracle,same_period,Win32,TPR,3,0.43251838600675813,0.45120254422580003,0.038003624383331346,0.38878950506857485,0.45756310872589945,0.001,per_format
partial,oracle,same_period,Win32,FPR,3,0.00080499094385188175,0.00080499094385188164,1.3278710503032405e-19,0.00080499094385188164,0.00080499094385188164,0.001,per_format
partial,oracle,same_period,Win32,FP,3,4,4,0,4,4,0.001,per_format
partial,oracle,same_period,Win32,TP,3,2176,2270,191.19623427254001,1956,2302,0.001,per_format
partial,oracle,same_period,Win32,TPR,3,0.4430530709600477,0.44782349433512225,0.047090734708680894,0.39375869608427749,0.48757702246074341,0.001,pooled
partial,oracle,same_period,Win32,FPR,3,0.0010733212584691754,0.001006238679814852,0.0005064623623311699,0.00060374320788891128,0.0016099818877037633,0.001,pooled
partial,oracle,same_period,Win32,FP,3,5.333333333333333,5,2.5166114784235831,3,8,0.001,pooled
partial,oracle,same_period,Win32,TP,3,2229,2253,236.91348631937356,1981,2453,0.001,pooled
partial,oracle,same_period,Win32,TPR,3,0.63658649705161341,0.64380838799443452,0.018669703206792718,0.61538461538461542,0.65056648777579007,0.0050000000000000001,per_format
partial,oracle,same_period,Win32,FPR,3,0.0048299456631112903,0.0048299456631112903,0,0.0048299456631112903,0.0048299456631112903,0.0050000000000000001,per_format
partial,oracle,same_period,Win32,FP,3,24,24,0,24,24,0.0050000000000000001,per_format
partial,oracle,same_period,Win32,TP,3,3202.6666666666665,3239,93.927276833374293,3096,3273,0.0050000000000000001,per_format
partial,oracle,same_period,Win32,TPR,3,0.66242629033326705,0.66507652554164187,0.013905687159700288,0.64738620552574044,0.67481613993241896,0.0050000000000000001,pooled
partial,oracle,same_period,Win32,FPR,3,0.0061715972361977593,0.006238679814852083,0.00011619043453202355,0.0060374320788891128,0.006238679814852083,0.0050000000000000001,pooled
partial,oracle,same_period,Win32,FP,3,30.666666666666668,31,0.57735026918962584,30,31,0.0050000000000000001,pooled
partial,oracle,same_period,Win32,TP,3,3332.6666666666665,3346,69.959512100452315,3257,3395,0.0050000000000000001,pooled
partial,oracle,same_period,Win32,TPR,3,0.72046644139667393,0.71973762671437091,0.0043198630657134262,0.71655734446432118,0.72510435301132981,0.01,per_format
partial,oracle,same_period,Win32,FPR,3,0.0098611390621855498,0.0098611390621855498,0,0.0098611390621855498,0.0098611390621855498,0.01,per_format
partial,oracle,same_period,Win32,FP,3,49,49,0,49,49,0.01,per_format
partial,oracle,same_period,Win32,TP,3,3624.6666666666665,3621,21.73323108360405,3605,3648,0.01,per_format
partial,oracle,same_period,Win32,TPR,3,0.7457099317564434,0.7441860465116279,0.0091397098965039919,0.73742794673027234,0.75551580202742996,0.01,pooled
partial,oracle,same_period,Win32,FPR,3,0.012678607365667137,0.012477359629704166,0.00034857130359607113,0.012477359629704166,0.013081102837593077,0.01,pooled
partial,oracle,same_period,Win32,FP,3,63,62,1.7320508075688772,62,65,0.01,pooled
partial,oracle,same_period,Win32,TP,3,3751.6666666666665,3744,45.981880489311585,3710,3801,0.01,pooled
partial,oracle,same_period,Win32,TPR,3,0.86298283972702583,0.86563307493540054,0.0082753567857926195,0.85370701649771419,0.86960842774796265,0.050000000000000003,per_format
partial,oracle,same_period,Win32,FPR,3,0.049641108204199369,0.049909438518816664,0.00046476173812809619,0.04910444757496478,0.049909438518816664,0.050000000000000003,per_format
partial,oracle,same_period,Win32,FP,3,246.66666666666666,248,2.3094010767585034,244,248,0.050000000000000003,per_format
partial,oracle,same_period,Win32,TP,3,4341.666666666667,4355,41.633319989322651,4295,4375,0.050000000000000003,per_format
partial,oracle,same_period,Win32,TPR,3,0.88438348903465192,0.88352216259193006,0.0022163557521602852,0.88272709202941757,0.88690121248260778,0.050000000000000003,pooled
partial,oracle,same_period,Win32,FPR,3,0.064399275508150541,0.064399275508150527,0.00080499094385188402,0.06359428456429865,0.065204266452002418,0.050000000000000003,pooled
partial,oracle,same_period,Win32,FP,3,320,320,4,316,324,0.050000000000000003,pooled
partial,oracle,same_period,Win32,TP,3,4449.333333333333,4445,11.150485789118488,4441,4462,0.050000000000000003,pooled
partial,oracle,same_period,Win64,TPR,3,0.42783197292454705,0.38940871988851283,0.085847319371041259,0.3679076249253434,0.52617957395978499,0.001,per_format
partial,oracle,same_period,Win64,FPR,3,0.00080369700622865174,0.00080369700622865184,1.3278710503032405e-19,0.00080369700622865184,0.00080369700622865184,0.001,per_format
partial,oracle,same_period,Win64,FP,3,4,4,0,4,4,0.001,per_format
partial,oracle,same_period,Win64,TP,3,2149,1956,431.21108520074017,1848,2643,0.001,per_format
partial,oracle,same_period,Win64,TPR,3,0.53540380914460151,0.52299422655783401,0.024126454915522982,0.52000796336850486,0.56320923750746565,0.001,pooled
partial,oracle,same_period,Win64,FPR,3,0.0011385707588239234,0.0012055455093429777,0.00030691686390434933,0.00080369700622865184,0.0014064697609001407,0.001,pooled
partial,oracle,same_period,Win64,FP,3,5.666666666666667,6,1.5275252316519465,4,7,0.001,pooled
partial,oracle,same_period,Win64,TP,3,2689.3333333333335,2627,121.18718304067197,2612,2829,0.001,pooled
partial,oracle,same_period,Win64,TPR,3,0.7454376534607472,0.77642842922556243,0.055062652838682773,0.68186342823014134,0.77802110292653792,0.0050000000000000001,per_format
partial,oracle,same_period,Win64,FPR,3,0.0047552072868528557,0.0048221820373719106,0.00011600367072325215,0.0046212577858147476,0.0048221820373719106,0.0050000000000000001,per_format
partial,oracle,same_period,Win64,FP,3,23.666666666666668,24,0.57735026918962584,23,24,0.0050000000000000001,per_format
partial,oracle,same_period,Win64,TP,3,3744.3333333333335,3900,276.5797052087035,3425,3908,0.0050000000000000001,per_format
partial,oracle,same_period,Win64,TPR,3,0.77437122569513572,0.78180370296635482,0.02724933721744972,0.74417678678080823,0.79713318733824412,0.0050000000000000001,pooled
partial,oracle,same_period,Win64,FPR,3,0.0057598285446386717,0.0060277275467148887,0.00064588110381039166,0.0050231062889290736,0.0062286517982720517,0.0050000000000000001,pooled
partial,oracle,same_period,Win64,FP,3,28.666666666666668,30,3.2145502536643185,25,31,0.0050000000000000001,pooled
partial,oracle,same_period,Win64,TP,3,3889.6666666666665,3927,136.87342084324968,3738,4004,0.0050000000000000001,pooled
partial,oracle,same_period,Win64,TPR,3,0.83675094565000985,0.84172805096555847,0.021051213971187973,0.81365717698586504,0.85486760899860637,0.01,per_format
partial,oracle,same_period,Win64,FPR,3,0.0097783135757819311,0.0098452883263009851,0.00011600367072325266,0.0096443640747438213,0.0098452883263009851,0.01,per_format
partial,oracle,same_period,Win64,FP,3,48.666666666666664,49,0.57735026918962584,48,49,0.01,per_format
partial,oracle,same_period,Win64,TP,3,4203,4228,105.74024777727732,4087,4294,0.01,per_format
partial,oracle,same_period,Win64,TPR,3,0.84484703696330221,0.85088592474616764,0.01115641591076362,0.83197292454708338,0.85168226159665539,0.01,pooled
partial,oracle,same_period,Win64,FPR,3,0.010782934833567744,0.011050833835643962,0.0012276674556173969,0.0094434398231866591,0.011854530841872614,0.01,pooled
partial,oracle,same_period,Win64,FP,3,53.666666666666664,55,6.110100926607787,47,59,0.01,pooled
partial,oracle,same_period,Win64,TP,3,4243.666666666667,4274,56.038677119765538,4179,4278,0.01,pooled
partial,oracle,same_period,Win64,TPR,3,0.94664543101732035,0.94664543101732035,0.00039816842524387219,0.94624726259207648,0.94704359944256422,0.050000000000000003,per_format
partial,oracle,same_period,Win64,FPR,3,0.049762239635657353,0.049829214386176414,0.00011600367072325165,0.049628290134619252,0.049829214386176414,0.050000000000000003,per_format
partial,oracle,same_period,Win64,FP,3,247.66666666666666,248,0.57735026918962584,247,248,0.050000000000000003,per_format
partial,oracle,same_period,Win64,TP,3,4755,4755,2,4753,4757,0.050000000000000003,per_format
partial,oracle,same_period,Win64,TPR,3,0.93801844847036964,0.93768664144933311,0.0011320407531509539,0.93708938881146731,0.9392793151503086,0.050000000000000003,pooled
partial,oracle,same_period,Win64,FPR,3,0.043667537338423414,0.044404259594133015,0.0018231407928224772,0.041591320072332731,0.045007032348804502,0.050000000000000003,pooled
partial,oracle,same_period,Win64,FP,3,217.33333333333334,221,9.0737717258774655,207,224,0.050000000000000003,pooled
partial,oracle,same_period,Win64,TP,3,4711.666666666667,4710,5.6862407030773268,4707,4718,0.050000000000000003,pooled
partial,oracle,test,Dot_Net,TPR,3,0.28031506486629598,0.29785544082605242,0.03089815878601522,0.24463860206513105,0.29845115170770453,0.001,per_format
partial,oracle,test,Dot_Net,FPR,3,0.00080580177276390016,0.00080580177276390005,1.3278710503032405e-19,0.00080580177276390005,0.00080580177276390005,0.001,per_format
partial,oracle,test,Dot_Net,FP,3,4,4,0,4,4,0.001,per_format
partial,oracle,test,Dot_Net,TP,3,1411.6666666666667,1500,155.60312764637263,1232,1503,0.001,per_format
partial,oracle,test,Dot_Net,TPR,3,0.36828170505692343,0.37549642573471009,0.056443002055938378,0.30857823669579032,0.42077045274027003,0.001,pooled
partial,oracle,test,Dot_Net,FPR,3,0.0016116035455278003,0.0016116035455278001,0.00040290088638194992,0.0012087026591458502,0.00201450443190975,0.001,pooled
partial,oracle,test,Dot_Net,FP,3,8,8,2,6,10,0.001,pooled
partial,oracle,test,Dot_Net,TP,3,1854.6666666666667,1891,284.24695835370579,1554,2119,0.001,pooled
partial,oracle,test,Dot_Net,TPR,3,0.6595181360868414,0.65766481334392379,0.0086880649580245162,0.65190627482128671,0.66898332009531369,0.0050000000000000001,per_format
partial,oracle,test,Dot_Net,FPR,3,0.0048348106365834007,0.0048348106365834007,0,0.0048348106365834007,0.0048348106365834007,0.0050000000000000001,per_format
partial,oracle,test,Dot_Net,FP,3,24,24,0,24,24,0.0050000000000000001,per_format
partial,oracle,test,Dot_Net,TP,3,3321.3333333333335,3312,43.753095128611569,3283,3369,0.0050000000000000001,per_format
partial,oracle,test,Dot_Net,TPR,3,0.67262377548318764,0.68308181096108023,0.018805910318193172,0.65091342335186653,0.68387609213661638,0.0050000000000000001,pooled
partial,oracle,test,Dot_Net,FPR,3,0.0055063121138866503,0.0054391619661563256,0.0011095025276563458,0.0044319097502014508,0.0066478646253021753,0.0050000000000000001,pooled
partial,oracle,test,Dot_Net,FP,3,27.333333333333332,27,5.5075705472861021,22,33,0.0050000000000000001,pooled
partial,oracle,test,Dot_Net,TP,3,3387.3333333333335,3440,94.706564362420693,3278,3444,0.0050000000000000001,pooled
partial,oracle,test,Dot_Net,TPR,3,0.77303415409054799,0.77700555996822873,0.010695181103649903,0.76092136616362194,0.78117553613979351,0.01,per_format
partial,oracle,test,Dot_Net,FPR,3,0.0098710717163577755,0.0098710717163577755,0,0.0098710717163577755,0.0098710717163577755,0.01,per_format
partial,oracle,test,Dot_Net,FP,3,49,49,0,49,49,0.01,per_format
partial,oracle,test,Dot_Net,TP,3,3893,3913,53.860932037980923,3832,3934,0.01,per_format
partial,oracle,test,Dot_Net,TPR,3,0.76250992851469412,0.76528991262907065,0.0069810944524411559,0.75456711675933286,0.76767275615567909,0.01,pooled
partial,oracle,test,Dot_Net,FPR,3,0.0094010206822455009,0.0090652699435938757,0.00076267906873492752,0.0088638195004029016,0.010273972602739725,0.01,pooled
partial,oracle,test,Dot_Net,FP,3,46.666666666666664,45,3.7859388972001828,44,51,0.01,pooled
partial,oracle,test,Dot_Net,TP,3,3840,3854,35.156791662493895,3800,3866,0.01,pooled
partial,oracle,test,Dot_Net,TPR,3,0.95029123643102986,0.95015885623510721,0.00060664226832881827,0.94976171564733913,0.95095313741064336,0.050000000000000003,per_format
partial,oracle,test,Dot_Net,FPR,3,0.049758259468170828,0.049758259468170828,0,0.049758259468170828,0.049758259468170828,0.050000000000000003,per_format
partial,oracle,test,Dot_Net,FP,3,247,247,0,247,247,0.050000000000000003,per_format
partial,oracle,test,Dot_Net,TP,3,4785.666666666667,4785,3.0550504633038931,4783,4789,0.050000000000000003,per_format
partial,oracle,test,Dot_Net,TPR,3,0.95657929573735778,0.95691024622716436,0.00075177499944398458,0.95571882446386025,0.9571088165210484,0.050000000000000003,pooled
partial,oracle,test,Dot_Net,FPR,3,0.054391619661563251,0.054593070104754234,0.00092316190470504507,0.053384367445608379,0.055197421434327154,0.050000000000000003,pooled
partial,oracle,test,Dot_Net,FP,3,270,271,4.5825756949558398,265,274,0.050000000000000003,pooled
partial,oracle,test,Dot_Net,TP,3,4817.333333333333,4819,3.7859388972001824,4813,4820,0.050000000000000003,pooled
partial,oracle,test,Pooled,TPR,3,0.33711693771434897,0.34915366744108861,0.022535882391220709,0.31111848655824759,0.35107865914371061,0.001,per_format
partial,oracle,test,Pooled,FPR,3,0.00087043856712420498,0.00087043856712420487,1.3278710503032405e-19,0.00087043856712420487,0.00087043856712420487,0.001,per_format
partial,oracle,test,Pooled,FP,3,13,13,0,13,13,0.001,per_format
partial,oracle,test,Pooled,TP,3,5078.666666666667,5260,339.50306822373983,4687,5289,0.001,per_format
partial,oracle,test,Pooled,TPR,3,0.35240623962827744,0.34736143378692336,0.021360951517169324,0.3340192499170262,0.37583803518088282,0.001,pooled
partial,oracle,test,Pooled,FPR,3,0.00093739537997991303,0.00093739537997991292,1.3278710503032405e-19,0.00093739537997991292,0.00093739537997991292,0.001,pooled
partial,oracle,test,Pooled,FP,3,14,14,0,14,14,0.001,pooled
partial,oracle,test,Pooled,TP,3,5309,5233,321.80273460615587,5032,5662,0.001,pooled
partial,oracle,test,Pooled,TPR,3,0.64161964819117168,0.63717225356787255,0.0096624240776172418,0.63498174576833721,0.65270494523730505,0.0050000000000000001,per_format
partial,oracle,test,Pooled,FPR,3,0.0048878473384666886,0.0048878473384666886,0,0.0048878473384666886,0.0048878473384666886,0.0050000000000000001,per_format
partial,oracle,test,Pooled,FP,3,73,73,0,73,73,0.0050000000000000001,per_format
partial,oracle,test,Pooled,TP,3,9666,9599,145.5644187293035,9566,9833,0.0050000000000000001,per_format
partial,oracle,test,Pooled,TPR,3,0.65049231109636019,0.65436442084301361,0.0086119802558128743,0.64062396282774647,0.65648854961832059,0.0050000000000000001,pooled
partial,oracle,test,Pooled,FPR,3,0.0049548041513223975,0.0049548041513223975,0,0.0049548041513223975,0.0049548041513223975,0.0050000000000000001,pooled
partial,oracle,test,Pooled,FP,3,74,74,0,74,74,0.0050000000000000001,pooled
partial,oracle,test,Pooled,TP,3,9799.6666666666661,9858,129.73948255382143,9651,9890,0.0050000000000000001,pooled
partial,oracle,test,Pooled,TPR,3,0.74441863037946676,0.73674078991038827,0.023496143115869964,0.72572187188848325,0.77079322933952876,0.01,per_format
partial,oracle,test,Pooled,FPR,3,0.0099096083026447949,0.0099096083026447949,0,0.0099096083026447949,0.0099096083026447949,0.01,per_format
partial,oracle,test,Pooled,FP,3,148,148,0,148,148,0.01,per_format
partial,oracle,test,Pooled,TP,3,11214.666666666666,11099,353.96939604058048,10933,11612,0.01,per_format
partial,oracle,test,Pooled,TPR,3,0.74351145038167943,0.73800199137072686,0.018706994031852969,0.72817789578493197,0.76435446398937934,0.01,pooled
partial,oracle,test,Pooled,FPR,3,0.009976565115500503,0.009976565115500503,0,0.009976565115500503,0.009976565115500503,0.01,pooled
partial,oracle,test,Pooled,FP,3,149,149,0,149,149,0.01,pooled
partial,oracle,test,Pooled,TP,3,11201,11118,281.82086508986521,10970,11515,0.01,pooled
partial,oracle,test,Pooled,TPR,3,0.92080982409558576,0.9228675738466644,0.0041522719344263921,0.91603053435114501,0.92353136408894787,0.050000000000000003,per_format
partial,oracle,test,Pooled,FPR,3,0.049793549827028237,0.049815868764646803,3.8657533926321442e-05,0.049748911951791097,0.049815868764646803,0.050000000000000003,per_format
partial,oracle,test,Pooled,FP,3,743.66666666666663,744,0.57735026918962573,743,744,0.050000000000000003,per_format
partial,oracle,test,Pooled,TP,3,13872,13903,62.553976692133652,13800,13913,0.050000000000000003,per_format
partial,oracle,test,Pooled,TPR,3,0.92043367629162509,0.91888483239296381,0.0059287035314043333,0.91543312313309,0.9269830733488218,0.050000000000000003,pooled
partial,oracle,test,Pooled,FPR,3,0.04992746345273965,0.049949782390358216,3.8657533926321436e-05,0.04988282557750251,0.049949782390358216,0.050000000000000003,pooled
partial,oracle,test,Pooled,FP,3,745.66666666666663,746,0.57735026918962573,745,746,0.050000000000000003,pooled
partial,oracle,test,Pooled,TP,3,13866.333333333334,13843,89.315918700606403,13791,13965,0.050000000000000003,pooled
partial,oracle,test,Win32,TPR,3,0.50053526027030637,0.50260939381774383,0.013468371880957664,0.48615014050582095,0.51284624648735444,0.001,per_format
partial,oracle,test,Win32,FPR,3,0.00099641291351135913,0.00099641291351135913,0,0.00099641291351135913,0.00099641291351135913,0.001,per_format
partial,oracle,test,Win32,FP,3,5,5,0,5,5,0.001,per_format
partial,oracle,test,Win32,TP,3,2493.6666666666665,2504,67.099428710931164,2422,2555,0.001,per_format
partial,oracle,test,Win32,TPR,3,0.38465141174896295,0.38438378161380971,0.0058255679248067028,0.37896427137695704,0.39060618225612204,0.001,pooled
partial,oracle,test,Win32,FPR,3,0.0001992825827022718,0,0.00034516755830388144,0,0.00059784774810681541,0.001,pooled
partial,oracle,test,Win32,FP,3,1,0,1.7320508075688772,0,3,0.001,pooled
partial,oracle,test,Win32,TP,3,1916.3333333333333,1915,29.022979401386987,1888,1946,0.001,pooled
partial,oracle,test,Win32,TPR,3,0.64639368392881036,0.66840626254516255,0.03970165867760056,0.6005620232838218,0.67021276595744683,0.0050000000000000001,per_format
partial,oracle,test,Win32,FPR,3,0.0049820645675567954,0.0049820645675567954,0,0.0049820645675567954,0.0049820645675567954,0.0050000000000000001,per_format
partial,oracle,test,Win32,FP,3,25,25,0,25,25,0.0050000000000000001,per_format
partial,oracle,test,Win32,TP,3,3220.3333333333335,3330,197.79366353180615,2992,3339,0.0050000000000000001,per_format
partial,oracle,test,Win32,TPR,3,0.62986752308309912,0.64391810517864312,0.025034864436240662,0.60096346848655158,0.64472099558410279,0.0050000000000000001,pooled
partial,oracle,test,Win32,FPR,3,0.0037863690713431648,0.0031885213232363493,0.0012121886270024353,0.0029892387405340772,0.0051813471502590676,0.0050000000000000001,pooled
partial,oracle,test,Win32,FP,3,19,16,6.0827625302982193,15,26,0.0050000000000000001,pooled
partial,oracle,test,Win32,TP,3,3138,3208,124.72369462135092,2994,3212,0.0050000000000000001,pooled
partial,oracle,test,Win32,TPR,3,0.72467549846112667,0.72541148133279809,0.0079541211514025066,0.71637896427137693,0.73223604977920509,0.01,per_format
partial,oracle,test,Win32,FPR,3,0.0099641291351135908,0.0099641291351135908,0,0.0099641291351135908,0.0099641291351135908,0.01,per_format
partial,oracle,test,Win32,FP,3,50,50,0,50,50,0.01,per_format
partial,oracle,test,Win32,TP,3,3610.3333333333335,3614,39.627431576287321,3569,3648,0.01,per_format
partial,oracle,test,Win32,TPR,3,0.71243141977786706,0.71296668004817343,0.0032448429420533428,0.7089522280208751,0.71537535126455243,0.01,pooled
partial,oracle,test,Win32,FPR,3,0.0089012886940348073,0.0091669988043045041,0.0010226387882516707,0.0077720207253886009,0.0097648465524113187,0.01,pooled
partial,oracle,test,Win32,FP,3,44.666666666666664,46,5.1316014394468841,39,49,0.01,pooled
partial,oracle,test,Win32,TP,3,3549.3333333333335,3552,16.165807537309522,3532,3564,0.01,pooled
partial,oracle,test,Win32,TPR,3,0.8755519871537536,0.87715776796467282,0.010132018839120033,0.86471296668004816,0.88478522681653959,0.050000000000000003,per_format
partial,oracle,test,Win32,FPR,3,0.049820645675567952,0.049820645675567952,0,0.049820645675567952,0.049820645675567952,0.050000000000000003,per_format
partial,oracle,test,Win32,FP,3,250,250,0,250,250,0.050000000000000003,per_format
partial,oracle,test,Win32,TP,3,4362,4370,50.47771785649585,4308,4408,0.050000000000000003,per_format
partial,oracle,test,Win32,TPR,3,0.87521744948481206,0.8731433159373746,0.0098993760579880134,0.86651947009233243,0.88598956242472904,0.050000000000000003,pooled
partial,oracle,test,Win32,FPR,3,0.049887073203135381,0.050617776006377041,0.0012656143804475643,0.048425667596652053,0.050617776006377041,0.050000000000000003,pooled
partial,oracle,test,Win32,FP,3,250.33333333333334,254,6.3508529610858826,243,254,0.050000000000000003,pooled
partial,oracle,test,Win32,TP,3,4360.333333333333,4350,49.318691520896351,4317,4414,0.050000000000000003,pooled
partial,oracle,test,Win64,TPR,3,0.23248134205138368,0.24390727164652268,0.024207127813928406,0.20467604517535171,0.24886070933227661,0.001,per_format
partial,oracle,test,Win64,FPR,3,0.00080759135877246115,0.00080759135877246115,0,0.00080759135877246115,0.00080759135877246115,0.001,per_format
partial,oracle,test,Win64,FP,3,4,4,0,4,4,0.001,per_format
partial,oracle,test,Win64,TP,3,1173.3333333333333,1231,122.17337407689669,1033,1256,0.001,per_format
partial,oracle,test,Win64,TPR,3,0.30473548642758069,0.30968892411333465,0.059497034785776823,0.24291658410937189,0.36160095106003565,0.001,pooled
partial,oracle,test,Win64,FPR,3,0.0010094891984655764,0.0010094891984655764,0.00020189783969311526,0.00080759135877246115,0.0012113870381586917,0.001,pooled
partial,oracle,test,Win64,FP,3,5,5,1,4,6,0.001,pooled
partial,oracle,test,Win64,TP,3,1538,1563,300.28153456381563,1226,1825,0.001,pooled
partial,oracle,test,Win64,TPR,3,0.61904761904761896,0.58510005944125221,0.069708743758680483,0.57281553398058249,0.6992272637210224,0.0050000000000000001,per_format
partial,oracle,test,Win64,FPR,3,0.0048455481526347667,0.0048455481526347667,0,0.0048455481526347667,0.0048455481526347667,0.0050000000000000001,per_format
partial,oracle,test,Win64,FP,3,24,24,0,24,24,0.0050000000000000001,per_format
partial,oracle,test,Win64,TP,3,3124.3333333333335,2953,351.82002975006031,2891,3529,0.0050000000000000001,per_format
partial,oracle,test,Win64,TPR,3,0.6487682451621426,0.63602139885080244,0.062699277694344357,0.59342183475331878,0.71686150188230635,0.0050000000000000001,pooled
partial,oracle,test,Win64,FPR,3,0.0055858402315095224,0.0052493438320209973,0.00058282886047811993,0.0052493438320209973,0.0062588330304865734,0.0050000000000000001,pooled
partial,oracle,test,Win64,FP,3,27.666666666666668,26,2.8867513459481291,26,31,0.0050000000000000001,pooled
partial,oracle,test,Win64,TP,3,3274.3333333333335,3210,316.44325452335579,2995,3618,0.0050000000000000001,pooled
partial,oracle,test,Win64,TPR,3,0.73535433590912103,0.70101050128789377,0.068423262771026547,0.69090548840895583,0.81414701803051315,0.01,per_format
partial,oracle,test,Win64,FPR,3,0.0098929941449626482,0.0098929941449626482,0,0.0098929941449626482,0.0098929941449626482,0.01,per_format
partial,oracle,test,Win64,FP,3,49,49,0,49,49,0.01,per_format
partial,oracle,test,Win64,TP,3,3711.3333333333335,3538,345.33220720537105,3487,4109,0.01,per_format
partial,oracle,test,Win64,TPR,3,0.75523413248794657,0.73707152764018224,0.062541291588675912,0.70378442639191596,0.82484644343174163,0.01,pooled
partial,oracle,test,Win64,FPR,3,0.01164277542230298,0.011306279022814456,0.0013443020630889144,0.010498687664041995,0.013123359580052493,0.01,pooled
partial,oracle,test,Win64,FP,3,57.666666666666664,56,6.6583281184793934,52,65,0.01,pooled
partial,oracle,test,Win64,TP,3,3811.6666666666665,3720,315.64589864804725,3552,4163,0.01,pooled
partial,oracle,test,Win64,TPR,3,0.93606763093586942,0.93362393501089758,0.0051146093115512509,0.93263324747374676,0.94194571032296415,0.050000000000000003,per_format
partial,oracle,test,Win64,FPR,3,0.049801467124301772,0.049868766404199474,0.00011656577209562278,0.049666868564506361,0.049868766404199474,0.050000000000000003,per_format
partial,oracle,test,Win64,FP,3,246.66666666666666,247,0.57735026918962584,246,247,0.050000000000000003,per_format
partial,oracle,test,Win64,TP,3,4724.333333333333,4712,25.813433195399121,4707,4754,0.050000000000000003,per_format
partial,oracle,test,Win64,TPR,3,0.92900072650419396,0.92609470972855157,0.0086940004871035505,0.92213195957994853,0.93877551020408168,0.050000000000000003,pooled
partial,oracle,test,Win64,FPR,3,0.045494313210848646,0.04583080961033717,0.00076437288455485192,0.044619422572178477,0.046032707450030283,0.050000000000000003,pooled
partial,oracle,test,Win64,FP,3,225.33333333333334,227,3.7859388972001824,221,228,0.050000000000000003,pooled
partial,oracle,test,Win64,TP,3,4688.666666666667,4674,43.878620458411554,4654,4738,0.050000000000000003,pooled
partial,deployment,same_period,Dot_Net,TPR,3,0.48650269946010799,0.48550289942011599,0.0041896274424629027,0.48290341931613678,0.4911017796440712,0.001,per_format
partial,deployment,same_period,Dot_Net,FPR,3,0.0010002000400080016,0.0010002000400080016,0.00020004000800160032,0.00080016003200640128,0.0012002400480096019,0.001,per_format
partial,deployment,same_period,Dot_Net,FP,3,5,5,1,4,6,0.001,per_format
partial,deployment,same_period,Dot_Net,TP,3,2433,2428,20.952326839756964,2415,2456,0.001,per_format
partial,deployment,same_period,Dot_Net,TPR,3,0.39785376258081717,0.38752249550089984,0.087342095071958531,0.31613677264547091,0.48990201959608076,0.001,pooled
partial,deployment,same_period,Dot_Net,FPR,3,0.00086684003467360146,0.00080016003200640128,0.00011549315246841884,0.00080016003200640128,0.0010002000400080016,0.001,pooled
partial,deployment,same_period,Dot_Net,FP,3,4.333333333333333,4,0.57735026918962584,4,5,0.001,pooled
partial,deployment,same_period,Dot_Net,TP,3,1989.6666666666667,1938,436.79781745486468,1581,2450,0.001,pooled
partial,deployment,same_period,Dot_Net,TPR,3,0.67853096047457173,0.67606478704259143,0.0083752774532283632,0.67166566686662665,0.68786242751449711,0.0050000000000000001,per_format
partial,deployment,same_period,Dot_Net,FPR,3,0.0040674801626992066,0.0040008001600320064,0.00030556615956230164,0.0038007601520304059,0.0044008801760352066,0.0050000000000000001,per_format
partial,deployment,same_period,Dot_Net,FP,3,20.333333333333332,20,1.5275252316519465,19,22,0.0050000000000000001,per_format
partial,deployment,same_period,Dot_Net,TP,3,3393.3333333333335,3381,41.884762543594938,3359,3440,0.0050000000000000001,per_format
partial,deployment,same_period,Dot_Net,TPR,3,0.65153635939478771,0.64987002599480104,0.023739163667550797,0.62867426514697056,0.67606478704259143,0.0050000000000000001,pooled
partial,deployment,same_period,Dot_Net,FPR,3,0.0032673201306928049,0.0032006401280256051,0.00070251742034091751,0.002600520104020804,0.0040008001600320064,0.0050000000000000001,pooled
partial,deployment,same_period,Dot_Net,FP,3,16.333333333333332,16,3.5118845842842465,13,20,0.0050000000000000001,pooled
partial,deployment,same_period,Dot_Net,TP,3,3258.3333333333335,3250,118.71955750142152,3144,3381,0.0050000000000000001,pooled
partial,deployment,same_period,Dot_Net,TPR,3,0.78650936479370792,0.79184163167366528,0.010831731074996499,0.77404519096180768,0.79364127174565091,0.01,per_format
partial,deployment,same_period,Dot_Net,FPR,3,0.0084016803360672122,0.0084016803360672139,0.00020004000800160054,0.0082016403280656125,0.0086017203440688136,0.01,per_format
partial,deployment,same_period,Dot_Net,FP,3,42,42,1,41,43,0.01,per_format
partial,deployment,same_period,Dot_Net,TP,3,3933.3333333333335,3960,54.169487106057538,3871,3969,0.01,per_format
partial,deployment,same_period,Dot_Net,TPR,3,0.75364927014597072,0.76044791041791637,0.016111367389309073,0.73525294941011798,0.76524695060987802,0.01,pooled
partial,deployment,same_period,Dot_Net,FPR,3,0.0068680402747216115,0.0074014802960592121,0.0011017344563484901,0.005601120224044809,0.0076015203040608118,0.01,pooled
partial,deployment,same_period,Dot_Net,FP,3,34.333333333333336,37,5.5075705472861021,28,38,0.01,pooled
partial,deployment,same_period,Dot_Net,TP,3,3769,3803,80.572948313934745,3677,3827,0.01,pooled
partial,deployment,same_period,Dot_Net,TPR,3,0.95407585149636731,0.95640871825634877,0.0042150001343097664,0.94921015796840635,0.95660867826434715,0.050000000000000003,per_format
partial,deployment,same_period,Dot_Net,FPR,3,0.042808561712342465,0.044408881776355269,0.0029467733271966853,0.039407881576315265,0.044608921784356874,0.050000000000000003,per_format
partial,deployment,same_period,Dot_Net,FP,3,214,222,14.730919862656235,197,223,0.050000000000000003,per_format
partial,deployment,same_period,Dot_Net,TP,3,4771.333333333333,4783,21.079215671683169,4747,4784,0.050000000000000003,per_format
partial,deployment,same_period,Dot_Net,TPR,3,0.95194294474438435,0.95100979804039187,0.0017922188441976594,0.9508098380323935,0.95400919816036789,0.050000000000000003,pooled
partial,deployment,same_period,Dot_Net,FPR,3,0.041541641661665664,0.041608321664332863,0.0011017344563484907,0.040408081616323262,0.042608521704340867,0.050000000000000003,pooled
partial,deployment,same_period,Dot_Net,FP,3,207.66666666666666,208,5.5075705472861012,202,213,0.050000000000000003,pooled
partial,deployment,same_period,Dot_Net,TP,3,4760.666666666667,4756,8.9628864398325021,4755,4771,0.050000000000000003,pooled
partial,deployment,same_period,Pooled,TPR,3,0.4789992250636555,0.4633676519428761,0.041713099381199492,0.44735968116904684,0.52627034207904355,0.001,per_format
partial,deployment,same_period,Pooled,FPR,3,0.0011598081855693097,0.0012044161927065907,0.00027042167175158119,0.00086985613917698224,0.001405152224824356,0.001,per_format
partial,deployment,same_period,Pooled,FP,3,17.333333333333332,18,4.0414518843273806,13,21,0.001,per_format
partial,deployment,same_period,Pooled,TP,3,7211.333333333333,6976,627.99071118395796,6735,7923,0.001,per_format
partial,deployment,same_period,Pooled,TPR,3,0.47762648068194397,0.46423115244104951,0.046794522910284846,0.43899036864828961,0.52965792095649289,0.001,pooled
partial,deployment,same_period,Pooled,FPR,3,0.0013382402141184342,0.0015389762462361995,0.00034768500653774721,0.00093676814988290398,0.0015389762462361995,0.001,pooled
partial,deployment,same_period,Pooled,FP,3,20,23,5.196152422706632,14,23,0.001,pooled
partial,deployment,same_period,Pooled,TP,3,7190.666666666667,6989,704.49154241433826,6609,7974,0.001,pooled
partial,deployment,same_period,Pooled,TPR,3,0.7026679951289716,0.71225506476253742,0.021925095514216442,0.67758219860511459,0.71816672201926268,0.0050000000000000001,per_format
partial,deployment,same_period,Pooled,FPR,3,0.0051968328314932538,0.0051522248243559719,0.00020441956930772109,0.0050184008029441288,0.0054198728671796589,0.0050000000000000001,per_format
partial,deployment,same_period,Pooled,FP,3,77.666666666666671,77,3.0550504633038931,75,81,0.0050000000000000001,per_format
partial,deployment,same_period,Pooled,TP,3,10578.666666666666,10723,330.0823129665286,10201,10812,0.0050000000000000001,per_format
partial,deployment,same_period,Pooled,TPR,3,0.70074172478689245,0.70787113915642641,0.022580863432046246,0.67545665891730322,0.71889737628694783,0.0050000000000000001,pooled
partial,deployment,same_period,Pooled,FPR,3,0.0053083528493364568,0.0052191368350618939,0.00021509202098791004,0.0051522248243559719,0.0055536968885915019,0.0050000000000000001,pooled
partial,deployment,same_period,Pooled,FP,3,79.333333333333329,78,3.214550253664318,77,83,0.0050000000000000001,pooled
partial,deployment,same_period,Pooled,TP,3,10549.666666666666,10657,339.95489896945645,10169,10823,0.0050000000000000001,pooled
partial,deployment,same_period,Pooled,TPR,3,0.7908114690578989,0.79182995682497515,0.0053865556273601624,0.78498837595483228,0.79561607439388904,0.01,per_format
partial,deployment,same_period,Pooled,FPR,3,0.010460577673692427,0.010237537638006023,0.00050664956804284797,0.010103713616594179,0.011040481766477083,0.01,per_format
partial,deployment,same_period,Pooled,FP,3,156.33333333333334,153,7.5718777944003648,151,165,0.01,per_format
partial,deployment,same_period,Pooled,TP,3,11905.666666666666,11921,81.094594969907419,11818,11978,0.01,per_format
partial,deployment,same_period,Pooled,TPR,3,0.78439056791763528,0.78937230156094318,0.011010019564430906,0.77177017602125542,0.79202922617070737,0.01,pooled
partial,deployment,same_period,Pooled,FPR,3,0.010415969666555147,0.010036801605888258,0.00065673834568241132,0.010036801605888258,0.011174305787888927,0.01,pooled
partial,deployment,same_period,Pooled,FP,3,155.66666666666666,150,9.8149545762236379,150,167,0.01,pooled
partial,deployment,same_period,Pooled,TP,3,11809,11884,165.75584454250776,11619,11924,0.01,pooled
partial,deployment,same_period,Pooled,TPR,3,0.92398981512232936,0.92348057123879113,0.0014946430936997835,0.92281634008635005,0.92567253404184657,0.050000000000000003,per_format
partial,deployment,same_period,Pooled,FPR,3,0.049381063900970225,0.049180327868852458,0.0019148997017402738,0.047574439611910338,0.051388424222147878,0.050000000000000003,per_format
partial,deployment,same_period,Pooled,FP,3,738,735,28.61817604250837,711,768,0.050000000000000003,per_format
partial,deployment,same_period,Pooled,TP,3,13910.666666666666,13903,22.501851775650231,13893,13936,0.050000000000000003,per_format
partial,deployment,same_period,Pooled,TPR,3,0.92412266135281751,0.92328130189305879,0.0017527817099979789,0.92294918631683831,0.92613749584855531,0.050000000000000003,pooled
partial,deployment,same_period,Pooled,FPR,3,0.049693319950931188,0.049849447975911676,0.0013117712459045493,0.048310471729675473,0.05092004014720642,0.050000000000000003,pooled
partial,deployment,same_period,Pooled,FP,3,742.66666666666663,745,19.604421270043485,722,761,0.050000000000000003,pooled
partial,deployment,same_period,Pooled,TP,3,13912.666666666666,13900,26.388128644019709,13895,13943,0.050000000000000003,pooled
partial,deployment,same_period,Win32,TPR,3,0.42900682435566156,0.4122440866626913,0.0762310397818277,0.3625521765056649,0.51222420989862849,0.001,per_format
partial,deployment,same_period,Win32,FPR,3,0.0012074864157778223,0.0012074864157778226,0.00080499094385188164,0.00040249547192594082,0.002012477359629704,0.001,per_format
partial,deployment,same_period,Win32,FP,3,6,6,4,2,10,0.001,per_format
partial,deployment,same_period,Win32,TP,3,2158.3333333333335,2074,383.51836114237523,1824,2577,0.001,per_format
partial,deployment,same_period,Win32,TPR,3,0.46478499966872061,0.44265553567879151,0.046292097332074275,0.43371099185052675,0.51798847147684357,0.001,pooled
partial,deployment,same_period,Win32,FPR,3,0.0014758167303951164,0.0016099818877037633,0.00081333304172416586,0.00060374320788891128,0.0022137250955926746,0.001,pooled
partial,deployment,same_period,Win32,FP,3,7.333333333333333,8,4.0414518843273806,3,11,0.001,pooled
partial,deployment,same_period,Win32,TP,3,2338.3333333333335,2227,232.8955416776657,2182,2606,0.001,pooled
partial,deployment,same_period,Win32,TPR,3,0.65666202875505209,0.65533691115086468,0.026063837158064023,0.63128602663486388,0.68336314847942758,0.0050000000000000001,per_format
partial,deployment,same_period,Win32,FPR,3,0.0058361843429261427,0.0054336888710002015,0.0010649029225456188,0.0050311933990742604,0.0070436707587039644,0.0050000000000000001,per_format
partial,deployment,same_period,Win32,FP,3,29,27,5.2915026221291814,25,35,0.0050000000000000001,per_format
partial,deployment,same_period,Win32,TP,3,3303.6666666666665,3297,131.12716474222012,3176,3438,0.0050000000000000001,per_format
partial,deployment,same_period,Win32,TPR,3,0.66964818127608827,0.67223216060425361,0.019311173942968687,0.64917511429139341,0.6875372689326178,0.0050000000000000001,pooled
partial,deployment,same_period,Win32,FPR,3,0.0067082578654323469,0.006238679814852083,0.00081333304172416575,0.006238679814852083,0.0076474139665928757,0.0050000000000000001,pooled
partial,deployment,same_period,Win32,FP,3,33.333333333333336,31,4.0414518843273806,31,38,0.0050000000000000001,pooled
partial,deployment,same_period,Win32,TP,3,3369,3382,97.154516107075537,3266,3459,0.0050000000000000001,pooled
partial,deployment,same_period,Win32,TPR,3,0.73928311137613478,0.73245875571456964,0.013936905109549759,0.7300735440270324,0.75531703438680187,0.01,per_format
partial,deployment,same_period,Win32,FPR,3,0.011940699000469577,0.012074864157778226,0.0012130637499178324,0.010666130006037432,0.013081102837593077,0.01,per_format
partial,deployment,same_period,Win32,FP,3,59.333333333333336,60,6.0277137733417083,53,65,0.01,per_format
partial,deployment,same_period,Win32,TP,3,3719.3333333333335,3685,70.116569606144694,3673,3800,0.01,per_format
partial,deployment,same_period,Win32,TPR,3,0.75021533161068044,0.7485589346054462,0.0048863430908347915,0.74637249055853705,0.75571456966805806,0.01,pooled
partial,deployment,same_period,Win32,FPR,3,0.013081102837593075,0.013081102837593077,0.00040249547192594028,0.012678607365667137,0.013483598309519017,0.01,pooled
partial,deployment,same_period,Win32,FP,3,65,65,2,63,67,0.01,pooled
partial,deployment,same_period,Win32,TP,3,3774.3333333333335,3766,24.583192089989726,3755,3802,0.01,pooled
partial,deployment,same_period,Win32,TPR,3,0.86801828662293767,0.86801828662293778,1.3597399555105182e-16,0.86801828662293778,0.86801828662293778,0.050000000000000003,per_format
partial,deployment,same_period,Win32,FPR,3,0.052525659086335282,0.052123163614409336,0.0034389228196085872,0.049305695310927752,0.056148118333668749,0.050000000000000003,per_format
partial,deployment,same_period,Win32,FP,3,261,259,17.088007490635061,245,279,0.050000000000000003,per_format
partial,deployment,same_period,Win32,TP,3,4367,4367,0,4367,4367,0.050000000000000003,per_format
partial,deployment,same_period,Win32,TPR,3,0.88411846551381446,0.88491353607632672,0.0015524249007964064,0.88232955674816138,0.88511230371695493,0.050000000000000003,pooled
partial,deployment,same_period,Win32,FPR,3,0.064265110350841884,0.064399275508150527,0.00041893056942365024,0.063795532300261623,0.0646005232441135,0.050000000000000003,pooled
partial,deployment,same_period,Win32,FP,3,319.33333333333331,320,2.0816659994661326,317,321,0.050000000000000003,pooled
partial,deployment,same_period,Win32,TP,3,4448,4452,7.810249675906654,4439,4453,0.050000000000000003,pooled
partial,deployment,same_period,Win64,TPR,3,0.52160063706948046,0.49691419470435993,0.051619277022562172,0.48695998407326296,0.58092773243081819,0.001,per_format
partial,deployment,same_period,Win64,FPR,3,0.0012725202598620319,0.0012055455093429777,0.00011600367072325215,0.0012055455093429777,0.0014064697609001407,0.001,per_format
partial,deployment,same_period,Win64,FP,3,6.333333333333333,6,0.57735026918962584,6,7,0.001,per_format
partial,deployment,same_period,Win64,TP,3,2620,2496,259.28362848432988,2446,2918,0.001,per_format
partial,deployment,same_period,Win64,TPR,3,0.56991173933240424,0.57117260601234321,0.01169750346754006,0.55763487955405133,0.58092773243081819,0.001,pooled
partial,deployment,same_period,Win64,FPR,3,0.001674368762976358,0.0014064697609001407,0.00046401468289300837,0.0014064697609001407,0.0022101667671287923,0.001,pooled
partial,deployment,same_period,Win64,FP,3,8.3333333333333339,7,2.3094010767585034,7,11,0.001,pooled
partial,deployment,same_period,Win64,TP,3,2862.6666666666665,2869,58.756559917453757,2801,2918,0.001,pooled
partial,deployment,same_period,Win64,TPR,3,0.77277855199416023,0.79354967151104916,0.03719004639788611,0.72984272347202872,0.79494326099940271,0.0050000000000000001,per_format
partial,deployment,same_period,Win64,FPR,3,0.0056928537941196176,0.0058268032951577257,0.00041825718293472645,0.0052240305404862367,0.0060277275467148887,0.0050000000000000001,per_format
partial,deployment,same_period,Win64,FP,3,28.333333333333332,29,2.0816659994661331,26,30,0.0050000000000000001,per_format
partial,deployment,same_period,Win64,TP,3,3881.6666666666665,3986,186.80560305658216,3666,3993,0.0050000000000000001,per_format
partial,deployment,same_period,Win64,TPR,3,0.78087464330745238,0.79295241887318335,0.028469274436873557,0.748357555245869,0.80131395580330478,0.0050000000000000001,pooled
partial,deployment,same_period,Win64,FPR,3,0.0059607527961958338,0.0060277275467148887,0.00090601763167026195,0.0050231062889290736,0.0068314245529435399,0.0050000000000000001,pooled
partial,deployment,same_period,Win64,FP,3,29.666666666666668,30,4.5092497528228943,25,34,0.0050000000000000001,pooled
partial,deployment,same_period,Win64,TP,3,3922.3333333333335,3983,143.00116549641592,3759,4025,0.0050000000000000001,pooled
partial,deployment,same_period,Win64,TPR,3,0.84670515628110687,0.84610790364324107,0.013846017160573439,0.833167429822815,0.86084013537726456,0.01,per_format
partial,deployment,same_period,Win64,FPR,3,0.011050833835643962,0.011854530841872614,0.0019376433114311749,0.0088406670685151692,0.012457303596544103,0.01,per_format
partial,deployment,same_period,Win64,FP,3,55,59,9.6436507609929549,44,62,0.01,per_format
partial,deployment,same_period,Win64,TP,3,4253,4250,69.548544197560318,4185,4324,0.01,per_format
partial,deployment,same_period,Win64,TPR,3,0.84922688964098481,0.85188134580927732,0.014517230248988277,0.83356559824805898,0.86223372486561811,0.01,pooled
partial,deployment,same_period,Win64,FPR,3,0.011318732837720178,0.011854530841872614,0.0014810357234944737,0.0096443640747438213,0.012457303596544103,0.01,pooled
partial,deployment,same_period,Win64,FP,3,56.333333333333336,59,7.3711147958319936,48,62,0.01,pooled
partial,deployment,same_period,Win64,TP,3,4265.666666666667,4279,72.920047540668364,4187,4331,0.01,pooled
partial,deployment,same_period,Win64,TPR,3,0.95009622403610061,0.95142345212024682,0.0033863828580988887,0.94624726259207648,0.95261795739597854,0.050000000000000003,per_format
partial,deployment,same_period,Win64,FPR,3,0.052843078159533853,0.053445850914205346,0.0035547128818473246,0.049025517379947758,0.056057866184448461,0.050000000000000003,per_format
partial,deployment,same_period,Win64,FP,3,263,266,17.691806012954132,244,279,0.050000000000000003,per_format
partial,deployment,same_period,Win64,TP,3,4772.333333333333,4779,17.009801096230767,4753,4785,0.050000000000000003,per_format
partial,deployment,same_period,Win64,TPR,3,0.9364921361736015,0.93689030459884526,0.0032039571848359741,0.93310770455902847,0.93947839936293054,0.050000000000000003,pooled
partial,deployment,same_period,Win64,FPR,3,0.043332663585828136,0.044806108097247339,0.0032728663111300281,0.039582077556761103,0.045609805103475988,0.050000000000000003,pooled
partial,deployment,same_period,Win64,FP,3,215.66666666666666,223,16.289055630494158,197,227,0.050000000000000003,pooled
partial,deployment,same_period,Win64,TP,3,4704,4706,16.093476939431081,4687,4719,0.050000000000000003,pooled
partial,deployment,test,Dot_Net,TPR,3,0.5182684670373312,0.51767275615567909,0.0027298902074796819,0.51588562351072276,0.52124702144559176,0.001,per_format
partial,deployment,test,Dot_Net,FPR,3,0.0026188557614826753,0.0024174053182917004,0.0003489224028140364,0.0024174053182917004,0.0030217566478646252,0.001,per_format
partial,deployment,test,Dot_Net,FP,3,13,12,1.7320508075688772,12,15,0.001,per_format
partial,deployment,test,Dot_Net,TP,3,2610,2607,13.74772708486752,2598,2625,0.001,per_format
partial,deployment,test,Dot_Net,TPR,3,0.43321419115700288,0.40826052422557585,0.082986308811157899,0.36556791104050834,0.52581413820492451,0.001,pooled
partial,deployment,test,Dot_Net,FPR,3,0.0022159548751007254,0.0022159548751007254,0.001007252215954875,0.0012087026591458502,0.0032232070910556002,0.001,pooled
partial,deployment,test,Dot_Net,FP,3,11,11,5,6,16,0.001,pooled
partial,deployment,test,Dot_Net,TP,3,2181.6666666666665,2056,417.91905117299132,1841,2648,0.001,pooled
partial,deployment,test,Dot_Net,TPR,3,0.69519459888800628,0.69400317712470216,0.0039113811762494293,0.69201747418586179,0.6995631453534551,0.0050000000000000001,per_format
partial,deployment,test,Dot_Net,FPR,3,0.0064464141821112013,0.0064464141821112004,0.00040290088638194992,0.0060435132957292505,0.0068493150684931503,0.0050000000000000001,per_format
partial,deployment,test,Dot_Net,FP,3,32,32,2,30,34,0.0050000000000000001,per_format
partial,deployment,test,Dot_Net,TP,3,3501,3495,19.697715603592208,3485,3523,0.0050000000000000001,per_format
partial,deployment,test,Dot_Net,TPR,3,0.66805665872385489,0.6604447974583002,0.023101102801817638,0.6497220015885623,0.69400317712470216,0.0050000000000000001,pooled
partial,deployment,test,Dot_Net,FPR,3,0.0053720118184260009,0.0048348106365834007,0.0012951451465206757,0.0044319097502014508,0.0068493150684931503,0.0050000000000000001,pooled
partial,deployment,test,Dot_Net,FP,3,26.666666666666668,24,6.429100507328636,22,34,0.0050000000000000001,pooled
partial,deployment,test,Dot_Net,TP,3,3364.3333333333335,3326,116.33715370995344,3272,3495,0.0050000000000000001,pooled
partial,deployment,test,Dot_Net,TPR,3,0.79759068043420711,0.80142970611596509,0.0078838491924690841,0.78852263701350278,0.80281969817315335,0.01,per_format
partial,deployment,test,Dot_Net,FPR,3,0.011885576148267527,0.011885576148267527,0.00020145044319097496,0.011684125705076551,0.012087026591458501,0.01,per_format
partial,deployment,test,Dot_Net,FP,3,59,59,1,58,60,0.01,per_format
partial,deployment,test,Dot_Net,TP,3,4016.6666666666665,4036,39.703064533274173,3971,4043,0.01,per_format
partial,deployment,test,Dot_Net,TPR,3,0.76509134233518672,0.77223987291501195,0.013957952161072292,0.74900714853057981,0.77402700555996828,0.01,pooled
partial,deployment,test,Dot_Net,FPR,3,0.009602471125436475,0.0098710717163577755,0.0010337633842560198,0.0084609186140209517,0.010475423045930701,0.01,pooled
partial,deployment,test,Dot_Net,FP,3,47.666666666666664,49,5.1316014394468841,42,52,0.01,pooled
partial,deployment,test,Dot_Net,TP,3,3853,3889,70.292247083159893,3772,3898,0.01,pooled
partial,deployment,test,Dot_Net,TPR,3,0.95406407201482668,0.9549245432883241,0.0024020713941784837,0.95135027799841143,0.95591739475774429,0.050000000000000003,per_format
partial,deployment,test,Dot_Net,FPR,3,0.053182917002417403,0.053585817888799354,0.0008781021240009411,0.052175664786462531,0.05378726833199033,0.050000000000000003,per_format
partial,deployment,test,Dot_Net,FP,3,264,266,4.358898943540674,259,267,0.050000000000000003,per_format
partial,deployment,test,Dot_Net,TP,3,4804.666666666667,4809,12.096831541082704,4791,4814,0.050000000000000003,per_format
partial,deployment,test,Dot_Net,TPR,3,0.95240931956579289,0.9533359809372518,0.0021417381105855999,0.94996028594122317,0.95393169181890392,0.050000000000000003,pooled
partial,deployment,test,Dot_Net,FPR,3,0.051168412570507658,0.051772763900080579,0.0019840567690967174,0.048952457695406931,0.052780016116035458,0.050000000000000003,pooled
partial,deployment,test,Dot_Net,FP,3,254,257,9.8488578017961039,243,262,0.050000000000000003,pooled
partial,deployment,test,Dot_Net,TP,3,4796.333333333333,4801,10.785793124908958,4784,4804,0.050000000000000003,pooled
partial,deployment,test,Pooled,TPR,3,0.41376258435667657,0.40165947560570858,0.023181997139928637,0.39913707268503151,0.44049120477928977,0.001,per_format
partial,deployment,test,Pooled,FPR,3,0.0013837741323513002,0.0012721794442584534,0.00031642555247757672,0.0011382658185470371,0.0017408771342484097,0.001,per_format
partial,deployment,test,Pooled,FP,3,20.666666666666668,19,4.7258156262526079,17,26,0.001,per_format
partial,deployment,test,Pooled,TP,3,6233.333333333333,6051,349.23678691302462,6013,6636,0.001,per_format
partial,deployment,test,Pooled,TPR,3,0.40882841022236976,0.40477928974444077,0.032417234763167109,0.37862595419847328,0.44307998672419513,0.001,pooled
partial,deployment,test,Pooled,FPR,3,0.0013837741323513,0.0012052226314027451,0.00036876937042424522,0.0011382658185470371,0.0018078339471041178,0.001,pooled
partial,deployment,test,Pooled,FP,3,20.666666666666668,18,5.5075705472861021,17,27,0.001,pooled
partial,deployment,test,Pooled,TP,3,6159,6098,488.36564170711273,5704,6675,0.001,pooled
partial,deployment,test,Pooled,TPR,3,0.64960725743998227,0.6515101228011948,0.010878939534605005,0.63790242283438436,0.65940922668436774,0.0050000000000000001,per_format
partial,deployment,test,Pooled,FPR,3,0.0051556745898895216,0.0050217609641781055,0.00054806513370421516,0.0046869768998995644,0.0057582859055908941,0.0050000000000000001,per_format
partial,deployment,test,Pooled,FP,3,77,75,8.1853527718724504,70,86,0.0050000000000000001,per_format
partial,deployment,test,Pooled,TP,3,9786.3333333333339,9815,163.89122408882466,9610,9934,0.0050000000000000001,per_format
partial,deployment,test,Pooled,TPR,3,0.64748312866467528,0.65224029206770662,0.011052124145374207,0.63484898771988052,0.65536010620643881,0.0050000000000000001,pooled
partial,deployment,test,Pooled,FPR,3,0.0050440799017966746,0.0048878473384666886,0.00071594754747664083,0.0044191496484767322,0.0058252427184466021,0.0050000000000000001,pooled
partial,deployment,test,Pooled,FP,3,75.333333333333329,73,10.692676621563628,66,87,0.0050000000000000001,pooled
partial,deployment,test,Pooled,TP,3,9754.3333333333339,9826,166.50025025006218,9564,9873,0.0050000000000000001,pooled
partial,deployment,test,Pooled,TPR,3,0.7513220488992145,0.74563557915698642,0.017660355314622962,0.7372054430799867,0.77112512446067039,0.01,per_format
partial,deployment,test,Pooled,FPR,3,0.010445262805490461,0.010512219618346167,0.00011597260177896731,0.010311349179779043,0.010512219618346167,0.01,per_format
partial,deployment,test,Pooled,FP,3,156,157,1.7320508075688772,154,157,0.01,per_format
partial,deployment,test,Pooled,TP,3,11318.666666666666,11233,266.0532528147952,11106,11617,0.01,per_format
partial,deployment,test,Pooled,TPR,3,0.74760482354242719,0.74636574842349812,0.011665786959048933,0.73660803186193158,0.75984069034185198,0.01,pooled
partial,deployment,test,Pooled,FPR,3,0.010311349179779043,0.010579176431201875,0.00064570811924961283,0.009574824238366253,0.010780046869769,0.01,pooled
partial,deployment,test,Pooled,FP,3,154,158,9.6436507609929549,143,161,0.01,pooled
partial,deployment,test,Pooled,TP,3,11262.666666666666,11244,175.74508053807179,11097,11447,0.01,pooled
partial,deployment,test,Pooled,TPR,3,0.91102998119260981,0.91018918021905082,0.0028172663422762743,0.90872884168602719,0.91417192167275141,0.050000000000000003,per_format
partial,deployment,test,Pooled,FPR,3,0.047249190938511321,0.046401071309005691,0.0021387785038379874,0.045664546367592901,0.049681955138935384,0.050000000000000003,per_format
partial,deployment,test,Pooled,FP,3,705.66666666666663,693,31.942656954820357,682,742,0.050000000000000003,per_format
partial,deployment,test,Pooled,TP,3,13724.666666666666,13712,42.442117446392011,13690,13772,0.050000000000000003,per_format
partial,deployment,test,Pooled,TPR,3,0.91359663679610581,0.91284434118818458,0.001419538881057236,0.91271158313972789,0.91523398606040496,0.050000000000000003,pooled
partial,deployment,test,Pooled,FPR,3,0.046668898560428523,0.046334114496149985,0.0017318402619856128,0.045128891864747236,0.048543689320388349,0.050000000000000003,pooled
partial,deployment,test,Pooled,FP,3,697,692,25.865034312755125,674,725,0.050000000000000003,pooled
partial,deployment,test,Pooled,TP,3,13763.333333333334,13752,21.385353243127255,13750,13788,0.050000000000000003,pooled
partial,deployment,test,Win32,TPR,3,0.4110129800615549,0.3948213568847852,0.050751205735620697,0.37033319951826577,0.46788438378161379,0.001,per_format
partial,deployment,test,Win32,FPR,3,0.00026571011026969577,0.00039856516540454366,0.00023011170553592102,0,0.00039856516540454366,0.001,per_format
partial,deployment,test,Win32,FP,3,1.3333333333333333,2,1.1547005383792517,0,2,0.001,per_format
partial,deployment,test,Win32,TP,3,2047.6666666666667,1967,252.8425069748624,1845,2331,0.001,per_format
partial,deployment,test,Win32,TPR,3,0.43349391141442523,0.41549578482537136,0.03257421300794764,0.41389000401445203,0.47109594540345245,0.001,pooled
partial,deployment,test,Win32,FPR,3,0.00039856516540454366,0.00039856516540454366,0.0001992825827022718,0.00019928258270227183,0.00059784774810681541,0.001,pooled
partial,deployment,test,Win32,FP,3,2,2,1,1,3,0.001,pooled
partial,deployment,test,Win32,TP,3,2159.6666666666665,2070,162.28472920559511,2062,2347,0.001,pooled
partial,deployment,test,Win32,TPR,3,0.61755653686605116,0.61340826977117624,0.030919968679344378,0.5889201124046568,0.65034122842232034,0.0050000000000000001,per_format
partial,deployment,test,Win32,FPR,3,0.0035206589610734689,0.0037863690713431648,0.00064060387677646849,0.0027899561578318055,0.0039856516540454365,0.0050000000000000001,per_format
partial,deployment,test,Win32,FP,3,17.666666666666668,19,3.2145502536643185,14,20,0.0050000000000000001,per_format
partial,deployment,test,Win32,TP,3,3076.6666666666665,3056,154.04328396049382,2934,3240,0.0050000000000000001,per_format
partial,deployment,test,Win32,TPR,3,0.62832864980596825,0.63026896828582901,0.026849102138792977,0.6005620232838218,0.65415495784825373,0.0050000000000000001,pooled
partial,deployment,test,Win32,FPR,3,0.0040520791816128603,0.0041849342367477086,0.0010030336701568685,0.0029892387405340772,0.0049820645675567954,0.0050000000000000001,pooled
partial,deployment,test,Win32,FP,3,20.333333333333332,21,5.0332229568471671,15,25,0.0050000000000000001,pooled
partial,deployment,test,Win32,TP,3,3130.3333333333335,3140,133.76222685546668,2992,3259,0.0050000000000000001,pooled
partial,deployment,test,Win32,TPR,3,0.70005352602703053,0.69088719389803288,0.017285856265391565,0.68928141308711366,0.71999197109594537,0.01,per_format
partial,deployment,test,Win32,FPR,3,0.0079048757805234484,0.0083698684734954173,0.0017411109900466535,0.0059784774810681543,0.0093662813870067762,0.01,per_format
partial,deployment,test,Win32,FP,3,39.666666666666664,42,8.7368949480541058,30,47,0.01,per_format
partial,deployment,test,Win32,TP,3,3487.6666666666665,3442,86.118135914180897,3434,3587,0.01,per_format
partial,deployment,test,Win32,TPR,3,0.71490699852803419,0.71577679646728221,0.0059690370479569101,0.70855078281814532,0.72039341629867526,0.01,pooled
partial,deployment,test,Win32,FPR,3,0.0091005712767370794,0.0093662813870067762,0.00064060387677646773,0.0083698684734954173,0.0095655639697090466,0.01,pooled
partial,deployment,test,Win32,FP,3,45.666666666666664,47,3.214550253664318,42,48,0.01,pooled
partial,deployment,test,Win32,TP,3,3561.6666666666665,3566,29.737742572921256,3530,3589,0.01,pooled
partial,deployment,test,Win32,TPR,3,0.84243275792854266,0.84122842232035322,0.0028101164191087608,0.84042553191489366,0.84564431955038133,0.050000000000000003,per_format
partial,deployment,test,Win32,FPR,3,0.037996545768566488,0.036468712634515746,0.0031781250734437849,0.035870864886408928,0.041650059784774811,0.050000000000000003,per_format
partial,deployment,test,Win32,FP,3,190.66666666666666,183,15.947831618540915,180,209,0.050000000000000003,per_format
partial,deployment,test,Win32,TP,3,4197,4191,14,4187,4213,0.050000000000000003,per_format
partial,deployment,test,Win32,TPR,3,0.86290646326776388,0.86290646326776399,0.00060216780409477755,0.86230429546366916,0.86350863107185871,0.050000000000000003,pooled
partial,deployment,test,Win32,FPR,3,0.04616713165935963,0.044838581108011158,0.002653777647859464,0.044440015942606617,0.049222797927461141,0.050000000000000003,pooled
partial,deployment,test,Win32,FP,3,231.66666666666666,225,13.316656236958785,223,247,0.050000000000000003,pooled
partial,deployment,test,Win32,TP,3,4299,4299,3,4296,4302,0.050000000000000003,pooled
partial,deployment,test,Win64,TPR,3,0.31219866587411665,0.30929264909847431,0.019383412025953121,0.29443233604121261,0.33287101248266299,0.001,per_format
partial,deployment,test,Win64,FPR,3,0.0012786863180563968,0.0010094891984655764,0.00046626308838249611,0.0010094891984655764,0.0018170805572380376,0.001,per_format
partial,deployment,test,Win64,FP,3,6.333333333333333,5,2.3094010767585029,5,9,0.001,per_format
partial,deployment,test,Win64,TP,3,1575.6666666666667,1561,97.828080494985358,1486,1680,0.001,per_format
partial,deployment,test,Win64,TPR,3,0.3601479426722145,0.35684565088171188,0.029069097582662566,0.33287101248266299,0.3907271646522687,0.001,pooled
partial,deployment,test,Win64,FPR,3,0.0015478834376472172,0.0016151827175449223,0.0003084040443472536,0.0012113870381586917,0.0018170805572380376,0.001,pooled
partial,deployment,test,Win64,FP,3,7.666666666666667,8,1.5275252316519465,6,9,0.001,pooled
partial,deployment,test,Win64,TP,3,1817.6666666666667,1801,146.71173549969797,1680,1972,0.001,pooled
partial,deployment,test,Win64,TPR,3,0.63575721550756226,0.61026352288488206,0.052788061321811991,0.60055478502080439,0.69645333861700021,0.0050000000000000001,per_format
partial,deployment,test,Win64,FPR,3,0.0055185409516118169,0.0052493438320209973,0.00084056773650964393,0.0048455481526347667,0.0064607308701796892,0.0050000000000000001,per_format
partial,deployment,test,Win64,FP,3,27.333333333333332,26,4.1633319989322652,24,32,0.0050000000000000001,per_format
partial,deployment,test,Win64,TP,3,3208.6666666666665,3080,266.42134549118492,3031,3515,0.0050000000000000001,per_format
partial,deployment,test,Win64,TPR,3,0.6458622283865002,0.61382999801862492,0.059998161672083238,0.60867842282544082,0.71507826431543486,0.0050000000000000001,pooled
partial,deployment,test,Win64,FPR,3,0.0057204387913049335,0.0054512416717141131,0.0006490107517997816,0.0052493438320209973,0.0064607308701796892,0.0050000000000000001,pooled
partial,deployment,test,Win64,FP,3,28.333333333333332,27,3.2145502536643185,26,32,0.0050000000000000001,pooled
partial,deployment,test,Win64,TP,3,3259.6666666666665,3098,302.81072195900418,3072,3609,0.0050000000000000001,pooled
partial,deployment,test,Win64,TPR,3,0.75576249917442695,0.74400634040023772,0.059525840787915188,0.7029918763621954,0.82028928076084806,0.01,per_format
partial,deployment,test,Win64,FPR,3,0.011575476142405276,0.010700585503735109,0.0016932156437726804,0.010498687664041995,0.013527155259438725,0.01,per_format
partial,deployment,test,Win64,FP,3,57.333333333333336,53,8.3864970836060841,52,67,0.01,per_format
partial,deployment,test,Win64,TP,3,3814.3333333333335,3755,300.42691845660789,3548,4140,0.01,per_format
partial,deployment,test,Win64,TPR,3,0.76243312859124235,0.74895977808599168,0.053400539508647239,0.71705963938973649,0.82127996829799876,0.01,pooled
partial,deployment,test,Win64,FPR,3,0.012248468941382326,0.011911972541893802,0.0017406981837778533,0.010700585503735109,0.014132848778518069,0.01,pooled
partial,deployment,test,Win64,FP,3,60.666666666666664,59,8.6216781042517088,53,70,0.01,pooled
partial,deployment,test,Win64,TP,3,3848,3780,269.51252290014281,3619,4145,0.01,pooled
partial,deployment,test,Win64,TPR,3,0.93580344759262923,0.93719041014464033,0.00519331976305973,0.93005745987715471,0.94016247275609277,0.050000000000000003,per_format
partial,deployment,test,Win64,FPR,3,0.050676357762971934,0.049061175045427015,0.0040831311157190943,0.047647890167575209,0.055320008075913585,0.050000000000000003,per_format
partial,deployment,test,Win64,FP,3,251,243,20.223748416156685,236,274,0.050000000000000003,per_format
partial,deployment,test,Win64,TP,3,4723,4730,26.210684844162312,4694,4745,0.050000000000000003,per_format
partial,deployment,test,Win64,TPR,3,0.92490588468397072,0.92193382207251828,0.0058475746238849406,0.92114127204279772,0.93164255993659595,0.050000000000000003,pooled
partial,deployment,test,Win64,FPR,3,0.042667743455145034,0.042802342014940438,0.0010161968416812399,0.041590954976781745,0.043609933373712904,0.050000000000000003,pooled
partial,deployment,test,Win64,FP,3,211.33333333333334,212,5.0332229568471663,206,216,0.050000000000000003,pooled
partial,deployment,test,Win64,TP,3,4668,4653,29.512709126747414,4649,4702,0.050000000000000003,pooled
partial,deployment,threshold,Dot_Net,TPR,3,0.48935106489351066,0.49425057494250574,0.0091876611024004403,0.47875212478752127,0.49505049495050496,0.001,per_format
partial,deployment,threshold,Dot_Net,FPR,3,0.00090009000900090005,0.00090009000900090005,0,0.00090009000900090005,0.00090009000900090005,0.001,per_format
partial,deployment,threshold,Dot_Net,FP,3,9,9,0,9,9,0.001,per_format
partial,deployment,threshold,Dot_Net,TP,3,4894,4943,91.885798685106934,4788,4951,0.001,per_format
partial,deployment,threshold,Dot_Net,TPR,3,0.4051594840515948,0.39176082391760825,0.089248679850044463,0.32336766323367661,0.5003499650034996,0.001,pooled
partial,deployment,threshold,Dot_Net,FPR,3,0.0004667133380004667,0.00030003000300030005,0.00047262882550781163,0.00010001000100010001,0.0010001000100010001,0.001,pooled
partial,deployment,threshold,Dot_Net,FP,3,4.666666666666667,3,4.7258156262526088,1,10,0.001,pooled
partial,deployment,threshold,Dot_Net,TP,3,4052,3918,892.57604718029484,3234,5004,0.001,pooled
partial,deployment,threshold,Dot_Net,TPR,3,0.67996533679965332,0.68183181681831817,0.0040373349075474808,0.6753324667533247,0.68273172682731731,0.0050000000000000001,per_format
partial,deployment,threshold,Dot_Net,FPR,3,0.0049004900490049004,0.0049004900490049004,0,0.0049004900490049004,0.0049004900490049004,0.0050000000000000001,per_format
partial,deployment,threshold,Dot_Net,FP,3,49,49,0,49,49,0.0050000000000000001,per_format
partial,deployment,threshold,Dot_Net,TP,3,6800.333333333333,6819,40.3773864103824,6754,6828,0.0050000000000000001,per_format
partial,deployment,threshold,Dot_Net,TPR,3,0.65183481651834818,0.64443555644435557,0.027066833394024287,0.6292370762923708,0.68183181681831817,0.0050000000000000001,pooled
partial,deployment,threshold,Dot_Net,FPR,3,0.0042004200420042012,0.0040004000400040004,0.00062456225606544625,0.0037003700370037006,0.0049004900490049004,0.0050000000000000001,pooled
partial,deployment,threshold,Dot_Net,FP,3,42,40,6.2449979983983983,37,49,0.0050000000000000001,pooled
partial,deployment,threshold,Dot_Net,TP,3,6519,6445,270.69540077363706,6293,6819,0.0050000000000000001,pooled
partial,deployment,threshold,Dot_Net,TPR,3,0.78745458787454581,0.79152084791520849,0.0097567563012860552,0.77632236776322372,0.79452054794520544,0.01,per_format
partial,deployment,threshold,Dot_Net,FPR,3,0.0099009900990099011,0.0099009900990099011,0,0.0099009900990099011,0.0099009900990099011,0.01,per_format
partial,deployment,threshold,Dot_Net,FP,3,99,99,0,99,99,0.01,per_format
partial,deployment,threshold,Dot_Net,TP,3,7875.333333333333,7916,97.577319769162202,7764,7946,0.01,per_format
partial,deployment,threshold,Dot_Net,TPR,3,0.75392460753924606,0.75832416758324173,0.010793826823487267,0.74162583741625843,0.76182381761823814,0.01,pooled
partial,deployment,threshold,Dot_Net,FPR,3,0.0080674734140080678,0.0082008200820082016,0.00080837121398687477,0.0072007200720072004,0.0088008800880088004,0.01,pooled
partial,deployment,threshold,Dot_Net,FP,3,80.666666666666671,82,8.0829037686547611,72,88,0.01,pooled
partial,deployment,threshold,Dot_Net,TP,3,7540,7584,107.94906206169649,7417,7619,0.01,pooled
partial,deployment,threshold,Dot_Net,TPR,3,0.95557110955571112,0.95620437956204385,0.0047810837006347596,0.95050494950504949,0.96000399960004001,0.050000000000000003,per_format
partial,deployment,threshold,Dot_Net,FPR,3,0.049904990499049902,0.049904990499049902,0,0.049904990499049902,0.049904990499049902,0.050000000000000003,per_format
partial,deployment,threshold,Dot_Net,FP,3,499,499,0,499,499,0.050000000000000003,per_format
partial,deployment,threshold,Dot_Net,TP,3,9556.6666666666661,9563,47.815618090048076,9506,9601,0.050000000000000003,per_format
partial,deployment,threshold,Dot_Net,TPR,3,0.95357130953571312,0.95280471952804724,0.0036111944087676476,0.95040495950404957,0.95750424957504254,0.050000000000000003,pooled
partial,deployment,threshold,Dot_Net,FPR,3,0.048438177151048444,0.048104810481048102,0.002318276981126609,0.046304630463046302,0.050905090509050906,0.050000000000000003,pooled
partial,deployment,threshold,Dot_Net,FP,3,484.33333333333331,481,23.180451534284948,463,509,0.050000000000000003,pooled
partial,deployment,threshold,Dot_Net,TP,3,9536.6666666666661,9529,36.115555282084941,9505,9576,0.050000000000000003,pooled
partial,deployment,threshold,Pooled,TPR,3,0.47851837091649779,0.46650725648434127,0.041300165868792212,0.44455514595994822,0.52449271030520406,0.001,per_format
partial,deployment,threshold,Pooled,FPR,3,0.00090334236675700087,0.00090334236675700087,0,0.00090334236675700087,0.00090334236675700087,0.001,per_format
partial,deployment,threshold,Pooled,FP,3,27,27,0,27,27,0.001,per_format
partial,deployment,threshold,Pooled,TP,3,14408.666666666666,14047,1243.5892944752031,13386,15793,0.001,per_format
partial,deployment,threshold,Pooled,TPR,3,0.47744456621611153,0.46551094284480754,0.046398277739852396,0.43817873866693235,0.52864401713659459,0.001,pooled
partial,deployment,threshold,Pooled,FPR,3,0.00097025661614640838,0.00097025661614640838,0,0.00097025661614640838,0.00097025661614640838,0.001,pooled
partial,deployment,threshold,Pooled,FP,3,29,29,0,29,29,0.001,pooled
partial,deployment,threshold,Pooled,TP,3,14376.333333333334,14017,1397.0985410246958,13194,15918,0.001,pooled
partial,deployment,threshold,Pooled,TPR,3,0.70144908283794416,0.70788084088871173,0.019493612774106054,0.67955232307130287,0.71691408455381755,0.0050000000000000001,per_format
partial,deployment,threshold,Pooled,FPR,3,0.0049181973301214493,0.0049181973301214493,0,0.0049181973301214493,0.0049181973301214493,0.0050000000000000001,per_format
partial,deployment,threshold,Pooled,FP,3,147,147,0,147,147,0.0050000000000000001,per_format
partial,deployment,threshold,Pooled,TP,3,21121.333333333332,21315,586.97217424110772,20462,21587,0.0050000000000000001,per_format
partial,deployment,threshold,Pooled,TPR,3,0.69864833449569919,0.70243432632592739,0.021342000444408871,0.67566669987712136,0.71784397728404903,0.0050000000000000001,pooled
partial,deployment,threshold,Pooled,FPR,3,0.0049851115795108572,0.0049851115795108572,0,0.0049851115795108572,0.0049851115795108572,0.0050000000000000001,pooled
partial,deployment,threshold,Pooled,FP,3,149,149,0,149,149,0.0050000000000000001,pooled
partial,deployment,threshold,Pooled,TP,3,21037,21151,642.62897538159609,20345,21615,0.0050000000000000001,pooled
partial,deployment,threshold,Pooled,TPR,3,0.78813943962892852,0.78818372023513006,0.0042843202768138794,0.7838331506758327,0.79240144797582279,0.01,per_format
partial,deployment,threshold,Pooled,FPR,3,0.0099367660343270096,0.0099367660343270096,0,0.0099367660343270096,0.0099367660343270096,0.01,per_format
partial,deployment,threshold,Pooled,FP,3,297,297,0,297,297,0.01,per_format
partial,deployment,threshold,Pooled,TP,3,23731.666666666668,23733,129.00516785514188,23602,23860,0.01,per_format
partial,deployment,threshold,Pooled,TPR,3,0.78215048764017592,0.78575935704559796,0.0090581375542424999,0.77184417654677695,0.78884792932815251,0.01,pooled
partial,deployment,threshold,Pooled,FPR,3,0.0099702231590217145,0.0099702231590217145,0,0.0099702231590217145,0.0099702231590217145,0.01,pooled
partial,deployment,threshold,Pooled,FP,3,298,298,0,298,298,0.01,pooled
partial,deployment,threshold,Pooled,TP,3,23551.333333333332,23660,272.74957989579622,23241,23753,0.01,pooled
partial,deployment,threshold,Pooled,TPR,3,0.92227646596481916,0.92205506293381156,0.0014408643218064828,0.92095911793032448,0.9238152170303211,0.050000000000000003,per_format
partial,deployment,threshold,Pooled,FPR,3,0.049918030044497984,0.049918030044497977,8.4983747219407389e-18,0.049918030044497977,0.049918030044497977,0.050000000000000003,per_format
partial,deployment,threshold,Pooled,FP,3,1492,1492,0,1492,1492,0.050000000000000003,per_format
partial,deployment,threshold,Pooled,TP,3,27770.666666666668,27764,43.385865593915874,27731,27817,0.050000000000000003,per_format
partial,deployment,threshold,Pooled,TPR,3,0.92328384975590305,0.92348311248380988,0.0026292949968967473,0.92056059247451094,0.92580784430938856,0.050000000000000003,pooled
partial,deployment,threshold,Pooled,FPR,3,0.049984944293887383,0.049984944293887383,0,0.049984944293887383,0.049984944293887383,0.050000000000000003,pooled
partial,deployment,threshold,Pooled,FP,3,1494,1494,0,1494,1494,0.050000000000000003,pooled
partial,deployment,threshold,Pooled,TP,3,27801,27807,79.170701651557948,27719,27877,0.050000000000000003,pooled
partial,deployment,threshold,Win32,TPR,3,0.43201165987611384,0.4189605485441717,0.073320014847129938,0.36609361025539106,0.51098082082877871,0.001,per_format
partial,deployment,threshold,Win32,FPR,3,0.00090570594746905507,0.00090570594746905507,0,0.00090570594746905507,0.00090570594746905507,0.001,per_format
partial,deployment,threshold,Win32,FP,3,9,9,0,9,9,0.001,per_format
partial,deployment,threshold,Win32,TP,3,4347.333333333333,4216,737.81930940666859,3684,5142,0.001,per_format
partial,deployment,threshold,Win32,TPR,3,0.46566630229553807,0.44231342541985491,0.044820292830564427,0.43734472821226272,0.51734075325449669,0.001,pooled
partial,deployment,threshold,Win32,FPR,3,0.0012076079299587399,0.0012076079299587401,0.00020126798832645668,0.0010063399416322834,0.0014088759182851968,0.001,pooled
partial,deployment,threshold,Win32,FP,3,12,12,2,10,14,0.001,pooled
partial,deployment,threshold,Win32,TP,3,4686,4451,451.02660675396965,4401,5206,0.001,pooled
partial,deployment,threshold,Win32,TPR,3,0.66030673424094866,0.6550730398489516,0.022229872085854179,0.64116068766769352,0.68468647520620096,0.0050000000000000001,per_format
partial,deployment,threshold,Win32,FPR,3,0.0049310657139981888,0.0049310657139981888,0,0.0049310657139981888,0.0049310657139981888,0.0050000000000000001,per_format
partial,deployment,threshold,Win32,FP,3,49,49,0,49,49,0.0050000000000000001,per_format
partial,deployment,threshold,Win32,TP,3,6644.666666666667,6592,223.69920279995037,6452,6890,0.0050000000000000001,per_format
partial,deployment,threshold,Win32,TPR,3,0.67203285965086612,0.67057537513663912,0.016247057391332611,0.65656364901122921,0.68895955480473015,0.0050000000000000001,pooled
partial,deployment,threshold,Win32,FPR,3,0.0054342356848143302,0.0055348696789775586,0.00026625252199502752,0.0051323337023246457,0.0056355036731407871,0.0050000000000000001,pooled
partial,deployment,threshold,Win32,FP,3,54,55,2.6457513110645907,51,56,0.0050000000000000001,pooled
partial,deployment,threshold,Win32,TP,3,6762.666666666667,6748,163.4941385289801,6607,6933,0.0050000000000000001,pooled
partial,deployment,threshold,Win32,TPR,3,0.7407333797078407,0.73427407333797079,0.014397566449757433,0.73069661134850439,0.75722945443704659,0.01,per_format
partial,deployment,threshold,Win32,FPR,3,0.009962765422159606,0.009962765422159606,0,0.009962765422159606,0.009962765422159606,0.01,per_format
partial,deployment,threshold,Win32,FP,3,99,99,0,99,99,0.01,per_format
partial,deployment,threshold,Win32,TP,3,7454,7389,144.88271118390904,7353,7620,0.01,per_format
partial,deployment,threshold,Win32,TPR,3,0.75338699526317532,0.75573884527476898,0.0058793217673429885,0.74669581635695126,0.75772632415780583,0.01,pooled
partial,deployment,threshold,Win32,FPR,3,0.011438730669886954,0.011572909328771259,0.0010130266593231696,0.010365301398812518,0.012377981282077085,0.01,pooled
partial,deployment,threshold,Win32,FP,3,113.66666666666667,115,10.066445913694334,103,123,0.01,pooled
partial,deployment,threshold,Win32,TP,3,7581.333333333333,7605,59.163614944772718,7514,7625,0.01,pooled
partial,deployment,threshold,Win32,TPR,3,0.86859452118321245,0.86783265427804834,0.001584798928603902,0.86753453244559275,0.87041637682599626,0.050000000000000003,per_format
partial,deployment,threshold,Win32,FPR,3,0.049914461104961255,0.049914461104961255,0,0.049914461104961255,0.049914461104961255,0.050000000000000003,per_format
partial,deployment,threshold,Win32,FP,3,496,496,0,496,496,0.050000000000000003,per_format
partial,deployment,threshold,Win32,TP,3,8740.6666666666661,8733,15.947831618540915,8730,8759,0.050000000000000003,per_format
partial,deployment,threshold,Win32,TPR,3,0.88638245718639241,0.88651495577859485,0.0015941183100488211,0.88472622478386165,0.88790619099672063,0.050000000000000003,pooled
partial,deployment,threshold,Win32,FPR,3,0.060715843145147767,0.059675958538794406,0.0029102775789801006,0.058468350608835665,0.064003220287813217,0.050000000000000003,pooled
partial,deployment,threshold,Win32,FP,3,603.33333333333337,593,28.919428302325294,581,636,0.050000000000000003,pooled
partial,deployment,threshold,Win32,TP,3,8919.6666666666661,8921,16.041612554021288,8903,8935,0.050000000000000003,pooled
partial,deployment,threshold,Win64,TPR,3,0.51431604790816488,0.48910122424604358,0.046634774061075503,0.48571712949139045,0.56812978998706076,0.001,per_format
partial,deployment,threshold,Win64,FPR,3,0.00090424997488194501,0.00090424997488194512,1.3278710503032405e-19,0.00090424997488194512,0.00090424997488194512,0.001,per_format
partial,deployment,threshold,Win64,FP,3,9,9,0,9,9,0.001,per_format
partial,deployment,threshold,Win64,TP,3,5167.333333333333,4914,468.53957499162578,4880,5708,0.001,per_format
partial,deployment,threshold,Win64,TPR,3,0.56119571347997743,0.56713446800039813,0.01115930107404968,0.5483228824524734,0.56812978998706076,0.001,pooled
partial,deployment,threshold,Win64,FPR,3,0.0012391573729863693,0.0014066110720385814,0.00029003831467377966,0.00090424997488194512,0.0014066110720385814,0.001,pooled
partial,deployment,threshold,Win64,FP,3,12.333333333333334,14,2.8867513459481287,9,14,0.001,pooled
partial,deployment,threshold,Win64,TP,3,5638.333333333333,5698,112.11749789097746,5509,5708,0.001,pooled
partial,deployment,threshold,Win64,TPR,3,0.76404233436183266,0.78411466109286354,0.036241521890300485,0.72220563352244449,0.78580670847019007,0.0050000000000000001,per_format
partial,deployment,threshold,Win64,FPR,3,0.0049231387521350345,0.0049231387521350345,0,0.0049231387521350345,0.0049231387521350345,0.0050000000000000001,per_format
partial,deployment,threshold,Win64,FP,3,49,49,0,49,49,0.0050000000000000001,per_format
partial,deployment,threshold,Win64,TP,3,7676.333333333333,7878,364.11857043184892,7256,7895,0.0050000000000000001,per_format
partial,deployment,threshold,Win64,TPR,3,0.77190537805646786,0.78262167811286953,0.027164511270488058,0.74101721907036922,0.79207723698616506,0.0050000000000000001,pooled
partial,deployment,threshold,Win64,FPR,3,0.005325027629860344,0.005325027629860344,0.00040188887772530909,0.0049231387521350345,0.0057269165075856526,0.0050000000000000001,pooled
partial,deployment,threshold,Win64,FP,3,53,53,4,49,57,0.0050000000000000001,pooled
partial,deployment,threshold,Win64,TP,3,7755.333333333333,7863,272.92184473459309,7445,7958,0.0050000000000000001,pooled
partial,deployment,threshold,Win64,TPR,3,0.83630271059354355,0.83099432666467599,0.01335710733769907,0.82641584552602765,0.85149795958992736,0.01,per_format
partial,deployment,threshold,Win64,FPR,3,0.0099467497237013969,0.0099467497237013969,0,0.0099467497237013969,0.0099467497237013969,0.01,per_format
partial,deployment,threshold,Win64,FP,3,99,99,0,99,99,0.01,per_format
partial,deployment,threshold,Win64,TP,3,8402.3333333333339,8349,134.19885742186233,8303,8555,0.01,per_format
partial,deployment,threshold,Win64,TPR,3,0.83905643475664382,0.83766298397531602,0.012698061856328916,0.82711257091669155,0.85239374937792378,0.01,pooled
partial,deployment,threshold,Win64,FPR,3,0.010415620081047591,0.010348638601426706,0.0003069477005228465,0.010147694162564051,0.010750527479152014,0.01,pooled
partial,deployment,threshold,Win64,FP,3,103.66666666666667,103,3.0550504633038931,101,107,0.01,pooled
partial,deployment,threshold,Win64,TP,3,8430,8416,127.57742747053649,8310,8564,0.01,pooled
partial,deployment,threshold,Win64,TPR,3,0.94290169536511736,0.9441624365482234,0.0027173080162494478,0.93978301980690748,0.94475962974022099,0.050000000000000003,per_format
partial,deployment,threshold,Win64,FPR,3,0.049934693057369639,0.049934693057369639,0,0.049934693057369639,0.049934693057369639,0.050000000000000003,per_format
partial,deployment,threshold,Win64,FP,3,497,497,0,497,497,0.050000000000000003,per_format
partial,deployment,threshold,Win64,TP,3,9473.3333333333339,9486,27.300793639257694,9442,9492,0.050000000000000003,per_format
partial,deployment,threshold,Win64,TPR,3,0.93009521913672399,0.93311436249626756,0.005665763495829217,0.92355927142430572,0.93361202348959893,0.050000000000000003,pooled
partial,deployment,threshold,Win64,FPR,3,0.0408252118289293,0.040590776650256205,0.0012722073688484271,0.039686526675374256,0.04219833216115744,0.050000000000000003,pooled
partial,deployment,threshold,Win64,FP,3,406.33333333333331,404,12.662279942148386,395,420,0.050000000000000003,pooled
partial,deployment,threshold,Win64,TP,3,9344.6666666666661,9375,56.923925842595686,9279,9380,0.050000000000000003,pooled
unfrozen,global,calibration,Dot_Net,ROC_AUC,3,0.9868790833333333,0.98645650000000007,0.00094879602435583052,0.98621499999999995,0.98796575000000009,,
unfrozen,global,calibration,Dot_Net,AP,3,0.9867054765866925,0.98632349537857966,0.0010786601559676734,0.98586978539994963,0.98792314898154809,,
unfrozen,global,calibration,Dot_Net,Accuracy,3,0.9501666666666666,0.94899999999999995,0.0031655699855371046,0.94774999999999998,0.95374999999999999,,
unfrozen,global,calibration,Dot_Net,F1,3,0.95038758343106167,0.949050949050949,0.0031982009890194722,0.94807453416149068,0.95403726708074532,,
unfrozen,global,calibration,Dot_Net,Brier,3,0.045308779983377657,0.045219745281642992,0.0015314659987766437,0.043823773643083527,0.046882821025406467,,
unfrozen,global,calibration,Dot_Net,LogLoss,3,0.20047504510586386,0.19309280463759448,0.013395650200996818,0.1923945750243721,0.21593775565562501,,
unfrozen,global,calibration,Dot_Net,ECE,3,0.040407074012920999,0.040318892550714358,0.0010292973428329744,0.039424704300434141,0.041477625187614497,,
unfrozen,global,calibration,Pooled,ROC_AUC,3,0.98242733781939362,0.98242879154264184,0.00030013167555991549,0.98212648192270136,0.98272673999283766,,
unfrozen,global,calibration,Pooled,AP,3,0.98302502656979429,0.98293889515893995,0.00038684429666724081,0.98268850757464443,0.98344767697579849,,
unfrozen,global,calibration,Pooled,Accuracy,3,0.93794444444444436,0.9368333333333333,0.0022194427061598089,0.9365,0.9405,,
unfrozen,global,calibration,Pooled,F1,3,0.93774443149799558,0.93670674682698729,0.0023369807310623489,0.93610598691933589,0.94042056074766356,,
unfrozen,global,calibration,Pooled,Brier,3,0.055596556004432689,0.055878957945850551,0.00051049021942276961,0.055007262273529089,0.055903447793918419,,
unfrozen,global,calibration,Pooled,LogLoss,3,0.2455203862211828,0.24090082495312662,0.024000622367206598,0.22416532765691372,0.27149500605350813,,
unfrozen,global,calibration,Pooled,ECE,3,0.049460754726664925,0.0503030074004771,0.0020703670425036192,0.047102006776600744,0.050977250002916925,,
unfrozen,global,calibration,Win32,ROC_AUC,3,0.97323428581524229,0.97330487213084749,0.00083963859277696984,0.9723615822768511,0.97403640303802819,,
unfrozen,global,calibration,Win32,AP,3,0.97542392583197113,0.97573780724144399,0.00096166820144795505,0.9743445348167753,0.9761894354376941,,
unfrozen,global,calibration,Win32,Accuracy,3,0.91766666666666674,0.91600000000000004,0.0037859388972001857,0.91500000000000004,0.92200000000000004,,
unfrozen,global,calibration,Win32,F1,3,0.91672443431232153,0.9157049673858505,0.0041524017951157398,0.91317671092951991,0.92129162462159431,,
unfrozen,global,calibration,Win32,Brier,3,0.07218784813272254,0.072845370017068659,0.0016652994937906866,0.070294168300407259,0.073424006080691703,,
unfrozen,global,calibration,Win32,LogLoss,3,0.30812100981823837,0.30465821938848858,0.025526451623288746,0.2845027197430387,0.33520209032318793,,
unfrozen,global,calibration,Win32,ECE,3,0.064178904379520826,0.063854925897004297,0.0022330272805116259,0.062125563105334763,0.066556224136223432,,
unfrozen,global,calibration,Win64,ROC_AUC,3,0.98499961290882798,0.98495919542370736,0.00047542486252515054,0.98454568705016265,0.98549395625261405,,
unfrozen,global,calibration,Win64,AP,3,0.98585103458275247,0.98590434007871874,0.00023184547794245924,0.98559717880064091,0.98605158486889799,,
unfrozen,global,calibration,Win64,Accuracy,3,0.94600000000000006,0.94574999999999998,0.00066143782776613771,0.94550000000000001,0.94674999999999998,,
unfrozen,global,calibration,Win64,F1,3,0.94584674783719669,0.94568210262828534,0.00063666269282485811,0.94530858003010532,0.94654956085319952,,
unfrozen,global,calibration,Win64,Brier,3,0.049293039897197875,0.049645228083043606,0.0018127425865624813,0.047330046731453523,0.050903844877096475,,
unfrozen,global,calibration,Win64,LogLoss,3,0.22796510373944623,0.22495145083329687,0.033973638320576052,0.19559868820333043,0.26334517218171138,,
unfrozen,global,calibration,Win64,ECE,3,0.044715909747081693,0.045879221797975558,0.0045742302352893265,0.039672347060842876,0.048596160382426618,,
unfrozen,global,same_period,Dot_Net,ROC_AUC,3,0.98863996621226524,0.98842115953684639,0.00097409880609868353,0.98779387951175501,0.98970485958819432,,
unfrozen,global,same_period,Dot_Net,AP,3,0.98879802614217116,0.98825214866426903,0.0010194842535206682,0.98816771437460915,0.98997421538763519,,
unfrozen,global,same_period,Dot_Net,Accuracy,3,0.95346666666666657,0.95340000000000003,0.0011015141094572101,0.95240000000000002,0.9546,,
unfrozen,global,same_period,Dot_Net,F1,3,0.95349518285359236,0.95341863254698123,0.0012401820684310445,0.95229504910803764,0.9547718669057581,,
unfrozen,global,same_period,Dot_Net,Brier,3,0.041830684028068811,0.041494786213117016,0.0009605696882843286,0.041083169326500857,0.042914096544588574,,
unfrozen,global,same_period,Dot_Net,LogLoss,3,0.18348621573692447,0.18377374534459254,0.01386260507029115,0.16948208245391944,0.19720281941226148,,
unfrozen,global,same_period,Dot_Net,ECE,3,0.036503809927133292,0.036099282962078441,0.0025082316609012353,0.034222428001061692,0.039189718818259736,,
unfrozen,global,same_period,Pooled,ROC_AUC,3,0.98328188338235811,0.98354107427444304,0.00056478095475213875,0.98263402874638661,0.98367054712624469,,
unfrozen,global,same_period,Pooled,AP,3,0.98431720984490012,0.98456007553125202,0.00048679764070610722,0.98375676203980178,0.98463479196364634,,
unfrozen,global,same_period,Pooled,Accuracy,3,0.9380222222222222,0.93803333333333339,0.0011167081252669092,0.93689999999999996,0.93913333333333338,,
unfrozen,global,same_period,Pooled,F1,3,0.93782557692060975,0.93802713604693799,0.0012498797923936927,0.93648716658278808,0.93896242813210318,,
unfrozen,global,same_period,Pooled,Brier,3,0.055262745020952207,0.055357601484697275,0.0006805031401607561,0.054539790170630792,0.055890843407528562,,
unfrozen,global,same_period,Pooled,LogLoss,3,0.24130111999695811,0.23974805986073275,0.027555712791281106,0.21455478119942514,0.26960051893071635,,
unfrozen,global,same_period,Pooled,ECE,3,0.048167186964512644,0.047794928726665478,0.0027423132003482065,0.045630018534127625,0.051076613632744822,,
unfrozen,global,same_period,Win32,ROC_AUC,3,0.97147715691524505,0.97135993907605789,0.00060588756070623691,0.9709384428737442,0.9721330887959333,,
unfrozen,global,same_period,Win32,AP,3,0.97451705051811555,0.97456656943851128,0.00044933027588780708,0.97404501194570514,0.97493957017013,,
unfrozen,global,same_period,Win32,Accuracy,3,0.91313333333333324,0.91290000000000004,0.0015631165450257696,0.91169999999999995,0.91479999999999995,,
unfrozen,global,same_period,Win32,F1,3,0.91240783490932786,0.91285642821410706,0.0019850642214595646,0.91023686083155431,0.91413021568232211,,
unfrozen,global,same_period,Win32,Brier,3,0.076417190783826722,0.076631750640716284,0.0014250129468350681,0.074897064455554205,0.07772275725520969,,
unfrozen,global,same_period,Win32,LogLoss,3,0.32571966355646881,0.32484127306391125,0.041964050902673009,0.2842017033847612,0.36811601422073409,,
unfrozen,global,same_period,Win32,ECE,3,0.066195638992296177,0.066208205859715832,0.0038477745801269283,0.062341596369804728,0.070037114747367971,,
unfrozen,global,same_period,Win64,ROC_AUC,3,0.98699887156278898,0.98706312625575154,0.00015462317912599558,0.98682248116370164,0.98711100726891399,,
unfrozen,global,same_period,Win64,AP,3,0.98805757288996954,0.98809718063878893,0.00033498878327732173,0.98770454100863858,0.9883709970224811,,
unfrozen,global,same_period,Win64,Accuracy,3,0.94746666666666668,0.94799999999999995,0.0016653327995728917,0.9456,0.94879999999999998,,
unfrozen,global,same_period,Win64,F1,3,0.94736540901789779,0.94777018883085573,0.0017941460178911974,0.94540345242874346,0.94892258579409416,,
unfrozen,global,same_period,Win64,Brier,3,0.047540360250961089,0.047639136729837321,0.0009678026755474277,0.046526957268786973,0.048454986754258987,,
unfrozen,global,same_period,Win64,LogLoss,3,0.21469748069748099,0.21062916117369451,0.026982102279495344,0.18998055775959491,0.24348272315915351,,
unfrozen,global,same_period,Win64,ECE,3,0.042935465779803124,0.04215036053543765,0.0028536287132477885,0.040556573986247998,0.04609946281772373,,
unfrozen,global,test,Dot_Net,ROC_AUC,3,0.98686113221442728,0.98671195114754762,0.00042539411419940568,0.98653042173706296,0.9873410237586715,,
unfrozen,global,test,Dot_Net,AP,3,0.98584345415692531,0.98590091844923078,0.0008622990752990133,0.98495386018295472,0.98667558383859044,,
unfrozen,global,test,Dot_Net,Accuracy,3,0.9466,0.94689999999999996,0.0015716233645501677,0.94489999999999996,0.94799999999999995,,
unfrozen,global,test,Dot_Net,F1,3,0.9470826260449634,0.94721145243065907,0.0015820091452139649,0.94544014258837505,0.94859628311585609,,
unfrozen,global,test,Dot_Net,Brier,3,0.04835165723467056,0.048167296791764513,0.00045450213811288991,0.048018301777398756,0.048869373134848418,,
unfrozen,global,test,Dot_Net,LogLoss,3,0.21186689263840378,0.20530132068926041,0.021783114602740933,0.19412174408455327,0.23617761314139771,,
unfrozen,global,test,Dot_Net,ECE,3,0.043637931335690196,0.042445109125084479,0.0022859573188005367,0.042195106740101185,0.046273578141884944,,
unfrozen,global,test,Pooled,ROC_AUC,3,0.98029072249615945,0.98022549534541259,0.0011697855231141568,0.97915491524229736,0.98149175690076851,,
unfrozen,global,test,Pooled,AP,3,0.98012110310905698,0.97973481679839369,0.0013039886970856581,0.97905389961097433,0.98157459291780302,,
unfrozen,global,test,Pooled,Accuracy,3,0.9253555555555556,0.9237333333333333,0.0040201345103716745,0.9224,0.92993333333333328,,
unfrozen,global,test,Pooled,F1,3,0.92381395828299961,0.92193257813566265,0.0044675007049208553,0.92059485640221028,0.92891444031112613,,
unfrozen,global,test,Pooled,Brier,3,0.066821440505997642,0.065857335026696509,0.0050168377443337723,0.062356621868549532,0.072250364622746879,,
unfrozen,global,test,Pooled,LogLoss,3,0.28996674446345461,0.27000836033632541,0.048085339656010709,0.2550744860589389,0.34481738699509951,,
unfrozen,global,test,Pooled,ECE,3,0.061092627601955642,0.057305619576101467,0.0069865318777165928,0.05681721312478763,0.069155050104977828,,
unfrozen,global,test,Win32,ROC_AUC,3,0.97604680956665202,0.97647009505243187,0.00088840548399821747,0.97502591633587576,0.97664441731164831,,
unfrozen,global,test,Win32,AP,3,0.97730090467423059,0.97773989675895678,0.00079982186915720382,0.97637771872534396,0.97778509853839068,,
unfrozen,global,test,Win32,Accuracy,3,0.91533333333333333,0.91700000000000004,0.0031501322723551731,0.91169999999999995,0.9173,,
unfrozen,global,test,Win32,F1,3,0.91208265050603898,0.91423830758062841,0.0038262030467455374,0.90766495869497021,0.91434468524251811,,
unfrozen,global,test,Win32,Brier,3,0.07512845354171177,0.075321874052856397,0.0018997637645011218,0.073139378696449375,0.076924107875829525,,
unfrozen,global,test,Win32,LogLoss,3,0.32373258116185699,0.31265420486152545,0.045064449199977624,0.28524045357414646,0.37330308504989906,,
unfrozen,global,test,Win32,ECE,3,0.06947429369261264,0.068257837666940421,0.0025777304988445233,0.067729891139916315,0.072435152270981212,,
unfrozen,global,test,Win64,ROC_AUC,3,0.97746267526865349,0.97676042655129014,0.0026190149937315521,0.97526637453685416,0.98036122471781606,,
unfrozen,global,test,Win64,AP,3,0.9766782190754042,0.97550473254347048,0.002757827643650043,0.97470121306899515,0.97982871161374696,,
unfrozen,global,test,Win64,Accuracy,3,0.91413333333333335,0.91459999999999997,0.012006803626833089,0.90190000000000003,0.92589999999999995,,
unfrozen,global,test,Win64,F1,3,0.91112984326827273,0.91146589259796806,0.013590732616892254,0.89737420232241871,0.92454943488443131,,
unfrozen,global,test,Win64,Brier,3,0.076984210741610576,0.074082834235468589,0.012772308002643448,0.065912185131800444,0.090957612857562709,,
unfrozen,global,test,Win64,LogLoss,3,0.33430075959010302,0.29206955545819041,0.078584464406985952,0.28586126051811689,0.42497146279400161,,
unfrozen,global,test,Win64,ECE,3,0.072277373591604493,0.06544738455879795,0.015038794076134348,0.061865627182425185,0.089519109033590352,,
unfrozen,global,threshold,Dot_Net,ROC_AUC,3,0.98760496320938296,0.98760748987607483,0.00052920452911377962,0.9870744998707448,0.98813289988132891,,
unfrozen,global,threshold,Dot_Net,AP,3,0.98773278856187208,0.98766896804360371,0.00034634552726874529,0.98742279177172954,0.98810660587028276,,
unfrozen,global,threshold,Dot_Net,Accuracy,3,0.95101666666666673,0.95040000000000002,0.0019495726027346091,0.94945000000000002,0.95320000000000005,,
unfrozen,global,threshold,Dot_Net,F1,3,0.95118936366471463,0.95059268851479228,0.0020752759585961783,0.94947778721703058,0.95349761526232113,,
unfrozen,global,threshold,Dot_Net,Brier,3,0.044173144578554958,0.044233494224965329,0.00079890078070840283,0.043345780381643557,0.044940159129055982,,
unfrozen,global,threshold,Dot_Net,LogLoss,3,0.19339779780952016,0.18878546955771694,0.015507352912967114,0.18071987652988156,0.21068804734096197,,
unfrozen,global,threshold,Dot_Net,ECE,3,0.038624507715641604,0.038503075797582033,0.0018534843993293019,0.036834725056591827,0.040535722292750959,,
unfrozen,global,threshold,Pooled,ROC_AUC,3,0.98231382639480191,0.98226748946415299,0.00043892866822685801,0.98189990443191388,0.98277408528833876,,
unfrozen,global,threshold,Pooled,AP,3,0.98366466123581819,0.98377753938280399,0.0005089468826839095,0.98310875162030764,0.98410769270434306,,
unfrozen,global,threshold,Pooled,Accuracy,3,0.93637222222222227,0.93643333333333334,0.0018924068546968844,0.93445,0.93823333333333336,,
unfrozen,global,threshold,Pooled,F1,3,0.93611629994444145,0.93633784009347354,0.0020344380089348259,0.93398015879677032,0.93803090094308073,,
unfrozen,global,threshold,Pooled,Brier,3,0.056781180149231641,0.056763687124063371,0.00010735600921488342,0.056683644921768896,0.056896208401862658,,
unfrozen,global,threshold,Pooled,LogLoss,3,0.24897080687801468,0.24579514626366947,0.027705293992988225,0.22299018238654503,0.27812709198382957,,
unfrozen,global,threshold,Pooled,ECE,3,0.049602722429504698,0.048980969462761967,0.0021816285555325003,0.047799463015972835,0.052027734809779277,,
unfrozen,global,threshold,Win32,ROC_AUC,3,0.97122513292552581,0.97122637297474335,0.00070134365849912415,0.97052317006461986,0.97192585573721424,,
unfrozen,global,threshold,Win32,AP,3,0.97436899956458012,0.97435661188810618,0.00029078736059257309,0.97408460400489605,0.97466578280073801,,
unfrozen,global,threshold,Win32,Accuracy,3,0.91310000000000002,0.91495000000000004,0.0036908671067920921,0.90885000000000005,0.91549999999999998,,
unfrozen,global,threshold,Win32,F1,3,0.91226969997244189,0.91462129197410025,0.0042752080407023572,0.90733492604076649,0.91485288190245873,,
unfrozen,global,threshold,Win32,Brier,3,0.076320537427977633,0.076944904629116379,0.0014844374716671135,0.074625899920076774,0.077390807734739733,,
unfrozen,global,threshold,Win32,LogLoss,3,0.32588965470436998,0.31818406984608877,0.037806183325807999,0.29252987574750622,0.36695501851951501,,
unfrozen,global,threshold,Win32,ECE,3,0.066209171194628366,0.065706153247868479,0.0025760101626577324,0.063921771334071176,0.068999589001945444,,
unfrozen,global,threshold,Win64,ROC_AUC,3,0.98526572285315117,0.9849182968451774,0.00062793758506533794,0.98488827618202091,0.98599059553225521,,
unfrozen,global,threshold,Win64,AP,3,0.98707242585052857,0.98695556064459267,0.00053800618193852138,0.98660245752187814,0.98765925938511501,,
unfrozen,global,threshold,Win64,Accuracy,3,0.94499999999999995,0.94489999999999996,0.00095393920141689879,0.94410000000000005,0.94599999999999995,,
unfrozen,global,threshold,Win64,F1,3,0.9446544648250188,0.94483380056067279,0.00097917006962208427,0.94359802239935431,0.9455315715150292,,
unfrozen,global,threshold,Win64,Brier,3,0.049849858441162354,0.050397940194828052,0.0010255154459883884,0.048666759412485071,0.050484875716173931,,
unfrozen,global,threshold,Win64,LogLoss,3,0.22762496812015395,0.23041589938720272,0.03060430055878972,0.19572079488224725,0.25673821009101183,,
unfrozen,global,threshold,Win64,ECE,3,0.044688596191342078,0.045376934975725827,0.0030756062101187989,0.041327143940657118,0.047361709657643268,,
unfrozen,global,tune,Dot_Net,ROC_AUC,3,0.98307466666666654,0.98319699999999999,0.0010468745547262501,0.98197199999999996,0.9840549999999999,,
unfrozen,global,tune,Dot_Net,AP,3,0.98252041306282767,0.98247315656954082,0.00089938638915611213,0.98164558652770351,0.98344249609123857,,
unfrozen,global,tune,Dot_Net,Accuracy,3,0.94333333333333325,0.94399999999999995,0.0020816659994661348,0.94099999999999995,0.94499999999999995,,
unfrozen,global,tune,Dot_Net,F1,3,0.94416653998420952,0.94466403162055335,0.0022031742065337524,0.94175715695952611,0.94607843137254899,,
unfrozen,global,tune,Dot_Net,Brier,3,0.051800851493493866,0.051412114038680332,0.0025438953436038173,0.049473699665238235,0.05451674077656303,,
unfrozen,global,tune,Dot_Net,LogLoss,3,0.24092295565913793,0.24503096585385117,0.029801419081916386,0.20928064597236443,0.26845725515119823,,
unfrozen,global,tune,Dot_Net,ECE,3,0.047287850352569882,0.049145322621979529,0.0039425941666397955,0.04275961476112073,0.049958613674609409,,
unfrozen,global,tune,Pooled,ROC_AUC,3,0.9791997018330284,0.97937188933317876,0.00048441787861483541,0.97865271299758594,0.9795745031683204,,
unfrozen,global,tune,Pooled,AP,3,0.98083251075050937,0.98132021324422292,0.00093630984589957941,0.97975302451411006,0.98142429449319502,,
unfrozen,global,tune,Pooled,Accuracy,3,0.93294444444444447,0.93183333333333329,0.0023707320325946457,0.93133333333333335,0.93566666666666665,,
unfrozen,global,tune,Pooled,F1,3,0.93283757314503901,0.93182197032838809,0.0026028112695826752,0.93089567259308958,0.93579507651363936,,
unfrozen,global,tune,Pooled,Brier,3,0.060440594908385541,0.060064730205173458,0.00086349387467243865,0.059828736058954529,0.061428318461028635,,
unfrozen,global,tune,Pooled,LogLoss,3,0.27312735854349263,0.27252898697934691,0.031281126281558103,0.24214971064556842,0.30470337800556263,,
unfrozen,global,tune,Pooled,ECE,3,0.05397479602002473,0.054101274867751278,0.0022767087392579267,0.051637484255794577,0.056185628936528356,,
unfrozen,global,tune,Win32,ROC_AUC,3,0.9678095078089477,0.96693880979715263,0.0017300317413741599,0.96668780076082728,0.9698019128688633,,
unfrozen,global,tune,Win32,AP,3,0.97063703573599935,0.9712215101200643,0.0015043127667478593,0.9689282007990232,0.97176139628891056,,
unfrozen,global,tune,Win32,Accuracy,3,0.90800000000000003,0.90549999999999997,0.006144102863722291,0.90349999999999997,0.91500000000000004,,
unfrozen,global,tune,Win32,F1,3,0.90660543677707783,0.90449722081859529,0.0067340969417683987,0.90117767537122373,0.91414141414141414,,
unfrozen,global,tune,Win32,Brier,3,0.080964757511395313,0.082301020135623362,0.0027146337088100724,0.077841012666510653,0.082752239732051938,,
unfrozen,global,tune,Win32,LogLoss,3,0.34857583743510973,0.35048618401473797,0.030078804457651744,0.31758739243605744,0.37765393585453383,,
unfrozen,global,tune,Win32,ECE,3,0.072191503567932094,0.072596893666501142,0.0011613376992325967,0.07088180833678423,0.073095808700510939,,
unfrozen,global,tune,Win64,ROC_AUC,3,0.98281073693509013,0.98346308657716452,0.0014773246787282775,0.98111952798819979,0.98384959623990609,,
unfrozen,global,tune,Win64,AP,3,0.98597387795357927,0.98615573555035074,0.00043809382021506755,0.98547414350921625,0.98629175480117115,,
unfrozen,global,tune,Win64,Accuracy,3,0.9474999999999999,0.94699999999999995,0.0013228756555322754,0.94650000000000001,0.94899999999999995,,
unfrozen,global,tune,Win64,F1,3,0.9472431353657883,0.94678714859437751,0.0014309779892912326,0.94609571788413094,0.94884653961885657,,
unfrozen,global,tune,Win64,Brier,3,0.048556175720267436,0.047968251218230208,0.0014736940457005508,0.04746719447089949,0.05023308147167263,,
unfrozen,global,tune,Win64,LogLoss,3,0.22988328253623025,0.22206981106945159,0.034871740481800362,0.19958109352828329,0.26799894301095589,,
unfrozen,global,tune,Win64,ECE,3,0.045136041933243942,0.044807130455125424,0.0044444325872476853,0.040865202422575117,0.049735792922031299,,
unfrozen,oracle,same_period,Dot_Net,TPR,3,0.49056855295607543,0.52189562087582486,0.10571992340795129,0.37272545490901821,0.57708458308338328,0.001,per_format
unfrozen,oracle,same_period,Dot_Net,FPR,3,0.00080016003200640128,0.00080016003200640128,0,0.00080016003200640128,0.00080016003200640128,0.001,per_format
unfrozen,oracle,same_period,Dot_Net,FP,3,4,4,0,4,4,0.001,per_format
unfrozen,oracle,same_period,Dot_Net,TP,3,2453.3333333333335,2610,528.70533696316454,1864,2886,0.001,per_format
unfrozen,oracle,same_period,Dot_Net,TPR,3,0.37585816170099307,0.36252749450109978,0.026988922605763421,0.35812837432513495,0.40691861627674464,0.001,pooled
unfrozen,oracle,same_period,Dot_Net,FPR,3,0.00060012002400480096,0.00040008001600320064,0.00072125450599399665,0,0.0014002800560112022,0.001,pooled
unfrozen,oracle,same_period,Dot_Net,FP,3,3,2,3.6055512754639891,0,7,0.001,pooled
unfrozen,oracle,same_period,Dot_Net,TP,3,1879.6666666666667,1813,134.97160195142285,1791,2035,0.001,pooled
unfrozen,oracle,same_period,Dot_Net,TPR,3,0.68199693394654404,0.68446310737852434,0.034160013525282057,0.64667066586682664,0.71485702859428113,0.0050000000000000001,per_format
unfrozen,oracle,same_period,Dot_Net,FPR,3,0.0048009601920384077,0.0048009601920384077,0,0.0048009601920384077,0.0048009601920384077,0.0050000000000000001,per_format
unfrozen,oracle,same_period,Dot_Net,FP,3,24,24,0,24,24,0.0050000000000000001,per_format
unfrozen,oracle,same_period,Dot_Net,TP,3,3410.6666666666665,3423,170.83422763993559,3234,3575,0.0050000000000000001,per_format
unfrozen,oracle,same_period,Dot_Net,TPR,3,0.62920749183496627,0.64667066586682664,0.045196859948047535,0.57788442311537691,0.66306738652269548,0.0050000000000000001,pooled
unfrozen,oracle,same_period,Dot_Net,FPR,3,0.0035340401413616056,0.0034006801360272052,0.0016044821518324949,0.0020004000800160032,0.0052010402080416079,0.0050000000000000001,pooled
unfrozen,oracle,same_period,Dot_Net,FP,3,17.666666666666668,17,8.0208062770106423,10,26,0.0050000000000000001,pooled
unfrozen,oracle,same_period,Dot_Net,TP,3,3146.6666666666665,3234,226.02949660018564,2890,3316,0.0050000000000000001,pooled
unfrozen,oracle,same_period,Dot_Net,TPR,3,0.77944411117776446,0.77624475104979007,0.015841073641542417,0.7654469106178764,0.79664067186562693,0.01,per_format
unfrozen,oracle,same_period,Dot_Net,FPR,3,0.0096686003867440147,0.0096019203840768154,0.00011549315246841845,0.0096019203840768154,0.0098019603920784151,0.01,per_format
unfrozen,oracle,same_period,Dot_Net,FP,3,48.333333333333336,48,0.57735026918962584,48,49,0.01,per_format
unfrozen,oracle,same_period,Dot_Net,TP,3,3898,3882,79.221209281353438,3828,3984,0.01,per_format
unfrozen,oracle,same_period,Dot_Net,TPR,3,0.75091648336999262,0.77924415116976609,0.055236878678853241,0.68726254749050186,0.78624275144971001,0.01,pooled
unfrozen,oracle,same_period,Dot_Net,FPR,3,0.0077348803093952112,0.0078015603120624123,0.0027011574448928574,0.0050010002000400082,0.010402080416083216,0.01,pooled
unfrozen,oracle,same_period,Dot_Net,FP,3,38.666666666666664,39,13.503086067019394,25,52,0.01,pooled
unfrozen,oracle,same_period,Dot_Net,TP,3,3755.3333333333335,3897,276.23963027294496,3437,3932,0.01,pooled
unfrozen,oracle,same_period,Dot_Net,TPR,3,0.95794174498433649,0.95920815836832629,0.0032877057802142111,0.95420915816836638,0.96040791841631679,0.050000000000000003,per_format
unfrozen,oracle,same_period,Dot_Net,FPR,3,0.049676601987064084,0.049809961992398483,0.00023098630493683891,0.04940988197639528,0.049809961992398483,0.050000000000000003,per_format
unfrozen,oracle,same_period,Dot_Net,FP,3,248.33333333333334,249,1.1547005383792515,247,249,0.050000000000000003,per_format
unfrozen,oracle,same_period,Dot_Net,TP,3,4790.666666666667,4797,16.441816606851365,4772,4803,0.050000000000000003,per_format
unfrozen,oracle,same_period,Dot_Net,TPR,3,0.95027661134439778,0.9528094381123775,0.0069537033157341796,0.9424115176964607,0.95560887822435514,0.050000000000000003,pooled
unfrozen,oracle,same_period,Dot_Net,FPR,3,0.043875441755017675,0.045409081816363273,0.0026563425067736338,0.040808161632326465,0.045409081816363273,0.050000000000000003,pooled
unfrozen,oracle,same_period,Dot_Net,FP,3,219.33333333333334,227,13.279056191361391,204,227,0.050000000000000003,pooled
unfrozen,oracle,same_period,Dot_Net,TP,3,4752.333333333333,4765,34.7754702819866,4713,4779,0.050000000000000003,pooled
unfrozen,oracle,same_period,Pooled,TPR,3,0.47031993800509247,0.48727997343075391,0.02977921927352787,0.43593490534706075,0.48774493523746265,0.001,per_format
unfrozen,oracle,same_period,Pooled,FPR,3,0.0008029441284710606,0.0008029441284710606,0,0.0008029441284710606,0.0008029441284710606,0.001,per_format
unfrozen,oracle,same_period,Pooled,FP,3,12,12,0,12,12,0.001,per_format
unfrozen,oracle,same_period,Pooled,TP,3,7080.666666666667,7336,448.32614616296178,6563,7343,0.001,per_format
unfrozen,oracle,same_period,Pooled,TPR,3,0.46715376951179005,0.47944204583194949,0.031759627534789975,0.43108601793424112,0.49093324476917966,0.001,pooled
unfrozen,oracle,same_period,Pooled,FPR,3,0.00093676814988290398,0.00093676814988290398,0,0.00093676814988290398,0.00093676814988290398,0.001,pooled
unfrozen,oracle,same_period,Pooled,FP,3,14,14,0,14,14,0.001,pooled
unfrozen,oracle,same_period,Pooled,TP,3,7033,7218,478.1411925362633,6490,7391,0.001,pooled
unfrozen,oracle,same_period,Pooled,TPR,3,0.6918853094210119,0.68289604782464297,0.019064745520028827,0.67897708402524082,0.71378279641315179,0.0050000000000000001,per_format
unfrozen,oracle,same_period,Pooled,FPR,3,0.004817664770826363,0.004817664770826363,0,0.004817664770826363,0.004817664770826363,0.0050000000000000001,per_format
unfrozen,oracle,same_period,Pooled,FP,3,72,72,0,72,72,0.0050000000000000001,per_format
unfrozen,oracle,same_period,Pooled,TP,3,10416.333333333334,10281,287.01974380403402,10222,10746,0.0050000000000000001,per_format
unfrozen,oracle,same_period,Pooled,TPR,3,0.68845344846673306,0.68196612421122549,0.013300610329189064,0.67964131517768178,0.70375290601129192,0.0050000000000000001,pooled
unfrozen,oracle,same_period,Pooled,FPR,3,0.0049514887922382069,0.0049514887922382069,0,0.0049514887922382069,0.0049514887922382069,0.0050000000000000001,pooled
unfrozen,oracle,same_period,Pooled,FP,3,74,74,0,74,74,0.0050000000000000001,pooled
unfrozen,oracle,same_period,Pooled,TP,3,10364.666666666666,10267,200.24068850594108,10232,10595,0.0050000000000000001,pooled
unfrozen,oracle,same_period,Pooled,TPR,3,0.78224288719140933,0.77967452673530391,0.010598043426224354,0.77316506144138164,0.79388907339754233,0.01,per_format
unfrozen,oracle,same_period,Pooled,FPR,3,0.0097691535630645698,0.0097691535630645698,6.6912010705921961e-05,0.0097022415523586487,0.0098360655737704927,0.01,per_format
unfrozen,oracle,same_period,Pooled,FP,3,146,146,1,145,147,0.01,per_format
unfrozen,oracle,same_period,Pooled,TP,3,11776.666666666666,11738,159.55354378180803,11640,11952,0.01,per_format
unfrozen,oracle,same_period,Pooled,TPR,3,0.77947525738957157,0.78106941215543013,0.015670365885871548,0.7630687479242777,0.794287612089007,0.01,pooled
unfrozen,oracle,same_period,Pooled,FPR,3,0.009925281588045053,0.0099698895951823348,7.7263334786165325e-05,0.0098360655737704927,0.0099698895951823348,0.01,pooled
unfrozen,oracle,same_period,Pooled,FP,3,148.33333333333334,149,1.1547005383792515,147,149,0.01,pooled
unfrozen,oracle,same_period,Pooled,TP,3,11735,11759,235.91735841179639,11488,11958,0.01,pooled
unfrozen,oracle,same_period,Pooled,TPR,3,0.92261707074061772,0.92235137827964131,0.00057906329372844358,0.92221853204915305,0.92328130189305879,0.050000000000000003,per_format
unfrozen,oracle,same_period,Pooled,FPR,3,0.049760231961637112,0.049715623954499834,7.7263334786165325e-05,0.049715623954499834,0.049849447975911676,0.050000000000000003,per_format
unfrozen,oracle,same_period,Pooled,FP,3,743.66666666666663,743,1.1547005383792517,743,745,0.050000000000000003,per_format
unfrozen,oracle,same_period,Pooled,TP,3,13890,13886,8.717797887081348,13884,13900,0.050000000000000003,per_format
unfrozen,oracle,same_period,Pooled,TPR,3,0.92379054577659681,0.92387910993025568,0.0034548534661422931,0.92029226170707401,0.92720026569246095,0.050000000000000003,pooled
unfrozen,oracle,same_period,Pooled,FPR,3,0.049983271997323518,0.049983271997323518,0,0.049983271997323518,0.049983271997323518,0.050000000000000003,pooled
unfrozen,oracle,same_period,Pooled,FP,3,747,747,0,747,747,0.050000000000000003,pooled
unfrozen,oracle,same_period,Pooled,TP,3,13907.666666666666,13909,52.01281893277207,13855,13959,0.050000000000000003,pooled
unfrozen,oracle,same_period,Win32,TPR,3,0.4406678592725104,0.45140131186642812,0.036965971949502352,0.39952295766249257,0.47107930828861061,0.001,per_format
unfrozen,oracle,same_period,Win32,FPR,3,0.00080499094385188175,0.00080499094385188164,1.3278710503032405e-19,0.00080499094385188164,0.00080499094385188164,0.001,per_format
unfrozen,oracle,same_period,Win32,FP,3,4,4,0,4,4,0.001,per_format
unfrozen,oracle,same_period,Win32,TP,3,2217,2271,185.97580487794642,2010,2370,0.001,per_format
unfrozen,oracle,same_period,Win32,TPR,3,0.45073875306433447,0.46889286424170146,0.041826933635720848,0.40290200755317035,0.48042138739813156,0.001,pooled
unfrozen,oracle,same_period,Win32,FPR,3,0.0010733212584691754,0.00080499094385188164,0.00064692096068913636,0.00060374320788891128,0.0018112296236667338,0.001,pooled
unfrozen,oracle,same_period,Win32,FP,3,5.333333333333333,4,3.214550253664318,3,9,0.001,pooled
unfrozen,oracle,same_period,Win32,TP,3,2267.6666666666665,2359,210.4313031213116,2027,2417,0.001,pooled
unfrozen,oracle,same_period,Win32,TPR,3,0.62764195322334859,0.63565891472868219,0.016896808343358511,0.60822898032200357,0.63903796461936002,0.0050000000000000001,per_format
unfrozen,oracle,same_period,Win32,FPR,3,0.0048299456631112903,0.0048299456631112903,0,0.0048299456631112903,0.0048299456631112903,0.0050000000000000001,per_format
unfrozen,oracle,same_period,Win32,FP,3,24,24,0,24,24,0.0050000000000000001,per_format
unfrozen,oracle,same_period,Win32,TP,3,3157.6666666666665,3198,85.007842775436515,3060,3215,0.0050000000000000001,per_format
unfrozen,oracle,same_period,Win32,TPR,3,0.65560193467170214,0.6732259988073942,0.030698073221156922,0.62015503875968991,0.67342476644802229,0.0050000000000000001,pooled
unfrozen,oracle,same_period,Win32,FPR,3,0.0061045146575434356,0.0064399275508150531,0.0015370549724813311,0.0044274501911853491,0.0074461662306299055,0.0050000000000000001,pooled
unfrozen,oracle,same_period,Win32,FP,3,30.333333333333332,32,7.6376261582597333,22,37,0.0050000000000000001,pooled
unfrozen,oracle,same_period,Win32,TP,3,3298.3333333333335,3387,154.44200637564035,3120,3388,0.0050000000000000001,pooled
unfrozen,oracle,same_period,Win32,TPR,3,0.72192407076128007,0.72192407076128007,0.01570264360962037,0.7062214271516597,0.73762671437090044,0.01,per_format
unfrozen,oracle,same_period,Win32,FPR,3,0.0098611390621855498,0.0098611390621855498,0,0.0098611390621855498,0.0098611390621855498,0.01,per_format
unfrozen,oracle,same_period,Win32,FP,3,49,49,0,49,49,0.01,per_format
unfrozen,oracle,same_period,Win32,TP,3,3632,3632,79,3553,3711,0.01,per_format
unfrozen,oracle,same_period,Win32,TPR,3,0.74451732591267472,0.75134168157423975,0.015759570797739948,0.72649572649572647,0.75571456966805806,0.01,pooled
unfrozen,oracle,same_period,Win32,FPR,3,0.012410277051049842,0.012074864157778226,0.0019337942316226709,0.010666130006037432,0.014489836989333871,0.01,pooled
unfrozen,oracle,same_period,Win32,FP,3,61.666666666666664,60,9.6090235369330497,53,72,0.01,pooled
unfrozen,oracle,same_period,Win32,TP,3,3745.6666666666665,3780,79.28640068342952,3655,3802,0.01,pooled
unfrozen,oracle,same_period,Win32,TPR,3,0.86457298085205059,0.86424170145100376,0.00075252214215867463,0.86404293381037567,0.86543430729477244,0.050000000000000003,per_format
unfrozen,oracle,same_period,Win32,FPR,3,0.049909438518816664,0.049909438518816664,0,0.049909438518816664,0.049909438518816664,0.050000000000000003,per_format
unfrozen,oracle,same_period,Win32,FP,3,248,248,0,248,248,0.050000000000000003,per_format
unfrozen,oracle,same_period,Win32,TP,3,4349.666666666667,4348,3.7859388972001824,4347,4354,0.050000000000000003,per_format
unfrozen,oracle,same_period,Win32,TPR,3,0.88564235075862996,0.88332339495130197,0.00472186465317616,0.88252832438878948,0.8910753329357981,0.050000000000000003,pooled
unfrozen,oracle,same_period,Win32,FPR,3,0.063393036828335678,0.065003018716039446,0.0040699835814362439,0.05876433890118736,0.066411752867780241,0.050000000000000003,pooled
unfrozen,oracle,same_period,Win32,FP,3,315,323,20.223748416156685,292,330,0.050000000000000003,pooled
unfrozen,oracle,same_period,Win32,TP,3,4455.666666666667,4444,23.75570107012911,4440,4483,0.050000000000000003,pooled
unfrozen,oracle,same_period,Win64,TPR,3,0.4798593138230805,0.48337646824606811,0.064078009725005172,0.4140951622536333,0.5421063109695401,0.001,per_format
unfrozen,oracle,same_period,Win64,FPR,3,0.00080369700622865174,0.00080369700622865184,1.3278710503032405e-19,0.00080369700622865184,0.00080369700622865184,0.001,per_format
unfrozen,oracle,same_period,Win64,FP,3,4,4,0,4,4,0.001,per_format
unfrozen,oracle,same_period,Win64,TP,3,2410.3333333333335,2428,321.8638428487011,2080,2723,0.001,per_format
unfrozen,oracle,same_period,Win64,TPR,3,0.57449067622270888,0.59486362731435394,0.082828683006136397,0.48337646824606811,0.64523193310770455,0.001,pooled
unfrozen,oracle,same_period,Win64,FPR,3,0.0011385707588239234,0.0010046212577858146,0.00041825718293472634,0.00080369700622865184,0.0016073940124573037,0.001,pooled
unfrozen,oracle,same_period,Win64,FP,3,5.666666666666667,5,2.0816659994661326,4,8,0.001,pooled
unfrozen,oracle,same_period,Win64,TP,3,2885.6666666666665,2988,416.04847473982323,2428,3241,0.001,pooled
unfrozen,oracle,same_period,Win64,TPR,3,0.76607605016922165,0.75612183953812462,0.018637515012492036,0.75452916583714913,0.78757714513239097,0.0050000000000000001,per_format
unfrozen,oracle,same_period,Win64,FPR,3,0.0048221820373719106,0.0048221820373719106,0,0.0048221820373719106,0.0048221820373719106,0.0050000000000000001,per_format
unfrozen,oracle,same_period,Win64,FP,3,24,24,0,24,24,0.0050000000000000001,per_format
unfrozen,oracle,same_period,Win64,TP,3,3848,3798,93.616237907747603,3790,3956,0.0050000000000000001,per_format
unfrozen,oracle,same_period,Win64,TPR,3,0.78034375207379381,0.78737806091976903,0.015391840687657792,0.76269161855464862,0.79096157674696399,0.0050000000000000001,pooled
unfrozen,oracle,same_period,Win64,FPR,3,0.0052240305404862367,0.0052240305404862367,0.00020092425155716302,0.0050231062889290736,0.0054249547920433997,0.0050000000000000001,pooled
unfrozen,oracle,same_period,Win64,FP,3,26,26,1,25,27,0.0050000000000000001,pooled
unfrozen,oracle,same_period,Win64,TP,3,3919.6666666666665,3955,77.313215774105103,3831,3973,0.0050000000000000001,pooled
unfrozen,oracle,same_period,Win64,TPR,3,0.84544428960116802,0.84750149313159462,0.0039130726625005901,0.84093171411507073,0.84789966155683849,0.01,per_format
unfrozen,oracle,same_period,Win64,FPR,3,0.0097783135757819311,0.0098452883263009851,0.00011600367072325266,0.0096443640747438213,0.0098452883263009851,0.01,per_format
unfrozen,oracle,same_period,Win64,FP,3,48.666666666666664,49,0.57735026918962584,48,49,0.01,per_format
unfrozen,oracle,same_period,Win64,TP,3,4246.666666666667,4257,19.655363983740756,4224,4259,0.01,per_format
unfrozen,oracle,same_period,Win64,TPR,3,0.84292255624129009,0.84789966155683849,0.010756076176977984,0.83057933505872983,0.85028867210830184,0.01,pooled
unfrozen,oracle,same_period,Win64,FPR,3,0.009644364074743823,0.010046212577858147,0.00069602202433951285,0.0088406670685151692,0.010046212577858147,0.01,pooled
unfrozen,oracle,same_period,Win64,FP,3,48,50,3.4641016151377544,44,50,0.01,pooled
unfrozen,oracle,same_period,Win64,TP,3,4234,4259,54.027770636960398,4172,4271,0.01,pooled
unfrozen,oracle,same_period,Win64,TPR,3,0.94558364855000343,0.94545092574158873,0.0015968159022517997,0.94405733625323507,0.94724268365518616,0.050000000000000003,per_format
unfrozen,oracle,same_period,Win64,FPR,3,0.049695264885138306,0.049829214386176414,0.00023200734144650733,0.049427365883062083,0.049829214386176414,0.050000000000000003,per_format
unfrozen,oracle,same_period,Win64,FP,3,247.33333333333334,248,1.1547005383792515,246,248,0.050000000000000003,per_format
unfrozen,oracle,same_period,Win64,TP,3,4749.666666666667,4749,8.0208062770106441,4742,4758,0.050000000000000003,per_format
unfrozen,oracle,same_period,Win64,TPR,3,0.9356294379189064,0.93529763089786977,0.00075372066438385938,0.93509854668524783,0.93649213617360139,0.050000000000000003,pooled
unfrozen,oracle,same_period,Win64,FPR,3,0.042729890831156657,0.042796865581675711,0.0031148659712634057,0.039582077556761103,0.04581072935503315,0.050000000000000003,pooled
unfrozen,oracle,same_period,Win64,FP,3,212.66666666666666,213,15.50268793897798,197,228,0.050000000000000003,pooled
unfrozen,oracle,same_period,Win64,TP,3,4699.666666666667,4698,3.7859388972001824,4697,4704,0.050000000000000003,pooled
unfrozen,oracle,test,Dot_Net,TPR,3,0.34127614508869475,0.36517077045274027,0.081791278404268669,0.25019857029388404,0.40845909451945989,0.001,per_format
unfrozen,oracle,test,Dot_Net,FPR,3,0.00080580177276390016,0.00080580177276390005,1.3278710503032405e-19,0.00080580177276390005,0.00080580177276390005,0.001,per_format
unfrozen,oracle,test,Dot_Net,FP,3,4,4,0,4,4,0.001,per_format
unfrozen,oracle,test,Dot_Net,TP,3,1718.6666666666667,1839,411.90087804389702,1260,2057,0.001,per_format
unfrozen,oracle,test,Dot_Net,TPR,3,0.35246227164416205,0.3562351072279587,0.023166439728994959,0.32764098490865767,0.37351072279586972,0.001,pooled
unfrozen,oracle,test,Dot_Net,FPR,3,0.0011415525114155251,0.00080580177276390005,0.00076267906873492785,0.00060435132957292509,0.00201450443190975,0.001,pooled
unfrozen,oracle,test,Dot_Net,FP,3,5.666666666666667,4,3.7859388972001824,3,10,0.001,pooled
unfrozen,oracle,test,Dot_Net,TP,3,1775,1794,116.66619047521866,1650,1881,0.001,pooled
unfrozen,oracle,test,Dot_Net,TPR,3,0.60504368546465448,0.61576648133439238,0.030064224497884522,0.57108816521048456,0.62827640984908661,0.0050000000000000001,per_format
unfrozen,oracle,test,Dot_Net,FPR,3,0.0048348106365834007,0.0048348106365834007,0,0.0048348106365834007,0.0048348106365834007,0.0050000000000000001,per_format
unfrozen,oracle,test,Dot_Net,FP,3,24,24,0,24,24,0.0050000000000000001,per_format
unfrozen,oracle,test,Dot_Net,TP,3,3047,3101,151.40343457134651,2876,3164,0.0050000000000000001,per_format
unfrozen,oracle,test,Dot_Net,TPR,3,0.63999205718824459,0.62212073073868146,0.03199139376194815,0.62092930897537724,0.67692613185067518,0.0050000000000000001,pooled
unfrozen,oracle,test,Dot_Net,FPR,3,0.0057749127048079508,0.0050362610797743757,0.0014573283920367114,0.0048348106365834007,0.007453666398066076,0.0050000000000000001,pooled
unfrozen,oracle,test,Dot_Net,FP,3,28.666666666666668,25,7.2341781380702352,24,37,0.0050000000000000001,pooled
unfrozen,oracle,test,Dot_Net,TP,3,3223,3133,161.10865898517062,3127,3409,0.0050000000000000001,pooled
unfrozen,oracle,test,Dot_Net,TPR,3,0.75244903362456972,0.74404289118347899,0.022178029203474361,0.73570293884034943,0.77760127084988084,0.01,per_format
unfrozen,oracle,test,Dot_Net,FPR,3,0.0098039215686274508,0.0098710717163577755,0.0001163074676046783,0.0096696212731668015,0.0098710717163577755,0.01,per_format
unfrozen,oracle,test,Dot_Net,FP,3,48.666666666666664,49,0.57735026918962584,48,49,0.01,per_format
unfrozen,oracle,test,Dot_Net,TP,3,3789.3333333333335,3747,111.68855506869687,3705,3916,0.01,per_format
unfrozen,oracle,test,Dot_Net,TPR,3,0.75694996028594119,0.77223987291501195,0.034145430861836801,0.7178316123907863,0.78077839555202544,0.01,pooled
unfrozen,oracle,test,Dot_Net,FPR,3,0.010609723341391352,0.0096696212731668015,0.0019874628776455463,0.0092667203867848515,0.012892828364222401,0.01,pooled
unfrozen,oracle,test,Dot_Net,FP,3,52.666666666666664,48,9.8657657246324941,46,64,0.01,pooled
unfrozen,oracle,test,Dot_Net,TP,3,3812,3889,171.95638982020995,3615,3932,0.01,pooled
unfrozen,oracle,test,Dot_Net,TPR,3,0.94307651575324325,0.94400317712470216,0.0025143526493543551,0.94023034154090546,0.94499602859412235,0.050000000000000003,per_format
unfrozen,oracle,test,Dot_Net,FPR,3,0.049959709911361803,0.049959709911361803,0,0.049959709911361803,0.049959709911361803,0.050000000000000003,per_format
unfrozen,oracle,test,Dot_Net,FP,3,248,248,0,248,248,0.050000000000000003,per_format
unfrozen,oracle,test,Dot_Net,TP,3,4749.333333333333,4754,12.662279942148386,4735,4759,0.050000000000000003,per_format
unfrozen,oracle,test,Dot_Net,TPR,3,0.94916600476568702,0.94996028594122317,0.0036398536099728489,0.94519459888800639,0.95234312946783162,0.050000000000000003,pooled
unfrozen,oracle,test,Dot_Net,FPR,3,0.055197421434327154,0.056204673650282033,0.0040239694511358124,0.050765511684125707,0.058622078968573729,0.050000000000000003,pooled
unfrozen,oracle,test,Dot_Net,FP,3,274,279,19.974984355438178,252,291,0.050000000000000003,pooled
unfrozen,oracle,test,Dot_Net,TP,3,4780,4784,18.330302779823359,4760,4796,0.050000000000000003,pooled
unfrozen,oracle,test,Pooled,TPR,3,0.37928974444075675,0.38639230003318953,0.017853736519749405,0.3589777630268835,0.39249917026219716,0.001,per_format
unfrozen,oracle,test,Pooled,FPR,3,0.00087043856712420498,0.00087043856712420487,1.3278710503032405e-19,0.00087043856712420487,0.00087043856712420487,0.001,per_format
unfrozen,oracle,test,Pooled,FP,3,13,13,0,13,13,0.001,per_format
unfrozen,oracle,test,Pooled,TP,3,5714,5821,268.96654067002459,5408,5913,0.001,per_format
unfrozen,oracle,test,Pooled,TPR,3,0.35123354353357672,0.36216395618984398,0.041066054518144358,0.30580816461998006,0.38572850979090606,0.001,pooled
unfrozen,oracle,test,Pooled,FPR,3,0.00093739537997991303,0.00093739537997991292,1.3278710503032405e-19,0.00093739537997991292,0.00093739537997991292,0.001,pooled
unfrozen,oracle,test,Pooled,FP,3,14,14,0,14,14,0.001,pooled
unfrozen,oracle,test,Pooled,TP,3,5291.333333333333,5456,618.66011131584469,4607,5811,0.001,pooled
unfrozen,oracle,test,Pooled,TPR,3,0.58743223807943357,0.58167938931297714,0.017517314239102359,0.57351476933289081,0.60710255559243276,0.0050000000000000001,per_format
unfrozen,oracle,test,Pooled,FPR,3,0.0048878473384666886,0.0048878473384666886,0,0.0048878473384666886,0.0048878473384666886,0.0050000000000000001,per_format
unfrozen,oracle,test,Pooled,FP,3,73,73,0,73,73,0.0050000000000000001,per_format
unfrozen,oracle,test,Pooled,TP,3,8849.6666666666661,8763,263.89833901207737,8640,9146,0.0050000000000000001,per_format
unfrozen,oracle,test,Pooled,TPR,3,0.59327359221152787,0.58884832392963826,0.012169165933247289,0.58393627613674082,0.60703617656820441,0.0050000000000000001,pooled
unfrozen,oracle,test,Pooled,FPR,3,0.0049548041513223975,0.0049548041513223975,0,0.0049548041513223975,0.0049548041513223975,0.0050000000000000001,pooled
unfrozen,oracle,test,Pooled,FP,3,74,74,0,74,74,0.0050000000000000001,pooled
unfrozen,oracle,test,Pooled,TP,3,8937.6666666666661,8871,183.32848478437097,8797,9145,0.0050000000000000001,pooled
unfrozen,oracle,test,Pooled,TPR,3,0.6955636685474057,0.69359442416196482,0.017177467049386826,0.6794556920013276,0.71364088947892468,0.01,per_format
unfrozen,oracle,test,Pooled,FPR,3,0.0098872893650262268,0.0099096083026447949,3.8657533926322438e-05,0.0098426514897890869,0.0099096083026447949,0.01,per_format
unfrozen,oracle,test,Pooled,FP,3,147.66666666666666,148,0.57735026918962584,147,148,0.01,per_format
unfrozen,oracle,test,Pooled,TP,3,10478.666666666666,10449,258.77854109901256,10236,10751,0.01,per_format
unfrozen,oracle,test,Pooled,TPR,3,0.69381568757605938,0.69067374709591767,0.01590000494808971,0.67972120809824099,0.71105210753401926,0.01,pooled
unfrozen,oracle,test,Pooled,FPR,3,0.009976565115500503,0.009976565115500503,0,0.009976565115500503,0.009976565115500503,0.01,pooled
unfrozen,oracle,test,Pooled,FP,3,149,149,0,149,149,0.01,pooled
unfrozen,oracle,test,Pooled,TP,3,10452.333333333334,10405,239.53357454297159,10240,10712,0.01,pooled
unfrozen,oracle,test,Pooled,TPR,3,0.90366190950326375,0.90302024560238969,0.0036600874705085855,0.90036508463325593,0.9076003982741454,0.050000000000000003,per_format
unfrozen,oracle,test,Pooled,FPR,3,0.049771230889409664,0.049748911951791097,3.8657533926321442e-05,0.049748911951791097,0.049815868764646803,0.050000000000000003,per_format
unfrozen,oracle,test,Pooled,FP,3,743.33333333333337,743,0.57735026918962573,743,744,0.050000000000000003,per_format
unfrozen,oracle,test,Pooled,TP,3,13613.666666666666,13604,55.139217743211894,13564,13673,0.050000000000000003,per_format
unfrozen,oracle,test,Pooled,TPR,3,0.90082973780285425,0.89943577829405907,0.0080236289073608094,0.89359442416196477,0.909459010952539,0.050000000000000003,pooled
unfrozen,oracle,test,Pooled,FPR,3,0.04988282557750251,0.049949782390358216,0.00011597260177896431,0.049748911951791097,0.049949782390358216,0.050000000000000003,pooled
unfrozen,oracle,test,Pooled,FP,3,745,746,1.7320508075688772,743,746,0.050000000000000003,pooled
unfrozen,oracle,test,Pooled,TP,3,13571,13550,120.87596948939024,13462,13701,0.050000000000000003,pooled
unfrozen,oracle,test,Win32,TPR,3,0.50535260270306437,0.4941790445604175,0.028678991662634441,0.48394219189080689,0.53793657165796871,0.001,per_format
unfrozen,oracle,test,Win32,FPR,3,0.00099641291351135913,0.00099641291351135913,0,0.00099641291351135913,0.00099641291351135913,0.001,per_format
unfrozen,oracle,test,Win32,FP,3,5,5,0,5,5,0.001,per_format
unfrozen,oracle,test,Win32,TP,3,2517.6666666666665,2462,142.87873646324471,2411,2680,0.001,per_format
unfrozen,oracle,test,Win32,TPR,3,0.389268031580356,0.3799678843837816,0.034767526370746774,0.36009634684865516,0.42773986350863108,0.001,pooled
unfrozen,oracle,test,Win32,FPR,3,0.00033213763783711969,0.00039856516540454366,0.00011505585276796051,0.00019928258270227183,0.00039856516540454366,0.001,pooled
unfrozen,oracle,test,Win32,FP,3,1.6666666666666667,2,0.57735026918962573,1,2,0.001,pooled
unfrozen,oracle,test,Win32,TP,3,1939.3333333333333,1893,173.21181637906039,1794,2131,0.001,pooled
unfrozen,oracle,test,Win32,TPR,3,0.63675899906329458,0.63368125250903251,0.032226032923335063,0.60618225612203935,0.67041348855881178,0.0050000000000000001,per_format
unfrozen,oracle,test,Win32,FPR,3,0.0049820645675567954,0.0049820645675567954,0,0.0049820645675567954,0.0049820645675567954,0.0050000000000000001,per_format
unfrozen,oracle,test,Win32,FP,3,25,25,0,25,25,0.0050000000000000001,per_format
unfrozen,oracle,test,Win32,TP,3,3172.3333333333335,3157,160.55009602405516,3020,3340,0.0050000000000000001,per_format
unfrozen,oracle,test,Win32,TPR,3,0.61829251973772248,0.61942994781212368,0.022201710292455004,0.59554395824969897,0.63990365315134479,0.0050000000000000001,pooled
unfrozen,oracle,test,Win32,FPR,3,0.0039192241264780128,0.0037863690713431648,0.001201218368541592,0.0027899561578318055,0.0051813471502590676,0.0050000000000000001,pooled
unfrozen,oracle,test,Win32,FP,3,19.666666666666668,19,6.0277137733417074,14,26,0.0050000000000000001,pooled
unfrozen,oracle,test,Win32,TP,3,3080.3333333333335,3086,110.6089206770111,2967,3188,0.0050000000000000001,pooled
unfrozen,oracle,test,Win32,TPR,3,0.71269904991302024,0.72019269369731032,0.014392431055531934,0.69610598153352066,0.72179847450822965,0.01,per_format
unfrozen,oracle,test,Win32,FPR,3,0.0099641291351135908,0.0099641291351135908,0,0.0099641291351135908,0.0099641291351135908,0.01,per_format
unfrozen,oracle,test,Win32,FP,3,50,50,0,50,50,0.01,per_format
unfrozen,oracle,test,Win32,TP,3,3550.6666666666665,3588,71.703091518660017,3468,3596,0.01,per_format
unfrozen,oracle,test,Win32,TPR,3,0.70788170748026236,0.7113608992372541,0.0097124299807970476,0.69690887193898032,0.71537535126455243,0.01,pooled
unfrozen,oracle,test,Win32,FPR,3,0.0098977016075461662,0.0091669988043045041,0.0018082446643837115,0.0085691510561976877,0.011956954962136309,0.01,pooled
unfrozen,oracle,test,Win32,FP,3,49.666666666666664,46,9.0737717258774655,43,60,0.01,pooled
unfrozen,oracle,test,Win32,TP,3,3526.6666666666665,3544,48.387326164330815,3472,3564,0.01,pooled
unfrozen,oracle,test,Win32,TPR,3,0.87575270975511843,0.87454837414692899,0.0067054568801646263,0.86973103171417099,0.88297872340425532,0.050000000000000003,per_format
unfrozen,oracle,test,Win32,FPR,3,0.049621363092865682,0.049621363092865682,0.00019928258270227039,0.049422080510163412,0.049820645675567952,0.050000000000000003,per_format
unfrozen,oracle,test,Win32,FP,3,249,249,1,248,250,0.050000000000000003,per_format
unfrozen,oracle,test,Win32,TP,3,4363,4357,33.406586176980134,4333,4399,0.050000000000000003,per_format
unfrozen,oracle,test,Win32,TPR,3,0.88030242205272302,0.88217583299879565,0.0066248595179909144,0.87294259333600965,0.88578883982336409,0.050000000000000003,pooled
unfrozen,oracle,test,Win32,FPR,3,0.050684203533944462,0.049422080510163412,0.0025390613595876678,0.049023515344758871,0.053607014746911118,0.050000000000000003,pooled
unfrozen,oracle,test,Win32,FP,3,254.33333333333334,248,12.741009902410928,246,269,0.050000000000000003,pooled
unfrozen,oracle,test,Win32,TP,3,4385.666666666667,4395,33.005050118630834,4349,4413,0.050000000000000003,pooled
unfrozen,oracle,test,Win64,TPR,3,0.29278119014596132,0.2908658609074698,0.0076130539607191456,0.28630869823657618,0.30116901129383794,0.001,per_format
unfrozen,oracle,test,Win64,FPR,3,0.00080759135877246115,0.00080759135877246115,0,0.00080759135877246115,0.00080759135877246115,0.001,per_format
unfrozen,oracle,test,Win64,FP,3,4,4,0,4,4,0.001,per_format
unfrozen,oracle,test,Win64,TP,3,1477.6666666666667,1468,38.423083339749475,1445,1520,0.001,per_format
unfrozen,oracle,test,Win64,TPR,3,0.3124628492173569,0.3564493758668516,0.09641217193393492,0.20190212007132952,0.37903705171388946,0.001,pooled
unfrozen,oracle,test,Win64,FPR,3,0.0013459855979541019,0.0016151827175449223,0.0006490107517997816,0.00060569351907934583,0.0018170805572380376,0.001,pooled
unfrozen,oracle,test,Win64,FP,3,6.666666666666667,8,3.2145502536643185,3,9,0.001,pooled
unfrozen,oracle,test,Win64,TP,3,1577,1799,486.59223175056957,1019,1913,0.001,pooled
unfrozen,oracle,test,Win64,TPR,3,0.52116769037712174,0.51654448187041802,0.013109058602642521,0.51099663166237363,0.53596195759857346,0.0050000000000000001,per_format
unfrozen,oracle,test,Win64,FPR,3,0.0048455481526347667,0.0048455481526347667,0,0.0048455481526347667,0.0048455481526347667,0.0050000000000000001,per_format
unfrozen,oracle,test,Win64,FP,3,24,24,0,24,24,0.0050000000000000001,per_format
unfrozen,oracle,test,Win64,TP,3,2630.3333333333335,2607,66.161418767536517,2579,2705,0.0050000000000000001,per_format
unfrozen,oracle,test,Win64,TPR,3,0.52196024040684241,0.51079849415494349,0.034567093244923311,0.49435308103824055,0.56072914602734303,0.0050000000000000001,pooled
unfrozen,oracle,test,Win64,FPR,3,0.0051820445521232926,0.0048455481526347667,0.00076437288455485203,0.0046436503129416518,0.0060569351907934586,0.0050000000000000001,pooled
unfrozen,oracle,test,Win64,FP,3,25.666666666666668,24,3.7859388972001824,23,30,0.0050000000000000001,pooled
unfrozen,oracle,test,Win64,TP,3,2634.3333333333335,2578,174.46011960712781,2495,2830,0.0050000000000000001,pooled
unfrozen,oracle,test,Win64,TPR,3,0.62188758998745131,0.60729146027342973,0.05583834632700671,0.57479690905488412,0.68357440063404007,0.01,per_format
unfrozen,oracle,test,Win64,FPR,3,0.0098929941449626482,0.0098929941449626482,0,0.0098929941449626482,0.0098929941449626482,0.01,per_format
unfrozen,oracle,test,Win64,FP,3,49,49,0,49,49,0.01,per_format
unfrozen,oracle,test,Win64,TP,3,3138.6666666666665,3065,281.81613391240279,2901,3450,0.01,per_format
unfrozen,oracle,test,Win64,TPR,3,0.61693415230169746,0.58886467208242521,0.073204860000251462,0.56191797107192387,0.70001981375074307,0.01,pooled
unfrozen,oracle,test,Win64,FPR,3,0.0094218991856787147,0.0084797092671108423,0.0018095874096168986,0.0082778114274177274,0.011508176862507571,0.01,pooled
unfrozen,oracle,test,Win64,FP,3,46.666666666666664,42,8.9628864398325021,41,57,0.01,pooled
unfrozen,oracle,test,Win64,TP,3,3113.6666666666665,2972,369.46492842126889,2836,3533,0.01,pooled
unfrozen,oracle,test,Win64,TPR,3,0.89188296677894463,0.88607093322765995,0.014754704760484254,0.88091935803447596,0.90865860907469787,0.050000000000000003,per_format
unfrozen,oracle,test,Win64,FPR,3,0.049734167844404063,0.049666868564506361,0.00011656577209562278,0.049666868564506361,0.049868766404199474,0.050000000000000003,per_format
unfrozen,oracle,test,Win64,FP,3,246.33333333333334,246,0.57735026918962584,246,247,0.050000000000000003,per_format
unfrozen,oracle,test,Win64,TP,3,4501.333333333333,4472,74.466994926163991,4446,4586,0.050000000000000003,per_format
unfrozen,oracle,test,Win64,TPR,3,0.87286176606564947,0.87517337031900144,0.025539250918610288,0.84624529423419859,0.89716663364374871,0.050000000000000003,pooled
unfrozen,oracle,test,Win64,FPR,3,0.043744531933508309,0.044215626892792244,0.0019609398054153669,0.041590954976781745,0.045427013930950937,0.050000000000000003,pooled
unfrozen,oracle,test,Win64,FP,3,216.66666666666666,219,9.7125348562223106,206,225,0.050000000000000003,pooled
unfrozen,oracle,test,Win64,TP,3,4405.333333333333,4417,128.89659938622637,4271,4528,0.050000000000000003,pooled
unfrozen,deployment,same_period,Dot_Net,TPR,3,0.47930413917216558,0.48370325934813035,0.046945482855123191,0.43031393721255751,0.52389522095580887,0.001,per_format
unfrozen,deployment,same_period,Dot_Net,FPR,3,0.0010002000400080016,0.0010002000400080016,0.00040008001600320064,0.00060012002400480096,0.0014002800560112022,0.001,per_format
unfrozen,deployment,same_period,Dot_Net,FP,3,5,5,2,3,7,0.001,per_format
unfrozen,deployment,same_period,Dot_Net,TP,3,2397,2419,234.77435975847106,2152,2620,0.001,per_format
unfrozen,deployment,same_period,Dot_Net,TPR,3,0.39125508231686995,0.36272745450909816,0.060283990612411249,0.35052989402119578,0.46050789842031592,0.001,pooled
unfrozen,deployment,same_period,Dot_Net,FPR,3,0.0007334800293392011,0.00040008001600320064,0.00094535219568965957,0,0.0018003600720144029,0.001,pooled
unfrozen,deployment,same_period,Dot_Net,FP,3,3.6666666666666665,2,4.7258156262526088,0,9,0.001,pooled
unfrozen,deployment,same_period,Dot_Net,TP,3,1956.6666666666667,1814,301.48023705266877,1753,2303,0.001,pooled
unfrozen,deployment,same_period,Dot_Net,TPR,3,0.67553156035459583,0.67566486702659467,0.010398561293628032,0.66506698660267949,0.6858628274345131,0.0050000000000000001,per_format
unfrozen,deployment,same_period,Dot_Net,FPR,3,0.0045342401813696078,0.0046009201840368072,0.00070251742034091729,0.0038007601520304059,0.0052010402080416079,0.0050000000000000001,per_format
unfrozen,deployment,same_period,Dot_Net,FP,3,22.666666666666668,23,3.5118845842842465,19,26,0.0050000000000000001,per_format
unfrozen,deployment,same_period,Dot_Net,TP,3,3378.3333333333335,3379,52.003205029433843,3326,3430,0.0050000000000000001,per_format
unfrozen,deployment,same_period,Dot_Net,TPR,3,0.63787242551489698,0.64067186562687461,0.047053100999984533,0.5894821035792841,0.68346330733853233,0.0050000000000000001,pooled
unfrozen,deployment,same_period,Dot_Net,FPR,3,0.0039341201573648062,0.0034006801360272052,0.0022484117223561199,0.0020004000800160032,0.0064012802560512103,0.0050000000000000001,pooled
unfrozen,deployment,same_period,Dot_Net,FP,3,19.666666666666668,17,11.239810200058244,10,32,0.0050000000000000001,pooled
unfrozen,deployment,same_period,Dot_Net,TP,3,3190,3204,235.31255810092244,2948,3418,0.0050000000000000001,pooled
unfrozen,deployment,same_period,Dot_Net,TPR,3,0.77017929747383851,0.77724455108978208,0.016568147782562038,0.75124975004998995,0.78204359128174361,0.01,per_format
unfrozen,deployment,same_period,Dot_Net,FPR,3,0.008801760352070415,0.0084016803360672139,0.0010585122268712106,0.0080016003200640128,0.010002000400080016,0.01,per_format
unfrozen,deployment,same_period,Dot_Net,FP,3,44,42,5.2915026221291814,40,50,0.01,per_format
unfrozen,deployment,same_period,Dot_Net,TP,3,3851.6666666666665,3887,82.857307060592632,3757,3911,0.01,per_format
unfrozen,deployment,same_period,Dot_Net,TPR,3,0.74678397653802575,0.76204759048190363,0.051804823424964071,0.68906218756248749,0.78924215156968602,0.01,pooled
unfrozen,deployment,same_period,Dot_Net,FPR,3,0.007734880309395213,0.0072014402880576115,0.0026412352230897329,0.0054010802160432084,0.010602120424084817,0.01,pooled
unfrozen,deployment,same_period,Dot_Net,FP,3,38.666666666666664,36,13.203534880225572,27,53,0.01,pooled
unfrozen,deployment,same_period,Dot_Net,TP,3,3734.6666666666665,3811,259.07592194824537,3446,3947,0.01,pooled
unfrozen,deployment,same_period,Dot_Net,TPR,3,0.95227621142438179,0.9508098380323935,0.0038167401992189403,0.94941011797640473,0.95660867826434715,0.050000000000000003,per_format
unfrozen,deployment,same_period,Dot_Net,FPR,3,0.044542241781689675,0.044608921784356874,0.0011017344563484875,0.043408681736347272,0.045609121824364871,0.050000000000000003,per_format
unfrozen,deployment,same_period,Dot_Net,FP,3,222.66666666666666,223,5.5075705472861012,217,228,0.050000000000000003,per_format
unfrozen,deployment,same_period,Dot_Net,TP,3,4762.333333333333,4755,19.087517736293879,4748,4784,0.050000000000000003,per_format
unfrozen,deployment,same_period,Dot_Net,TPR,3,0.95020995800839836,0.95200959808038388,0.0066829733921489505,0.94281143771245746,0.95580883823235352,0.050000000000000003,pooled
unfrozen,deployment,same_period,Dot_Net,FPR,3,0.043342001733680059,0.043808761752350468,0.0023357044593101282,0.040808161632326465,0.045409081816363273,0.050000000000000003,pooled
unfrozen,deployment,same_period,Dot_Net,FP,3,216.66666666666666,219,11.676186592091328,204,227,0.050000000000000003,pooled
unfrozen,deployment,same_period,Dot_Net,TP,3,4752,4761,33.421549934136806,4715,4780,0.050000000000000003,pooled
unfrozen,deployment,same_period,Pooled,TPR,3,0.48947193623380936,0.48854201262039187,0.0208060269850684,0.46914646296911328,0.51072733311192298,0.001,per_format
unfrozen,deployment,same_period,Pooled,FPR,3,0.000981376157020185,0.0010036801605888257,0.0003017229677365603,0.00066912010705921711,0.0012713282034125125,0.001,per_format
unfrozen,deployment,same_period,Pooled,FP,3,14.666666666666666,15,4.5092497528228943,10,19,0.001,per_format
unfrozen,deployment,same_period,Pooled,TP,3,7369,7355,313.23473626020473,7063,7689,0.001,per_format
unfrozen,deployment,same_period,Pooled,TPR,3,0.48464518985940441,0.49239455330455001,0.016504150433309848,0.46569246097641981,0.49584855529724342,0.001,pooled
unfrozen,deployment,same_period,Pooled,FPR,3,0.001092896174863388,0.0010705921712947475,0.00023498725890158892,0.00086985613917698224,0.0013382402141184342,0.001,pooled
unfrozen,deployment,same_period,Pooled,FP,3,16.333333333333332,16,3.5118845842842465,13,20,0.001,pooled
unfrozen,deployment,same_period,Pooled,TP,3,7296.333333333333,7413,248.46998477347989,7011,7465,0.001,pooled
unfrozen,deployment,same_period,Pooled,TPR,3,0.70054245544116023,0.69850547990700762,0.0069367912221973103,0.69485220856858187,0.70826967784789108,0.0050000000000000001,per_format
unfrozen,deployment,same_period,Pooled,FPR,3,0.0050407048065127689,0.0052860488457678149,0.00042494834132391284,0.0045500167280026768,0.0052860488457678149,0.0050000000000000001,per_format
unfrozen,deployment,same_period,Pooled,FP,3,75.333333333333329,79,6.3508529610858826,68,79,0.0050000000000000001,per_format
unfrozen,deployment,same_period,Pooled,TP,3,10546.666666666666,10516,104.43339185018044,10461,10663,0.0050000000000000001,per_format
unfrozen,deployment,same_period,Pooled,TPR,3,0.69604782464297577,0.6991697110594487,0.0055807276815131217,0.68960478246429757,0.69936898040518103,0.0050000000000000001,pooled
unfrozen,deployment,same_period,Pooled,FPR,3,0.0053752648600423778,0.0056206088992974239,0.00048405340502310064,0.004817664770826363,0.0056875209100033458,0.0050000000000000001,pooled
unfrozen,deployment,same_period,Pooled,FP,3,80.333333333333329,84,7.2341781380702361,72,85,0.0050000000000000001,pooled
unfrozen,deployment,same_period,Pooled,TP,3,10479,10526,84.017855245179874,10382,10529,0.0050000000000000001,pooled
unfrozen,deployment,same_period,Pooled,TPR,3,0.77949739842798638,0.78060445034872139,0.0058578007684934224,0.77316506144138164,0.78472268349385588,0.01,per_format
unfrozen,deployment,same_period,Pooled,FPR,3,0.0093899855023976807,0.0092338574774171959,0.00058460320830070974,0.0088992974238875887,0.010036801605888258,0.01,per_format
unfrozen,deployment,same_period,Pooled,FP,3,140.33333333333334,138,8.736894948054104,133,150,0.01,per_format
unfrozen,deployment,same_period,Pooled,TP,3,11735.333333333334,11752,88.189190569668639,11640,11814,0.01,per_format
unfrozen,deployment,same_period,Pooled,TPR,3,0.77728329458651613,0.78306210561275325,0.01129837470157642,0.76426436399867159,0.78452341414812354,0.01,pooled
unfrozen,deployment,same_period,Pooled,FPR,3,0.0098806735809077728,0.010237537638006023,0.00073704523884725369,0.0090331214452994309,0.010371361659417865,0.01,pooled
unfrozen,deployment,same_period,Pooled,FP,3,147.66666666666666,153,11.015141094572204,135,155,0.01,pooled
unfrozen,deployment,same_period,Pooled,TP,3,11702,11789,170.09703113223347,11506,11811,0.01,pooled
unfrozen,deployment,same_period,Pooled,TPR,3,0.9232591608546441,0.92334772500830287,0.002591636683660662,0.9206243772832946,0.92580538027233472,0.050000000000000003,per_format
unfrozen,deployment,same_period,Pooled,FPR,3,0.050184008029441285,0.050451656072264969,0.00083573074585458547,0.049247239879558383,0.050853128136500503,0.050000000000000003,per_format
unfrozen,deployment,same_period,Pooled,FP,3,750,754,12.489995996796797,736,760,0.050000000000000003,per_format
unfrozen,deployment,same_period,Pooled,TP,3,13899.666666666666,13901,39.01709027251178,13860,13938,0.050000000000000003,per_format
unfrozen,deployment,same_period,Pooled,TPR,3,0.92305989150891177,0.92142145466622383,0.0036727438130843282,0.92049153105280634,0.92726668880770513,0.050000000000000003,pooled
unfrozen,deployment,same_period,Pooled,FPR,3,0.049604103936656631,0.050184008029441285,0.0010628975182285152,0.048377383740381398,0.050250920040147209,0.050000000000000003,pooled
unfrozen,deployment,same_period,Pooled,FP,3,741.33333333333337,750,15.88500340992514,723,751,0.050000000000000003,pooled
unfrozen,deployment,same_period,Pooled,TP,3,13896.666666666666,13872,55.293158105983899,13858,13960,0.050000000000000003,pooled
unfrozen,deployment,same_period,Win32,TPR,3,0.42344133041807464,0.44504074736632876,0.0640143934163699,0.35142118863049093,0.4738620552574041,0.001,per_format
unfrozen,deployment,same_period,Win32,FPR,3,0.00073790836519755819,0.00080499094385188164,0.00030741099449626614,0.00040249547192594082,0.001006238679814852,0.001,per_format
unfrozen,deployment,same_period,Win32,FP,3,3.6666666666666665,4,1.5275252316519465,2,5,0.001,per_format
unfrozen,deployment,same_period,Win32,TP,3,2130.3333333333335,2239,322.05641327775686,1768,2384,0.001,per_format
unfrozen,deployment,same_period,Win32,TPR,3,0.46438746438746437,0.46988670244484199,0.013119166210339364,0.44941363546014707,0.4738620552574041,0.001,pooled
unfrozen,deployment,same_period,Win32,FPR,3,0.0011404038371234989,0.001006238679814852,0.00041893056942365322,0.00080499094385188164,0.0016099818877037633,0.001,pooled
unfrozen,deployment,same_period,Win32,FP,3,5.666666666666667,5,2.0816659994661326,4,8,0.001,pooled
unfrozen,deployment,same_period,Win32,TP,3,2336.3333333333335,2364,66.00252520421725,2261,2384,0.001,pooled
unfrozen,deployment,same_period,Win32,TPR,3,0.64129066454647843,0.6348638441661697,0.012891324051872278,0.63287616775988864,0.65613198171337705,0.0050000000000000001,per_format
unfrozen,deployment,same_period,Win32,FPR,3,0.0052324411350372314,0.0052324411350372305,0.00060374320788891128,0.0046286979271483192,0.0058361843429261418,0.0050000000000000001,per_format
unfrozen,deployment,same_period,Win32,FP,3,26,26,3,23,29,0.0050000000000000001,per_format
unfrozen,deployment,same_period,Win32,TP,3,3226.3333333333335,3194,64.856251304969319,3184,3301,0.0050000000000000001,per_format
unfrozen,deployment,same_period,Win32,TPR,3,0.66229377857284832,0.66964818127608827,0.022296555759411547,0.63724905585370706,0.67998409858874975,0.0050000000000000001,pooled
unfrozen,deployment,same_period,Win32,FPR,3,0.0068424230227409942,0.006238679814852083,0.0019820603344327041,0.0052324411350372305,0.0090561481183336692,0.0050000000000000001,pooled
unfrozen,deployment,same_period,Win32,FP,3,34,31,9.8488578017961039,26,45,0.0050000000000000001,pooled
unfrozen,deployment,same_period,Win32,TP,3,3332,3369,112.1739720255996,3206,3421,0.0050000000000000001,pooled
unfrozen,deployment,same_period,Win32,TPR,3,0.72623070297488901,0.72788709998012324,0.0052676549951105704,0.7203339296362552,0.73047107930828858,0.01,per_format
unfrozen,deployment,same_period,Win32,FPR,3,0.0099953042194941971,0.0098611390621855498,0.00041893056942365279,0.0096598913262225805,0.010464882270074461,0.01,per_format
unfrozen,deployment,same_period,Win32,FP,3,49.666666666666664,49,2.0816659994661326,48,52,0.01,per_format
unfrozen,deployment,same_period,Win32,TP,3,3653.6666666666665,3662,26.501572280401277,3624,3675,0.01,per_format
unfrozen,deployment,same_period,Win32,TPR,3,0.7424633936261843,0.74537865235539658,0.011801732765235419,0.72947724110514811,0.75253428741800832,0.01,pooled
unfrozen,deployment,same_period,Win32,FPR,3,0.012141946736432548,0.011269873213926343,0.0024344599599683443,0.010263634534111492,0.014892332461259811,0.01,pooled
unfrozen,deployment,same_period,Win32,FP,3,60.333333333333336,56,12.096831541082704,51,74,0.01,pooled
unfrozen,deployment,same_period,Win32,TP,3,3735.3333333333335,3750,59.374517541899515,3670,3786,0.01,pooled
unfrozen,deployment,same_period,Win32,TPR,3,0.87099980123235932,0.87358378056052477,0.0053593594763318691,0.86483800437288805,0.87457761876366524,0.050000000000000003,per_format
unfrozen,deployment,same_period,Win32,FPR,3,0.054135640974039036,0.054940631917890927,0.0032945674267951088,0.050513181726705575,0.056953109277520626,0.050000000000000003,per_format
unfrozen,deployment,same_period,Win32,FP,3,269,273,16.370705543744901,251,283,0.050000000000000003,per_format
unfrozen,deployment,same_period,Win32,TP,3,4382,4395,26.962937525425527,4351,4400,0.050000000000000003,per_format
unfrozen,deployment,same_period,Win32,TPR,3,0.88365467435234868,0.88352216259193006,0.0073552979984776966,0.87636652752931821,0.8910753329357981,0.050000000000000003,pooled
unfrozen,deployment,same_period,Win32,FPR,3,0.062856376199101102,0.065405514187965391,0.0056790860705163669,0.056349366069631715,0.066814248339706173,0.050000000000000003,pooled
unfrozen,deployment,same_period,Win32,FP,3,312.33333333333331,325,28.219378684395824,280,332,0.050000000000000003,pooled
unfrozen,deployment,same_period,Win32,TP,3,4445.666666666667,4445,37.004504230341112,4409,4483,0.050000000000000003,pooled
unfrozen,deployment,same_period,Win64,TPR,3,0.56573097086734359,0.57455703762691623,0.029765808482882929,0.53255026876368705,0.59008560621142747,0.001,per_format
unfrozen,deployment,same_period,Win64,FPR,3,0.0012055455093429779,0.0014064697609001407,0.00053159560198203556,0.00060277275467148883,0.0016073940124573037,0.001,per_format
unfrozen,deployment,same_period,Win64,FP,3,6,7,2.6457513110645907,3,8,0.001,per_format
unfrozen,deployment,same_period,Win64,TP,3,2841.6666666666665,2886,149.51365600952087,2675,2964,0.001,per_format
unfrozen,deployment,same_period,Win64,TPR,3,0.59791625190789033,0.57614971132789172,0.045679452131384565,0.56719092175990449,0.650408122635875,0.001,pooled
unfrozen,deployment,same_period,Win64,FPR,3,0.0014064697609001409,0.0014064697609001407,0.00040184850311432592,0.0010046212577858146,0.0018083182640144665,0.001,pooled
unfrozen,deployment,same_period,Win64,FP,3,7,7,2,5,9,0.001,pooled
unfrozen,deployment,same_period,Win64,TP,3,3003.3333333333335,2894,229.4478880559447,2849,3267,0.001,pooled
unfrozen,deployment,same_period,Win64,TPR,3,0.78478996615568386,0.7849890503683058,0.0018991423480329112,0.7827991240294645,0.78658172406928129,0.0050000000000000001,per_format
unfrozen,deployment,same_period,Win64,FPR,3,0.0053579800415243448,0.0054249547920433997,0.00070562278165245071,0.0046212577858147476,0.0060277275467148887,0.0050000000000000001,per_format
unfrozen,deployment,same_period,Win64,FP,3,26.666666666666668,27,3.5118845842842465,23,30,0.0050000000000000001,per_format
unfrozen,deployment,same_period,Win64,TP,3,3942,3943,9.5393920141694561,3932,3951,0.0050000000000000001,per_format
unfrozen,deployment,same_period,Win64,TPR,3,0.7877762293450129,0.78757714513239097,0.011050518882244013,0.77682659765080631,0.79892494525184155,0.0050000000000000001,pooled
unfrozen,deployment,same_period,Win64,FPR,3,0.0053579800415243456,0.0054249547920433997,0.00050564827776242399,0.0048221820373719106,0.0058268032951577257,0.0050000000000000001,pooled
unfrozen,deployment,same_period,Win64,FP,3,26.666666666666668,27,2.5166114784235836,24,29,0.0050000000000000001,pooled
unfrozen,deployment,same_period,Win64,TP,3,3957,3956,55.506756345511668,3902,4013,0.0050000000000000001,pooled
unfrozen,deployment,same_period,Win64,TPR,3,0.84212621939080234,0.84172805096555847,0.0020204840862218425,0.84033446147720481,0.84431614572964364,0.01,per_format
unfrozen,deployment,same_period,Win64,FPR,3,0.0093764650726676033,0.0096443640747438213,0.0010310631785105254,0.008237894313843681,0.010247136829415311,0.01,per_format
unfrozen,deployment,same_period,Win64,FP,3,46.666666666666664,48,5.1316014394468841,41,51,0.01,per_format
unfrozen,deployment,same_period,Win64,TP,3,4230,4228,10.148891565092219,4221,4241,0.01,per_format
unfrozen,deployment,same_period,Win64,TPR,3,0.84252438781604611,0.84172805096555847,0.0079931753533285712,0.83495918773641253,0.85088592474616764,0.01,pooled
unfrozen,deployment,same_period,Win64,FPR,3,0.0097783135757819311,0.0096443640747438213,0.00061383372780869888,0.0092425155716294952,0.010448061080972473,0.01,pooled
unfrozen,deployment,same_period,Win64,FP,3,48.666666666666664,48,3.0550504633038931,46,52,0.01,pooled
unfrozen,deployment,same_period,Win64,TP,3,4232,4228,40.149719799769464,4194,4274,0.01,pooled
unfrozen,deployment,same_period,Win64,TPR,3,0.9467117924215277,0.94644634680469841,0.000459765294994718,0.94644634680469841,0.94724268365518616,0.050000000000000003,per_format
unfrozen,deployment,same_period,Win64,FPR,3,0.051905431652267096,0.052039381153305204,0.0020125884671243332,0.049829214386176414,0.053847699417319671,0.050000000000000003,per_format
unfrozen,deployment,same_period,Win64,FP,3,258.33333333333331,259,10.016652800877813,248,268,0.050000000000000003,per_format
unfrozen,deployment,same_period,Win64,TP,3,4755.333333333333,4754,2.3094010767585034,4754,4758,0.050000000000000003,per_format
unfrozen,deployment,same_period,Win64,TPR,3,0.93549671511049171,0.93529763089786977,0.00052672731655674918,0.93509854668524783,0.93609396774835751,0.050000000000000003,pooled
unfrozen,deployment,same_period,Win64,FPR,3,0.042662916080637603,0.043198714084790035,0.0026529103637182184,0.039783001808318265,0.045007032348804502,0.050000000000000003,pooled
unfrozen,deployment,same_period,Win64,FP,3,212.33333333333334,215,13.203534880225574,198,224,0.050000000000000003,pooled
unfrozen,deployment,same_period,Win64,TP,3,4699,4698,2.6457513110645907,4697,4702,0.050000000000000003,pooled
unfrozen,deployment,test,Dot_Net,TPR,3,0.50291236431029918,0.49444003177124701,0.053720268443997139,0.45393169181890392,0.56036536934074666,0.001,per_format
unfrozen,deployment,test,Dot_Net,FPR,3,0.0029546065001343005,0.0028203062046736503,0.00041935253816803624,0.0026188557614826753,0.0034246575342465752,0.001,per_format
unfrozen,deployment,test,Dot_Net,FP,3,14.666666666666666,14,2.0816659994661331,13,17,0.001,per_format
unfrozen,deployment,test,Dot_Net,TP,3,2532.6666666666665,2490,270.53527188396959,2286,2822,0.001,per_format
unfrozen,deployment,test,Dot_Net,TPR,3,0.41990998146677255,0.40111199364575062,0.053944767408563375,0.37787926926131848,0.48073868149324861,0.001,pooled
unfrozen,deployment,test,Dot_Net,FPR,3,0.0017459038409884501,0.0012087026591458502,0.0012951451465206762,0.00080580177276390005,0.0032232070910556002,0.001,pooled
unfrozen,deployment,test,Dot_Net,FP,3,8.6666666666666661,6,6.429100507328636,4,16,0.001,pooled
unfrozen,deployment,test,Dot_Net,TP,3,2114.6666666666665,2020,271.66584866952513,1903,2421,0.001,pooled
unfrozen,deployment,test,Dot_Net,TPR,3,0.69214985438178456,0.69241461477362987,0.015291631755749012,0.67672756155679115,0.70730738681493244,0.0050000000000000001,per_format
unfrozen,deployment,test,Dot_Net,FPR,3,0.0075208165457964007,0.0072522159548751011,0.0010337633842560203,0.0066478646253021753,0.0086623690572119258,0.0050000000000000001,per_format
unfrozen,deployment,test,Dot_Net,FP,3,37.333333333333336,36,5.1316014394468841,33,43,0.0050000000000000001,per_format
unfrozen,deployment,test,Dot_Net,TP,3,3485.6666666666665,3487,77.008657521952259,3408,3562,0.0050000000000000001,per_format
unfrozen,deployment,test,Dot_Net,TPR,3,0.65819433412761452,0.64436060365369341,0.03164461293357574,0.63582208101667992,0.69440031771247024,0.0050000000000000001,pooled
unfrozen,deployment,test,Dot_Net,FPR,3,0.006513564329841526,0.0056406124093473006,0.0015119970788608249,0.0056406124093473006,0.0082594681708299759,0.0050000000000000001,pooled
unfrozen,deployment,test,Dot_Net,FP,3,32.333333333333336,28,7.5055534994651349,28,41,0.0050000000000000001,pooled
unfrozen,deployment,test,Dot_Net,TP,3,3314.6666666666665,3245,159.36227073348738,3202,3497,0.0050000000000000001,pooled
unfrozen,deployment,test,Dot_Net,TPR,3,0.78011649457241194,0.78038125496425736,0.0085416006914166513,0.7714455917394758,0.78852263701350278,0.01,per_format
unfrozen,deployment,test,Dot_Net,FPR,3,0.012154176739188826,0.012892828364222401,0.0014573283920367112,0.010475423045930701,0.013094278807413377,0.01,per_format
unfrozen,deployment,test,Dot_Net,FP,3,60.333333333333336,64,7.2341781380702352,52,65,0.01,per_format
unfrozen,deployment,test,Dot_Net,TP,3,3928.6666666666665,3930,43.015501081974314,3885,3971,0.01,per_format
unfrozen,deployment,test,Dot_Net,TPR,3,0.75999470479216313,0.76806989674344717,0.036420375891181918,0.72021445591739475,0.79169976171564738,0.01,pooled
unfrozen,deployment,test,Dot_Net,FPR,3,0.011012624227773301,0.0096696212731668015,0.0026826463007572094,0.0092667203867848515,0.014101531023368252,0.01,pooled
unfrozen,deployment,test,Dot_Net,FP,3,54.666666666666664,48,13.316656236958787,46,70,0.01,pooled
unfrozen,deployment,test,Dot_Net,TP,3,3827.3333333333335,3868,183.413012987992,3627,3987,0.01,pooled
unfrozen,deployment,test,Dot_Net,TPR,3,0.94658459094519465,0.94519459888800639,0.0029385719989969404,0.94459888800635428,0.94996028594122317,0.050000000000000003,per_format
unfrozen,deployment,test,Dot_Net,FPR,3,0.053384367445608379,0.054593070104754234,0.0022702311985464624,0.050765511684125707,0.054794520547945202,0.050000000000000003,per_format
unfrozen,deployment,test,Dot_Net,FP,3,265,271,11.269427669584644,252,272,0.050000000000000003,per_format
unfrozen,deployment,test,Dot_Net,TP,3,4767,4760,14.798648586948742,4757,4784,0.050000000000000003,per_format
unfrozen,deployment,test,Dot_Net,TPR,3,0.94526078898596777,0.94519459888800639,0.0044681993200258556,0.94082605242255757,0.94976171564733913,0.050000000000000003,pooled
unfrozen,deployment,test,Dot_Net,FPR,3,0.052645715820574805,0.054391619661563258,0.0041153783094398525,0.047945205479452052,0.055600322320709106,0.050000000000000003,pooled
unfrozen,deployment,test,Dot_Net,FP,3,261.33333333333331,270,20.428737928059416,238,276,0.050000000000000003,pooled
unfrozen,deployment,test,Dot_Net,TP,3,4760.333333333333,4760,22.501851775650227,4738,4783,0.050000000000000003,pooled
unfrozen,deployment,test,Pooled,TPR,3,0.42562230335214069,0.42602057749751077,0.011621448779403812,0.4138068370394955,0.43703949551941584,0.001,per_format
unfrozen,deployment,test,Pooled,FPR,3,0.0016739203213927019,0.0016739203213927017,6.6956812855708051e-05,0.0016069635085369936,0.0017408771342484097,0.001,per_format
unfrozen,deployment,test,Pooled,FP,3,25,25,1,24,26,0.001,per_format
unfrozen,deployment,test,Pooled,TP,3,6412,6418,175.07712586171843,6234,6584,0.001,per_format
unfrozen,deployment,test,Pooled,TPR,3,0.41385108972231444,0.41354132094258217,0.0037268930593477934,0.41028874875539328,0.4177231994689678,0.001,pooled
unfrozen,deployment,test,Pooled,FPR,3,0.0014060930699698693,0.0014060930699698695,0.00033478406427854036,0.001071309005691329,0.0017408771342484097,0.001,pooled
unfrozen,deployment,test,Pooled,FP,3,21,21,5,16,26,0.001,pooled
unfrozen,deployment,test,Pooled,TP,3,6234.666666666667,6230,56.145643939074503,6181,6293,0.001,pooled
unfrozen,deployment,test,Pooled,TPR,3,0.61190397167828303,0.60962495851310983,0.012995096241035264,0.60019913707268502,0.62588781944905414,0.0050000000000000001,per_format
unfrozen,deployment,test,Pooled,FPR,3,0.005735966967972325,0.0058921995313023102,0.00039233111999212013,0.0052895882156009377,0.0060261131570137263,0.0050000000000000001,per_format
unfrozen,deployment,test,Pooled,FP,3,85.666666666666671,88,5.8594652770823146,79,90,0.0050000000000000001,per_format
unfrozen,deployment,test,Pooled,TP,3,9218.3333333333339,9184,195.77112487119578,9042,9429,0.0050000000000000001,per_format
unfrozen,deployment,test,Pooled,TPR,3,0.60882841022236966,0.60318619316296052,0.011962782000729246,0.60073016926651179,0.62256886823763691,0.0050000000000000001,pooled
unfrozen,deployment,test,Pooled,FPR,3,0.0056020533422609089,0.0055574154670237699,0.00027060273748425709,0.0053565450284566458,0.0058921995313023102,0.0050000000000000001,pooled
unfrozen,deployment,test,Pooled,FP,3,83.666666666666671,83,4.0414518843273806,80,88,0.0050000000000000001,pooled
unfrozen,deployment,test,Pooled,TP,3,9172,9087,180.2193108409862,9050,9379,0.0050000000000000001,pooled
unfrozen,deployment,test,Pooled,TPR,3,0.69804181878526383,0.69120477928974444,0.013962808418083929,0.68881513441752407,0.71410554264852311,0.01,per_format
unfrozen,deployment,test,Pooled,FPR,3,0.010132797678830487,0.0097756946769333771,0.0006773347128888979,0.0097087378640776691,0.010913960495480416,0.01,per_format
unfrozen,deployment,test,Pooled,FP,3,151.33333333333334,146,10.115993936995679,145,163,0.01,per_format
unfrozen,deployment,test,Pooled,TP,3,10516,10413,210.34970881843407,10377,10758,0.01,per_format
unfrozen,deployment,test,Pooled,TPR,3,0.6977099236641221,0.6911384002655161,0.014596896847771115,0.68755393295718548,0.71443743776966484,0.01,pooled
unfrozen,deployment,test,Pooled,FPR,3,0.010378305992634751,0.010110478741211919,0.00064570811924961175,0.0099096083026447949,0.01111483093404754,0.01,pooled
unfrozen,deployment,test,Pooled,FP,3,155,151,9.6436507609929549,148,166,0.01,pooled
unfrozen,deployment,test,Pooled,TP,3,10511,10412,219.9022510116711,10358,10763,0.01,pooled
unfrozen,deployment,test,Pooled,TPR,3,0.89436884611129541,0.8922004646531696,0.0041646335930187496,0.89173581148357117,0.89917026219714569,0.050000000000000003,per_format
unfrozen,deployment,test,Pooled,FPR,3,0.047271509876129901,0.047405423501841314,0.00081180821245277132,0.046401071309005691,0.048008034817542684,0.050000000000000003,per_format
unfrozen,deployment,test,Pooled,FP,3,706,708,12.124355652982141,693,717,0.050000000000000003,per_format
unfrozen,deployment,test,Pooled,TP,3,13473.666666666666,13441,62.740205078827508,13434,13546,0.050000000000000003,per_format
unfrozen,deployment,test,Pooled,TPR,3,0.88927978758712245,0.88689014271490207,0.0069530245603311187,0.88383670760039823,0.89711251244606705,0.050000000000000003,pooled
unfrozen,deployment,test,Pooled,FPR,3,0.046445709184242824,0.046066287244727153,0.00096178825695414523,0.045731503180448607,0.047539337127552726,0.050000000000000003,pooled
unfrozen,deployment,test,Pooled,FP,3,693.66666666666663,688,14.364307617610162,683,710,0.050000000000000003,pooled
unfrozen,deployment,test,Pooled,TP,3,13397,13361,104.74731500138799,13315,13515,0.050000000000000003,pooled
unfrozen,deployment,test,Win32,TPR,3,0.42345778134617956,0.44921718185467685,0.0495635818592568,0.36631874749096749,0.4548374146928944,0.001,per_format
unfrozen,deployment,test,Win32,FPR,3,0.00046499269297196758,0.00059784774810681541,0.00023011170553592097,0.00019928258270227183,0.00059784774810681541,0.001,per_format
unfrozen,deployment,test,Win32,FP,3,2.3333333333333335,3,1.1547005383792515,1,3,0.001,per_format
unfrozen,deployment,test,Win32,TP,3,2109.6666666666665,2238,246.9257648228174,1825,2266,0.001,per_format
unfrozen,deployment,test,Win32,TPR,3,0.45497122976047094,0.4548374146928944,0.0034142515247351938,0.45162585307105579,0.45845042151746285,0.001,pooled
unfrozen,deployment,test,Win32,FPR,3,0.00059784774810681541,0.00059784774810681541,0,0.00059784774810681541,0.00059784774810681541,0.001,pooled
unfrozen,deployment,test,Win32,FP,3,3,3,0,3,3,0.001,pooled
unfrozen,deployment,test,Win32,TP,3,2266.6666666666665,2266,17.009801096230763,2250,2284,0.001,pooled
unfrozen,deployment,test,Win32,TPR,3,0.61160176635889207,0.60859092733841835,0.0070252910477719577,0.60658370132476913,0.61963067041348852,0.0050000000000000001,per_format
unfrozen,deployment,test,Win32,FPR,3,0.004118506709180284,0.0035870864886408927,0.0010975628830781389,0.003387803905938621,0.0053806297329613388,0.0050000000000000001,per_format
unfrozen,deployment,test,Win32,FP,3,20.666666666666668,18,5.5075705472861021,17,27,0.0050000000000000001,per_format
unfrozen,deployment,test,Win32,TP,3,3047,3032,35,3022,3087,0.0050000000000000001,per_format
unfrozen,deployment,test,Win32,TPR,3,0.63214237923190153,0.63548775592131679,0.021075235919075293,0.60959454034524285,0.65134484142914495,0.0050000000000000001,pooled
unfrozen,deployment,test,Win32,FPR,3,0.0046499269297196758,0.0043842168194499799,0.0012176366932259439,0.0035870864886408927,0.0059784774810681543,0.0050000000000000001,pooled
unfrozen,deployment,test,Win32,FP,3,23.333333333333332,22,6.1101009266077861,18,30,0.0050000000000000001,pooled
unfrozen,deployment,test,Win32,TP,3,3149.3333333333335,3166,104.99682534883296,3037,3245,0.0050000000000000001,pooled
unfrozen,deployment,test,Win32,TPR,3,0.69523618359427275,0.69851465274989966,0.0058531665060996005,0.68847852268165399,0.6987153753512646,0.01,per_format
unfrozen,deployment,test,Win32,FPR,3,0.0086355785837651123,0.0089677162216022319,0.0021121446918539455,0.0063770426464726986,0.010561976883220407,0.01,per_format
unfrozen,deployment,test,Win32,FP,3,43.333333333333336,45,10.598742063723098,32,53,0.01,per_format
unfrozen,deployment,test,Win32,TP,3,3463.6666666666665,3480,29.160475533388226,3430,3481,0.01,per_format
unfrozen,deployment,test,Win32,TPR,3,0.71189615950756069,0.70875150541951026,0.0056214274886377796,0.70855078281814532,0.71838619028502615,0.01,pooled
unfrozen,deployment,test,Win32,FPR,3,0.010229839245383288,0.0095655639697090466,0.001326888823929732,0.0093662813870067762,0.011757672379434038,0.01,pooled
unfrozen,deployment,test,Win32,FP,3,51.333333333333336,48,6.6583281184793934,47,59,0.01,pooled
unfrozen,deployment,test,Win32,TP,3,3546.6666666666665,3531,28.005951748393294,3530,3579,0.01,pooled
unfrozen,deployment,test,Win32,TPR,3,0.84571122708416968,0.84524287434765155,0.0039350504355768149,0.84203131272581289,0.84985949417904461,0.050000000000000003,per_format
unfrozen,deployment,test,Win32,FPR,3,0.038727248571808155,0.037863690713431646,0.0016712827986460907,0.037664408130729375,0.040653646871263452,0.050000000000000003,per_format
unfrozen,deployment,test,Win32,FP,3,194.33333333333334,190,8.3864970836060824,189,204,0.050000000000000003,per_format
unfrozen,deployment,test,Win32,TP,3,4213.333333333333,4211,19.604421270043485,4195,4234,0.050000000000000003,per_format
unfrozen,deployment,test,Win32,TPR,3,0.85996253178107851,0.86330790847049377,0.0077851738678769815,0.85106382978723405,0.86551585708550782,0.050000000000000003,pooled
unfrozen,deployment,test,Win32,FPR,3,0.045502856383685397,0.045834994021522517,0.0023097301249785725,0.043045037863690711,0.047628537265842964,0.050000000000000003,pooled
unfrozen,deployment,test,Win32,FP,3,228.33333333333334,230,11.590225767142472,216,239,0.050000000000000003,pooled
unfrozen,deployment,test,Win32,TP,3,4284.333333333333,4301,38.785736209763165,4240,4312,0.050000000000000003,pooled
unfrozen,deployment,test,Win64,TPR,3,0.35063734231556704,0.35090152565880722,0.011692351565925302,0.33881513770556765,0.36219536358232612,0.001,per_format
unfrozen,deployment,test,Win64,FPR,3,0.0016151827175449223,0.0016151827175449223,0.00020189783969311531,0.001413284877851807,0.0018170805572380376,0.001,per_format
unfrozen,deployment,test,Win64,FP,3,8,8,1,7,9,0.001,per_format
unfrozen,deployment,test,Win64,TP,3,1769.6666666666667,1771,59.01129835322498,1710,1828,0.001,per_format
unfrozen,deployment,test,Win64,TPR,3,0.36721484710389007,0.38161283931048146,0.040599015096504591,0.32137903705171389,0.39865266494947493,0.001,pooled
unfrozen,deployment,test,Win64,FPR,3,0.0018843798371357427,0.0018170805572380376,0.00050809842084061844,0.001413284877851807,0.0024227740763173833,0.001,pooled
unfrozen,deployment,test,Win64,FP,3,9.3333333333333339,9,2.5166114784235831,7,12,0.001,pooled
unfrozen,deployment,test,Win64,TP,3,1853.3333333333333,1926,204.90322919205869,1622,2012,0.001,pooled
unfrozen,deployment,test,Win64,TPR,3,0.53213129912159041,0.51753516940756883,0.025625188513082386,0.51713889439270855,0.56171983356449373,0.0050000000000000001,per_format
unfrozen,deployment,test,Win64,FPR,3,0.0055858402315095241,0.0056531395114072279,0.00050809842084061833,0.0050474459923278824,0.0060569351907934586,0.0050000000000000001,per_format
unfrozen,deployment,test,Win64,FP,3,27.666666666666668,28,2.5166114784235836,25,30,0.0050000000000000001,per_format
unfrozen,deployment,test,Win64,TP,3,2685.6666666666665,2612,129.33032642552686,2610,2835,0.0050000000000000001,per_format
unfrozen,deployment,test,Win64,TPR,3,0.53655637012086388,0.52288488210818307,0.039369578701516882,0.50584505646918965,0.58093917178521892,0.0050000000000000001,pooled
unfrozen,deployment,test,Win64,FPR,3,0.0056531395114072279,0.0060569351907934586,0.00069939463257374425,0.0048455481526347667,0.0060569351907934586,0.0050000000000000001,pooled
unfrozen,deployment,test,Win64,FP,3,28,30,3.4641016151377544,24,30,0.0050000000000000001,pooled
unfrozen,deployment,test,Win64,TP,3,2708,2639,198.69826370655582,2553,2932,0.0050000000000000001,pooled
unfrozen,deployment,test,Win64,TPR,3,0.61891552737599898,0.5878739845452744,0.054798305991522536,0.58668515950069344,0.68218743808202897,0.01,per_format
unfrozen,deployment,test,Win64,FPR,3,0.0096237970253718278,0.0096910963052695333,0.0013136295373809229,0.0082778114274177274,0.010902483343428226,0.01,per_format
unfrozen,deployment,test,Win64,FP,3,47.666666666666664,48,6.5064070986477116,41,54,0.01,per_format
unfrozen,deployment,test,Win64,TP,3,3123.6666666666665,2967,276.56705033921401,2961,3443,0.01,per_format
unfrozen,deployment,test,Win64,TPR,3,0.62155736080840107,0.58628888448583316,0.072347055924993284,0.57360808401030317,0.70477511392906678,0.01,pooled
unfrozen,deployment,test,Win64,FPR,3,0.00989299414496265,0.0098929941449626482,0.0016151827175449216,0.0082778114274177274,0.011508176862507571,0.01,pooled
unfrozen,deployment,test,Win64,FP,3,49,49,8,41,57,0.01,pooled
unfrozen,deployment,test,Win64,TP,3,3137,2959,365.13559125344108,2895,3557,0.01,pooled
unfrozen,deployment,test,Win64,TPR,3,0.89029786671950328,0.88805230830196158,0.010679838336013282,0.88091935803447596,0.90192193382207253,0.050000000000000003,per_format
unfrozen,deployment,test,Win64,FPR,3,0.049801467124301772,0.049868766404199474,0.0019189147896067375,0.047849788007268322,0.051685846961437514,0.050000000000000003,per_format
unfrozen,deployment,test,Win64,FP,3,246.66666666666666,247,9.5043849529221678,237,256,0.050000000000000003,per_format
unfrozen,deployment,test,Win64,TP,3,4493.333333333333,4482,53.901144081859087,4446,4552,0.050000000000000003,per_format
unfrozen,deployment,test,Win64,TPR,3,0.86236047817185124,0.86407766990291257,0.025405164108537638,0.83614028135526053,0.88686348325738062,0.050000000000000003,pooled
unfrozen,deployment,test,Win64,FPR,3,0.041187159297395519,0.042398546335554212,0.0022752731010669582,0.03856248738138502,0.042600444175247325,0.050000000000000003,pooled
unfrozen,deployment,test,Win64,FP,3,204,210,11.269427669584644,191,211,0.050000000000000003,pooled
unfrozen,deployment,test,Win64,TP,3,4352.333333333333,4361,128.21986325578939,4220,4476,0.050000000000000003,pooled
unfrozen,deployment,threshold,Dot_Net,TPR,3,0.48065193480651941,0.48525147485251474,0.045370676430477277,0.43315668433156684,0.52354764523547648,0.001,per_format
unfrozen,deployment,threshold,Dot_Net,FPR,3,0.00090009000900090005,0.00090009000900090005,0,0.00090009000900090005,0.00090009000900090005,0.001,per_format
unfrozen,deployment,threshold,Dot_Net,FP,3,9,9,0,9,9,0.001,per_format
unfrozen,deployment,threshold,Dot_Net,TP,3,4807,4853,453.75213498120314,4332,5236,0.001,per_format
unfrozen,deployment,threshold,Dot_Net,TPR,3,0.39622704396227043,0.37326267373262673,0.06182991757525215,0.34916508349165082,0.46625337466253375,0.001,pooled
unfrozen,deployment,threshold,Dot_Net,FPR,3,0.00056672333900056665,0.00050005000500050005,0.00050337263294801147,0.00010001000100010001,0.0011001100110011001,0.001,pooled
unfrozen,deployment,threshold,Dot_Net,FP,3,5.666666666666667,5,5.0332229568471671,1,11,0.001,pooled
unfrozen,deployment,threshold,Dot_Net,TP,3,3962.6666666666665,3733,618.36100567009669,3492,4663,0.001,pooled
unfrozen,deployment,threshold,Dot_Net,TPR,3,0.67743225677432262,0.68073192680731931,0.0063310333439763507,0.67013298670132981,0.68143185681431862,0.0050000000000000001,per_format
unfrozen,deployment,threshold,Dot_Net,FPR,3,0.0049004900490049004,0.0049004900490049004,0,0.0049004900490049004,0.0049004900490049004,0.0050000000000000001,per_format
unfrozen,deployment,threshold,Dot_Net,FP,3,49,49,0,49,49,0.0050000000000000001,per_format
unfrozen,deployment,threshold,Dot_Net,TP,3,6775,6808,63.316664473106918,6702,6815,0.0050000000000000001,per_format
unfrozen,deployment,threshold,Dot_Net,TPR,3,0.64246908642469081,0.63673632636736321,0.046461398810526869,0.59914008599140089,0.69153084691530842,0.0050000000000000001,pooled
unfrozen,deployment,threshold,Dot_Net,FPR,3,0.0039003900390039005,0.0035003500350035003,0.0014423647466602618,0.0027002700270027003,0.0055005500550055009,0.0050000000000000001,pooled
unfrozen,deployment,threshold,Dot_Net,FP,3,39,35,14.422205101855956,27,55,0.0050000000000000001,pooled
unfrozen,deployment,threshold,Dot_Net,TP,3,6425.333333333333,6368,464.66044950407962,5992,6916,0.0050000000000000001,pooled
unfrozen,deployment,threshold,Dot_Net,TPR,3,0.77095623770956234,0.77862213778622136,0.013888295592101795,0.75492450754924512,0.77932206779322066,0.01,per_format
unfrozen,deployment,threshold,Dot_Net,FPR,3,0.0099009900990099011,0.0099009900990099011,0,0.0099009900990099011,0.0099009900990099011,0.01,per_format
unfrozen,deployment,threshold,Dot_Net,FP,3,99,99,0,99,99,0.01,per_format
unfrozen,deployment,threshold,Dot_Net,TP,3,7710.333333333333,7787,138.89684421661039,7550,7794,0.01,per_format
unfrozen,deployment,threshold,Dot_Net,TPR,3,0.74965836749658354,0.75862413758624136,0.046892680949576472,0.69893010698930103,0.79142085791420858,0.01,pooled
unfrozen,deployment,threshold,Dot_Net,FPR,3,0.0084008400840084024,0.008500850085008501,0.0023518303862995996,0.0060006000600060002,0.010701070107010701,0.01,pooled
unfrozen,deployment,threshold,Dot_Net,FP,3,84,85,23.515952032609693,60,107,0.01,pooled
unfrozen,deployment,threshold,Dot_Net,TP,3,7497.333333333333,7587,468.97370217671408,6990,7915,0.01,pooled
unfrozen,deployment,threshold,Dot_Net,TPR,3,0.95187147951871476,0.94980501949805018,0.0047496127572125854,0.94850514948505149,0.95730426957304271,0.050000000000000003,per_format
unfrozen,deployment,threshold,Dot_Net,FPR,3,0.049904990499049902,0.049904990499049902,0,0.049904990499049902,0.049904990499049902,0.050000000000000003,per_format
unfrozen,deployment,threshold,Dot_Net,FP,3,499,499,0,499,499,0.050000000000000003,per_format
unfrozen,deployment,threshold,Dot_Net,TP,3,9519.6666666666661,9499,47.500877184882945,9486,9574,0.050000000000000003,per_format
unfrozen,deployment,threshold,Dot_Net,TPR,3,0.950338299503383,0.95080491950804924,0.0069111345016339646,0.9432056794320568,0.95700429957004296,0.050000000000000003,pooled
unfrozen,deployment,threshold,Dot_Net,FPR,3,0.048838217155048845,0.049604960496049608,0.0028292992489540613,0.045704570457045707,0.051205120512051207,0.050000000000000003,pooled
unfrozen,deployment,threshold,Dot_Net,FP,3,488.33333333333331,496,28.290163190291661,457,512,0.050000000000000003,pooled
unfrozen,deployment,threshold,Dot_Net,TP,3,9504.3333333333339,9509,69.118256150841461,9433,9571,0.050000000000000003,pooled
unfrozen,deployment,threshold,Pooled,TPR,3,0.49071767792501081,0.48998704792268605,0.01930564605919112,0.47178771877386999,0.51037826707847633,0.001,per_format
unfrozen,deployment,threshold,Pooled,FPR,3,0.00090334236675700087,0.00090334236675700087,0,0.00090334236675700087,0.00090334236675700087,0.001,per_format
unfrozen,deployment,threshold,Pooled,FP,3,27,27,0,27,27,0.001,per_format
unfrozen,deployment,threshold,Pooled,TP,3,14776,14754,581.31230848830307,14206,15368,0.001,per_format
unfrozen,deployment,threshold,Pooled,TPR,3,0.48741877276299911,0.49427119657268109,0.015510467517854903,0.46966224967619807,0.49832287204011821,0.001,pooled
unfrozen,deployment,threshold,Pooled,FPR,3,0.00097025661614640838,0.00097025661614640838,0,0.00097025661614640838,0.00097025661614640838,0.001,pooled
unfrozen,deployment,threshold,Pooled,FP,3,29,29,0,29,29,0.001,pooled
unfrozen,deployment,threshold,Pooled,TP,3,14676.666666666666,14883,467.03568743012914,14142,15005,0.001,pooled
unfrozen,deployment,threshold,Pooled,TPR,3,0.69951180631662846,0.69698781176314306,0.0058996014819838859,0.69529407857593573,0.7062535286108067,0.0050000000000000001,per_format
unfrozen,deployment,threshold,Pooled,FPR,3,0.0049181973301214493,0.0049181973301214493,0,0.0049181973301214493,0.0049181973301214493,0.0050000000000000001,per_format
unfrozen,deployment,threshold,Pooled,FP,3,147,147,0,147,147,0.0050000000000000001,per_format
unfrozen,deployment,threshold,Pooled,TP,3,21063,20987,177.64290022401684,20936,21266,0.0050000000000000001,per_format
unfrozen,deployment,threshold,Pooled,TPR,3,0.69516123675733121,0.69838265085849027,0.0068536755703231889,0.68729035900501478,0.69981070040848858,0.0050000000000000001,pooled
unfrozen,deployment,threshold,Pooled,FPR,3,0.0049851115795108572,0.0049851115795108572,0,0.0049851115795108572,0.0049851115795108572,0.0050000000000000001,pooled
unfrozen,deployment,threshold,Pooled,FP,3,149,149,0,149,149,0.0050000000000000001,pooled
unfrozen,deployment,threshold,Pooled,TP,3,20932,21029,206.37102509800158,20695,21072,0.0050000000000000001,pooled
unfrozen,deployment,threshold,Pooled,TPR,3,0.77615046549987277,0.78031284248281363,0.0076742263689734674,0.76729434425957288,0.78084420975723157,0.01,per_format
unfrozen,deployment,threshold,Pooled,FPR,3,0.0099367660343270096,0.0099367660343270096,0,0.0099367660343270096,0.0099367660343270096,0.01,per_format
unfrozen,deployment,threshold,Pooled,FP,3,297,297,0,297,297,0.01,per_format
unfrozen,deployment,threshold,Pooled,TP,3,23370.666666666668,23496,231.07863019615928,23104,23512,0.01,per_format
unfrozen,deployment,threshold,Pooled,TPR,3,0.77457850397971939,0.77792168974793263,0.011110837083705643,0.76217993424329977,0.78363388794792599,0.01,pooled
unfrozen,deployment,threshold,Pooled,FPR,3,0.0099702231590217145,0.0099702231590217145,0,0.0099702231590217145,0.0099702231590217145,0.01,pooled
unfrozen,deployment,threshold,Pooled,FP,3,298,298,0,298,298,0.01,pooled
unfrozen,deployment,threshold,Pooled,TP,3,23323.333333333332,23424,334.55841542746066,22950,23596,0.01,pooled
unfrozen,deployment,threshold,Pooled,TPR,3,0.92092590747567338,0.91979675201753508,0.0030503038765115702,0.91860117565009469,0.92437979475939025,0.050000000000000003,per_format
unfrozen,deployment,threshold,Pooled,FPR,3,0.049906877669599746,0.049918030044497977,1.9316479948799717e-05,0.04988457291980327,0.049918030044497977,0.050000000000000003,per_format
unfrozen,deployment,threshold,Pooled,FP,3,1491.6666666666667,1492,0.57735026918962584,1491,1492,0.050000000000000003,per_format
unfrozen,deployment,threshold,Pooled,TP,3,27730,27696,91.847700025640279,27660,27834,0.050000000000000003,per_format
unfrozen,deployment,threshold,Pooled,TPR,3,0.91989638338148849,0.91810301883032774,0.0042153735869129121,0.91687423200823615,0.92471189930590147,0.050000000000000003,pooled
unfrozen,deployment,threshold,Pooled,FPR,3,0.049984944293887383,0.049984944293887383,0,0.049984944293887383,0.049984944293887383,0.050000000000000003,pooled
unfrozen,deployment,threshold,Pooled,FP,3,1494,1494,0,1494,1494,0.050000000000000003,pooled
unfrozen,deployment,threshold,Pooled,TP,3,27699,27645,126.9291140755343,27608,27844,0.050000000000000003,pooled
unfrozen,deployment,threshold,Win32,TPR,3,0.43230978170856932,0.45702076915432771,0.062787689556095969,0.36092616515949516,0.47898241081188514,0.001,per_format
unfrozen,deployment,threshold,Win32,FPR,3,0.00090570594746905507,0.00090570594746905507,0,0.00090570594746905507,0.00090570594746905507,0.001,per_format
unfrozen,deployment,threshold,Win32,FP,3,9,9,0,9,9,0.001,per_format
unfrozen,deployment,threshold,Win32,TP,3,4350.333333333333,4599,631.83252000299365,3632,4820,0.001,per_format
unfrozen,deployment,threshold,Win32,TPR,3,0.47315247275497696,0.47898241081188514,0.011323979605558249,0.46010136142303487,0.48037364603001093,0.001,pooled
unfrozen,deployment,threshold,Win32,FPR,3,0.0012746972594008922,0.0011069739357955116,0.00038099415288318225,0.0010063399416322834,0.0017107779007748817,0.001,pooled
unfrozen,deployment,threshold,Win32,FP,3,12.666666666666666,11,3.7859388972001824,10,17,0.001,pooled
unfrozen,deployment,threshold,Win32,TP,3,4761.333333333333,4820,113.95320677073258,4630,4834,0.001,pooled
unfrozen,deployment,threshold,Win32,TPR,3,0.64417503064029946,0.63887508695220119,0.011947349273687161,0.63579449468349403,0.65785551028520317,0.0050000000000000001,per_format
unfrozen,deployment,threshold,Win32,FPR,3,0.0049310657139981888,0.0049310657139981888,0,0.0049310657139981888,0.0049310657139981888,0.0050000000000000001,per_format
unfrozen,deployment,threshold,Win32,FP,3,49,49,0,49,49,0.0050000000000000001,per_format
unfrozen,deployment,threshold,Win32,TP,3,6482.333333333333,6429,120.22617574111443,6398,6620,0.0050000000000000001,per_format
unfrozen,deployment,threshold,Win32,TPR,3,0.66461293848752856,0.67405346318195369,0.01944151599574066,0.64225380105336383,0.67753155122726816,0.0050000000000000001,pooled
unfrozen,deployment,threshold,Win32,FPR,3,0.0061386736439569276,0.0062393076381201569,0.00085981722303688553,0.0052329676964878733,0.0069437455972627552,0.0050000000000000001,pooled
unfrozen,deployment,threshold,Win32,FP,3,61,62,8.5440037453175304,52,69,0.0050000000000000001,pooled
unfrozen,deployment,threshold,Win32,TP,3,6688,6783,195.63997546513852,6463,6818,0.0050000000000000001,pooled
unfrozen,deployment,threshold,Win32,TPR,3,0.72632415780582338,0.72632415780582327,0.005366192984199547,0.72095796482162378,0.73169035079002287,0.01,per_format
unfrozen,deployment,threshold,Win32,FPR,3,0.009962765422159606,0.009962765422159606,0,0.009962765422159606,0.009962765422159606,0.01,per_format
unfrozen,deployment,threshold,Win32,FP,3,99,99,0,99,99,0.01,per_format
unfrozen,deployment,threshold,Win32,TP,3,7309,7309,54,7255,7363,0.01,per_format
unfrozen,deployment,threshold,Win32,TPR,3,0.7425883599986749,0.74460896352976247,0.0078977802900559932,0.73387657756136337,0.74927953890489918,0.01,pooled
unfrozen,deployment,threshold,Win32,FPR,3,0.011606453993492334,0.011472275334608031,0.00081341489067673944,0.01086847136962866,0.012478615276240314,0.01,pooled
unfrozen,deployment,threshold,Win32,FP,3,115.33333333333333,114,8.0829037686547611,108,124,0.01,pooled
unfrozen,deployment,threshold,Win32,TP,3,7472.666666666667,7493,79.475363058833111,7385,7540,0.01,pooled
unfrozen,deployment,threshold,Win32,TPR,3,0.86988638245718641,0.87121136837921098,0.0046167014027514433,0.86475206200934118,0.87369571698300708,0.050000000000000003,per_format
unfrozen,deployment,threshold,Win32,FPR,3,0.049880916440240175,0.049914461104961255,5.8101063619766171e-05,0.049813827110798028,0.049914461104961255,0.050000000000000003,per_format
unfrozen,deployment,threshold,Win32,FP,3,495.66666666666669,496,0.57735026918962584,495,496,0.050000000000000003,per_format
unfrozen,deployment,threshold,Win32,TP,3,8753.6666666666661,8767,46.45786621588784,8702,8792,0.050000000000000003,per_format
unfrozen,deployment,threshold,Win32,TPR,3,0.88177813110735703,0.88293749378912845,0.0078652033736979366,0.87339759515055149,0.88899930438239094,0.050000000000000003,pooled
unfrozen,deployment,threshold,Win32,FPR,3,0.06058166448626346,0.059474690550467946,0.0023665041795924054,0.058971520579651805,0.06329878232867063,0.050000000000000003,pooled
unfrozen,deployment,threshold,Win32,FP,3,602,591,23.515952032609693,586,629,0.050000000000000003,pooled
unfrozen,deployment,threshold,Win32,TP,3,8873.3333333333339,8885,79.147541549522131,8789,8946,0.050000000000000003,pooled
unfrozen,deployment,threshold,Win64,TPR,3,0.55923824690620749,0.56683587140439928,0.025017321281915805,0.53130287648054142,0.57957599283368166,0.001,per_format
unfrozen,deployment,threshold,Win64,FPR,3,0.00090424997488194501,0.00090424997488194512,1.3278710503032405e-19,0.00090424997488194512,0.00090424997488194512,0.001,per_format
unfrozen,deployment,threshold,Win64,FP,3,9,9,0,9,9,0.001,per_format
unfrozen,deployment,threshold,Win64,TP,3,5618.666666666667,5695,251.34902691940809,5338,5823,0.001,per_format
unfrozen,deployment,threshold,Win64,TPR,3,0.59248200126074113,0.57887926744301776,0.044486476353582494,0.55638499054444113,0.64218174579476461,0.001,pooled
unfrozen,deployment,threshold,Win64,FPR,3,0.0010717036739341572,0.0011051944137445997,0.00035284683856970221,0.00070330553601929068,0.0014066110720385814,0.001,pooled
unfrozen,deployment,threshold,Win64,FP,3,10.666666666666666,11,3.5118845842842461,7,14,0.001,pooled
unfrozen,deployment,threshold,Win64,TP,3,5952.666666666667,5816,446.95562792444321,5590,6452,0.001,pooled
unfrozen,deployment,threshold,Win64,TPR,3,0.77691516538933669,0.77684881059022592,0.0024889684261983234,0.77446003782223549,0.77943664775554888,0.0050000000000000001,per_format
unfrozen,deployment,threshold,Win64,FPR,3,0.0049231387521350345,0.0049231387521350345,0,0.0049231387521350345,0.0049231387521350345,0.0050000000000000001,per_format
unfrozen,deployment,threshold,Win64,FP,3,49,49,0,49,49,0.0050000000000000001,per_format
unfrozen,deployment,threshold,Win64,TP,3,7805.666666666667,7805,25.006665778014735,7781,7831,0.0050000000000000001,per_format
unfrozen,deployment,threshold,Win64,TPR,3,0.77820908397199828,0.78411466109286354,0.010837741750076407,0.76570120433960387,0.78481138648352744,0.0050000000000000001,pooled
unfrozen,deployment,threshold,Win64,FPR,3,0.0049231387521350345,0.0052245554104290159,0.00061114865169277792,0.0042198332161157443,0.005325027629860344,0.0050000000000000001,pooled
unfrozen,deployment,threshold,Win64,FP,3,49,52,6.0827625302982193,42,53,0.0050000000000000001,pooled
unfrozen,deployment,threshold,Win64,TP,3,7818.666666666667,7878,108.88679136301764,7693,7885,0.0050000000000000001,pooled
unfrozen,deployment,threshold,Win64,TPR,3,0.83122656846156395,0.83069573006867725,0.0054935402271968532,0.82601771673136259,0.83696625858465212,0.01,per_format
unfrozen,deployment,threshold,Win64,FPR,3,0.0099467497237013969,0.0099467497237013969,0,0.0099467497237013969,0.0099467497237013969,0.01,per_format
unfrozen,deployment,threshold,Win64,FP,3,99,99,0,99,99,0.01,per_format
unfrozen,deployment,threshold,Win64,TP,3,8351.3333333333339,8346,55.193598662646856,8299,8409,0.01,per_format
unfrozen,deployment,threshold,Win64,TPR,3,0.83142563285889659,0.83049666567134472,0.0062232170599215006,0.82571912013536375,0.83806111276998108,0.01,pooled
unfrozen,deployment,threshold,Win64,FPR,3,0.0099132589838909543,0.0099467497237013969,0.001557589464380386,0.0083391942128001606,0.011453833015171305,0.01,pooled
unfrozen,deployment,threshold,Win64,FP,3,98.666666666666671,99,15.50268793897798,83,114,0.01,pooled
unfrozen,deployment,threshold,Win64,TP,3,8353.3333333333339,8344,62.524661801031222,8296,8420,0.01,pooled
unfrozen,deployment,threshold,Win64,TPR,3,0.94124282538734627,0.94147506718423413,0.0012603045627698401,0.9398825520055738,0.94237085697223055,0.050000000000000003,per_format
unfrozen,deployment,threshold,Win64,FPR,3,0.049934693057369639,0.049934693057369639,0,0.049934693057369639,0.049934693057369639,0.050000000000000003,per_format
unfrozen,deployment,threshold,Win64,FP,3,497,497,0,497,497,0.050000000000000003,per_format
unfrozen,deployment,threshold,Win64,TP,3,9456.6666666666661,9459,12.662279942148386,9443,9468,0.050000000000000003,per_format
unfrozen,deployment,threshold,Win64,TPR,3,0.92777280116784455,0.92833681696028669,0.00097690400878113837,0.92664476958296005,0.92833681696028669,0.050000000000000003,pooled
unfrozen,deployment,threshold,Win64,FPR,3,0.040557285910445766,0.039786998894805588,0.0039252804414408654,0.037074248970159748,0.044810609866371948,0.050000000000000003,pooled
unfrozen,deployment,threshold,Win64,FP,3,403.66666666666669,396,39.068316233660923,369,446,0.050000000000000003,pooled
unfrozen,deployment,threshold,Win64,TP,3,9321.3333333333339,9327,9.8149545762236379,9310,9327,0.050000000000000003,pooled
